solid ascii
  facet normal 1.000000e+000 -0.000000e+000 0.000000e+000
    outer loop
      vertex   -8.609883e+001 1.855146e+002 1.590000e+001
      vertex   -8.609883e+001 1.855146e+002 1.154992e+001
      vertex   -8.609883e+001 1.866146e+002 1.590000e+001
    endloop
  endfacet
  facet normal 4.364879e-001 0.000000e+000 0.000000e+000
    outer loop
      vertex   -8.609883e+001 1.866146e+002 1.590000e+001
      vertex   -8.609883e+001 1.855146e+002 1.154992e+001
      vertex   -8.609883e+001 1.875146e+002 1.154992e+001
    endloop
  endfacet
  facet normal 5.223175e-001 -0.000000e+000 0.000000e+000
    outer loop
      vertex   -8.609883e+001 1.866146e+002 1.590000e+001
      vertex   -8.609883e+001 1.875146e+002 1.154992e+001
      vertex   -8.609883e+001 1.875146e+002 1.840000e+001
    endloop
  endfacet
  facet normal 9.048178e-001 0.000000e+000 0.000000e+000
    outer loop
      vertex   -8.609883e+001 1.875146e+002 1.840000e+001
      vertex   -8.609883e+001 1.870146e+002 1.890000e+001
      vertex   -8.609883e+001 1.866146e+002 1.590000e+001
    endloop
  endfacet
  facet normal 1.321617e-001 0.000000e+000 0.000000e+000
    outer loop
      vertex   -8.609883e+001 1.866146e+002 1.590000e+001
      vertex   -8.609883e+001 1.870146e+002 1.890000e+001
      vertex   -8.609883e+001 1.866146e+002 1.890000e+001
    endloop
  endfacet
  facet normal 0.000000e+000 0.000000e+000 1.000000e+000
    outer loop
      vertex   -8.609883e+001 1.855146e+002 1.154992e+001
      vertex   -7.152618e+001 1.855146e+002 1.154992e+001
      vertex   -8.609883e+001 1.875146e+002 1.154992e+001
    endloop
  endfacet
  facet normal -0.000000e+000 0.000000e+000 1.359688e-001
    outer loop
      vertex   -8.609883e+001 1.875146e+002 1.154992e+001
      vertex   -7.152618e+001 1.855146e+002 1.154992e+001
      vertex   -7.152618e+001 1.875146e+002 1.154992e+001
    endloop
  endfacet
  facet normal -1.000000e+000 0.000000e+000 0.000000e+000
    outer loop
      vertex   -7.152618e+001 1.855146e+002 1.590000e+001
      vertex   -7.152618e+001 1.866146e+002 1.590000e+001
      vertex   -7.152618e+001 1.855146e+002 1.154992e+001
    endloop
  endfacet
  facet normal -9.694842e-001 0.000000e+000 0.000000e+000
    outer loop
      vertex   -7.152618e+001 1.855146e+002 1.154992e+001
      vertex   -7.152618e+001 1.866146e+002 1.590000e+001
      vertex   -7.152618e+001 1.875146e+002 1.154992e+001
    endloop
  endfacet
  facet normal -2.026007e-001 0.000000e+000 0.000000e+000
    outer loop
      vertex   -7.152618e+001 1.875146e+002 1.154992e+001
      vertex   -7.152618e+001 1.866146e+002 1.590000e+001
      vertex   -7.152618e+001 1.875146e+002 1.840000e+001
    endloop
  endfacet
  facet normal -9.048178e-001 -0.000000e+000 0.000000e+000
    outer loop
      vertex   -7.152618e+001 1.875146e+002 1.840000e+001
      vertex   -7.152618e+001 1.866146e+002 1.590000e+001
      vertex   -7.152618e+001 1.870146e+002 1.890000e+001
    endloop
  endfacet
  facet normal -9.912282e-001 -0.000000e+000 0.000000e+000
    outer loop
      vertex   -7.152618e+001 1.870146e+002 1.890000e+001
      vertex   -7.152618e+001 1.866146e+002 1.590000e+001
      vertex   -7.152618e+001 1.866146e+002 1.890000e+001
    endloop
  endfacet
  facet normal 0.000000e+000 1.000000e+000 0.000000e+000
    outer loop
      vertex   -8.609883e+001 1.875146e+002 1.840000e+001
      vertex   -8.609883e+001 1.875146e+002 1.154992e+001
      vertex   -1.123002e+002 1.875146e+002 1.840000e+001
    endloop
  endfacet
  facet normal 0.000000e+000 7.267542e-001 0.000000e+000
    outer loop
      vertex   -1.123002e+002 1.875146e+002 1.840000e+001
      vertex   -8.609883e+001 1.875146e+002 1.154992e+001
      vertex   -1.060502e+002 1.875146e+002 7.000000e+000
    endloop
  endfacet
  facet normal 0.000000e+000 3.018489e-001 0.000000e+000
    outer loop
      vertex   -1.123002e+002 1.875146e+002 1.840000e+001
      vertex   -1.060502e+002 1.875146e+002 7.000000e+000
      vertex   -1.100502e+002 1.875146e+002 7.000000e+000
    endloop
  endfacet
  facet normal 0.000000e+000 5.236772e-001 0.000000e+000
    outer loop
      vertex   -7.152618e+001 1.875146e+002 1.154992e+001
      vertex   -5.355019e+001 1.875146e+002 5.000000e-001
      vertex   -8.609883e+001 1.875146e+002 1.154992e+001
    endloop
  endfacet
  facet normal 0.000000e+000 7.472396e-001 0.000000e+000
    outer loop
      vertex   -8.609883e+001 1.875146e+002 1.154992e+001
      vertex   -5.355019e+001 1.875146e+002 5.000000e-001
      vertex   -1.055502e+002 1.875146e+002 5.000000e-001
    endloop
  endfacet
  facet normal 0.000000e+000 1.995953e-001 0.000000e+000
    outer loop
      vertex   -8.609883e+001 1.875146e+002 1.154992e+001
      vertex   -1.055502e+002 1.875146e+002 5.000000e-001
      vertex   -1.055502e+002 1.875146e+002 5.197224e+000
    endloop
  endfacet
  facet normal -0.000000e+000 1.000000e+000 0.000000e+000
    outer loop
      vertex   -7.152618e+001 1.875146e+002 1.840000e+001
      vertex   -4.680019e+001 1.875146e+002 1.840000e+001
      vertex   -7.152618e+001 1.875146e+002 1.154992e+001
    endloop
  endfacet
  facet normal -0.000000e+000 4.896762e-001 0.000000e+000
    outer loop
      vertex   -7.152618e+001 1.875146e+002 1.154992e+001
      vertex   -4.680019e+001 1.875146e+002 1.840000e+001
      vertex   -5.305019e+001 1.875146e+002 7.000000e+000
    endloop
  endfacet
  facet normal 0.000000e+000 1.107731e-002 0.000000e+000
    outer loop
      vertex   -7.152618e+001 1.875146e+002 1.154992e+001
      vertex   -5.305019e+001 1.875146e+002 7.000000e+000
      vertex   -5.305794e+001 1.875146e+002 6.784315e+000
    endloop
  endfacet
  facet normal 0.000000e+000 3.491184e-001 -0.000000e+000
    outer loop
      vertex   -4.680019e+001 1.875146e+002 5.000000e-001
      vertex   -4.855019e+001 1.875146e+002 5.197224e+000
      vertex   -4.680019e+001 1.875146e+002 1.840000e+001
    endloop
  endfacet
  facet normal 0.000000e+000 6.304237e-002 0.000000e+000
    outer loop
      vertex   -4.680019e+001 1.875146e+002 1.840000e+001
      vertex   -4.855019e+001 1.875146e+002 5.197224e+000
      vertex   -4.905019e+001 1.875146e+002 7.000000e+000
    endloop
  endfacet
  facet normal 0.000000e+000 3.018489e-001 0.000000e+000
    outer loop
      vertex   -4.680019e+001 1.875146e+002 1.840000e+001
      vertex   -4.905019e+001 1.875146e+002 7.000000e+000
      vertex   -5.305019e+001 1.875146e+002 7.000000e+000
    endloop
  endfacet
  facet normal 0.000000e+000 9.370786e-001 0.000000e+000
    outer loop
      vertex   -4.680019e+001 1.875146e+002 5.000000e-001
      vertex   -4.855019e+001 1.875146e+002 5.000000e-001
      vertex   -4.855019e+001 1.875146e+002 5.197224e+000
    endloop
  endfacet
  facet normal 0.000000e+000 1.825947e-001 0.000000e+000
    outer loop
      vertex   -4.855019e+001 1.875146e+002 5.197224e+000
      vertex   -4.867077e+001 1.875146e+002 5.444203e+000
      vertex   -4.905019e+001 1.875146e+002 7.000000e+000
    endloop
  endfacet
  facet normal 0.000000e+000 3.213912e-002 0.000000e+000
    outer loop
      vertex   -4.905019e+001 1.875146e+002 7.000000e+000
      vertex   -4.867077e+001 1.875146e+002 5.444203e+000
      vertex   -4.877319e+001 1.875146e+002 5.681371e+000
    endloop
  endfacet
  facet normal 0.000000e+000 3.290743e-002 0.000000e+000
    outer loop
      vertex   -4.905019e+001 1.875146e+002 7.000000e+000
      vertex   -4.877319e+001 1.875146e+002 5.681371e+000
      vertex   -4.885855e+001 1.875146e+002 5.910691e+000
    endloop
  endfacet
  facet normal 0.000000e+000 1.258260e-001 0.000000e+000
    outer loop
      vertex   -4.885855e+001 1.875146e+002 5.910691e+000
      vertex   -4.892770e+001 1.875146e+002 6.133975e+000
      vertex   -4.905019e+001 1.875146e+002 7.000000e+000
    endloop
  endfacet
  facet normal 0.000000e+000 3.429466e-002 0.000000e+000
    outer loop
      vertex   -4.905019e+001 1.875146e+002 7.000000e+000
      vertex   -4.892770e+001 1.875146e+002 6.133975e+000
      vertex   -4.898120e+001 1.875146e+002 6.352921e+000
    endloop
  endfacet
  facet normal 0.000000e+000 3.489295e-002 0.000000e+000
    outer loop
      vertex   -4.905019e+001 1.875146e+002 7.000000e+000
      vertex   -4.898120e+001 1.875146e+002 6.352921e+000
      vertex   -4.901942e+001 1.875146e+002 6.569164e+000
    endloop
  endfacet
  facet normal 0.000000e+000 3.534537e-002 0.000000e+000
    outer loop
      vertex   -4.901942e+001 1.875146e+002 6.569164e+000
      vertex   -4.904245e+001 1.875146e+002 6.784315e+000
      vertex   -4.905019e+001 1.875146e+002 7.000000e+000
    endloop
  endfacet
  facet normal 0.000000e+000 9.893802e-001 0.000000e+000
    outer loop
      vertex   -5.305794e+001 1.875146e+002 6.784315e+000
      vertex   -5.308097e+001 1.875146e+002 6.569164e+000
      vertex   -7.152618e+001 1.875146e+002 1.154992e+001
    endloop
  endfacet
  facet normal 0.000000e+000 1.143581e-002 0.000000e+000
    outer loop
      vertex   -7.152618e+001 1.875146e+002 1.154992e+001
      vertex   -5.308097e+001 1.875146e+002 6.569164e+000
      vertex   -5.311919e+001 1.875146e+002 6.352921e+000
    endloop
  endfacet
  facet normal 0.000000e+000 1.177096e-002 0.000000e+000
    outer loop
      vertex   -7.152618e+001 1.875146e+002 1.154992e+001
      vertex   -5.311919e+001 1.875146e+002 6.352921e+000
      vertex   -5.317270e+001 1.875146e+002 6.133975e+000
    endloop
  endfacet
  facet normal 0.000000e+000 9.999107e-001 0.000000e+000
    outer loop
      vertex   -5.317270e+001 1.875146e+002 6.133975e+000
      vertex   -5.324184e+001 1.875146e+002 5.910691e+000
      vertex   -7.152618e+001 1.875146e+002 1.154992e+001
    endloop
  endfacet
  facet normal 0.000000e+000 1.277568e-002 0.000000e+000
    outer loop
      vertex   -7.152618e+001 1.875146e+002 1.154992e+001
      vertex   -5.324184e+001 1.875146e+002 5.910691e+000
      vertex   -5.332721e+001 1.875146e+002 5.681371e+000
    endloop
  endfacet
  facet normal 0.000000e+000 1.346432e-002 0.000000e+000
    outer loop
      vertex   -7.152618e+001 1.875146e+002 1.154992e+001
      vertex   -5.332721e+001 1.875146e+002 5.681371e+000
      vertex   -5.342962e+001 1.875146e+002 5.444203e+000
    endloop
  endfacet
  facet normal 0.000000e+000 9.917220e-001 0.000000e+000
    outer loop
      vertex   -5.342962e+001 1.875146e+002 5.444203e+000
      vertex   -5.355019e+001 1.875146e+002 5.197224e+000
      vertex   -7.152618e+001 1.875146e+002 1.154992e+001
    endloop
  endfacet
  facet normal 0.000000e+000 2.098895e-001 0.000000e+000
    outer loop
      vertex   -7.152618e+001 1.875146e+002 1.154992e+001
      vertex   -5.355019e+001 1.875146e+002 5.197224e+000
      vertex   -5.355019e+001 1.875146e+002 5.000000e-001
    endloop
  endfacet
  facet normal 0.000000e+000 9.904257e-001 -0.000000e+000
    outer loop
      vertex   -1.055502e+002 1.875146e+002 5.197224e+000
      vertex   -1.056708e+002 1.875146e+002 5.444203e+000
      vertex   -8.609883e+001 1.875146e+002 1.154992e+001
    endloop
  endfacet
  facet normal 0.000000e+000 1.251314e-002 0.000000e+000
    outer loop
      vertex   -8.609883e+001 1.875146e+002 1.154992e+001
      vertex   -1.056708e+002 1.875146e+002 5.444203e+000
      vertex   -1.057732e+002 1.875146e+002 5.681371e+000
    endloop
  endfacet
  facet normal 0.000000e+000 1.188172e-002 0.000000e+000
    outer loop
      vertex   -8.609883e+001 1.875146e+002 1.154992e+001
      vertex   -1.057732e+002 1.875146e+002 5.681371e+000
      vertex   -1.058586e+002 1.875146e+002 5.910691e+000
    endloop
  endfacet
  facet normal 0.000000e+000 9.997512e-001 -0.000000e+000
    outer loop
      vertex   -1.058586e+002 1.875146e+002 5.910691e+000
      vertex   -1.059277e+002 1.875146e+002 6.133975e+000
      vertex   -8.609883e+001 1.875146e+002 1.154992e+001
    endloop
  endfacet
  facet normal 0.000000e+000 4.240211e-002 0.000000e+000
    outer loop
      vertex   -8.609883e+001 1.875146e+002 1.154992e+001
      vertex   -1.059277e+002 1.875146e+002 6.133975e+000
      vertex   -1.060502e+002 1.875146e+002 7.000000e+000
    endloop
  endfacet
  facet normal 0.000000e+000 9.899942e-002 0.000000e+000
    outer loop
      vertex   -1.059277e+002 1.875146e+002 6.133975e+000
      vertex   -1.059812e+002 1.875146e+002 6.352921e+000
      vertex   -1.060502e+002 1.875146e+002 7.000000e+000
    endloop
  endfacet
  facet normal 0.000000e+000 3.489878e-002 0.000000e+000
    outer loop
      vertex   -1.060502e+002 1.875146e+002 7.000000e+000
      vertex   -1.059812e+002 1.875146e+002 6.352921e+000
      vertex   -1.060194e+002 1.875146e+002 6.569164e+000
    endloop
  endfacet
  facet normal 0.000000e+000 3.541892e-002 0.000000e+000
    outer loop
      vertex   -1.060502e+002 1.875146e+002 7.000000e+000
      vertex   -1.060194e+002 1.875146e+002 6.569164e+000
      vertex   -1.060424e+002 1.875146e+002 6.784315e+000
    endloop
  endfacet
  facet normal 0.000000e+000 7.070250e-002 -0.000000e+000
    outer loop
      vertex   -1.100579e+002 1.875146e+002 6.784315e+000
      vertex   -1.100810e+002 1.875146e+002 6.569164e+000
      vertex   -1.100502e+002 1.875146e+002 7.000000e+000
    endloop
  endfacet
  facet normal 0.000000e+000 3.489878e-002 0.000000e+000
    outer loop
      vertex   -1.100502e+002 1.875146e+002 7.000000e+000
      vertex   -1.100810e+002 1.875146e+002 6.569164e+000
      vertex   -1.101192e+002 1.875146e+002 6.352921e+000
    endloop
  endfacet
  facet normal 0.000000e+000 3.428884e-002 0.000000e+000
    outer loop
      vertex   -1.100502e+002 1.875146e+002 7.000000e+000
      vertex   -1.101192e+002 1.875146e+002 6.352921e+000
      vertex   -1.101727e+002 1.875146e+002 6.133975e+000
    endloop
  endfacet
  facet normal 0.000000e+000 1.591140e-001 -0.000000e+000
    outer loop
      vertex   -1.101727e+002 1.875146e+002 6.133975e+000
      vertex   -1.102418e+002 1.875146e+002 5.910691e+000
      vertex   -1.100502e+002 1.875146e+002 7.000000e+000
    endloop
  endfacet
  facet normal 0.000000e+000 3.290743e-002 0.000000e+000
    outer loop
      vertex   -1.100502e+002 1.875146e+002 7.000000e+000
      vertex   -1.102418e+002 1.875146e+002 5.910691e+000
      vertex   -1.103272e+002 1.875146e+002 5.681371e+000
    endloop
  endfacet
  facet normal 0.000000e+000 3.214143e-002 0.000000e+000
    outer loop
      vertex   -1.100502e+002 1.875146e+002 7.000000e+000
      vertex   -1.103272e+002 1.875146e+002 5.681371e+000
      vertex   -1.104296e+002 1.875146e+002 5.444203e+000
    endloop
  endfacet
  facet normal 0.000000e+000 2.133018e-001 -0.000000e+000
    outer loop
      vertex   -1.104296e+002 1.875146e+002 5.444203e+000
      vertex   -1.105502e+002 1.875146e+002 5.197224e+000
      vertex   -1.100502e+002 1.875146e+002 7.000000e+000
    endloop
  endfacet
  facet normal 0.000000e+000 4.487925e-001 0.000000e+000
    outer loop
      vertex   -1.100502e+002 1.875146e+002 7.000000e+000
      vertex   -1.105502e+002 1.875146e+002 5.197224e+000
      vertex   -1.123002e+002 1.875146e+002 1.840000e+001
    endloop
  endfacet
  facet normal 0.000000e+000 1.000000e+000 -0.000000e+000
    outer loop
      vertex   -1.105502e+002 1.875146e+002 5.000000e-001
      vertex   -1.123002e+002 1.875146e+002 5.000000e-001
      vertex   -1.105502e+002 1.875146e+002 5.197224e+000
    endloop
  endfacet
  facet normal 0.000000e+000 4.692223e-001 0.000000e+000
    outer loop
      vertex   -1.105502e+002 1.875146e+002 5.197224e+000
      vertex   -1.123002e+002 1.875146e+002 5.000000e-001
      vertex   -1.123002e+002 1.875146e+002 1.840000e+001
    endloop
  endfacet
  facet normal -0.000000e+000 0.000000e+000 1.000000e+000
    outer loop
      vertex   -7.152618e+001 1.866146e+002 1.590000e+001
      vertex   -7.152618e+001 1.855146e+002 1.590000e+001
      vertex   -4.835020e+001 1.866146e+002 1.590000e+001
    endloop
  endfacet
  facet normal 0.000000e+000 0.000000e+000 9.146237e-001
    outer loop
      vertex   -4.835020e+001 1.866146e+002 1.590000e+001
      vertex   -7.152618e+001 1.855146e+002 1.590000e+001
      vertex   -4.780019e+001 1.855146e+002 1.590000e+001
    endloop
  endfacet
  facet normal 0.000000e+000 0.000000e+000 8.679417e-001
    outer loop
      vertex   -4.835020e+001 1.866146e+002 1.590000e+001
      vertex   -4.780019e+001 1.855146e+002 1.590000e+001
      vertex   -4.816545e+001 1.866042e+002 1.590000e+001
    endloop
  endfacet
  facet normal 0.000000e+000 0.000000e+000 8.814818e-001
    outer loop
      vertex   -4.816545e+001 1.866042e+002 1.590000e+001
      vertex   -4.780019e+001 1.855146e+002 1.590000e+001
      vertex   -4.798304e+001 1.865732e+002 1.590000e+001
    endloop
  endfacet
  facet normal 0.000000e+000 0.000000e+000 8.998141e-001
    outer loop
      vertex   -4.798304e+001 1.865732e+002 1.590000e+001
      vertex   -4.780019e+001 1.855146e+002 1.590000e+001
      vertex   -4.780524e+001 1.865220e+002 1.590000e+001
    endloop
  endfacet
  facet normal 0.000000e+000 0.000000e+000 9.219387e-001
    outer loop
      vertex   -4.780524e+001 1.865220e+002 1.590000e+001
      vertex   -4.780019e+001 1.855146e+002 1.590000e+001
      vertex   -4.763429e+001 1.864512e+002 1.590000e+001
    endloop
  endfacet
  facet normal 0.000000e+000 0.000000e+000 9.461716e-001
    outer loop
      vertex   -4.763429e+001 1.864512e+002 1.590000e+001
      vertex   -4.780019e+001 1.855146e+002 1.590000e+001
      vertex   -4.747234e+001 1.863617e+002 1.590000e+001
    endloop
  endfacet
  facet normal 0.000000e+000 0.000000e+000 9.694514e-001
    outer loop
      vertex   -4.747234e+001 1.863617e+002 1.590000e+001
      vertex   -4.780019e+001 1.855146e+002 1.590000e+001
      vertex   -4.732144e+001 1.862546e+002 1.590000e+001
    endloop
  endfacet
  facet normal 0.000000e+000 0.000000e+000 9.880047e-001
    outer loop
      vertex   -4.732144e+001 1.862546e+002 1.590000e+001
      vertex   -4.780019e+001 1.855146e+002 1.590000e+001
      vertex   -4.718347e+001 1.861313e+002 1.590000e+001
    endloop
  endfacet
  facet normal 0.000000e+000 0.000000e+000 9.984260e-001
    outer loop
      vertex   -4.718347e+001 1.861313e+002 1.590000e+001
      vertex   -4.780019e+001 1.855146e+002 1.590000e+001
      vertex   -4.706017e+001 1.859934e+002 1.590000e+001
    endloop
  endfacet
  facet normal 0.000000e+000 0.000000e+000 9.990823e-001
    outer loop
      vertex   -4.706017e+001 1.859934e+002 1.590000e+001
      vertex   -4.780019e+001 1.855146e+002 1.590000e+001
      vertex   -4.695310e+001 1.858425e+002 1.590000e+001
    endloop
  endfacet
  facet normal 0.000000e+000 0.000000e+000 9.908158e-001
    outer loop
      vertex   -4.695310e+001 1.858425e+002 1.590000e+001
      vertex   -4.780019e+001 1.855146e+002 1.590000e+001
      vertex   -4.686360e+001 1.856805e+002 1.590000e+001
    endloop
  endfacet
  facet normal 0.000000e+000 0.000000e+000 9.764653e-001
    outer loop
      vertex   -4.686360e+001 1.856805e+002 1.590000e+001
      vertex   -4.780019e+001 1.855146e+002 1.590000e+001
      vertex   -4.679279e+001 1.855096e+002 1.590000e+001
    endloop
  endfacet
  facet normal 0.000000e+000 0.000000e+000 9.595254e-001
    outer loop
      vertex   -4.679279e+001 1.855096e+002 1.590000e+001
      vertex   -4.780019e+001 1.855146e+002 1.590000e+001
      vertex   -4.674157e+001 1.853318e+002 1.590000e+001
    endloop
  endfacet
  facet normal 0.000000e+000 0.000000e+000 9.429768e-001
    outer loop
      vertex   -4.674157e+001 1.853318e+002 1.590000e+001
      vertex   -4.780019e+001 1.855146e+002 1.590000e+001
      vertex   -4.671057e+001 1.851494e+002 1.590000e+001
    endloop
  endfacet
  facet normal 0.000000e+000 0.000000e+000 9.288293e-001
    outer loop
      vertex   -4.671057e+001 1.851494e+002 1.590000e+001
      vertex   -4.780019e+001 1.855146e+002 1.590000e+001
      vertex   -4.670020e+001 1.849646e+002 1.590000e+001
    endloop
  endfacet
  facet normal 0.000000e+000 0.000000e+000 8.944259e-001
    outer loop
      vertex   -4.670020e+001 1.849646e+002 1.590000e+001
      vertex   -4.780019e+001 1.855146e+002 1.590000e+001
      vertex   -4.670020e+001 1.476646e+002 1.590000e+001
    endloop
  endfacet
  facet normal 0.000000e+000 0.000000e+000 9.070446e-001
    outer loop
      vertex   -4.670020e+001 1.476646e+002 1.590000e+001
      vertex   -4.780019e+001 1.855146e+002 1.590000e+001
      vertex   -4.780019e+001 1.471146e+002 1.590000e+001
    endloop
  endfacet
  facet normal 0.000000e+000 0.000000e+000 8.679453e-001
    outer loop
      vertex   -4.670020e+001 1.476646e+002 1.590000e+001
      vertex   -4.780019e+001 1.471146e+002 1.590000e+001
      vertex   -4.671057e+001 1.474799e+002 1.590000e+001
    endloop
  endfacet
  facet normal 0.000000e+000 0.000000e+000 8.815140e-001
    outer loop
      vertex   -4.671057e+001 1.474799e+002 1.590000e+001
      vertex   -4.780019e+001 1.471146e+002 1.590000e+001
      vertex   -4.674157e+001 1.472975e+002 1.590000e+001
    endloop
  endfacet
  facet normal 0.000000e+000 0.000000e+000 8.997819e-001
    outer loop
      vertex   -4.674157e+001 1.472975e+002 1.590000e+001
      vertex   -4.780019e+001 1.471146e+002 1.590000e+001
      vertex   -4.679279e+001 1.471197e+002 1.590000e+001
    endloop
  endfacet
  facet normal 0.000000e+000 0.000000e+000 9.219533e-001
    outer loop
      vertex   -4.679279e+001 1.471197e+002 1.590000e+001
      vertex   -4.780019e+001 1.471146e+002 1.590000e+001
      vertex   -4.686360e+001 1.469487e+002 1.590000e+001
    endloop
  endfacet
  facet normal 0.000000e+000 0.000000e+000 9.461886e-001
    outer loop
      vertex   -4.686360e+001 1.469487e+002 1.590000e+001
      vertex   -4.780019e+001 1.471146e+002 1.590000e+001
      vertex   -4.695310e+001 1.467868e+002 1.590000e+001
    endloop
  endfacet
  facet normal 0.000000e+000 0.000000e+000 9.694464e-001
    outer loop
      vertex   -4.695310e+001 1.467868e+002 1.590000e+001
      vertex   -4.780019e+001 1.471146e+002 1.590000e+001
      vertex   -4.706017e+001 1.466359e+002 1.590000e+001
    endloop
  endfacet
  facet normal 0.000000e+000 0.000000e+000 9.880028e-001
    outer loop
      vertex   -4.706017e+001 1.466359e+002 1.590000e+001
      vertex   -4.780019e+001 1.471146e+002 1.590000e+001
      vertex   -4.718347e+001 1.464979e+002 1.590000e+001
    endloop
  endfacet
  facet normal 0.000000e+000 0.000000e+000 9.984255e-001
    outer loop
      vertex   -4.718347e+001 1.464979e+002 1.590000e+001
      vertex   -4.780019e+001 1.471146e+002 1.590000e+001
      vertex   -4.732144e+001 1.463746e+002 1.590000e+001
    endloop
  endfacet
  facet normal 0.000000e+000 0.000000e+000 9.990788e-001
    outer loop
      vertex   -4.732144e+001 1.463746e+002 1.590000e+001
      vertex   -4.780019e+001 1.471146e+002 1.590000e+001
      vertex   -4.747234e+001 1.462675e+002 1.590000e+001
    endloop
  endfacet
  facet normal 0.000000e+000 0.000000e+000 9.908237e-001
    outer loop
      vertex   -4.747234e+001 1.462675e+002 1.590000e+001
      vertex   -4.780019e+001 1.471146e+002 1.590000e+001
      vertex   -4.763429e+001 1.461780e+002 1.590000e+001
    endloop
  endfacet
  facet normal 0.000000e+000 0.000000e+000 9.764578e-001
    outer loop
      vertex   -4.763429e+001 1.461780e+002 1.590000e+001
      vertex   -4.780019e+001 1.471146e+002 1.590000e+001
      vertex   -4.780524e+001 1.461072e+002 1.590000e+001
    endloop
  endfacet
  facet normal 0.000000e+000 -0.000000e+000 9.595185e-001
    outer loop
      vertex   -4.780524e+001 1.461072e+002 1.590000e+001
      vertex   -4.780019e+001 1.471146e+002 1.590000e+001
      vertex   -4.798304e+001 1.460560e+002 1.590000e+001
    endloop
  endfacet
  facet normal 0.000000e+000 -0.000000e+000 9.429854e-001
    outer loop
      vertex   -4.798304e+001 1.460560e+002 1.590000e+001
      vertex   -4.780019e+001 1.471146e+002 1.590000e+001
      vertex   -4.816545e+001 1.460250e+002 1.590000e+001
    endloop
  endfacet
  facet normal 0.000000e+000 -0.000000e+000 9.288316e-001
    outer loop
      vertex   -4.816545e+001 1.460250e+002 1.590000e+001
      vertex   -4.780019e+001 1.471146e+002 1.590000e+001
      vertex   -4.835020e+001 1.460146e+002 1.590000e+001
    endloop
  endfacet
  facet normal 0.000000e+000 -0.000000e+000 9.408365e-001
    outer loop
      vertex   -4.835020e+001 1.460146e+002 1.590000e+001
      vertex   -4.780019e+001 1.471146e+002 1.590000e+001
      vertex   -5.763361e+001 1.471146e+002 1.590000e+001
    endloop
  endfacet
  facet normal 0.000000e+000 0.000000e+000 1.176684e-001
    outer loop
      vertex   -4.835020e+001 1.460146e+002 1.590000e+001
      vertex   -5.763361e+001 1.471146e+002 1.590000e+001
      vertex   -5.763361e+001 1.460146e+002 1.590000e+001
    endloop
  endfacet
  facet normal 0.000000e+000 -1.000000e+000 0.000000e+000
    outer loop
      vertex   -7.152618e+001 1.866146e+002 1.890000e+001
      vertex   -7.152618e+001 1.866146e+002 1.590000e+001
      vertex   -4.835020e+001 1.866146e+002 1.890000e+001
    endloop
  endfacet
  facet normal 0.000000e+000 -9.917259e-001 -0.000000e+000
    outer loop
      vertex   -4.835020e+001 1.866146e+002 1.890000e+001
      vertex   -7.152618e+001 1.866146e+002 1.590000e+001
      vertex   -4.835020e+001 1.866146e+002 1.590000e+001
    endloop
  endfacet
  facet normal 0.000000e+000 -1.000000e+000 0.000000e+000
    outer loop
      vertex   -8.609883e+001 1.866146e+002 1.590000e+001
      vertex   -8.609883e+001 1.866146e+002 1.890000e+001
      vertex   -1.107502e+002 1.866146e+002 1.590000e+001
    endloop
  endfacet
  facet normal 0.000000e+000 -9.926761e-001 0.000000e+000
    outer loop
      vertex   -1.107502e+002 1.866146e+002 1.590000e+001
      vertex   -8.609883e+001 1.866146e+002 1.890000e+001
      vertex   -1.107502e+002 1.866146e+002 1.890000e+001
    endloop
  endfacet
  facet normal -0.000000e+000 7.071068e-001 7.071068e-001
    outer loop
      vertex   -7.152618e+001 1.870146e+002 1.890000e+001
      vertex   -4.680019e+001 1.870146e+002 1.890000e+001
      vertex   -7.152618e+001 1.875146e+002 1.840000e+001
    endloop
  endfacet
  facet normal -0.000000e+000 2.021338e-002 2.021338e-002
    outer loop
      vertex   -7.152618e+001 1.875146e+002 1.840000e+001
      vertex   -4.680019e+001 1.870146e+002 1.890000e+001
      vertex   -4.680019e+001 1.875146e+002 1.840000e+001
    endloop
  endfacet
  facet normal 0.000000e+000 7.071068e-001 7.071068e-001
    outer loop
      vertex   -8.609883e+001 1.875146e+002 1.840000e+001
      vertex   -1.123002e+002 1.875146e+002 1.840000e+001
      vertex   -8.609883e+001 1.870146e+002 1.890000e+001
    endloop
  endfacet
  facet normal 0.000000e+000 1.907603e-002 1.907603e-002
    outer loop
      vertex   -8.609883e+001 1.870146e+002 1.890000e+001
      vertex   -1.123002e+002 1.875146e+002 1.840000e+001
      vertex   -1.123002e+002 1.870146e+002 1.890000e+001
    endloop
  endfacet
  facet normal 0.000000e+000 0.000000e+000 1.000000e+000
    outer loop
      vertex   -7.152618e+001 1.866146e+002 1.890000e+001
      vertex   -4.835020e+001 1.866146e+002 1.890000e+001
      vertex   -7.152618e+001 1.870146e+002 1.890000e+001
    endloop
  endfacet
  facet normal -0.000000e+000 0.000000e+000 1.725642e-002
    outer loop
      vertex   -7.152618e+001 1.870146e+002 1.890000e+001
      vertex   -4.835020e+001 1.866146e+002 1.890000e+001
      vertex   -4.680019e+001 1.870146e+002 1.890000e+001
    endloop
  endfacet
  facet normal 0.000000e+000 0.000000e+000 3.942829e-002
    outer loop
      vertex   -4.680019e+001 1.870146e+002 1.890000e+001
      vertex   -4.835020e+001 1.866146e+002 1.890000e+001
      vertex   -4.816545e+001 1.866042e+002 1.890000e+001
    endloop
  endfacet
  facet normal 0.000000e+000 0.000000e+000 6.511168e-002
    outer loop
      vertex   -4.680019e+001 1.870146e+002 1.890000e+001
      vertex   -4.816545e+001 1.866042e+002 1.890000e+001
      vertex   -4.798304e+001 1.865732e+002 1.890000e+001
    endloop
  endfacet
  facet normal -0.000000e+000 0.000000e+000 5.952446e-001
    outer loop
      vertex   -4.798304e+001 1.865732e+002 1.890000e+001
      vertex   -4.780524e+001 1.865220e+002 1.890000e+001
      vertex   -4.680019e+001 1.870146e+002 1.890000e+001
    endloop
  endfacet
  facet normal 0.000000e+000 0.000000e+000 1.379202e-001
    outer loop
      vertex   -4.680019e+001 1.870146e+002 1.890000e+001
      vertex   -4.780524e+001 1.865220e+002 1.890000e+001
      vertex   -4.763429e+001 1.864512e+002 1.890000e+001
    endloop
  endfacet
  facet normal 0.000000e+000 0.000000e+000 1.758906e-001
    outer loop
      vertex   -4.680019e+001 1.870146e+002 1.890000e+001
      vertex   -4.763429e+001 1.864512e+002 1.890000e+001
      vertex   -4.747234e+001 1.863617e+002 1.890000e+001
    endloop
  endfacet
  facet normal -0.000000e+000 0.000000e+000 9.833331e-001
    outer loop
      vertex   -4.747234e+001 1.863617e+002 1.890000e+001
      vertex   -4.732144e+001 1.862546e+002 1.890000e+001
      vertex   -4.680019e+001 1.870146e+002 1.890000e+001
    endloop
  endfacet
  facet normal 0.000000e+000 0.000000e+000 1.905970e-001
    outer loop
      vertex   -4.680019e+001 1.870146e+002 1.890000e+001
      vertex   -4.732144e+001 1.862546e+002 1.890000e+001
      vertex   -4.718347e+001 1.861313e+002 1.890000e+001
    endloop
  endfacet
  facet normal 0.000000e+000 0.000000e+000 1.594462e-001
    outer loop
      vertex   -4.680019e+001 1.870146e+002 1.890000e+001
      vertex   -4.718347e+001 1.861313e+002 1.890000e+001
      vertex   -4.706017e+001 1.859934e+002 1.890000e+001
    endloop
  endfacet
  facet normal -0.000000e+000 0.000000e+000 7.619725e-001
    outer loop
      vertex   -4.706017e+001 1.859934e+002 1.890000e+001
      vertex   -4.695310e+001 1.858425e+002 1.890000e+001
      vertex   -4.680019e+001 1.870146e+002 1.890000e+001
    endloop
  endfacet
  facet normal 0.000000e+000 0.000000e+000 9.976010e-001
    outer loop
      vertex   -4.680019e+001 1.870146e+002 1.890000e+001
      vertex   -4.695310e+001 1.858425e+002 1.890000e+001
      vertex   -4.661939e+001 1.870037e+002 1.890000e+001
    endloop
  endfacet
  facet normal 0.000000e+000 0.000000e+000 9.951370e-001
    outer loop
      vertex   -4.661939e+001 1.870037e+002 1.890000e+001
      vertex   -4.695310e+001 1.858425e+002 1.890000e+001
      vertex   -4.644122e+001 1.869710e+002 1.890000e+001
    endloop
  endfacet
  facet normal 0.000000e+000 0.000000e+000 1.092912e-001
    outer loop
      vertex   -4.644122e+001 1.869710e+002 1.890000e+001
      vertex   -4.695310e+001 1.858425e+002 1.890000e+001
      vertex   -4.686360e+001 1.856805e+002 1.890000e+001
    endloop
  endfacet
  facet normal 0.000000e+000 0.000000e+000 9.998991e-001
    outer loop
      vertex   -4.644122e+001 1.869710e+002 1.890000e+001
      vertex   -4.686360e+001 1.856805e+002 1.890000e+001
      vertex   -4.626829e+001 1.869171e+002 1.890000e+001
    endloop
  endfacet
  facet normal 0.000000e+000 0.000000e+000 9.183670e-002
    outer loop
      vertex   -4.626829e+001 1.869171e+002 1.890000e+001
      vertex   -4.686360e+001 1.856805e+002 1.890000e+001
      vertex   -4.679279e+001 1.855096e+002 1.890000e+001
    endloop
  endfacet
  facet normal 0.000000e+000 0.000000e+000 9.978083e-001
    outer loop
      vertex   -4.626829e+001 1.869171e+002 1.890000e+001
      vertex   -4.679279e+001 1.855096e+002 1.890000e+001
      vertex   -4.610311e+001 1.868428e+002 1.890000e+001
    endloop
  endfacet
  facet normal 0.000000e+000 0.000000e+000 9.978016e-001
    outer loop
      vertex   -4.610311e+001 1.868428e+002 1.890000e+001
      vertex   -4.679279e+001 1.855096e+002 1.890000e+001
      vertex   -4.594810e+001 1.867491e+002 1.890000e+001
    endloop
  endfacet
  facet normal 0.000000e+000 0.000000e+000 8.770546e-002
    outer loop
      vertex   -4.594810e+001 1.867491e+002 1.890000e+001
      vertex   -4.679279e+001 1.855096e+002 1.890000e+001
      vertex   -4.674157e+001 1.853318e+002 1.890000e+001
    endloop
  endfacet
  facet normal 0.000000e+000 0.000000e+000 9.881333e-001
    outer loop
      vertex   -4.594810e+001 1.867491e+002 1.890000e+001
      vertex   -4.674157e+001 1.853318e+002 1.890000e+001
      vertex   -4.580551e+001 1.866374e+002 1.890000e+001
    endloop
  endfacet
  facet normal 0.000000e+000 0.000000e+000 9.866813e-001
    outer loop
      vertex   -4.580551e+001 1.866374e+002 1.890000e+001
      vertex   -4.674157e+001 1.853318e+002 1.890000e+001
      vertex   -4.567743e+001 1.865093e+002 1.890000e+001
    endloop
  endfacet
  facet normal 0.000000e+000 0.000000e+000 9.853474e-001
    outer loop
      vertex   -4.567743e+001 1.865093e+002 1.890000e+001
      vertex   -4.674157e+001 1.853318e+002 1.890000e+001
      vertex   -4.556572e+001 1.863667e+002 1.890000e+001
    endloop
  endfacet
  facet normal 0.000000e+000 0.000000e+000 9.419460e-002
    outer loop
      vertex   -4.556572e+001 1.863667e+002 1.890000e+001
      vertex   -4.674157e+001 1.853318e+002 1.890000e+001
      vertex   -4.671057e+001 1.851494e+002 1.890000e+001
    endloop
  endfacet
  facet normal 0.000000e+000 0.000000e+000 9.631407e-001
    outer loop
      vertex   -4.556572e+001 1.863667e+002 1.890000e+001
      vertex   -4.671057e+001 1.851494e+002 1.890000e+001
      vertex   -4.547201e+001 1.862117e+002 1.890000e+001
    endloop
  endfacet
  facet normal 0.000000e+000 0.000000e+000 9.593654e-001
    outer loop
      vertex   -4.547201e+001 1.862117e+002 1.890000e+001
      vertex   -4.671057e+001 1.851494e+002 1.890000e+001
      vertex   -4.539767e+001 1.860465e+002 1.890000e+001
    endloop
  endfacet
  facet normal 0.000000e+000 0.000000e+000 9.561051e-001
    outer loop
      vertex   -4.539767e+001 1.860465e+002 1.890000e+001
      vertex   -4.671057e+001 1.851494e+002 1.890000e+001
      vertex   -4.534378e+001 1.858736e+002 1.890000e+001
    endloop
  endfacet
  facet normal 0.000000e+000 0.000000e+000 9.535414e-001
    outer loop
      vertex   -4.534378e+001 1.858736e+002 1.890000e+001
      vertex   -4.671057e+001 1.851494e+002 1.890000e+001
      vertex   -4.531113e+001 1.856954e+002 1.890000e+001
    endloop
  endfacet
  facet normal 0.000000e+000 0.000000e+000 9.518394e-001
    outer loop
      vertex   -4.531113e+001 1.856954e+002 1.890000e+001
      vertex   -4.671057e+001 1.851494e+002 1.890000e+001
      vertex   -4.530019e+001 1.855146e+002 1.890000e+001
    endloop
  endfacet
  facet normal 0.000000e+000 0.000000e+000 1.206247e-001
    outer loop
      vertex   -4.530019e+001 1.855146e+002 1.890000e+001
      vertex   -4.671057e+001 1.851494e+002 1.890000e+001
      vertex   -4.670020e+001 1.849646e+002 1.890000e+001
    endloop
  endfacet
  facet normal 0.000000e+000 0.000000e+000 9.307510e-001
    outer loop
      vertex   -4.530019e+001 1.855146e+002 1.890000e+001
      vertex   -4.670020e+001 1.849646e+002 1.890000e+001
      vertex   -4.530019e+001 1.471146e+002 1.890000e+001
    endloop
  endfacet
  facet normal 0.000000e+000 0.000000e+000 9.166030e-001
    outer loop
      vertex   -4.530019e+001 1.471146e+002 1.890000e+001
      vertex   -4.670020e+001 1.849646e+002 1.890000e+001
      vertex   -4.670020e+001 1.476646e+002 1.890000e+001
    endloop
  endfacet
  facet normal 0.000000e+000 0.000000e+000 1.206254e-001
    outer loop
      vertex   -4.530019e+001 1.471146e+002 1.890000e+001
      vertex   -4.670020e+001 1.476646e+002 1.890000e+001
      vertex   -4.671057e+001 1.474799e+002 1.890000e+001
    endloop
  endfacet
  facet normal -0.000000e+000 0.000000e+000 8.507205e-001
    outer loop
      vertex   -4.674157e+001 1.472975e+002 1.890000e+001
      vertex   -4.556572e+001 1.462625e+002 1.890000e+001
      vertex   -4.671057e+001 1.474799e+002 1.890000e+001
    endloop
  endfacet
  facet normal 0.000000e+000 0.000000e+000 1.069097e-001
    outer loop
      vertex   -4.671057e+001 1.474799e+002 1.890000e+001
      vertex   -4.556572e+001 1.462625e+002 1.890000e+001
      vertex   -4.547201e+001 1.464175e+002 1.890000e+001
    endloop
  endfacet
  facet normal 0.000000e+000 0.000000e+000 1.092886e-001
    outer loop
      vertex   -4.671057e+001 1.474799e+002 1.890000e+001
      vertex   -4.547201e+001 1.464175e+002 1.890000e+001
      vertex   -4.539767e+001 1.465827e+002 1.890000e+001
    endloop
  endfacet
  facet normal -0.000000e+000 0.000000e+000 7.699028e-001
    outer loop
      vertex   -4.679279e+001 1.471197e+002 1.890000e+001
      vertex   -4.594810e+001 1.458801e+002 1.890000e+001
      vertex   -4.674157e+001 1.472975e+002 1.890000e+001
    endloop
  endfacet
  facet normal 0.000000e+000 0.000000e+000 1.114141e-001
    outer loop
      vertex   -4.674157e+001 1.472975e+002 1.890000e+001
      vertex   -4.594810e+001 1.458801e+002 1.890000e+001
      vertex   -4.580551e+001 1.459919e+002 1.890000e+001
    endloop
  endfacet
  facet normal 0.000000e+000 0.000000e+000 1.126088e-001
    outer loop
      vertex   -4.674157e+001 1.472975e+002 1.890000e+001
      vertex   -4.580551e+001 1.459919e+002 1.890000e+001
      vertex   -4.567743e+001 1.461199e+002 1.890000e+001
    endloop
  endfacet
  facet normal -0.000000e+000 0.000000e+000 7.455520e-001
    outer loop
      vertex   -4.686360e+001 1.469487e+002 1.890000e+001
      vertex   -4.626829e+001 1.457121e+002 1.890000e+001
      vertex   -4.679279e+001 1.471197e+002 1.890000e+001
    endloop
  endfacet
  facet normal 0.000000e+000 0.000000e+000 1.204080e-001
    outer loop
      vertex   -4.679279e+001 1.471197e+002 1.890000e+001
      vertex   -4.626829e+001 1.457121e+002 1.890000e+001
      vertex   -4.610311e+001 1.457864e+002 1.890000e+001
    endloop
  endfacet
  facet normal 0.000000e+000 0.000000e+000 1.204936e-001
    outer loop
      vertex   -4.679279e+001 1.471197e+002 1.890000e+001
      vertex   -4.610311e+001 1.457864e+002 1.890000e+001
      vertex   -4.594810e+001 1.458801e+002 1.890000e+001
    endloop
  endfacet
  facet normal 0.000000e+000 0.000000e+000 9.892800e-001
    outer loop
      vertex   -4.626829e+001 1.457121e+002 1.890000e+001
      vertex   -4.686360e+001 1.469487e+002 1.890000e+001
      vertex   -4.644122e+001 1.456582e+002 1.890000e+001
    endloop
  endfacet
  facet normal 0.000000e+000 0.000000e+000 1.092962e-001
    outer loop
      vertex   -4.644122e+001 1.456582e+002 1.890000e+001
      vertex   -4.686360e+001 1.469487e+002 1.890000e+001
      vertex   -4.695310e+001 1.467868e+002 1.890000e+001
    endloop
  endfacet
  facet normal 0.000000e+000 0.000000e+000 9.702448e-001
    outer loop
      vertex   -4.644122e+001 1.456582e+002 1.890000e+001
      vertex   -4.695310e+001 1.467868e+002 1.890000e+001
      vertex   -4.661939e+001 1.456255e+002 1.890000e+001
    endloop
  endfacet
  facet normal 0.000000e+000 0.000000e+000 9.760094e-001
    outer loop
      vertex   -4.661939e+001 1.456255e+002 1.890000e+001
      vertex   -4.695310e+001 1.467868e+002 1.890000e+001
      vertex   -4.680019e+001 1.456146e+002 1.890000e+001
    endloop
  endfacet
  facet normal 0.000000e+000 0.000000e+000 1.192722e-001
    outer loop
      vertex   -4.680019e+001 1.456146e+002 1.890000e+001
      vertex   -4.695310e+001 1.467868e+002 1.890000e+001
      vertex   -4.706017e+001 1.466359e+002 1.890000e+001
    endloop
  endfacet
  facet normal 0.000000e+000 0.000000e+000 1.594462e-001
    outer loop
      vertex   -4.680019e+001 1.456146e+002 1.890000e+001
      vertex   -4.706017e+001 1.466359e+002 1.890000e+001
      vertex   -4.718347e+001 1.464979e+002 1.890000e+001
    endloop
  endfacet
  facet normal 0.000000e+000 0.000000e+000 9.492778e-001
    outer loop
      vertex   -4.718347e+001 1.464979e+002 1.890000e+001
      vertex   -4.732144e+001 1.463746e+002 1.890000e+001
      vertex   -4.680019e+001 1.456146e+002 1.890000e+001
    endloop
  endfacet
  facet normal 0.000000e+000 0.000000e+000 1.974469e-001
    outer loop
      vertex   -4.680019e+001 1.456146e+002 1.890000e+001
      vertex   -4.732144e+001 1.463746e+002 1.890000e+001
      vertex   -4.747234e+001 1.462675e+002 1.890000e+001
    endloop
  endfacet
  facet normal 0.000000e+000 0.000000e+000 1.758791e-001
    outer loop
      vertex   -4.680019e+001 1.456146e+002 1.890000e+001
      vertex   -4.747234e+001 1.462675e+002 1.890000e+001
      vertex   -4.763429e+001 1.461780e+002 1.890000e+001
    endloop
  endfacet
  facet normal 0.000000e+000 0.000000e+000 8.342670e-001
    outer loop
      vertex   -4.763429e+001 1.461780e+002 1.890000e+001
      vertex   -4.780524e+001 1.461072e+002 1.890000e+001
      vertex   -4.680019e+001 1.456146e+002 1.890000e+001
    endloop
  endfacet
  facet normal 0.000000e+000 0.000000e+000 9.841181e-002
    outer loop
      vertex   -4.680019e+001 1.456146e+002 1.890000e+001
      vertex   -4.780524e+001 1.461072e+002 1.890000e+001
      vertex   -4.798304e+001 1.460560e+002 1.890000e+001
    endloop
  endfacet
  facet normal 0.000000e+000 0.000000e+000 6.510038e-002
    outer loop
      vertex   -4.680019e+001 1.456146e+002 1.890000e+001
      vertex   -4.798304e+001 1.460560e+002 1.890000e+001
      vertex   -4.816545e+001 1.460250e+002 1.890000e+001
    endloop
  endfacet
  facet normal 0.000000e+000 0.000000e+000 3.411071e-001
    outer loop
      vertex   -4.816545e+001 1.460250e+002 1.890000e+001
      vertex   -4.835020e+001 1.460146e+002 1.890000e+001
      vertex   -4.680019e+001 1.456146e+002 1.890000e+001
    endloop
  endfacet
  facet normal 0.000000e+000 0.000000e+000 2.498740e-001
    outer loop
      vertex   -4.680019e+001 1.456146e+002 1.890000e+001
      vertex   -4.835020e+001 1.460146e+002 1.890000e+001
      vertex   -5.763361e+001 1.456146e+002 1.890000e+001
    endloop
  endfacet
  facet normal 0.000000e+000 0.000000e+000 9.990730e-001
    outer loop
      vertex   -5.763361e+001 1.456146e+002 1.890000e+001
      vertex   -4.835020e+001 1.460146e+002 1.890000e+001
      vertex   -5.763361e+001 1.460146e+002 1.890000e+001
    endloop
  endfacet
  facet normal 0.000000e+000 -0.000000e+000 9.853486e-001
    outer loop
      vertex   -4.567743e+001 1.461199e+002 1.890000e+001
      vertex   -4.556572e+001 1.462625e+002 1.890000e+001
      vertex   -4.674157e+001 1.472975e+002 1.890000e+001
    endloop
  endfacet
  facet normal 0.000000e+000 -0.000000e+000 9.561074e-001
    outer loop
      vertex   -4.539767e+001 1.465827e+002 1.890000e+001
      vertex   -4.534378e+001 1.467556e+002 1.890000e+001
      vertex   -4.671057e+001 1.474799e+002 1.890000e+001
    endloop
  endfacet
  facet normal 0.000000e+000 0.000000e+000 1.149747e-001
    outer loop
      vertex   -4.671057e+001 1.474799e+002 1.890000e+001
      vertex   -4.534378e+001 1.467556e+002 1.890000e+001
      vertex   -4.531113e+001 1.469338e+002 1.890000e+001
    endloop
  endfacet
  facet normal 0.000000e+000 0.000000e+000 1.183486e-001
    outer loop
      vertex   -4.671057e+001 1.474799e+002 1.890000e+001
      vertex   -4.531113e+001 1.469338e+002 1.890000e+001
      vertex   -4.530019e+001 1.471146e+002 1.890000e+001
    endloop
  endfacet
  facet normal 0.000000e+000 -0.000000e+000 1.000000e+000
    outer loop
      vertex   -8.609883e+001 1.866146e+002 1.890000e+001
      vertex   -8.609883e+001 1.870146e+002 1.890000e+001
      vertex   -1.107502e+002 1.866146e+002 1.890000e+001
    endloop
  endfacet
  facet normal 0.000000e+000 -0.000000e+000 2.655515e-001
    outer loop
      vertex   -1.107502e+002 1.866146e+002 1.890000e+001
      vertex   -8.609883e+001 1.870146e+002 1.890000e+001
      vertex   -1.123002e+002 1.870146e+002 1.890000e+001
    endloop
  endfacet
  facet normal 0.000000e+000 0.000000e+000 3.037805e-001
    outer loop
      vertex   -1.107502e+002 1.866146e+002 1.890000e+001
      vertex   -1.123002e+002 1.870146e+002 1.890000e+001
      vertex   -1.109349e+002 1.866042e+002 1.890000e+001
    endloop
  endfacet
  facet normal 0.000000e+000 0.000000e+000 4.442627e-001
    outer loop
      vertex   -1.109349e+002 1.866042e+002 1.890000e+001
      vertex   -1.123002e+002 1.870146e+002 1.890000e+001
      vertex   -1.111174e+002 1.865732e+002 1.890000e+001
    endloop
  endfacet
  facet normal 0.000000e+000 0.000000e+000 5.952409e-001
    outer loop
      vertex   -1.111174e+002 1.865732e+002 1.890000e+001
      vertex   -1.123002e+002 1.870146e+002 1.890000e+001
      vertex   -1.112952e+002 1.865220e+002 1.890000e+001
    endloop
  endfacet
  facet normal 0.000000e+000 0.000000e+000 7.502576e-001
    outer loop
      vertex   -1.112952e+002 1.865220e+002 1.890000e+001
      vertex   -1.123002e+002 1.870146e+002 1.890000e+001
      vertex   -1.114661e+002 1.864512e+002 1.890000e+001
    endloop
  endfacet
  facet normal 0.000000e+000 0.000000e+000 8.907432e-001
    outer loop
      vertex   -1.114661e+002 1.864512e+002 1.890000e+001
      vertex   -1.123002e+002 1.870146e+002 1.890000e+001
      vertex   -1.116281e+002 1.863617e+002 1.890000e+001
    endloop
  endfacet
  facet normal 0.000000e+000 0.000000e+000 9.833363e-001
    outer loop
      vertex   -1.116281e+002 1.863617e+002 1.890000e+001
      vertex   -1.123002e+002 1.870146e+002 1.890000e+001
      vertex   -1.117790e+002 1.862546e+002 1.890000e+001
    endloop
  endfacet
  facet normal 0.000000e+000 0.000000e+000 9.918066e-001
    outer loop
      vertex   -1.117790e+002 1.862546e+002 1.890000e+001
      vertex   -1.123002e+002 1.870146e+002 1.890000e+001
      vertex   -1.119169e+002 1.861313e+002 1.890000e+001
    endloop
  endfacet
  facet normal 0.000000e+000 0.000000e+000 9.080795e-001
    outer loop
      vertex   -1.119169e+002 1.861313e+002 1.890000e+001
      vertex   -1.123002e+002 1.870146e+002 1.890000e+001
      vertex   -1.120402e+002 1.859934e+002 1.890000e+001
    endloop
  endfacet
  facet normal 0.000000e+000 0.000000e+000 1.614118e-001
    outer loop
      vertex   -1.120402e+002 1.859934e+002 1.890000e+001
      vertex   -1.123002e+002 1.870146e+002 1.890000e+001
      vertex   -1.124810e+002 1.870037e+002 1.890000e+001
    endloop
  endfacet
  facet normal 0.000000e+000 0.000000e+000 8.565301e-001
    outer loop
      vertex   -1.120402e+002 1.859934e+002 1.890000e+001
      vertex   -1.124810e+002 1.870037e+002 1.890000e+001
      vertex   -1.121473e+002 1.858425e+002 1.890000e+001
    endloop
  endfacet
  facet normal 0.000000e+000 0.000000e+000 1.454558e-001
    outer loop
      vertex   -1.121473e+002 1.858425e+002 1.890000e+001
      vertex   -1.124810e+002 1.870037e+002 1.890000e+001
      vertex   -1.126592e+002 1.869710e+002 1.890000e+001
    endloop
  endfacet
  facet normal 0.000000e+000 0.000000e+000 8.020415e-001
    outer loop
      vertex   -1.121473e+002 1.858425e+002 1.890000e+001
      vertex   -1.126592e+002 1.869710e+002 1.890000e+001
      vertex   -1.122368e+002 1.856805e+002 1.890000e+001
    endloop
  endfacet
  facet normal 0.000000e+000 0.000000e+000 1.319636e-001
    outer loop
      vertex   -1.122368e+002 1.856805e+002 1.890000e+001
      vertex   -1.126592e+002 1.869710e+002 1.890000e+001
      vertex   -1.128321e+002 1.869171e+002 1.890000e+001
    endloop
  endfacet
  facet normal 0.000000e+000 0.000000e+000 1.303713e-001
    outer loop
      vertex   -1.122368e+002 1.856805e+002 1.890000e+001
      vertex   -1.128321e+002 1.869171e+002 1.890000e+001
      vertex   -1.129973e+002 1.868428e+002 1.890000e+001
    endloop
  endfacet
  facet normal 0.000000e+000 0.000000e+000 8.260731e-001
    outer loop
      vertex   -1.122368e+002 1.856805e+002 1.890000e+001
      vertex   -1.129973e+002 1.868428e+002 1.890000e+001
      vertex   -1.123076e+002 1.855096e+002 1.890000e+001
    endloop
  endfacet
  facet normal 0.000000e+000 0.000000e+000 1.204892e-001
    outer loop
      vertex   -1.123076e+002 1.855096e+002 1.890000e+001
      vertex   -1.129973e+002 1.868428e+002 1.890000e+001
      vertex   -1.131523e+002 1.867491e+002 1.890000e+001
    endloop
  endfacet
  facet normal 0.000000e+000 0.000000e+000 1.205798e-001
    outer loop
      vertex   -1.123076e+002 1.855096e+002 1.890000e+001
      vertex   -1.131523e+002 1.867491e+002 1.890000e+001
      vertex   -1.132949e+002 1.866374e+002 1.890000e+001
    endloop
  endfacet
  facet normal 0.000000e+000 0.000000e+000 8.412212e-001
    outer loop
      vertex   -1.123076e+002 1.855096e+002 1.890000e+001
      vertex   -1.132949e+002 1.866374e+002 1.890000e+001
      vertex   -1.123588e+002 1.853318e+002 1.890000e+001
    endloop
  endfacet
  facet normal 0.000000e+000 0.000000e+000 1.126080e-001
    outer loop
      vertex   -1.123588e+002 1.853318e+002 1.890000e+001
      vertex   -1.132949e+002 1.866374e+002 1.890000e+001
      vertex   -1.134230e+002 1.865093e+002 1.890000e+001
    endloop
  endfacet
  facet normal 0.000000e+000 0.000000e+000 1.139445e-001
    outer loop
      vertex   -1.123588e+002 1.853318e+002 1.890000e+001
      vertex   -1.134230e+002 1.865093e+002 1.890000e+001
      vertex   -1.135347e+002 1.863667e+002 1.890000e+001
    endloop
  endfacet
  facet normal 0.000000e+000 0.000000e+000 9.841995e-001
    outer loop
      vertex   -1.135347e+002 1.863667e+002 1.890000e+001
      vertex   -1.136284e+002 1.862117e+002 1.890000e+001
      vertex   -1.123588e+002 1.853318e+002 1.890000e+001
    endloop
  endfacet
  facet normal 0.000000e+000 0.000000e+000 1.170090e-001
    outer loop
      vertex   -1.123588e+002 1.853318e+002 1.890000e+001
      vertex   -1.136284e+002 1.862117e+002 1.890000e+001
      vertex   -1.137027e+002 1.860465e+002 1.890000e+001
    endloop
  endfacet
  facet normal 0.000000e+000 0.000000e+000 1.187233e-001
    outer loop
      vertex   -1.123588e+002 1.853318e+002 1.890000e+001
      vertex   -1.137027e+002 1.860465e+002 1.890000e+001
      vertex   -1.137566e+002 1.858736e+002 1.890000e+001
    endloop
  endfacet
  facet normal 0.000000e+000 0.000000e+000 9.822782e-001
    outer loop
      vertex   -1.137566e+002 1.858736e+002 1.890000e+001
      vertex   -1.137893e+002 1.856954e+002 1.890000e+001
      vertex   -1.123588e+002 1.853318e+002 1.890000e+001
    endloop
  endfacet
  facet normal 0.000000e+000 0.000000e+000 1.224578e-001
    outer loop
      vertex   -1.123588e+002 1.853318e+002 1.890000e+001
      vertex   -1.137893e+002 1.856954e+002 1.890000e+001
      vertex   -1.138002e+002 1.855146e+002 1.890000e+001
    endloop
  endfacet
  facet normal 0.000000e+000 0.000000e+000 9.991123e-001
    outer loop
      vertex   -1.123588e+002 1.853318e+002 1.890000e+001
      vertex   -1.138002e+002 1.855146e+002 1.890000e+001
      vertex   -1.123898e+002 1.851494e+002 1.890000e+001
    endloop
  endfacet
  facet normal 0.000000e+000 0.000000e+000 9.805893e-001
    outer loop
      vertex   -1.123898e+002 1.851494e+002 1.890000e+001
      vertex   -1.138002e+002 1.855146e+002 1.890000e+001
      vertex   -1.124002e+002 1.849646e+002 1.890000e+001
    endloop
  endfacet
  facet normal 0.000000e+000 0.000000e+000 9.562116e-001
    outer loop
      vertex   -1.124002e+002 1.849646e+002 1.890000e+001
      vertex   -1.138002e+002 1.855146e+002 1.890000e+001
      vertex   -1.132252e+002 1.743146e+002 1.890000e+001
    endloop
  endfacet
  facet normal 0.000000e+000 0.000000e+000 7.723387e-002
    outer loop
      vertex   -1.124002e+002 1.849646e+002 1.890000e+001
      vertex   -1.132252e+002 1.743146e+002 1.890000e+001
      vertex   -1.124002e+002 1.743146e+002 1.890000e+001
    endloop
  endfacet
  facet normal 0.000000e+000 0.000000e+000 5.127150e-002
    outer loop
      vertex   -1.138002e+002 1.855146e+002 1.890000e+001
      vertex   -1.138002e+002 1.471146e+002 1.890000e+001
      vertex   -1.132252e+002 1.743146e+002 1.890000e+001
    endloop
  endfacet
  facet normal 0.000000e+000 0.000000e+000 2.113487e-002
    outer loop
      vertex   -1.132252e+002 1.743146e+002 1.890000e+001
      vertex   -1.138002e+002 1.471146e+002 1.890000e+001
      vertex   -1.132252e+002 1.583146e+002 1.890000e+001
    endloop
  endfacet
  facet normal 0.000000e+000 0.000000e+000 1.282505e-001
    outer loop
      vertex   -1.132252e+002 1.583146e+002 1.890000e+001
      vertex   -1.138002e+002 1.471146e+002 1.890000e+001
      vertex   -1.124002e+002 1.476646e+002 1.890000e+001
    endloop
  endfacet
  facet normal -0.000000e+000 0.000000e+000 9.970130e-001
    outer loop
      vertex   -1.132252e+002 1.583146e+002 1.890000e+001
      vertex   -1.124002e+002 1.476646e+002 1.890000e+001
      vertex   -1.124002e+002 1.583146e+002 1.890000e+001
    endloop
  endfacet
  facet normal 0.000000e+000 -0.000000e+000 9.822757e-001
    outer loop
      vertex   -1.137893e+002 1.469338e+002 1.890000e+001
      vertex   -1.123588e+002 1.472975e+002 1.890000e+001
      vertex   -1.138002e+002 1.471146e+002 1.890000e+001
    endloop
  endfacet
  facet normal 0.000000e+000 0.000000e+000 1.268926e-001
    outer loop
      vertex   -1.138002e+002 1.471146e+002 1.890000e+001
      vertex   -1.123588e+002 1.472975e+002 1.890000e+001
      vertex   -1.123898e+002 1.474799e+002 1.890000e+001
    endloop
  endfacet
  facet normal 0.000000e+000 0.000000e+000 1.206241e-001
    outer loop
      vertex   -1.138002e+002 1.471146e+002 1.890000e+001
      vertex   -1.123898e+002 1.474799e+002 1.890000e+001
      vertex   -1.124002e+002 1.476646e+002 1.890000e+001
    endloop
  endfacet
  facet normal -0.000000e+000 0.000000e+000 9.977107e-001
    outer loop
      vertex   -1.137893e+002 1.469338e+002 1.890000e+001
      vertex   -1.137566e+002 1.467556e+002 1.890000e+001
      vertex   -1.123588e+002 1.472975e+002 1.890000e+001
    endloop
  endfacet
  facet normal 0.000000e+000 0.000000e+000 1.187239e-001
    outer loop
      vertex   -1.123588e+002 1.472975e+002 1.890000e+001
      vertex   -1.137566e+002 1.467556e+002 1.890000e+001
      vertex   -1.137027e+002 1.465827e+002 1.890000e+001
    endloop
  endfacet
  facet normal 0.000000e+000 0.000000e+000 1.170178e-001
    outer loop
      vertex   -1.123588e+002 1.472975e+002 1.890000e+001
      vertex   -1.137027e+002 1.465827e+002 1.890000e+001
      vertex   -1.136284e+002 1.464175e+002 1.890000e+001
    endloop
  endfacet
  facet normal -0.000000e+000 0.000000e+000 9.980608e-001
    outer loop
      vertex   -1.136284e+002 1.464175e+002 1.890000e+001
      vertex   -1.135347e+002 1.462625e+002 1.890000e+001
      vertex   -1.123588e+002 1.472975e+002 1.890000e+001
    endloop
  endfacet
  facet normal 0.000000e+000 0.000000e+000 1.139453e-001
    outer loop
      vertex   -1.123588e+002 1.472975e+002 1.890000e+001
      vertex   -1.135347e+002 1.462625e+002 1.890000e+001
      vertex   -1.134230e+002 1.461199e+002 1.890000e+001
    endloop
  endfacet
  facet normal 0.000000e+000 0.000000e+000 1.126089e-001
    outer loop
      vertex   -1.123588e+002 1.472975e+002 1.890000e+001
      vertex   -1.134230e+002 1.461199e+002 1.890000e+001
      vertex   -1.132949e+002 1.459919e+002 1.890000e+001
    endloop
  endfacet
  facet normal 0.000000e+000 0.000000e+000 7.848904e-001
    outer loop
      vertex   -1.123588e+002 1.472975e+002 1.890000e+001
      vertex   -1.132949e+002 1.459919e+002 1.890000e+001
      vertex   -1.123076e+002 1.471197e+002 1.890000e+001
    endloop
  endfacet
  facet normal 0.000000e+000 0.000000e+000 1.205798e-001
    outer loop
      vertex   -1.123076e+002 1.471197e+002 1.890000e+001
      vertex   -1.132949e+002 1.459919e+002 1.890000e+001
      vertex   -1.131523e+002 1.458801e+002 1.890000e+001
    endloop
  endfacet
  facet normal 0.000000e+000 0.000000e+000 1.204892e-001
    outer loop
      vertex   -1.123076e+002 1.471197e+002 1.890000e+001
      vertex   -1.131523e+002 1.458801e+002 1.890000e+001
      vertex   -1.129973e+002 1.457864e+002 1.890000e+001
    endloop
  endfacet
  facet normal 0.000000e+000 0.000000e+000 7.643932e-001
    outer loop
      vertex   -1.123076e+002 1.471197e+002 1.890000e+001
      vertex   -1.129973e+002 1.457864e+002 1.890000e+001
      vertex   -1.122368e+002 1.469487e+002 1.890000e+001
    endloop
  endfacet
  facet normal 0.000000e+000 0.000000e+000 1.303713e-001
    outer loop
      vertex   -1.122368e+002 1.469487e+002 1.890000e+001
      vertex   -1.129973e+002 1.457864e+002 1.890000e+001
      vertex   -1.128321e+002 1.457121e+002 1.890000e+001
    endloop
  endfacet
  facet normal 0.000000e+000 0.000000e+000 1.319636e-001
    outer loop
      vertex   -1.122368e+002 1.469487e+002 1.890000e+001
      vertex   -1.128321e+002 1.457121e+002 1.890000e+001
      vertex   -1.126592e+002 1.456582e+002 1.890000e+001
    endloop
  endfacet
  facet normal 0.000000e+000 0.000000e+000 7.319356e-001
    outer loop
      vertex   -1.122368e+002 1.469487e+002 1.890000e+001
      vertex   -1.126592e+002 1.456582e+002 1.890000e+001
      vertex   -1.121473e+002 1.467868e+002 1.890000e+001
    endloop
  endfacet
  facet normal 0.000000e+000 0.000000e+000 1.454608e-001
    outer loop
      vertex   -1.121473e+002 1.467868e+002 1.890000e+001
      vertex   -1.126592e+002 1.456582e+002 1.890000e+001
      vertex   -1.124810e+002 1.456255e+002 1.890000e+001
    endloop
  endfacet
  facet normal 0.000000e+000 0.000000e+000 7.814572e-001
    outer loop
      vertex   -1.121473e+002 1.467868e+002 1.890000e+001
      vertex   -1.124810e+002 1.456255e+002 1.890000e+001
      vertex   -1.120402e+002 1.466359e+002 1.890000e+001
    endloop
  endfacet
  facet normal 0.000000e+000 0.000000e+000 1.614064e-001
    outer loop
      vertex   -1.120402e+002 1.466359e+002 1.890000e+001
      vertex   -1.124810e+002 1.456255e+002 1.890000e+001
      vertex   -1.123002e+002 1.456146e+002 1.890000e+001
    endloop
  endfacet
  facet normal 0.000000e+000 0.000000e+000 8.296884e-001
    outer loop
      vertex   -1.120402e+002 1.466359e+002 1.890000e+001
      vertex   -1.123002e+002 1.456146e+002 1.890000e+001
      vertex   -1.119169e+002 1.464979e+002 1.890000e+001
    endloop
  endfacet
  facet normal 0.000000e+000 0.000000e+000 9.492766e-001
    outer loop
      vertex   -1.119169e+002 1.464979e+002 1.890000e+001
      vertex   -1.123002e+002 1.456146e+002 1.890000e+001
      vertex   -1.117790e+002 1.463746e+002 1.890000e+001
    endloop
  endfacet
  facet normal 0.000000e+000 0.000000e+000 9.998721e-001
    outer loop
      vertex   -1.117790e+002 1.463746e+002 1.890000e+001
      vertex   -1.123002e+002 1.456146e+002 1.890000e+001
      vertex   -1.116281e+002 1.462675e+002 1.890000e+001
    endloop
  endfacet
  facet normal 0.000000e+000 0.000000e+000 9.567764e-001
    outer loop
      vertex   -1.116281e+002 1.462675e+002 1.890000e+001
      vertex   -1.123002e+002 1.456146e+002 1.890000e+001
      vertex   -1.114661e+002 1.461780e+002 1.890000e+001
    endloop
  endfacet
  facet normal 0.000000e+000 0.000000e+000 8.342724e-001
    outer loop
      vertex   -1.114661e+002 1.461780e+002 1.890000e+001
      vertex   -1.123002e+002 1.456146e+002 1.890000e+001
      vertex   -1.112952e+002 1.461072e+002 1.890000e+001
    endloop
  endfacet
  facet normal 0.000000e+000 0.000000e+000 6.714818e-001
    outer loop
      vertex   -1.112952e+002 1.461072e+002 1.890000e+001
      vertex   -1.123002e+002 1.456146e+002 1.890000e+001
      vertex   -1.111174e+002 1.460560e+002 1.890000e+001
    endloop
  endfacet
  facet normal 0.000000e+000 0.000000e+000 5.015734e-001
    outer loop
      vertex   -1.111174e+002 1.460560e+002 1.890000e+001
      vertex   -1.123002e+002 1.456146e+002 1.890000e+001
      vertex   -1.109349e+002 1.460250e+002 1.890000e+001
    endloop
  endfacet
  facet normal 0.000000e+000 0.000000e+000 3.411089e-001
    outer loop
      vertex   -1.109349e+002 1.460250e+002 1.890000e+001
      vertex   -1.123002e+002 1.456146e+002 1.890000e+001
      vertex   -1.107502e+002 1.460146e+002 1.890000e+001
    endloop
  endfacet
  facet normal 0.000000e+000 0.000000e+000 2.657072e-001
    outer loop
      vertex   -1.107502e+002 1.460146e+002 1.890000e+001
      vertex   -1.123002e+002 1.456146e+002 1.890000e+001
      vertex   -8.634182e+001 1.456146e+002 1.890000e+001
    endloop
  endfacet
  facet normal -0.000000e+000 0.000000e+000 1.638537e-002
    outer loop
      vertex   -1.107502e+002 1.460146e+002 1.890000e+001
      vertex   -8.634182e+001 1.456146e+002 1.890000e+001
      vertex   -8.634182e+001 1.460146e+002 1.890000e+001
    endloop
  endfacet
  facet normal 0.000000e+000 -5.773503e-001 5.773503e-001
    outer loop
      vertex   -8.684182e+001 1.451146e+002 7.055643e+000
      vertex   -7.304877e+001 1.451146e+002 7.055643e+000
      vertex   -8.634182e+001 1.456146e+002 7.555643e+000
    endloop
  endfacet
  facet normal 0.000000e+000 -3.756055e-002 3.756055e-002
    outer loop
      vertex   -8.634182e+001 1.456146e+002 7.555643e+000
      vertex   -7.304877e+001 1.451146e+002 7.055643e+000
      vertex   -7.354877e+001 1.456146e+002 7.555643e+000
    endloop
  endfacet
  facet normal -5.773503e-001 -5.773503e-001 0.000000e+000
    outer loop
      vertex   -7.304877e+001 1.451146e+002 7.055643e+000
      vertex   -7.304877e+001 1.451146e+002 1.840000e+001
      vertex   -7.354877e+001 1.456146e+002 7.555643e+000
    endloop
  endfacet
  facet normal -4.600923e-002 -4.600923e-002 0.000000e+000
    outer loop
      vertex   -7.354877e+001 1.456146e+002 7.555643e+000
      vertex   -7.304877e+001 1.451146e+002 1.840000e+001
      vertex   -7.354877e+001 1.456146e+002 1.890000e+001
    endloop
  endfacet
  facet normal 5.773503e-001 -5.773503e-001 0.000000e+000
    outer loop
      vertex   -8.634182e+001 1.456146e+002 1.890000e+001
      vertex   -8.684182e+001 1.451146e+002 1.840000e+001
      vertex   -8.634182e+001 1.456146e+002 7.555643e+000
    endloop
  endfacet
  facet normal 6.026902e-001 -6.026902e-001 0.000000e+000
    outer loop
      vertex   -8.634182e+001 1.456146e+002 7.555643e+000
      vertex   -8.684182e+001 1.451146e+002 1.840000e+001
      vertex   -8.684182e+001 1.451146e+002 7.055643e+000
    endloop
  endfacet
  facet normal 0.000000e+000 -5.773503e-001 5.773503e-001
    outer loop
      vertex   -8.634182e+001 1.456146e+002 1.890000e+001
      vertex   -1.123002e+002 1.456146e+002 1.890000e+001
      vertex   -8.684182e+001 1.451146e+002 1.840000e+001
    endloop
  endfacet
  facet normal 0.000000e+000 -1.963233e-002 1.963233e-002
    outer loop
      vertex   -8.684182e+001 1.451146e+002 1.840000e+001
      vertex   -1.123002e+002 1.456146e+002 1.890000e+001
      vertex   -1.123002e+002 1.451146e+002 1.840000e+001
    endloop
  endfacet
  facet normal 1.000000e+000 0.000000e+000 0.000000e+000
    outer loop
      vertex   -8.634182e+001 1.460146e+002 1.890000e+001
      vertex   -8.634182e+001 1.456146e+002 1.890000e+001
      vertex   -8.634182e+001 1.460146e+002 1.590000e+001
    endloop
  endfacet
  facet normal 1.794710e-001 0.000000e+000 0.000000e+000
    outer loop
      vertex   -8.634182e+001 1.460146e+002 1.590000e+001
      vertex   -8.634182e+001 1.456146e+002 1.890000e+001
      vertex   -8.634182e+001 1.456146e+002 7.555643e+000
    endloop
  endfacet
  facet normal 1.780159e-001 0.000000e+000 0.000000e+000
    outer loop
      vertex   -8.634182e+001 1.460146e+002 1.590000e+001
      vertex   -8.634182e+001 1.456146e+002 7.555643e+000
      vertex   -8.634182e+001 1.471146e+002 7.555643e+000
    endloop
  endfacet
  facet normal 1.306956e-001 0.000000e+000 -0.000000e+000
    outer loop
      vertex   -8.634182e+001 1.471146e+002 7.555643e+000
      vertex   -8.634182e+001 1.471146e+002 1.590000e+001
      vertex   -8.634182e+001 1.460146e+002 1.590000e+001
    endloop
  endfacet
  facet normal 0.000000e+000 0.000000e+000 1.000000e+000
    outer loop
      vertex   -8.634182e+001 1.456146e+002 7.555643e+000
      vertex   -7.354877e+001 1.456146e+002 7.555643e+000
      vertex   -8.634182e+001 1.471146e+002 7.555643e+000
    endloop
  endfacet
  facet normal -0.000000e+000 0.000000e+000 1.164534e-001
    outer loop
      vertex   -8.634182e+001 1.471146e+002 7.555643e+000
      vertex   -7.354877e+001 1.456146e+002 7.555643e+000
      vertex   -7.354877e+001 1.471146e+002 7.555643e+000
    endloop
  endfacet
  facet normal -5.773501e-001 -5.773501e-001 0.000000e+000
    outer loop
      vertex   -5.713361e+001 1.451146e+002 7.809722e+000
      vertex   -5.713361e+001 1.451146e+002 1.840000e+001
      vertex   -5.763361e+001 1.456146e+002 8.309723e+000
    endloop
  endfacet
  facet normal -4.943142e-002 -4.943142e-002 0.000000e+000
    outer loop
      vertex   -5.763361e+001 1.456146e+002 8.309723e+000
      vertex   -5.713361e+001 1.451146e+002 1.840000e+001
      vertex   -5.763361e+001 1.456146e+002 1.890000e+001
    endloop
  endfacet
  facet normal 0.000000e+000 -5.773506e-001 5.773501e-001
    outer loop
      vertex   -7.020937e+001 1.451146e+002 7.809722e+000
      vertex   -5.713361e+001 1.451146e+002 7.809722e+000
      vertex   -6.970937e+001 1.456146e+002 8.309723e+000
    endloop
  endfacet
  facet normal 0.000000e+000 -3.969635e-002 3.969631e-002
    outer loop
      vertex   -6.970937e+001 1.456146e+002 8.309723e+000
      vertex   -5.713361e+001 1.451146e+002 7.809722e+000
      vertex   -5.763361e+001 1.456146e+002 8.309723e+000
    endloop
  endfacet
  facet normal 5.773503e-001 -5.773503e-001 0.000000e+000
    outer loop
      vertex   -6.970937e+001 1.456146e+002 1.890000e+001
      vertex   -7.020937e+001 1.451146e+002 1.840000e+001
      vertex   -6.970937e+001 1.456146e+002 8.309723e+000
    endloop
  endfacet
  facet normal 6.044769e-001 -6.044769e-001 0.000000e+000
    outer loop
      vertex   -6.970937e+001 1.456146e+002 8.309723e+000
      vertex   -7.020937e+001 1.451146e+002 1.840000e+001
      vertex   -7.020937e+001 1.451146e+002 7.809722e+000
    endloop
  endfacet
  facet normal 0.000000e+000 0.000000e+000 1.000000e+000
    outer loop
      vertex   -6.970937e+001 1.456146e+002 8.309723e+000
      vertex   -5.763361e+001 1.456146e+002 8.309723e+000
      vertex   -6.970937e+001 1.471146e+002 8.309723e+000
    endloop
  endfacet
  facet normal -0.000000e+000 0.000000e+000 1.232684e-001
    outer loop
      vertex   -6.970937e+001 1.471146e+002 8.309723e+000
      vertex   -5.763361e+001 1.456146e+002 8.309723e+000
      vertex   -5.763361e+001 1.471146e+002 8.309723e+000
    endloop
  endfacet
  facet normal -9.896612e-001 0.000000e+000 0.000000e+000
    outer loop
      vertex   -5.763361e+001 1.471146e+002 8.309723e+000
      vertex   -5.763361e+001 1.456146e+002 8.309723e+000
      vertex   -5.763361e+001 1.460146e+002 1.590000e+001
    endloop
  endfacet
  facet normal -1.841422e-001 -0.000000e+000 0.000000e+000
    outer loop
      vertex   -5.763361e+001 1.460146e+002 1.590000e+001
      vertex   -5.763361e+001 1.456146e+002 8.309723e+000
      vertex   -5.763361e+001 1.456146e+002 1.890000e+001
    endloop
  endfacet
  facet normal -1.321617e-001 0.000000e+000 0.000000e+000
    outer loop
      vertex   -5.763361e+001 1.460146e+002 1.590000e+001
      vertex   -5.763361e+001 1.456146e+002 1.890000e+001
      vertex   -5.763361e+001 1.460146e+002 1.890000e+001
    endloop
  endfacet
  facet normal -9.896612e-001 0.000000e+000 0.000000e+000
    outer loop
      vertex   -5.763361e+001 1.460146e+002 1.590000e+001
      vertex   -5.763361e+001 1.471146e+002 1.590000e+001
      vertex   -5.763361e+001 1.471146e+002 8.309723e+000
    endloop
  endfacet
  facet normal 1.607552e-007 -5.773501e-001 5.773503e-001
    outer loop
      vertex   -5.713361e+001 1.451146e+002 1.840000e+001
      vertex   -5.028339e+001 1.451146e+002 1.840000e+001
      vertex   -5.763361e+001 1.456146e+002 1.890000e+001
    endloop
  endfacet
  facet normal 0.000000e+000 -6.771282e-002 6.771256e-002
    outer loop
      vertex   -5.763361e+001 1.456146e+002 1.890000e+001
      vertex   -5.028339e+001 1.451146e+002 1.840000e+001
      vertex   -4.680019e+001 1.456146e+002 1.890000e+001
    endloop
  endfacet
  facet normal -3.794615e-007 -6.929718e-001 6.929718e-001
    outer loop
      vertex   -4.680019e+001 1.456146e+002 1.890000e+001
      vertex   -5.028339e+001 1.451146e+002 1.840000e+001
      vertex   -4.680019e+001 1.451146e+002 1.840000e+001
    endloop
  endfacet
  facet normal 1.000000e+000 0.000000e+000 0.000000e+000
    outer loop
      vertex   -6.970937e+001 1.460146e+002 1.890000e+001
      vertex   -6.970937e+001 1.456146e+002 1.890000e+001
      vertex   -6.970937e+001 1.460146e+002 1.590000e+001
    endloop
  endfacet
  facet normal 1.841422e-001 0.000000e+000 0.000000e+000
    outer loop
      vertex   -6.970937e+001 1.460146e+002 1.590000e+001
      vertex   -6.970937e+001 1.456146e+002 1.890000e+001
      vertex   -6.970937e+001 1.456146e+002 8.309723e+000
    endloop
  endfacet
  facet normal 1.953071e-001 0.000000e+000 0.000000e+000
    outer loop
      vertex   -6.970937e+001 1.460146e+002 1.590000e+001
      vertex   -6.970937e+001 1.456146e+002 8.309723e+000
      vertex   -6.970937e+001 1.471146e+002 8.309723e+000
    endloop
  endfacet
  facet normal 1.434247e-001 0.000000e+000 -0.000000e+000
    outer loop
      vertex   -6.970937e+001 1.471146e+002 8.309723e+000
      vertex   -6.970937e+001 1.471146e+002 1.590000e+001
      vertex   -6.970937e+001 1.460146e+002 1.590000e+001
    endloop
  endfacet
  facet normal 0.000000e+000 0.000000e+000 1.000000e+000
    outer loop
      vertex   -6.970937e+001 1.471146e+002 1.590000e+001
      vertex   -7.354877e+001 1.471146e+002 1.590000e+001
      vertex   -6.970937e+001 1.460146e+002 1.590000e+001
    endloop
  endfacet
  facet normal 0.000000e+000 0.000000e+000 2.754235e-001
    outer loop
      vertex   -6.970937e+001 1.460146e+002 1.590000e+001
      vertex   -7.354877e+001 1.471146e+002 1.590000e+001
      vertex   -7.354877e+001 1.460146e+002 1.590000e+001
    endloop
  endfacet
  facet normal 0.000000e+000 0.000000e+000 1.000000e+000
    outer loop
      vertex   -8.609883e+001 1.866146e+002 1.590000e+001
      vertex   -1.107502e+002 1.866146e+002 1.590000e+001
      vertex   -8.609883e+001 1.855146e+002 1.590000e+001
    endloop
  endfacet
  facet normal 0.000000e+000 0.000000e+000 4.457816e-002
    outer loop
      vertex   -8.609883e+001 1.855146e+002 1.590000e+001
      vertex   -1.107502e+002 1.866146e+002 1.590000e+001
      vertex   -1.113002e+002 1.855146e+002 1.590000e+001
    endloop
  endfacet
  facet normal 0.000000e+000 0.000000e+000 1.397427e-001
    outer loop
      vertex   -1.113002e+002 1.855146e+002 1.590000e+001
      vertex   -1.107502e+002 1.866146e+002 1.590000e+001
      vertex   -1.109349e+002 1.866042e+002 1.590000e+001
    endloop
  endfacet
  facet normal 0.000000e+000 0.000000e+000 1.518251e-001
    outer loop
      vertex   -1.113002e+002 1.855146e+002 1.590000e+001
      vertex   -1.109349e+002 1.866042e+002 1.590000e+001
      vertex   -1.111174e+002 1.865732e+002 1.590000e+001
    endloop
  endfacet
  facet normal 0.000000e+000 0.000000e+000 8.998181e-001
    outer loop
      vertex   -1.111174e+002 1.865732e+002 1.590000e+001
      vertex   -1.112952e+002 1.865220e+002 1.590000e+001
      vertex   -1.113002e+002 1.855146e+002 1.590000e+001
    endloop
  endfacet
  facet normal 0.000000e+000 -0.000000e+000 1.793435e-001
    outer loop
      vertex   -1.113002e+002 1.855146e+002 1.590000e+001
      vertex   -1.112952e+002 1.865220e+002 1.590000e+001
      vertex   -1.114661e+002 1.864512e+002 1.590000e+001
    endloop
  endfacet
  facet normal 0.000000e+000 0.000000e+000 1.927491e-001
    outer loop
      vertex   -1.113002e+002 1.855146e+002 1.590000e+001
      vertex   -1.114661e+002 1.864512e+002 1.590000e+001
      vertex   -1.116281e+002 1.863617e+002 1.590000e+001
    endloop
  endfacet
  facet normal 0.000000e+000 0.000000e+000 9.694504e-001
    outer loop
      vertex   -1.116281e+002 1.863617e+002 1.590000e+001
      vertex   -1.117790e+002 1.862546e+002 1.590000e+001
      vertex   -1.113002e+002 1.855146e+002 1.590000e+001
    endloop
  endfacet
  facet normal 0.000000e+000 0.000000e+000 2.096010e-001
    outer loop
      vertex   -1.113002e+002 1.855146e+002 1.590000e+001
      vertex   -1.117790e+002 1.862546e+002 1.590000e+001
      vertex   -1.119169e+002 1.861313e+002 1.590000e+001
    endloop
  endfacet
  facet normal 0.000000e+000 0.000000e+000 2.096010e-001
    outer loop
      vertex   -1.113002e+002 1.855146e+002 1.590000e+001
      vertex   -1.119169e+002 1.861313e+002 1.590000e+001
      vertex   -1.120402e+002 1.859934e+002 1.590000e+001
    endloop
  endfacet
  facet normal 0.000000e+000 0.000000e+000 9.990808e-001
    outer loop
      vertex   -1.120402e+002 1.859934e+002 1.590000e+001
      vertex   -1.121473e+002 1.858425e+002 1.590000e+001
      vertex   -1.113002e+002 1.855146e+002 1.590000e+001
    endloop
  endfacet
  facet normal 0.000000e+000 0.000000e+000 1.927385e-001
    outer loop
      vertex   -1.113002e+002 1.855146e+002 1.590000e+001
      vertex   -1.121473e+002 1.858425e+002 1.590000e+001
      vertex   -1.122368e+002 1.856805e+002 1.590000e+001
    endloop
  endfacet
  facet normal 0.000000e+000 0.000000e+000 1.793436e-001
    outer loop
      vertex   -1.113002e+002 1.855146e+002 1.590000e+001
      vertex   -1.122368e+002 1.856805e+002 1.590000e+001
      vertex   -1.123076e+002 1.855096e+002 1.590000e+001
    endloop
  endfacet
  facet normal -0.000000e+000 0.000000e+000 9.595254e-001
    outer loop
      vertex   -1.123076e+002 1.855096e+002 1.590000e+001
      vertex   -1.123588e+002 1.853318e+002 1.590000e+001
      vertex   -1.113002e+002 1.855146e+002 1.590000e+001
    endloop
  endfacet
  facet normal 0.000000e+000 0.000000e+000 1.518256e-001
    outer loop
      vertex   -1.113002e+002 1.855146e+002 1.590000e+001
      vertex   -1.123588e+002 1.853318e+002 1.590000e+001
      vertex   -1.123898e+002 1.851494e+002 1.590000e+001
    endloop
  endfacet
  facet normal 0.000000e+000 0.000000e+000 1.397447e-001
    outer loop
      vertex   -1.113002e+002 1.855146e+002 1.590000e+001
      vertex   -1.123898e+002 1.851494e+002 1.590000e+001
      vertex   -1.124002e+002 1.849646e+002 1.590000e+001
    endloop
  endfacet
  facet normal -0.000000e+000 0.000000e+000 8.944259e-001
    outer loop
      vertex   -1.124002e+002 1.849646e+002 1.590000e+001
      vertex   -1.124002e+002 1.738146e+002 1.590000e+001
      vertex   -1.113002e+002 1.855146e+002 1.590000e+001
    endloop
  endfacet
  facet normal 0.000000e+000 0.000000e+000 5.254207e-002
    outer loop
      vertex   -1.113002e+002 1.855146e+002 1.590000e+001
      vertex   -1.124002e+002 1.738146e+002 1.590000e+001
      vertex   -1.124002e+002 1.588146e+002 1.590000e+001
    endloop
  endfacet
  facet normal 0.000000e+000 0.000000e+000 4.116353e-002
    outer loop
      vertex   -1.113002e+002 1.855146e+002 1.590000e+001
      vertex   -1.124002e+002 1.588146e+002 1.590000e+001
      vertex   -1.113002e+002 1.471146e+002 1.590000e+001
    endloop
  endfacet
  facet normal 0.000000e+000 0.000000e+000 8.486435e-001
    outer loop
      vertex   -1.113002e+002 1.471146e+002 1.590000e+001
      vertex   -1.124002e+002 1.588146e+002 1.590000e+001
      vertex   -1.124002e+002 1.476646e+002 1.590000e+001
    endloop
  endfacet
  facet normal 0.000000e+000 0.000000e+000 1.397461e-001
    outer loop
      vertex   -1.113002e+002 1.471146e+002 1.590000e+001
      vertex   -1.124002e+002 1.476646e+002 1.590000e+001
      vertex   -1.123898e+002 1.474799e+002 1.590000e+001
    endloop
  endfacet
  facet normal 0.000000e+000 0.000000e+000 1.000000e+000
    outer loop
      vertex   -1.124002e+002 1.738146e+002 1.590000e+001
      vertex   -1.127252e+002 1.738146e+002 1.590000e+001
      vertex   -1.124002e+002 1.588146e+002 1.590000e+001
    endloop
  endfacet
  facet normal 0.000000e+000 0.000000e+000 9.997653e-001
    outer loop
      vertex   -1.124002e+002 1.588146e+002 1.590000e+001
      vertex   -1.127252e+002 1.738146e+002 1.590000e+001
      vertex   -1.127252e+002 1.588146e+002 1.590000e+001
    endloop
  endfacet
  facet normal 0.000000e+000 0.000000e+000 8.815054e-001
    outer loop
      vertex   -1.123898e+002 1.474799e+002 1.590000e+001
      vertex   -1.123588e+002 1.472975e+002 1.590000e+001
      vertex   -1.113002e+002 1.471146e+002 1.590000e+001
    endloop
  endfacet
  facet normal 0.000000e+000 0.000000e+000 1.652579e-001
    outer loop
      vertex   -1.113002e+002 1.471146e+002 1.590000e+001
      vertex   -1.123588e+002 1.472975e+002 1.590000e+001
      vertex   -1.123076e+002 1.471197e+002 1.590000e+001
    endloop
  endfacet
  facet normal 0.000000e+000 0.000000e+000 1.793436e-001
    outer loop
      vertex   -1.113002e+002 1.471146e+002 1.590000e+001
      vertex   -1.123076e+002 1.471197e+002 1.590000e+001
      vertex   -1.122368e+002 1.469487e+002 1.590000e+001
    endloop
  endfacet
  facet normal -0.000000e+000 0.000000e+000 9.461942e-001
    outer loop
      vertex   -1.122368e+002 1.469487e+002 1.590000e+001
      vertex   -1.121473e+002 1.467868e+002 1.590000e+001
      vertex   -1.113002e+002 1.471146e+002 1.590000e+001
    endloop
  endfacet
  facet normal 0.000000e+000 0.000000e+000 2.035110e-001
    outer loop
      vertex   -1.113002e+002 1.471146e+002 1.590000e+001
      vertex   -1.121473e+002 1.467868e+002 1.590000e+001
      vertex   -1.120402e+002 1.466359e+002 1.590000e+001
    endloop
  endfacet
  facet normal 0.000000e+000 0.000000e+000 2.096010e-001
    outer loop
      vertex   -1.113002e+002 1.471146e+002 1.590000e+001
      vertex   -1.120402e+002 1.466359e+002 1.590000e+001
      vertex   -1.119169e+002 1.464979e+002 1.590000e+001
    endloop
  endfacet
  facet normal -0.000000e+000 0.000000e+000 9.984254e-001
    outer loop
      vertex   -1.119169e+002 1.464979e+002 1.590000e+001
      vertex   -1.117790e+002 1.463746e+002 1.590000e+001
      vertex   -1.113002e+002 1.471146e+002 1.590000e+001
    endloop
  endfacet
  facet normal 0.000000e+000 0.000000e+000 2.035216e-001
    outer loop
      vertex   -1.113002e+002 1.471146e+002 1.590000e+001
      vertex   -1.117790e+002 1.463746e+002 1.590000e+001
      vertex   -1.116281e+002 1.462675e+002 1.590000e+001
    endloop
  endfacet
  facet normal 0.000000e+000 0.000000e+000 1.927432e-001
    outer loop
      vertex   -1.113002e+002 1.471146e+002 1.590000e+001
      vertex   -1.116281e+002 1.462675e+002 1.590000e+001
      vertex   -1.114661e+002 1.461780e+002 1.590000e+001
    endloop
  endfacet
  facet normal -0.000000e+000 0.000000e+000 9.764569e-001
    outer loop
      vertex   -1.114661e+002 1.461780e+002 1.590000e+001
      vertex   -1.112952e+002 1.461072e+002 1.590000e+001
      vertex   -1.113002e+002 1.471146e+002 1.590000e+001
    endloop
  endfacet
  facet normal 0.000000e+000 0.000000e+000 1.652636e-001
    outer loop
      vertex   -1.113002e+002 1.471146e+002 1.590000e+001
      vertex   -1.112952e+002 1.461072e+002 1.590000e+001
      vertex   -1.111174e+002 1.460560e+002 1.590000e+001
    endloop
  endfacet
  facet normal 0.000000e+000 0.000000e+000 1.518275e-001
    outer loop
      vertex   -1.113002e+002 1.471146e+002 1.590000e+001
      vertex   -1.111174e+002 1.460560e+002 1.590000e+001
      vertex   -1.109349e+002 1.460250e+002 1.590000e+001
    endloop
  endfacet
  facet normal -0.000000e+000 -0.000000e+000 9.288324e-001
    outer loop
      vertex   -1.109349e+002 1.460250e+002 1.590000e+001
      vertex   -1.107502e+002 1.460146e+002 1.590000e+001
      vertex   -1.113002e+002 1.471146e+002 1.590000e+001
    endloop
  endfacet
  facet normal -0.000000e+000 0.000000e+000 8.944297e-001
    outer loop
      vertex   -1.113002e+002 1.471146e+002 1.590000e+001
      vertex   -1.107502e+002 1.460146e+002 1.590000e+001
      vertex   -8.634182e+001 1.471146e+002 1.590000e+001
    endloop
  endfacet
  facet normal 0.000000e+000 0.000000e+000 9.989861e-001
    outer loop
      vertex   -8.634182e+001 1.471146e+002 1.590000e+001
      vertex   -1.107502e+002 1.460146e+002 1.590000e+001
      vertex   -8.634182e+001 1.460146e+002 1.590000e+001
    endloop
  endfacet
  facet normal 0.000000e+000 -8.599524e-001 -0.000000e+000
    outer loop
      vertex   -8.684182e+001 1.451146e+002 1.840000e+001
      vertex   -1.060502e+002 1.451146e+002 7.000000e+000
      vertex   -8.684182e+001 1.451146e+002 7.055643e+000
    endloop
  endfacet
  facet normal 0.000000e+000 -1.123322e-002 0.000000e+000
    outer loop
      vertex   -8.684182e+001 1.451146e+002 7.055643e+000
      vertex   -1.060502e+002 1.451146e+002 7.000000e+000
      vertex   -1.060424e+002 1.451146e+002 6.784315e+000
    endloop
  endfacet
  facet normal 0.000000e+000 -1.123110e-002 0.000000e+000
    outer loop
      vertex   -8.684182e+001 1.451146e+002 7.055643e+000
      vertex   -1.060424e+002 1.451146e+002 6.784315e+000
      vertex   -1.060194e+002 1.451146e+002 6.569164e+000
    endloop
  endfacet
  facet normal -0.000000e+000 -5.103741e-001 0.000000e+000
    outer loop
      vertex   -8.684182e+001 1.451146e+002 1.840000e+001
      vertex   -1.123002e+002 1.451146e+002 1.840000e+001
      vertex   -1.060502e+002 1.451146e+002 7.000000e+000
    endloop
  endfacet
  facet normal 0.000000e+000 -8.768647e-001 0.000000e+000
    outer loop
      vertex   -1.060502e+002 1.451146e+002 7.000000e+000
      vertex   -1.123002e+002 1.451146e+002 1.840000e+001
      vertex   -1.100502e+002 1.451146e+002 7.000000e+000
    endloop
  endfacet
  facet normal -0.000000e+000 -4.487925e-001 0.000000e+000
    outer loop
      vertex   -1.100502e+002 1.451146e+002 7.000000e+000
      vertex   -1.123002e+002 1.451146e+002 1.840000e+001
      vertex   -1.105502e+002 1.451146e+002 5.197224e+000
    endloop
  endfacet
  facet normal 0.000000e+000 -3.133577e-002 0.000000e+000
    outer loop
      vertex   -1.100502e+002 1.451146e+002 7.000000e+000
      vertex   -1.105502e+002 1.451146e+002 5.197224e+000
      vertex   -1.104296e+002 1.451146e+002 5.444203e+000
    endloop
  endfacet
  facet normal 0.000000e+000 -1.313986e-001 0.000000e+000
    outer loop
      vertex   -1.123002e+002 1.451146e+002 1.840000e+001
      vertex   -1.123002e+002 1.451146e+002 5.000000e-001
      vertex   -1.105502e+002 1.451146e+002 5.197224e+000
    endloop
  endfacet
  facet normal 0.000000e+000 -3.491184e-001 -0.000000e+000
    outer loop
      vertex   -1.105502e+002 1.451146e+002 5.197224e+000
      vertex   -1.123002e+002 1.451146e+002 5.000000e-001
      vertex   -1.105502e+002 1.451146e+002 5.000000e-001
    endloop
  endfacet
  facet normal 0.000000e+000 -1.676409e-001 0.000000e+000
    outer loop
      vertex   -1.104296e+002 1.451146e+002 5.444203e+000
      vertex   -1.103272e+002 1.451146e+002 5.681371e+000
      vertex   -1.100502e+002 1.451146e+002 7.000000e+000
    endloop
  endfacet
  facet normal 0.000000e+000 -3.290743e-002 0.000000e+000
    outer loop
      vertex   -1.100502e+002 1.451146e+002 7.000000e+000
      vertex   -1.103272e+002 1.451146e+002 5.681371e+000
      vertex   -1.102418e+002 1.451146e+002 5.910691e+000
    endloop
  endfacet
  facet normal 0.000000e+000 -3.362634e-002 0.000000e+000
    outer loop
      vertex   -1.100502e+002 1.451146e+002 7.000000e+000
      vertex   -1.102418e+002 1.451146e+002 5.910691e+000
      vertex   -1.101727e+002 1.451146e+002 6.133975e+000
    endloop
  endfacet
  facet normal 0.000000e+000 -9.899942e-002 0.000000e+000
    outer loop
      vertex   -1.101727e+002 1.451146e+002 6.133975e+000
      vertex   -1.101192e+002 1.451146e+002 6.352921e+000
      vertex   -1.100502e+002 1.451146e+002 7.000000e+000
    endloop
  endfacet
  facet normal 0.000000e+000 -3.489878e-002 0.000000e+000
    outer loop
      vertex   -1.100502e+002 1.451146e+002 7.000000e+000
      vertex   -1.101192e+002 1.451146e+002 6.352921e+000
      vertex   -1.100810e+002 1.451146e+002 6.569164e+000
    endloop
  endfacet
  facet normal 0.000000e+000 -3.541892e-002 0.000000e+000
    outer loop
      vertex   -1.100502e+002 1.451146e+002 7.000000e+000
      vertex   -1.100810e+002 1.451146e+002 6.569164e+000
      vertex   -1.100579e+002 1.451146e+002 6.784315e+000
    endloop
  endfacet
  facet normal 0.000000e+000 -9.888372e-001 0.000000e+000
    outer loop
      vertex   -1.060194e+002 1.451146e+002 6.569164e+000
      vertex   -1.059812e+002 1.451146e+002 6.352921e+000
      vertex   -8.684182e+001 1.451146e+002 7.055643e+000
    endloop
  endfacet
  facet normal 0.000000e+000 -1.155329e-002 0.000000e+000
    outer loop
      vertex   -8.684182e+001 1.451146e+002 7.055643e+000
      vertex   -1.059812e+002 1.451146e+002 6.352921e+000
      vertex   -1.059277e+002 1.451146e+002 6.133975e+000
    endloop
  endfacet
  facet normal 0.000000e+000 -1.188161e-002 0.000000e+000
    outer loop
      vertex   -8.684182e+001 1.451146e+002 7.055643e+000
      vertex   -1.059277e+002 1.451146e+002 6.133975e+000
      vertex   -1.058586e+002 1.451146e+002 5.910691e+000
    endloop
  endfacet
  facet normal 0.000000e+000 -9.564452e-001 0.000000e+000
    outer loop
      vertex   -1.058586e+002 1.451146e+002 5.910691e+000
      vertex   -1.057732e+002 1.451146e+002 5.681371e+000
      vertex   -8.684182e+001 1.451146e+002 7.055643e+000
    endloop
  endfacet
  facet normal 0.000000e+000 -1.290946e-002 0.000000e+000
    outer loop
      vertex   -8.684182e+001 1.451146e+002 7.055643e+000
      vertex   -1.057732e+002 1.451146e+002 5.681371e+000
      vertex   -1.056708e+002 1.451146e+002 5.444203e+000
    endloop
  endfacet
  facet normal 0.000000e+000 -1.363591e-002 0.000000e+000
    outer loop
      vertex   -8.684182e+001 1.451146e+002 7.055643e+000
      vertex   -1.056708e+002 1.451146e+002 5.444203e+000
      vertex   -1.055502e+002 1.451146e+002 5.197224e+000
    endloop
  endfacet
  facet normal 0.000000e+000 -9.951023e-001 0.000000e+000
    outer loop
      vertex   -1.055502e+002 1.451146e+002 5.197224e+000
      vertex   -1.055502e+002 1.451146e+002 5.000000e-001
      vertex   -8.684182e+001 1.451146e+002 7.055643e+000
    endloop
  endfacet
  facet normal 0.000000e+000 -3.306970e-001 -0.000000e+000
    outer loop
      vertex   -8.684182e+001 1.451146e+002 7.055643e+000
      vertex   -1.055502e+002 1.451146e+002 5.000000e-001
      vertex   -7.304877e+001 1.451146e+002 7.055643e+000
    endloop
  endfacet
  facet normal 0.000000e+000 -4.998030e-001 -0.000000e+000
    outer loop
      vertex   -7.304877e+001 1.451146e+002 7.055643e+000
      vertex   -1.055502e+002 1.451146e+002 5.000000e-001
      vertex   -5.355019e+001 1.451146e+002 5.000000e-001
    endloop
  endfacet
  facet normal 0.000000e+000 -5.513013e-001 0.000000e+000
    outer loop
      vertex   -7.304877e+001 1.451146e+002 7.055643e+000
      vertex   -5.355019e+001 1.451146e+002 5.000000e-001
      vertex   -7.020937e+001 1.451146e+002 7.809722e+000
    endloop
  endfacet
  facet normal 0.000000e+000 -2.550808e-001 0.000000e+000
    outer loop
      vertex   -7.020937e+001 1.451146e+002 7.809722e+000
      vertex   -5.355019e+001 1.451146e+002 5.000000e-001
      vertex   -5.355019e+001 1.451146e+002 5.197224e+000
    endloop
  endfacet
  facet normal 0.000000e+000 -1.549269e-001 0.000000e+000
    outer loop
      vertex   -7.020937e+001 1.451146e+002 7.809722e+000
      vertex   -5.355019e+001 1.451146e+002 5.197224e+000
      vertex   -5.713361e+001 1.451146e+002 7.809722e+000
    endloop
  endfacet
  facet normal 0.000000e+000 -6.157216e-002 0.000000e+000
    outer loop
      vertex   -5.713361e+001 1.451146e+002 7.809722e+000
      vertex   -5.355019e+001 1.451146e+002 5.197224e+000
      vertex   -5.342962e+001 1.451146e+002 5.444203e+000
    endloop
  endfacet
  facet normal 0.000000e+000 -5.847367e-002 0.000000e+000
    outer loop
      vertex   -5.713361e+001 1.451146e+002 7.809722e+000
      vertex   -5.342962e+001 1.451146e+002 5.444203e+000
      vertex   -5.332721e+001 1.451146e+002 5.681371e+000
    endloop
  endfacet
  facet normal 0.000000e+000 -9.882449e-001 0.000000e+000
    outer loop
      vertex   -5.332721e+001 1.451146e+002 5.681371e+000
      vertex   -5.324184e+001 1.451146e+002 5.910691e+000
      vertex   -5.713361e+001 1.451146e+002 7.809722e+000
    endloop
  endfacet
  facet normal 0.000000e+000 -5.370856e-002 0.000000e+000
    outer loop
      vertex   -5.713361e+001 1.451146e+002 7.809722e+000
      vertex   -5.324184e+001 1.451146e+002 5.910691e+000
      vertex   -5.317270e+001 1.451146e+002 6.133975e+000
    endloop
  endfacet
  facet normal 0.000000e+000 -5.209862e-002 0.000000e+000
    outer loop
      vertex   -5.713361e+001 1.451146e+002 7.809722e+000
      vertex   -5.317270e+001 1.451146e+002 6.133975e+000
      vertex   -5.311919e+001 1.451146e+002 6.352921e+000
    endloop
  endfacet
  facet normal 0.000000e+000 -9.850363e-001 0.000000e+000
    outer loop
      vertex   -5.311919e+001 1.451146e+002 6.352921e+000
      vertex   -5.308097e+001 1.451146e+002 6.569164e+000
      vertex   -5.713361e+001 1.451146e+002 7.809722e+000
    endloop
  endfacet
  facet normal 0.000000e+000 -5.055598e-002 0.000000e+000
    outer loop
      vertex   -5.713361e+001 1.451146e+002 7.809722e+000
      vertex   -5.308097e+001 1.451146e+002 6.569164e+000
      vertex   -5.305794e+001 1.451146e+002 6.784315e+000
    endloop
  endfacet
  facet normal 0.000000e+000 -5.069895e-002 0.000000e+000
    outer loop
      vertex   -5.713361e+001 1.451146e+002 7.809722e+000
      vertex   -5.305794e+001 1.451146e+002 6.784315e+000
      vertex   -5.305019e+001 1.451146e+002 7.000000e+000
    endloop
  endfacet
  facet normal 0.000000e+000 -9.292588e-001 0.000000e+000
    outer loop
      vertex   -5.713361e+001 1.451146e+002 7.809722e+000
      vertex   -5.305019e+001 1.451146e+002 7.000000e+000
      vertex   -5.028339e+001 1.451146e+002 1.840000e+001
    endloop
  endfacet
  facet normal 0.000000e+000 -3.390007e-001 -0.000000e+000
    outer loop
      vertex   -5.028339e+001 1.451146e+002 1.840000e+001
      vertex   -5.305019e+001 1.451146e+002 7.000000e+000
      vertex   -4.905019e+001 1.451146e+002 7.000000e+000
    endloop
  endfacet
  facet normal 0.000000e+000 -9.942000e-001 0.000000e+000
    outer loop
      vertex   -5.028339e+001 1.451146e+002 1.840000e+001
      vertex   -4.905019e+001 1.451146e+002 7.000000e+000
      vertex   -4.680019e+001 1.451146e+002 1.840000e+001
    endloop
  endfacet
  facet normal 0.000000e+000 -6.304237e-002 0.000000e+000
    outer loop
      vertex   -4.680019e+001 1.451146e+002 1.840000e+001
      vertex   -4.905019e+001 1.451146e+002 7.000000e+000
      vertex   -4.855019e+001 1.451146e+002 5.197224e+000
    endloop
  endfacet
  facet normal 0.000000e+000 -1.313986e-001 -0.000000e+000
    outer loop
      vertex   -4.680019e+001 1.451146e+002 1.840000e+001
      vertex   -4.855019e+001 1.451146e+002 5.197224e+000
      vertex   -4.680019e+001 1.451146e+002 5.000000e-001
    endloop
  endfacet
  facet normal 0.000000e+000 -9.370786e-001 0.000000e+000
    outer loop
      vertex   -4.680019e+001 1.451146e+002 5.000000e-001
      vertex   -4.855019e+001 1.451146e+002 5.197224e+000
      vertex   -4.855019e+001 1.451146e+002 5.000000e-001
    endloop
  endfacet
  facet normal 0.000000e+000 -7.073761e-002 0.000000e+000
    outer loop
      vertex   -4.904245e+001 1.451146e+002 6.784315e+000
      vertex   -4.901942e+001 1.451146e+002 6.569164e+000
      vertex   -4.905019e+001 1.451146e+002 7.000000e+000
    endloop
  endfacet
  facet normal 0.000000e+000 -3.489295e-002 0.000000e+000
    outer loop
      vertex   -4.905019e+001 1.451146e+002 7.000000e+000
      vertex   -4.901942e+001 1.451146e+002 6.569164e+000
      vertex   -4.898120e+001 1.451146e+002 6.352921e+000
    endloop
  endfacet
  facet normal 0.000000e+000 -3.429466e-002 0.000000e+000
    outer loop
      vertex   -4.905019e+001 1.451146e+002 7.000000e+000
      vertex   -4.898120e+001 1.451146e+002 6.352921e+000
      vertex   -4.892770e+001 1.451146e+002 6.133975e+000
    endloop
  endfacet
  facet normal 0.000000e+000 -1.591140e-001 0.000000e+000
    outer loop
      vertex   -4.892770e+001 1.451146e+002 6.133975e+000
      vertex   -4.885855e+001 1.451146e+002 5.910691e+000
      vertex   -4.905019e+001 1.451146e+002 7.000000e+000
    endloop
  endfacet
  facet normal 0.000000e+000 -3.290743e-002 0.000000e+000
    outer loop
      vertex   -4.905019e+001 1.451146e+002 7.000000e+000
      vertex   -4.885855e+001 1.451146e+002 5.910691e+000
      vertex   -4.877319e+001 1.451146e+002 5.681371e+000
    endloop
  endfacet
  facet normal 0.000000e+000 -3.213912e-002 0.000000e+000
    outer loop
      vertex   -4.905019e+001 1.451146e+002 7.000000e+000
      vertex   -4.877319e+001 1.451146e+002 5.681371e+000
      vertex   -4.867077e+001 1.451146e+002 5.444203e+000
    endloop
  endfacet
  facet normal 0.000000e+000 -2.133162e-001 0.000000e+000
    outer loop
      vertex   -4.867077e+001 1.451146e+002 5.444203e+000
      vertex   -4.855019e+001 1.451146e+002 5.197224e+000
      vertex   -4.905019e+001 1.451146e+002 7.000000e+000
    endloop
  endfacet
  facet normal -0.000000e+000 -8.396538e-001 0.000000e+000
    outer loop
      vertex   -5.028339e+001 1.451146e+002 1.840000e+001
      vertex   -5.713361e+001 1.451146e+002 1.840000e+001
      vertex   -5.713361e+001 1.451146e+002 7.809722e+000
    endloop
  endfacet
  facet normal -0.000000e+000 -1.000000e+000 -0.000000e+000
    outer loop
      vertex   -7.020937e+001 1.451146e+002 1.840000e+001
      vertex   -7.304877e+001 1.451146e+002 1.840000e+001
      vertex   -7.020937e+001 1.451146e+002 7.809722e+000
    endloop
  endfacet
  facet normal -0.000000e+000 -9.999972e-001 0.000000e+000
    outer loop
      vertex   -7.020937e+001 1.451146e+002 7.809722e+000
      vertex   -7.304877e+001 1.451146e+002 1.840000e+001
      vertex   -7.304877e+001 1.451146e+002 7.055643e+000
    endloop
  endfacet
  facet normal 0.000000e+000 1.000000e+000 0.000000e+000
    outer loop
      vertex   -6.970937e+001 1.460146e+002 1.890000e+001
      vertex   -6.970937e+001 1.460146e+002 1.590000e+001
      vertex   -7.354877e+001 1.460146e+002 1.890000e+001
    endloop
  endfacet
  facet normal 0.000000e+000 7.879778e-001 0.000000e+000
    outer loop
      vertex   -7.354877e+001 1.460146e+002 1.890000e+001
      vertex   -6.970937e+001 1.460146e+002 1.590000e+001
      vertex   -7.354877e+001 1.460146e+002 1.590000e+001
    endloop
  endfacet
  facet normal 0.000000e+000 1.000000e+000 0.000000e+000
    outer loop
      vertex   -5.763361e+001 1.460146e+002 1.590000e+001
      vertex   -5.763361e+001 1.460146e+002 1.890000e+001
      vertex   -4.835020e+001 1.460146e+002 1.590000e+001
    endloop
  endfacet
  facet normal 0.000000e+000 9.515482e-001 -0.000000e+000
    outer loop
      vertex   -4.835020e+001 1.460146e+002 1.590000e+001
      vertex   -5.763361e+001 1.460146e+002 1.890000e+001
      vertex   -4.835020e+001 1.460146e+002 1.890000e+001
    endloop
  endfacet
  facet normal 0.000000e+000 0.000000e+000 1.000000e+000
    outer loop
      vertex   -6.970937e+001 1.460146e+002 1.890000e+001
      vertex   -7.354877e+001 1.460146e+002 1.890000e+001
      vertex   -6.970937e+001 1.456146e+002 1.890000e+001
    endloop
  endfacet
  facet normal 0.000000e+000 0.000000e+000 1.036205e-001
    outer loop
      vertex   -6.970937e+001 1.456146e+002 1.890000e+001
      vertex   -7.354877e+001 1.460146e+002 1.890000e+001
      vertex   -7.354877e+001 1.456146e+002 1.890000e+001
    endloop
  endfacet
  facet normal 0.000000e+000 -5.773503e-001 5.773503e-001
    outer loop
      vertex   -7.304877e+001 1.451146e+002 1.840000e+001
      vertex   -7.020937e+001 1.451146e+002 1.840000e+001
      vertex   -7.354877e+001 1.456146e+002 1.890000e+001
    endloop
  endfacet
  facet normal 0.000000e+000 -1.464796e-001 1.464796e-001
    outer loop
      vertex   -7.354877e+001 1.456146e+002 1.890000e+001
      vertex   -7.020937e+001 1.451146e+002 1.840000e+001
      vertex   -6.970937e+001 1.456146e+002 1.890000e+001
    endloop
  endfacet
  facet normal -9.914225e-001 0.000000e+000 0.000000e+000
    outer loop
      vertex   -7.354877e+001 1.471146e+002 7.555643e+000
      vertex   -7.354877e+001 1.456146e+002 7.555643e+000
      vertex   -7.354877e+001 1.460146e+002 1.590000e+001
    endloop
  endfacet
  facet normal -1.794710e-001 -0.000000e+000 0.000000e+000
    outer loop
      vertex   -7.354877e+001 1.460146e+002 1.590000e+001
      vertex   -7.354877e+001 1.456146e+002 7.555643e+000
      vertex   -7.354877e+001 1.456146e+002 1.890000e+001
    endloop
  endfacet
  facet normal -1.321617e-001 0.000000e+000 0.000000e+000
    outer loop
      vertex   -7.354877e+001 1.460146e+002 1.590000e+001
      vertex   -7.354877e+001 1.456146e+002 1.890000e+001
      vertex   -7.354877e+001 1.460146e+002 1.890000e+001
    endloop
  endfacet
  facet normal -9.914225e-001 0.000000e+000 0.000000e+000
    outer loop
      vertex   -7.354877e+001 1.460146e+002 1.590000e+001
      vertex   -7.354877e+001 1.471146e+002 1.590000e+001
      vertex   -7.354877e+001 1.471146e+002 7.555643e+000
    endloop
  endfacet
  facet normal -0.000000e+000 1.000000e+000 0.000000e+000
    outer loop
      vertex   -5.763361e+001 1.471146e+002 1.590000e+001
      vertex   -4.780019e+001 1.471146e+002 1.590000e+001
      vertex   -5.763361e+001 1.471146e+002 8.309723e+000
    endloop
  endfacet
  facet normal -0.000000e+000 9.509016e-001 0.000000e+000
    outer loop
      vertex   -5.763361e+001 1.471146e+002 8.309723e+000
      vertex   -4.780019e+001 1.471146e+002 1.590000e+001
      vertex   -4.780019e+001 1.471146e+002 1.600000e+000
    endloop
  endfacet
  facet normal 0.000000e+000 5.636305e-001 0.000000e+000
    outer loop
      vertex   -5.763361e+001 1.471146e+002 8.309723e+000
      vertex   -4.780019e+001 1.471146e+002 1.600000e+000
      vertex   -6.970937e+001 1.471146e+002 8.309723e+000
    endloop
  endfacet
  facet normal 0.000000e+000 7.805882e-001 0.000000e+000
    outer loop
      vertex   -6.970937e+001 1.471146e+002 8.309723e+000
      vertex   -4.780019e+001 1.471146e+002 1.600000e+000
      vertex   -7.955019e+001 1.471146e+002 1.600000e+000
    endloop
  endfacet
  facet normal 0.000000e+000 3.935471e-001 0.000000e+000
    outer loop
      vertex   -6.970937e+001 1.471146e+002 8.309723e+000
      vertex   -7.955019e+001 1.471146e+002 1.600000e+000
      vertex   -7.354877e+001 1.471146e+002 7.555643e+000
    endloop
  endfacet
  facet normal 0.000000e+000 7.043946e-001 0.000000e+000
    outer loop
      vertex   -7.354877e+001 1.471146e+002 7.555643e+000
      vertex   -7.955019e+001 1.471146e+002 1.600000e+000
      vertex   -8.634182e+001 1.471146e+002 7.555643e+000
    endloop
  endfacet
  facet normal 0.000000e+000 8.158243e-001 0.000000e+000
    outer loop
      vertex   -8.634182e+001 1.471146e+002 7.555643e+000
      vertex   -7.955019e+001 1.471146e+002 1.600000e+000
      vertex   -1.113002e+002 1.471146e+002 1.600000e+000
    endloop
  endfacet
  facet normal 0.000000e+000 5.285493e-001 0.000000e+000
    outer loop
      vertex   -8.634182e+001 1.471146e+002 7.555643e+000
      vertex   -1.113002e+002 1.471146e+002 1.600000e+000
      vertex   -1.113002e+002 1.471146e+002 1.590000e+001
    endloop
  endfacet
  facet normal -0.000000e+000 3.170792e-001 0.000000e+000
    outer loop
      vertex   -1.113002e+002 1.471146e+002 1.590000e+001
      vertex   -8.634182e+001 1.471146e+002 1.590000e+001
      vertex   -8.634182e+001 1.471146e+002 7.555643e+000
    endloop
  endfacet
  facet normal 0.000000e+000 9.812531e-001 0.000000e+000
    outer loop
      vertex   -7.354877e+001 1.471146e+002 7.555643e+000
      vertex   -7.354877e+001 1.471146e+002 1.590000e+001
      vertex   -6.970937e+001 1.471146e+002 8.309723e+000
    endloop
  endfacet
  facet normal 0.000000e+000 4.513717e-001 -0.000000e+000
    outer loop
      vertex   -6.970937e+001 1.471146e+002 8.309723e+000
      vertex   -7.354877e+001 1.471146e+002 1.590000e+001
      vertex   -6.970937e+001 1.471146e+002 1.590000e+001
    endloop
  endfacet
  facet normal 0.000000e+000 1.000000e+000 0.000000e+000
    outer loop
      vertex   -8.634182e+001 1.460146e+002 1.890000e+001
      vertex   -8.634182e+001 1.460146e+002 1.590000e+001
      vertex   -1.107502e+002 1.460146e+002 1.890000e+001
    endloop
  endfacet
  facet normal 0.000000e+000 9.925312e-001 0.000000e+000
    outer loop
      vertex   -1.107502e+002 1.460146e+002 1.890000e+001
      vertex   -8.634182e+001 1.460146e+002 1.590000e+001
      vertex   -1.107502e+002 1.460146e+002 1.590000e+001
    endloop
  endfacet
  facet normal 4.132813e-002 3.583202e-002 1.483092e-003
    outer loop
      vertex   -4.905019e+001 1.875146e+002 7.000000e+000
      vertex   -4.904245e+001 1.875146e+002 6.784315e+000
      vertex   -4.905019e+001 1.875249e+002 6.752262e+000
    endloop
  endfacet
  facet normal 3.435725e-001 3.743362e-001 3.678752e-002
    outer loop
      vertex   -4.905019e+001 1.875249e+002 6.752262e+000
      vertex   -4.904245e+001 1.875146e+002 6.784315e+000
      vertex   -4.901942e+001 1.875146e+002 6.569164e+000
    endloop
  endfacet
  facet normal 1.765180e-001 1.642416e-001 2.047306e-002
    outer loop
      vertex   -4.905019e+001 1.875249e+002 6.752262e+000
      vertex   -4.901942e+001 1.875146e+002 6.569164e+000
      vertex   -4.905019e+001 1.875555e+002 6.506216e+000
    endloop
  endfacet
  facet normal 6.303490e-001 6.453869e-001 1.113872e-001
    outer loop
      vertex   -4.905019e+001 1.875555e+002 6.506216e+000
      vertex   -4.901942e+001 1.875146e+002 6.569164e+000
      vertex   -4.898120e+001 1.875146e+002 6.352921e+000
    endloop
  endfacet
  facet normal 4.132963e-001 3.902643e-001 8.181331e-002
    outer loop
      vertex   -4.905019e+001 1.875555e+002 6.506216e+000
      vertex   -4.898120e+001 1.875146e+002 6.352921e+000
      vertex   -4.905019e+001 1.876064e+002 6.263544e+000
    endloop
  endfacet
  facet normal 6.887098e-001 6.814697e-001 1.683155e-001
    outer loop
      vertex   -4.905019e+001 1.876064e+002 6.263544e+000
      vertex   -4.898120e+001 1.875146e+002 6.352921e+000
      vertex   -4.892770e+001 1.875146e+002 6.133975e+000
    endloop
  endfacet
  facet normal 6.230537e-001 5.854101e-001 1.742989e-001
    outer loop
      vertex   -4.905019e+001 1.876064e+002 6.263544e+000
      vertex   -4.892770e+001 1.875146e+002 6.133975e+000
      vertex   -4.905019e+001 1.876772e+002 6.025902e+000
    endloop
  endfacet
  facet normal 5.697085e-001 5.466228e-001 1.764244e-001
    outer loop
      vertex   -4.905019e+001 1.876772e+002 6.025902e+000
      vertex   -4.892770e+001 1.875146e+002 6.133975e+000
      vertex   -4.885855e+001 1.875146e+002 5.910691e+000
    endloop
  endfacet
  facet normal 6.992712e-001 6.458074e-001 2.520000e-001
    outer loop
      vertex   -4.905019e+001 1.876772e+002 6.025902e+000
      vertex   -4.885855e+001 1.875146e+002 5.910691e+000
      vertex   -4.905019e+001 1.877673e+002 5.794914e+000
    endloop
  endfacet
  facet normal 4.381138e-001 4.070015e-001 1.630893e-001
    outer loop
      vertex   -4.905019e+001 1.877673e+002 5.794914e+000
      vertex   -4.885855e+001 1.875146e+002 5.910691e+000
      vertex   -4.877319e+001 1.875146e+002 5.681371e+000
    endloop
  endfacet
  facet normal 2.659670e-001 2.399609e-001 1.148494e-001
    outer loop
      vertex   -4.905019e+001 1.877673e+002 5.794914e+000
      vertex   -4.877319e+001 1.875146e+002 5.681371e+000
      vertex   -4.867077e+001 1.875146e+002 5.444203e+000
    endloop
  endfacet
  facet normal 6.624814e-001 5.926634e-001 2.897035e-001
    outer loop
      vertex   -4.905019e+001 1.877673e+002 5.794914e+000
      vertex   -4.867077e+001 1.875146e+002 5.444203e+000
      vertex   -4.905019e+001 1.878762e+002 5.572158e+000
    endloop
  endfacet
  facet normal 2.292508e-001 2.009599e-001 1.119235e-001
    outer loop
      vertex   -4.905019e+001 1.878762e+002 5.572158e+000
      vertex   -4.867077e+001 1.875146e+002 5.444203e+000
      vertex   -4.855019e+001 1.875146e+002 5.197224e+000
    endloop
  endfacet
  facet normal 6.960125e-001 5.948970e-001 3.544840e-001
    outer loop
      vertex   -4.905019e+001 1.878762e+002 5.572158e+000
      vertex   -4.855019e+001 1.875146e+002 5.197224e+000
      vertex   -4.905019e+001 1.880031e+002 5.359156e+000
    endloop
  endfacet
  facet normal 2.668290e-001 2.243191e-001 1.471965e-001
    outer loop
      vertex   -4.905019e+001 1.880031e+002 5.359156e+000
      vertex   -4.855019e+001 1.875146e+002 5.197224e+000
      vertex   -4.855019e+001 1.876667e+002 4.965503e+000
    endloop
  endfacet
  facet normal 6.981637e-001 5.652919e-001 4.036410e-001
    outer loop
      vertex   -4.905019e+001 1.880031e+002 5.359156e+000
      vertex   -4.855019e+001 1.876667e+002 4.965503e+000
      vertex   -4.905019e+001 1.881472e+002 5.157362e+000
    endloop
  endfacet
  facet normal 2.668344e-001 2.119739e-001 1.644822e-001
    outer loop
      vertex   -4.905019e+001 1.881472e+002 5.157362e+000
      vertex   -4.855019e+001 1.876667e+002 4.965503e+000
      vertex   -4.855019e+001 1.878366e+002 4.746538e+000
    endloop
  endfacet
  facet normal 7.001021e-001 5.315329e-001 4.501798e-001
    outer loop
      vertex   -4.905019e+001 1.881472e+002 5.157362e+000
      vertex   -4.855019e+001 1.878366e+002 4.746538e+000
      vertex   -4.905019e+001 1.883074e+002 4.968155e+000
    endloop
  endfacet
  facet normal 2.667346e-001 1.982099e-001 1.806539e-001
    outer loop
      vertex   -4.905019e+001 1.883074e+002 4.968155e+000
      vertex   -4.855019e+001 1.878366e+002 4.746538e+000
      vertex   -4.855019e+001 1.880233e+002 4.541704e+000
    endloop
  endfacet
  facet normal 7.018284e-001 4.938130e-001 4.938022e-001
    outer loop
      vertex   -4.905019e+001 1.883074e+002 4.968155e+000
      vertex   -4.855019e+001 1.880233e+002 4.541704e+000
      vertex   -4.905019e+001 1.884828e+002 4.792828e+000
    endloop
  endfacet
  facet normal 2.665479e-001 1.831324e-001 1.956166e-001
    outer loop
      vertex   -4.905019e+001 1.884828e+002 4.792828e+000
      vertex   -4.855019e+001 1.880233e+002 4.541704e+000
      vertex   -4.855019e+001 1.882256e+002 4.352285e+000
    endloop
  endfacet
  facet normal 7.033265e-001 4.524011e-001 5.341560e-001
    outer loop
      vertex   -4.905019e+001 1.884828e+002 4.792828e+000
      vertex   -4.855019e+001 1.882256e+002 4.352285e+000
      vertex   -4.905019e+001 1.886720e+002 4.632578e+000
    endloop
  endfacet
  facet normal 2.662428e-001 1.668591e-001 2.092052e-001
    outer loop
      vertex   -4.905019e+001 1.886720e+002 4.632578e+000
      vertex   -4.855019e+001 1.882256e+002 4.352285e+000
      vertex   -4.855019e+001 1.884423e+002 4.179469e+000
    endloop
  endfacet
  facet normal 7.046093e-001 4.076005e-001 5.708913e-001
    outer loop
      vertex   -4.905019e+001 1.886720e+002 4.632578e+000
      vertex   -4.855019e+001 1.884423e+002 4.179469e+000
      vertex   -4.905019e+001 1.888738e+002 4.488501e+000
    endloop
  endfacet
  facet normal 2.658465e-001 1.495141e-001 2.213603e-001
    outer loop
      vertex   -4.905019e+001 1.888738e+002 4.488501e+000
      vertex   -4.855019e+001 1.884423e+002 4.179469e+000
      vertex   -4.855019e+001 1.886720e+002 4.024338e+000
    endloop
  endfacet
  facet normal 7.056612e-001 3.597463e-001 6.037192e-001
    outer loop
      vertex   -4.905019e+001 1.888738e+002 4.488501e+000
      vertex   -4.855019e+001 1.886720e+002 4.024338e+000
      vertex   -4.905019e+001 1.890868e+002 4.361579e+000
    endloop
  endfacet
  facet normal 2.653438e-001 1.312372e-001 2.319749e-001
    outer loop
      vertex   -4.905019e+001 1.890868e+002 4.361579e+000
      vertex   -4.855019e+001 1.886720e+002 4.024338e+000
      vertex   -4.855019e+001 1.889132e+002 3.887867e+000
    endloop
  endfacet
  facet normal 7.064852e-001 3.091515e-001 6.323976e-001
    outer loop
      vertex   -4.905019e+001 1.890868e+002 4.361579e+000
      vertex   -4.855019e+001 1.889132e+002 3.887867e+000
      vertex   -4.905019e+001 1.893095e+002 4.252680e+000
    endloop
  endfacet
  facet normal 2.647433e-001 1.121682e-001 2.409796e-001
    outer loop
      vertex   -4.905019e+001 1.893095e+002 4.252680e+000
      vertex   -4.855019e+001 1.889132e+002 3.887867e+000
      vertex   -4.855019e+001 1.891644e+002 3.770911e+000
    endloop
  endfacet
  facet normal 7.070795e-001 2.562324e-001 6.566662e-001
    outer loop
      vertex   -4.905019e+001 1.893095e+002 4.252680e+000
      vertex   -4.855019e+001 1.891644e+002 3.770911e+000
      vertex   -4.905019e+001 1.895405e+002 4.162548e+000
    endloop
  endfacet
  facet normal 2.640486e-001 9.245875e-002 2.483218e-001
    outer loop
      vertex   -4.905019e+001 1.895405e+002 4.162548e+000
      vertex   -4.855019e+001 1.891644e+002 3.770911e+000
      vertex   -4.855019e+001 1.894242e+002 3.674202e+000
    endloop
  endfacet
  facet normal 7.074371e-001 2.013577e-001 6.763467e-001
    outer loop
      vertex   -4.905019e+001 1.895405e+002 4.162548e+000
      vertex   -4.855019e+001 1.894242e+002 3.674202e+000
      vertex   -4.905019e+001 1.897782e+002 4.091799e+000
    endloop
  endfacet
  facet normal 2.632554e-001 7.226185e-002 2.539479e-001
    outer loop
      vertex   -4.905019e+001 1.897782e+002 4.091799e+000
      vertex   -4.855019e+001 1.894242e+002 3.674202e+000
      vertex   -4.855019e+001 1.896908e+002 3.598349e+000
    endloop
  endfacet
  facet normal 7.075593e-001 1.449521e-001 6.912714e-001
    outer loop
      vertex   -4.905019e+001 1.897782e+002 4.091799e+000
      vertex   -4.855019e+001 1.896908e+002 3.598349e+000
      vertex   -4.905019e+001 1.900208e+002 4.040916e+000
    endloop
  endfacet
  facet normal 2.623631e-001 5.173405e-002 2.578258e-001
    outer loop
      vertex   -4.905019e+001 1.900208e+002 4.040916e+000
      vertex   -4.855019e+001 1.896908e+002 3.598349e+000
      vertex   -4.855019e+001 1.899625e+002 3.543825e+000
    endloop
  endfacet
  facet normal 7.074447e-001 8.741805e-002 7.013233e-001
    outer loop
      vertex   -4.905019e+001 1.900208e+002 4.040916e+000
      vertex   -4.855019e+001 1.899625e+002 3.543825e+000
      vertex   -4.905019e+001 1.902669e+002 4.010247e+000
    endloop
  endfacet
  facet normal 2.613997e-001 3.103206e-002 2.599658e-001
    outer loop
      vertex   -4.905019e+001 1.902669e+002 4.010247e+000
      vertex   -4.855019e+001 1.899625e+002 3.543825e+000
      vertex   -4.855019e+001 1.902377e+002 3.510973e+000
    endloop
  endfacet
  facet normal 7.070928e-001 2.921772e-002 7.064138e-001
    outer loop
      vertex   -4.905019e+001 1.902669e+002 4.010247e+000
      vertex   -4.855019e+001 1.902377e+002 3.510973e+000
      vertex   -4.905019e+001 1.905146e+002 4.000000e+000
    endloop
  endfacet
  facet normal 2.603225e-001 1.031531e-002 2.603225e-001
    outer loop
      vertex   -4.905019e+001 1.905146e+002 4.000000e+000
      vertex   -4.855019e+001 1.902377e+002 3.510973e+000
      vertex   -4.855019e+001 1.905146e+002 3.500000e+000
    endloop
  endfacet
  facet normal 7.071068e-001 -0.000000e+000 7.071068e-001
    outer loop
      vertex   -4.905019e+001 1.905146e+002 4.000000e+000
      vertex   -4.855019e+001 1.905146e+002 3.500000e+000
      vertex   -4.905019e+001 1.930146e+002 4.000000e+000
    endloop
  endfacet
  facet normal 6.804138e-001 0.000000e+000 6.804138e-001
    outer loop
      vertex   -4.905019e+001 1.930146e+002 4.000000e+000
      vertex   -4.855019e+001 1.905146e+002 3.500000e+000
      vertex   -4.855019e+001 1.930146e+002 3.500000e+000
    endloop
  endfacet
  facet normal 7.065023e-001 2.923090e-002 7.065023e-001
    outer loop
      vertex   -4.855019e+001 1.930146e+002 3.500000e+000
      vertex   -4.856044e+001 1.932624e+002 3.500000e+000
      vertex   -4.905019e+001 1.930146e+002 4.000000e+000
    endloop
  endfacet
  facet normal 6.727279e-001 3.110649e-002 6.743496e-001
    outer loop
      vertex   -4.905019e+001 1.930146e+002 4.000000e+000
      vertex   -4.856044e+001 1.932624e+002 3.500000e+000
      vertex   -4.906086e+001 1.932453e+002 4.000000e+000
    endloop
  endfacet
  facet normal 2.366148e-001 2.949064e-002 2.378186e-001
    outer loop
      vertex   -4.906086e+001 1.932453e+002 4.000000e+000
      vertex   -4.856044e+001 1.932624e+002 3.500000e+000
      vertex   -4.859111e+001 1.935084e+002 3.500000e+000
    endloop
  endfacet
  facet normal 6.739534e-001 9.400681e-002 6.826491e-001
    outer loop
      vertex   -4.906086e+001 1.932453e+002 4.000000e+000
      vertex   -4.859111e+001 1.935084e+002 3.500000e+000
      vertex   -4.909276e+001 1.934740e+002 4.000000e+000
    endloop
  endfacet
  facet normal 2.350357e-001 4.928538e-002 2.392039e-001
    outer loop
      vertex   -4.909276e+001 1.934740e+002 4.000000e+000
      vertex   -4.859111e+001 1.935084e+002 3.500000e+000
      vertex   -4.864199e+001 1.937511e+002 3.500000e+000
    endloop
  endfacet
  facet normal 6.685856e-001 1.572522e-001 6.898928e-001
    outer loop
      vertex   -4.909276e+001 1.934740e+002 4.000000e+000
      vertex   -4.864199e+001 1.937511e+002 3.500000e+000
      vertex   -4.914563e+001 1.936988e+002 4.000000e+000
    endloop
  endfacet
  facet normal 2.312431e-001 6.884214e-002 2.401242e-001
    outer loop
      vertex   -4.914563e+001 1.936988e+002 4.000000e+000
      vertex   -4.864199e+001 1.937511e+002 3.500000e+000
      vertex   -4.871275e+001 1.939887e+002 3.500000e+000
    endloop
  endfacet
  facet normal 6.565119e-001 2.200383e-001 6.959864e-001
    outer loop
      vertex   -4.914563e+001 1.936988e+002 4.000000e+000
      vertex   -4.871275e+001 1.939887e+002 3.500000e+000
      vertex   -4.921901e+001 1.939177e+002 4.000000e+000
    endloop
  endfacet
  facet normal 2.251978e-001 8.787071e-002 2.404981e-001
    outer loop
      vertex   -4.921901e+001 1.939177e+002 4.000000e+000
      vertex   -4.871275e+001 1.939887e+002 3.500000e+000
      vertex   -4.880288e+001 1.942197e+002 3.500000e+000
    endloop
  endfacet
  facet normal 6.377590e-001 2.815993e-001 7.008696e-001
    outer loop
      vertex   -4.921901e+001 1.939177e+002 4.000000e+000
      vertex   -4.880288e+001 1.942197e+002 3.500000e+000
      vertex   -4.931229e+001 1.941290e+002 4.000000e+000
    endloop
  endfacet
  facet normal 2.170224e-001 1.060991e-001 2.403629e-001
    outer loop
      vertex   -4.931229e+001 1.941290e+002 4.000000e+000
      vertex   -4.880288e+001 1.942197e+002 3.500000e+000
      vertex   -4.891177e+001 1.944425e+002 3.500000e+000
    endloop
  endfacet
  facet normal 6.124476e-001 3.411288e-001 7.044682e-001
    outer loop
      vertex   -4.931229e+001 1.941290e+002 4.000000e+000
      vertex   -4.891177e+001 1.944425e+002 3.500000e+000
      vertex   -4.942465e+001 1.943307e+002 4.000000e+000
    endloop
  endfacet
  facet normal 2.068451e-001 1.232565e-001 2.397220e-001
    outer loop
      vertex   -4.942465e+001 1.943307e+002 4.000000e+000
      vertex   -4.891177e+001 1.944425e+002 3.500000e+000
      vertex   -4.903870e+001 1.946555e+002 3.500000e+000
    endloop
  endfacet
  facet normal 5.807946e-001 3.978571e-001 7.067325e-001
    outer loop
      vertex   -4.942465e+001 1.943307e+002 4.000000e+000
      vertex   -4.903870e+001 1.946555e+002 3.500000e+000
      vertex   -4.955515e+001 1.945212e+002 4.000000e+000
    endloop
  endfacet
  facet normal 1.948207e-001 1.390961e-001 2.385793e-001
    outer loop
      vertex   -4.955515e+001 1.945212e+002 4.000000e+000
      vertex   -4.903870e+001 1.946555e+002 3.500000e+000
      vertex   -4.918277e+001 1.948573e+002 3.500000e+000
    endloop
  endfacet
  facet normal 5.431233e-001 4.510321e-001 7.076293e-001
    outer loop
      vertex   -4.955515e+001 1.945212e+002 4.000000e+000
      vertex   -4.918277e+001 1.948573e+002 3.500000e+000
      vertex   -4.970267e+001 1.946989e+002 4.000000e+000
    endloop
  endfacet
  facet normal 1.811320e-001 1.534108e-001 2.369425e-001
    outer loop
      vertex   -4.970267e+001 1.946989e+002 4.000000e+000
      vertex   -4.918277e+001 1.948573e+002 3.500000e+000
      vertex   -4.934303e+001 1.950465e+002 3.500000e+000
    endloop
  endfacet
  facet normal 1.660158e-001 1.660195e-001 2.348353e-001
    outer loop
      vertex   -4.970267e+001 1.946989e+002 4.000000e+000
      vertex   -4.934303e+001 1.950465e+002 3.500000e+000
      vertex   -4.951835e+001 1.952218e+002 3.500000e+000
    endloop
  endfacet
  facet normal 4.735470e-001 4.735360e-001 6.698266e-001
    outer loop
      vertex   -4.970267e+001 1.946989e+002 4.000000e+000
      vertex   -4.951835e+001 1.952218e+002 3.500000e+000
      vertex   -4.986596e+001 1.948621e+002 4.000000e+000
    endloop
  endfacet
  facet normal 1.534087e-001 1.811302e-001 2.369374e-001
    outer loop
      vertex   -4.986596e+001 1.948621e+002 4.000000e+000
      vertex   -4.951835e+001 1.952218e+002 3.500000e+000
      vertex   -4.970756e+001 1.953820e+002 3.500000e+000
    endloop
  endfacet
  facet normal 4.325292e-001 5.208760e-001 6.786274e-001
    outer loop
      vertex   -4.986596e+001 1.948621e+002 4.000000e+000
      vertex   -4.970756e+001 1.953820e+002 3.500000e+000
      vertex   -5.004361e+001 1.950097e+002 4.000000e+000
    endloop
  endfacet
  facet normal 1.391054e-001 1.948146e-001 2.385817e-001
    outer loop
      vertex   -5.004361e+001 1.950097e+002 4.000000e+000
      vertex   -4.970756e+001 1.953820e+002 3.500000e+000
      vertex   -4.990935e+001 1.955261e+002 3.500000e+000
    endloop
  endfacet
  facet normal 3.864235e-001 5.640708e-001 6.864058e-001
    outer loop
      vertex   -5.004361e+001 1.950097e+002 4.000000e+000
      vertex   -4.990935e+001 1.955261e+002 3.500000e+000
      vertex   -5.023412e+001 1.951402e+002 4.000000e+000
    endloop
  endfacet
  facet normal 1.232554e-001 2.068470e-001 2.397255e-001
    outer loop
      vertex   -5.023412e+001 1.951402e+002 4.000000e+000
      vertex   -4.990935e+001 1.955261e+002 3.500000e+000
      vertex   -5.012235e+001 1.956530e+002 3.500000e+000
    endloop
  endfacet
  facet normal 3.356211e-001 6.025479e-001 6.930876e-001
    outer loop
      vertex   -5.023412e+001 1.951402e+002 4.000000e+000
      vertex   -5.012235e+001 1.956530e+002 3.500000e+000
      vertex   -5.043585e+001 1.952525e+002 4.000000e+000
    endloop
  endfacet
  facet normal 1.060890e-001 2.170319e-001 2.403649e-001
    outer loop
      vertex   -5.043585e+001 1.952525e+002 4.000000e+000
      vertex   -5.012235e+001 1.956530e+002 3.500000e+000
      vertex   -5.034511e+001 1.957619e+002 3.500000e+000
    endloop
  endfacet
  facet normal 2.806566e-001 6.357019e-001 6.985860e-001
    outer loop
      vertex   -5.043585e+001 1.952525e+002 4.000000e+000
      vertex   -5.034511e+001 1.957619e+002 3.500000e+000
      vertex   -5.064709e+001 1.953458e+002 4.000000e+000
    endloop
  endfacet
  facet normal 8.787435e-002 2.251975e-001 2.404995e-001
    outer loop
      vertex   -5.064709e+001 1.953458e+002 4.000000e+000
      vertex   -5.034511e+001 1.957619e+002 3.500000e+000
      vertex   -5.057610e+001 1.958521e+002 3.500000e+000
    endloop
  endfacet
  facet normal 2.222334e-001 6.629580e-001 7.028283e-001
    outer loop
      vertex   -5.064709e+001 1.953458e+002 4.000000e+000
      vertex   -5.057610e+001 1.958521e+002 3.500000e+000
      vertex   -5.086604e+001 1.954192e+002 4.000000e+000
    endloop
  endfacet
  facet normal 6.884664e-002 2.312346e-001 2.401154e-001
    outer loop
      vertex   -5.086604e+001 1.954192e+002 4.000000e+000
      vertex   -5.057610e+001 1.958521e+002 3.500000e+000
      vertex   -5.081374e+001 1.959228e+002 3.500000e+000
    endloop
  endfacet
  facet normal 1.608360e-001 6.839826e-001 7.057737e-001
    outer loop
      vertex   -5.086604e+001 1.954192e+002 4.000000e+000
      vertex   -5.081374e+001 1.959228e+002 3.500000e+000
      vertex   -5.109082e+001 1.954720e+002 4.000000e+000
    endloop
  endfacet
  facet normal 4.928790e-002 2.350412e-001 2.392149e-001
    outer loop
      vertex   -5.109082e+001 1.954720e+002 4.000000e+000
      vertex   -5.081374e+001 1.959228e+002 3.500000e+000
      vertex   -5.105641e+001 1.959737e+002 3.500000e+000
    endloop
  endfacet
  facet normal 9.742451e-002 6.983371e-001 7.073645e-001
    outer loop
      vertex   -5.109082e+001 1.954720e+002 4.000000e+000
      vertex   -5.105641e+001 1.959737e+002 3.500000e+000
      vertex   -5.131952e+001 1.955040e+002 4.000000e+000
    endloop
  endfacet
  facet normal 2.949395e-002 2.366082e-001 2.378171e-001
    outer loop
      vertex   -5.131952e+001 1.955040e+002 4.000000e+000
      vertex   -5.105641e+001 1.959737e+002 3.500000e+000
      vertex   -5.130246e+001 1.960044e+002 3.500000e+000
    endloop
  endfacet
  facet normal 3.263726e-002 7.058450e-001 7.075621e-001
    outer loop
      vertex   -5.131952e+001 1.955040e+002 4.000000e+000
      vertex   -5.130246e+001 1.960044e+002 3.500000e+000
      vertex   -5.155019e+001 1.955146e+002 4.000000e+000
    endloop
  endfacet
  facet normal 9.751179e-003 2.359429e-001 2.359429e-001
    outer loop
      vertex   -5.155019e+001 1.955146e+002 4.000000e+000
      vertex   -5.130246e+001 1.960044e+002 3.500000e+000
      vertex   -5.155019e+001 1.960146e+002 3.500000e+000
    endloop
  endfacet
  facet normal -0.000000e+000 7.071068e-001 7.071068e-001
    outer loop
      vertex   -1.075502e+002 1.955146e+002 4.000000e+000
      vertex   -5.155019e+001 1.955146e+002 4.000000e+000
      vertex   -1.075502e+002 1.960146e+002 3.500000e+000
    endloop
  endfacet
  facet normal -0.000000e+000 8.927859e-003 8.927859e-003
    outer loop
      vertex   -1.075502e+002 1.960146e+002 3.500000e+000
      vertex   -5.155019e+001 1.955146e+002 4.000000e+000
      vertex   -5.155019e+001 1.960146e+002 3.500000e+000
    endloop
  endfacet
  facet normal -2.919832e-002 7.065037e-001 7.065037e-001
    outer loop
      vertex   -1.075502e+002 1.960146e+002 3.500000e+000
      vertex   -1.077979e+002 1.960044e+002 3.500000e+000
      vertex   -1.075502e+002 1.955146e+002 4.000000e+000
    endloop
  endfacet
  facet normal -3.110515e-002 6.727211e-001 6.743577e-001
    outer loop
      vertex   -1.075502e+002 1.955146e+002 4.000000e+000
      vertex   -1.077979e+002 1.960044e+002 3.500000e+000
      vertex   -1.077809e+002 1.955040e+002 4.000000e+000
    endloop
  endfacet
  facet normal -2.949400e-002 2.366050e-001 2.378139e-001
    outer loop
      vertex   -1.077809e+002 1.955040e+002 4.000000e+000
      vertex   -1.077979e+002 1.960044e+002 3.500000e+000
      vertex   -1.080440e+002 1.959737e+002 3.500000e+000
    endloop
  endfacet
  facet normal -9.402405e-002 6.739515e-001 6.826638e-001
    outer loop
      vertex   -1.077809e+002 1.955040e+002 4.000000e+000
      vertex   -1.080440e+002 1.959737e+002 3.500000e+000
      vertex   -1.080096e+002 1.954720e+002 4.000000e+000
    endloop
  endfacet
  facet normal -4.928780e-002 2.350444e-001 2.392181e-001
    outer loop
      vertex   -1.080096e+002 1.954720e+002 4.000000e+000
      vertex   -1.080440e+002 1.959737e+002 3.500000e+000
      vertex   -1.082867e+002 1.959228e+002 3.500000e+000
    endloop
  endfacet
  facet normal -1.572126e-001 6.685847e-001 6.898850e-001
    outer loop
      vertex   -1.080096e+002 1.954720e+002 4.000000e+000
      vertex   -1.082867e+002 1.959228e+002 3.500000e+000
      vertex   -1.082344e+002 1.954192e+002 4.000000e+000
    endloop
  endfacet
  facet normal -6.884679e-002 2.312314e-001 2.401122e-001
    outer loop
      vertex   -1.082344e+002 1.954192e+002 4.000000e+000
      vertex   -1.082867e+002 1.959228e+002 3.500000e+000
      vertex   -1.085243e+002 1.958521e+002 3.500000e+000
    endloop
  endfacet
  facet normal -2.200715e-001 6.565085e-001 6.959893e-001
    outer loop
      vertex   -1.082344e+002 1.954192e+002 4.000000e+000
      vertex   -1.085243e+002 1.958521e+002 3.500000e+000
      vertex   -1.084533e+002 1.953458e+002 4.000000e+000
    endloop
  endfacet
  facet normal -8.787458e-002 2.251981e-001 2.404995e-001
    outer loop
      vertex   -1.084533e+002 1.953458e+002 4.000000e+000
      vertex   -1.085243e+002 1.958521e+002 3.500000e+000
      vertex   -1.087553e+002 1.957619e+002 3.500000e+000
    endloop
  endfacet
  facet normal -2.815717e-001 6.377746e-001 7.008616e-001
    outer loop
      vertex   -1.084533e+002 1.953458e+002 4.000000e+000
      vertex   -1.087553e+002 1.957619e+002 3.500000e+000
      vertex   -1.086645e+002 1.952525e+002 4.000000e+000
    endloop
  endfacet
  facet normal -1.060893e-001 2.170326e-001 2.403648e-001
    outer loop
      vertex   -1.086645e+002 1.952525e+002 4.000000e+000
      vertex   -1.087553e+002 1.957619e+002 3.500000e+000
      vertex   -1.089780e+002 1.956530e+002 3.500000e+000
    endloop
  endfacet
  facet normal -3.411288e-001 6.124476e-001 7.044682e-001
    outer loop
      vertex   -1.086645e+002 1.952525e+002 4.000000e+000
      vertex   -1.089780e+002 1.956530e+002 3.500000e+000
      vertex   -1.088663e+002 1.951402e+002 4.000000e+000
    endloop
  endfacet
  facet normal -1.232559e-001 2.068515e-001 2.397284e-001
    outer loop
      vertex   -1.088663e+002 1.951402e+002 4.000000e+000
      vertex   -1.089780e+002 1.956530e+002 3.500000e+000
      vertex   -1.091910e+002 1.955261e+002 3.500000e+000
    endloop
  endfacet
  facet normal -3.978709e-001 5.807809e-001 7.067370e-001
    outer loop
      vertex   -1.088663e+002 1.951402e+002 4.000000e+000
      vertex   -1.091910e+002 1.955261e+002 3.500000e+000
      vertex   -1.090568e+002 1.950097e+002 4.000000e+000
    endloop
  endfacet
  facet normal -1.391055e-001 1.948185e-001 2.385846e-001
    outer loop
      vertex   -1.090568e+002 1.950097e+002 4.000000e+000
      vertex   -1.091910e+002 1.955261e+002 3.500000e+000
      vertex   -1.093928e+002 1.953820e+002 3.500000e+000
    endloop
  endfacet
  facet normal -4.510196e-001 5.431316e-001 7.076299e-001
    outer loop
      vertex   -1.090568e+002 1.950097e+002 4.000000e+000
      vertex   -1.093928e+002 1.953820e+002 3.500000e+000
      vertex   -1.092344e+002 1.948621e+002 4.000000e+000
    endloop
  endfacet
  facet normal -1.534085e-001 1.811264e-001 2.369345e-001
    outer loop
      vertex   -1.092344e+002 1.948621e+002 4.000000e+000
      vertex   -1.093928e+002 1.953820e+002 3.500000e+000
      vertex   -1.095820e+002 1.952218e+002 3.500000e+000
    endloop
  endfacet
  facet normal -1.660165e-001 1.660237e-001 2.348364e-001
    outer loop
      vertex   -1.092344e+002 1.948621e+002 4.000000e+000
      vertex   -1.095820e+002 1.952218e+002 3.500000e+000
      vertex   -1.097574e+002 1.950465e+002 3.500000e+000
    endloop
  endfacet
  facet normal -4.735409e-001 4.735409e-001 6.698332e-001
    outer loop
      vertex   -1.092344e+002 1.948621e+002 4.000000e+000
      vertex   -1.097574e+002 1.950465e+002 3.500000e+000
      vertex   -1.093977e+002 1.946989e+002 4.000000e+000
    endloop
  endfacet
  facet normal -1.811327e-001 1.534077e-001 2.369409e-001
    outer loop
      vertex   -1.093977e+002 1.946989e+002 4.000000e+000
      vertex   -1.097574e+002 1.950465e+002 3.500000e+000
      vertex   -1.099176e+002 1.948573e+002 3.500000e+000
    endloop
  endfacet
  facet normal -5.208617e-001 4.325452e-001 6.786210e-001
    outer loop
      vertex   -1.093977e+002 1.946989e+002 4.000000e+000
      vertex   -1.099176e+002 1.948573e+002 3.500000e+000
      vertex   -1.095452e+002 1.945212e+002 4.000000e+000
    endloop
  endfacet
  facet normal -1.948227e-001 1.390938e-001 2.385778e-001
    outer loop
      vertex   -1.095452e+002 1.945212e+002 4.000000e+000
      vertex   -1.099176e+002 1.948573e+002 3.500000e+000
      vertex   -1.100617e+002 1.946555e+002 3.500000e+000
    endloop
  endfacet
  facet normal -5.641018e-001 3.863995e-001 6.864054e-001
    outer loop
      vertex   -1.095452e+002 1.945212e+002 4.000000e+000
      vertex   -1.100617e+002 1.946555e+002 3.500000e+000
      vertex   -1.096757e+002 1.943307e+002 4.000000e+000
    endloop
  endfacet
  facet normal -2.068451e-001 1.232565e-001 2.397220e-001
    outer loop
      vertex   -1.096757e+002 1.943307e+002 4.000000e+000
      vertex   -1.100617e+002 1.946555e+002 3.500000e+000
      vertex   -1.101886e+002 1.944425e+002 3.500000e+000
    endloop
  endfacet
  facet normal -6.025516e-001 3.356168e-001 6.930854e-001
    outer loop
      vertex   -1.096757e+002 1.943307e+002 4.000000e+000
      vertex   -1.101886e+002 1.944425e+002 3.500000e+000
      vertex   -1.097881e+002 1.941290e+002 4.000000e+000
    endloop
  endfacet
  facet normal -2.170216e-001 1.061024e-001 2.403643e-001
    outer loop
      vertex   -1.097881e+002 1.941290e+002 4.000000e+000
      vertex   -1.101886e+002 1.944425e+002 3.500000e+000
      vertex   -1.102975e+002 1.942197e+002 3.500000e+000
    endloop
  endfacet
  facet normal -6.356750e-001 2.806906e-001 6.985863e-001
    outer loop
      vertex   -1.097881e+002 1.941290e+002 4.000000e+000
      vertex   -1.102975e+002 1.942197e+002 3.500000e+000
      vertex   -1.098814e+002 1.939177e+002 4.000000e+000
    endloop
  endfacet
  facet normal -2.251969e-001 8.787410e-002 2.404995e-001
    outer loop
      vertex   -1.098814e+002 1.939177e+002 4.000000e+000
      vertex   -1.102975e+002 1.942197e+002 3.500000e+000
      vertex   -1.103876e+002 1.939887e+002 3.500000e+000
    endloop
  endfacet
  facet normal -6.629715e-001 2.221918e-001 7.028378e-001
    outer loop
      vertex   -1.098814e+002 1.939177e+002 4.000000e+000
      vertex   -1.103876e+002 1.939887e+002 3.500000e+000
      vertex   -1.099548e+002 1.936988e+002 4.000000e+000
    endloop
  endfacet
  facet normal -2.312407e-001 6.883773e-002 2.401231e-001
    outer loop
      vertex   -1.099548e+002 1.936988e+002 4.000000e+000
      vertex   -1.103876e+002 1.939887e+002 3.500000e+000
      vertex   -1.104584e+002 1.937511e+002 3.500000e+000
    endloop
  endfacet
  facet normal -6.839669e-001 1.608815e-001 7.057707e-001
    outer loop
      vertex   -1.099548e+002 1.936988e+002 4.000000e+000
      vertex   -1.104584e+002 1.937511e+002 3.500000e+000
      vertex   -1.100076e+002 1.934740e+002 4.000000e+000
    endloop
  endfacet
  facet normal -2.350366e-001 4.928188e-002 2.392027e-001
    outer loop
      vertex   -1.100076e+002 1.934740e+002 4.000000e+000
      vertex   -1.104584e+002 1.937511e+002 3.500000e+000
      vertex   -1.105093e+002 1.935084e+002 3.500000e+000
    endloop
  endfacet
  facet normal -6.983516e-001 9.739836e-002 7.073560e-001
    outer loop
      vertex   -1.100076e+002 1.934740e+002 4.000000e+000
      vertex   -1.105093e+002 1.935084e+002 3.500000e+000
      vertex   -1.100395e+002 1.932453e+002 4.000000e+000
    endloop
  endfacet
  facet normal -2.366139e-001 2.949419e-002 2.378197e-001
    outer loop
      vertex   -1.100395e+002 1.932453e+002 4.000000e+000
      vertex   -1.105093e+002 1.935084e+002 3.500000e+000
      vertex   -1.105399e+002 1.932624e+002 3.500000e+000
    endloop
  endfacet
  facet normal -7.058501e-001 3.263804e-002 7.075571e-001
    outer loop
      vertex   -1.100395e+002 1.932453e+002 4.000000e+000
      vertex   -1.105399e+002 1.932624e+002 3.500000e+000
      vertex   -1.100502e+002 1.930146e+002 4.000000e+000
    endloop
  endfacet
  facet normal -2.359478e-001 9.758495e-003 2.359478e-001
    outer loop
      vertex   -1.100502e+002 1.930146e+002 4.000000e+000
      vertex   -1.105399e+002 1.932624e+002 3.500000e+000
      vertex   -1.105502e+002 1.930146e+002 3.500000e+000
    endloop
  endfacet
  facet normal -7.071068e-001 0.000000e+000 7.071068e-001
    outer loop
      vertex   -1.105502e+002 1.905146e+002 3.500000e+000
      vertex   -1.100502e+002 1.905146e+002 4.000000e+000
      vertex   -1.105502e+002 1.930146e+002 3.500000e+000
    endloop
  endfacet
  facet normal -6.804138e-001 0.000000e+000 6.804138e-001
    outer loop
      vertex   -1.105502e+002 1.930146e+002 3.500000e+000
      vertex   -1.100502e+002 1.905146e+002 4.000000e+000
      vertex   -1.100502e+002 1.930146e+002 4.000000e+000
    endloop
  endfacet
  facet normal -6.022497e-001 5.279381e-001 2.940176e-001
    outer loop
      vertex   -1.104296e+002 1.875146e+002 5.444203e+000
      vertex   -1.100502e+002 1.878762e+002 5.572158e+000
      vertex   -1.105502e+002 1.875146e+002 5.197224e+000
    endloop
  endfacet
  facet normal -2.405146e-001 2.055731e-001 1.224958e-001
    outer loop
      vertex   -1.105502e+002 1.875146e+002 5.197224e+000
      vertex   -1.100502e+002 1.878762e+002 5.572158e+000
      vertex   -1.100502e+002 1.880031e+002 5.359156e+000
    endloop
  endfacet
  facet normal -6.930099e-001 5.826029e-001 3.822997e-001
    outer loop
      vertex   -1.105502e+002 1.875146e+002 5.197224e+000
      vertex   -1.100502e+002 1.880031e+002 5.359156e+000
      vertex   -1.105502e+002 1.876667e+002 4.965503e+000
    endloop
  endfacet
  facet normal -2.405942e-001 1.948052e-001 1.390987e-001
    outer loop
      vertex   -1.105502e+002 1.876667e+002 4.965503e+000
      vertex   -1.100502e+002 1.880031e+002 5.359156e+000
      vertex   -1.100502e+002 1.881472e+002 5.157362e+000
    endloop
  endfacet
  facet normal -6.910936e-001 5.490064e-001 4.260042e-001
    outer loop
      vertex   -1.105502e+002 1.876667e+002 4.965503e+000
      vertex   -1.100502e+002 1.881472e+002 5.157362e+000
      vertex   -1.105502e+002 1.878366e+002 4.746538e+000
    endloop
  endfacet
  facet normal -2.405323e-001 1.826175e-001 1.546672e-001
    outer loop
      vertex   -1.105502e+002 1.878366e+002 4.746538e+000
      vertex   -1.100502e+002 1.881472e+002 5.157362e+000
      vertex   -1.100502e+002 1.883074e+002 4.968155e+000
    endloop
  endfacet
  facet normal -6.890742e-001 5.120495e-001 4.666959e-001
    outer loop
      vertex   -1.105502e+002 1.878366e+002 4.746538e+000
      vertex   -1.100502e+002 1.883074e+002 4.968155e+000
      vertex   -1.105502e+002 1.880233e+002 4.541704e+000
    endloop
  endfacet
  facet normal -2.403475e-001 1.691107e-001 1.691070e-001
    outer loop
      vertex   -1.105502e+002 1.880233e+002 4.541704e+000
      vertex   -1.100502e+002 1.883074e+002 4.968155e+000
      vertex   -1.100502e+002 1.884828e+002 4.792828e+000
    endloop
  endfacet
  facet normal -6.869447e-001 4.719671e-001 5.041413e-001
    outer loop
      vertex   -1.105502e+002 1.880233e+002 4.541704e+000
      vertex   -1.100502e+002 1.884828e+002 4.792828e+000
      vertex   -1.105502e+002 1.882256e+002 4.352285e+000
    endloop
  endfacet
  facet normal -2.400386e-001 1.544002e-001 1.823023e-001
    outer loop
      vertex   -1.105502e+002 1.882256e+002 4.352285e+000
      vertex   -1.100502e+002 1.884828e+002 4.792828e+000
      vertex   -1.100502e+002 1.886720e+002 4.632578e+000
    endloop
  endfacet
  facet normal -6.847341e-001 4.291350e-001 5.380424e-001
    outer loop
      vertex   -1.105502e+002 1.882256e+002 4.352285e+000
      vertex   -1.100502e+002 1.886720e+002 4.632578e+000
      vertex   -1.105502e+002 1.884423e+002 4.179469e+000
    endloop
  endfacet
  facet normal -2.395995e-001 1.386029e-001 1.941292e-001
    outer loop
      vertex   -1.105502e+002 1.884423e+002 4.179469e+000
      vertex   -1.100502e+002 1.886720e+002 4.632578e+000
      vertex   -1.100502e+002 1.888738e+002 4.488501e+000
    endloop
  endfacet
  facet normal -6.824291e-001 3.838035e-001 5.682328e-001
    outer loop
      vertex   -1.105502e+002 1.884423e+002 4.179469e+000
      vertex   -1.100502e+002 1.888738e+002 4.488501e+000
      vertex   -1.105502e+002 1.886720e+002 4.024338e+000
    endloop
  endfacet
  facet normal -2.390268e-001 1.218559e-001 2.044963e-001
    outer loop
      vertex   -1.105502e+002 1.886720e+002 4.024338e+000
      vertex   -1.100502e+002 1.888738e+002 4.488501e+000
      vertex   -1.100502e+002 1.890868e+002 4.361579e+000
    endloop
  endfacet
  facet normal -6.800410e-001 3.363436e-001 5.945209e-001
    outer loop
      vertex   -1.105502e+002 1.886720e+002 4.024338e+000
      vertex   -1.100502e+002 1.890868e+002 4.361579e+000
      vertex   -1.105502e+002 1.889132e+002 3.887867e+000
    endloop
  endfacet
  facet normal -2.383443e-001 1.042973e-001 2.133496e-001
    outer loop
      vertex   -1.105502e+002 1.889132e+002 3.887867e+000
      vertex   -1.100502e+002 1.890868e+002 4.361579e+000
      vertex   -1.100502e+002 1.893095e+002 4.252680e+000
    endloop
  endfacet
  facet normal -6.775733e-001 2.870789e-001 6.167533e-001
    outer loop
      vertex   -1.105502e+002 1.889132e+002 3.887867e+000
      vertex   -1.100502e+002 1.893095e+002 4.252680e+000
      vertex   -1.105502e+002 1.891644e+002 3.770911e+000
    endloop
  endfacet
  facet normal -2.375230e-001 8.607388e-002 2.205881e-001
    outer loop
      vertex   -1.105502e+002 1.891644e+002 3.770911e+000
      vertex   -1.100502e+002 1.893095e+002 4.252680e+000
      vertex   -1.100502e+002 1.895405e+002 4.162548e+000
    endloop
  endfacet
  facet normal -6.750271e-001 2.363662e-001 6.348224e-001
    outer loop
      vertex   -1.105502e+002 1.891644e+002 3.770911e+000
      vertex   -1.100502e+002 1.895405e+002 4.162548e+000
      vertex   -1.105502e+002 1.894242e+002 3.674202e+000
    endloop
  endfacet
  facet normal -2.365854e-001 6.733927e-002 2.261880e-001
    outer loop
      vertex   -1.105502e+002 1.894242e+002 3.674202e+000
      vertex   -1.100502e+002 1.895405e+002 4.162548e+000
      vertex   -1.100502e+002 1.897782e+002 4.091799e+000
    endloop
  endfacet
  facet normal -6.724110e-001 1.845723e-001 6.486375e-001
    outer loop
      vertex   -1.105502e+002 1.894242e+002 3.674202e+000
      vertex   -1.100502e+002 1.897782e+002 4.091799e+000
      vertex   -1.105502e+002 1.896908e+002 3.598349e+000
    endloop
  endfacet
  facet normal -2.355217e-001 4.824948e-002 2.301000e-001
    outer loop
      vertex   -1.105502e+002 1.896908e+002 3.598349e+000
      vertex   -1.100502e+002 1.897782e+002 4.091799e+000
      vertex   -1.100502e+002 1.900208e+002 4.040916e+000
    endloop
  endfacet
  facet normal -6.697302e-001 1.320607e-001 6.581479e-001
    outer loop
      vertex   -1.105502e+002 1.896908e+002 3.598349e+000
      vertex   -1.100502e+002 1.900208e+002 4.040916e+000
      vertex   -1.105502e+002 1.899625e+002 3.543825e+000
    endloop
  endfacet
  facet normal -2.343612e-001 2.895972e-002 2.323334e-001
    outer loop
      vertex   -1.105502e+002 1.899625e+002 3.543825e+000
      vertex   -1.100502e+002 1.900208e+002 4.040916e+000
      vertex   -1.100502e+002 1.902669e+002 4.010247e+000
    endloop
  endfacet
  facet normal -6.669788e-001 7.918040e-002 6.633204e-001
    outer loop
      vertex   -1.105502e+002 1.899625e+002 3.543825e+000
      vertex   -1.100502e+002 1.902669e+002 4.010247e+000
      vertex   -1.105502e+002 1.902377e+002 3.510973e+000
    endloop
  endfacet
  facet normal -2.330776e-001 9.630981e-003 2.328538e-001
    outer loop
      vertex   -1.105502e+002 1.902377e+002 3.510973e+000
      vertex   -1.100502e+002 1.902669e+002 4.010247e+000
      vertex   -1.100502e+002 1.905146e+002 4.000000e+000
    endloop
  endfacet
  facet normal -6.641760e-001 2.631805e-002 6.641760e-001
    outer loop
      vertex   -1.105502e+002 1.902377e+002 3.510973e+000
      vertex   -1.100502e+002 1.905146e+002 4.000000e+000
      vertex   -1.105502e+002 1.905146e+002 3.500000e+000
    endloop
  endfacet
  facet normal -7.062573e-001 6.318322e-001 3.088499e-001
    outer loop
      vertex   -1.100502e+002 1.878762e+002 5.572158e+000
      vertex   -1.104296e+002 1.875146e+002 5.444203e+000
      vertex   -1.100502e+002 1.877673e+002 5.794914e+000
    endloop
  endfacet
  facet normal -2.659658e-001 2.399579e-001 1.148531e-001
    outer loop
      vertex   -1.100502e+002 1.877673e+002 5.794914e+000
      vertex   -1.104296e+002 1.875146e+002 5.444203e+000
      vertex   -1.103272e+002 1.875146e+002 5.681371e+000
    endloop
  endfacet
  facet normal -4.381138e-001 4.070015e-001 1.630893e-001
    outer loop
      vertex   -1.100502e+002 1.877673e+002 5.794914e+000
      vertex   -1.103272e+002 1.875146e+002 5.681371e+000
      vertex   -1.102418e+002 1.875146e+002 5.910691e+000
    endloop
  endfacet
  facet normal -5.725880e-001 5.288100e-001 2.063466e-001
    outer loop
      vertex   -1.100502e+002 1.877673e+002 5.794914e+000
      vertex   -1.102418e+002 1.875146e+002 5.910691e+000
      vertex   -1.100502e+002 1.876772e+002 6.025902e+000
    endloop
  endfacet
  facet normal -5.697085e-001 5.466228e-001 1.764244e-001
    outer loop
      vertex   -1.100502e+002 1.876772e+002 6.025902e+000
      vertex   -1.102418e+002 1.875146e+002 5.910691e+000
      vertex   -1.101727e+002 1.875146e+002 6.133975e+000
    endloop
  endfacet
  facet normal -5.422093e-001 5.094502e-001 1.516827e-001
    outer loop
      vertex   -1.100502e+002 1.876772e+002 6.025902e+000
      vertex   -1.101727e+002 1.875146e+002 6.133975e+000
      vertex   -1.100502e+002 1.876064e+002 6.263544e+000
    endloop
  endfacet
  facet normal -6.887013e-001 6.814781e-001 1.683014e-001
    outer loop
      vertex   -1.100502e+002 1.876064e+002 6.263544e+000
      vertex   -1.101727e+002 1.875146e+002 6.133975e+000
      vertex   -1.101192e+002 1.875146e+002 6.352921e+000
    endloop
  endfacet
  facet normal -4.913960e-001 4.640373e-001 9.727877e-002
    outer loop
      vertex   -1.100502e+002 1.876064e+002 6.263544e+000
      vertex   -1.101192e+002 1.875146e+002 6.352921e+000
      vertex   -1.100502e+002 1.875555e+002 6.506216e+000
    endloop
  endfacet
  facet normal -6.303434e-001 6.453984e-001 1.113973e-001
    outer loop
      vertex   -1.100502e+002 1.875555e+002 6.506216e+000
      vertex   -1.101192e+002 1.875146e+002 6.352921e+000
      vertex   -1.100810e+002 1.875146e+002 6.569164e+000
    endloop
  endfacet
  facet normal -4.045042e-001 3.763718e-001 4.691555e-002
    outer loop
      vertex   -1.100502e+002 1.875555e+002 6.506216e+000
      vertex   -1.100810e+002 1.875146e+002 6.569164e+000
      vertex   -1.100502e+002 1.875249e+002 6.752262e+000
    endloop
  endfacet
  facet normal -3.435640e-001 3.744357e-001 3.678051e-002
    outer loop
      vertex   -1.100502e+002 1.875249e+002 6.752262e+000
      vertex   -1.100810e+002 1.875146e+002 6.569164e+000
      vertex   -1.100579e+002 1.875146e+002 6.784315e+000
    endloop
  endfacet
  facet normal -2.582944e-001 2.240549e-001 9.273666e-003
    outer loop
      vertex   -1.100502e+002 1.875249e+002 6.752262e+000
      vertex   -1.100579e+002 1.875146e+002 6.784315e+000
      vertex   -1.100502e+002 1.875146e+002 7.000000e+000
    endloop
  endfacet
  facet normal -5.486228e-001 0.000000e+000 0.000000e+000
    outer loop
      vertex   -1.105502e+002 1.875146e+002 5.197224e+000
      vertex   -1.105502e+002 1.876667e+002 4.965503e+000
      vertex   -1.105502e+002 1.875146e+002 5.000000e-001
    endloop
  endfacet
  facet normal -4.162273e-002 0.000000e+000 0.000000e+000
    outer loop
      vertex   -1.105502e+002 1.875146e+002 5.000000e-001
      vertex   -1.105502e+002 1.876667e+002 4.965503e+000
      vertex   -1.105502e+002 1.878366e+002 4.746538e+000
    endloop
  endfacet
  facet normal -4.950000e-002 0.000000e+000 0.000000e+000
    outer loop
      vertex   -1.105502e+002 1.875146e+002 5.000000e-001
      vertex   -1.105502e+002 1.878366e+002 4.746538e+000
      vertex   -1.105502e+002 1.880233e+002 4.541704e+000
    endloop
  endfacet
  facet normal -8.096412e-001 0.000000e+000 -0.000000e+000
    outer loop
      vertex   -1.105502e+002 1.880233e+002 4.541704e+000
      vertex   -1.105502e+002 1.882256e+002 4.352285e+000
      vertex   -1.105502e+002 1.875146e+002 5.000000e-001
    endloop
  endfacet
  facet normal -6.441821e-002 0.000000e+000 0.000000e+000
    outer loop
      vertex   -1.105502e+002 1.875146e+002 5.000000e-001
      vertex   -1.105502e+002 1.882256e+002 4.352285e+000
      vertex   -1.105502e+002 1.884423e+002 4.179469e+000
    endloop
  endfacet
  facet normal -7.026036e-002 0.000000e+000 0.000000e+000
    outer loop
      vertex   -1.105502e+002 1.875146e+002 5.000000e-001
      vertex   -1.105502e+002 1.884423e+002 4.179469e+000
      vertex   -1.105502e+002 1.886720e+002 4.024338e+000
    endloop
  endfacet
  facet normal -9.805489e-001 0.000000e+000 -0.000000e+000
    outer loop
      vertex   -1.105502e+002 1.886720e+002 4.024338e+000
      vertex   -1.105502e+002 1.889132e+002 3.887867e+000
      vertex   -1.105502e+002 1.875146e+002 5.000000e-001
    endloop
  endfacet
  facet normal -7.558004e-002 0.000000e+000 0.000000e+000
    outer loop
      vertex   -1.105502e+002 1.875146e+002 5.000000e-001
      vertex   -1.105502e+002 1.889132e+002 3.887867e+000
      vertex   -1.105502e+002 1.891644e+002 3.770911e+000
    endloop
  endfacet
  facet normal -7.436120e-002 0.000000e+000 0.000000e+000
    outer loop
      vertex   -1.105502e+002 1.875146e+002 5.000000e-001
      vertex   -1.105502e+002 1.891644e+002 3.770911e+000
      vertex   -1.105502e+002 1.894242e+002 3.674202e+000
    endloop
  endfacet
  facet normal -9.652600e-001 0.000000e+000 -0.000000e+000
    outer loop
      vertex   -1.105502e+002 1.894242e+002 3.674202e+000
      vertex   -1.105502e+002 1.896908e+002 3.598349e+000
      vertex   -1.105502e+002 1.875146e+002 5.000000e-001
    endloop
  endfacet
  facet normal -6.495133e-002 0.000000e+000 0.000000e+000
    outer loop
      vertex   -1.105502e+002 1.875146e+002 5.000000e-001
      vertex   -1.105502e+002 1.896908e+002 3.598349e+000
      vertex   -1.105502e+002 1.899625e+002 3.543825e+000
    endloop
  endfacet
  facet normal -5.789806e-002 0.000000e+000 0.000000e+000
    outer loop
      vertex   -1.105502e+002 1.875146e+002 5.000000e-001
      vertex   -1.105502e+002 1.899625e+002 3.543825e+000
      vertex   -1.105502e+002 1.902377e+002 3.510973e+000
    endloop
  endfacet
  facet normal -7.676526e-001 0.000000e+000 -0.000000e+000
    outer loop
      vertex   -1.105502e+002 1.902377e+002 3.510973e+000
      vertex   -1.105502e+002 1.905146e+002 3.500000e+000
      vertex   -1.105502e+002 1.875146e+002 5.000000e-001
    endloop
  endfacet
  facet normal -7.071068e-001 0.000000e+000 0.000000e+000
    outer loop
      vertex   -1.105502e+002 1.875146e+002 5.000000e-001
      vertex   -1.105502e+002 1.905146e+002 3.500000e+000
      vertex   -1.105502e+002 1.930146e+002 5.000000e-001
    endloop
  endfacet
  facet normal -6.401844e-001 0.000000e+000 0.000000e+000
    outer loop
      vertex   -1.105502e+002 1.930146e+002 5.000000e-001
      vertex   -1.105502e+002 1.905146e+002 3.500000e+000
      vertex   -1.105502e+002 1.930146e+002 3.500000e+000
    endloop
  endfacet
  facet normal -9.991458e-001 4.132338e-002 0.000000e+000
    outer loop
      vertex   -1.105502e+002 1.930146e+002 3.500000e+000
      vertex   -1.105399e+002 1.932624e+002 3.500000e+000
      vertex   -1.105502e+002 1.930146e+002 5.000000e-001
    endloop
  endfacet
  facet normal -9.957505e-001 4.118296e-002 0.000000e+000
    outer loop
      vertex   -1.105502e+002 1.930146e+002 5.000000e-001
      vertex   -1.105399e+002 1.932624e+002 3.500000e+000
      vertex   -1.105399e+002 1.932624e+002 5.000000e-001
    endloop
  endfacet
  facet normal -8.173729e-002 1.018865e-002 0.000000e+000
    outer loop
      vertex   -1.105399e+002 1.932624e+002 5.000000e-001
      vertex   -1.105399e+002 1.932624e+002 3.500000e+000
      vertex   -1.105093e+002 1.935084e+002 3.500000e+000
    endloop
  endfacet
  facet normal -9.889483e-001 1.232736e-001 0.000000e+000
    outer loop
      vertex   -1.105399e+002 1.932624e+002 5.000000e-001
      vertex   -1.105093e+002 1.935084e+002 3.500000e+000
      vertex   -1.105093e+002 1.935084e+002 5.000000e-001
    endloop
  endfacet
  facet normal -8.061200e-002 1.690252e-002 0.000000e+000
    outer loop
      vertex   -1.105093e+002 1.935084e+002 5.000000e-001
      vertex   -1.105093e+002 1.935084e+002 3.500000e+000
      vertex   -1.104584e+002 1.937511e+002 3.500000e+000
    endloop
  endfacet
  facet normal -9.753915e-001 2.045176e-001 0.000000e+000
    outer loop
      vertex   -1.105093e+002 1.935084e+002 5.000000e-001
      vertex   -1.104584e+002 1.937511e+002 3.500000e+000
      vertex   -1.104584e+002 1.937511e+002 5.000000e-001
    endloop
  endfacet
  facet normal -7.894932e-002 2.350231e-002 0.000000e+000
    outer loop
      vertex   -1.104584e+002 1.937511e+002 5.000000e-001
      vertex   -1.104584e+002 1.937511e+002 3.500000e+000
      vertex   -1.103876e+002 1.939887e+002 3.500000e+000
    endloop
  endfacet
  facet normal -9.551767e-001 2.843452e-001 -3.469447e-018
    outer loop
      vertex   -1.104584e+002 1.937511e+002 5.000000e-001
      vertex   -1.103876e+002 1.939887e+002 3.500000e+000
      vertex   -1.103876e+002 1.939887e+002 5.000000e-001
    endloop
  endfacet
  facet normal -7.673421e-002 2.994246e-002 0.000000e+000
    outer loop
      vertex   -1.103876e+002 1.939887e+002 5.000000e-001
      vertex   -1.103876e+002 1.939887e+002 3.500000e+000
      vertex   -1.102975e+002 1.942197e+002 3.500000e+000
    endloop
  endfacet
  facet normal -9.284226e-001 3.622799e-001 3.469447e-018
    outer loop
      vertex   -1.103876e+002 1.939887e+002 5.000000e-001
      vertex   -1.102975e+002 1.942197e+002 3.500000e+000
      vertex   -1.102975e+002 1.942197e+002 5.000000e-001
    endloop
  endfacet
  facet normal -7.399698e-002 3.617731e-002 0.000000e+000
    outer loop
      vertex   -1.102975e+002 1.942197e+002 5.000000e-001
      vertex   -1.102975e+002 1.942197e+002 3.500000e+000
      vertex   -1.101886e+002 1.944425e+002 3.500000e+000
    endloop
  endfacet
  facet normal -8.953269e-001 4.377276e-001 0.000000e+000
    outer loop
      vertex   -1.102975e+002 1.942197e+002 5.000000e-001
      vertex   -1.101886e+002 1.944425e+002 3.500000e+000
      vertex   -1.101886e+002 1.944425e+002 5.000000e-001
    endloop
  endfacet
  facet normal -7.075789e-002 4.216377e-002 0.000000e+000
    outer loop
      vertex   -1.101886e+002 1.944425e+002 5.000000e-001
      vertex   -1.101886e+002 1.944425e+002 3.500000e+000
      vertex   -1.100617e+002 1.946555e+002 3.500000e+000
    endloop
  endfacet
  facet normal -8.561284e-001 5.101566e-001 0.000000e+000
    outer loop
      vertex   -1.101886e+002 1.944425e+002 5.000000e-001
      vertex   -1.100617e+002 1.946555e+002 3.500000e+000
      vertex   -1.100617e+002 1.946555e+002 5.000000e-001
    endloop
  endfacet
  facet normal -6.703725e-002 4.786130e-002 0.000000e+000
    outer loop
      vertex   -1.100617e+002 1.946555e+002 5.000000e-001
      vertex   -1.100617e+002 1.946555e+002 3.500000e+000
      vertex   -1.099176e+002 1.948573e+002 3.500000e+000
    endloop
  endfacet
  facet normal -8.110967e-001 5.790832e-001 0.000000e+000
    outer loop
      vertex   -1.100617e+002 1.946555e+002 5.000000e-001
      vertex   -1.099176e+002 1.948573e+002 3.500000e+000
      vertex   -1.099176e+002 1.948573e+002 5.000000e-001
    endloop
  endfacet
  facet normal -6.285534e-002 5.323442e-002 0.000000e+000
    outer loop
      vertex   -1.099176e+002 1.948573e+002 5.000000e-001
      vertex   -1.099176e+002 1.948573e+002 3.500000e+000
      vertex   -1.097574e+002 1.950465e+002 3.500000e+000
    endloop
  endfacet
  facet normal -7.604990e-001 6.440936e-001 0.000000e+000
    outer loop
      vertex   -1.099176e+002 1.948573e+002 5.000000e-001
      vertex   -1.097574e+002 1.950465e+002 3.500000e+000
      vertex   -1.097574e+002 1.950465e+002 5.000000e-001
    endloop
  endfacet
  facet normal -7.070914e-001 7.071221e-001 0.000000e+000
    outer loop
      vertex   -1.097574e+002 1.950465e+002 5.000000e-001
      vertex   -1.097574e+002 1.950465e+002 3.500000e+000
      vertex   -1.095820e+002 1.952218e+002 5.000000e-001
    endloop
  endfacet
  facet normal -5.824257e-002 5.824511e-002 0.000000e+000
    outer loop
      vertex   -1.095820e+002 1.952218e+002 5.000000e-001
      vertex   -1.097574e+002 1.950465e+002 3.500000e+000
      vertex   -1.095820e+002 1.952218e+002 3.500000e+000
    endloop
  endfacet
  facet normal -5.323443e-002 6.285282e-002 0.000000e+000
    outer loop
      vertex   -1.095820e+002 1.952218e+002 5.000000e-001
      vertex   -1.095820e+002 1.952218e+002 3.500000e+000
      vertex   -1.093928e+002 1.953820e+002 3.500000e+000
    endloop
  endfacet
  facet normal -6.441088e-001 7.604863e-001 6.938894e-018
    outer loop
      vertex   -1.095820e+002 1.952218e+002 5.000000e-001
      vertex   -1.093928e+002 1.953820e+002 3.500000e+000
      vertex   -1.093928e+002 1.953820e+002 5.000000e-001
    endloop
  endfacet
  facet normal -4.786636e-002 6.703723e-002 0.000000e+000
    outer loop
      vertex   -1.093928e+002 1.953820e+002 5.000000e-001
      vertex   -1.093928e+002 1.953820e+002 3.500000e+000
      vertex   -1.091910e+002 1.955261e+002 3.500000e+000
    endloop
  endfacet
  facet normal -5.791237e-001 8.110675e-001 0.000000e+000
    outer loop
      vertex   -1.093928e+002 1.953820e+002 5.000000e-001
      vertex   -1.091910e+002 1.955261e+002 3.500000e+000
      vertex   -1.091910e+002 1.955261e+002 5.000000e-001
    endloop
  endfacet
  facet normal -4.216377e-002 7.076041e-002 0.000000e+000
    outer loop
      vertex   -1.091910e+002 1.955261e+002 5.000000e-001
      vertex   -1.091910e+002 1.955261e+002 3.500000e+000
      vertex   -1.089780e+002 1.956530e+002 3.500000e+000
    endloop
  endfacet
  facet normal -5.101430e-001 8.561363e-001 0.000000e+000
    outer loop
      vertex   -1.091910e+002 1.955261e+002 5.000000e-001
      vertex   -1.089780e+002 1.956530e+002 3.500000e+000
      vertex   -1.089780e+002 1.956530e+002 5.000000e-001
    endloop
  endfacet
  facet normal -3.617224e-002 7.399951e-002 0.000000e+000
    outer loop
      vertex   -1.089780e+002 1.956530e+002 5.000000e-001
      vertex   -1.089780e+002 1.956530e+002 3.500000e+000
      vertex   -1.087553e+002 1.957619e+002 3.500000e+000
    endloop
  endfacet
  facet normal -4.376660e-001 8.953570e-001 0.000000e+000
    outer loop
      vertex   -1.089780e+002 1.956530e+002 5.000000e-001
      vertex   -1.087553e+002 1.957619e+002 3.500000e+000
      vertex   -1.087553e+002 1.957619e+002 5.000000e-001
    endloop
  endfacet
  facet normal -2.994246e-002 7.673421e-002 0.000000e+000
    outer loop
      vertex   -1.087553e+002 1.957619e+002 5.000000e-001
      vertex   -1.087553e+002 1.957619e+002 3.500000e+000
      vertex   -1.085243e+002 1.958521e+002 3.500000e+000
    endloop
  endfacet
  facet normal -3.622799e-001 9.284226e-001 -3.469447e-018
    outer loop
      vertex   -1.087553e+002 1.957619e+002 5.000000e-001
      vertex   -1.085243e+002 1.958521e+002 3.500000e+000
      vertex   -1.085243e+002 1.958521e+002 5.000000e-001
    endloop
  endfacet
  facet normal -2.350486e-002 7.894428e-002 0.000000e+000
    outer loop
      vertex   -1.085243e+002 1.958521e+002 5.000000e-001
      vertex   -1.085243e+002 1.958521e+002 3.500000e+000
      vertex   -1.082867e+002 1.959228e+002 3.500000e+000
    endloop
  endfacet
  facet normal -2.843902e-001 9.551636e-001 -6.938894e-018
    outer loop
      vertex   -1.085243e+002 1.958521e+002 5.000000e-001
      vertex   -1.082867e+002 1.959228e+002 3.500000e+000
      vertex   -1.082867e+002 1.959228e+002 5.000000e-001
    endloop
  endfacet
  facet normal -1.690505e-002 8.061704e-002 0.000000e+000
    outer loop
      vertex   -1.082867e+002 1.959228e+002 5.000000e-001
      vertex   -1.082867e+002 1.959228e+002 3.500000e+000
      vertex   -1.080440e+002 1.959737e+002 3.500000e+000
    endloop
  endfacet
  facet normal -2.045345e-001 9.753875e-001 0.000000e+000
    outer loop
      vertex   -1.082867e+002 1.959228e+002 5.000000e-001
      vertex   -1.080440e+002 1.959737e+002 3.500000e+000
      vertex   -1.080440e+002 1.959737e+002 5.000000e-001
    endloop
  endfacet
  facet normal -1.018865e-002 8.173477e-002 0.000000e+000
    outer loop
      vertex   -1.080440e+002 1.959737e+002 5.000000e-001
      vertex   -1.080440e+002 1.959737e+002 3.500000e+000
      vertex   -1.077979e+002 1.960044e+002 3.500000e+000
    endloop
  endfacet
  facet normal -1.232774e-001 9.889481e-001 0.000000e+000
    outer loop
      vertex   -1.080440e+002 1.959737e+002 5.000000e-001
      vertex   -1.077979e+002 1.960044e+002 3.500000e+000
      vertex   -1.077979e+002 1.960044e+002 5.000000e-001
    endloop
  endfacet
  facet normal -3.401285e-003 8.229994e-002 0.000000e+000
    outer loop
      vertex   -1.077979e+002 1.960044e+002 5.000000e-001
      vertex   -1.077979e+002 1.960044e+002 3.500000e+000
      vertex   -1.075502e+002 1.960146e+002 3.500000e+000
    endloop
  endfacet
  facet normal -4.115234e-002 9.957518e-001 0.000000e+000
    outer loop
      vertex   -1.077979e+002 1.960044e+002 5.000000e-001
      vertex   -1.075502e+002 1.960146e+002 3.500000e+000
      vertex   -1.075502e+002 1.960146e+002 5.000000e-001
    endloop
  endfacet
  facet normal -0.000000e+000 1.000000e+000 0.000000e+000
    outer loop
      vertex   -1.075502e+002 1.960146e+002 3.500000e+000
      vertex   -5.155019e+001 1.960146e+002 3.500000e+000
      vertex   -1.075502e+002 1.960146e+002 5.000000e-001
    endloop
  endfacet
  facet normal 0.000000e+000 5.349472e-002 0.000000e+000
    outer loop
      vertex   -1.075502e+002 1.960146e+002 5.000000e-001
      vertex   -5.155019e+001 1.960146e+002 3.500000e+000
      vertex   -5.155019e+001 1.960146e+002 5.000000e-001
    endloop
  endfacet
  facet normal 4.129330e-002 9.991471e-001 0.000000e+000
    outer loop
      vertex   -5.155019e+001 1.960146e+002 3.500000e+000
      vertex   -5.130246e+001 1.960044e+002 3.500000e+000
      vertex   -5.155019e+001 1.960146e+002 5.000000e-001
    endloop
  endfacet
  facet normal 4.115298e-002 9.957519e-001 0.000000e+000
    outer loop
      vertex   -5.155019e+001 1.960146e+002 5.000000e-001
      vertex   -5.130246e+001 1.960044e+002 3.500000e+000
      vertex   -5.130246e+001 1.960044e+002 5.000000e-001
    endloop
  endfacet
  facet normal 1.018865e-002 8.173603e-002 -0.000000e+000
    outer loop
      vertex   -5.130246e+001 1.960044e+002 5.000000e-001
      vertex   -5.130246e+001 1.960044e+002 3.500000e+000
      vertex   -5.105641e+001 1.959737e+002 3.500000e+000
    endloop
  endfacet
  facet normal 1.232755e-001 9.889482e-001 0.000000e+000
    outer loop
      vertex   -5.130246e+001 1.960044e+002 5.000000e-001
      vertex   -5.105641e+001 1.959737e+002 3.500000e+000
      vertex   -5.105641e+001 1.959737e+002 5.000000e-001
    endloop
  endfacet
  facet normal 1.690505e-002 8.061578e-002 -0.000000e+000
    outer loop
      vertex   -5.105641e+001 1.959737e+002 5.000000e-001
      vertex   -5.105641e+001 1.959737e+002 3.500000e+000
      vertex   -5.081374e+001 1.959228e+002 3.500000e+000
    endloop
  endfacet
  facet normal 2.045376e-001 9.753869e-001 3.469447e-018
    outer loop
      vertex   -5.105641e+001 1.959737e+002 5.000000e-001
      vertex   -5.081374e+001 1.959228e+002 3.500000e+000
      vertex   -5.081374e+001 1.959228e+002 5.000000e-001
    endloop
  endfacet
  facet normal 2.350486e-002 7.894554e-002 -0.000000e+000
    outer loop
      vertex   -5.081374e+001 1.959228e+002 5.000000e-001
      vertex   -5.081374e+001 1.959228e+002 3.500000e+000
      vertex   -5.057610e+001 1.958521e+002 3.500000e+000
    endloop
  endfacet
  facet normal 2.843860e-001 9.551647e-001 -3.469447e-018
    outer loop
      vertex   -5.081374e+001 1.959228e+002 5.000000e-001
      vertex   -5.057610e+001 1.958521e+002 3.500000e+000
      vertex   -5.057610e+001 1.958521e+002 5.000000e-001
    endloop
  endfacet
  facet normal 2.994246e-002 7.673421e-002 -0.000000e+000
    outer loop
      vertex   -5.057610e+001 1.958521e+002 5.000000e-001
      vertex   -5.057610e+001 1.958521e+002 3.500000e+000
      vertex   -5.034511e+001 1.957619e+002 3.500000e+000
    endloop
  endfacet
  facet normal 3.622799e-001 9.284226e-001 3.469447e-018
    outer loop
      vertex   -5.057610e+001 1.958521e+002 5.000000e-001
      vertex   -5.034511e+001 1.957619e+002 3.500000e+000
      vertex   -5.034511e+001 1.957619e+002 5.000000e-001
    endloop
  endfacet
  facet normal 3.617224e-002 7.399951e-002 -0.000000e+000
    outer loop
      vertex   -5.034511e+001 1.957619e+002 5.000000e-001
      vertex   -5.034511e+001 1.957619e+002 3.500000e+000
      vertex   -5.012235e+001 1.956530e+002 3.500000e+000
    endloop
  endfacet
  facet normal 4.376660e-001 8.953570e-001 0.000000e+000
    outer loop
      vertex   -5.034511e+001 1.957619e+002 5.000000e-001
      vertex   -5.012235e+001 1.956530e+002 3.500000e+000
      vertex   -5.012235e+001 1.956530e+002 5.000000e-001
    endloop
  endfacet
  facet normal 4.216377e-002 7.075915e-002 -0.000000e+000
    outer loop
      vertex   -5.012235e+001 1.956530e+002 5.000000e-001
      vertex   -5.012235e+001 1.956530e+002 3.500000e+000
      vertex   -4.990935e+001 1.955261e+002 3.500000e+000
    endloop
  endfacet
  facet normal 5.101498e-001 8.561323e-001 0.000000e+000
    outer loop
      vertex   -5.012235e+001 1.956530e+002 5.000000e-001
      vertex   -4.990935e+001 1.955261e+002 3.500000e+000
      vertex   -4.990935e+001 1.955261e+002 5.000000e-001
    endloop
  endfacet
  facet normal 4.786636e-002 6.703597e-002 -0.000000e+000
    outer loop
      vertex   -4.990935e+001 1.955261e+002 5.000000e-001
      vertex   -4.990935e+001 1.955261e+002 3.500000e+000
      vertex   -4.970756e+001 1.953820e+002 3.500000e+000
    endloop
  endfacet
  facet normal 5.791310e-001 8.110625e-001 6.938894e-018
    outer loop
      vertex   -4.990935e+001 1.955261e+002 5.000000e-001
      vertex   -4.970756e+001 1.953820e+002 3.500000e+000
      vertex   -4.970756e+001 1.953820e+002 5.000000e-001
    endloop
  endfacet
  facet normal 5.323442e-002 6.285408e-002 -0.000000e+000
    outer loop
      vertex   -4.970756e+001 1.953820e+002 5.000000e-001
      vertex   -4.970756e+001 1.953820e+002 3.500000e+000
      vertex   -4.951835e+001 1.952218e+002 3.500000e+000
    endloop
  endfacet
  facet normal 6.441012e-001 7.604927e-001 0.000000e+000
    outer loop
      vertex   -4.970756e+001 1.953820e+002 5.000000e-001
      vertex   -4.951835e+001 1.952218e+002 3.500000e+000
      vertex   -4.951835e+001 1.952218e+002 5.000000e-001
    endloop
  endfacet
  facet normal 7.070991e-001 7.071145e-001 -0.000000e+000
    outer loop
      vertex   -4.951835e+001 1.952218e+002 5.000000e-001
      vertex   -4.951835e+001 1.952218e+002 3.500000e+000
      vertex   -4.934303e+001 1.950465e+002 5.000000e-001
    endloop
  endfacet
  facet normal 5.824258e-002 5.824384e-002 -0.000000e+000
    outer loop
      vertex   -4.934303e+001 1.950465e+002 5.000000e-001
      vertex   -4.951835e+001 1.952218e+002 3.500000e+000
      vertex   -4.934303e+001 1.950465e+002 3.500000e+000
    endloop
  endfacet
  facet normal 6.285534e-002 5.323568e-002 -0.000000e+000
    outer loop
      vertex   -4.934303e+001 1.950465e+002 5.000000e-001
      vertex   -4.934303e+001 1.950465e+002 3.500000e+000
      vertex   -4.918277e+001 1.948573e+002 3.500000e+000
    endloop
  endfacet
  facet normal 7.604914e-001 6.441025e-001 0.000000e+000
    outer loop
      vertex   -4.934303e+001 1.950465e+002 5.000000e-001
      vertex   -4.918277e+001 1.948573e+002 3.500000e+000
      vertex   -4.918277e+001 1.948573e+002 5.000000e-001
    endloop
  endfacet
  facet normal 6.703725e-002 4.786257e-002 -0.000000e+000
    outer loop
      vertex   -4.918277e+001 1.948573e+002 5.000000e-001
      vertex   -4.918277e+001 1.948573e+002 3.500000e+000
      vertex   -4.903870e+001 1.946555e+002 3.500000e+000
    endloop
  endfacet
  facet normal 8.110895e-001 5.790933e-001 0.000000e+000
    outer loop
      vertex   -4.918277e+001 1.948573e+002 5.000000e-001
      vertex   -4.903870e+001 1.946555e+002 3.500000e+000
      vertex   -4.903870e+001 1.946555e+002 5.000000e-001
    endloop
  endfacet
  facet normal 7.075789e-002 4.216377e-002 -0.000000e+000
    outer loop
      vertex   -4.903870e+001 1.946555e+002 5.000000e-001
      vertex   -4.903870e+001 1.946555e+002 3.500000e+000
      vertex   -4.891177e+001 1.944425e+002 3.500000e+000
    endloop
  endfacet
  facet normal 8.561284e-001 5.101566e-001 0.000000e+000
    outer loop
      vertex   -4.903870e+001 1.946555e+002 5.000000e-001
      vertex   -4.891177e+001 1.944425e+002 3.500000e+000
      vertex   -4.891177e+001 1.944425e+002 5.000000e-001
    endloop
  endfacet
  facet normal 7.399698e-002 3.617604e-002 -0.000000e+000
    outer loop
      vertex   -4.891177e+001 1.944425e+002 5.000000e-001
      vertex   -4.891177e+001 1.944425e+002 3.500000e+000
      vertex   -4.880288e+001 1.942197e+002 3.500000e+000
    endloop
  endfacet
  facet normal 8.953329e-001 4.377153e-001 0.000000e+000
    outer loop
      vertex   -4.891177e+001 1.944425e+002 5.000000e-001
      vertex   -4.880288e+001 1.942197e+002 3.500000e+000
      vertex   -4.880288e+001 1.942197e+002 5.000000e-001
    endloop
  endfacet
  facet normal 7.673422e-002 2.994119e-002 -0.000000e+000
    outer loop
      vertex   -4.880288e+001 1.942197e+002 5.000000e-001
      vertex   -4.880288e+001 1.942197e+002 3.500000e+000
      vertex   -4.871275e+001 1.939887e+002 3.500000e+000
    endloop
  endfacet
  facet normal 9.284279e-001 3.622666e-001 3.469447e-018
    outer loop
      vertex   -4.880288e+001 1.942197e+002 5.000000e-001
      vertex   -4.871275e+001 1.939887e+002 3.500000e+000
      vertex   -4.871275e+001 1.939887e+002 5.000000e-001
    endloop
  endfacet
  facet normal 7.894932e-002 2.350358e-002 -0.000000e+000
    outer loop
      vertex   -4.871275e+001 1.939887e+002 5.000000e-001
      vertex   -4.871275e+001 1.939887e+002 3.500000e+000
      vertex   -4.864199e+001 1.937511e+002 3.500000e+000
    endloop
  endfacet
  facet normal 9.551724e-001 2.843593e-001 0.000000e+000
    outer loop
      vertex   -4.871275e+001 1.939887e+002 5.000000e-001
      vertex   -4.864199e+001 1.937511e+002 3.500000e+000
      vertex   -4.864199e+001 1.937511e+002 5.000000e-001
    endloop
  endfacet
  facet normal 8.061200e-002 1.690378e-002 -0.000000e+000
    outer loop
      vertex   -4.864199e+001 1.937511e+002 5.000000e-001
      vertex   -4.864199e+001 1.937511e+002 3.500000e+000
      vertex   -4.859111e+001 1.935084e+002 3.500000e+000
    endloop
  endfacet
  facet normal 9.753884e-001 2.045323e-001 0.000000e+000
    outer loop
      vertex   -4.864199e+001 1.937511e+002 5.000000e-001
      vertex   -4.859111e+001 1.935084e+002 3.500000e+000
      vertex   -4.859111e+001 1.935084e+002 5.000000e-001
    endloop
  endfacet
  facet normal 8.173729e-002 1.018738e-002 -0.000000e+000
    outer loop
      vertex   -4.859111e+001 1.935084e+002 5.000000e-001
      vertex   -4.859111e+001 1.935084e+002 3.500000e+000
      vertex   -4.856044e+001 1.932624e+002 3.500000e+000
    endloop
  endfacet
  facet normal 9.889503e-001 1.232585e-001 0.000000e+000
    outer loop
      vertex   -4.859111e+001 1.935084e+002 5.000000e-001
      vertex   -4.856044e+001 1.932624e+002 3.500000e+000
      vertex   -4.856044e+001 1.932624e+002 5.000000e-001
    endloop
  endfacet
  facet normal 8.229994e-002 3.405086e-003 -0.000000e+000
    outer loop
      vertex   -4.856044e+001 1.932624e+002 5.000000e-001
      vertex   -4.856044e+001 1.932624e+002 3.500000e+000
      vertex   -4.855019e+001 1.930146e+002 3.500000e+000
    endloop
  endfacet
  facet normal 9.957499e-001 4.119826e-002 4.336809e-019
    outer loop
      vertex   -4.856044e+001 1.932624e+002 5.000000e-001
      vertex   -4.855019e+001 1.930146e+002 3.500000e+000
      vertex   -4.855019e+001 1.930146e+002 5.000000e-001
    endloop
  endfacet
  facet normal 1.000000e+000 0.000000e+000 0.000000e+000
    outer loop
      vertex   -4.855019e+001 1.930146e+002 3.500000e+000
      vertex   -4.855019e+001 1.905146e+002 3.500000e+000
      vertex   -4.855019e+001 1.930146e+002 5.000000e-001
    endloop
  endfacet
  facet normal 7.682213e-001 0.000000e+000 0.000000e+000
    outer loop
      vertex   -4.855019e+001 1.930146e+002 5.000000e-001
      vertex   -4.855019e+001 1.905146e+002 3.500000e+000
      vertex   -4.855019e+001 1.875146e+002 5.000000e-001
    endloop
  endfacet
  facet normal 5.014665e-002 0.000000e+000 0.000000e+000
    outer loop
      vertex   -4.855019e+001 1.875146e+002 5.000000e-001
      vertex   -4.855019e+001 1.905146e+002 3.500000e+000
      vertex   -4.855019e+001 1.902377e+002 3.510973e+000
    endloop
  endfacet
  facet normal 5.789806e-002 0.000000e+000 0.000000e+000
    outer loop
      vertex   -4.855019e+001 1.875146e+002 5.000000e-001
      vertex   -4.855019e+001 1.902377e+002 3.510973e+000
      vertex   -4.855019e+001 1.899625e+002 3.543825e+000
    endloop
  endfacet
  facet normal 8.873296e-001 0.000000e+000 0.000000e+000
    outer loop
      vertex   -4.855019e+001 1.899625e+002 3.543825e+000
      vertex   -4.855019e+001 1.896908e+002 3.598349e+000
      vertex   -4.855019e+001 1.875146e+002 5.000000e-001
    endloop
  endfacet
  facet normal 7.065789e-002 0.000000e+000 0.000000e+000
    outer loop
      vertex   -4.855019e+001 1.875146e+002 5.000000e-001
      vertex   -4.855019e+001 1.896908e+002 3.598349e+000
      vertex   -4.855019e+001 1.894242e+002 3.674202e+000
    endloop
  endfacet
  facet normal 7.436120e-002 0.000000e+000 0.000000e+000
    outer loop
      vertex   -4.855019e+001 1.875146e+002 5.000000e-001
      vertex   -4.855019e+001 1.894242e+002 3.674202e+000
      vertex   -4.855019e+001 1.891644e+002 3.770911e+000
    endloop
  endfacet
  facet normal 9.995035e-001 0.000000e+000 0.000000e+000
    outer loop
      vertex   -4.855019e+001 1.891644e+002 3.770911e+000
      vertex   -4.855019e+001 1.889132e+002 3.887867e+000
      vertex   -4.855019e+001 1.875146e+002 5.000000e-001
    endloop
  endfacet
  facet normal 7.414711e-002 0.000000e+000 0.000000e+000
    outer loop
      vertex   -4.855019e+001 1.875146e+002 5.000000e-001
      vertex   -4.855019e+001 1.889132e+002 3.887867e+000
      vertex   -4.855019e+001 1.886720e+002 4.024338e+000
    endloop
  endfacet
  facet normal 7.026036e-002 0.000000e+000 0.000000e+000
    outer loop
      vertex   -4.855019e+001 1.875146e+002 5.000000e-001
      vertex   -4.855019e+001 1.886720e+002 4.024338e+000
      vertex   -4.855019e+001 1.884423e+002 4.179469e+000
    endloop
  endfacet
  facet normal 9.105033e-001 0.000000e+000 0.000000e+000
    outer loop
      vertex   -4.855019e+001 1.884423e+002 4.179469e+000
      vertex   -4.855019e+001 1.882256e+002 4.352285e+000
      vertex   -4.855019e+001 1.875146e+002 5.000000e-001
    endloop
  endfacet
  facet normal 5.728367e-002 0.000000e+000 0.000000e+000
    outer loop
      vertex   -4.855019e+001 1.875146e+002 5.000000e-001
      vertex   -4.855019e+001 1.882256e+002 4.352285e+000
      vertex   -4.855019e+001 1.880233e+002 4.541704e+000
    endloop
  endfacet
  facet normal 4.950000e-002 0.000000e+000 0.000000e+000
    outer loop
      vertex   -4.855019e+001 1.875146e+002 5.000000e-001
      vertex   -4.855019e+001 1.880233e+002 4.541704e+000
      vertex   -4.855019e+001 1.878366e+002 4.746538e+000
    endloop
  endfacet
  facet normal 6.710163e-001 0.000000e+000 0.000000e+000
    outer loop
      vertex   -4.855019e+001 1.878366e+002 4.746538e+000
      vertex   -4.855019e+001 1.876667e+002 4.965503e+000
      vertex   -4.855019e+001 1.875146e+002 5.000000e-001
    endloop
  endfacet
  facet normal 3.403105e-002 0.000000e+000 0.000000e+000
    outer loop
      vertex   -4.855019e+001 1.875146e+002 5.000000e-001
      vertex   -4.855019e+001 1.876667e+002 4.965503e+000
      vertex   -4.855019e+001 1.875146e+002 5.197224e+000
    endloop
  endfacet
  facet normal 4.126677e-002 3.584975e-002 1.481620e-003
    outer loop
      vertex   -1.060502e+002 1.875146e+002 7.000000e+000
      vertex   -1.060424e+002 1.875146e+002 6.784315e+000
      vertex   -1.060502e+002 1.875248e+002 6.752632e+000
    endloop
  endfacet
  facet normal 3.453950e-001 3.762183e-001 3.697653e-002
    outer loop
      vertex   -1.060502e+002 1.875248e+002 6.752632e+000
      vertex   -1.060424e+002 1.875146e+002 6.784315e+000
      vertex   -1.060194e+002 1.875146e+002 6.569164e+000
    endloop
  endfacet
  facet normal 1.760770e-001 1.639260e-001 2.040274e-002
    outer loop
      vertex   -1.060502e+002 1.875248e+002 6.752632e+000
      vertex   -1.060194e+002 1.875146e+002 6.569164e+000
      vertex   -1.060502e+002 1.875554e+002 6.506948e+000
    endloop
  endfacet
  facet normal 6.311048e-001 6.461117e-001 1.115319e-001
    outer loop
      vertex   -1.060502e+002 1.875554e+002 6.506948e+000
      vertex   -1.060194e+002 1.875146e+002 6.569164e+000
      vertex   -1.059812e+002 1.875146e+002 6.352921e+000
    endloop
  endfacet
  facet normal 4.117348e-001 3.889152e-001 8.140225e-002
    outer loop
      vertex   -1.060502e+002 1.875554e+002 6.506948e+000
      vertex   -1.059812e+002 1.875146e+002 6.352921e+000
      vertex   -1.060502e+002 1.876061e+002 6.264622e+000
    endloop
  endfacet
  facet normal 6.886289e-001 6.814691e-001 1.682838e-001
    outer loop
      vertex   -1.060502e+002 1.876061e+002 6.264622e+000
      vertex   -1.059812e+002 1.875146e+002 6.352921e+000
      vertex   -1.059277e+002 1.875146e+002 6.133975e+000
    endloop
  endfacet
  facet normal 6.212760e-001 5.838206e-001 1.735379e-001
    outer loop
      vertex   -1.060502e+002 1.876061e+002 6.264622e+000
      vertex   -1.059277e+002 1.875146e+002 6.133975e+000
      vertex   -1.060502e+002 1.876767e+002 6.027305e+000
    endloop
  endfacet
  facet normal 5.698506e-001 5.468790e-001 1.764684e-001
    outer loop
      vertex   -1.060502e+002 1.876767e+002 6.027305e+000
      vertex   -1.059277e+002 1.875146e+002 6.133975e+000
      vertex   -1.058586e+002 1.875146e+002 5.910691e+000
    endloop
  endfacet
  facet normal 6.986112e-001 6.452407e-001 2.513755e-001
    outer loop
      vertex   -1.060502e+002 1.876767e+002 6.027305e+000
      vertex   -1.058586e+002 1.875146e+002 5.910691e+000
      vertex   -1.060502e+002 1.877666e+002 5.796612e+000
    endloop
  endfacet
  facet normal 4.382798e-001 4.072644e-001 1.631511e-001
    outer loop
      vertex   -1.060502e+002 1.877666e+002 5.796612e+000
      vertex   -1.058586e+002 1.875146e+002 5.910691e+000
      vertex   -1.057732e+002 1.875146e+002 5.681371e+000
    endloop
  endfacet
  facet normal 2.648425e-001 2.388827e-001 1.143681e-001
    outer loop
      vertex   -1.060502e+002 1.877666e+002 5.796612e+000
      vertex   -1.057732e+002 1.875146e+002 5.681371e+000
      vertex   -1.056708e+002 1.875146e+002 5.444203e+000
    endloop
  endfacet
  facet normal 6.615588e-001 5.921240e-001 2.889645e-001
    outer loop
      vertex   -1.060502e+002 1.877666e+002 5.796612e+000
      vertex   -1.056708e+002 1.875146e+002 5.444203e+000
      vertex   -1.060502e+002 1.878751e+002 5.574115e+000
    endloop
  endfacet
  facet normal 2.285268e-001 2.003083e-001 1.115665e-001
    outer loop
      vertex   -1.060502e+002 1.878751e+002 5.574115e+000
      vertex   -1.056708e+002 1.875146e+002 5.444203e+000
      vertex   -1.055502e+002 1.875146e+002 5.197224e+000
    endloop
  endfacet
  facet normal 6.955141e-001 5.947831e-001 3.537531e-001
    outer loop
      vertex   -1.060502e+002 1.878751e+002 5.574115e+000
      vertex   -1.055502e+002 1.875146e+002 5.197224e+000
      vertex   -1.060502e+002 1.880017e+002 5.361329e+000
    endloop
  endfacet
  facet normal 2.642550e-001 2.221909e-001 1.456611e-001
    outer loop
      vertex   -1.060502e+002 1.880017e+002 5.361329e+000
      vertex   -1.055502e+002 1.875146e+002 5.197224e+000
      vertex   -1.055502e+002 1.876650e+002 4.967842e+000
    endloop
  endfacet
  facet normal 6.981270e-001 5.656548e-001 4.030815e-001
    outer loop
      vertex   -1.060502e+002 1.880017e+002 5.361329e+000
      vertex   -1.055502e+002 1.876650e+002 4.967842e+000
      vertex   -1.060502e+002 1.881454e+002 5.159704e+000
    endloop
  endfacet
  facet normal 2.642769e-001 2.101147e-001 1.626386e-001
    outer loop
      vertex   -1.060502e+002 1.881454e+002 5.159704e+000
      vertex   -1.055502e+002 1.876650e+002 4.967842e+000
      vertex   -1.055502e+002 1.878329e+002 4.750940e+000
    endloop
  endfacet
  facet normal 7.004293e-001 5.322640e-001 4.498691e-001
    outer loop
      vertex   -1.060502e+002 1.881454e+002 5.159704e+000
      vertex   -1.055502e+002 1.878329e+002 4.750940e+000
      vertex   -1.060502e+002 1.883052e+002 4.970612e+000
    endloop
  endfacet
  facet normal 2.641319e-001 1.966154e-001 1.784639e-001
    outer loop
      vertex   -1.060502e+002 1.883052e+002 4.970612e+000
      vertex   -1.055502e+002 1.878329e+002 4.750940e+000
      vertex   -1.055502e+002 1.880172e+002 4.547849e+000
    endloop
  endfacet
  facet normal 7.024270e-001 4.948670e-001 4.936808e-001
    outer loop
      vertex   -1.060502e+002 1.883052e+002 4.970612e+000
      vertex   -1.055502e+002 1.880172e+002 4.547849e+000
      vertex   -1.060502e+002 1.884800e+002 4.795341e+000
    endloop
  endfacet
  facet normal 2.638588e-001 1.818074e-001 1.930825e-001
    outer loop
      vertex   -1.060502e+002 1.884800e+002 4.795341e+000
      vertex   -1.055502e+002 1.880172e+002 4.547849e+000
      vertex   -1.055502e+002 1.882169e+002 4.359818e+000
    endloop
  endfacet
  facet normal 7.041001e-001 4.536701e-001 5.342529e-001
    outer loop
      vertex   -1.060502e+002 1.884800e+002 4.795341e+000
      vertex   -1.055502e+002 1.882169e+002 4.359818e+000
      vertex   -1.060502e+002 1.886688e+002 4.635086e+000
    endloop
  endfacet
  facet normal 2.634256e-001 1.658106e-001 2.063174e-001
    outer loop
      vertex   -1.060502e+002 1.886688e+002 4.635086e+000
      vertex   -1.055502e+002 1.882169e+002 4.359818e+000
      vertex   -1.055502e+002 1.884307e+002 4.188002e+000
    endloop
  endfacet
  facet normal 7.054576e-001 4.090205e-001 5.711690e-001
    outer loop
      vertex   -1.060502e+002 1.886688e+002 4.635086e+000
      vertex   -1.055502e+002 1.884307e+002 4.188002e+000
      vertex   -1.060502e+002 1.888701e+002 4.490937e+000
    endloop
  endfacet
  facet normal 2.628582e-001 1.487596e-001 2.181066e-001
    outer loop
      vertex   -1.060502e+002 1.888701e+002 4.490937e+000
      vertex   -1.055502e+002 1.884307e+002 4.188002e+000
      vertex   -1.055502e+002 1.886573e+002 4.033454e+000
    endloop
  endfacet
  facet normal 7.064797e-001 3.612651e-001 6.041309e-001
    outer loop
      vertex   -1.060502e+002 1.888701e+002 4.490937e+000
      vertex   -1.055502e+002 1.886573e+002 4.033454e+000
      vertex   -1.060502e+002 1.890825e+002 4.363876e+000
    endloop
  endfacet
  facet normal 2.621523e-001 1.308029e-001 2.283580e-001
    outer loop
      vertex   -1.060502e+002 1.890825e+002 4.363876e+000
      vertex   -1.055502e+002 1.886573e+002 4.033454e+000
      vertex   -1.055502e+002 1.888953e+002 3.897124e+000
    endloop
  endfacet
  facet normal 7.071623e-001 3.107121e-001 6.329013e-001
    outer loop
      vertex   -1.060502e+002 1.890825e+002 4.363876e+000
      vertex   -1.055502e+002 1.888953e+002 3.897124e+000
      vertex   -1.060502e+002 1.893048e+002 4.254769e+000
    endloop
  endfacet
  facet normal 2.612931e-001 1.120851e-001 2.369700e-001
    outer loop
      vertex   -1.060502e+002 1.893048e+002 4.254769e+000
      vertex   -1.055502e+002 1.888953e+002 3.897124e+000
      vertex   -1.055502e+002 1.891432e+002 3.779850e+000
    endloop
  endfacet
  facet normal 7.075132e-001 2.577938e-001 6.571971e-001
    outer loop
      vertex   -1.060502e+002 1.893048e+002 4.254769e+000
      vertex   -1.055502e+002 1.891432e+002 3.779850e+000
      vertex   -1.060502e+002 1.895353e+002 4.164359e+000
    endloop
  endfacet
  facet normal 2.603184e-001 9.276509e-002 2.439322e-001
    outer loop
      vertex   -1.060502e+002 1.895353e+002 4.164359e+000
      vertex   -1.055502e+002 1.891432e+002 3.779850e+000
      vertex   -1.055502e+002 1.893996e+002 3.682352e+000
    endloop
  endfacet
  facet normal 7.075184e-001 2.029129e-001 6.768308e-001
    outer loop
      vertex   -1.060502e+002 1.895353e+002 4.164359e+000
      vertex   -1.055502e+002 1.893996e+002 3.682352e+000
      vertex   -1.060502e+002 1.897724e+002 4.093261e+000
    endloop
  endfacet
  facet normal 2.591899e-001 7.300397e-002 2.491549e-001
    outer loop
      vertex   -1.060502e+002 1.897724e+002 4.093261e+000
      vertex   -1.055502e+002 1.893996e+002 3.682352e+000
      vertex   -1.055502e+002 1.896628e+002 3.605229e+000
    endloop
  endfacet
  facet normal 7.071833e-001 1.464951e-001 6.916338e-001
    outer loop
      vertex   -1.060502e+002 1.897724e+002 4.093261e+000
      vertex   -1.055502e+002 1.896628e+002 3.605229e+000
      vertex   -1.060502e+002 1.900146e+002 4.041960e+000
    endloop
  endfacet
  facet normal 2.579307e-001 5.296367e-002 2.526358e-001
    outer loop
      vertex   -1.060502e+002 1.900146e+002 4.041960e+000
      vertex   -1.055502e+002 1.896628e+002 3.605229e+000
      vertex   -1.058002e+002 1.899729e+002 3.795457e+000
    endloop
  endfacet
  facet normal 4.390322e-001 9.014736e-002 4.300259e-001
    outer loop
      vertex   -1.058002e+002 1.899729e+002 3.795457e+000
      vertex   -1.055502e+002 1.896628e+002 3.605229e+000
      vertex   -1.056752e+002 1.899521e+002 3.672205e+000
    endloop
  endfacet
  facet normal 6.015438e-001 1.235162e-001 5.892038e-001
    outer loop
      vertex   -1.056752e+002 1.899521e+002 3.672205e+000
      vertex   -1.055502e+002 1.896628e+002 3.605229e+000
      vertex   -1.055502e+002 1.899313e+002 3.548954e+000
    endloop
  endfacet
  facet normal 6.871718e-001 -1.458406e-001 7.114302e-001
    outer loop
      vertex   -1.055227e+002 1.902476e+002 3.510386e+000
      vertex   -1.055014e+002 1.903233e+002 3.505310e+000
      vertex   -1.056401e+002 1.902925e+002 3.632989e+000
    endloop
  endfacet
  facet normal 6.329070e-001 -1.516390e-001 6.510718e-001
    outer loop
      vertex   -1.056401e+002 1.902925e+002 3.632989e+000
      vertex   -1.055014e+002 1.903233e+002 3.505310e+000
      vertex   -1.056171e+002 1.903712e+002 3.628982e+000
    endloop
  endfacet
  facet normal 6.128421e-001 -1.468326e-001 6.304134e-001
    outer loop
      vertex   -1.056401e+002 1.902925e+002 3.632989e+000
      vertex   -1.056171e+002 1.903712e+002 3.628982e+000
      vertex   -1.057329e+002 1.904190e+002 3.752655e+000
    endloop
  endfacet
  facet normal 3.112145e-001 -8.755956e-002 3.251524e-001
    outer loop
      vertex   -1.059644e+002 1.905146e+002 4.000000e+000
      vertex   -1.058761e+002 1.903778e+002 3.878680e+000
      vertex   -1.057329e+002 1.904190e+002 3.752655e+000
    endloop
  endfacet
  facet normal 6.101457e-001 -1.592681e-001 6.415250e-001
    outer loop
      vertex   -1.057329e+002 1.904190e+002 3.752655e+000
      vertex   -1.058761e+002 1.903778e+002 3.878680e+000
      vertex   -1.057581e+002 1.903351e+002 3.755835e+000
    endloop
  endfacet
  facet normal 6.036943e-001 -1.575862e-001 6.346841e-001
    outer loop
      vertex   -1.057329e+002 1.904190e+002 3.752655e+000
      vertex   -1.057581e+002 1.903351e+002 3.755835e+000
      vertex   -1.056401e+002 1.902925e+002 3.632989e+000
    endloop
  endfacet
  facet normal 6.999459e-001 -9.702567e-002 7.061505e-001
    outer loop
      vertex   -1.056401e+002 1.902925e+002 3.632989e+000
      vertex   -1.057581e+002 1.903351e+002 3.755835e+000
      vertex   -1.056572e+002 1.902126e+002 3.638991e+000
    endloop
  endfacet
  facet normal 6.996298e-001 -9.700875e-002 7.054738e-001
    outer loop
      vertex   -1.056401e+002 1.902925e+002 3.632989e+000
      vertex   -1.056572e+002 1.902126e+002 3.638991e+000
      vertex   -1.055227e+002 1.902476e+002 3.510386e+000
    endloop
  endfacet
  facet normal 6.476448e-001 -7.011447e-002 6.584080e-001
    outer loop
      vertex   -1.055227e+002 1.902476e+002 3.510386e+000
      vertex   -1.056572e+002 1.902126e+002 3.638991e+000
      vertex   -1.055380e+002 1.901705e+002 3.517218e+000
    endloop
  endfacet
  facet normal 3.250835e-001 -1.259279e-002 3.226725e-001
    outer loop
      vertex   -1.055380e+002 1.901705e+002 3.517218e+000
      vertex   -1.056572e+002 1.902126e+002 3.638991e+000
      vertex   -1.056691e+002 1.901265e+002 3.647606e+000
    endloop
  endfacet
  facet normal 6.525179e-001 -5.960703e-003 6.541977e-001
    outer loop
      vertex   -1.055380e+002 1.901705e+002 3.517218e+000
      vertex   -1.056691e+002 1.901265e+002 3.647606e+000
      vertex   -1.055471e+002 1.900927e+002 3.525663e+000
    endloop
  endfacet
  facet normal 3.211944e-001 2.055495e-002 3.155022e-001
    outer loop
      vertex   -1.055471e+002 1.900927e+002 3.525663e+000
      vertex   -1.056691e+002 1.901265e+002 3.647606e+000
      vertex   -1.056742e+002 1.900412e+002 3.658418e+000
    endloop
  endfacet
  facet normal 6.539978e-001 5.962168e-002 6.493026e-001
    outer loop
      vertex   -1.055471e+002 1.900927e+002 3.525663e+000
      vertex   -1.056742e+002 1.900412e+002 3.658418e+000
      vertex   -1.055502e+002 1.900146e+002 3.535905e+000
    endloop
  endfacet
  facet normal 5.802065e-001 -1.725847e-001 6.167328e-001
    outer loop
      vertex   -1.059644e+002 1.905146e+002 4.000000e+000
      vertex   -1.059947e+002 1.904182e+002 4.001556e+000
      vertex   -1.058761e+002 1.903778e+002 3.878680e+000
    endloop
  endfacet
  facet normal 6.929604e-001 -1.240032e-001 7.095609e-001
    outer loop
      vertex   -1.058761e+002 1.903778e+002 3.878680e+000
      vertex   -1.059947e+002 1.904182e+002 4.001556e+000
      vertex   -1.058974e+002 1.902876e+002 3.883718e+000
    endloop
  endfacet
  facet normal 6.060215e-001 -1.080308e-001 6.279697e-001
    outer loop
      vertex   -1.058761e+002 1.903778e+002 3.878680e+000
      vertex   -1.058974e+002 1.902876e+002 3.883718e+000
      vertex   -1.057773e+002 1.902501e+002 3.761354e+000
    endloop
  endfacet
  facet normal 7.058416e-001 -4.203225e-002 7.057527e-001
    outer loop
      vertex   -1.057773e+002 1.902501e+002 3.761354e+000
      vertex   -1.058974e+002 1.902876e+002 3.883718e+000
      vertex   -1.057913e+002 1.901585e+002 3.769841e+000
    endloop
  endfacet
  facet normal 6.168920e-001 -3.588839e-002 6.259548e-001
    outer loop
      vertex   -1.057773e+002 1.902501e+002 3.761354e+000
      vertex   -1.057913e+002 1.901585e+002 3.769841e+000
      vertex   -1.056691e+002 1.901265e+002 3.647606e+000
    endloop
  endfacet
  facet normal 7.115615e-001 4.557564e-002 6.992592e-001
    outer loop
      vertex   -1.056691e+002 1.901265e+002 3.647606e+000
      vertex   -1.057913e+002 1.901585e+002 3.769841e+000
      vertex   -1.056742e+002 1.900412e+002 3.658418e+000
    endloop
  endfacet
  facet normal 5.996147e-001 -1.151121e-001 6.226410e-001
    outer loop
      vertex   -1.059947e+002 1.904182e+002 4.001556e+000
      vertex   -1.060185e+002 1.903200e+002 4.006317e+000
      vertex   -1.058974e+002 1.902876e+002 3.883718e+000
    endloop
  endfacet
  facet normal 7.031077e-001 -5.485832e-002 7.088779e-001
    outer loop
      vertex   -1.058974e+002 1.902876e+002 3.883718e+000
      vertex   -1.060185e+002 1.903200e+002 4.006317e+000
      vertex   -1.059134e+002 1.901905e+002 3.892075e+000
    endloop
  endfacet
  facet normal 6.076534e-001 -4.681002e-002 6.196167e-001
    outer loop
      vertex   -1.058974e+002 1.902876e+002 3.883718e+000
      vertex   -1.059134e+002 1.901905e+002 3.892075e+000
      vertex   -1.057913e+002 1.901585e+002 3.769841e+000
    endloop
  endfacet
  facet normal 7.102957e-001 3.065524e-002 7.019423e-001
    outer loop
      vertex   -1.057913e+002 1.901585e+002 3.769841e+000
      vertex   -1.059134e+002 1.901905e+002 3.892075e+000
      vertex   -1.057983e+002 1.900677e+002 3.780931e+000
    endloop
  endfacet
  facet normal 6.232792e-001 2.801109e-002 6.250458e-001
    outer loop
      vertex   -1.057913e+002 1.901585e+002 3.769841e+000
      vertex   -1.057983e+002 1.900677e+002 3.780931e+000
      vertex   -1.056742e+002 1.900412e+002 3.658418e+000
    endloop
  endfacet
  facet normal 6.063380e-001 -5.490892e-002 6.199332e-001
    outer loop
      vertex   -1.060185e+002 1.903200e+002 4.006317e+000
      vertex   -1.060358e+002 1.902207e+002 4.014437e+000
      vertex   -1.059134e+002 1.901905e+002 3.892075e+000
    endloop
  endfacet
  facet normal 3.557475e-001 3.170788e-003 3.549822e-001
    outer loop
      vertex   -1.059134e+002 1.901905e+002 3.892075e+000
      vertex   -1.060358e+002 1.902207e+002 4.014437e+000
      vertex   -1.060464e+002 1.901208e+002 4.025957e+000
    endloop
  endfacet
  facet normal 5.959563e-001 1.566059e-002 6.000586e-001
    outer loop
      vertex   -1.059134e+002 1.901905e+002 3.892075e+000
      vertex   -1.060464e+002 1.901208e+002 4.025957e+000
      vertex   -1.057983e+002 1.900677e+002 3.780931e+000
    endloop
  endfacet
  facet normal 3.068093e-001 -4.881993e-002 3.161238e-001
    outer loop
      vertex   -1.056572e+002 1.902126e+002 3.638991e+000
      vertex   -1.057581e+002 1.903351e+002 3.755835e+000
      vertex   -1.057773e+002 1.902501e+002 3.761354e+000
    endloop
  endfacet
  facet normal 6.126945e-001 -9.804892e-002 6.227280e-001
    outer loop
      vertex   -1.057773e+002 1.902501e+002 3.761354e+000
      vertex   -1.057581e+002 1.903351e+002 3.755835e+000
      vertex   -1.058761e+002 1.903778e+002 3.878680e+000
    endloop
  endfacet
  facet normal 6.222011e-001 -2.404664e-002 6.181427e-001
    outer loop
      vertex   -1.056691e+002 1.901265e+002 3.647606e+000
      vertex   -1.056572e+002 1.902126e+002 3.638991e+000
      vertex   -1.057773e+002 1.902501e+002 3.761354e+000
    endloop
  endfacet
  facet normal -4.113384e-002 -7.059094e-001 7.059094e-001
    outer loop
      vertex   -5.455019e+001 1.915146e+002 4.000000e+000
      vertex   -5.455019e+001 1.910146e+002 3.500000e+000
      vertex   -5.437606e+001 1.915045e+002 4.000000e+000
    endloop
  endfacet
  facet normal -1.093153e-002 -1.458657e-001 1.467127e-001
    outer loop
      vertex   -5.437606e+001 1.915045e+002 4.000000e+000
      vertex   -5.455019e+001 1.910146e+002 3.500000e+000
      vertex   -5.440115e+001 1.910034e+002 3.500000e+000
    endloop
  endfacet
  facet normal -1.225800e-001 -6.952168e-001 7.027910e-001
    outer loop
      vertex   -5.437606e+001 1.915045e+002 4.000000e+000
      vertex   -5.440115e+001 1.910034e+002 3.500000e+000
      vertex   -5.420427e+001 1.914742e+002 4.000000e+000
    endloop
  endfacet
  facet normal -3.270886e-002 -1.432813e-001 1.477741e-001
    outer loop
      vertex   -5.420427e+001 1.914742e+002 4.000000e+000
      vertex   -5.440115e+001 1.910034e+002 3.500000e+000
      vertex   -5.425544e+001 1.909702e+002 3.500000e+000
    endloop
  endfacet
  facet normal -2.014314e-001 -6.729639e-001 6.989577e-001
    outer loop
      vertex   -5.420427e+001 1.914742e+002 4.000000e+000
      vertex   -5.425544e+001 1.909702e+002 3.500000e+000
      vertex   -5.403717e+001 1.914242e+002 4.000000e+000
    endloop
  endfacet
  facet normal -5.359943e-002 -1.365902e-001 1.474169e-001
    outer loop
      vertex   -5.403717e+001 1.914242e+002 4.000000e+000
      vertex   -5.425544e+001 1.909702e+002 3.500000e+000
      vertex   -5.411631e+001 1.909156e+002 3.500000e+000
    endloop
  endfacet
  facet normal -2.759871e-001 -6.398049e-001 6.944633e-001
    outer loop
      vertex   -5.403717e+001 1.914242e+002 4.000000e+000
      vertex   -5.411631e+001 1.909156e+002 3.500000e+000
      vertex   -5.387700e+001 1.913551e+002 4.000000e+000
    endloop
  endfacet
  facet normal -7.280219e-002 -1.260810e-001 1.456663e-001
    outer loop
      vertex   -5.387700e+001 1.913551e+002 4.000000e+000
      vertex   -5.411631e+001 1.909156e+002 3.500000e+000
      vertex   -5.398688e+001 1.908409e+002 3.500000e+000
    endloop
  endfacet
  facet normal -3.445522e-001 -5.967577e-001 6.894513e-001
    outer loop
      vertex   -5.387700e+001 1.913551e+002 4.000000e+000
      vertex   -5.398688e+001 1.908409e+002 3.500000e+000
      vertex   -5.372593e+001 1.912679e+002 4.000000e+000
    endloop
  endfacet
  facet normal -4.220914e-001 -5.669361e-001 7.044504e-001
    outer loop
      vertex   -5.372593e+001 1.912679e+002 4.000000e+000
      vertex   -5.398688e+001 1.908409e+002 3.500000e+000
      vertex   -5.358601e+001 1.911637e+002 4.000000e+000
    endloop
  endfacet
  facet normal -9.148569e-002 -1.147241e-001 1.474194e-001
    outer loop
      vertex   -5.358601e+001 1.911637e+002 4.000000e+000
      vertex   -5.398688e+001 1.908409e+002 3.500000e+000
      vertex   -5.387002e+001 1.907477e+002 3.500000e+000
    endloop
  endfacet
  facet normal -4.834530e-001 -5.124171e-001 7.009560e-001
    outer loop
      vertex   -5.358601e+001 1.911637e+002 4.000000e+000
      vertex   -5.387002e+001 1.907477e+002 3.500000e+000
      vertex   -5.345914e+001 1.910440e+002 4.000000e+000
    endloop
  endfacet
  facet normal -1.077299e-001 -9.996152e-002 1.477685e-001
    outer loop
      vertex   -5.345914e+001 1.910440e+002 4.000000e+000
      vertex   -5.387002e+001 1.907477e+002 3.500000e+000
      vertex   -5.376836e+001 1.906381e+002 3.500000e+000
    endloop
  endfacet
  facet normal -5.361465e-001 -4.498959e-001 6.967791e-001
    outer loop
      vertex   -5.345914e+001 1.910440e+002 4.000000e+000
      vertex   -5.376836e+001 1.906381e+002 3.500000e+000
      vertex   -5.334701e+001 1.909104e+002 4.000000e+000
    endloop
  endfacet
  facet normal -1.208583e-001 -8.240034e-002 1.467144e-001
    outer loop
      vertex   -5.334701e+001 1.909104e+002 4.000000e+000
      vertex   -5.376836e+001 1.906381e+002 3.500000e+000
      vertex   -5.368417e+001 1.905146e+002 3.500000e+000
    endloop
  endfacet
  facet normal -4.580078e-002 -3.012465e-002 5.472708e-002
    outer loop
      vertex   -5.334701e+001 1.909104e+002 4.000000e+000
      vertex   -5.368417e+001 1.905146e+002 3.500000e+000
      vertex   -5.357592e+001 1.905771e+002 3.625000e+000
    endloop
  endfacet
  facet normal -1.868819e-001 -1.229183e-001 2.233041e-001
    outer loop
      vertex   -5.357592e+001 1.905771e+002 3.625000e+000
      vertex   -5.346766e+001 1.906396e+002 3.750000e+000
      vertex   -5.334701e+001 1.909104e+002 4.000000e+000
    endloop
  endfacet
  facet normal -5.386625e-001 -3.542956e-001 6.436445e-001
    outer loop
      vertex   -5.334701e+001 1.909104e+002 4.000000e+000
      vertex   -5.346766e+001 1.906396e+002 3.750000e+000
      vertex   -5.325116e+001 1.907646e+002 4.000000e+000
    endloop
  endfacet
  facet normal 0.000000e+000 -7.071068e-001 7.071068e-001
    outer loop
      vertex   -5.455019e+001 1.915146e+002 4.000000e+000
      vertex   -1.045502e+002 1.915146e+002 4.000000e+000
      vertex   -5.455019e+001 1.910146e+002 3.500000e+000
    endloop
  endfacet
  facet normal 0.000000e+000 -9.999000e-003 9.999000e-003
    outer loop
      vertex   -5.455019e+001 1.910146e+002 3.500000e+000
      vertex   -1.045502e+002 1.915146e+002 4.000000e+000
      vertex   -1.045502e+002 1.910146e+002 3.500000e+000
    endloop
  endfacet
  facet normal 5.907726e-001 -3.885701e-001 7.059106e-001
    outer loop
      vertex   -1.058492e+002 1.907646e+002 4.000000e+000
      vertex   -1.056327e+002 1.906396e+002 3.750000e+000
      vertex   -1.057534e+002 1.909104e+002 4.000000e+000
    endloop
  endfacet
  facet normal 8.519886e-002 -5.603803e-002 1.018036e-001
    outer loop
      vertex   -1.057534e+002 1.909104e+002 4.000000e+000
      vertex   -1.056327e+002 1.906396e+002 3.750000e+000
      vertex   -1.055245e+002 1.905771e+002 3.625000e+000
    endloop
  endfacet
  facet normal 4.580078e-002 -3.012465e-002 5.472708e-002
    outer loop
      vertex   -1.057534e+002 1.909104e+002 4.000000e+000
      vertex   -1.055245e+002 1.905771e+002 3.625000e+000
      vertex   -1.054162e+002 1.905146e+002 3.500000e+000
    endloop
  endfacet
  facet normal 5.727282e-001 -3.904997e-001 6.952701e-001
    outer loop
      vertex   -1.054162e+002 1.905146e+002 3.500000e+000
      vertex   -1.053320e+002 1.906381e+002 3.500000e+000
      vertex   -1.057534e+002 1.909104e+002 4.000000e+000
    endloop
  endfacet
  facet normal 5.407783e-001 -4.537672e-001 7.027944e-001
    outer loop
      vertex   -1.057534e+002 1.909104e+002 4.000000e+000
      vertex   -1.053320e+002 1.906381e+002 3.500000e+000
      vertex   -1.056413e+002 1.910440e+002 4.000000e+000
    endloop
  endfacet
  facet normal 1.077291e-001 -9.995700e-002 1.477659e-001
    outer loop
      vertex   -1.056413e+002 1.910440e+002 4.000000e+000
      vertex   -1.053320e+002 1.906381e+002 3.500000e+000
      vertex   -1.052304e+002 1.907477e+002 3.500000e+000
    endloop
  endfacet
  facet normal 4.820521e-001 -5.109630e-001 6.989468e-001
    outer loop
      vertex   -1.056413e+002 1.910440e+002 4.000000e+000
      vertex   -1.052304e+002 1.907477e+002 3.500000e+000
      vertex   -1.055144e+002 1.911637e+002 4.000000e+000
    endloop
  endfacet
  facet normal 9.148643e-002 -1.147213e-001 1.474168e-001
    outer loop
      vertex   -1.055144e+002 1.911637e+002 4.000000e+000
      vertex   -1.052304e+002 1.907477e+002 3.500000e+000
      vertex   -1.051135e+002 1.908409e+002 3.500000e+000
    endloop
  endfacet
  facet normal 4.161205e-001 -5.589010e-001 6.944690e-001
    outer loop
      vertex   -1.055144e+002 1.911637e+002 4.000000e+000
      vertex   -1.051135e+002 1.908409e+002 3.500000e+000
      vertex   -1.053745e+002 1.912679e+002 4.000000e+000
    endloop
  endfacet
  facet normal 7.280266e-002 -1.260892e-001 1.456750e-001
    outer loop
      vertex   -1.053745e+002 1.912679e+002 4.000000e+000
      vertex   -1.051135e+002 1.908409e+002 3.500000e+000
      vertex   -1.049841e+002 1.909156e+002 3.500000e+000
    endloop
  endfacet
  facet normal 3.445556e-001 -5.967634e-001 6.894528e-001
    outer loop
      vertex   -1.053745e+002 1.912679e+002 4.000000e+000
      vertex   -1.049841e+002 1.909156e+002 3.500000e+000
      vertex   -1.052234e+002 1.913551e+002 4.000000e+000
    endloop
  endfacet
  facet normal 2.799552e-001 -6.490039e-001 7.044503e-001
    outer loop
      vertex   -1.052234e+002 1.913551e+002 4.000000e+000
      vertex   -1.049841e+002 1.909156e+002 3.500000e+000
      vertex   -1.050632e+002 1.914242e+002 4.000000e+000
    endloop
  endfacet
  facet normal 5.359931e-002 -1.365899e-001 1.474170e-001
    outer loop
      vertex   -1.050632e+002 1.914242e+002 4.000000e+000
      vertex   -1.049841e+002 1.909156e+002 3.500000e+000
      vertex   -1.048449e+002 1.909702e+002 3.500000e+000
    endloop
  endfacet
  facet normal 2.020083e-001 -6.748913e-001 7.009611e-001
    outer loop
      vertex   -1.050632e+002 1.914242e+002 4.000000e+000
      vertex   -1.048449e+002 1.909702e+002 3.500000e+000
      vertex   -1.048961e+002 1.914742e+002 4.000000e+000
    endloop
  endfacet
  facet normal 3.270890e-002 -1.432740e-001 1.477670e-001
    outer loop
      vertex   -1.048961e+002 1.914742e+002 4.000000e+000
      vertex   -1.048449e+002 1.909702e+002 3.500000e+000
      vertex   -1.046992e+002 1.910034e+002 3.500000e+000
    endloop
  endfacet
  facet normal 1.215310e-001 -6.892675e-001 6.967760e-001
    outer loop
      vertex   -1.048961e+002 1.914742e+002 4.000000e+000
      vertex   -1.046992e+002 1.910034e+002 3.500000e+000
      vertex   -1.047243e+002 1.915045e+002 4.000000e+000
    endloop
  endfacet
  facet normal 1.093152e-002 -1.458730e-001 1.467199e-001
    outer loop
      vertex   -1.047243e+002 1.915045e+002 4.000000e+000
      vertex   -1.046992e+002 1.910034e+002 3.500000e+000
      vertex   -1.045502e+002 1.910146e+002 3.500000e+000
    endloop
  endfacet
  facet normal 4.032328e-002 -6.920142e-001 6.920142e-001
    outer loop
      vertex   -1.047243e+002 1.915045e+002 4.000000e+000
      vertex   -1.045502e+002 1.910146e+002 3.500000e+000
      vertex   -1.045502e+002 1.915146e+002 4.000000e+000
    endloop
  endfacet
  facet normal -6.704799e-001 -1.995738e-001 7.058489e-001
    outer loop
      vertex   -5.310567e+001 1.904182e+002 4.001556e+000
      vertex   -5.313601e+001 1.905146e+002 4.000000e+000
      vertex   -5.335415e+001 1.903773e+002 3.753950e+000
    endloop
  endfacet
  facet normal -6.685880e-001 -1.926046e-001 7.002809e-001
    outer loop
      vertex   -5.335415e+001 1.903773e+002 3.753950e+000
      vertex   -5.313601e+001 1.905146e+002 4.000000e+000
      vertex   -5.336752e+001 1.904190e+002 3.752655e+000
    endloop
  endfacet
  facet normal -6.625594e-001 -1.908682e-001 6.939571e-001
    outer loop
      vertex   -5.335415e+001 1.903773e+002 3.753950e+000
      vertex   -5.336752e+001 1.904190e+002 3.752655e+000
      vertex   -5.348328e+001 1.903712e+002 3.628982e+000
    endloop
  endfacet
  facet normal -1.650347e-001 -4.752536e-002 1.728546e-001
    outer loop
      vertex   -5.348328e+001 1.903712e+002 3.628982e+000
      vertex   -5.359904e+001 1.903233e+002 3.505310e+000
      vertex   -5.335415e+001 1.903773e+002 3.753950e+000
    endloop
  endfacet
  facet normal -1.522990e-001 -3.235909e-002 1.570209e-001
    outer loop
      vertex   -5.335415e+001 1.903773e+002 3.753950e+000
      vertex   -5.359904e+001 1.903233e+002 3.505310e+000
      vertex   -5.357772e+001 1.902476e+002 3.510386e+000
    endloop
  endfacet
  facet normal -6.752689e-001 -1.586457e-001 7.042808e-001
    outer loop
      vertex   -5.335415e+001 1.903773e+002 3.753950e+000
      vertex   -5.357772e+001 1.902476e+002 3.510386e+000
      vertex   -5.334229e+001 1.903351e+002 3.755835e+000
    endloop
  endfacet
  facet normal -6.919547e-001 -1.276504e-001 7.092330e-001
    outer loop
      vertex   -5.334229e+001 1.903351e+002 3.755835e+000
      vertex   -5.357772e+001 1.902476e+002 3.510386e+000
      vertex   -5.333193e+001 1.902927e+002 3.758305e+000
    endloop
  endfacet
  facet normal -6.921760e-001 -1.276775e-001 7.096964e-001
    outer loop
      vertex   -5.334229e+001 1.903351e+002 3.755835e+000
      vertex   -5.333193e+001 1.902927e+002 3.758305e+000
      vertex   -5.310567e+001 1.904182e+002 4.001556e+000
    endloop
  endfacet
  facet normal -6.816140e-001 -1.311253e-001 7.016506e-001
    outer loop
      vertex   -5.310567e+001 1.904182e+002 4.001556e+000
      vertex   -5.333193e+001 1.902927e+002 3.758305e+000
      vertex   -5.308188e+001 1.903200e+002 4.006317e+000
    endloop
  endfacet
  facet normal -8.596581e-002 -1.157357e-002 8.794586e-002
    outer loop
      vertex   -5.308188e+001 1.903200e+002 4.006317e+000
      vertex   -5.333193e+001 1.902927e+002 3.758305e+000
      vertex   -5.332307e+001 1.902501e+002 3.761354e+000
    endloop
  endfacet
  facet normal -1.795507e-001 -1.066420e-002 1.798290e-001
    outer loop
      vertex   -5.308188e+001 1.903200e+002 4.006317e+000
      vertex   -5.332307e+001 1.902501e+002 3.761354e+000
      vertex   -5.330913e+001 1.901585e+002 3.769841e+000
    endloop
  endfacet
  facet normal -6.917584e-001 -4.119650e-002 6.916400e-001
    outer loop
      vertex   -5.330913e+001 1.901585e+002 3.769841e+000
      vertex   -5.332307e+001 1.902501e+002 3.761354e+000
      vertex   -5.356243e+001 1.901705e+002 3.517218e+000
    endloop
  endfacet
  facet normal -1.555083e-001 -1.426422e-003 1.558546e-001
    outer loop
      vertex   -5.330913e+001 1.901585e+002 3.769841e+000
      vertex   -5.356243e+001 1.901705e+002 3.517218e+000
      vertex   -5.355325e+001 1.900927e+002 3.525663e+000
    endloop
  endfacet
  facet normal -6.993377e-001 -7.604726e-002 7.071642e-001
    outer loop
      vertex   -5.357772e+001 1.902476e+002 3.510386e+000
      vertex   -5.356243e+001 1.901705e+002 3.517218e+000
      vertex   -5.333193e+001 1.902927e+002 3.758305e+000
    endloop
  endfacet
  facet normal -6.869149e-001 -9.241867e-002 7.035836e-001
    outer loop
      vertex   -5.333193e+001 1.902927e+002 3.758305e+000
      vertex   -5.356243e+001 1.901705e+002 3.517218e+000
      vertex   -5.332307e+001 1.902501e+002 3.761354e+000
    endloop
  endfacet
  facet normal -7.078246e-001 6.449235e-002 7.027289e-001
    outer loop
      vertex   -5.355019e+001 1.900146e+002 3.535905e+000
      vertex   -5.342614e+001 1.900412e+002 3.658418e+000
      vertex   -5.355325e+001 1.900927e+002 3.525663e+000
    endloop
  endfacet
  facet normal -1.435754e-001 1.308680e-002 1.425437e-001
    outer loop
      vertex   -5.355325e+001 1.900927e+002 3.525663e+000
      vertex   -5.342614e+001 1.900412e+002 3.658418e+000
      vertex   -5.330209e+001 1.900677e+002 3.780931e+000
    endloop
  endfacet
  facet normal -1.814492e-001 7.828478e-003 1.792942e-001
    outer loop
      vertex   -5.355325e+001 1.900927e+002 3.525663e+000
      vertex   -5.330209e+001 1.900677e+002 3.780931e+000
      vertex   -5.330913e+001 1.901585e+002 3.769841e+000
    endloop
  endfacet
  facet normal -6.848338e-001 3.077655e-002 6.867676e-001
    outer loop
      vertex   -5.330913e+001 1.901585e+002 3.769841e+000
      vertex   -5.330209e+001 1.900677e+002 3.780931e+000
      vertex   -5.305399e+001 1.901208e+002 4.025957e+000
    endloop
  endfacet
  facet normal -1.968766e-001 1.754917e-003 1.963892e-001
    outer loop
      vertex   -5.330913e+001 1.901585e+002 3.769841e+000
      vertex   -5.305399e+001 1.901208e+002 4.025957e+000
      vertex   -5.306459e+001 1.902207e+002 4.014437e+000
    endloop
  endfacet
  facet normal -6.976906e-001 -6.315920e-002 7.136089e-001
    outer loop
      vertex   -5.306459e+001 1.902207e+002 4.014437e+000
      vertex   -5.308188e+001 1.903200e+002 4.006317e+000
      vertex   -5.330913e+001 1.901585e+002 3.769841e+000
    endloop
  endfacet
  facet normal -6.832266e-001 -1.605330e-001 7.121856e-001
    outer loop
      vertex   -5.334229e+001 1.903351e+002 3.755835e+000
      vertex   -5.310567e+001 1.904182e+002 4.001556e+000
      vertex   -5.335415e+001 1.903773e+002 3.753950e+000
    endloop
  endfacet
  facet normal -6.007599e-001 5.265781e-001 2.932902e-001
    outer loop
      vertex   -5.342962e+001 1.875146e+002 5.444203e+000
      vertex   -5.305019e+001 1.878751e+002 5.574115e+000
      vertex   -5.355019e+001 1.875146e+002 5.197224e+000
    endloop
  endfacet
  facet normal -2.401382e-001 2.053590e-001 1.221393e-001
    outer loop
      vertex   -5.355019e+001 1.875146e+002 5.197224e+000
      vertex   -5.305019e+001 1.878751e+002 5.574115e+000
      vertex   -5.305019e+001 1.880017e+002 5.361329e+000
    endloop
  endfacet
  facet normal -6.935526e-001 5.831528e-001 3.822959e-001
    outer loop
      vertex   -5.355019e+001 1.875146e+002 5.197224e+000
      vertex   -5.305019e+001 1.880017e+002 5.361329e+000
      vertex   -5.355019e+001 1.876650e+002 4.967842e+000
    endloop
  endfacet
  facet normal -2.402503e-001 1.946619e-001 1.387146e-001
    outer loop
      vertex   -5.355019e+001 1.876650e+002 4.967842e+000
      vertex   -5.305019e+001 1.880017e+002 5.361329e+000
      vertex   -5.305019e+001 1.881454e+002 5.159704e+000
    endloop
  endfacet
  facet normal -6.912616e-001 5.495912e-001 4.254092e-001
    outer loop
      vertex   -5.355019e+001 1.876650e+002 4.967842e+000
      vertex   -5.305019e+001 1.881454e+002 5.159704e+000
      vertex   -5.355019e+001 1.878329e+002 4.750940e+000
    endloop
  endfacet
  facet normal -2.401782e-001 1.825141e-001 1.542608e-001
    outer loop
      vertex   -5.355019e+001 1.878329e+002 4.750940e+000
      vertex   -5.305019e+001 1.881454e+002 5.159704e+000
      vertex   -5.305019e+001 1.883052e+002 4.970612e+000
    endloop
  endfacet
  facet normal -6.888415e-001 5.127621e-001 4.654241e-001
    outer loop
      vertex   -5.355019e+001 1.878329e+002 4.750940e+000
      vertex   -5.305019e+001 1.883052e+002 4.970612e+000
      vertex   -5.355019e+001 1.880172e+002 4.547849e+000
    endloop
  endfacet
  facet normal -2.399050e-001 1.690155e-001 1.686104e-001
    outer loop
      vertex   -5.355019e+001 1.880172e+002 4.547849e+000
      vertex   -5.305019e+001 1.883052e+002 4.970612e+000
      vertex   -5.305019e+001 1.884800e+002 4.795341e+000
    endloop
  endfacet
  facet normal -6.862639e-001 4.728584e-001 5.021835e-001
    outer loop
      vertex   -5.355019e+001 1.880172e+002 4.547849e+000
      vertex   -5.305019e+001 1.884800e+002 4.795341e+000
      vertex   -5.355019e+001 1.882169e+002 4.359818e+000
    endloop
  endfacet
  facet normal -2.394661e-001 1.542943e-001 1.817007e-001
    outer loop
      vertex   -5.355019e+001 1.882169e+002 4.359818e+000
      vertex   -5.305019e+001 1.884800e+002 4.795341e+000
      vertex   -5.305019e+001 1.886688e+002 4.635086e+000
    endloop
  endfacet
  facet normal -6.835682e-001 4.302651e-001 5.353770e-001
    outer loop
      vertex   -5.355019e+001 1.882169e+002 4.359818e+000
      vertex   -5.305019e+001 1.886688e+002 4.635086e+000
      vertex   -5.355019e+001 1.884307e+002 4.188002e+000
    endloop
  endfacet
  facet normal -2.388366e-001 1.384762e-001 1.933725e-001
    outer loop
      vertex   -5.355019e+001 1.884307e+002 4.188002e+000
      vertex   -5.305019e+001 1.886688e+002 4.635086e+000
      vertex   -5.305019e+001 1.888701e+002 4.490937e+000
    endloop
  endfacet
  facet normal -6.807410e-001 3.852522e-001 5.648448e-001
    outer loop
      vertex   -5.355019e+001 1.884307e+002 4.188002e+000
      vertex   -5.305019e+001 1.888701e+002 4.490937e+000
      vertex   -5.355019e+001 1.886573e+002 4.033454e+000
    endloop
  endfacet
  facet normal -2.380140e-001 1.217107e-001 2.035326e-001
    outer loop
      vertex   -5.355019e+001 1.886573e+002 4.033454e+000
      vertex   -5.305019e+001 1.888701e+002 4.490937e+000
      vertex   -5.305019e+001 1.890825e+002 4.363876e+000
    endloop
  endfacet
  facet normal -6.777902e-001 3.381887e-001 5.904154e-001
    outer loop
      vertex   -5.355019e+001 1.886573e+002 4.033454e+000
      vertex   -5.305019e+001 1.890825e+002 4.363876e+000
      vertex   -5.355019e+001 1.888953e+002 3.897124e+000
    endloop
  endfacet
  facet normal -2.370341e-001 1.041477e-001 2.121425e-001
    outer loop
      vertex   -5.355019e+001 1.888953e+002 3.897124e+000
      vertex   -5.305019e+001 1.890825e+002 4.363876e+000
      vertex   -5.305019e+001 1.893048e+002 4.254769e+000
    endloop
  endfacet
  facet normal -6.747391e-001 2.894380e-001 6.119293e-001
    outer loop
      vertex   -5.355019e+001 1.888953e+002 3.897124e+000
      vertex   -5.305019e+001 1.893048e+002 4.254769e+000
      vertex   -5.355019e+001 1.891432e+002 3.779850e+000
    endloop
  endfacet
  facet normal -2.358699e-001 8.594298e-002 2.190956e-001
    outer loop
      vertex   -5.355019e+001 1.891432e+002 3.779850e+000
      vertex   -5.305019e+001 1.893048e+002 4.254769e+000
      vertex   -5.305019e+001 1.895353e+002 4.164359e+000
    endloop
  endfacet
  facet normal -6.715738e-001 2.393169e-001 6.293004e-001
    outer loop
      vertex   -5.355019e+001 1.891432e+002 3.779850e+000
      vertex   -5.305019e+001 1.895353e+002 4.164359e+000
      vertex   -5.355019e+001 1.893996e+002 3.682352e+000
    endloop
  endfacet
  facet normal -2.345353e-001 6.726359e-002 2.243626e-001
    outer loop
      vertex   -5.355019e+001 1.893996e+002 3.682352e+000
      vertex   -5.305019e+001 1.895353e+002 4.164359e+000
      vertex   -5.305019e+001 1.897724e+002 4.093261e+000
    endloop
  endfacet
  facet normal -6.683245e-001 1.882417e-001 6.424492e-001
    outer loop
      vertex   -5.355019e+001 1.893996e+002 3.682352e+000
      vertex   -5.305019e+001 1.897724e+002 4.093261e+000
      vertex   -5.355019e+001 1.896628e+002 3.605229e+000
    endloop
  endfacet
  facet normal -2.330324e-001 4.827334e-002 2.279085e-001
    outer loop
      vertex   -5.355019e+001 1.896628e+002 3.605229e+000
      vertex   -5.305019e+001 1.897724e+002 4.093261e+000
      vertex   -5.305019e+001 1.900146e+002 4.041960e+000
    endloop
  endfacet
  facet normal -2.065889e-001 4.242111e-002 2.023480e-001
    outer loop
      vertex   -5.355019e+001 1.896628e+002 3.605229e+000
      vertex   -5.305019e+001 1.900146e+002 4.041960e+000
      vertex   -5.330019e+001 1.899729e+002 3.795457e+000
    endloop
  endfacet
  facet normal -7.064571e-001 6.323099e-001 3.085758e-001
    outer loop
      vertex   -5.305019e+001 1.878751e+002 5.574115e+000
      vertex   -5.342962e+001 1.875146e+002 5.444203e+000
      vertex   -5.305019e+001 1.877666e+002 5.796612e+000
    endloop
  endfacet
  facet normal -2.648406e-001 2.388870e-001 1.143630e-001
    outer loop
      vertex   -5.305019e+001 1.877666e+002 5.796612e+000
      vertex   -5.342962e+001 1.875146e+002 5.444203e+000
      vertex   -5.332721e+001 1.875146e+002 5.681371e+000
    endloop
  endfacet
  facet normal -4.382740e-001 4.072657e-001 1.631489e-001
    outer loop
      vertex   -5.305019e+001 1.877666e+002 5.796612e+000
      vertex   -5.332721e+001 1.875146e+002 5.681371e+000
      vertex   -5.324184e+001 1.875146e+002 5.910691e+000
    endloop
  endfacet
  facet normal -5.746056e-001 5.307190e-001 2.067597e-001
    outer loop
      vertex   -5.305019e+001 1.877666e+002 5.796612e+000
      vertex   -5.324184e+001 1.875146e+002 5.910691e+000
      vertex   -5.305019e+001 1.876767e+002 6.027305e+000
    endloop
  endfacet
  facet normal -5.698401e-001 5.468823e-001 1.764651e-001
    outer loop
      vertex   -5.305019e+001 1.876767e+002 6.027305e+000
      vertex   -5.324184e+001 1.875146e+002 5.910691e+000
      vertex   -5.317270e+001 1.875146e+002 6.133975e+000
    endloop
  endfacet
  facet normal -5.445648e-001 5.117501e-001 1.521153e-001
    outer loop
      vertex   -5.305019e+001 1.876767e+002 6.027305e+000
      vertex   -5.317270e+001 1.875146e+002 6.133975e+000
      vertex   -5.305019e+001 1.876061e+002 6.264622e+000
    endloop
  endfacet
  facet normal -6.886210e-001 6.814728e-001 1.682938e-001
    outer loop
      vertex   -5.305019e+001 1.876061e+002 6.264622e+000
      vertex   -5.317270e+001 1.875146e+002 6.133975e+000
      vertex   -5.311919e+001 1.875146e+002 6.352921e+000
    endloop
  endfacet
  facet normal -4.941278e-001 4.667417e-001 9.769180e-002
    outer loop
      vertex   -5.305019e+001 1.876061e+002 6.264622e+000
      vertex   -5.311919e+001 1.875146e+002 6.352921e+000
      vertex   -5.305019e+001 1.875554e+002 6.506948e+000
    endloop
  endfacet
  facet normal -6.310934e-001 6.461421e-001 1.115187e-001
    outer loop
      vertex   -5.305019e+001 1.875554e+002 6.506948e+000
      vertex   -5.311919e+001 1.875146e+002 6.352921e+000
      vertex   -5.308097e+001 1.875146e+002 6.569164e+000
    endloop
  endfacet
  facet normal -4.074257e-001 3.793565e-001 4.721589e-002
    outer loop
      vertex   -5.305019e+001 1.875554e+002 6.506948e+000
      vertex   -5.308097e+001 1.875146e+002 6.569164e+000
      vertex   -5.305019e+001 1.875248e+002 6.752632e+000
    endloop
  endfacet
  facet normal -3.453938e-001 3.762360e-001 3.698253e-002
    outer loop
      vertex   -5.305019e+001 1.875248e+002 6.752632e+000
      vertex   -5.308097e+001 1.875146e+002 6.569164e+000
      vertex   -5.305794e+001 1.875146e+002 6.784315e+000
    endloop
  endfacet
  facet normal -2.605661e-001 2.263621e-001 9.355228e-003
    outer loop
      vertex   -5.305019e+001 1.875248e+002 6.752632e+000
      vertex   -5.305794e+001 1.875146e+002 6.784315e+000
      vertex   -5.305019e+001 1.875146e+002 7.000000e+000
    endloop
  endfacet
  facet normal -4.390322e-001 9.014736e-002 4.300259e-001
    outer loop
      vertex   -5.330019e+001 1.899729e+002 3.795457e+000
      vertex   -5.342519e+001 1.899521e+002 3.672205e+000
      vertex   -5.355019e+001 1.896628e+002 3.605229e+000
    endloop
  endfacet
  facet normal -3.876965e-001 7.960650e-002 3.797433e-001
    outer loop
      vertex   -5.355019e+001 1.896628e+002 3.605229e+000
      vertex   -5.342519e+001 1.899521e+002 3.672205e+000
      vertex   -5.355019e+001 1.899313e+002 3.548954e+000
    endloop
  endfacet
  facet normal -7.070529e-001 1.093954e-001 6.985957e-001
    outer loop
      vertex   -5.355019e+001 1.899313e+002 3.548954e+000
      vertex   -5.342519e+001 1.899521e+002 3.672205e+000
      vertex   -5.355019e+001 1.900146e+002 3.535905e+000
    endloop
  endfacet
  facet normal -2.392224e-001 3.648237e-002 2.361179e-001
    outer loop
      vertex   -5.355019e+001 1.900146e+002 3.535905e+000
      vertex   -5.342519e+001 1.899521e+002 3.672205e+000
      vertex   -5.330067e+001 1.900206e+002 3.787778e+000
    endloop
  endfacet
  facet normal -9.518749e-002 1.080281e-002 9.404061e-002
    outer loop
      vertex   -5.355019e+001 1.900146e+002 3.535905e+000
      vertex   -5.330067e+001 1.900206e+002 3.787778e+000
      vertex   -5.342614e+001 1.900412e+002 3.658418e+000
    endloop
  endfacet
  facet normal -1.861443e-001 2.113486e-002 1.839030e-001
    outer loop
      vertex   -5.342614e+001 1.900412e+002 3.658418e+000
      vertex   -5.330067e+001 1.900206e+002 3.787778e+000
      vertex   -5.330209e+001 1.900677e+002 3.780931e+000
    endloop
  endfacet
  facet normal -7.053618e-001 8.060674e-002 7.004456e-001
    outer loop
      vertex   -5.330209e+001 1.900677e+002 3.780931e+000
      vertex   -5.330067e+001 1.900206e+002 3.787778e+000
      vertex   -5.305188e+001 1.900854e+002 4.030863e+000
    endloop
  endfacet
  facet normal -7.159512e-002 5.615870e-003 7.127752e-002
    outer loop
      vertex   -5.330209e+001 1.900677e+002 3.780931e+000
      vertex   -5.305188e+001 1.900854e+002 4.030863e+000
      vertex   -5.305399e+001 1.901208e+002 4.025957e+000
    endloop
  endfacet
  facet normal -1.863769e-001 2.781140e-002 1.843208e-001
    outer loop
      vertex   -5.342519e+001 1.899521e+002 3.672205e+000
      vertex   -5.330019e+001 1.899729e+002 3.795457e+000
      vertex   -5.330067e+001 1.900206e+002 3.787778e+000
    endloop
  endfacet
  facet normal -7.065805e-001 1.054341e-001 6.987687e-001
    outer loop
      vertex   -5.330067e+001 1.900206e+002 3.787778e+000
      vertex   -5.330019e+001 1.899729e+002 3.795457e+000
      vertex   -5.305062e+001 1.900500e+002 4.036199e+000
    endloop
  endfacet
  facet normal -7.155444e-002 8.155194e-003 7.106155e-002
    outer loop
      vertex   -5.330067e+001 1.900206e+002 3.787778e+000
      vertex   -5.305062e+001 1.900500e+002 4.036199e+000
      vertex   -5.305188e+001 1.900854e+002 4.030863e+000
    endloop
  endfacet
  facet normal -7.133473e-002 1.063714e-002 7.054839e-002
    outer loop
      vertex   -5.330019e+001 1.899729e+002 3.795457e+000
      vertex   -5.305019e+001 1.900146e+002 4.041960e+000
      vertex   -5.305062e+001 1.900500e+002 4.036199e+000
    endloop
  endfacet
  facet normal -6.623086e-001 -2.249755e-001 7.053327e-001
    outer loop
      vertex   -5.363654e+001 1.904211e+002 3.501284e+000
      vertex   -5.359904e+001 1.903233e+002 3.505310e+000
      vertex   -5.339083e+001 1.904818e+002 3.751358e+000
    endloop
  endfacet
  facet normal -1.152221e-001 -4.022539e-002 1.234066e-001
    outer loop
      vertex   -5.339083e+001 1.904818e+002 3.751358e+000
      vertex   -5.359904e+001 1.903233e+002 3.505310e+000
      vertex   -5.348328e+001 1.903712e+002 3.628982e+000
    endloop
  endfacet
  facet normal -6.179236e-001 -2.156729e-001 6.617695e-001
    outer loop
      vertex   -5.339083e+001 1.904818e+002 3.751358e+000
      vertex   -5.348328e+001 1.903712e+002 3.628982e+000
      vertex   -5.336752e+001 1.904190e+002 3.752655e+000
    endloop
  endfacet
  facet normal -6.638489e-001 -2.317020e-001 7.109630e-001
    outer loop
      vertex   -5.336752e+001 1.904190e+002 3.752655e+000
      vertex   -5.313601e+001 1.905146e+002 4.000000e+000
      vertex   -5.339083e+001 1.904818e+002 3.751358e+000
    endloop
  endfacet
  facet normal -2.471170e-001 -1.003090e-001 2.665126e-001
    outer loop
      vertex   -5.339083e+001 1.904818e+002 3.751358e+000
      vertex   -5.313601e+001 1.905146e+002 4.000000e+000
      vertex   -5.318777e+001 1.906421e+002 4.000000e+000
    endloop
  endfacet
  facet normal -6.412886e-001 -2.685076e-001 6.969092e-001
    outer loop
      vertex   -5.339083e+001 1.904818e+002 3.751358e+000
      vertex   -5.318777e+001 1.906421e+002 4.000000e+000
      vertex   -5.341741e+001 1.905430e+002 3.750509e+000
    endloop
  endfacet
  facet normal -6.354221e-001 -3.076497e-001 7.070554e-001
    outer loop
      vertex   -5.341741e+001 1.905430e+002 3.750509e+000
      vertex   -5.318777e+001 1.906421e+002 4.000000e+000
      vertex   -5.344154e+001 1.905920e+002 3.750124e+000
    endloop
  endfacet
  facet normal -6.346899e-001 -3.072782e-001 7.083983e-001
    outer loop
      vertex   -5.341741e+001 1.905430e+002 3.750509e+000
      vertex   -5.344154e+001 1.905920e+002 3.750124e+000
      vertex   -5.363654e+001 1.904211e+002 3.501284e+000
    endloop
  endfacet
  facet normal -6.227677e-001 -3.075988e-001 6.992757e-001
    outer loop
      vertex   -5.363654e+001 1.904211e+002 3.501284e+000
      vertex   -5.344154e+001 1.905920e+002 3.750124e+000
      vertex   -5.368417e+001 1.905146e+002 3.500000e+000
    endloop
  endfacet
  facet normal -9.442937e-002 -5.152747e-002 1.075422e-001
    outer loop
      vertex   -5.368417e+001 1.905146e+002 3.500000e+000
      vertex   -5.344154e+001 1.905920e+002 3.750124e+000
      vertex   -5.357592e+001 1.905771e+002 3.625000e+000
    endloop
  endfacet
  facet normal -1.829818e-001 -9.984805e-002 2.083914e-001
    outer loop
      vertex   -5.357592e+001 1.905771e+002 3.625000e+000
      vertex   -5.344154e+001 1.905920e+002 3.750124e+000
      vertex   -5.346766e+001 1.906396e+002 3.750000e+000
    endloop
  endfacet
  facet normal -6.207394e-001 -3.387201e-001 7.069377e-001
    outer loop
      vertex   -5.346766e+001 1.906396e+002 3.750000e+000
      vertex   -5.344154e+001 1.905920e+002 3.750124e+000
      vertex   -5.325116e+001 1.907646e+002 4.000000e+000
    endloop
  endfacet
  facet normal -6.191220e-001 -3.204170e-001 6.930620e-001
    outer loop
      vertex   -5.325116e+001 1.907646e+002 4.000000e+000
      vertex   -5.344154e+001 1.905920e+002 3.750124e+000
      vertex   -5.318777e+001 1.906421e+002 4.000000e+000
    endloop
  endfacet
  facet normal -6.510269e-001 -2.726085e-001 7.058007e-001
    outer loop
      vertex   -5.341741e+001 1.905430e+002 3.750509e+000
      vertex   -5.363654e+001 1.904211e+002 3.501284e+000
      vertex   -5.339083e+001 1.904818e+002 3.751358e+000
    endloop
  endfacet
  facet normal 6.215794e-001 -3.070401e-001 6.977277e-001
    outer loop
      vertex   -1.054639e+002 1.904211e+002 3.501284e+000
      vertex   -1.054162e+002 1.905146e+002 3.500000e+000
      vertex   -1.056569e+002 1.905958e+002 3.750105e+000
    endloop
  endfacet
  facet normal 8.408505e-002 -4.608371e-002 9.586184e-002
    outer loop
      vertex   -1.056569e+002 1.905958e+002 3.750105e+000
      vertex   -1.054162e+002 1.905146e+002 3.500000e+000
      vertex   -1.055245e+002 1.905771e+002 3.625000e+000
    endloop
  endfacet
  facet normal 5.986485e-001 -3.280957e-001 6.824941e-001
    outer loop
      vertex   -1.056569e+002 1.905958e+002 3.750105e+000
      vertex   -1.055245e+002 1.905771e+002 3.625000e+000
      vertex   -1.056327e+002 1.906396e+002 3.750000e+000
    endloop
  endfacet
  facet normal 6.201109e-001 -3.398584e-001 7.069625e-001
    outer loop
      vertex   -1.056327e+002 1.906396e+002 3.750000e+000
      vertex   -1.058492e+002 1.907646e+002 4.000000e+000
      vertex   -1.056569e+002 1.905958e+002 3.750105e+000
    endloop
  endfacet
  facet normal 2.373117e-001 -1.228244e-001 2.656592e-001
    outer loop
      vertex   -1.056569e+002 1.905958e+002 3.750105e+000
      vertex   -1.058492e+002 1.907646e+002 4.000000e+000
      vertex   -1.059126e+002 1.906421e+002 4.000000e+000
    endloop
  endfacet
  facet normal 6.208924e-001 -3.050183e-001 6.920286e-001
    outer loop
      vertex   -1.056569e+002 1.905958e+002 3.750105e+000
      vertex   -1.059126e+002 1.906421e+002 4.000000e+000
      vertex   -1.056794e+002 1.905508e+002 3.750431e+000
    endloop
  endfacet
  facet normal 6.480849e-001 -2.784696e-001 7.077237e-001
    outer loop
      vertex   -1.056794e+002 1.905508e+002 3.750431e+000
      vertex   -1.059126e+002 1.906421e+002 4.000000e+000
      vertex   -1.057050e+002 1.904929e+002 3.751174e+000
    endloop
  endfacet
  facet normal 6.475550e-001 -2.782705e-001 7.049156e-001
    outer loop
      vertex   -1.056794e+002 1.905508e+002 3.750431e+000
      vertex   -1.057050e+002 1.904929e+002 3.751174e+000
      vertex   -1.054639e+002 1.904211e+002 3.501284e+000
    endloop
  endfacet
  facet normal 1.152467e-001 -4.184358e-002 1.232491e-001
    outer loop
      vertex   -1.054639e+002 1.904211e+002 3.501284e+000
      vertex   -1.057050e+002 1.904929e+002 3.751174e+000
      vertex   -1.057278e+002 1.904336e+002 3.752314e+000
    endloop
  endfacet
  facet normal 6.439649e-001 -2.186067e-001 6.879231e-001
    outer loop
      vertex   -1.054639e+002 1.904211e+002 3.501284e+000
      vertex   -1.057278e+002 1.904336e+002 3.752314e+000
      vertex   -1.055014e+002 1.903233e+002 3.505310e+000
    endloop
  endfacet
  facet normal 2.937652e-002 -9.515762e-003 3.117790e-002
    outer loop
      vertex   -1.055014e+002 1.903233e+002 3.505310e+000
      vertex   -1.057278e+002 1.904336e+002 3.752314e+000
      vertex   -1.056171e+002 1.903712e+002 3.628982e+000
    endloop
  endfacet
  facet normal 5.858292e-002 -1.895686e-002 6.216534e-002
    outer loop
      vertex   -1.056171e+002 1.903712e+002 3.628982e+000
      vertex   -1.057278e+002 1.904336e+002 3.752314e+000
      vertex   -1.057329e+002 1.904190e+002 3.752655e+000
    endloop
  endfacet
  facet normal 6.693402e-001 -2.165925e-001 7.102501e-001
    outer loop
      vertex   -1.057329e+002 1.904190e+002 3.752655e+000
      vertex   -1.057278e+002 1.904336e+002 3.752314e+000
      vertex   -1.059644e+002 1.905146e+002 4.000000e+000
    endloop
  endfacet
  facet normal 1.165793e-001 -4.231718e-002 1.252069e-001
    outer loop
      vertex   -1.059644e+002 1.905146e+002 4.000000e+000
      vertex   -1.057278e+002 1.904336e+002 3.752314e+000
      vertex   -1.057050e+002 1.904929e+002 3.751174e+000
    endloop
  endfacet
  facet normal 6.403140e-001 -2.598953e-001 6.900997e-001
    outer loop
      vertex   -1.059644e+002 1.905146e+002 4.000000e+000
      vertex   -1.057050e+002 1.904929e+002 3.751174e+000
      vertex   -1.059126e+002 1.906421e+002 4.000000e+000
    endloop
  endfacet
  facet normal 6.320103e-001 -3.104526e-001 7.082152e-001
    outer loop
      vertex   -1.056794e+002 1.905508e+002 3.750431e+000
      vertex   -1.054639e+002 1.904211e+002 3.501284e+000
      vertex   -1.056569e+002 1.905958e+002 3.750105e+000
    endloop
  endfacet
  facet normal 7.001181e-001 1.082091e-001 6.910201e-001
    outer loop
      vertex   -1.055502e+002 1.899313e+002 3.548954e+000
      vertex   -1.055502e+002 1.900146e+002 3.535905e+000
      vertex   -1.057997e+002 1.900205e+002 3.787790e+000
    endloop
  endfacet
  facet normal 9.268928e-002 1.052519e-002 9.157411e-002
    outer loop
      vertex   -1.057997e+002 1.900205e+002 3.787790e+000
      vertex   -1.055502e+002 1.900146e+002 3.535905e+000
      vertex   -1.056742e+002 1.900412e+002 3.658418e+000
    endloop
  endfacet
  facet normal 6.891073e-001 7.822817e-002 6.808130e-001
    outer loop
      vertex   -1.057997e+002 1.900205e+002 3.787790e+000
      vertex   -1.056742e+002 1.900412e+002 3.658418e+000
      vertex   -1.057983e+002 1.900677e+002 3.780931e+000
    endloop
  endfacet
  facet normal 7.075247e-001 5.549922e-002 7.043968e-001
    outer loop
      vertex   -1.060464e+002 1.901208e+002 4.025957e+000
      vertex   -1.060485e+002 1.900854e+002 4.030863e+000
      vertex   -1.057983e+002 1.900677e+002 3.780931e+000
    endloop
  endfacet
  facet normal 7.053550e-001 8.059373e-002 7.004506e-001
    outer loop
      vertex   -1.057983e+002 1.900677e+002 3.780931e+000
      vertex   -1.060485e+002 1.900854e+002 4.030863e+000
      vertex   -1.057997e+002 1.900205e+002 3.787790e+000
    endloop
  endfacet
  facet normal 7.062001e-001 8.056130e-002 7.013241e-001
    outer loop
      vertex   -1.060485e+002 1.900854e+002 4.030863e+000
      vertex   -1.060498e+002 1.900500e+002 4.036199e+000
      vertex   -1.057997e+002 1.900205e+002 3.787790e+000
    endloop
  endfacet
  facet normal 7.065919e-001 1.055429e-001 6.987569e-001
    outer loop
      vertex   -1.057997e+002 1.900205e+002 3.787790e+000
      vertex   -1.060498e+002 1.900500e+002 4.036199e+000
      vertex   -1.058002e+002 1.899729e+002 3.795457e+000
    endloop
  endfacet
  facet normal 6.823998e-001 1.019327e-001 6.748541e-001
    outer loop
      vertex   -1.057997e+002 1.900205e+002 3.787790e+000
      vertex   -1.058002e+002 1.899729e+002 3.795457e+000
      vertex   -1.056752e+002 1.899521e+002 3.672205e+000
    endloop
  endfacet
  facet normal 7.037270e-001 1.050107e-001 6.959571e-001
    outer loop
      vertex   -1.060498e+002 1.900500e+002 4.036199e+000
      vertex   -1.060502e+002 1.900146e+002 4.041960e+000
      vertex   -1.058002e+002 1.899729e+002 3.795457e+000
    endloop
  endfacet
  facet normal 1.860952e-001 2.779776e-002 1.840374e-001
    outer loop
      vertex   -1.056752e+002 1.899521e+002 3.672205e+000
      vertex   -1.055502e+002 1.899313e+002 3.548954e+000
      vertex   -1.057997e+002 1.900205e+002 3.787790e+000
    endloop
  endfacet
  facet normal 0.000000e+000 1.539122e-002 9.537931e-001
    outer loop
      vertex   -1.059644e+002 1.905146e+002 4.000000e+000
      vertex   -1.100502e+002 1.905146e+002 4.000000e+000
      vertex   -1.059947e+002 1.904182e+002 4.001556e+000
    endloop
  endfacet
  facet normal 3.659897e-005 2.524172e-003 6.102836e-002
    outer loop
      vertex   -1.059947e+002 1.904182e+002 4.001556e+000
      vertex   -1.100502e+002 1.905146e+002 4.000000e+000
      vertex   -1.100502e+002 1.902669e+002 4.010247e+000
    endloop
  endfacet
  facet normal 3.231790e-004 4.655128e-002 9.613402e-001
    outer loop
      vertex   -1.059947e+002 1.904182e+002 4.001556e+000
      vertex   -1.100502e+002 1.902669e+002 4.010247e+000
      vertex   -1.060185e+002 1.903200e+002 4.006317e+000
    endloop
  endfacet
  facet normal -1.014288e-004 8.010644e-002 9.796531e-001
    outer loop
      vertex   -1.060185e+002 1.903200e+002 4.006317e+000
      vertex   -1.100502e+002 1.902669e+002 4.010247e+000
      vertex   -1.060358e+002 1.902207e+002 4.014437e+000
    endloop
  endfacet
  facet normal 2.789453e-004 1.140432e-001 9.890750e-001
    outer loop
      vertex   -1.060358e+002 1.902207e+002 4.014437e+000
      vertex   -1.100502e+002 1.902669e+002 4.010247e+000
      vertex   -1.060464e+002 1.901208e+002 4.025957e+000
    endloop
  endfacet
  facet normal 3.823997e-005 7.652467e-003 6.139297e-002
    outer loop
      vertex   -1.060464e+002 1.901208e+002 4.025957e+000
      vertex   -1.100502e+002 1.902669e+002 4.010247e+000
      vertex   -1.100502e+002 1.900208e+002 4.040916e+000
    endloop
  endfacet
  facet normal 2.740489e-004 1.366758e-001 9.870520e-001
    outer loop
      vertex   -1.060464e+002 1.901208e+002 4.025957e+000
      vertex   -1.100502e+002 1.900208e+002 4.040916e+000
      vertex   -1.060485e+002 1.900854e+002 4.030863e+000
    endloop
  endfacet
  facet normal 7.990981e-005 1.487810e-001 9.875313e-001
    outer loop
      vertex   -1.060485e+002 1.900854e+002 4.030863e+000
      vertex   -1.100502e+002 1.900208e+002 4.040916e+000
      vertex   -1.060498e+002 1.900500e+002 4.036199e+000
    endloop
  endfacet
  facet normal -8.071352e-006 1.607350e-001 9.868129e-001
    outer loop
      vertex   -1.060498e+002 1.900500e+002 4.036199e+000
      vertex   -1.100502e+002 1.900208e+002 4.040916e+000
      vertex   -1.060502e+002 1.900146e+002 4.041960e+000
    endloop
  endfacet
  facet normal 3.905249e-006 1.269766e-002 6.055466e-002
    outer loop
      vertex   -1.060502e+002 1.900146e+002 4.041960e+000
      vertex   -1.100502e+002 1.900208e+002 4.040916e+000
      vertex   -1.100502e+002 1.897782e+002 4.091799e+000
    endloop
  endfacet
  facet normal -5.945305e-005 2.068359e-001 9.765155e-001
    outer loop
      vertex   -1.060502e+002 1.900146e+002 4.041960e+000
      vertex   -1.100502e+002 1.897782e+002 4.091799e+000
      vertex   -1.060502e+002 1.897724e+002 4.093261e+000
    endloop
  endfacet
  facet normal 3.715755e-006 1.765490e-002 5.930158e-002
    outer loop
      vertex   -1.060502e+002 1.897724e+002 4.093261e+000
      vertex   -1.100502e+002 1.897782e+002 4.091799e+000
      vertex   -1.100502e+002 1.895405e+002 4.162548e+000
    endloop
  endfacet
  facet normal -5.564764e-005 2.866466e-001 9.561309e-001
    outer loop
      vertex   -1.060502e+002 1.897724e+002 4.093261e+000
      vertex   -1.100502e+002 1.895405e+002 4.162548e+000
      vertex   -1.060502e+002 1.895353e+002 4.164359e+000
    endloop
  endfacet
  facet normal 3.503209e-006 2.249166e-002 5.764110e-002
    outer loop
      vertex   -1.060502e+002 1.895353e+002 4.164359e+000
      vertex   -1.100502e+002 1.895405e+002 4.162548e+000
      vertex   -1.100502e+002 1.893095e+002 4.252680e+000
    endloop
  endfacet
  facet normal -5.158181e-005 3.645042e-001 9.292353e-001
    outer loop
      vertex   -1.060502e+002 1.895353e+002 4.164359e+000
      vertex   -1.100502e+002 1.893095e+002 4.252680e+000
      vertex   -1.060502e+002 1.893048e+002 4.254769e+000
    endloop
  endfacet
  facet normal 3.304985e-006 2.717476e-002 5.558844e-002
    outer loop
      vertex   -1.060502e+002 1.893048e+002 4.254769e+000
      vertex   -1.100502e+002 1.893095e+002 4.252680e+000
      vertex   -1.100502e+002 1.890868e+002 4.361579e+000
    endloop
  endfacet
  facet normal -4.813636e-005 4.398810e-001 8.960105e-001
    outer loop
      vertex   -1.060502e+002 1.893048e+002 4.254769e+000
      vertex   -1.100502e+002 1.890868e+002 4.361579e+000
      vertex   -1.060502e+002 1.890825e+002 4.363876e+000
    endloop
  endfacet
  facet normal 3.060216e-006 3.167194e-002 5.315123e-002
    outer loop
      vertex   -1.060502e+002 1.890825e+002 4.363876e+000
      vertex   -1.100502e+002 1.890868e+002 4.361579e+000
      vertex   -1.100502e+002 1.888738e+002 4.488501e+000
    endloop
  endfacet
  facet normal -4.492222e-005 5.122823e-001 8.566715e-001
    outer loop
      vertex   -1.060502e+002 1.890825e+002 4.363876e+000
      vertex   -1.100502e+002 1.888738e+002 4.488501e+000
      vertex   -1.060502e+002 1.888701e+002 4.490937e+000
    endloop
  endfacet
  facet normal 2.795524e-006 3.595286e-002 5.035612e-002
    outer loop
      vertex   -1.060502e+002 1.888701e+002 4.490937e+000
      vertex   -1.100502e+002 1.888738e+002 4.488501e+000
      vertex   -1.100502e+002 1.886720e+002 4.632578e+000
    endloop
  endfacet
  facet normal -4.090414e-005 5.811446e-001 8.115286e-001
    outer loop
      vertex   -1.060502e+002 1.888701e+002 4.490937e+000
      vertex   -1.100502e+002 1.886720e+002 4.632578e+000
      vertex   -1.060502e+002 1.886688e+002 4.635086e+000
    endloop
  endfacet
  facet normal 2.592315e-006 3.998815e-002 4.721455e-002
    outer loop
      vertex   -1.060502e+002 1.886688e+002 4.635086e+000
      vertex   -1.100502e+002 1.886720e+002 4.632578e+000
      vertex   -1.100502e+002 1.884828e+002 4.792828e+000
    endloop
  endfacet
  facet normal -3.682116e-005 6.460801e-001 7.608397e-001
    outer loop
      vertex   -1.060502e+002 1.886688e+002 4.635086e+000
      vertex   -1.100502e+002 1.884828e+002 4.792828e+000
      vertex   -1.060502e+002 1.884800e+002 4.795341e+000
    endloop
  endfacet
  facet normal 2.389272e-006 4.375032e-002 4.374937e-002
    outer loop
      vertex   -1.060502e+002 1.884800e+002 4.795341e+000
      vertex   -1.100502e+002 1.884828e+002 4.792828e+000
      vertex   -1.100502e+002 1.883074e+002 4.968155e+000
    endloop
  endfacet
  facet normal -3.391872e-005 7.066386e-001 7.049450e-001
    outer loop
      vertex   -1.060502e+002 1.884800e+002 4.795341e+000
      vertex   -1.100502e+002 1.883074e+002 4.968155e+000
      vertex   -1.060502e+002 1.883052e+002 4.970612e+000
    endloop
  endfacet
  facet normal 2.101489e-006 4.721343e-002 3.998724e-002
    outer loop
      vertex   -1.060502e+002 1.883052e+002 4.970612e+000
      vertex   -1.100502e+002 1.883074e+002 4.968155e+000
      vertex   -1.100502e+002 1.881472e+002 5.157362e+000
    endloop
  endfacet
  facet normal -2.824181e-005 7.623215e-001 6.443136e-001
    outer loop
      vertex   -1.060502e+002 1.883052e+002 4.970612e+000
      vertex   -1.100502e+002 1.881472e+002 5.157362e+000
      vertex   -1.060502e+002 1.881454e+002 5.159704e+000
    endloop
  endfacet
  facet normal 2.000989e-006 5.035405e-002 3.595480e-002
    outer loop
      vertex   -1.060502e+002 1.881454e+002 5.159704e+000
      vertex   -1.100502e+002 1.881472e+002 5.157362e+000
      vertex   -1.100502e+002 1.880031e+002 5.359156e+000
    endloop
  endfacet
  facet normal -2.635676e-005 8.128619e-001 5.792395e-001
    outer loop
      vertex   -1.060502e+002 1.881454e+002 5.159704e+000
      vertex   -1.100502e+002 1.880031e+002 5.359156e+000
      vertex   -1.060502e+002 1.880017e+002 5.361329e+000
    endloop
  endfacet
  facet normal 1.647395e-006 5.315064e-002 3.167112e-002
    outer loop
      vertex   -1.060502e+002 1.880017e+002 5.361329e+000
      vertex   -1.100502e+002 1.880031e+002 5.359156e+000
      vertex   -1.100502e+002 1.878762e+002 5.572158e+000
    endloop
  endfacet
  facet normal -2.381694e-005 8.578612e-001 5.102214e-001
    outer loop
      vertex   -1.060502e+002 1.880017e+002 5.361329e+000
      vertex   -1.100502e+002 1.878762e+002 5.572158e+000
      vertex   -1.060502e+002 1.878751e+002 5.574115e+000
    endloop
  endfacet
  facet normal 1.337806e-006 5.558418e-002 2.717046e-002
    outer loop
      vertex   -1.060502e+002 1.878751e+002 5.574115e+000
      vertex   -1.100502e+002 1.878762e+002 5.572158e+000
      vertex   -1.100502e+002 1.877673e+002 5.794914e+000
    endloop
  endfacet
  facet normal -1.815865e-005 8.970036e-001 4.377499e-001
    outer loop
      vertex   -1.060502e+002 1.878751e+002 5.574115e+000
      vertex   -1.100502e+002 1.877673e+002 5.794914e+000
      vertex   -1.060502e+002 1.877666e+002 5.796612e+000
    endloop
  endfacet
  facet normal 1.226229e-006 5.763802e-002 2.249089e-002
    outer loop
      vertex   -1.060502e+002 1.877666e+002 5.796612e+000
      vertex   -1.100502e+002 1.877673e+002 5.794914e+000
      vertex   -1.100502e+002 1.876772e+002 6.025902e+000
    endloop
  endfacet
  facet normal -1.354322e-005 9.300272e-001 3.623238e-001
    outer loop
      vertex   -1.060502e+002 1.877666e+002 5.796612e+000
      vertex   -1.100502e+002 1.876772e+002 6.025902e+000
      vertex   -1.060502e+002 1.876767e+002 6.027305e+000
    endloop
  endfacet
  facet normal 1.046580e-006 5.929799e-002 1.765527e-002
    outer loop
      vertex   -1.060502e+002 1.876767e+002 6.027305e+000
      vertex   -1.100502e+002 1.876772e+002 6.025902e+000
      vertex   -1.100502e+002 1.876064e+002 6.263544e+000
    endloop
  endfacet
  facet normal -1.095713e-005 9.567355e-001 2.843851e-001
    outer loop
      vertex   -1.060502e+002 1.876767e+002 6.027305e+000
      vertex   -1.100502e+002 1.876064e+002 6.263544e+000
      vertex   -1.060502e+002 1.876061e+002 6.264622e+000
    endloop
  endfacet
  facet normal 7.363831e-007 6.055292e-002 1.269405e-002
    outer loop
      vertex   -1.060502e+002 1.876061e+002 6.264622e+000
      vertex   -1.100502e+002 1.876064e+002 6.263544e+000
      vertex   -1.100502e+002 1.875555e+002 6.506216e+000
    endloop
  endfacet
  facet normal -7.578619e-006 9.769316e-001 2.044775e-001
    outer loop
      vertex   -1.060502e+002 1.876061e+002 6.264622e+000
      vertex   -1.100502e+002 1.875555e+002 6.506216e+000
      vertex   -1.060502e+002 1.875554e+002 6.506948e+000
    endloop
  endfacet
  facet normal 4.741372e-007 6.139438e-002 7.652940e-003
    outer loop
      vertex   -1.060502e+002 1.875554e+002 6.506948e+000
      vertex   -1.100502e+002 1.875555e+002 6.506216e+000
      vertex   -1.100502e+002 1.875249e+002 6.752262e+000
    endloop
  endfacet
  facet normal -3.832465e-006 9.904536e-001 1.232749e-001
    outer loop
      vertex   -1.060502e+002 1.875554e+002 6.506948e+000
      vertex   -1.100502e+002 1.875249e+002 6.752262e+000
      vertex   -1.060502e+002 1.875248e+002 6.752632e+000
    endloop
  endfacet
  facet normal 2.352399e-007 6.181617e-002 2.558580e-003
    outer loop
      vertex   -1.060502e+002 1.875248e+002 6.752632e+000
      vertex   -1.100502e+002 1.875249e+002 6.752262e+000
      vertex   -1.100502e+002 1.875146e+002 7.000000e+000
    endloop
  endfacet
  facet normal -4.336809e-019 9.972387e-001 4.121448e-002
    outer loop
      vertex   -1.060502e+002 1.875248e+002 6.752632e+000
      vertex   -1.100502e+002 1.875146e+002 7.000000e+000
      vertex   -1.060502e+002 1.875146e+002 7.000000e+000
    endloop
  endfacet
  facet normal 0.000000e+000 0.000000e+000 9.837717e-001
    outer loop
      vertex   -1.100502e+002 1.905146e+002 4.000000e+000
      vertex   -1.050632e+002 1.914242e+002 4.000000e+000
      vertex   -1.100502e+002 1.930146e+002 4.000000e+000
    endloop
  endfacet
  facet normal 0.000000e+000 0.000000e+000 1.829734e-002
    outer loop
      vertex   -1.100502e+002 1.930146e+002 4.000000e+000
      vertex   -1.050632e+002 1.914242e+002 4.000000e+000
      vertex   -1.048961e+002 1.914742e+002 4.000000e+000
    endloop
  endfacet
  facet normal 0.000000e+000 0.000000e+000 1.412840e-002
    outer loop
      vertex   -1.100502e+002 1.930146e+002 4.000000e+000
      vertex   -1.048961e+002 1.914742e+002 4.000000e+000
      vertex   -1.047243e+002 1.915045e+002 4.000000e+000
    endloop
  endfacet
  facet normal 0.000000e+000 -0.000000e+000 9.265837e-001
    outer loop
      vertex   -1.059644e+002 1.905146e+002 4.000000e+000
      vertex   -1.059126e+002 1.906421e+002 4.000000e+000
      vertex   -1.100502e+002 1.905146e+002 4.000000e+000
    endloop
  endfacet
  facet normal 0.000000e+000 0.000000e+000 2.862647e-002
    outer loop
      vertex   -1.100502e+002 1.905146e+002 4.000000e+000
      vertex   -1.059126e+002 1.906421e+002 4.000000e+000
      vertex   -1.058492e+002 1.907646e+002 4.000000e+000
    endloop
  endfacet
  facet normal 0.000000e+000 0.000000e+000 3.239514e-002
    outer loop
      vertex   -1.100502e+002 1.905146e+002 4.000000e+000
      vertex   -1.058492e+002 1.907646e+002 4.000000e+000
      vertex   -1.057534e+002 1.909104e+002 4.000000e+000
    endloop
  endfacet
  facet normal 0.000000e+000 -0.000000e+000 7.038645e-001
    outer loop
      vertex   -1.057534e+002 1.909104e+002 4.000000e+000
      vertex   -1.056413e+002 1.910440e+002 4.000000e+000
      vertex   -1.100502e+002 1.905146e+002 4.000000e+000
    endloop
  endfacet
  facet normal 0.000000e+000 0.000000e+000 2.263757e-002
    outer loop
      vertex   -1.100502e+002 1.905146e+002 4.000000e+000
      vertex   -1.056413e+002 1.910440e+002 4.000000e+000
      vertex   -1.055144e+002 1.911637e+002 4.000000e+000
    endloop
  endfacet
  facet normal 0.000000e+000 0.000000e+000 1.758897e-002
    outer loop
      vertex   -1.100502e+002 1.905146e+002 4.000000e+000
      vertex   -1.055144e+002 1.911637e+002 4.000000e+000
      vertex   -1.053745e+002 1.912679e+002 4.000000e+000
    endloop
  endfacet
  facet normal 0.000000e+000 -0.000000e+000 3.559161e-001
    outer loop
      vertex   -1.053745e+002 1.912679e+002 4.000000e+000
      vertex   -1.052234e+002 1.913551e+002 4.000000e+000
      vertex   -1.100502e+002 1.905146e+002 4.000000e+000
    endloop
  endfacet
  facet normal 0.000000e+000 0.000000e+000 8.007440e-003
    outer loop
      vertex   -1.100502e+002 1.905146e+002 4.000000e+000
      vertex   -1.052234e+002 1.913551e+002 4.000000e+000
      vertex   -1.050632e+002 1.914242e+002 4.000000e+000
    endloop
  endfacet
  facet normal 0.000000e+000 -0.000000e+000 3.282980e-001
    outer loop
      vertex   -1.047243e+002 1.915045e+002 4.000000e+000
      vertex   -1.045502e+002 1.915146e+002 4.000000e+000
      vertex   -1.100502e+002 1.930146e+002 4.000000e+000
    endloop
  endfacet
  facet normal 0.000000e+000 0.000000e+000 2.369562e-001
    outer loop
      vertex   -1.100502e+002 1.930146e+002 4.000000e+000
      vertex   -1.045502e+002 1.915146e+002 4.000000e+000
      vertex   -5.455019e+001 1.915146e+002 4.000000e+000
    endloop
  endfacet
  facet normal -0.000000e+000 0.000000e+000 2.701716e-002
    outer loop
      vertex   -1.100502e+002 1.930146e+002 4.000000e+000
      vertex   -5.455019e+001 1.915146e+002 4.000000e+000
      vertex   -4.905019e+001 1.930146e+002 4.000000e+000
    endloop
  endfacet
  facet normal 0.000000e+000 0.000000e+000 1.004513e-002
    outer loop
      vertex   -4.905019e+001 1.930146e+002 4.000000e+000
      vertex   -5.455019e+001 1.915146e+002 4.000000e+000
      vertex   -5.437606e+001 1.915045e+002 4.000000e+000
    endloop
  endfacet
  facet normal 0.000000e+000 0.000000e+000 1.412839e-002
    outer loop
      vertex   -4.905019e+001 1.930146e+002 4.000000e+000
      vertex   -5.437606e+001 1.915045e+002 4.000000e+000
      vertex   -5.420427e+001 1.914742e+002 4.000000e+000
    endloop
  endfacet
  facet normal -0.000000e+000 0.000000e+000 5.490764e-001
    outer loop
      vertex   -5.420427e+001 1.914742e+002 4.000000e+000
      vertex   -5.403717e+001 1.914242e+002 4.000000e+000
      vertex   -4.905019e+001 1.930146e+002 4.000000e+000
    endloop
  endfacet
  facet normal 0.000000e+000 0.000000e+000 9.527219e-001
    outer loop
      vertex   -4.905019e+001 1.930146e+002 4.000000e+000
      vertex   -5.403717e+001 1.914242e+002 4.000000e+000
      vertex   -4.905019e+001 1.905146e+002 4.000000e+000
    endloop
  endfacet
  facet normal 0.000000e+000 0.000000e+000 8.007438e-003
    outer loop
      vertex   -4.905019e+001 1.905146e+002 4.000000e+000
      vertex   -5.403717e+001 1.914242e+002 4.000000e+000
      vertex   -5.387700e+001 1.913551e+002 4.000000e+000
    endloop
  endfacet
  facet normal 0.000000e+000 0.000000e+000 1.267161e-002
    outer loop
      vertex   -4.905019e+001 1.905146e+002 4.000000e+000
      vertex   -5.387700e+001 1.913551e+002 4.000000e+000
      vertex   -5.372593e+001 1.912679e+002 4.000000e+000
    endloop
  endfacet
  facet normal 0.000000e+000 0.000000e+000 4.620082e-001
    outer loop
      vertex   -5.372593e+001 1.912679e+002 4.000000e+000
      vertex   -5.358601e+001 1.911637e+002 4.000000e+000
      vertex   -4.905019e+001 1.905146e+002 4.000000e+000
    endloop
  endfacet
  facet normal 0.000000e+000 0.000000e+000 2.263777e-002
    outer loop
      vertex   -4.905019e+001 1.905146e+002 4.000000e+000
      vertex   -5.358601e+001 1.911637e+002 4.000000e+000
      vertex   -5.345914e+001 1.910440e+002 4.000000e+000
    endloop
  endfacet
  facet normal 0.000000e+000 0.000000e+000 2.764821e-002
    outer loop
      vertex   -4.905019e+001 1.905146e+002 4.000000e+000
      vertex   -5.345914e+001 1.910440e+002 4.000000e+000
      vertex   -5.334701e+001 1.909104e+002 4.000000e+000
    endloop
  endfacet
  facet normal 0.000000e+000 0.000000e+000 7.815608e-001
    outer loop
      vertex   -5.334701e+001 1.909104e+002 4.000000e+000
      vertex   -5.325116e+001 1.907646e+002 4.000000e+000
      vertex   -4.905019e+001 1.905146e+002 4.000000e+000
    endloop
  endfacet
  facet normal 0.000000e+000 0.000000e+000 2.862647e-002
    outer loop
      vertex   -4.905019e+001 1.905146e+002 4.000000e+000
      vertex   -5.325116e+001 1.907646e+002 4.000000e+000
      vertex   -5.318777e+001 1.906421e+002 4.000000e+000
    endloop
  endfacet
  facet normal 0.000000e+000 0.000000e+000 3.080482e-002
    outer loop
      vertex   -4.905019e+001 1.905146e+002 4.000000e+000
      vertex   -5.318777e+001 1.906421e+002 4.000000e+000
      vertex   -5.313601e+001 1.905146e+002 4.000000e+000
    endloop
  endfacet
  facet normal 0.000000e+000 0.000000e+000 9.989327e-001
    outer loop
      vertex   -1.100502e+002 1.930146e+002 4.000000e+000
      vertex   -4.905019e+001 1.930146e+002 4.000000e+000
      vertex   -1.100395e+002 1.932453e+002 4.000000e+000
    endloop
  endfacet
  facet normal -0.000000e+000 0.000000e+000 3.782062e-003
    outer loop
      vertex   -1.100395e+002 1.932453e+002 4.000000e+000
      vertex   -4.905019e+001 1.930146e+002 4.000000e+000
      vertex   -4.906086e+001 1.932453e+002 4.000000e+000
    endloop
  endfacet
  facet normal 0.000000e+000 0.000000e+000 9.904138e-001
    outer loop
      vertex   -1.100395e+002 1.932453e+002 4.000000e+000
      vertex   -4.906086e+001 1.932453e+002 4.000000e+000
      vertex   -1.100076e+002 1.934740e+002 4.000000e+000
    endloop
  endfacet
  facet normal -0.000000e+000 0.000000e+000 3.752658e-003
    outer loop
      vertex   -1.100076e+002 1.934740e+002 4.000000e+000
      vertex   -4.906086e+001 1.932453e+002 4.000000e+000
      vertex   -4.909276e+001 1.934740e+002 4.000000e+000
    endloop
  endfacet
  facet normal 0.000000e+000 0.000000e+000 9.734336e-001
    outer loop
      vertex   -1.100076e+002 1.934740e+002 4.000000e+000
      vertex   -4.909276e+001 1.934740e+002 4.000000e+000
      vertex   -1.099548e+002 1.936988e+002 4.000000e+000
    endloop
  endfacet
  facet normal -0.000000e+000 0.000000e+000 3.693203e-003
    outer loop
      vertex   -1.099548e+002 1.936988e+002 4.000000e+000
      vertex   -4.909276e+001 1.934740e+002 4.000000e+000
      vertex   -4.914563e+001 1.936988e+002 4.000000e+000
    endloop
  endfacet
  facet normal 0.000000e+000 0.000000e+000 9.481666e-001
    outer loop
      vertex   -1.099548e+002 1.936988e+002 4.000000e+000
      vertex   -4.914563e+001 1.936988e+002 4.000000e+000
      vertex   -1.098814e+002 1.939177e+002 4.000000e+000
    endloop
  endfacet
  facet normal -0.000000e+000 0.000000e+000 3.604911e-003
    outer loop
      vertex   -1.098814e+002 1.939177e+002 4.000000e+000
      vertex   -4.914563e+001 1.936988e+002 4.000000e+000
      vertex   -4.921901e+001 1.939177e+002 4.000000e+000
    endloop
  endfacet
  facet normal 0.000000e+000 0.000000e+000 9.147871e-001
    outer loop
      vertex   -1.098814e+002 1.939177e+002 4.000000e+000
      vertex   -4.921901e+001 1.939177e+002 4.000000e+000
      vertex   -1.097881e+002 1.941290e+002 4.000000e+000
    endloop
  endfacet
  facet normal -0.000000e+000 0.000000e+000 3.487610e-003
    outer loop
      vertex   -1.097881e+002 1.941290e+002 4.000000e+000
      vertex   -4.921901e+001 1.939177e+002 4.000000e+000
      vertex   -4.931229e+001 1.941290e+002 4.000000e+000
    endloop
  endfacet
  facet normal 0.000000e+000 0.000000e+000 8.736237e-001
    outer loop
      vertex   -1.097881e+002 1.941290e+002 4.000000e+000
      vertex   -4.931229e+001 1.941290e+002 4.000000e+000
      vertex   -1.096757e+002 1.943307e+002 4.000000e+000
    endloop
  endfacet
  facet normal -0.000000e+000 0.000000e+000 3.342011e-003
    outer loop
      vertex   -1.096757e+002 1.943307e+002 4.000000e+000
      vertex   -4.931229e+001 1.941290e+002 4.000000e+000
      vertex   -4.942465e+001 1.943307e+002 4.000000e+000
    endloop
  endfacet
  facet normal 0.000000e+000 0.000000e+000 8.250105e-001
    outer loop
      vertex   -1.096757e+002 1.943307e+002 4.000000e+000
      vertex   -4.942465e+001 1.943307e+002 4.000000e+000
      vertex   -1.095452e+002 1.945212e+002 4.000000e+000
    endloop
  endfacet
  facet normal -0.000000e+000 0.000000e+000 3.168715e-003
    outer loop
      vertex   -1.095452e+002 1.945212e+002 4.000000e+000
      vertex   -4.942465e+001 1.943307e+002 4.000000e+000
      vertex   -4.955515e+001 1.945212e+002 4.000000e+000
    endloop
  endfacet
  facet normal 0.000000e+000 0.000000e+000 7.693143e-001
    outer loop
      vertex   -1.095452e+002 1.945212e+002 4.000000e+000
      vertex   -4.955515e+001 1.945212e+002 4.000000e+000
      vertex   -1.093977e+002 1.946989e+002 4.000000e+000
    endloop
  endfacet
  facet normal -0.000000e+000 0.000000e+000 2.968490e-003
    outer loop
      vertex   -1.093977e+002 1.946989e+002 4.000000e+000
      vertex   -4.955515e+001 1.945212e+002 4.000000e+000
      vertex   -4.970267e+001 1.946989e+002 4.000000e+000
    endloop
  endfacet
  facet normal 0.000000e+000 0.000000e+000 7.071068e-001
    outer loop
      vertex   -1.093977e+002 1.946989e+002 4.000000e+000
      vertex   -4.970267e+001 1.946989e+002 4.000000e+000
      vertex   -1.092344e+002 1.948621e+002 4.000000e+000
    endloop
  endfacet
  facet normal -0.000000e+000 0.000000e+000 2.742799e-003
    outer loop
      vertex   -1.092344e+002 1.948621e+002 4.000000e+000
      vertex   -4.970267e+001 1.946989e+002 4.000000e+000
      vertex   -4.986596e+001 1.948621e+002 4.000000e+000
    endloop
  endfacet
  facet normal 0.000000e+000 0.000000e+000 6.388543e-001
    outer loop
      vertex   -1.092344e+002 1.948621e+002 4.000000e+000
      vertex   -4.986596e+001 1.948621e+002 4.000000e+000
      vertex   -1.090568e+002 1.950097e+002 4.000000e+000
    endloop
  endfacet
  facet normal -0.000000e+000 0.000000e+000 3.201538e-001
    outer loop
      vertex   -1.090568e+002 1.950097e+002 4.000000e+000
      vertex   -4.986596e+001 1.948621e+002 4.000000e+000
      vertex   -1.075502e+002 1.955146e+002 4.000000e+000
    endloop
  endfacet
  facet normal 0.000000e+000 0.000000e+000 2.736929e-001
    outer loop
      vertex   -1.090568e+002 1.950097e+002 4.000000e+000
      vertex   -1.075502e+002 1.955146e+002 4.000000e+000
      vertex   -1.088663e+002 1.951402e+002 4.000000e+000
    endloop
  endfacet
  facet normal 0.000000e+000 0.000000e+000 2.289533e-001
    outer loop
      vertex   -1.088663e+002 1.951402e+002 4.000000e+000
      vertex   -1.075502e+002 1.955146e+002 4.000000e+000
      vertex   -1.086645e+002 1.952525e+002 4.000000e+000
    endloop
  endfacet
  facet normal 0.000000e+000 0.000000e+000 1.837129e-001
    outer loop
      vertex   -1.086645e+002 1.952525e+002 4.000000e+000
      vertex   -1.075502e+002 1.955146e+002 4.000000e+000
      vertex   -1.084533e+002 1.953458e+002 4.000000e+000
    endloop
  endfacet
  facet normal 0.000000e+000 0.000000e+000 1.381962e-001
    outer loop
      vertex   -1.084533e+002 1.953458e+002 4.000000e+000
      vertex   -1.075502e+002 1.955146e+002 4.000000e+000
      vertex   -1.082344e+002 1.954192e+002 4.000000e+000
    endloop
  endfacet
  facet normal 0.000000e+000 0.000000e+000 9.222678e-002
    outer loop
      vertex   -1.082344e+002 1.954192e+002 4.000000e+000
      vertex   -1.075502e+002 1.955146e+002 4.000000e+000
      vertex   -1.080096e+002 1.954720e+002 4.000000e+000
    endloop
  endfacet
  facet normal 0.000000e+000 0.000000e+000 4.619032e-002
    outer loop
      vertex   -1.080096e+002 1.954720e+002 4.000000e+000
      vertex   -1.075502e+002 1.955146e+002 4.000000e+000
      vertex   -1.077809e+002 1.955040e+002 4.000000e+000
    endloop
  endfacet
  facet normal 0.000000e+000 0.000000e+000 6.301037e-001
    outer loop
      vertex   -4.986596e+001 1.948621e+002 4.000000e+000
      vertex   -5.004361e+001 1.950097e+002 4.000000e+000
      vertex   -1.075502e+002 1.955146e+002 4.000000e+000
    endloop
  endfacet
  facet normal -0.000000e+000 0.000000e+000 8.780554e-003
    outer loop
      vertex   -1.075502e+002 1.955146e+002 4.000000e+000
      vertex   -5.004361e+001 1.950097e+002 4.000000e+000
      vertex   -5.155019e+001 1.955146e+002 4.000000e+000
    endloop
  endfacet
  facet normal 0.000000e+000 0.000000e+000 4.618934e-002
    outer loop
      vertex   -5.155019e+001 1.955146e+002 4.000000e+000
      vertex   -5.004361e+001 1.950097e+002 4.000000e+000
      vertex   -5.023412e+001 1.951402e+002 4.000000e+000
    endloop
  endfacet
  facet normal 0.000000e+000 0.000000e+000 4.618507e-002
    outer loop
      vertex   -5.155019e+001 1.955146e+002 4.000000e+000
      vertex   -5.023412e+001 1.951402e+002 4.000000e+000
      vertex   -5.043585e+001 1.952525e+002 4.000000e+000
    endloop
  endfacet
  facet normal 0.000000e+000 0.000000e+000 1.837121e-001
    outer loop
      vertex   -5.043585e+001 1.952525e+002 4.000000e+000
      vertex   -5.064709e+001 1.953458e+002 4.000000e+000
      vertex   -5.155019e+001 1.955146e+002 4.000000e+000
    endloop
  endfacet
  facet normal 0.000000e+000 0.000000e+000 4.619784e-002
    outer loop
      vertex   -5.155019e+001 1.955146e+002 4.000000e+000
      vertex   -5.064709e+001 1.953458e+002 4.000000e+000
      vertex   -5.086604e+001 1.954192e+002 4.000000e+000
    endloop
  endfacet
  facet normal 0.000000e+000 0.000000e+000 4.616307e-002
    outer loop
      vertex   -5.155019e+001 1.955146e+002 4.000000e+000
      vertex   -5.086604e+001 1.954192e+002 4.000000e+000
      vertex   -5.109082e+001 1.954720e+002 4.000000e+000
    endloop
  endfacet
  facet normal 0.000000e+000 0.000000e+000 4.618804e-002
    outer loop
      vertex   -5.109082e+001 1.954720e+002 4.000000e+000
      vertex   -5.131952e+001 1.955040e+002 4.000000e+000
      vertex   -5.155019e+001 1.955146e+002 4.000000e+000
    endloop
  endfacet
  facet normal -0.000000e+000 9.991471e-001 4.129336e-002
    outer loop
      vertex   -5.305019e+001 1.875146e+002 7.000000e+000
      vertex   -4.905019e+001 1.875146e+002 7.000000e+000
      vertex   -5.305019e+001 1.875248e+002 6.752632e+000
    endloop
  endfacet
  facet normal -2.352399e-007 6.181617e-002 2.558580e-003
    outer loop
      vertex   -5.305019e+001 1.875248e+002 6.752632e+000
      vertex   -4.905019e+001 1.875146e+002 7.000000e+000
      vertex   -4.905019e+001 1.875249e+002 6.752262e+000
    endloop
  endfacet
  facet normal 3.839777e-006 9.923433e-001 1.235101e-001
    outer loop
      vertex   -5.305019e+001 1.875248e+002 6.752632e+000
      vertex   -4.905019e+001 1.875249e+002 6.752262e+000
      vertex   -5.305019e+001 1.875554e+002 6.506948e+000
    endloop
  endfacet
  facet normal -4.741372e-007 6.139438e-002 7.652940e-003
    outer loop
      vertex   -5.305019e+001 1.875554e+002 6.506948e+000
      vertex   -4.905019e+001 1.875249e+002 6.752262e+000
      vertex   -4.905019e+001 1.875555e+002 6.506216e+000
    endloop
  endfacet
  facet normal 7.593035e-006 9.787899e-001 2.048665e-001
    outer loop
      vertex   -5.305019e+001 1.875554e+002 6.506948e+000
      vertex   -4.905019e+001 1.875555e+002 6.506216e+000
      vertex   -5.305019e+001 1.876061e+002 6.264622e+000
    endloop
  endfacet
  facet normal -7.363831e-007 6.055292e-002 1.269405e-002
    outer loop
      vertex   -5.305019e+001 1.876061e+002 6.264622e+000
      vertex   -4.905019e+001 1.875555e+002 6.506216e+000
      vertex   -4.905019e+001 1.876064e+002 6.263544e+000
    endloop
  endfacet
  facet normal 1.097791e-005 9.585499e-001 2.849244e-001
    outer loop
      vertex   -5.305019e+001 1.876061e+002 6.264622e+000
      vertex   -4.905019e+001 1.876064e+002 6.263544e+000
      vertex   -5.305019e+001 1.876767e+002 6.027305e+000
    endloop
  endfacet
  facet normal -1.046580e-006 5.929799e-002 1.765527e-002
    outer loop
      vertex   -5.305019e+001 1.876767e+002 6.027305e+000
      vertex   -4.905019e+001 1.876064e+002 6.263544e+000
      vertex   -4.905019e+001 1.876772e+002 6.025902e+000
    endloop
  endfacet
  facet normal 1.356882e-005 9.317856e-001 3.630089e-001
    outer loop
      vertex   -5.305019e+001 1.876767e+002 6.027305e+000
      vertex   -4.905019e+001 1.876772e+002 6.025902e+000
      vertex   -5.305019e+001 1.877666e+002 5.796612e+000
    endloop
  endfacet
  facet normal -1.226229e-006 5.763802e-002 2.249089e-002
    outer loop
      vertex   -5.305019e+001 1.877666e+002 5.796612e+000
      vertex   -4.905019e+001 1.876772e+002 6.025902e+000
      vertex   -4.905019e+001 1.877673e+002 5.794914e+000
    endloop
  endfacet
  facet normal 1.819288e-005 8.986945e-001 4.385751e-001
    outer loop
      vertex   -5.305019e+001 1.877666e+002 5.796612e+000
      vertex   -4.905019e+001 1.877673e+002 5.794914e+000
      vertex   -5.305019e+001 1.878751e+002 5.574115e+000
    endloop
  endfacet
  facet normal -1.337806e-006 5.558418e-002 2.717046e-002
    outer loop
      vertex   -5.305019e+001 1.878751e+002 5.574115e+000
      vertex   -4.905019e+001 1.877673e+002 5.794914e+000
      vertex   -4.905019e+001 1.878762e+002 5.572158e+000
    endloop
  endfacet
  facet normal 2.386170e-005 8.594733e-001 5.111802e-001
    outer loop
      vertex   -5.305019e+001 1.878751e+002 5.574115e+000
      vertex   -4.905019e+001 1.878762e+002 5.572158e+000
      vertex   -5.305019e+001 1.880017e+002 5.361329e+000
    endloop
  endfacet
  facet normal -1.647395e-006 5.315064e-002 3.167112e-002
    outer loop
      vertex   -5.305019e+001 1.880017e+002 5.361329e+000
      vertex   -4.905019e+001 1.878762e+002 5.572158e+000
      vertex   -4.905019e+001 1.880031e+002 5.359156e+000
    endloop
  endfacet
  facet normal 2.640615e-005 8.143849e-001 5.803248e-001
    outer loop
      vertex   -5.305019e+001 1.880017e+002 5.361329e+000
      vertex   -4.905019e+001 1.880031e+002 5.359156e+000
      vertex   -5.305019e+001 1.881454e+002 5.159704e+000
    endloop
  endfacet
  facet normal -2.000989e-006 5.035405e-002 3.595480e-002
    outer loop
      vertex   -5.305019e+001 1.881454e+002 5.159704e+000
      vertex   -4.905019e+001 1.880031e+002 5.359156e+000
      vertex   -4.905019e+001 1.881472e+002 5.157362e+000
    endloop
  endfacet
  facet normal 2.829456e-005 7.637454e-001 6.455171e-001
    outer loop
      vertex   -5.305019e+001 1.881454e+002 5.159704e+000
      vertex   -4.905019e+001 1.881472e+002 5.157362e+000
      vertex   -5.305019e+001 1.883052e+002 4.970612e+000
    endloop
  endfacet
  facet normal -2.101489e-006 4.721343e-002 3.998724e-002
    outer loop
      vertex   -5.305019e+001 1.883052e+002 4.970612e+000
      vertex   -4.905019e+001 1.881472e+002 5.157362e+000
      vertex   -4.905019e+001 1.883074e+002 4.968155e+000
    endloop
  endfacet
  facet normal 3.398188e-005 7.079545e-001 7.062576e-001
    outer loop
      vertex   -5.305019e+001 1.883052e+002 4.970612e+000
      vertex   -4.905019e+001 1.883074e+002 4.968155e+000
      vertex   -5.305019e+001 1.884800e+002 4.795341e+000
    endloop
  endfacet
  facet normal -2.389272e-006 4.375032e-002 4.374937e-002
    outer loop
      vertex   -5.305019e+001 1.884800e+002 4.795341e+000
      vertex   -4.905019e+001 1.883074e+002 4.968155e+000
      vertex   -4.905019e+001 1.884828e+002 4.792828e+000
    endloop
  endfacet
  facet normal 3.688952e-005 6.472796e-001 7.622522e-001
    outer loop
      vertex   -5.305019e+001 1.884800e+002 4.795341e+000
      vertex   -4.905019e+001 1.884828e+002 4.792828e+000
      vertex   -5.305019e+001 1.886688e+002 4.635086e+000
    endloop
  endfacet
  facet normal -2.592315e-006 3.998815e-002 4.721455e-002
    outer loop
      vertex   -5.305019e+001 1.886688e+002 4.635086e+000
      vertex   -4.905019e+001 1.884828e+002 4.792828e+000
      vertex   -4.905019e+001 1.886720e+002 4.632578e+000
    endloop
  endfacet
  facet normal 4.097985e-005 5.822202e-001 8.130305e-001
    outer loop
      vertex   -5.305019e+001 1.886688e+002 4.635086e+000
      vertex   -4.905019e+001 1.886720e+002 4.632578e+000
      vertex   -5.305019e+001 1.888701e+002 4.490937e+000
    endloop
  endfacet
  facet normal -2.795524e-006 3.595286e-002 5.035612e-002
    outer loop
      vertex   -5.305019e+001 1.888701e+002 4.490937e+000
      vertex   -4.905019e+001 1.886720e+002 4.632578e+000
      vertex   -4.905019e+001 1.888738e+002 4.488501e+000
    endloop
  endfacet
  facet normal 4.500509e-005 5.132273e-001 8.582520e-001
    outer loop
      vertex   -5.305019e+001 1.888701e+002 4.490937e+000
      vertex   -4.905019e+001 1.888738e+002 4.488501e+000
      vertex   -5.305019e+001 1.890825e+002 4.363876e+000
    endloop
  endfacet
  facet normal -3.060216e-006 3.167194e-002 5.315123e-002
    outer loop
      vertex   -5.305019e+001 1.890825e+002 4.363876e+000
      vertex   -4.905019e+001 1.888738e+002 4.488501e+000
      vertex   -4.905019e+001 1.890868e+002 4.361579e+000
    endloop
  endfacet
  facet normal 4.822489e-005 4.406901e-001 8.976585e-001
    outer loop
      vertex   -5.305019e+001 1.890825e+002 4.363876e+000
      vertex   -4.905019e+001 1.890868e+002 4.361579e+000
      vertex   -5.305019e+001 1.893048e+002 4.254769e+000
    endloop
  endfacet
  facet normal -3.304985e-006 2.717476e-002 5.558844e-002
    outer loop
      vertex   -5.305019e+001 1.893048e+002 4.254769e+000
      vertex   -4.905019e+001 1.890868e+002 4.361579e+000
      vertex   -4.905019e+001 1.893095e+002 4.252680e+000
    endloop
  endfacet
  facet normal 5.167638e-005 3.651724e-001 9.309390e-001
    outer loop
      vertex   -5.305019e+001 1.893048e+002 4.254769e+000
      vertex   -4.905019e+001 1.893095e+002 4.252680e+000
      vertex   -5.305019e+001 1.895353e+002 4.164359e+000
    endloop
  endfacet
  facet normal -3.503209e-006 2.249166e-002 5.764110e-002
    outer loop
      vertex   -5.305019e+001 1.895353e+002 4.164359e+000
      vertex   -4.905019e+001 1.893095e+002 4.252680e+000
      vertex   -4.905019e+001 1.895405e+002 4.162548e+000
    endloop
  endfacet
  facet normal 5.574935e-005 2.871706e-001 9.578785e-001
    outer loop
      vertex   -5.305019e+001 1.895353e+002 4.164359e+000
      vertex   -4.905019e+001 1.895405e+002 4.162548e+000
      vertex   -5.305019e+001 1.897724e+002 4.093261e+000
    endloop
  endfacet
  facet normal -3.715755e-006 1.765490e-002 5.930158e-002
    outer loop
      vertex   -5.305019e+001 1.897724e+002 4.093261e+000
      vertex   -4.905019e+001 1.895405e+002 4.162548e+000
      vertex   -4.905019e+001 1.897782e+002 4.091799e+000
    endloop
  endfacet
  facet normal 5.956137e-005 2.072128e-001 9.782948e-001
    outer loop
      vertex   -5.305019e+001 1.897724e+002 4.093261e+000
      vertex   -4.905019e+001 1.897782e+002 4.091799e+000
      vertex   -5.305019e+001 1.900146e+002 4.041960e+000
    endloop
  endfacet
  facet normal -3.905249e-006 1.269766e-002 6.055466e-002
    outer loop
      vertex   -5.305019e+001 1.900146e+002 4.041960e+000
      vertex   -4.905019e+001 1.897782e+002 4.091799e+000
      vertex   -4.905019e+001 1.900208e+002 4.040916e+000
    endloop
  endfacet
  facet normal 8.072398e-006 1.607559e-001 9.869410e-001
    outer loop
      vertex   -5.305019e+001 1.900146e+002 4.041960e+000
      vertex   -4.905019e+001 1.900208e+002 4.040916e+000
      vertex   -5.305062e+001 1.900500e+002 4.036199e+000
    endloop
  endfacet
  facet normal -7.994306e-005 1.488429e-001 9.879423e-001
    outer loop
      vertex   -5.305062e+001 1.900500e+002 4.036199e+000
      vertex   -4.905019e+001 1.900208e+002 4.040916e+000
      vertex   -5.305188e+001 1.900854e+002 4.030863e+000
    endloop
  endfacet
  facet normal -2.742435e-004 1.367730e-001 9.877546e-001
    outer loop
      vertex   -5.305188e+001 1.900854e+002 4.030863e+000
      vertex   -4.905019e+001 1.900208e+002 4.040916e+000
      vertex   -5.305399e+001 1.901208e+002 4.025957e+000
    endloop
  endfacet
  facet normal -3.823982e-005 7.652452e-003 6.139285e-002
    outer loop
      vertex   -5.305399e+001 1.901208e+002 4.025957e+000
      vertex   -4.905019e+001 1.900208e+002 4.040916e+000
      vertex   -4.905019e+001 1.902669e+002 4.010247e+000
    endloop
  endfacet
  facet normal -2.795154e-004 1.142763e-001 9.910967e-001
    outer loop
      vertex   -5.305399e+001 1.901208e+002 4.025957e+000
      vertex   -4.905019e+001 1.902669e+002 4.010247e+000
      vertex   -5.306459e+001 1.902207e+002 4.014437e+000
    endloop
  endfacet
  facet normal 1.018679e-004 8.045325e-002 9.838943e-001
    outer loop
      vertex   -5.306459e+001 1.902207e+002 4.014437e+000
      vertex   -4.905019e+001 1.902669e+002 4.010247e+000
      vertex   -5.308188e+001 1.903200e+002 4.006317e+000
    endloop
  endfacet
  facet normal -3.252870e-004 4.685500e-002 9.676122e-001
    outer loop
      vertex   -5.308188e+001 1.903200e+002 4.006317e+000
      vertex   -4.905019e+001 1.902669e+002 4.010247e+000
      vertex   -5.310567e+001 1.904182e+002 4.001556e+000
    endloop
  endfacet
  facet normal -3.659897e-005 2.524172e-003 6.102836e-002
    outer loop
      vertex   -5.310567e+001 1.904182e+002 4.001556e+000
      vertex   -4.905019e+001 1.902669e+002 4.010247e+000
      vertex   -4.905019e+001 1.905146e+002 4.000000e+000
    endloop
  endfacet
  facet normal 0.000000e+000 1.550180e-002 9.606459e-001
    outer loop
      vertex   -5.310567e+001 1.904182e+002 4.001556e+000
      vertex   -4.905019e+001 1.905146e+002 4.000000e+000
      vertex   -5.313601e+001 1.905146e+002 4.000000e+000
    endloop
  endfacet
  facet normal -5.773503e-001 0.000000e+000 -5.773503e-001
    outer loop
      vertex   -1.100502e+002 1.870146e+002 5.551115e-015
      vertex   -1.105502e+002 1.875146e+002 5.000000e-001
      vertex   -1.100502e+002 1.930146e+002 5.551115e-015
    endloop
  endfacet
  facet normal -7.013344e-001 0.000000e+000 -7.013344e-001
    outer loop
      vertex   -1.100502e+002 1.930146e+002 5.551115e-015
      vertex   -1.105502e+002 1.875146e+002 5.000000e-001
      vertex   -1.105502e+002 1.930146e+002 5.000000e-001
    endloop
  endfacet
  facet normal -7.065028e-001 2.922004e-002 -7.065028e-001
    outer loop
      vertex   -1.105502e+002 1.930146e+002 5.000000e-001
      vertex   -1.105399e+002 1.932624e+002 5.000000e-001
      vertex   -1.100502e+002 1.930146e+002 5.551115e-015
    endloop
  endfacet
  facet normal -6.727256e-001 3.110638e-002 -6.743525e-001
    outer loop
      vertex   -1.100502e+002 1.930146e+002 5.551115e-015
      vertex   -1.105399e+002 1.932624e+002 5.000000e-001
      vertex   -1.100395e+002 1.932453e+002 5.551115e-015
    endloop
  endfacet
  facet normal -2.366139e-001 2.949419e-002 -2.378197e-001
    outer loop
      vertex   -1.100395e+002 1.932453e+002 5.551115e-015
      vertex   -1.105399e+002 1.932624e+002 5.000000e-001
      vertex   -1.105093e+002 1.935084e+002 5.000000e-001
    endloop
  endfacet
  facet normal -6.739549e-001 9.399578e-002 -6.826447e-001
    outer loop
      vertex   -1.100395e+002 1.932453e+002 5.551115e-015
      vertex   -1.105093e+002 1.935084e+002 5.000000e-001
      vertex   -1.100076e+002 1.934740e+002 5.551115e-015
    endloop
  endfacet
  facet normal -2.350366e-001 4.928188e-002 -2.392027e-001
    outer loop
      vertex   -1.100076e+002 1.934740e+002 5.551115e-015
      vertex   -1.105093e+002 1.935084e+002 5.000000e-001
      vertex   -1.104584e+002 1.937511e+002 5.000000e-001
    endloop
  endfacet
  facet normal -6.685830e-001 1.572629e-001 -6.898965e-001
    outer loop
      vertex   -1.100076e+002 1.934740e+002 5.551115e-015
      vertex   -1.104584e+002 1.937511e+002 5.000000e-001
      vertex   -1.099548e+002 1.936988e+002 5.551115e-015
    endloop
  endfacet
  facet normal -2.312407e-001 6.883773e-002 -2.401231e-001
    outer loop
      vertex   -1.099548e+002 1.936988e+002 5.551115e-015
      vertex   -1.104584e+002 1.937511e+002 5.000000e-001
      vertex   -1.103876e+002 1.939887e+002 5.000000e-001
    endloop
  endfacet
  facet normal -6.565112e-001 2.200266e-001 -6.959890e-001
    outer loop
      vertex   -1.099548e+002 1.936988e+002 5.551115e-015
      vertex   -1.103876e+002 1.939887e+002 5.000000e-001
      vertex   -1.098814e+002 1.939177e+002 5.551115e-015
    endloop
  endfacet
  facet normal -2.251969e-001 8.787410e-002 -2.404995e-001
    outer loop
      vertex   -1.098814e+002 1.939177e+002 5.551115e-015
      vertex   -1.103876e+002 1.939887e+002 5.000000e-001
      vertex   -1.102975e+002 1.942197e+002 5.000000e-001
    endloop
  endfacet
  facet normal -6.377547e-001 2.816090e-001 -7.008719e-001
    outer loop
      vertex   -1.098814e+002 1.939177e+002 5.551115e-015
      vertex   -1.102975e+002 1.942197e+002 5.000000e-001
      vertex   -1.097881e+002 1.941290e+002 5.551115e-015
    endloop
  endfacet
  facet normal -2.170216e-001 1.061024e-001 -2.403643e-001
    outer loop
      vertex   -1.097881e+002 1.941290e+002 5.551115e-015
      vertex   -1.102975e+002 1.942197e+002 5.000000e-001
      vertex   -1.101886e+002 1.944425e+002 5.000000e-001
    endloop
  endfacet
  facet normal -6.124476e-001 3.411288e-001 -7.044682e-001
    outer loop
      vertex   -1.097881e+002 1.941290e+002 5.551115e-015
      vertex   -1.101886e+002 1.944425e+002 5.000000e-001
      vertex   -1.096757e+002 1.943307e+002 5.551115e-015
    endloop
  endfacet
  facet normal -2.068451e-001 1.232565e-001 -2.397220e-001
    outer loop
      vertex   -1.096757e+002 1.943307e+002 5.551115e-015
      vertex   -1.101886e+002 1.944425e+002 5.000000e-001
      vertex   -1.100617e+002 1.946555e+002 5.000000e-001
    endloop
  endfacet
  facet normal -5.808054e-001 3.978412e-001 -7.067305e-001
    outer loop
      vertex   -1.096757e+002 1.943307e+002 5.551115e-015
      vertex   -1.100617e+002 1.946555e+002 5.000000e-001
      vertex   -1.095452e+002 1.945212e+002 5.551115e-015
    endloop
  endfacet
  facet normal -1.948227e-001 1.390938e-001 -2.385778e-001
    outer loop
      vertex   -1.095452e+002 1.945212e+002 5.551115e-015
      vertex   -1.100617e+002 1.946555e+002 5.000000e-001
      vertex   -1.099176e+002 1.948573e+002 5.000000e-001
    endloop
  endfacet
  facet normal -5.431249e-001 4.510334e-001 -7.076272e-001
    outer loop
      vertex   -1.095452e+002 1.945212e+002 5.551115e-015
      vertex   -1.099176e+002 1.948573e+002 5.000000e-001
      vertex   -1.093977e+002 1.946989e+002 5.551115e-015
    endloop
  endfacet
  facet normal -1.811327e-001 1.534077e-001 -2.369409e-001
    outer loop
      vertex   -1.093977e+002 1.946989e+002 5.551115e-015
      vertex   -1.099176e+002 1.948573e+002 5.000000e-001
      vertex   -1.097574e+002 1.950465e+002 5.000000e-001
    endloop
  endfacet
  facet normal -1.660161e-001 1.660233e-001 -2.348381e-001
    outer loop
      vertex   -1.093977e+002 1.946989e+002 5.551115e-015
      vertex   -1.097574e+002 1.950465e+002 5.000000e-001
      vertex   -1.095820e+002 1.952218e+002 5.000000e-001
    endloop
  endfacet
  facet normal -4.735421e-001 4.735421e-001 -6.698276e-001
    outer loop
      vertex   -1.093977e+002 1.946989e+002 5.551115e-015
      vertex   -1.095820e+002 1.952218e+002 5.000000e-001
      vertex   -1.092344e+002 1.948621e+002 5.551115e-015
    endloop
  endfacet
  facet normal -1.534085e-001 1.811264e-001 -2.369345e-001
    outer loop
      vertex   -1.092344e+002 1.948621e+002 5.551115e-015
      vertex   -1.095820e+002 1.952218e+002 5.000000e-001
      vertex   -1.093928e+002 1.953820e+002 5.000000e-001
    endloop
  endfacet
  facet normal -4.325342e-001 5.208709e-001 -6.786270e-001
    outer loop
      vertex   -1.092344e+002 1.948621e+002 5.551115e-015
      vertex   -1.093928e+002 1.953820e+002 5.000000e-001
      vertex   -1.090568e+002 1.950097e+002 5.551115e-015
    endloop
  endfacet
  facet normal -1.391055e-001 1.948185e-001 -2.385846e-001
    outer loop
      vertex   -1.090568e+002 1.950097e+002 5.551115e-015
      vertex   -1.093928e+002 1.953820e+002 5.000000e-001
      vertex   -1.091910e+002 1.955261e+002 5.000000e-001
    endloop
  endfacet
  facet normal -3.864239e-001 5.640713e-001 -6.864036e-001
    outer loop
      vertex   -1.090568e+002 1.950097e+002 5.551115e-015
      vertex   -1.091910e+002 1.955261e+002 5.000000e-001
      vertex   -1.088663e+002 1.951402e+002 5.551115e-015
    endloop
  endfacet
  facet normal -1.232559e-001 2.068515e-001 -2.397284e-001
    outer loop
      vertex   -1.088663e+002 1.951402e+002 5.551115e-015
      vertex   -1.091910e+002 1.955261e+002 5.000000e-001
      vertex   -1.089780e+002 1.956530e+002 5.000000e-001
    endloop
  endfacet
  facet normal -3.356168e-001 6.025516e-001 -6.930854e-001
    outer loop
      vertex   -1.088663e+002 1.951402e+002 5.551115e-015
      vertex   -1.089780e+002 1.956530e+002 5.000000e-001
      vertex   -1.086645e+002 1.952525e+002 5.551115e-015
    endloop
  endfacet
  facet normal -1.060893e-001 2.170326e-001 -2.403648e-001
    outer loop
      vertex   -1.086645e+002 1.952525e+002 5.551115e-015
      vertex   -1.089780e+002 1.956530e+002 5.000000e-001
      vertex   -1.087553e+002 1.957619e+002 5.000000e-001
    endloop
  endfacet
  facet normal -2.806568e-001 6.357023e-001 -6.985844e-001
    outer loop
      vertex   -1.086645e+002 1.952525e+002 5.551115e-015
      vertex   -1.087553e+002 1.957619e+002 5.000000e-001
      vertex   -1.084533e+002 1.953458e+002 5.551115e-015
    endloop
  endfacet
  facet normal -8.787458e-002 2.251981e-001 -2.404995e-001
    outer loop
      vertex   -1.084533e+002 1.953458e+002 5.551115e-015
      vertex   -1.087553e+002 1.957619e+002 5.000000e-001
      vertex   -1.085243e+002 1.958521e+002 5.000000e-001
    endloop
  endfacet
  facet normal -2.222336e-001 6.629583e-001 -7.028270e-001
    outer loop
      vertex   -1.084533e+002 1.953458e+002 5.551115e-015
      vertex   -1.085243e+002 1.958521e+002 5.000000e-001
      vertex   -1.082344e+002 1.954192e+002 5.551115e-015
    endloop
  endfacet
  facet normal -6.884679e-002 2.312314e-001 -2.401122e-001
    outer loop
      vertex   -1.082344e+002 1.954192e+002 5.551115e-015
      vertex   -1.085243e+002 1.958521e+002 5.000000e-001
      vertex   -1.082867e+002 1.959228e+002 5.000000e-001
    endloop
  endfacet
  facet normal -1.608334e-001 6.839831e-001 -7.057741e-001
    outer loop
      vertex   -1.082344e+002 1.954192e+002 5.551115e-015
      vertex   -1.082867e+002 1.959228e+002 5.000000e-001
      vertex   -1.080096e+002 1.954720e+002 5.551115e-015
    endloop
  endfacet
  facet normal -4.928780e-002 2.350444e-001 -2.392181e-001
    outer loop
      vertex   -1.080096e+002 1.954720e+002 5.551115e-015
      vertex   -1.082867e+002 1.959228e+002 5.000000e-001
      vertex   -1.080440e+002 1.959737e+002 5.000000e-001
    endloop
  endfacet
  facet normal -9.742610e-002 6.983368e-001 -7.073644e-001
    outer loop
      vertex   -1.080096e+002 1.954720e+002 5.551115e-015
      vertex   -1.080440e+002 1.959737e+002 5.000000e-001
      vertex   -1.077809e+002 1.955040e+002 5.551115e-015
    endloop
  endfacet
  facet normal -2.949400e-002 2.366050e-001 -2.378139e-001
    outer loop
      vertex   -1.077809e+002 1.955040e+002 5.551115e-015
      vertex   -1.080440e+002 1.959737e+002 5.000000e-001
      vertex   -1.077979e+002 1.960044e+002 5.000000e-001
    endloop
  endfacet
  facet normal -3.263672e-002 7.058450e-001 -7.075621e-001
    outer loop
      vertex   -1.077809e+002 1.955040e+002 5.551115e-015
      vertex   -1.077979e+002 1.960044e+002 5.000000e-001
      vertex   -1.075502e+002 1.955146e+002 5.551115e-015
    endloop
  endfacet
  facet normal -9.751162e-003 2.359462e-001 -2.359462e-001
    outer loop
      vertex   -1.075502e+002 1.955146e+002 5.551115e-015
      vertex   -1.077979e+002 1.960044e+002 5.000000e-001
      vertex   -1.075502e+002 1.960146e+002 5.000000e-001
    endloop
  endfacet
  facet normal 0.000000e+000 7.071068e-001 -7.071068e-001
    outer loop
      vertex   -5.155019e+001 1.955146e+002 5.551115e-015
      vertex   -1.075502e+002 1.955146e+002 5.551115e-015
      vertex   -5.155019e+001 1.960146e+002 5.000000e-001
    endloop
  endfacet
  facet normal 0.000000e+000 8.927859e-003 -8.927859e-003
    outer loop
      vertex   -5.155019e+001 1.960146e+002 5.000000e-001
      vertex   -1.075502e+002 1.955146e+002 5.551115e-015
      vertex   -1.075502e+002 1.960146e+002 5.000000e-001
    endloop
  endfacet
  facet normal 2.919877e-002 7.065037e-001 -7.065037e-001
    outer loop
      vertex   -5.155019e+001 1.960146e+002 5.000000e-001
      vertex   -5.130246e+001 1.960044e+002 5.000000e-001
      vertex   -5.155019e+001 1.955146e+002 5.551115e-015
    endloop
  endfacet
  facet normal 3.110571e-002 6.727222e-001 -6.743588e-001
    outer loop
      vertex   -5.155019e+001 1.955146e+002 5.551115e-015
      vertex   -5.130246e+001 1.960044e+002 5.000000e-001
      vertex   -5.131952e+001 1.955040e+002 5.551115e-015
    endloop
  endfacet
  facet normal 2.949395e-002 2.366082e-001 -2.378171e-001
    outer loop
      vertex   -5.131952e+001 1.955040e+002 5.551115e-015
      vertex   -5.130246e+001 1.960044e+002 5.000000e-001
      vertex   -5.105641e+001 1.959737e+002 5.000000e-001
    endloop
  endfacet
  facet normal 9.402234e-002 6.739504e-001 -6.826627e-001
    outer loop
      vertex   -5.131952e+001 1.955040e+002 5.551115e-015
      vertex   -5.105641e+001 1.959737e+002 5.000000e-001
      vertex   -5.109082e+001 1.954720e+002 5.551115e-015
    endloop
  endfacet
  facet normal 4.928790e-002 2.350412e-001 -2.392149e-001
    outer loop
      vertex   -5.109082e+001 1.954720e+002 5.551115e-015
      vertex   -5.105641e+001 1.959737e+002 5.000000e-001
      vertex   -5.081374e+001 1.959228e+002 5.000000e-001
    endloop
  endfacet
  facet normal 1.572154e-001 6.685854e-001 -6.898860e-001
    outer loop
      vertex   -5.109082e+001 1.954720e+002 5.551115e-015
      vertex   -5.081374e+001 1.959228e+002 5.000000e-001
      vertex   -5.086604e+001 1.954192e+002 5.551115e-015
    endloop
  endfacet
  facet normal 6.884664e-002 2.312346e-001 -2.401154e-001
    outer loop
      vertex   -5.086604e+001 1.954192e+002 5.551115e-015
      vertex   -5.081374e+001 1.959228e+002 5.000000e-001
      vertex   -5.057610e+001 1.958521e+002 5.000000e-001
    endloop
  endfacet
  facet normal 2.200710e-001 6.565071e-001 -6.959895e-001
    outer loop
      vertex   -5.086604e+001 1.954192e+002 5.551115e-015
      vertex   -5.057610e+001 1.958521e+002 5.000000e-001
      vertex   -5.064709e+001 1.953458e+002 5.551115e-015
    endloop
  endfacet
  facet normal 8.787435e-002 2.251975e-001 -2.404995e-001
    outer loop
      vertex   -5.064709e+001 1.953458e+002 5.551115e-015
      vertex   -5.057610e+001 1.958521e+002 5.000000e-001
      vertex   -5.034511e+001 1.957619e+002 5.000000e-001
    endloop
  endfacet
  facet normal 2.815711e-001 6.377732e-001 -7.008622e-001
    outer loop
      vertex   -5.064709e+001 1.953458e+002 5.551115e-015
      vertex   -5.034511e+001 1.957619e+002 5.000000e-001
      vertex   -5.043585e+001 1.952525e+002 5.551115e-015
    endloop
  endfacet
  facet normal 1.060890e-001 2.170319e-001 -2.403649e-001
    outer loop
      vertex   -5.043585e+001 1.952525e+002 5.551115e-015
      vertex   -5.034511e+001 1.957619e+002 5.000000e-001
      vertex   -5.012235e+001 1.956530e+002 5.000000e-001
    endloop
  endfacet
  facet normal 3.411329e-001 6.124433e-001 -7.044700e-001
    outer loop
      vertex   -5.043585e+001 1.952525e+002 5.551115e-015
      vertex   -5.012235e+001 1.956530e+002 5.000000e-001
      vertex   -5.023412e+001 1.951402e+002 5.551115e-015
    endloop
  endfacet
  facet normal 1.232554e-001 2.068470e-001 -2.397255e-001
    outer loop
      vertex   -5.023412e+001 1.951402e+002 5.551115e-015
      vertex   -5.012235e+001 1.956530e+002 5.000000e-001
      vertex   -4.990935e+001 1.955261e+002 5.000000e-001
    endloop
  endfacet
  facet normal 3.978700e-001 5.807794e-001 -7.067383e-001
    outer loop
      vertex   -5.023412e+001 1.951402e+002 5.551115e-015
      vertex   -4.990935e+001 1.955261e+002 5.000000e-001
      vertex   -5.004361e+001 1.950097e+002 5.551115e-015
    endloop
  endfacet
  facet normal 1.391054e-001 1.948146e-001 -2.385817e-001
    outer loop
      vertex   -5.004361e+001 1.950097e+002 5.551115e-015
      vertex   -4.990935e+001 1.955261e+002 5.000000e-001
      vertex   -4.970756e+001 1.953820e+002 5.000000e-001
    endloop
  endfacet
  facet normal 4.510139e-001 5.431364e-001 -7.076296e-001
    outer loop
      vertex   -5.004361e+001 1.950097e+002 5.551115e-015
      vertex   -4.970756e+001 1.953820e+002 5.000000e-001
      vertex   -4.986596e+001 1.948621e+002 5.551115e-015
    endloop
  endfacet
  facet normal 1.534087e-001 1.811302e-001 -2.369374e-001
    outer loop
      vertex   -4.986596e+001 1.948621e+002 5.551115e-015
      vertex   -4.970756e+001 1.953820e+002 5.000000e-001
      vertex   -4.951835e+001 1.952218e+002 5.000000e-001
    endloop
  endfacet
  facet normal 1.660171e-001 1.660207e-001 -2.348346e-001
    outer loop
      vertex   -4.986596e+001 1.948621e+002 5.551115e-015
      vertex   -4.951835e+001 1.952218e+002 5.000000e-001
      vertex   -4.934303e+001 1.950465e+002 5.000000e-001
    endloop
  endfacet
  facet normal 4.735481e-001 4.735370e-001 -6.698357e-001
    outer loop
      vertex   -4.986596e+001 1.948621e+002 5.551115e-015
      vertex   -4.934303e+001 1.950465e+002 5.000000e-001
      vertex   -4.970267e+001 1.946989e+002 5.551115e-015
    endloop
  endfacet
  facet normal 1.811320e-001 1.534108e-001 -2.369425e-001
    outer loop
      vertex   -4.970267e+001 1.946989e+002 5.551115e-015
      vertex   -4.934303e+001 1.950465e+002 5.000000e-001
      vertex   -4.918277e+001 1.948573e+002 5.000000e-001
    endloop
  endfacet
  facet normal 5.208598e-001 4.325436e-001 -6.786225e-001
    outer loop
      vertex   -4.970267e+001 1.946989e+002 5.551115e-015
      vertex   -4.918277e+001 1.948573e+002 5.000000e-001
      vertex   -4.955515e+001 1.945212e+002 5.551115e-015
    endloop
  endfacet
  facet normal 1.948207e-001 1.390961e-001 -2.385793e-001
    outer loop
      vertex   -4.955515e+001 1.945212e+002 5.551115e-015
      vertex   -4.918277e+001 1.948573e+002 5.000000e-001
      vertex   -4.903870e+001 1.946555e+002 5.000000e-001
    endloop
  endfacet
  facet normal 5.640871e-001 3.864121e-001 -6.864021e-001
    outer loop
      vertex   -4.955515e+001 1.945212e+002 5.551115e-015
      vertex   -4.903870e+001 1.946555e+002 5.000000e-001
      vertex   -4.942465e+001 1.943307e+002 5.551115e-015
    endloop
  endfacet
  facet normal 2.068451e-001 1.232565e-001 -2.397220e-001
    outer loop
      vertex   -4.942465e+001 1.943307e+002 5.551115e-015
      vertex   -4.903870e+001 1.946555e+002 5.000000e-001
      vertex   -4.891177e+001 1.944425e+002 5.000000e-001
    endloop
  endfacet
  facet normal 6.025516e-001 3.356168e-001 -6.930854e-001
    outer loop
      vertex   -4.942465e+001 1.943307e+002 5.551115e-015
      vertex   -4.891177e+001 1.944425e+002 5.000000e-001
      vertex   -4.931229e+001 1.941290e+002 5.551115e-015
    endloop
  endfacet
  facet normal 2.170224e-001 1.060991e-001 -2.403629e-001
    outer loop
      vertex   -4.931229e+001 1.941290e+002 5.551115e-015
      vertex   -4.891177e+001 1.944425e+002 5.000000e-001
      vertex   -4.880288e+001 1.942197e+002 5.000000e-001
    endloop
  endfacet
  facet normal 6.356816e-001 2.806821e-001 -6.985866e-001
    outer loop
      vertex   -4.931229e+001 1.941290e+002 5.551115e-015
      vertex   -4.880288e+001 1.942197e+002 5.000000e-001
      vertex   -4.921901e+001 1.939177e+002 5.551115e-015
    endloop
  endfacet
  facet normal 2.251978e-001 8.787071e-002 -2.404981e-001
    outer loop
      vertex   -4.921901e+001 1.939177e+002 5.551115e-015
      vertex   -4.880288e+001 1.942197e+002 5.000000e-001
      vertex   -4.871275e+001 1.939887e+002 5.000000e-001
    endloop
  endfacet
  facet normal 6.629705e-001 2.222030e-001 -7.028334e-001
    outer loop
      vertex   -4.921901e+001 1.939177e+002 5.551115e-015
      vertex   -4.871275e+001 1.939887e+002 5.000000e-001
      vertex   -4.914563e+001 1.936988e+002 5.551115e-015
    endloop
  endfacet
  facet normal 2.312431e-001 6.884214e-002 -2.401242e-001
    outer loop
      vertex   -4.914563e+001 1.936988e+002 5.551115e-015
      vertex   -4.871275e+001 1.939887e+002 5.000000e-001
      vertex   -4.864199e+001 1.937511e+002 5.000000e-001
    endloop
  endfacet
  facet normal 6.839721e-001 1.608711e-001 -7.057697e-001
    outer loop
      vertex   -4.914563e+001 1.936988e+002 5.551115e-015
      vertex   -4.864199e+001 1.937511e+002 5.000000e-001
      vertex   -4.909276e+001 1.934740e+002 5.551115e-015
    endloop
  endfacet
  facet normal 2.350357e-001 4.928538e-002 -2.392039e-001
    outer loop
      vertex   -4.909276e+001 1.934740e+002 5.551115e-015
      vertex   -4.864199e+001 1.937511e+002 5.000000e-001
      vertex   -4.859111e+001 1.935084e+002 5.000000e-001
    endloop
  endfacet
  facet normal 6.983473e-001 9.740941e-002 -7.073578e-001
    outer loop
      vertex   -4.909276e+001 1.934740e+002 5.551115e-015
      vertex   -4.859111e+001 1.935084e+002 5.000000e-001
      vertex   -4.906086e+001 1.932453e+002 5.551115e-015
    endloop
  endfacet
  facet normal 2.366148e-001 2.949064e-002 -2.378186e-001
    outer loop
      vertex   -4.906086e+001 1.932453e+002 5.551115e-015
      vertex   -4.859111e+001 1.935084e+002 5.000000e-001
      vertex   -4.856044e+001 1.932624e+002 5.000000e-001
    endloop
  endfacet
  facet normal 7.058529e-001 3.263817e-002 -7.075544e-001
    outer loop
      vertex   -4.906086e+001 1.932453e+002 5.551115e-015
      vertex   -4.856044e+001 1.932624e+002 5.000000e-001
      vertex   -4.905019e+001 1.930146e+002 5.551115e-015
    endloop
  endfacet
  facet normal 2.359486e-001 9.762160e-003 -2.359486e-001
    outer loop
      vertex   -4.905019e+001 1.930146e+002 5.551115e-015
      vertex   -4.856044e+001 1.932624e+002 5.000000e-001
      vertex   -4.855019e+001 1.930146e+002 5.000000e-001
    endloop
  endfacet
  facet normal 5.773503e-001 0.000000e+000 -5.773503e-001
    outer loop
      vertex   -4.905019e+001 1.870146e+002 5.551115e-015
      vertex   -4.905019e+001 1.930146e+002 5.551115e-015
      vertex   -4.855019e+001 1.875146e+002 5.000000e-001
    endloop
  endfacet
  facet normal 9.016696e-002 0.000000e+000 -9.016696e-002
    outer loop
      vertex   -4.855019e+001 1.875146e+002 5.000000e-001
      vertex   -4.905019e+001 1.930146e+002 5.551115e-015
      vertex   -4.855019e+001 1.930146e+002 5.000000e-001
    endloop
  endfacet
  facet normal -5.773503e-001 0.000000e+000 -5.773503e-001
    outer loop
      vertex   -5.305019e+001 1.870146e+002 5.551115e-015
      vertex   -5.355019e+001 1.875146e+002 5.000000e-001
      vertex   -5.305019e+001 1.900146e+002 5.551115e-015
    endloop
  endfacet
  facet normal -6.804138e-001 0.000000e+000 -6.804138e-001
    outer loop
      vertex   -5.305019e+001 1.900146e+002 5.551115e-015
      vertex   -5.355019e+001 1.875146e+002 5.000000e-001
      vertex   -5.355019e+001 1.900146e+002 5.000000e-001
    endloop
  endfacet
  facet normal -7.058166e-001 -4.269509e-002 -7.058166e-001
    outer loop
      vertex   -5.305019e+001 1.900146e+002 5.551115e-015
      vertex   -5.355019e+001 1.900146e+002 5.000000e-001
      vertex   -5.306113e+001 1.901954e+002 5.551115e-015
    endloop
  endfacet
  facet normal -1.392034e-001 -9.958559e-003 -1.397596e-001
    outer loop
      vertex   -5.306113e+001 1.901954e+002 5.551115e-015
      vertex   -5.355019e+001 1.900146e+002 5.000000e-001
      vertex   -5.356038e+001 1.901569e+002 5.000000e-001
    endloop
  endfacet
  facet normal -6.950186e-001 -1.273735e-001 -7.037721e-001
    outer loop
      vertex   -5.306113e+001 1.901954e+002 5.551115e-015
      vertex   -5.356038e+001 1.901569e+002 5.000000e-001
      vertex   -5.309378e+001 1.903736e+002 5.551115e-015
    endloop
  endfacet
  facet normal -1.370252e-001 -2.980602e-002 -1.407849e-001
    outer loop
      vertex   -5.309378e+001 1.903736e+002 5.551115e-015
      vertex   -5.356038e+001 1.901569e+002 5.000000e-001
      vertex   -5.359070e+001 1.902964e+002 5.000000e-001
    endloop
  endfacet
  facet normal -6.731449e-001 -2.097601e-001 -7.013990e-001
    outer loop
      vertex   -5.309378e+001 1.903736e+002 5.551115e-015
      vertex   -5.359070e+001 1.902964e+002 5.000000e-001
      vertex   -5.314767e+001 1.905465e+002 5.551115e-015
    endloop
  endfacet
  facet normal -1.316586e-001 -4.910710e-002 -1.412278e-001
    outer loop
      vertex   -5.314767e+001 1.905465e+002 5.551115e-015
      vertex   -5.359070e+001 1.902964e+002 5.000000e-001
      vertex   -5.364056e+001 1.904300e+002 5.000000e-001
    endloop
  endfacet
  facet normal -6.406503e-001 -2.883371e-001 -6.987187e-001
    outer loop
      vertex   -5.314767e+001 1.905465e+002 5.551115e-015
      vertex   -5.364056e+001 1.904300e+002 5.000000e-001
      vertex   -5.322201e+001 1.907117e+002 5.551115e-015
    endloop
  endfacet
  facet normal -1.232329e-001 -6.729680e-002 -1.410688e-001
    outer loop
      vertex   -5.322201e+001 1.907117e+002 5.551115e-015
      vertex   -5.364056e+001 1.904300e+002 5.000000e-001
      vertex   -5.370894e+001 1.905553e+002 5.000000e-001
    endloop
  endfacet
  facet normal -5.982442e-001 -3.616465e-001 -6.957651e-001
    outer loop
      vertex   -5.322201e+001 1.907117e+002 5.551115e-015
      vertex   -5.370894e+001 1.905553e+002 5.000000e-001
      vertex   -5.331572e+001 1.908667e+002 5.551115e-015
    endloop
  endfacet
  facet normal -1.120337e-001 -8.386063e-002 -1.403472e-001
    outer loop
      vertex   -5.331572e+001 1.908667e+002 5.551115e-015
      vertex   -5.370894e+001 1.905553e+002 5.000000e-001
      vertex   -5.379445e+001 1.906695e+002 5.000000e-001
    endloop
  endfacet
  facet normal -5.468338e-001 -4.283970e-001 -6.925564e-001
    outer loop
      vertex   -5.331572e+001 1.908667e+002 5.551115e-015
      vertex   -5.379445e+001 1.906695e+002 5.000000e-001
      vertex   -5.342743e+001 1.910093e+002 5.551115e-015
    endloop
  endfacet
  facet normal -9.834529e-002 -9.834529e-002 -1.390296e-001
    outer loop
      vertex   -5.342743e+001 1.910093e+002 5.551115e-015
      vertex   -5.379445e+001 1.906695e+002 5.000000e-001
      vertex   -5.389534e+001 1.907704e+002 5.000000e-001
    endloop
  endfacet
  facet normal -4.874730e-001 -4.874730e-001 -6.891351e-001
    outer loop
      vertex   -5.342743e+001 1.910093e+002 5.551115e-015
      vertex   -5.389534e+001 1.907704e+002 5.000000e-001
      vertex   -5.355551e+001 1.911374e+002 5.551115e-015
    endloop
  endfacet
  facet normal -4.360077e-001 -5.565187e-001 -7.048390e-001
    outer loop
      vertex   -5.355551e+001 1.911374e+002 5.551115e-015
      vertex   -5.389534e+001 1.907704e+002 5.000000e-001
      vertex   -5.369810e+001 1.912491e+002 5.551115e-015
    endloop
  endfacet
  facet normal -8.385217e-002 -1.120249e-001 -1.403370e-001
    outer loop
      vertex   -5.369810e+001 1.912491e+002 5.551115e-015
      vertex   -5.389534e+001 1.907704e+002 5.000000e-001
      vertex   -5.400956e+001 1.908559e+002 5.000000e-001
    endloop
  endfacet
  facet normal -3.652004e-001 -6.041477e-001 -7.026327e-001
    outer loop
      vertex   -5.369810e+001 1.912491e+002 5.551115e-015
      vertex   -5.400956e+001 1.908559e+002 5.000000e-001
      vertex   -5.385311e+001 1.913428e+002 5.551115e-015
    endloop
  endfacet
  facet normal -6.730758e-002 -1.232433e-001 -1.410836e-001
    outer loop
      vertex   -5.385311e+001 1.913428e+002 5.551115e-015
      vertex   -5.400956e+001 1.908559e+002 5.000000e-001
      vertex   -5.413478e+001 1.909243e+002 5.000000e-001
    endloop
  endfacet
  facet normal -2.889057e-001 -6.419138e-001 -7.000961e-001
    outer loop
      vertex   -5.385311e+001 1.913428e+002 5.551115e-015
      vertex   -5.413478e+001 1.909243e+002 5.000000e-001
      vertex   -5.401829e+001 1.914171e+002 5.551115e-015
    endloop
  endfacet
  facet normal -4.909542e-002 -1.316575e-001 -1.412237e-001
    outer loop
      vertex   -5.401829e+001 1.914171e+002 5.551115e-015
      vertex   -5.413478e+001 1.909243e+002 5.000000e-001
      vertex   -5.426846e+001 1.909741e+002 5.000000e-001
    endloop
  endfacet
  facet normal -2.085429e-001 -6.691735e-001 -6.972845e-001
    outer loop
      vertex   -5.401829e+001 1.914171e+002 5.551115e-015
      vertex   -5.426846e+001 1.909741e+002 5.000000e-001
      vertex   -5.419122e+001 1.914710e+002 5.551115e-015
    endloop
  endfacet
  facet normal -2.981286e-002 -1.370222e-001 -1.407872e-001
    outer loop
      vertex   -5.419122e+001 1.914710e+002 5.551115e-015
      vertex   -5.426846e+001 1.909741e+002 5.000000e-001
      vertex   -5.440788e+001 1.910044e+002 5.000000e-001
    endloop
  endfacet
  facet normal -1.255863e-001 -6.855581e-001 -6.941797e-001
    outer loop
      vertex   -5.419122e+001 1.914710e+002 5.551115e-015
      vertex   -5.440788e+001 1.910044e+002 5.000000e-001
      vertex   -5.436939e+001 1.915037e+002 5.551115e-015
    endloop
  endfacet
  facet normal -9.954933e-003 -1.391974e-001 -1.397514e-001
    outer loop
      vertex   -5.436939e+001 1.915037e+002 5.551115e-015
      vertex   -5.440788e+001 1.910044e+002 5.000000e-001
      vertex   -5.455019e+001 1.910146e+002 5.000000e-001
    endloop
  endfacet
  facet normal -4.180549e-002 -6.908693e-001 -6.908693e-001
    outer loop
      vertex   -5.436939e+001 1.915037e+002 5.551115e-015
      vertex   -5.455019e+001 1.910146e+002 5.000000e-001
      vertex   -5.455019e+001 1.915146e+002 5.551115e-015
    endloop
  endfacet
  facet normal -0.000000e+000 -7.071068e-001 -7.071068e-001
    outer loop
      vertex   -5.455019e+001 1.910146e+002 5.000000e-001
      vertex   -1.045502e+002 1.910146e+002 5.000000e-001
      vertex   -5.455019e+001 1.915146e+002 5.551115e-015
    endloop
  endfacet
  facet normal -0.000000e+000 -9.999000e-003 -9.999000e-003
    outer loop
      vertex   -5.455019e+001 1.915146e+002 5.551115e-015
      vertex   -1.045502e+002 1.910146e+002 5.000000e-001
      vertex   -1.045502e+002 1.915146e+002 5.551115e-015
    endloop
  endfacet
  facet normal 4.270813e-002 -7.058159e-001 -7.058159e-001
    outer loop
      vertex   -1.045502e+002 1.915146e+002 5.551115e-015
      vertex   -1.045502e+002 1.910146e+002 5.000000e-001
      vertex   -1.047310e+002 1.915037e+002 5.551115e-015
    endloop
  endfacet
  facet normal 9.954907e-003 -1.392045e-001 -1.397585e-001
    outer loop
      vertex   -1.047310e+002 1.915037e+002 5.551115e-015
      vertex   -1.045502e+002 1.910146e+002 5.000000e-001
      vertex   -1.046925e+002 1.910044e+002 5.000000e-001
    endloop
  endfacet
  facet normal 1.273220e-001 -6.950331e-001 -7.037739e-001
    outer loop
      vertex   -1.047310e+002 1.915037e+002 5.551115e-015
      vertex   -1.046925e+002 1.910044e+002 5.000000e-001
      vertex   -1.049092e+002 1.914710e+002 5.551115e-015
    endloop
  endfacet
  facet normal 2.981283e-002 -1.370145e-001 -1.407800e-001
    outer loop
      vertex   -1.049092e+002 1.914710e+002 5.551115e-015
      vertex   -1.046925e+002 1.910044e+002 5.000000e-001
      vertex   -1.048319e+002 1.909741e+002 5.000000e-001
    endloop
  endfacet
  facet normal 2.097838e-001 -6.731256e-001 -7.014072e-001
    outer loop
      vertex   -1.049092e+002 1.914710e+002 5.551115e-015
      vertex   -1.048319e+002 1.909741e+002 5.000000e-001
      vertex   -1.050821e+002 1.914171e+002 5.551115e-015
    endloop
  endfacet
  facet normal 4.909550e-002 -1.316652e-001 -1.412306e-001
    outer loop
      vertex   -1.050821e+002 1.914171e+002 5.551115e-015
      vertex   -1.048319e+002 1.909741e+002 5.000000e-001
      vertex   -1.049656e+002 1.909243e+002 5.000000e-001
    endloop
  endfacet
  facet normal 2.883270e-001 -6.406577e-001 -6.987187e-001
    outer loop
      vertex   -1.050821e+002 1.914171e+002 5.551115e-015
      vertex   -1.049656e+002 1.909243e+002 5.000000e-001
      vertex   -1.052473e+002 1.913428e+002 5.551115e-015
    endloop
  endfacet
  facet normal 6.730750e-002 -1.232394e-001 -1.410803e-001
    outer loop
      vertex   -1.052473e+002 1.913428e+002 5.551115e-015
      vertex   -1.049656e+002 1.909243e+002 5.000000e-001
      vertex   -1.050908e+002 1.908559e+002 5.000000e-001
    endloop
  endfacet
  facet normal 3.616461e-001 -5.982385e-001 -6.957685e-001
    outer loop
      vertex   -1.052473e+002 1.913428e+002 5.551115e-015
      vertex   -1.050908e+002 1.908559e+002 5.000000e-001
      vertex   -1.054023e+002 1.912491e+002 5.551115e-015
    endloop
  endfacet
  facet normal 8.385249e-002 -1.120253e-001 -1.403369e-001
    outer loop
      vertex   -1.054023e+002 1.912491e+002 5.551115e-015
      vertex   -1.050908e+002 1.908559e+002 5.000000e-001
      vertex   -1.052051e+002 1.907704e+002 5.000000e-001
    endloop
  endfacet
  facet normal 4.284097e-001 -5.468208e-001 -6.925530e-001
    outer loop
      vertex   -1.054023e+002 1.912491e+002 5.551115e-015
      vertex   -1.052051e+002 1.907704e+002 5.000000e-001
      vertex   -1.055449e+002 1.911374e+002 5.551115e-015
    endloop
  endfacet
  facet normal 9.834553e-002 -9.834553e-002 -1.390292e-001
    outer loop
      vertex   -1.055449e+002 1.911374e+002 5.551115e-015
      vertex   -1.052051e+002 1.907704e+002 5.000000e-001
      vertex   -1.053059e+002 1.906695e+002 5.000000e-001
    endloop
  endfacet
  facet normal 4.874730e-001 -4.874730e-001 -6.891314e-001
    outer loop
      vertex   -1.055449e+002 1.911374e+002 5.551115e-015
      vertex   -1.053059e+002 1.906695e+002 5.000000e-001
      vertex   -1.056730e+002 1.910093e+002 5.551115e-015
    endloop
  endfacet
  facet normal 5.565317e-001 -4.359945e-001 -7.048344e-001
    outer loop
      vertex   -1.056730e+002 1.910093e+002 5.551115e-015
      vertex   -1.053059e+002 1.906695e+002 5.000000e-001
      vertex   -1.057847e+002 1.908667e+002 5.551115e-015
    endloop
  endfacet
  facet normal 1.120344e-001 -8.386117e-002 -1.403473e-001
    outer loop
      vertex   -1.057847e+002 1.908667e+002 5.551115e-015
      vertex   -1.053059e+002 1.906695e+002 5.000000e-001
      vertex   -1.053914e+002 1.905553e+002 5.000000e-001
    endloop
  endfacet
  facet normal 6.041403e-001 -3.652257e-001 -7.026270e-001
    outer loop
      vertex   -1.057847e+002 1.908667e+002 5.551115e-015
      vertex   -1.053914e+002 1.905553e+002 5.000000e-001
      vertex   -1.058784e+002 1.907117e+002 5.551115e-015
    endloop
  endfacet
  facet normal 1.232333e-001 -6.730077e-002 -1.410704e-001
    outer loop
      vertex   -1.058784e+002 1.907117e+002 5.551115e-015
      vertex   -1.053914e+002 1.905553e+002 5.000000e-001
      vertex   -1.054598e+002 1.904300e+002 5.000000e-001
    endloop
  endfacet
  facet normal 6.419165e-001 -2.889069e-001 -7.000947e-001
    outer loop
      vertex   -1.058784e+002 1.907117e+002 5.551115e-015
      vertex   -1.054598e+002 1.904300e+002 5.000000e-001
      vertex   -1.059527e+002 1.905465e+002 5.551115e-015
    endloop
  endfacet
  facet normal 1.316591e-001 -4.910353e-002 -1.412264e-001
    outer loop
      vertex   -1.059527e+002 1.905465e+002 5.551115e-015
      vertex   -1.054598e+002 1.904300e+002 5.000000e-001
      vertex   -1.055097e+002 1.902964e+002 5.000000e-001
    endloop
  endfacet
  facet normal 6.691863e-001 -2.085266e-001 -6.972742e-001
    outer loop
      vertex   -1.059527e+002 1.905465e+002 5.551115e-015
      vertex   -1.055097e+002 1.902964e+002 5.000000e-001
      vertex   -1.060066e+002 1.903736e+002 5.551115e-015
    endloop
  endfacet
  facet normal 1.370252e-001 -2.980602e-002 -1.407849e-001
    outer loop
      vertex   -1.060066e+002 1.903736e+002 5.551115e-015
      vertex   -1.055097e+002 1.902964e+002 5.000000e-001
      vertex   -1.055400e+002 1.901569e+002 5.000000e-001
    endloop
  endfacet
  facet normal 6.855534e-001 -1.256388e-001 -6.941876e-001
    outer loop
      vertex   -1.060066e+002 1.903736e+002 5.551115e-015
      vertex   -1.055400e+002 1.901569e+002 5.000000e-001
      vertex   -1.060393e+002 1.901954e+002 5.551115e-015
    endloop
  endfacet
  facet normal 1.392029e-001 -9.954792e-003 -1.397588e-001
    outer loop
      vertex   -1.060393e+002 1.901954e+002 5.551115e-015
      vertex   -1.055400e+002 1.901569e+002 5.000000e-001
      vertex   -1.055502e+002 1.900146e+002 5.000000e-001
    endloop
  endfacet
  facet normal 6.908661e-001 -4.177615e-002 -6.908661e-001
    outer loop
      vertex   -1.060393e+002 1.901954e+002 5.551115e-015
      vertex   -1.055502e+002 1.900146e+002 5.000000e-001
      vertex   -1.060502e+002 1.900146e+002 5.551115e-015
    endloop
  endfacet
  facet normal 5.773503e-001 0.000000e+000 -5.773503e-001
    outer loop
      vertex   -1.060502e+002 1.870146e+002 5.551115e-015
      vertex   -1.060502e+002 1.900146e+002 5.551115e-015
      vertex   -1.055502e+002 1.875146e+002 5.000000e-001
    endloop
  endfacet
  facet normal 1.924501e-001 0.000000e+000 -1.924501e-001
    outer loop
      vertex   -1.055502e+002 1.875146e+002 5.000000e-001
      vertex   -1.060502e+002 1.900146e+002 5.551115e-015
      vertex   -1.055502e+002 1.900146e+002 5.000000e-001
    endloop
  endfacet
  facet normal 9.879602e-001 0.000000e+000 0.000000e+000
    outer loop
      vertex   -1.055502e+002 1.900146e+002 3.535905e+000
      vertex   -1.055502e+002 1.899313e+002 3.548954e+000
      vertex   -1.055502e+002 1.900146e+002 5.000000e-001
    endloop
  endfacet
  facet normal 8.537679e-002 0.000000e+000 0.000000e+000
    outer loop
      vertex   -1.055502e+002 1.900146e+002 5.000000e-001
      vertex   -1.055502e+002 1.899313e+002 3.548954e+000
      vertex   -1.055502e+002 1.896628e+002 3.605229e+000
    endloop
  endfacet
  facet normal 7.801351e-002 0.000000e+000 0.000000e+000
    outer loop
      vertex   -1.055502e+002 1.900146e+002 5.000000e-001
      vertex   -1.055502e+002 1.896628e+002 3.605229e+000
      vertex   -1.055502e+002 1.893996e+002 3.682352e+000
    endloop
  endfacet
  facet normal 8.502702e-001 0.000000e+000 0.000000e+000
    outer loop
      vertex   -1.055502e+002 1.893996e+002 3.682352e+000
      vertex   -1.055502e+002 1.891432e+002 3.779850e+000
      vertex   -1.055502e+002 1.900146e+002 5.000000e-001
    endloop
  endfacet
  facet normal 9.664736e-001 0.000000e+000 0.000000e+000
    outer loop
      vertex   -1.055502e+002 1.900146e+002 5.000000e-001
      vertex   -1.055502e+002 1.891432e+002 3.779850e+000
      vertex   -1.055502e+002 1.875146e+002 5.000000e-001
    endloop
  endfacet
  facet normal 7.478253e-002 0.000000e+000 0.000000e+000
    outer loop
      vertex   -1.055502e+002 1.875146e+002 5.000000e-001
      vertex   -1.055502e+002 1.891432e+002 3.779850e+000
      vertex   -1.055502e+002 1.888953e+002 3.897124e+000
    endloop
  endfacet
  facet normal 7.319587e-002 0.000000e+000 0.000000e+000
    outer loop
      vertex   -1.055502e+002 1.875146e+002 5.000000e-001
      vertex   -1.055502e+002 1.888953e+002 3.897124e+000
      vertex   -1.055502e+002 1.886573e+002 4.033454e+000
    endloop
  endfacet
  facet normal 9.594360e-001 0.000000e+000 0.000000e+000
    outer loop
      vertex   -1.055502e+002 1.886573e+002 4.033454e+000
      vertex   -1.055502e+002 1.884307e+002 4.188002e+000
      vertex   -1.055502e+002 1.875146e+002 5.000000e-001
    endloop
  endfacet
  facet normal 6.344474e-002 0.000000e+000 0.000000e+000
    outer loop
      vertex   -1.055502e+002 1.875146e+002 5.000000e-001
      vertex   -1.055502e+002 1.884307e+002 4.188002e+000
      vertex   -1.055502e+002 1.882169e+002 4.359818e+000
    endloop
  endfacet
  facet normal 5.641818e-002 0.000000e+000 0.000000e+000
    outer loop
      vertex   -1.055502e+002 1.875146e+002 5.000000e-001
      vertex   -1.055502e+002 1.882169e+002 4.359818e+000
      vertex   -1.055502e+002 1.880172e+002 4.547849e+000
    endloop
  endfacet
  facet normal 7.582189e-001 0.000000e+000 0.000000e+000
    outer loop
      vertex   -1.055502e+002 1.880172e+002 4.547849e+000
      vertex   -1.055502e+002 1.878329e+002 4.750940e+000
      vertex   -1.055502e+002 1.875146e+002 5.000000e-001
    endloop
  endfacet
  facet normal 4.107444e-002 0.000000e+000 0.000000e+000
    outer loop
      vertex   -1.055502e+002 1.875146e+002 5.000000e-001
      vertex   -1.055502e+002 1.878329e+002 4.750940e+000
      vertex   -1.055502e+002 1.876650e+002 4.967842e+000
    endloop
  endfacet
  facet normal 3.363822e-002 0.000000e+000 0.000000e+000
    outer loop
      vertex   -1.055502e+002 1.875146e+002 5.000000e-001
      vertex   -1.055502e+002 1.876650e+002 4.967842e+000
      vertex   -1.055502e+002 1.875146e+002 5.197224e+000
    endloop
  endfacet
  facet normal 9.593775e-001 -2.702155e-001 -2.377641e-004
    outer loop
      vertex   -1.055227e+002 1.902476e+002 3.510386e+000
      vertex   -1.055097e+002 1.902964e+002 5.000000e-001
      vertex   -1.055014e+002 1.903233e+002 3.505310e+000
    endloop
  endfacet
  facet normal 4.444781e-002 -1.657724e-002 2.539277e-005
    outer loop
      vertex   -1.055014e+002 1.903233e+002 3.505310e+000
      vertex   -1.055097e+002 1.902964e+002 5.000000e-001
      vertex   -1.054598e+002 1.904300e+002 5.000000e-001
    endloop
  endfacet
  facet normal 9.309828e-001 -3.569732e-001 1.854911e-004
    outer loop
      vertex   -1.055014e+002 1.903233e+002 3.505310e+000
      vertex   -1.054598e+002 1.904300e+002 5.000000e-001
      vertex   -1.054639e+002 1.904211e+002 3.501284e+000
    endloop
  endfacet
  facet normal 8.909500e-001 -4.538371e-001 -1.562307e-004
    outer loop
      vertex   -1.054639e+002 1.904211e+002 3.501284e+000
      vertex   -1.054598e+002 1.904300e+002 5.000000e-001
      vertex   -1.054162e+002 1.905146e+002 3.500000e+000
    endloop
  endfacet
  facet normal 4.171164e-002 -2.277976e-002 3.589043e-005
    outer loop
      vertex   -1.054162e+002 1.905146e+002 3.500000e+000
      vertex   -1.054598e+002 1.904300e+002 5.000000e-001
      vertex   -1.053914e+002 1.905553e+002 5.000000e-001
    endloop
  endfacet
  facet normal 8.261213e-001 -5.632691e-001 -8.075858e-004
    outer loop
      vertex   -1.054162e+002 1.905146e+002 3.500000e+000
      vertex   -1.053914e+002 1.905553e+002 5.000000e-001
      vertex   -1.053320e+002 1.906381e+002 3.500000e+000
    endloop
  endfacet
  facet normal 3.805028e-002 -2.848179e-002 3.290482e-005
    outer loop
      vertex   -1.053320e+002 1.906381e+002 3.500000e+000
      vertex   -1.053914e+002 1.905553e+002 5.000000e-001
      vertex   -1.053059e+002 1.906695e+002 5.000000e-001
    endloop
  endfacet
  facet normal 7.329875e-001 -6.801062e-001 -7.406757e-004
    outer loop
      vertex   -1.053320e+002 1.906381e+002 3.500000e+000
      vertex   -1.053059e+002 1.906695e+002 5.000000e-001
      vertex   -1.052304e+002 1.907477e+002 3.500000e+000
    endloop
  endfacet
  facet normal 3.360614e-002 -3.360614e-002 2.922897e-005
    outer loop
      vertex   -1.052304e+002 1.907477e+002 3.500000e+000
      vertex   -1.053059e+002 1.906695e+002 5.000000e-001
      vertex   -1.052051e+002 1.907704e+002 5.000000e-001
    endloop
  endfacet
  facet normal 6.234466e-001 -7.817838e-001 -6.561100e-004
    outer loop
      vertex   -1.052304e+002 1.907477e+002 3.500000e+000
      vertex   -1.052051e+002 1.907704e+002 5.000000e-001
      vertex   -1.051135e+002 1.908409e+002 3.500000e+000
    endloop
  endfacet
  facet normal 2.847605e-002 -3.804346e-002 2.489670e-005
    outer loop
      vertex   -1.051135e+002 1.908409e+002 3.500000e+000
      vertex   -1.052051e+002 1.907704e+002 5.000000e-001
      vertex   -1.050908e+002 1.908559e+002 5.000000e-001
    endloop
  endfacet
  facet normal 5.000053e-001 -8.659749e-001 -5.536978e-004
    outer loop
      vertex   -1.051135e+002 1.908409e+002 3.500000e+000
      vertex   -1.050908e+002 1.908559e+002 5.000000e-001
      vertex   -1.049841e+002 1.909156e+002 3.500000e+000
    endloop
  endfacet
  facet normal 2.277718e-002 -4.170480e-002 1.969431e-005
    outer loop
      vertex   -1.049841e+002 1.909156e+002 3.500000e+000
      vertex   -1.050908e+002 1.908559e+002 5.000000e-001
      vertex   -1.049656e+002 1.909243e+002 5.000000e-001
    endloop
  endfacet
  facet normal 3.652838e-001 -9.308714e-001 -4.411902e-004
    outer loop
      vertex   -1.049841e+002 1.909156e+002 3.500000e+000
      vertex   -1.049656e+002 1.909243e+002 5.000000e-001
      vertex   -1.048449e+002 1.909702e+002 3.500000e+000
    endloop
  endfacet
  facet normal 1.660128e-002 -4.452162e-002 1.387094e-005
    outer loop
      vertex   -1.048449e+002 1.909702e+002 3.500000e+000
      vertex   -1.049656e+002 1.909243e+002 5.000000e-001
      vertex   -1.048319e+002 1.909741e+002 5.000000e-001
    endloop
  endfacet
  facet normal 2.225675e-001 -9.749067e-001 -3.081752e-004
    outer loop
      vertex   -1.048449e+002 1.909702e+002 3.500000e+000
      vertex   -1.048319e+002 1.909741e+002 5.000000e-001
      vertex   -1.046992e+002 1.910034e+002 3.500000e+000
    endloop
  endfacet
  facet normal 1.010111e-002 -4.642292e-002 7.309461e-006
    outer loop
      vertex   -1.046992e+002 1.910034e+002 3.500000e+000
      vertex   -1.048319e+002 1.909741e+002 5.000000e-001
      vertex   -1.046925e+002 1.910044e+002 5.000000e-001
    endloop
  endfacet
  facet normal 7.472885e-002 -9.972013e-001 -1.620619e-004
    outer loop
      vertex   -1.046992e+002 1.910034e+002 3.500000e+000
      vertex   -1.046925e+002 1.910044e+002 5.000000e-001
      vertex   -1.045502e+002 1.910146e+002 3.500000e+000
    endloop
  endfacet
  facet normal 3.388707e-003 -4.738601e-002 0.000000e+000
    outer loop
      vertex   -1.045502e+002 1.910146e+002 3.500000e+000
      vertex   -1.046925e+002 1.910044e+002 5.000000e-001
      vertex   -1.045502e+002 1.910146e+002 5.000000e-001
    endloop
  endfacet
  facet normal 9.770126e-001 -2.125219e-001 7.726257e-004
    outer loop
      vertex   -1.055097e+002 1.902964e+002 5.000000e-001
      vertex   -1.055227e+002 1.902476e+002 3.510386e+000
      vertex   -1.055400e+002 1.901569e+002 5.000000e-001
    endloop
  endfacet
  facet normal 2.560001e-002 -5.077957e-003 5.468182e-006
    outer loop
      vertex   -1.055400e+002 1.901569e+002 5.000000e-001
      vertex   -1.055227e+002 1.902476e+002 3.510386e+000
      vertex   -1.055380e+002 1.901705e+002 3.517218e+000
    endloop
  endfacet
  facet normal 2.573645e-002 -3.034613e-003 -3.831932e-006
    outer loop
      vertex   -1.055400e+002 1.901569e+002 5.000000e-001
      vertex   -1.055380e+002 1.901705e+002 3.517218e+000
      vertex   -1.055471e+002 1.900927e+002 3.525663e+000
    endloop
  endfacet
  facet normal 9.907588e-001 -3.873178e-002 0.000000e+000
    outer loop
      vertex   -1.055502e+002 1.900146e+002 3.535905e+000
      vertex   -1.055502e+002 1.900146e+002 5.000000e-001
      vertex   -1.055471e+002 1.900927e+002 3.525663e+000
    endloop
  endfacet
  facet normal 4.701080e-002 -3.361875e-003 3.932219e-005
    outer loop
      vertex   -1.055471e+002 1.900927e+002 3.525663e+000
      vertex   -1.055502e+002 1.900146e+002 5.000000e-001
      vertex   -1.055400e+002 1.901569e+002 5.000000e-001
    endloop
  endfacet
  facet normal -0.000000e+000 -1.000000e+000 -0.000000e+000
    outer loop
      vertex   -5.455019e+001 1.910146e+002 3.500000e+000
      vertex   -1.045502e+002 1.910146e+002 3.500000e+000
      vertex   -5.455019e+001 1.910146e+002 5.000000e-001
    endloop
  endfacet
  facet normal 0.000000e+000 -5.989229e-002 0.000000e+000
    outer loop
      vertex   -5.455019e+001 1.910146e+002 5.000000e-001
      vertex   -1.045502e+002 1.910146e+002 3.500000e+000
      vertex   -1.045502e+002 1.910146e+002 5.000000e-001
    endloop
  endfacet
  facet normal -8.257603e-001 -5.629975e-001 -8.068875e-004
    outer loop
      vertex   -5.376836e+001 1.906381e+002 3.500000e+000
      vertex   -5.370894e+001 1.905553e+002 5.000000e-001
      vertex   -5.368417e+001 1.905146e+002 3.500000e+000
    endloop
  endfacet
  facet normal -4.171165e-002 -2.277849e-002 3.590764e-005
    outer loop
      vertex   -5.368417e+001 1.905146e+002 3.500000e+000
      vertex   -5.370894e+001 1.905553e+002 5.000000e-001
      vertex   -5.364056e+001 1.904300e+002 5.000000e-001
    endloop
  endfacet
  facet normal -8.909027e-001 -4.537766e-001 -1.561143e-004
    outer loop
      vertex   -5.368417e+001 1.905146e+002 3.500000e+000
      vertex   -5.364056e+001 1.904300e+002 5.000000e-001
      vertex   -5.363654e+001 1.904211e+002 3.501284e+000
    endloop
  endfacet
  facet normal -9.328788e-001 -3.577730e-001 1.856524e-004
    outer loop
      vertex   -5.363654e+001 1.904211e+002 3.501284e+000
      vertex   -5.364056e+001 1.904300e+002 5.000000e-001
      vertex   -5.359904e+001 1.903233e+002 3.505310e+000
    endloop
  endfacet
  facet normal -4.444780e-002 -1.657851e-002 2.546057e-005
    outer loop
      vertex   -5.359904e+001 1.903233e+002 3.505310e+000
      vertex   -5.364056e+001 1.904300e+002 5.000000e-001
      vertex   -5.359070e+001 1.902964e+002 5.000000e-001
    endloop
  endfacet
  facet normal -9.611030e-001 -2.706530e-001 -2.374067e-004
    outer loop
      vertex   -5.359904e+001 1.903233e+002 3.505310e+000
      vertex   -5.359070e+001 1.902964e+002 5.000000e-001
      vertex   -5.357772e+001 1.902476e+002 3.510386e+000
    endloop
  endfacet
  facet normal -4.628460e-002 -1.006793e-002 3.660205e-005
    outer loop
      vertex   -5.357772e+001 1.902476e+002 3.510386e+000
      vertex   -5.359070e+001 1.902964e+002 5.000000e-001
      vertex   -5.356038e+001 1.901569e+002 5.000000e-001
    endloop
  endfacet
  facet normal -9.793474e-001 -1.942610e-001 2.091894e-004
    outer loop
      vertex   -5.357772e+001 1.902476e+002 3.510386e+000
      vertex   -5.356038e+001 1.901569e+002 5.000000e-001
      vertex   -5.356243e+001 1.901705e+002 3.517218e+000
    endloop
  endfacet
  facet normal -9.878806e-001 -1.164821e-001 -1.470868e-004
    outer loop
      vertex   -5.356243e+001 1.901705e+002 3.517218e+000
      vertex   -5.356038e+001 1.901569e+002 5.000000e-001
      vertex   -5.355325e+001 1.900927e+002 3.525663e+000
    endloop
  endfacet
  facet normal -4.701080e-002 -3.363135e-003 3.929543e-005
    outer loop
      vertex   -5.355325e+001 1.900927e+002 3.525663e+000
      vertex   -5.356038e+001 1.901569e+002 5.000000e-001
      vertex   -5.355019e+001 1.900146e+002 5.000000e-001
    endloop
  endfacet
  facet normal -9.937795e-001 -3.889843e-002 0.000000e+000
    outer loop
      vertex   -5.355325e+001 1.900927e+002 3.525663e+000
      vertex   -5.355019e+001 1.900146e+002 5.000000e-001
      vertex   -5.355019e+001 1.900146e+002 3.535905e+000
    endloop
  endfacet
  facet normal -8.001024e-001 -5.989011e-001 6.929236e-004
    outer loop
      vertex   -5.370894e+001 1.905553e+002 5.000000e-001
      vertex   -5.376836e+001 1.906381e+002 3.500000e+000
      vertex   -5.379445e+001 1.906695e+002 5.000000e-001
    endloop
  endfacet
  facet normal -3.649203e-002 -3.386059e-002 -3.684167e-005
    outer loop
      vertex   -5.379445e+001 1.906695e+002 5.000000e-001
      vertex   -5.376836e+001 1.906381e+002 3.500000e+000
      vertex   -5.387002e+001 1.907477e+002 3.500000e+000
    endloop
  endfacet
  facet normal -7.066427e-001 -7.066427e-001 6.146032e-004
    outer loop
      vertex   -5.379445e+001 1.906695e+002 5.000000e-001
      vertex   -5.387002e+001 1.907477e+002 3.500000e+000
      vertex   -5.389534e+001 1.907704e+002 5.000000e-001
    endloop
  endfacet
  facet normal -3.103681e-002 -3.892052e-002 -3.267249e-005
    outer loop
      vertex   -5.389534e+001 1.907704e+002 5.000000e-001
      vertex   -5.387002e+001 1.907477e+002 3.500000e+000
      vertex   -5.398688e+001 1.908409e+002 3.500000e+000
    endloop
  endfacet
  facet normal -5.987944e-001 -7.999778e-001 5.227663e-004
    outer loop
      vertex   -5.389534e+001 1.907704e+002 5.000000e-001
      vertex   -5.398688e+001 1.908409e+002 3.500000e+000
      vertex   -5.400956e+001 1.908559e+002 5.000000e-001
    endloop
  endfacet
  facet normal -2.489081e-002 -4.310663e-002 -2.758261e-005
    outer loop
      vertex   -5.400956e+001 1.908559e+002 5.000000e-001
      vertex   -5.398688e+001 1.908409e+002 3.500000e+000
      vertex   -5.411631e+001 1.909156e+002 3.500000e+000
    endloop
  endfacet
  facet normal -4.789149e-001 -8.769155e-001 4.152351e-004
    outer loop
      vertex   -5.400956e+001 1.908559e+002 5.000000e-001
      vertex   -5.411631e+001 1.909156e+002 3.500000e+000
      vertex   -5.413478e+001 1.909243e+002 5.000000e-001
    endloop
  endfacet
  facet normal -1.818140e-002 -4.633259e-002 -2.191328e-005
    outer loop
      vertex   -5.413478e+001 1.909243e+002 5.000000e-001
      vertex   -5.411631e+001 1.909156e+002 3.500000e+000
      vertex   -5.425544e+001 1.909702e+002 3.500000e+000
    endloop
  endfacet
  facet normal -3.490769e-001 -9.361072e-001 2.917355e-004
    outer loop
      vertex   -5.413478e+001 1.909243e+002 5.000000e-001
      vertex   -5.425544e+001 1.909702e+002 3.500000e+000
      vertex   -5.426846e+001 1.909741e+002 5.000000e-001
    endloop
  endfacet
  facet normal -1.107658e-002 -4.852101e-002 -1.534037e-005
    outer loop
      vertex   -5.426846e+001 1.909741e+002 5.000000e-001
      vertex   -5.425544e+001 1.909702e+002 3.500000e+000
      vertex   -5.440115e+001 1.910034e+002 3.500000e+000
    endloop
  endfacet
  facet normal -2.123850e-001 -9.761377e-001 1.536704e-004
    outer loop
      vertex   -5.426846e+001 1.909741e+002 5.000000e-001
      vertex   -5.440115e+001 1.910034e+002 3.500000e+000
      vertex   -5.440788e+001 1.910044e+002 5.000000e-001
    endloop
  endfacet
  facet normal -3.718932e-003 -4.962386e-002 -8.064280e-006
    outer loop
      vertex   -5.440788e+001 1.910044e+002 5.000000e-001
      vertex   -5.440115e+001 1.910034e+002 3.500000e+000
      vertex   -5.455019e+001 1.910146e+002 3.500000e+000
    endloop
  endfacet
  facet normal -7.125392e-002 -9.963263e-001 -4.336809e-019
    outer loop
      vertex   -5.440788e+001 1.910044e+002 5.000000e-001
      vertex   -5.455019e+001 1.910146e+002 3.500000e+000
      vertex   -5.455019e+001 1.910146e+002 5.000000e-001
    endloop
  endfacet
  facet normal -9.879602e-001 -0.000000e+000 -0.000000e+000
    outer loop
      vertex   -5.355019e+001 1.900146e+002 3.535905e+000
      vertex   -5.355019e+001 1.900146e+002 5.000000e-001
      vertex   -5.355019e+001 1.899313e+002 3.548954e+000
    endloop
  endfacet
  facet normal -9.727552e-001 -0.000000e+000 -0.000000e+000
    outer loop
      vertex   -5.355019e+001 1.899313e+002 3.548954e+000
      vertex   -5.355019e+001 1.900146e+002 5.000000e-001
      vertex   -5.355019e+001 1.896628e+002 3.605229e+000
    endloop
  endfacet
  facet normal -9.219029e-001 -0.000000e+000 -0.000000e+000
    outer loop
      vertex   -5.355019e+001 1.896628e+002 3.605229e+000
      vertex   -5.355019e+001 1.900146e+002 5.000000e-001
      vertex   -5.355019e+001 1.893996e+002 3.682352e+000
    endloop
  endfacet
  facet normal -8.502702e-001 -0.000000e+000 -0.000000e+000
    outer loop
      vertex   -5.355019e+001 1.893996e+002 3.682352e+000
      vertex   -5.355019e+001 1.900146e+002 5.000000e-001
      vertex   -5.355019e+001 1.891432e+002 3.779850e+000
    endloop
  endfacet
  facet normal -6.598085e-001 0.000000e+000 -0.000000e+000
    outer loop
      vertex   -5.355019e+001 1.891432e+002 3.779850e+000
      vertex   -5.355019e+001 1.900146e+002 5.000000e-001
      vertex   -5.355019e+001 1.875146e+002 5.000000e-001
    endloop
  endfacet
  facet normal -9.998180e-001 -0.000000e+000 0.000000e+000
    outer loop
      vertex   -5.355019e+001 1.891432e+002 3.779850e+000
      vertex   -5.355019e+001 1.875146e+002 5.000000e-001
      vertex   -5.355019e+001 1.888953e+002 3.897124e+000
    endloop
  endfacet
  facet normal -9.910166e-001 -0.000000e+000 0.000000e+000
    outer loop
      vertex   -5.355019e+001 1.888953e+002 3.897124e+000
      vertex   -5.355019e+001 1.875146e+002 5.000000e-001
      vertex   -5.355019e+001 1.886573e+002 4.033454e+000
    endloop
  endfacet
  facet normal -9.594360e-001 -0.000000e+000 0.000000e+000
    outer loop
      vertex   -5.355019e+001 1.886573e+002 4.033454e+000
      vertex   -5.355019e+001 1.875146e+002 5.000000e-001
      vertex   -5.355019e+001 1.884307e+002 4.188002e+000
    endloop
  endfacet
  facet normal -9.074998e-001 -0.000000e+000 0.000000e+000
    outer loop
      vertex   -5.355019e+001 1.884307e+002 4.188002e+000
      vertex   -5.355019e+001 1.875146e+002 5.000000e-001
      vertex   -5.355019e+001 1.882169e+002 4.359818e+000
    endloop
  endfacet
  facet normal -8.390027e-001 -0.000000e+000 0.000000e+000
    outer loop
      vertex   -5.355019e+001 1.882169e+002 4.359818e+000
      vertex   -5.355019e+001 1.875146e+002 5.000000e-001
      vertex   -5.355019e+001 1.880172e+002 4.547849e+000
    endloop
  endfacet
  facet normal -7.582189e-001 -0.000000e+000 0.000000e+000
    outer loop
      vertex   -5.355019e+001 1.880172e+002 4.547849e+000
      vertex   -5.355019e+001 1.875146e+002 5.000000e-001
      vertex   -5.355019e+001 1.878329e+002 4.750940e+000
    endloop
  endfacet
  facet normal -6.694326e-001 -0.000000e+000 0.000000e+000
    outer loop
      vertex   -5.355019e+001 1.878329e+002 4.750940e+000
      vertex   -5.355019e+001 1.875146e+002 5.000000e-001
      vertex   -5.355019e+001 1.876650e+002 4.967842e+000
    endloop
  endfacet
  facet normal -5.760790e-001 -0.000000e+000 0.000000e+000
    outer loop
      vertex   -5.355019e+001 1.876650e+002 4.967842e+000
      vertex   -5.355019e+001 1.875146e+002 5.000000e-001
      vertex   -5.355019e+001 1.875146e+002 5.197224e+000
    endloop
  endfacet
  facet normal 5.773503e-001 0.000000e+000 -5.773503e-001
    outer loop
      vertex   -4.905019e+001 1.456146e+002 5.551115e-015
      vertex   -4.855019e+001 1.451146e+002 5.000000e-001
      vertex   -4.905019e+001 1.396146e+002 5.551115e-015
    endloop
  endfacet
  facet normal 7.013344e-001 0.000000e+000 -7.013344e-001
    outer loop
      vertex   -4.905019e+001 1.396146e+002 5.551115e-015
      vertex   -4.855019e+001 1.451146e+002 5.000000e-001
      vertex   -4.855019e+001 1.396146e+002 5.000000e-001
    endloop
  endfacet
  facet normal 7.065023e-001 -2.923090e-002 -7.065023e-001
    outer loop
      vertex   -4.855019e+001 1.396146e+002 5.000000e-001
      vertex   -4.856044e+001 1.393669e+002 5.000000e-001
      vertex   -4.905019e+001 1.396146e+002 5.551115e-015
    endloop
  endfacet
  facet normal 6.727280e-001 -3.110444e-002 -6.743487e-001
    outer loop
      vertex   -4.905019e+001 1.396146e+002 5.551115e-015
      vertex   -4.856044e+001 1.393669e+002 5.000000e-001
      vertex   -4.906086e+001 1.393839e+002 5.551115e-015
    endloop
  endfacet
  facet normal 2.366167e-001 -2.949087e-002 -2.378196e-001
    outer loop
      vertex   -4.906086e+001 1.393839e+002 5.551115e-015
      vertex   -4.856044e+001 1.393669e+002 5.000000e-001
      vertex   -4.859111e+001 1.391208e+002 5.000000e-001
    endloop
  endfacet
  facet normal 6.739575e-001 -9.401365e-002 -6.826537e-001
    outer loop
      vertex   -4.906086e+001 1.393839e+002 5.551115e-015
      vertex   -4.859111e+001 1.391208e+002 5.000000e-001
      vertex   -4.909276e+001 1.391552e+002 5.551115e-015
    endloop
  endfacet
  facet normal 2.350487e-001 -4.928499e-002 -2.392168e-001
    outer loop
      vertex   -4.909276e+001 1.391552e+002 5.551115e-015
      vertex   -4.859111e+001 1.391208e+002 5.000000e-001
      vertex   -4.864199e+001 1.388782e+002 5.000000e-001
    endloop
  endfacet
  facet normal 6.685802e-001 -1.572509e-001 -6.898921e-001
    outer loop
      vertex   -4.909276e+001 1.391552e+002 5.551115e-015
      vertex   -4.864199e+001 1.388782e+002 5.000000e-001
      vertex   -4.914563e+001 1.389305e+002 5.551115e-015
    endloop
  endfacet
  facet normal 2.312279e-001 -6.884203e-002 -2.401109e-001
    outer loop
      vertex   -4.914563e+001 1.389305e+002 5.551115e-015
      vertex   -4.864199e+001 1.388782e+002 5.000000e-001
      vertex   -4.871275e+001 1.386405e+002 5.000000e-001
    endloop
  endfacet
  facet normal 6.565119e-001 -2.200383e-001 -6.959864e-001
    outer loop
      vertex   -4.914563e+001 1.389305e+002 5.551115e-015
      vertex   -4.871275e+001 1.386405e+002 5.000000e-001
      vertex   -4.921901e+001 1.387115e+002 5.551115e-015
    endloop
  endfacet
  facet normal 2.251978e-001 -8.787071e-002 -2.404981e-001
    outer loop
      vertex   -4.921901e+001 1.387115e+002 5.551115e-015
      vertex   -4.871275e+001 1.386405e+002 5.000000e-001
      vertex   -4.880288e+001 1.384095e+002 5.000000e-001
    endloop
  endfacet
  facet normal 6.377590e-001 -2.815993e-001 -7.008696e-001
    outer loop
      vertex   -4.921901e+001 1.387115e+002 5.551115e-015
      vertex   -4.880288e+001 1.384095e+002 5.000000e-001
      vertex   -4.931229e+001 1.385003e+002 5.551115e-015
    endloop
  endfacet
  facet normal 2.170224e-001 -1.060991e-001 -2.403629e-001
    outer loop
      vertex   -4.931229e+001 1.385003e+002 5.551115e-015
      vertex   -4.880288e+001 1.384095e+002 5.000000e-001
      vertex   -4.891177e+001 1.381868e+002 5.000000e-001
    endloop
  endfacet
  facet normal 6.124476e-001 -3.411288e-001 -7.044682e-001
    outer loop
      vertex   -4.931229e+001 1.385003e+002 5.551115e-015
      vertex   -4.891177e+001 1.381868e+002 5.000000e-001
      vertex   -4.942465e+001 1.382985e+002 5.551115e-015
    endloop
  endfacet
  facet normal 2.068579e-001 -1.232553e-001 -2.397348e-001
    outer loop
      vertex   -4.942465e+001 1.382985e+002 5.551115e-015
      vertex   -4.891177e+001 1.381868e+002 5.000000e-001
      vertex   -4.903870e+001 1.379738e+002 5.000000e-001
    endloop
  endfacet
  facet normal 5.807889e-001 -3.978532e-001 -7.067377e-001
    outer loop
      vertex   -4.942465e+001 1.382985e+002 5.551115e-015
      vertex   -4.903870e+001 1.379738e+002 5.000000e-001
      vertex   -4.955515e+001 1.381080e+002 5.551115e-015
    endloop
  endfacet
  facet normal 1.948052e-001 -1.390956e-001 -2.385674e-001
    outer loop
      vertex   -4.955515e+001 1.381080e+002 5.551115e-015
      vertex   -4.903870e+001 1.379738e+002 5.000000e-001
      vertex   -4.918277e+001 1.377720e+002 5.000000e-001
    endloop
  endfacet
  facet normal 5.431424e-001 -4.510092e-001 -7.076281e-001
    outer loop
      vertex   -4.955515e+001 1.381080e+002 5.551115e-015
      vertex   -4.918277e+001 1.377720e+002 5.000000e-001
      vertex   -4.970267e+001 1.379304e+002 5.551115e-015
    endloop
  endfacet
  facet normal 1.811348e-001 -1.534131e-001 -2.369414e-001
    outer loop
      vertex   -4.970267e+001 1.379304e+002 5.551115e-015
      vertex   -4.918277e+001 1.377720e+002 5.000000e-001
      vertex   -4.934303e+001 1.375828e+002 5.000000e-001
    endloop
  endfacet
  facet normal 1.660321e-001 -1.660212e-001 -2.348431e-001
    outer loop
      vertex   -4.970267e+001 1.379304e+002 5.551115e-015
      vertex   -4.934303e+001 1.375828e+002 5.000000e-001
      vertex   -4.951835e+001 1.374074e+002 5.000000e-001
    endloop
  endfacet
  facet normal 4.735470e-001 -4.735360e-001 -6.698266e-001
    outer loop
      vertex   -4.970267e+001 1.379304e+002 5.551115e-015
      vertex   -4.951835e+001 1.374074e+002 5.000000e-001
      vertex   -4.986596e+001 1.377671e+002 5.551115e-015
    endloop
  endfacet
  facet normal 1.534087e-001 -1.811302e-001 -2.369374e-001
    outer loop
      vertex   -4.986596e+001 1.377671e+002 5.551115e-015
      vertex   -4.951835e+001 1.374074e+002 5.000000e-001
      vertex   -4.970756e+001 1.372472e+002 5.000000e-001
    endloop
  endfacet
  facet normal 4.325027e-001 -5.208980e-001 -6.786419e-001
    outer loop
      vertex   -4.986596e+001 1.377671e+002 5.551115e-015
      vertex   -4.970756e+001 1.372472e+002 5.000000e-001
      vertex   -5.004361e+001 1.376196e+002 5.551115e-015
    endloop
  endfacet
  facet normal 1.390891e-001 -1.948124e-001 -2.385750e-001
    outer loop
      vertex   -5.004361e+001 1.376196e+002 5.551115e-015
      vertex   -4.970756e+001 1.372472e+002 5.000000e-001
      vertex   -4.990935e+001 1.371031e+002 5.000000e-001
    endloop
  endfacet
  facet normal 3.864235e-001 -5.640708e-001 -6.864058e-001
    outer loop
      vertex   -5.004361e+001 1.376196e+002 5.551115e-015
      vertex   -4.990935e+001 1.371031e+002 5.000000e-001
      vertex   -5.023412e+001 1.374891e+002 5.551115e-015
    endloop
  endfacet
  facet normal 1.232554e-001 -2.068470e-001 -2.397255e-001
    outer loop
      vertex   -5.023412e+001 1.374891e+002 5.551115e-015
      vertex   -4.990935e+001 1.371031e+002 5.000000e-001
      vertex   -5.012235e+001 1.369762e+002 5.000000e-001
    endloop
  endfacet
  facet normal 3.356211e-001 -6.025479e-001 -6.930876e-001
    outer loop
      vertex   -5.023412e+001 1.374891e+002 5.551115e-015
      vertex   -5.012235e+001 1.369762e+002 5.000000e-001
      vertex   -5.043585e+001 1.373767e+002 5.551115e-015
    endloop
  endfacet
  facet normal 1.061022e-001 -2.170287e-001 -2.403706e-001
    outer loop
      vertex   -5.043585e+001 1.373767e+002 5.551115e-015
      vertex   -5.012235e+001 1.369762e+002 5.000000e-001
      vertex   -5.034511e+001 1.368673e+002 5.000000e-001
    endloop
  endfacet
  facet normal 2.806908e-001 -6.356754e-001 -6.985846e-001
    outer loop
      vertex   -5.043585e+001 1.373767e+002 5.551115e-015
      vertex   -5.034511e+001 1.368673e+002 5.000000e-001
      vertex   -5.064709e+001 1.372834e+002 5.551115e-015
    endloop
  endfacet
  facet normal 8.787435e-002 -2.251975e-001 -2.404995e-001
    outer loop
      vertex   -5.064709e+001 1.372834e+002 5.551115e-015
      vertex   -5.034511e+001 1.368673e+002 5.000000e-001
      vertex   -5.057610e+001 1.367772e+002 5.000000e-001
    endloop
  endfacet
  facet normal 2.221919e-001 -6.629719e-001 -7.028365e-001
    outer loop
      vertex   -5.064709e+001 1.372834e+002 5.551115e-015
      vertex   -5.057610e+001 1.367772e+002 5.000000e-001
      vertex   -5.086604e+001 1.372101e+002 5.551115e-015
    endloop
  endfacet
  facet normal 6.883092e-002 -2.312317e-001 -2.401108e-001
    outer loop
      vertex   -5.086604e+001 1.372101e+002 5.551115e-015
      vertex   -5.057610e+001 1.367772e+002 5.000000e-001
      vertex   -5.081374e+001 1.367064e+002 5.000000e-001
    endloop
  endfacet
  facet normal 1.608800e-001 -6.839722e-001 -7.057679e-001
    outer loop
      vertex   -5.086604e+001 1.372101e+002 5.551115e-015
      vertex   -5.081374e+001 1.367064e+002 5.000000e-001
      vertex   -5.109082e+001 1.371572e+002 5.551115e-015
    endloop
  endfacet
  facet normal 4.928929e-002 -2.350478e-001 -2.392145e-001
    outer loop
      vertex   -5.109082e+001 1.371572e+002 5.551115e-015
      vertex   -5.081374e+001 1.367064e+002 5.000000e-001
      vertex   -5.105641e+001 1.366555e+002 5.000000e-001
    endloop
  endfacet
  facet normal 9.738029e-002 -6.983541e-001 -7.073572e-001
    outer loop
      vertex   -5.109082e+001 1.371572e+002 5.551115e-015
      vertex   -5.105641e+001 1.366555e+002 5.000000e-001
      vertex   -5.131952e+001 1.371253e+002 5.551115e-015
    endloop
  endfacet
  facet normal 2.949395e-002 -2.366082e-001 -2.378171e-001
    outer loop
      vertex   -5.131952e+001 1.371253e+002 5.551115e-015
      vertex   -5.105641e+001 1.366555e+002 5.000000e-001
      vertex   -5.130246e+001 1.366249e+002 5.000000e-001
    endloop
  endfacet
  facet normal 3.263726e-002 -7.058450e-001 -7.075621e-001
    outer loop
      vertex   -5.131952e+001 1.371253e+002 5.551115e-015
      vertex   -5.130246e+001 1.366249e+002 5.000000e-001
      vertex   -5.155019e+001 1.371146e+002 5.551115e-015
    endloop
  endfacet
  facet normal 9.751179e-003 -2.359429e-001 -2.359429e-001
    outer loop
      vertex   -5.155019e+001 1.371146e+002 5.551115e-015
      vertex   -5.130246e+001 1.366249e+002 5.000000e-001
      vertex   -5.155019e+001 1.366146e+002 5.000000e-001
    endloop
  endfacet
  facet normal 0.000000e+000 -7.071068e-001 -7.071068e-001
    outer loop
      vertex   -1.075502e+002 1.371146e+002 5.551115e-015
      vertex   -5.155019e+001 1.371146e+002 5.551115e-015
      vertex   -1.075502e+002 1.366146e+002 5.000000e-001
    endloop
  endfacet
  facet normal 0.000000e+000 -8.927859e-003 -8.927859e-003
    outer loop
      vertex   -1.075502e+002 1.366146e+002 5.000000e-001
      vertex   -5.155019e+001 1.371146e+002 5.551115e-015
      vertex   -5.155019e+001 1.366146e+002 5.000000e-001
    endloop
  endfacet
  facet normal -2.919832e-002 -7.065037e-001 -7.065037e-001
    outer loop
      vertex   -1.075502e+002 1.366146e+002 5.000000e-001
      vertex   -1.077979e+002 1.366249e+002 5.000000e-001
      vertex   -1.075502e+002 1.371146e+002 5.551115e-015
    endloop
  endfacet
  facet normal -3.110515e-002 -6.727211e-001 -6.743577e-001
    outer loop
      vertex   -1.075502e+002 1.371146e+002 5.551115e-015
      vertex   -1.077979e+002 1.366249e+002 5.000000e-001
      vertex   -1.077809e+002 1.371253e+002 5.551115e-015
    endloop
  endfacet
  facet normal -2.949400e-002 -2.366050e-001 -2.378139e-001
    outer loop
      vertex   -1.077809e+002 1.371253e+002 5.551115e-015
      vertex   -1.077979e+002 1.366249e+002 5.000000e-001
      vertex   -1.080440e+002 1.366555e+002 5.000000e-001
    endloop
  endfacet
  facet normal -9.397995e-002 -6.739576e-001 -6.826464e-001
    outer loop
      vertex   -1.077809e+002 1.371253e+002 5.551115e-015
      vertex   -1.080440e+002 1.366555e+002 5.000000e-001
      vertex   -1.080096e+002 1.371572e+002 5.551115e-015
    endloop
  endfacet
  facet normal -4.928919e-002 -2.350511e-001 -2.392177e-001
    outer loop
      vertex   -1.080096e+002 1.371572e+002 5.551115e-015
      vertex   -1.080440e+002 1.366555e+002 5.000000e-001
      vertex   -1.082867e+002 1.367064e+002 5.000000e-001
    endloop
  endfacet
  facet normal -1.572576e-001 -6.685833e-001 -6.898883e-001
    outer loop
      vertex   -1.080096e+002 1.371572e+002 5.551115e-015
      vertex   -1.082867e+002 1.367064e+002 5.000000e-001
      vertex   -1.082344e+002 1.372101e+002 5.551115e-015
    endloop
  endfacet
  facet normal -6.883107e-002 -2.312284e-001 -2.401076e-001
    outer loop
      vertex   -1.082344e+002 1.372101e+002 5.551115e-015
      vertex   -1.082867e+002 1.367064e+002 5.000000e-001
      vertex   -1.085243e+002 1.367772e+002 5.000000e-001
    endloop
  endfacet
  facet normal -2.200276e-001 -6.565140e-001 -6.959886e-001
    outer loop
      vertex   -1.082344e+002 1.372101e+002 5.551115e-015
      vertex   -1.085243e+002 1.367772e+002 5.000000e-001
      vertex   -1.084533e+002 1.372834e+002 5.551115e-015
    endloop
  endfacet
  facet normal -8.787458e-002 -2.251981e-001 -2.404995e-001
    outer loop
      vertex   -1.084533e+002 1.372834e+002 5.551115e-015
      vertex   -1.085243e+002 1.367772e+002 5.000000e-001
      vertex   -1.087553e+002 1.368673e+002 5.000000e-001
    endloop
  endfacet
  facet normal -2.816103e-001 -6.377576e-001 -7.008708e-001
    outer loop
      vertex   -1.084533e+002 1.372834e+002 5.551115e-015
      vertex   -1.087553e+002 1.368673e+002 5.000000e-001
      vertex   -1.086645e+002 1.373767e+002 5.551115e-015
    endloop
  endfacet
  facet normal -1.061026e-001 -2.170293e-001 -2.403706e-001
    outer loop
      vertex   -1.086645e+002 1.373767e+002 5.551115e-015
      vertex   -1.087553e+002 1.368673e+002 5.000000e-001
      vertex   -1.089780e+002 1.369762e+002 5.000000e-001
    endloop
  endfacet
  facet normal -3.411288e-001 -6.124476e-001 -7.044682e-001
    outer loop
      vertex   -1.086645e+002 1.373767e+002 5.551115e-015
      vertex   -1.089780e+002 1.369762e+002 5.000000e-001
      vertex   -1.088663e+002 1.374891e+002 5.551115e-015
    endloop
  endfacet
  facet normal -1.232559e-001 -2.068515e-001 -2.397284e-001
    outer loop
      vertex   -1.088663e+002 1.374891e+002 5.551115e-015
      vertex   -1.089780e+002 1.369762e+002 5.000000e-001
      vertex   -1.091910e+002 1.371031e+002 5.000000e-001
    endloop
  endfacet
  facet normal -3.978709e-001 -5.807809e-001 -7.067370e-001
    outer loop
      vertex   -1.088663e+002 1.374891e+002 5.551115e-015
      vertex   -1.091910e+002 1.371031e+002 5.000000e-001
      vertex   -1.090568e+002 1.376196e+002 5.551115e-015
    endloop
  endfacet
  facet normal -1.390892e-001 -1.948163e-001 -2.385780e-001
    outer loop
      vertex   -1.090568e+002 1.376196e+002 5.551115e-015
      vertex   -1.091910e+002 1.371031e+002 5.000000e-001
      vertex   -1.093928e+002 1.372472e+002 5.000000e-001
    endloop
  endfacet
  facet normal -4.509869e-001 -5.431484e-001 -7.076369e-001
    outer loop
      vertex   -1.090568e+002 1.376196e+002 5.551115e-015
      vertex   -1.093928e+002 1.372472e+002 5.000000e-001
      vertex   -1.092344e+002 1.377671e+002 5.551115e-015
    endloop
  endfacet
  facet normal -1.534085e-001 -1.811264e-001 -2.369345e-001
    outer loop
      vertex   -1.092344e+002 1.377671e+002 5.551115e-015
      vertex   -1.093928e+002 1.372472e+002 5.000000e-001
      vertex   -1.095820e+002 1.374074e+002 5.000000e-001
    endloop
  endfacet
  facet normal -1.660318e-001 -1.660246e-001 -2.348476e-001
    outer loop
      vertex   -1.092344e+002 1.377671e+002 5.551115e-015
      vertex   -1.095820e+002 1.374074e+002 5.000000e-001
      vertex   -1.097574e+002 1.375828e+002 5.000000e-001
    endloop
  endfacet
  facet normal -4.735433e-001 -4.735433e-001 -6.698221e-001
    outer loop
      vertex   -1.092344e+002 1.377671e+002 5.551115e-015
      vertex   -1.097574e+002 1.375828e+002 5.000000e-001
      vertex   -1.093977e+002 1.379304e+002 5.551115e-015
    endloop
  endfacet
  facet normal -1.811354e-001 -1.534100e-001 -2.369398e-001
    outer loop
      vertex   -1.093977e+002 1.379304e+002 5.551115e-015
      vertex   -1.097574e+002 1.375828e+002 5.000000e-001
      vertex   -1.099176e+002 1.377720e+002 5.000000e-001
    endloop
  endfacet
  facet normal -5.208823e-001 -4.325251e-001 -6.786228e-001
    outer loop
      vertex   -1.093977e+002 1.379304e+002 5.551115e-015
      vertex   -1.099176e+002 1.377720e+002 5.000000e-001
      vertex   -1.095452e+002 1.381080e+002 5.551115e-015
    endloop
  endfacet
  facet normal -1.948072e-001 -1.390933e-001 -2.385659e-001
    outer loop
      vertex   -1.095452e+002 1.381080e+002 5.551115e-015
      vertex   -1.099176e+002 1.377720e+002 5.000000e-001
      vertex   -1.100617e+002 1.379738e+002 5.000000e-001
    endloop
  endfacet
  facet normal -5.640996e-001 -3.863980e-001 -6.864145e-001
    outer loop
      vertex   -1.095452e+002 1.381080e+002 5.551115e-015
      vertex   -1.100617e+002 1.379738e+002 5.000000e-001
      vertex   -1.096757e+002 1.382985e+002 5.551115e-015
    endloop
  endfacet
  facet normal -2.068579e-001 -1.232553e-001 -2.397348e-001
    outer loop
      vertex   -1.096757e+002 1.382985e+002 5.551115e-015
      vertex   -1.100617e+002 1.379738e+002 5.000000e-001
      vertex   -1.101886e+002 1.381868e+002 5.000000e-001
    endloop
  endfacet
  facet normal -6.025516e-001 -3.356168e-001 -6.930854e-001
    outer loop
      vertex   -1.096757e+002 1.382985e+002 5.551115e-015
      vertex   -1.101886e+002 1.381868e+002 5.000000e-001
      vertex   -1.097881e+002 1.385003e+002 5.551115e-015
    endloop
  endfacet
  facet normal -2.170216e-001 -1.061024e-001 -2.403643e-001
    outer loop
      vertex   -1.097881e+002 1.385003e+002 5.551115e-015
      vertex   -1.101886e+002 1.381868e+002 5.000000e-001
      vertex   -1.102975e+002 1.384095e+002 5.000000e-001
    endloop
  endfacet
  facet normal -6.356750e-001 -2.806906e-001 -6.985863e-001
    outer loop
      vertex   -1.097881e+002 1.385003e+002 5.551115e-015
      vertex   -1.102975e+002 1.384095e+002 5.000000e-001
      vertex   -1.098814e+002 1.387115e+002 5.551115e-015
    endloop
  endfacet
  facet normal -2.251969e-001 -8.787410e-002 -2.404995e-001
    outer loop
      vertex   -1.098814e+002 1.387115e+002 5.551115e-015
      vertex   -1.102975e+002 1.384095e+002 5.000000e-001
      vertex   -1.103876e+002 1.386405e+002 5.000000e-001
    endloop
  endfacet
  facet normal -6.629715e-001 -2.221918e-001 -7.028378e-001
    outer loop
      vertex   -1.098814e+002 1.387115e+002 5.551115e-015
      vertex   -1.103876e+002 1.386405e+002 5.000000e-001
      vertex   -1.099548e+002 1.389305e+002 5.551115e-015
    endloop
  endfacet
  facet normal -2.312255e-001 -6.883763e-002 -2.401099e-001
    outer loop
      vertex   -1.099548e+002 1.389305e+002 5.551115e-015
      vertex   -1.103876e+002 1.386405e+002 5.000000e-001
      vertex   -1.104584e+002 1.388782e+002 5.000000e-001
    endloop
  endfacet
  facet normal -6.839659e-001 -1.608813e-001 -7.057745e-001
    outer loop
      vertex   -1.099548e+002 1.389305e+002 5.551115e-015
      vertex   -1.104584e+002 1.388782e+002 5.000000e-001
      vertex   -1.100076e+002 1.391552e+002 5.551115e-015
    endloop
  endfacet
  facet normal -2.350495e-001 -4.928148e-002 -2.392157e-001
    outer loop
      vertex   -1.100076e+002 1.391552e+002 5.551115e-015
      vertex   -1.104584e+002 1.388782e+002 5.000000e-001
      vertex   -1.105093e+002 1.391208e+002 5.000000e-001
    endloop
  endfacet
  facet normal -6.983507e-001 -9.740473e-002 -7.073555e-001
    outer loop
      vertex   -1.100076e+002 1.391552e+002 5.551115e-015
      vertex   -1.105093e+002 1.391208e+002 5.000000e-001
      vertex   -1.100395e+002 1.393839e+002 5.551115e-015
    endloop
  endfacet
  facet normal -2.366158e-001 -2.949443e-002 -2.378207e-001
    outer loop
      vertex   -1.100395e+002 1.393839e+002 5.551115e-015
      vertex   -1.105093e+002 1.391208e+002 5.000000e-001
      vertex   -1.105399e+002 1.393669e+002 5.000000e-001
    endloop
  endfacet
  facet normal -7.058506e-001 -3.263590e-002 -7.075565e-001
    outer loop
      vertex   -1.100395e+002 1.393839e+002 5.551115e-015
      vertex   -1.105399e+002 1.393669e+002 5.000000e-001
      vertex   -1.100502e+002 1.396146e+002 5.551115e-015
    endloop
  endfacet
  facet normal -2.359478e-001 -9.758495e-003 -2.359478e-001
    outer loop
      vertex   -1.100502e+002 1.396146e+002 5.551115e-015
      vertex   -1.105399e+002 1.393669e+002 5.000000e-001
      vertex   -1.105502e+002 1.396146e+002 5.000000e-001
    endloop
  endfacet
  facet normal -5.773503e-001 -0.000000e+000 -5.773503e-001
    outer loop
      vertex   -1.100502e+002 1.456146e+002 5.551115e-015
      vertex   -1.100502e+002 1.396146e+002 5.551115e-015
      vertex   -1.105502e+002 1.451146e+002 5.000000e-001
    endloop
  endfacet
  facet normal -9.016696e-002 -0.000000e+000 -9.016696e-002
    outer loop
      vertex   -1.105502e+002 1.451146e+002 5.000000e-001
      vertex   -1.100502e+002 1.396146e+002 5.551115e-015
      vertex   -1.105502e+002 1.396146e+002 5.000000e-001
    endloop
  endfacet
  facet normal -7.682213e-001 0.000000e+000 0.000000e+000
    outer loop
      vertex   -1.105502e+002 1.396146e+002 5.000000e-001
      vertex   -1.105502e+002 1.421146e+002 3.500000e+000
      vertex   -1.105502e+002 1.451146e+002 5.000000e-001
    endloop
  endfacet
  facet normal -5.014665e-002 0.000000e+000 0.000000e+000
    outer loop
      vertex   -1.105502e+002 1.451146e+002 5.000000e-001
      vertex   -1.105502e+002 1.421146e+002 3.500000e+000
      vertex   -1.105502e+002 1.423916e+002 3.510973e+000
    endloop
  endfacet
  facet normal -5.789502e-002 0.000000e+000 0.000000e+000
    outer loop
      vertex   -1.105502e+002 1.451146e+002 5.000000e-001
      vertex   -1.105502e+002 1.423916e+002 3.510973e+000
      vertex   -1.105502e+002 1.426667e+002 3.543825e+000
    endloop
  endfacet
  facet normal -6.401844e-001 0.000000e+000 0.000000e+000
    outer loop
      vertex   -1.105502e+002 1.396146e+002 5.000000e-001
      vertex   -1.105502e+002 1.396146e+002 3.500000e+000
      vertex   -1.105502e+002 1.421146e+002 3.500000e+000
    endloop
  endfacet
  facet normal -8.873233e-001 0.000000e+000 0.000000e+000
    outer loop
      vertex   -1.105502e+002 1.426667e+002 3.543825e+000
      vertex   -1.105502e+002 1.429385e+002 3.598349e+000
      vertex   -1.105502e+002 1.451146e+002 5.000000e-001
    endloop
  endfacet
  facet normal -7.065789e-002 0.000000e+000 0.000000e+000
    outer loop
      vertex   -1.105502e+002 1.451146e+002 5.000000e-001
      vertex   -1.105502e+002 1.429385e+002 3.598349e+000
      vertex   -1.105502e+002 1.432051e+002 3.674202e+000
    endloop
  endfacet
  facet normal -7.436120e-002 0.000000e+000 0.000000e+000
    outer loop
      vertex   -1.105502e+002 1.451146e+002 5.000000e-001
      vertex   -1.105502e+002 1.432051e+002 3.674202e+000
      vertex   -1.105502e+002 1.434648e+002 3.770911e+000
    endloop
  endfacet
  facet normal -9.995035e-001 0.000000e+000 0.000000e+000
    outer loop
      vertex   -1.105502e+002 1.434648e+002 3.770911e+000
      vertex   -1.105502e+002 1.437161e+002 3.887867e+000
      vertex   -1.105502e+002 1.451146e+002 5.000000e-001
    endloop
  endfacet
  facet normal -7.414711e-002 0.000000e+000 0.000000e+000
    outer loop
      vertex   -1.105502e+002 1.451146e+002 5.000000e-001
      vertex   -1.105502e+002 1.437161e+002 3.887867e+000
      vertex   -1.105502e+002 1.439573e+002 4.024338e+000
    endloop
  endfacet
  facet normal -7.026036e-002 0.000000e+000 0.000000e+000
    outer loop
      vertex   -1.105502e+002 1.451146e+002 5.000000e-001
      vertex   -1.105502e+002 1.439573e+002 4.024338e+000
      vertex   -1.105502e+002 1.441870e+002 4.179469e+000
    endloop
  endfacet
  facet normal -9.105033e-001 0.000000e+000 0.000000e+000
    outer loop
      vertex   -1.105502e+002 1.441870e+002 4.179469e+000
      vertex   -1.105502e+002 1.444036e+002 4.352285e+000
      vertex   -1.105502e+002 1.451146e+002 5.000000e-001
    endloop
  endfacet
  facet normal -5.727996e-002 0.000000e+000 0.000000e+000
    outer loop
      vertex   -1.105502e+002 1.451146e+002 5.000000e-001
      vertex   -1.105502e+002 1.444036e+002 4.352285e+000
      vertex   -1.105502e+002 1.446060e+002 4.541704e+000
    endloop
  endfacet
  facet normal -4.950371e-002 0.000000e+000 0.000000e+000
    outer loop
      vertex   -1.105502e+002 1.451146e+002 5.000000e-001
      vertex   -1.105502e+002 1.446060e+002 4.541704e+000
      vertex   -1.105502e+002 1.447927e+002 4.746538e+000
    endloop
  endfacet
  facet normal -6.710163e-001 0.000000e+000 0.000000e+000
    outer loop
      vertex   -1.105502e+002 1.447927e+002 4.746538e+000
      vertex   -1.105502e+002 1.449626e+002 4.965503e+000
      vertex   -1.105502e+002 1.451146e+002 5.000000e-001
    endloop
  endfacet
  facet normal -3.403105e-002 0.000000e+000 0.000000e+000
    outer loop
      vertex   -1.105502e+002 1.451146e+002 5.000000e-001
      vertex   -1.105502e+002 1.449626e+002 4.965503e+000
      vertex   -1.105502e+002 1.451146e+002 5.197224e+000
    endloop
  endfacet
  facet normal -9.991458e-001 -4.132338e-002 0.000000e+000
    outer loop
      vertex   -1.105502e+002 1.396146e+002 5.000000e-001
      vertex   -1.105399e+002 1.393669e+002 5.000000e-001
      vertex   -1.105502e+002 1.396146e+002 3.500000e+000
    endloop
  endfacet
  facet normal -9.957505e-001 -4.118296e-002 0.000000e+000
    outer loop
      vertex   -1.105502e+002 1.396146e+002 3.500000e+000
      vertex   -1.105399e+002 1.393669e+002 5.000000e-001
      vertex   -1.105399e+002 1.393669e+002 3.500000e+000
    endloop
  endfacet
  facet normal -8.173729e-002 -1.018865e-002 -0.000000e+000
    outer loop
      vertex   -1.105399e+002 1.393669e+002 3.500000e+000
      vertex   -1.105399e+002 1.393669e+002 5.000000e-001
      vertex   -1.105093e+002 1.391208e+002 5.000000e-001
    endloop
  endfacet
  facet normal -9.889483e-001 -1.232736e-001 0.000000e+000
    outer loop
      vertex   -1.105399e+002 1.393669e+002 3.500000e+000
      vertex   -1.105093e+002 1.391208e+002 5.000000e-001
      vertex   -1.105093e+002 1.391208e+002 3.500000e+000
    endloop
  endfacet
  facet normal -8.061704e-002 -1.690251e-002 -0.000000e+000
    outer loop
      vertex   -1.105093e+002 1.391208e+002 3.500000e+000
      vertex   -1.105093e+002 1.391208e+002 5.000000e-001
      vertex   -1.104584e+002 1.388782e+002 5.000000e-001
    endloop
  endfacet
  facet normal -9.753937e-001 -2.045052e-001 -3.469447e-018
    outer loop
      vertex   -1.105093e+002 1.391208e+002 3.500000e+000
      vertex   -1.104584e+002 1.388782e+002 5.000000e-001
      vertex   -1.104584e+002 1.388782e+002 3.500000e+000
    endloop
  endfacet
  facet normal -7.894429e-002 -2.350232e-002 -0.000000e+000
    outer loop
      vertex   -1.104584e+002 1.388782e+002 3.500000e+000
      vertex   -1.104584e+002 1.388782e+002 5.000000e-001
      vertex   -1.103876e+002 1.386405e+002 5.000000e-001
    endloop
  endfacet
  facet normal -9.551721e-001 -2.843621e-001 0.000000e+000
    outer loop
      vertex   -1.104584e+002 1.388782e+002 3.500000e+000
      vertex   -1.103876e+002 1.386405e+002 5.000000e-001
      vertex   -1.103876e+002 1.386405e+002 3.500000e+000
    endloop
  endfacet
  facet normal -7.673421e-002 -2.994246e-002 -0.000000e+000
    outer loop
      vertex   -1.103876e+002 1.386405e+002 3.500000e+000
      vertex   -1.103876e+002 1.386405e+002 5.000000e-001
      vertex   -1.102975e+002 1.384095e+002 5.000000e-001
    endloop
  endfacet
  facet normal -9.284226e-001 -3.622799e-001 -3.469447e-018
    outer loop
      vertex   -1.103876e+002 1.386405e+002 3.500000e+000
      vertex   -1.102975e+002 1.384095e+002 5.000000e-001
      vertex   -1.102975e+002 1.384095e+002 3.500000e+000
    endloop
  endfacet
  facet normal -7.399698e-002 -3.617731e-002 -0.000000e+000
    outer loop
      vertex   -1.102975e+002 1.384095e+002 3.500000e+000
      vertex   -1.102975e+002 1.384095e+002 5.000000e-001
      vertex   -1.101886e+002 1.381868e+002 5.000000e-001
    endloop
  endfacet
  facet normal -8.953269e-001 -4.377276e-001 0.000000e+000
    outer loop
      vertex   -1.102975e+002 1.384095e+002 3.500000e+000
      vertex   -1.101886e+002 1.381868e+002 5.000000e-001
      vertex   -1.101886e+002 1.381868e+002 3.500000e+000
    endloop
  endfacet
  facet normal -7.076293e-002 -4.216376e-002 -0.000000e+000
    outer loop
      vertex   -1.101886e+002 1.381868e+002 3.500000e+000
      vertex   -1.101886e+002 1.381868e+002 5.000000e-001
      vertex   -1.100617e+002 1.379738e+002 5.000000e-001
    endloop
  endfacet
  facet normal -8.561441e-001 -5.101295e-001 0.000000e+000
    outer loop
      vertex   -1.101886e+002 1.381868e+002 3.500000e+000
      vertex   -1.100617e+002 1.379738e+002 5.000000e-001
      vertex   -1.100617e+002 1.379738e+002 3.500000e+000
    endloop
  endfacet
  facet normal -6.703220e-002 -4.786132e-002 -0.000000e+000
    outer loop
      vertex   -1.100617e+002 1.379738e+002 3.500000e+000
      vertex   -1.100617e+002 1.379738e+002 5.000000e-001
      vertex   -1.099176e+002 1.377720e+002 5.000000e-001
    endloop
  endfacet
  facet normal -8.110763e-001 -5.791124e-001 0.000000e+000
    outer loop
      vertex   -1.100617e+002 1.379738e+002 3.500000e+000
      vertex   -1.099176e+002 1.377720e+002 5.000000e-001
      vertex   -1.099176e+002 1.377720e+002 3.500000e+000
    endloop
  endfacet
  facet normal -6.285534e-002 -5.323442e-002 -0.000000e+000
    outer loop
      vertex   -1.099176e+002 1.377720e+002 3.500000e+000
      vertex   -1.099176e+002 1.377720e+002 5.000000e-001
      vertex   -1.097574e+002 1.375828e+002 5.000000e-001
    endloop
  endfacet
  facet normal -7.604990e-001 -6.440936e-001 0.000000e+000
    outer loop
      vertex   -1.099176e+002 1.377720e+002 3.500000e+000
      vertex   -1.097574e+002 1.375828e+002 5.000000e-001
      vertex   -1.097574e+002 1.375828e+002 3.500000e+000
    endloop
  endfacet
  facet normal -7.071221e-001 -7.070914e-001 -0.000000e+000
    outer loop
      vertex   -1.097574e+002 1.375828e+002 3.500000e+000
      vertex   -1.097574e+002 1.375828e+002 5.000000e-001
      vertex   -1.095820e+002 1.374074e+002 3.500000e+000
    endloop
  endfacet
  facet normal -5.824762e-002 -5.824509e-002 -0.000000e+000
    outer loop
      vertex   -1.095820e+002 1.374074e+002 3.500000e+000
      vertex   -1.097574e+002 1.375828e+002 5.000000e-001
      vertex   -1.095820e+002 1.374074e+002 5.000000e-001
    endloop
  endfacet
  facet normal -5.323443e-002 -6.285282e-002 -0.000000e+000
    outer loop
      vertex   -1.095820e+002 1.374074e+002 3.500000e+000
      vertex   -1.095820e+002 1.374074e+002 5.000000e-001
      vertex   -1.093928e+002 1.372472e+002 5.000000e-001
    endloop
  endfacet
  facet normal -6.441088e-001 -7.604863e-001 -6.938894e-018
    outer loop
      vertex   -1.095820e+002 1.374074e+002 3.500000e+000
      vertex   -1.093928e+002 1.372472e+002 5.000000e-001
      vertex   -1.093928e+002 1.372472e+002 3.500000e+000
    endloop
  endfacet
  facet normal -4.786130e-002 -6.703725e-002 -0.000000e+000
    outer loop
      vertex   -1.093928e+002 1.372472e+002 3.500000e+000
      vertex   -1.093928e+002 1.372472e+002 5.000000e-001
      vertex   -1.091910e+002 1.371031e+002 5.000000e-001
    endloop
  endfacet
  facet normal -5.790832e-001 -8.110967e-001 0.000000e+000
    outer loop
      vertex   -1.093928e+002 1.372472e+002 3.500000e+000
      vertex   -1.091910e+002 1.371031e+002 5.000000e-001
      vertex   -1.091910e+002 1.371031e+002 3.500000e+000
    endloop
  endfacet
  facet normal -4.216377e-002 -7.076041e-002 -0.000000e+000
    outer loop
      vertex   -1.091910e+002 1.371031e+002 3.500000e+000
      vertex   -1.091910e+002 1.371031e+002 5.000000e-001
      vertex   -1.089780e+002 1.369762e+002 5.000000e-001
    endloop
  endfacet
  facet normal -5.101430e-001 -8.561363e-001 0.000000e+000
    outer loop
      vertex   -1.091910e+002 1.371031e+002 3.500000e+000
      vertex   -1.089780e+002 1.369762e+002 5.000000e-001
      vertex   -1.089780e+002 1.369762e+002 3.500000e+000
    endloop
  endfacet
  facet normal -3.617730e-002 -7.399949e-002 -0.000000e+000
    outer loop
      vertex   -1.089780e+002 1.369762e+002 3.500000e+000
      vertex   -1.089780e+002 1.369762e+002 5.000000e-001
      vertex   -1.087553e+002 1.368673e+002 5.000000e-001
    endloop
  endfacet
  facet normal -4.377154e-001 -8.953326e-001 0.000000e+000
    outer loop
      vertex   -1.089780e+002 1.369762e+002 3.500000e+000
      vertex   -1.087553e+002 1.368673e+002 5.000000e-001
      vertex   -1.087553e+002 1.368673e+002 3.500000e+000
    endloop
  endfacet
  facet normal -2.994246e-002 -7.673421e-002 -0.000000e+000
    outer loop
      vertex   -1.087553e+002 1.368673e+002 3.500000e+000
      vertex   -1.087553e+002 1.368673e+002 5.000000e-001
      vertex   -1.085243e+002 1.367772e+002 5.000000e-001
    endloop
  endfacet
  facet normal -3.622799e-001 -9.284226e-001 3.469447e-018
    outer loop
      vertex   -1.087553e+002 1.368673e+002 3.500000e+000
      vertex   -1.085243e+002 1.367772e+002 5.000000e-001
      vertex   -1.085243e+002 1.367772e+002 3.500000e+000
    endloop
  endfacet
  facet normal -2.349979e-002 -7.894430e-002 -0.000000e+000
    outer loop
      vertex   -1.085243e+002 1.367772e+002 3.500000e+000
      vertex   -1.085243e+002 1.367772e+002 5.000000e-001
      vertex   -1.082867e+002 1.367064e+002 5.000000e-001
    endloop
  endfacet
  facet normal -2.843339e-001 -9.551805e-001 -3.469447e-018
    outer loop
      vertex   -1.085243e+002 1.367772e+002 3.500000e+000
      vertex   -1.082867e+002 1.367064e+002 5.000000e-001
      vertex   -1.082867e+002 1.367064e+002 3.500000e+000
    endloop
  endfacet
  facet normal -1.690505e-002 -8.061704e-002 -0.000000e+000
    outer loop
      vertex   -1.082867e+002 1.367064e+002 3.500000e+000
      vertex   -1.082867e+002 1.367064e+002 5.000000e-001
      vertex   -1.080440e+002 1.366555e+002 5.000000e-001
    endloop
  endfacet
  facet normal -2.045345e-001 -9.753875e-001 0.000000e+000
    outer loop
      vertex   -1.082867e+002 1.367064e+002 3.500000e+000
      vertex   -1.080440e+002 1.366555e+002 5.000000e-001
      vertex   -1.080440e+002 1.366555e+002 3.500000e+000
    endloop
  endfacet
  facet normal -1.018865e-002 -8.173477e-002 -0.000000e+000
    outer loop
      vertex   -1.080440e+002 1.366555e+002 3.500000e+000
      vertex   -1.080440e+002 1.366555e+002 5.000000e-001
      vertex   -1.077979e+002 1.366249e+002 5.000000e-001
    endloop
  endfacet
  facet normal -1.232774e-001 -9.889481e-001 0.000000e+000
    outer loop
      vertex   -1.080440e+002 1.366555e+002 3.500000e+000
      vertex   -1.077979e+002 1.366249e+002 5.000000e-001
      vertex   -1.077979e+002 1.366249e+002 3.500000e+000
    endloop
  endfacet
  facet normal -3.401285e-003 -8.229994e-002 -0.000000e+000
    outer loop
      vertex   -1.077979e+002 1.366249e+002 3.500000e+000
      vertex   -1.077979e+002 1.366249e+002 5.000000e-001
      vertex   -1.075502e+002 1.366146e+002 5.000000e-001
    endloop
  endfacet
  facet normal -4.115234e-002 -9.957518e-001 0.000000e+000
    outer loop
      vertex   -1.077979e+002 1.366249e+002 3.500000e+000
      vertex   -1.075502e+002 1.366146e+002 5.000000e-001
      vertex   -1.075502e+002 1.366146e+002 3.500000e+000
    endloop
  endfacet
  facet normal 0.000000e+000 -1.000000e+000 0.000000e+000
    outer loop
      vertex   -1.075502e+002 1.366146e+002 5.000000e-001
      vertex   -5.155019e+001 1.366146e+002 5.000000e-001
      vertex   -1.075502e+002 1.366146e+002 3.500000e+000
    endloop
  endfacet
  facet normal 0.000000e+000 -5.349472e-002 0.000000e+000
    outer loop
      vertex   -1.075502e+002 1.366146e+002 3.500000e+000
      vertex   -5.155019e+001 1.366146e+002 5.000000e-001
      vertex   -5.155019e+001 1.366146e+002 3.500000e+000
    endloop
  endfacet
  facet normal 4.129330e-002 -9.991471e-001 0.000000e+000
    outer loop
      vertex   -5.155019e+001 1.366146e+002 5.000000e-001
      vertex   -5.130246e+001 1.366249e+002 5.000000e-001
      vertex   -5.155019e+001 1.366146e+002 3.500000e+000
    endloop
  endfacet
  facet normal 4.115298e-002 -9.957519e-001 0.000000e+000
    outer loop
      vertex   -5.155019e+001 1.366146e+002 3.500000e+000
      vertex   -5.130246e+001 1.366249e+002 5.000000e-001
      vertex   -5.130246e+001 1.366249e+002 3.500000e+000
    endloop
  endfacet
  facet normal 1.018865e-002 -8.173603e-002 0.000000e+000
    outer loop
      vertex   -5.130246e+001 1.366249e+002 3.500000e+000
      vertex   -5.130246e+001 1.366249e+002 5.000000e-001
      vertex   -5.105641e+001 1.366555e+002 5.000000e-001
    endloop
  endfacet
  facet normal 1.232755e-001 -9.889482e-001 0.000000e+000
    outer loop
      vertex   -5.130246e+001 1.366249e+002 3.500000e+000
      vertex   -5.105641e+001 1.366555e+002 5.000000e-001
      vertex   -5.105641e+001 1.366555e+002 3.500000e+000
    endloop
  endfacet
  facet normal 1.690505e-002 -8.061578e-002 0.000000e+000
    outer loop
      vertex   -5.105641e+001 1.366555e+002 3.500000e+000
      vertex   -5.105641e+001 1.366555e+002 5.000000e-001
      vertex   -5.081374e+001 1.367064e+002 5.000000e-001
    endloop
  endfacet
  facet normal 2.045376e-001 -9.753869e-001 -3.469447e-018
    outer loop
      vertex   -5.105641e+001 1.366555e+002 3.500000e+000
      vertex   -5.081374e+001 1.367064e+002 5.000000e-001
      vertex   -5.081374e+001 1.367064e+002 3.500000e+000
    endloop
  endfacet
  facet normal 2.349979e-002 -7.894555e-002 0.000000e+000
    outer loop
      vertex   -5.081374e+001 1.367064e+002 3.500000e+000
      vertex   -5.081374e+001 1.367064e+002 5.000000e-001
      vertex   -5.057610e+001 1.367772e+002 5.000000e-001
    endloop
  endfacet
  facet normal 2.843297e-001 -9.551817e-001 3.469447e-018
    outer loop
      vertex   -5.081374e+001 1.367064e+002 3.500000e+000
      vertex   -5.057610e+001 1.367772e+002 5.000000e-001
      vertex   -5.057610e+001 1.367772e+002 3.500000e+000
    endloop
  endfacet
  facet normal 2.994246e-002 -7.673421e-002 0.000000e+000
    outer loop
      vertex   -5.057610e+001 1.367772e+002 3.500000e+000
      vertex   -5.057610e+001 1.367772e+002 5.000000e-001
      vertex   -5.034511e+001 1.368673e+002 5.000000e-001
    endloop
  endfacet
  facet normal 3.622799e-001 -9.284226e-001 -3.469447e-018
    outer loop
      vertex   -5.057610e+001 1.367772e+002 3.500000e+000
      vertex   -5.034511e+001 1.368673e+002 5.000000e-001
      vertex   -5.034511e+001 1.368673e+002 3.500000e+000
    endloop
  endfacet
  facet normal 3.617730e-002 -7.399949e-002 0.000000e+000
    outer loop
      vertex   -5.034511e+001 1.368673e+002 3.500000e+000
      vertex   -5.034511e+001 1.368673e+002 5.000000e-001
      vertex   -5.012235e+001 1.369762e+002 5.000000e-001
    endloop
  endfacet
  facet normal 4.377154e-001 -8.953326e-001 0.000000e+000
    outer loop
      vertex   -5.034511e+001 1.368673e+002 3.500000e+000
      vertex   -5.012235e+001 1.369762e+002 5.000000e-001
      vertex   -5.012235e+001 1.369762e+002 3.500000e+000
    endloop
  endfacet
  facet normal 4.216377e-002 -7.075915e-002 0.000000e+000
    outer loop
      vertex   -5.012235e+001 1.369762e+002 3.500000e+000
      vertex   -5.012235e+001 1.369762e+002 5.000000e-001
      vertex   -4.990935e+001 1.371031e+002 5.000000e-001
    endloop
  endfacet
  facet normal 5.101498e-001 -8.561323e-001 0.000000e+000
    outer loop
      vertex   -5.012235e+001 1.369762e+002 3.500000e+000
      vertex   -4.990935e+001 1.371031e+002 5.000000e-001
      vertex   -4.990935e+001 1.371031e+002 3.500000e+000
    endloop
  endfacet
  facet normal 4.786131e-002 -6.703599e-002 0.000000e+000
    outer loop
      vertex   -4.990935e+001 1.371031e+002 3.500000e+000
      vertex   -4.990935e+001 1.371031e+002 5.000000e-001
      vertex   -4.970756e+001 1.372472e+002 5.000000e-001
    endloop
  endfacet
  facet normal 5.790905e-001 -8.110917e-001 0.000000e+000
    outer loop
      vertex   -4.990935e+001 1.371031e+002 3.500000e+000
      vertex   -4.970756e+001 1.372472e+002 5.000000e-001
      vertex   -4.970756e+001 1.372472e+002 3.500000e+000
    endloop
  endfacet
  facet normal 5.323442e-002 -6.285408e-002 0.000000e+000
    outer loop
      vertex   -4.970756e+001 1.372472e+002 3.500000e+000
      vertex   -4.970756e+001 1.372472e+002 5.000000e-001
      vertex   -4.951835e+001 1.374074e+002 5.000000e-001
    endloop
  endfacet
  facet normal 6.441012e-001 -7.604927e-001 0.000000e+000
    outer loop
      vertex   -4.970756e+001 1.372472e+002 3.500000e+000
      vertex   -4.951835e+001 1.374074e+002 5.000000e-001
      vertex   -4.951835e+001 1.374074e+002 3.500000e+000
    endloop
  endfacet
  facet normal 7.071298e-001 -7.070837e-001 0.000000e+000
    outer loop
      vertex   -4.951835e+001 1.374074e+002 3.500000e+000
      vertex   -4.951835e+001 1.374074e+002 5.000000e-001
      vertex   -4.934303e+001 1.375828e+002 3.500000e+000
    endloop
  endfacet
  facet normal 5.824763e-002 -5.824383e-002 0.000000e+000
    outer loop
      vertex   -4.934303e+001 1.375828e+002 3.500000e+000
      vertex   -4.951835e+001 1.374074e+002 5.000000e-001
      vertex   -4.934303e+001 1.375828e+002 5.000000e-001
    endloop
  endfacet
  facet normal 6.285534e-002 -5.323568e-002 0.000000e+000
    outer loop
      vertex   -4.934303e+001 1.375828e+002 3.500000e+000
      vertex   -4.934303e+001 1.375828e+002 5.000000e-001
      vertex   -4.918277e+001 1.377720e+002 5.000000e-001
    endloop
  endfacet
  facet normal 7.604914e-001 -6.441025e-001 0.000000e+000
    outer loop
      vertex   -4.934303e+001 1.375828e+002 3.500000e+000
      vertex   -4.918277e+001 1.377720e+002 5.000000e-001
      vertex   -4.918277e+001 1.377720e+002 3.500000e+000
    endloop
  endfacet
  facet normal 6.703220e-002 -4.786258e-002 0.000000e+000
    outer loop
      vertex   -4.918277e+001 1.377720e+002 3.500000e+000
      vertex   -4.918277e+001 1.377720e+002 5.000000e-001
      vertex   -4.903870e+001 1.379738e+002 5.000000e-001
    endloop
  endfacet
  facet normal 8.110690e-001 -5.791225e-001 0.000000e+000
    outer loop
      vertex   -4.918277e+001 1.377720e+002 3.500000e+000
      vertex   -4.903870e+001 1.379738e+002 5.000000e-001
      vertex   -4.903870e+001 1.379738e+002 3.500000e+000
    endloop
  endfacet
  facet normal 7.076293e-002 -4.216376e-002 0.000000e+000
    outer loop
      vertex   -4.903870e+001 1.379738e+002 3.500000e+000
      vertex   -4.903870e+001 1.379738e+002 5.000000e-001
      vertex   -4.891177e+001 1.381868e+002 5.000000e-001
    endloop
  endfacet
  facet normal 8.561441e-001 -5.101295e-001 0.000000e+000
    outer loop
      vertex   -4.903870e+001 1.379738e+002 3.500000e+000
      vertex   -4.891177e+001 1.381868e+002 5.000000e-001
      vertex   -4.891177e+001 1.381868e+002 3.500000e+000
    endloop
  endfacet
  facet normal 7.399698e-002 -3.617604e-002 0.000000e+000
    outer loop
      vertex   -4.891177e+001 1.381868e+002 3.500000e+000
      vertex   -4.891177e+001 1.381868e+002 5.000000e-001
      vertex   -4.880288e+001 1.384095e+002 5.000000e-001
    endloop
  endfacet
  facet normal 8.953329e-001 -4.377153e-001 0.000000e+000
    outer loop
      vertex   -4.891177e+001 1.381868e+002 3.500000e+000
      vertex   -4.880288e+001 1.384095e+002 5.000000e-001
      vertex   -4.880288e+001 1.384095e+002 3.500000e+000
    endloop
  endfacet
  facet normal 7.673422e-002 -2.994119e-002 0.000000e+000
    outer loop
      vertex   -4.880288e+001 1.384095e+002 3.500000e+000
      vertex   -4.880288e+001 1.384095e+002 5.000000e-001
      vertex   -4.871275e+001 1.386405e+002 5.000000e-001
    endloop
  endfacet
  facet normal 9.284279e-001 -3.622666e-001 -3.469447e-018
    outer loop
      vertex   -4.880288e+001 1.384095e+002 3.500000e+000
      vertex   -4.871275e+001 1.386405e+002 5.000000e-001
      vertex   -4.871275e+001 1.386405e+002 3.500000e+000
    endloop
  endfacet
  facet normal 7.894429e-002 -2.350359e-002 0.000000e+000
    outer loop
      vertex   -4.871275e+001 1.386405e+002 3.500000e+000
      vertex   -4.871275e+001 1.386405e+002 5.000000e-001
      vertex   -4.864199e+001 1.388782e+002 5.000000e-001
    endloop
  endfacet
  facet normal 9.551678e-001 -2.843762e-001 -3.469447e-018
    outer loop
      vertex   -4.871275e+001 1.386405e+002 3.500000e+000
      vertex   -4.864199e+001 1.388782e+002 5.000000e-001
      vertex   -4.864199e+001 1.388782e+002 3.500000e+000
    endloop
  endfacet
  facet normal 8.061704e-002 -1.690378e-002 0.000000e+000
    outer loop
      vertex   -4.864199e+001 1.388782e+002 3.500000e+000
      vertex   -4.864199e+001 1.388782e+002 5.000000e-001
      vertex   -4.859111e+001 1.391208e+002 5.000000e-001
    endloop
  endfacet
  facet normal 9.753906e-001 -2.045199e-001 0.000000e+000
    outer loop
      vertex   -4.864199e+001 1.388782e+002 3.500000e+000
      vertex   -4.859111e+001 1.391208e+002 5.000000e-001
      vertex   -4.859111e+001 1.391208e+002 3.500000e+000
    endloop
  endfacet
  facet normal 8.173729e-002 -1.018738e-002 0.000000e+000
    outer loop
      vertex   -4.859111e+001 1.391208e+002 3.500000e+000
      vertex   -4.859111e+001 1.391208e+002 5.000000e-001
      vertex   -4.856044e+001 1.393669e+002 5.000000e-001
    endloop
  endfacet
  facet normal 9.889503e-001 -1.232585e-001 0.000000e+000
    outer loop
      vertex   -4.859111e+001 1.391208e+002 3.500000e+000
      vertex   -4.856044e+001 1.393669e+002 5.000000e-001
      vertex   -4.856044e+001 1.393669e+002 3.500000e+000
    endloop
  endfacet
  facet normal 8.229994e-002 -3.405086e-003 0.000000e+000
    outer loop
      vertex   -4.856044e+001 1.393669e+002 3.500000e+000
      vertex   -4.856044e+001 1.393669e+002 5.000000e-001
      vertex   -4.855019e+001 1.396146e+002 5.000000e-001
    endloop
  endfacet
  facet normal 9.957499e-001 -4.119826e-002 -4.336809e-019
    outer loop
      vertex   -4.856044e+001 1.393669e+002 3.500000e+000
      vertex   -4.855019e+001 1.396146e+002 5.000000e-001
      vertex   -4.855019e+001 1.396146e+002 3.500000e+000
    endloop
  endfacet
  facet normal 1.000000e+000 -0.000000e+000 0.000000e+000
    outer loop
      vertex   -4.855019e+001 1.396146e+002 3.500000e+000
      vertex   -4.855019e+001 1.396146e+002 5.000000e-001
      vertex   -4.855019e+001 1.421146e+002 3.500000e+000
    endloop
  endfacet
  facet normal 9.958932e-001 0.000000e+000 0.000000e+000
    outer loop
      vertex   -4.855019e+001 1.421146e+002 3.500000e+000
      vertex   -4.855019e+001 1.396146e+002 5.000000e-001
      vertex   -4.855019e+001 1.451146e+002 5.000000e-001
    endloop
  endfacet
  facet normal 7.345495e-001 -0.000000e+000 0.000000e+000
    outer loop
      vertex   -4.855019e+001 1.421146e+002 3.500000e+000
      vertex   -4.855019e+001 1.451146e+002 5.000000e-001
      vertex   -4.855019e+001 1.423916e+002 3.510973e+000
    endloop
  endfacet
  facet normal 8.159555e-001 -0.000000e+000 0.000000e+000
    outer loop
      vertex   -4.855019e+001 1.423916e+002 3.510973e+000
      vertex   -4.855019e+001 1.451146e+002 5.000000e-001
      vertex   -4.855019e+001 1.426667e+002 3.543825e+000
    endloop
  endfacet
  facet normal 8.873233e-001 -0.000000e+000 0.000000e+000
    outer loop
      vertex   -4.855019e+001 1.426667e+002 3.543825e+000
      vertex   -4.855019e+001 1.451146e+002 5.000000e-001
      vertex   -4.855019e+001 1.429385e+002 3.598349e+000
    endloop
  endfacet
  facet normal 9.443852e-001 -0.000000e+000 0.000000e+000
    outer loop
      vertex   -4.855019e+001 1.429385e+002 3.598349e+000
      vertex   -4.855019e+001 1.451146e+002 5.000000e-001
      vertex   -4.855019e+001 1.432051e+002 3.674202e+000
    endloop
  endfacet
  facet normal 9.829078e-001 -0.000000e+000 0.000000e+000
    outer loop
      vertex   -4.855019e+001 1.432051e+002 3.674202e+000
      vertex   -4.855019e+001 1.451146e+002 5.000000e-001
      vertex   -4.855019e+001 1.434648e+002 3.770911e+000
    endloop
  endfacet
  facet normal 9.995035e-001 -0.000000e+000 0.000000e+000
    outer loop
      vertex   -4.855019e+001 1.434648e+002 3.770911e+000
      vertex   -4.855019e+001 1.451146e+002 5.000000e-001
      vertex   -4.855019e+001 1.437161e+002 3.887867e+000
    endloop
  endfacet
  facet normal 9.924030e-001 -0.000000e+000 0.000000e+000
    outer loop
      vertex   -4.855019e+001 1.437161e+002 3.887867e+000
      vertex   -4.855019e+001 1.451146e+002 5.000000e-001
      vertex   -4.855019e+001 1.439573e+002 4.024338e+000
    endloop
  endfacet
  facet normal 9.619462e-001 -0.000000e+000 0.000000e+000
    outer loop
      vertex   -4.855019e+001 1.439573e+002 4.024338e+000
      vertex   -4.855019e+001 1.451146e+002 5.000000e-001
      vertex   -4.855019e+001 1.441870e+002 4.179469e+000
    endloop
  endfacet
  facet normal 9.105033e-001 -0.000000e+000 0.000000e+000
    outer loop
      vertex   -4.855019e+001 1.441870e+002 4.179469e+000
      vertex   -4.855019e+001 1.451146e+002 5.000000e-001
      vertex   -4.855019e+001 1.444036e+002 4.352285e+000
    endloop
  endfacet
  facet normal 8.419126e-001 -0.000000e+000 0.000000e+000
    outer loop
      vertex   -4.855019e+001 1.444036e+002 4.352285e+000
      vertex   -4.855019e+001 1.451146e+002 5.000000e-001
      vertex   -4.855019e+001 1.446060e+002 4.541704e+000
    endloop
  endfacet
  facet normal 7.606604e-001 -0.000000e+000 0.000000e+000
    outer loop
      vertex   -4.855019e+001 1.446060e+002 4.541704e+000
      vertex   -4.855019e+001 1.451146e+002 5.000000e-001
      vertex   -4.855019e+001 1.447927e+002 4.746538e+000
    endloop
  endfacet
  facet normal 6.710163e-001 -0.000000e+000 0.000000e+000
    outer loop
      vertex   -4.855019e+001 1.447927e+002 4.746538e+000
      vertex   -4.855019e+001 1.451146e+002 5.000000e-001
      vertex   -4.855019e+001 1.449626e+002 4.965503e+000
    endloop
  endfacet
  facet normal 5.767574e-001 -0.000000e+000 0.000000e+000
    outer loop
      vertex   -4.855019e+001 1.449626e+002 4.965503e+000
      vertex   -4.855019e+001 1.451146e+002 5.000000e-001
      vertex   -4.855019e+001 1.451146e+002 5.197224e+000
    endloop
  endfacet
  facet normal -4.132811e-002 -3.584965e-002 1.483822e-003
    outer loop
      vertex   -1.100502e+002 1.451146e+002 7.000000e+000
      vertex   -1.100579e+002 1.451146e+002 6.784315e+000
      vertex   -1.100502e+002 1.451044e+002 6.752262e+000
    endloop
  endfacet
  facet normal -3.435640e-001 -3.744357e-001 3.678051e-002
    outer loop
      vertex   -1.100502e+002 1.451044e+002 6.752262e+000
      vertex   -1.100579e+002 1.451146e+002 6.784315e+000
      vertex   -1.100810e+002 1.451146e+002 6.569164e+000
    endloop
  endfacet
  facet normal -1.765180e-001 -1.642416e-001 2.047306e-002
    outer loop
      vertex   -1.100502e+002 1.451044e+002 6.752262e+000
      vertex   -1.100810e+002 1.451146e+002 6.569164e+000
      vertex   -1.100502e+002 1.450737e+002 6.506216e+000
    endloop
  endfacet
  facet normal -6.303434e-001 -6.453984e-001 1.113973e-001
    outer loop
      vertex   -1.100502e+002 1.450737e+002 6.506216e+000
      vertex   -1.100810e+002 1.451146e+002 6.569164e+000
      vertex   -1.101192e+002 1.451146e+002 6.352921e+000
    endloop
  endfacet
  facet normal -4.133420e-001 -3.902775e-001 8.184063e-002
    outer loop
      vertex   -1.100502e+002 1.450737e+002 6.506216e+000
      vertex   -1.101192e+002 1.451146e+002 6.352921e+000
      vertex   -1.100502e+002 1.450228e+002 6.263544e+000
    endloop
  endfacet
  facet normal -6.887462e-001 -6.814094e-001 1.683124e-001
    outer loop
      vertex   -1.100502e+002 1.450228e+002 6.263544e+000
      vertex   -1.101192e+002 1.451146e+002 6.352921e+000
      vertex   -1.101727e+002 1.451146e+002 6.133975e+000
    endloop
  endfacet
  facet normal -6.230761e-001 -5.854000e-001 1.742582e-001
    outer loop
      vertex   -1.100502e+002 1.450228e+002 6.263544e+000
      vertex   -1.101727e+002 1.451146e+002 6.133975e+000
      vertex   -1.100502e+002 1.449521e+002 6.025902e+000
    endloop
  endfacet
  facet normal -5.697085e-001 -5.466228e-001 1.764244e-001
    outer loop
      vertex   -1.100502e+002 1.449521e+002 6.025902e+000
      vertex   -1.101727e+002 1.451146e+002 6.133975e+000
      vertex   -1.102418e+002 1.451146e+002 5.910691e+000
    endloop
  endfacet
  facet normal -6.992712e-001 -6.458074e-001 2.520000e-001
    outer loop
      vertex   -1.100502e+002 1.449521e+002 6.025902e+000
      vertex   -1.102418e+002 1.451146e+002 5.910691e+000
      vertex   -1.100502e+002 1.448619e+002 5.794914e+000
    endloop
  endfacet
  facet normal -4.381138e-001 -4.070015e-001 1.630893e-001
    outer loop
      vertex   -1.100502e+002 1.448619e+002 5.794914e+000
      vertex   -1.102418e+002 1.451146e+002 5.910691e+000
      vertex   -1.103272e+002 1.451146e+002 5.681371e+000
    endloop
  endfacet
  facet normal -2.659658e-001 -2.399579e-001 1.148531e-001
    outer loop
      vertex   -1.100502e+002 1.448619e+002 5.794914e+000
      vertex   -1.103272e+002 1.451146e+002 5.681371e+000
      vertex   -1.104296e+002 1.451146e+002 5.444203e+000
    endloop
  endfacet
  facet normal -6.624981e-001 -5.926507e-001 2.897379e-001
    outer loop
      vertex   -1.100502e+002 1.448619e+002 5.794914e+000
      vertex   -1.104296e+002 1.451146e+002 5.444203e+000
      vertex   -1.100502e+002 1.447530e+002 5.572158e+000
    endloop
  endfacet
  facet normal -2.292526e-001 -2.009566e-001 1.119208e-001
    outer loop
      vertex   -1.100502e+002 1.447530e+002 5.572158e+000
      vertex   -1.104296e+002 1.451146e+002 5.444203e+000
      vertex   -1.105502e+002 1.451146e+002 5.197224e+000
    endloop
  endfacet
  facet normal -6.960233e-001 -5.948907e-001 3.544802e-001
    outer loop
      vertex   -1.100502e+002 1.447530e+002 5.572158e+000
      vertex   -1.105502e+002 1.451146e+002 5.197224e+000
      vertex   -1.100502e+002 1.446261e+002 5.359156e+000
    endloop
  endfacet
  facet normal -2.668293e-001 -2.243136e-001 1.471929e-001
    outer loop
      vertex   -1.100502e+002 1.446261e+002 5.359156e+000
      vertex   -1.105502e+002 1.451146e+002 5.197224e+000
      vertex   -1.105502e+002 1.449626e+002 4.965503e+000
    endloop
  endfacet
  facet normal -6.981653e-001 -5.653065e-001 4.036087e-001
    outer loop
      vertex   -1.100502e+002 1.446261e+002 5.359156e+000
      vertex   -1.105502e+002 1.449626e+002 4.965503e+000
      vertex   -1.100502e+002 1.444820e+002 5.157362e+000
    endloop
  endfacet
  facet normal -2.668344e-001 -2.119739e-001 1.644822e-001
    outer loop
      vertex   -1.100502e+002 1.444820e+002 5.157362e+000
      vertex   -1.105502e+002 1.449626e+002 4.965503e+000
      vertex   -1.105502e+002 1.447927e+002 4.746538e+000
    endloop
  endfacet
  facet normal -7.001021e-001 -5.315329e-001 4.501798e-001
    outer loop
      vertex   -1.100502e+002 1.444820e+002 5.157362e+000
      vertex   -1.105502e+002 1.447927e+002 4.746538e+000
      vertex   -1.100502e+002 1.443218e+002 4.968155e+000
    endloop
  endfacet
  facet normal -2.667434e-001 -1.982115e-001 1.806702e-001
    outer loop
      vertex   -1.100502e+002 1.443218e+002 4.968155e+000
      vertex   -1.105502e+002 1.447927e+002 4.746538e+000
      vertex   -1.105502e+002 1.446060e+002 4.541704e+000
    endloop
  endfacet
  facet normal -7.018192e-001 -4.938172e-001 4.938064e-001
    outer loop
      vertex   -1.100502e+002 1.443218e+002 4.968155e+000
      vertex   -1.105502e+002 1.446060e+002 4.541704e+000
      vertex   -1.100502e+002 1.441465e+002 4.792828e+000
    endloop
  endfacet
  facet normal -2.665385e-001 -1.831349e-001 1.956045e-001
    outer loop
      vertex   -1.100502e+002 1.441465e+002 4.792828e+000
      vertex   -1.105502e+002 1.446060e+002 4.541704e+000
      vertex   -1.105502e+002 1.444036e+002 4.352285e+000
    endloop
  endfacet
  facet normal -7.033265e-001 -4.524011e-001 5.341560e-001
    outer loop
      vertex   -1.100502e+002 1.441465e+002 4.792828e+000
      vertex   -1.105502e+002 1.444036e+002 4.352285e+000
      vertex   -1.100502e+002 1.439573e+002 4.632578e+000
    endloop
  endfacet
  facet normal -2.662428e-001 -1.668591e-001 2.092052e-001
    outer loop
      vertex   -1.100502e+002 1.439573e+002 4.632578e+000
      vertex   -1.105502e+002 1.444036e+002 4.352285e+000
      vertex   -1.105502e+002 1.441870e+002 4.179469e+000
    endloop
  endfacet
  facet normal -7.046093e-001 -4.076005e-001 5.708913e-001
    outer loop
      vertex   -1.100502e+002 1.439573e+002 4.632578e+000
      vertex   -1.105502e+002 1.441870e+002 4.179469e+000
      vertex   -1.100502e+002 1.437555e+002 4.488501e+000
    endloop
  endfacet
  facet normal -2.658465e-001 -1.495141e-001 2.213603e-001
    outer loop
      vertex   -1.100502e+002 1.437555e+002 4.488501e+000
      vertex   -1.105502e+002 1.441870e+002 4.179469e+000
      vertex   -1.105502e+002 1.439573e+002 4.024338e+000
    endloop
  endfacet
  facet normal -7.056612e-001 -3.597463e-001 6.037192e-001
    outer loop
      vertex   -1.100502e+002 1.437555e+002 4.488501e+000
      vertex   -1.105502e+002 1.439573e+002 4.024338e+000
      vertex   -1.100502e+002 1.435425e+002 4.361579e+000
    endloop
  endfacet
  facet normal -2.653438e-001 -1.312372e-001 2.319749e-001
    outer loop
      vertex   -1.100502e+002 1.435425e+002 4.361579e+000
      vertex   -1.105502e+002 1.439573e+002 4.024338e+000
      vertex   -1.105502e+002 1.437161e+002 3.887867e+000
    endloop
  endfacet
  facet normal -7.064852e-001 -3.091515e-001 6.323976e-001
    outer loop
      vertex   -1.100502e+002 1.435425e+002 4.361579e+000
      vertex   -1.105502e+002 1.437161e+002 3.887867e+000
      vertex   -1.100502e+002 1.433197e+002 4.252680e+000
    endloop
  endfacet
  facet normal -2.647433e-001 -1.121682e-001 2.409796e-001
    outer loop
      vertex   -1.100502e+002 1.433197e+002 4.252680e+000
      vertex   -1.105502e+002 1.437161e+002 3.887867e+000
      vertex   -1.105502e+002 1.434648e+002 3.770911e+000
    endloop
  endfacet
  facet normal -7.070795e-001 -2.562324e-001 6.566662e-001
    outer loop
      vertex   -1.100502e+002 1.433197e+002 4.252680e+000
      vertex   -1.105502e+002 1.434648e+002 3.770911e+000
      vertex   -1.100502e+002 1.430887e+002 4.162548e+000
    endloop
  endfacet
  facet normal -2.640486e-001 -9.245875e-002 2.483218e-001
    outer loop
      vertex   -1.100502e+002 1.430887e+002 4.162548e+000
      vertex   -1.105502e+002 1.434648e+002 3.770911e+000
      vertex   -1.105502e+002 1.432051e+002 3.674202e+000
    endloop
  endfacet
  facet normal -7.074371e-001 -2.013577e-001 6.763467e-001
    outer loop
      vertex   -1.100502e+002 1.430887e+002 4.162548e+000
      vertex   -1.105502e+002 1.432051e+002 3.674202e+000
      vertex   -1.100502e+002 1.428511e+002 4.091799e+000
    endloop
  endfacet
  facet normal -2.632554e-001 -7.226185e-002 2.539479e-001
    outer loop
      vertex   -1.100502e+002 1.428511e+002 4.091799e+000
      vertex   -1.105502e+002 1.432051e+002 3.674202e+000
      vertex   -1.105502e+002 1.429385e+002 3.598349e+000
    endloop
  endfacet
  facet normal -7.075596e-001 -1.449434e-001 6.912732e-001
    outer loop
      vertex   -1.100502e+002 1.428511e+002 4.091799e+000
      vertex   -1.105502e+002 1.429385e+002 3.598349e+000
      vertex   -1.100502e+002 1.426084e+002 4.040916e+000
    endloop
  endfacet
  facet normal -2.623751e-001 -5.173358e-002 2.578379e-001
    outer loop
      vertex   -1.100502e+002 1.426084e+002 4.040916e+000
      vertex   -1.105502e+002 1.429385e+002 3.598349e+000
      vertex   -1.105502e+002 1.426667e+002 3.543825e+000
    endloop
  endfacet
  facet normal -7.074447e-001 -8.741805e-002 7.013233e-001
    outer loop
      vertex   -1.100502e+002 1.426084e+002 4.040916e+000
      vertex   -1.105502e+002 1.426667e+002 3.543825e+000
      vertex   -1.100502e+002 1.423624e+002 4.010247e+000
    endloop
  endfacet
  facet normal -2.613860e-001 -3.103203e-002 2.599512e-001
    outer loop
      vertex   -1.100502e+002 1.423624e+002 4.010247e+000
      vertex   -1.105502e+002 1.426667e+002 3.543825e+000
      vertex   -1.105502e+002 1.423916e+002 3.510973e+000
    endloop
  endfacet
  facet normal -7.070931e-001 -2.921949e-002 7.064131e-001
    outer loop
      vertex   -1.100502e+002 1.423624e+002 4.010247e+000
      vertex   -1.105502e+002 1.423916e+002 3.510973e+000
      vertex   -1.100502e+002 1.421146e+002 4.000000e+000
    endloop
  endfacet
  facet normal -2.603225e-001 -1.031531e-002 2.603225e-001
    outer loop
      vertex   -1.100502e+002 1.421146e+002 4.000000e+000
      vertex   -1.105502e+002 1.423916e+002 3.510973e+000
      vertex   -1.105502e+002 1.421146e+002 3.500000e+000
    endloop
  endfacet
  facet normal -7.071068e-001 0.000000e+000 7.071068e-001
    outer loop
      vertex   -1.100502e+002 1.421146e+002 4.000000e+000
      vertex   -1.105502e+002 1.421146e+002 3.500000e+000
      vertex   -1.100502e+002 1.396146e+002 4.000000e+000
    endloop
  endfacet
  facet normal -6.804138e-001 0.000000e+000 6.804138e-001
    outer loop
      vertex   -1.100502e+002 1.396146e+002 4.000000e+000
      vertex   -1.105502e+002 1.421146e+002 3.500000e+000
      vertex   -1.105502e+002 1.396146e+002 3.500000e+000
    endloop
  endfacet
  facet normal -7.065028e-001 -2.922004e-002 7.065028e-001
    outer loop
      vertex   -1.105502e+002 1.396146e+002 3.500000e+000
      vertex   -1.105399e+002 1.393669e+002 3.500000e+000
      vertex   -1.100502e+002 1.396146e+002 4.000000e+000
    endloop
  endfacet
  facet normal -6.727257e-001 -3.110433e-002 6.743515e-001
    outer loop
      vertex   -1.100502e+002 1.396146e+002 4.000000e+000
      vertex   -1.105399e+002 1.393669e+002 3.500000e+000
      vertex   -1.100395e+002 1.393839e+002 4.000000e+000
    endloop
  endfacet
  facet normal -2.366158e-001 -2.949443e-002 2.378207e-001
    outer loop
      vertex   -1.100395e+002 1.393839e+002 4.000000e+000
      vertex   -1.105399e+002 1.393669e+002 3.500000e+000
      vertex   -1.105093e+002 1.391208e+002 3.500000e+000
    endloop
  endfacet
  facet normal -6.739591e-001 -9.400263e-002 6.826493e-001
    outer loop
      vertex   -1.100395e+002 1.393839e+002 4.000000e+000
      vertex   -1.105093e+002 1.391208e+002 3.500000e+000
      vertex   -1.100076e+002 1.391552e+002 4.000000e+000
    endloop
  endfacet
  facet normal -2.350495e-001 -4.928148e-002 2.392157e-001
    outer loop
      vertex   -1.100076e+002 1.391552e+002 4.000000e+000
      vertex   -1.105093e+002 1.391208e+002 3.500000e+000
      vertex   -1.104584e+002 1.388782e+002 3.500000e+000
    endloop
  endfacet
  facet normal -6.685777e-001 -1.572617e-001 6.898957e-001
    outer loop
      vertex   -1.100076e+002 1.391552e+002 4.000000e+000
      vertex   -1.104584e+002 1.388782e+002 3.500000e+000
      vertex   -1.099548e+002 1.389305e+002 4.000000e+000
    endloop
  endfacet
  facet normal -2.312255e-001 -6.883763e-002 2.401099e-001
    outer loop
      vertex   -1.099548e+002 1.389305e+002 4.000000e+000
      vertex   -1.104584e+002 1.388782e+002 3.500000e+000
      vertex   -1.103876e+002 1.386405e+002 3.500000e+000
    endloop
  endfacet
  facet normal -6.565112e-001 -2.200266e-001 6.959890e-001
    outer loop
      vertex   -1.099548e+002 1.389305e+002 4.000000e+000
      vertex   -1.103876e+002 1.386405e+002 3.500000e+000
      vertex   -1.098814e+002 1.387115e+002 4.000000e+000
    endloop
  endfacet
  facet normal -2.251969e-001 -8.787410e-002 2.404995e-001
    outer loop
      vertex   -1.098814e+002 1.387115e+002 4.000000e+000
      vertex   -1.103876e+002 1.386405e+002 3.500000e+000
      vertex   -1.102975e+002 1.384095e+002 3.500000e+000
    endloop
  endfacet
  facet normal -6.377547e-001 -2.816090e-001 7.008719e-001
    outer loop
      vertex   -1.098814e+002 1.387115e+002 4.000000e+000
      vertex   -1.102975e+002 1.384095e+002 3.500000e+000
      vertex   -1.097881e+002 1.385003e+002 4.000000e+000
    endloop
  endfacet
  facet normal -2.170216e-001 -1.061024e-001 2.403643e-001
    outer loop
      vertex   -1.097881e+002 1.385003e+002 4.000000e+000
      vertex   -1.102975e+002 1.384095e+002 3.500000e+000
      vertex   -1.101886e+002 1.381868e+002 3.500000e+000
    endloop
  endfacet
  facet normal -6.124476e-001 -3.411288e-001 7.044682e-001
    outer loop
      vertex   -1.097881e+002 1.385003e+002 4.000000e+000
      vertex   -1.101886e+002 1.381868e+002 3.500000e+000
      vertex   -1.096757e+002 1.382985e+002 4.000000e+000
    endloop
  endfacet
  facet normal -2.068579e-001 -1.232553e-001 2.397348e-001
    outer loop
      vertex   -1.096757e+002 1.382985e+002 4.000000e+000
      vertex   -1.101886e+002 1.381868e+002 3.500000e+000
      vertex   -1.100617e+002 1.379738e+002 3.500000e+000
    endloop
  endfacet
  facet normal -5.807997e-001 -3.978373e-001 7.067357e-001
    outer loop
      vertex   -1.096757e+002 1.382985e+002 4.000000e+000
      vertex   -1.100617e+002 1.379738e+002 3.500000e+000
      vertex   -1.095452e+002 1.381080e+002 4.000000e+000
    endloop
  endfacet
  facet normal -1.948072e-001 -1.390933e-001 2.385659e-001
    outer loop
      vertex   -1.095452e+002 1.381080e+002 4.000000e+000
      vertex   -1.100617e+002 1.379738e+002 3.500000e+000
      vertex   -1.099176e+002 1.377720e+002 3.500000e+000
    endloop
  endfacet
  facet normal -5.431439e-001 -4.510105e-001 7.076260e-001
    outer loop
      vertex   -1.095452e+002 1.381080e+002 4.000000e+000
      vertex   -1.099176e+002 1.377720e+002 3.500000e+000
      vertex   -1.093977e+002 1.379304e+002 4.000000e+000
    endloop
  endfacet
  facet normal -1.811354e-001 -1.534100e-001 2.369398e-001
    outer loop
      vertex   -1.093977e+002 1.379304e+002 4.000000e+000
      vertex   -1.099176e+002 1.377720e+002 3.500000e+000
      vertex   -1.097574e+002 1.375828e+002 3.500000e+000
    endloop
  endfacet
  facet normal -1.660323e-001 -1.660250e-001 2.348459e-001
    outer loop
      vertex   -1.093977e+002 1.379304e+002 4.000000e+000
      vertex   -1.097574e+002 1.375828e+002 3.500000e+000
      vertex   -1.095820e+002 1.374074e+002 3.500000e+000
    endloop
  endfacet
  facet normal -4.735421e-001 -4.735421e-001 6.698276e-001
    outer loop
      vertex   -1.093977e+002 1.379304e+002 4.000000e+000
      vertex   -1.095820e+002 1.374074e+002 3.500000e+000
      vertex   -1.092344e+002 1.377671e+002 4.000000e+000
    endloop
  endfacet
  facet normal -1.534085e-001 -1.811264e-001 2.369345e-001
    outer loop
      vertex   -1.092344e+002 1.377671e+002 4.000000e+000
      vertex   -1.095820e+002 1.374074e+002 3.500000e+000
      vertex   -1.093928e+002 1.372472e+002 3.500000e+000
    endloop
  endfacet
  facet normal -4.325077e-001 -5.208929e-001 6.786414e-001
    outer loop
      vertex   -1.092344e+002 1.377671e+002 4.000000e+000
      vertex   -1.093928e+002 1.372472e+002 3.500000e+000
      vertex   -1.090568e+002 1.376196e+002 4.000000e+000
    endloop
  endfacet
  facet normal -1.390892e-001 -1.948163e-001 2.385780e-001
    outer loop
      vertex   -1.090568e+002 1.376196e+002 4.000000e+000
      vertex   -1.093928e+002 1.372472e+002 3.500000e+000
      vertex   -1.091910e+002 1.371031e+002 3.500000e+000
    endloop
  endfacet
  facet normal -3.864239e-001 -5.640713e-001 6.864036e-001
    outer loop
      vertex   -1.090568e+002 1.376196e+002 4.000000e+000
      vertex   -1.091910e+002 1.371031e+002 3.500000e+000
      vertex   -1.088663e+002 1.374891e+002 4.000000e+000
    endloop
  endfacet
  facet normal -1.232559e-001 -2.068515e-001 2.397284e-001
    outer loop
      vertex   -1.088663e+002 1.374891e+002 4.000000e+000
      vertex   -1.091910e+002 1.371031e+002 3.500000e+000
      vertex   -1.089780e+002 1.369762e+002 3.500000e+000
    endloop
  endfacet
  facet normal -3.356168e-001 -6.025516e-001 6.930854e-001
    outer loop
      vertex   -1.088663e+002 1.374891e+002 4.000000e+000
      vertex   -1.089780e+002 1.369762e+002 3.500000e+000
      vertex   -1.086645e+002 1.373767e+002 4.000000e+000
    endloop
  endfacet
  facet normal -1.061026e-001 -2.170293e-001 2.403706e-001
    outer loop
      vertex   -1.086645e+002 1.373767e+002 4.000000e+000
      vertex   -1.089780e+002 1.369762e+002 3.500000e+000
      vertex   -1.087553e+002 1.368673e+002 3.500000e+000
    endloop
  endfacet
  facet normal -2.806910e-001 -6.356758e-001 6.985829e-001
    outer loop
      vertex   -1.086645e+002 1.373767e+002 4.000000e+000
      vertex   -1.087553e+002 1.368673e+002 3.500000e+000
      vertex   -1.084533e+002 1.372834e+002 4.000000e+000
    endloop
  endfacet
  facet normal -8.787458e-002 -2.251981e-001 2.404995e-001
    outer loop
      vertex   -1.084533e+002 1.372834e+002 4.000000e+000
      vertex   -1.087553e+002 1.368673e+002 3.500000e+000
      vertex   -1.085243e+002 1.367772e+002 3.500000e+000
    endloop
  endfacet
  facet normal -2.221920e-001 -6.629722e-001 7.028352e-001
    outer loop
      vertex   -1.084533e+002 1.372834e+002 4.000000e+000
      vertex   -1.085243e+002 1.367772e+002 3.500000e+000
      vertex   -1.082344e+002 1.372101e+002 4.000000e+000
    endloop
  endfacet
  facet normal -6.883107e-002 -2.312284e-001 2.401076e-001
    outer loop
      vertex   -1.082344e+002 1.372101e+002 4.000000e+000
      vertex   -1.085243e+002 1.367772e+002 3.500000e+000
      vertex   -1.082867e+002 1.367064e+002 3.500000e+000
    endloop
  endfacet
  facet normal -1.608774e-001 -6.839728e-001 7.057683e-001
    outer loop
      vertex   -1.082344e+002 1.372101e+002 4.000000e+000
      vertex   -1.082867e+002 1.367064e+002 3.500000e+000
      vertex   -1.080096e+002 1.371572e+002 4.000000e+000
    endloop
  endfacet
  facet normal -4.928919e-002 -2.350511e-001 2.392177e-001
    outer loop
      vertex   -1.080096e+002 1.371572e+002 4.000000e+000
      vertex   -1.082867e+002 1.367064e+002 3.500000e+000
      vertex   -1.080440e+002 1.366555e+002 3.500000e+000
    endloop
  endfacet
  facet normal -9.738188e-002 -6.983539e-001 7.073571e-001
    outer loop
      vertex   -1.080096e+002 1.371572e+002 4.000000e+000
      vertex   -1.080440e+002 1.366555e+002 3.500000e+000
      vertex   -1.077809e+002 1.371253e+002 4.000000e+000
    endloop
  endfacet
  facet normal -2.949400e-002 -2.366050e-001 2.378139e-001
    outer loop
      vertex   -1.077809e+002 1.371253e+002 4.000000e+000
      vertex   -1.080440e+002 1.366555e+002 3.500000e+000
      vertex   -1.077979e+002 1.366249e+002 3.500000e+000
    endloop
  endfacet
  facet normal -3.263672e-002 -7.058450e-001 7.075621e-001
    outer loop
      vertex   -1.077809e+002 1.371253e+002 4.000000e+000
      vertex   -1.077979e+002 1.366249e+002 3.500000e+000
      vertex   -1.075502e+002 1.371146e+002 4.000000e+000
    endloop
  endfacet
  facet normal -9.751162e-003 -2.359462e-001 2.359462e-001
    outer loop
      vertex   -1.075502e+002 1.371146e+002 4.000000e+000
      vertex   -1.077979e+002 1.366249e+002 3.500000e+000
      vertex   -1.075502e+002 1.366146e+002 3.500000e+000
    endloop
  endfacet
  facet normal 0.000000e+000 -7.071068e-001 7.071068e-001
    outer loop
      vertex   -5.155019e+001 1.371146e+002 4.000000e+000
      vertex   -1.075502e+002 1.371146e+002 4.000000e+000
      vertex   -5.155019e+001 1.366146e+002 3.500000e+000
    endloop
  endfacet
  facet normal 0.000000e+000 -8.927859e-003 8.927859e-003
    outer loop
      vertex   -5.155019e+001 1.366146e+002 3.500000e+000
      vertex   -1.075502e+002 1.371146e+002 4.000000e+000
      vertex   -1.075502e+002 1.366146e+002 3.500000e+000
    endloop
  endfacet
  facet normal 2.919877e-002 -7.065037e-001 7.065037e-001
    outer loop
      vertex   -5.155019e+001 1.366146e+002 3.500000e+000
      vertex   -5.130246e+001 1.366249e+002 3.500000e+000
      vertex   -5.155019e+001 1.371146e+002 4.000000e+000
    endloop
  endfacet
  facet normal 3.110571e-002 -6.727222e-001 6.743588e-001
    outer loop
      vertex   -5.155019e+001 1.371146e+002 4.000000e+000
      vertex   -5.130246e+001 1.366249e+002 3.500000e+000
      vertex   -5.131952e+001 1.371253e+002 4.000000e+000
    endloop
  endfacet
  facet normal 2.949395e-002 -2.366082e-001 2.378171e-001
    outer loop
      vertex   -5.131952e+001 1.371253e+002 4.000000e+000
      vertex   -5.130246e+001 1.366249e+002 3.500000e+000
      vertex   -5.105641e+001 1.366555e+002 3.500000e+000
    endloop
  endfacet
  facet normal 9.397824e-002 -6.739566e-001 6.826452e-001
    outer loop
      vertex   -5.131952e+001 1.371253e+002 4.000000e+000
      vertex   -5.105641e+001 1.366555e+002 3.500000e+000
      vertex   -5.109082e+001 1.371572e+002 4.000000e+000
    endloop
  endfacet
  facet normal 4.928929e-002 -2.350478e-001 2.392145e-001
    outer loop
      vertex   -5.109082e+001 1.371572e+002 4.000000e+000
      vertex   -5.105641e+001 1.366555e+002 3.500000e+000
      vertex   -5.081374e+001 1.367064e+002 3.500000e+000
    endloop
  endfacet
  facet normal 1.572605e-001 -6.685840e-001 6.898893e-001
    outer loop
      vertex   -5.109082e+001 1.371572e+002 4.000000e+000
      vertex   -5.081374e+001 1.367064e+002 3.500000e+000
      vertex   -5.086604e+001 1.372101e+002 4.000000e+000
    endloop
  endfacet
  facet normal 6.883092e-002 -2.312317e-001 2.401108e-001
    outer loop
      vertex   -5.086604e+001 1.372101e+002 4.000000e+000
      vertex   -5.081374e+001 1.367064e+002 3.500000e+000
      vertex   -5.057610e+001 1.367772e+002 3.500000e+000
    endloop
  endfacet
  facet normal 2.200271e-001 -6.565126e-001 6.959888e-001
    outer loop
      vertex   -5.086604e+001 1.372101e+002 4.000000e+000
      vertex   -5.057610e+001 1.367772e+002 3.500000e+000
      vertex   -5.064709e+001 1.372834e+002 4.000000e+000
    endloop
  endfacet
  facet normal 8.787435e-002 -2.251975e-001 2.404995e-001
    outer loop
      vertex   -5.064709e+001 1.372834e+002 4.000000e+000
      vertex   -5.057610e+001 1.367772e+002 3.500000e+000
      vertex   -5.034511e+001 1.368673e+002 3.500000e+000
    endloop
  endfacet
  facet normal 2.816096e-001 -6.377562e-001 7.008713e-001
    outer loop
      vertex   -5.064709e+001 1.372834e+002 4.000000e+000
      vertex   -5.034511e+001 1.368673e+002 3.500000e+000
      vertex   -5.043585e+001 1.373767e+002 4.000000e+000
    endloop
  endfacet
  facet normal 1.061022e-001 -2.170287e-001 2.403706e-001
    outer loop
      vertex   -5.043585e+001 1.373767e+002 4.000000e+000
      vertex   -5.034511e+001 1.368673e+002 3.500000e+000
      vertex   -5.012235e+001 1.369762e+002 3.500000e+000
    endloop
  endfacet
  facet normal 3.411329e-001 -6.124433e-001 7.044700e-001
    outer loop
      vertex   -5.043585e+001 1.373767e+002 4.000000e+000
      vertex   -5.012235e+001 1.369762e+002 3.500000e+000
      vertex   -5.023412e+001 1.374891e+002 4.000000e+000
    endloop
  endfacet
  facet normal 1.232554e-001 -2.068470e-001 2.397255e-001
    outer loop
      vertex   -5.023412e+001 1.374891e+002 4.000000e+000
      vertex   -5.012235e+001 1.369762e+002 3.500000e+000
      vertex   -4.990935e+001 1.371031e+002 3.500000e+000
    endloop
  endfacet
  facet normal 3.978700e-001 -5.807794e-001 7.067383e-001
    outer loop
      vertex   -5.023412e+001 1.374891e+002 4.000000e+000
      vertex   -4.990935e+001 1.371031e+002 3.500000e+000
      vertex   -5.004361e+001 1.376196e+002 4.000000e+000
    endloop
  endfacet
  facet normal 1.390891e-001 -1.948124e-001 2.385750e-001
    outer loop
      vertex   -5.004361e+001 1.376196e+002 4.000000e+000
      vertex   -4.990935e+001 1.371031e+002 3.500000e+000
      vertex   -4.970756e+001 1.372472e+002 3.500000e+000
    endloop
  endfacet
  facet normal 4.509812e-001 -5.431531e-001 7.076366e-001
    outer loop
      vertex   -5.004361e+001 1.376196e+002 4.000000e+000
      vertex   -4.970756e+001 1.372472e+002 3.500000e+000
      vertex   -4.986596e+001 1.377671e+002 4.000000e+000
    endloop
  endfacet
  facet normal 1.534087e-001 -1.811302e-001 2.369374e-001
    outer loop
      vertex   -4.986596e+001 1.377671e+002 4.000000e+000
      vertex   -4.970756e+001 1.372472e+002 3.500000e+000
      vertex   -4.951835e+001 1.374074e+002 3.500000e+000
    endloop
  endfacet
  facet normal 1.660324e-001 -1.660216e-001 2.348459e-001
    outer loop
      vertex   -4.986596e+001 1.377671e+002 4.000000e+000
      vertex   -4.951835e+001 1.374074e+002 3.500000e+000
      vertex   -4.934303e+001 1.375828e+002 3.500000e+000
    endloop
  endfacet
  facet normal 4.735505e-001 -4.735394e-001 6.698246e-001
    outer loop
      vertex   -4.986596e+001 1.377671e+002 4.000000e+000
      vertex   -4.934303e+001 1.375828e+002 3.500000e+000
      vertex   -4.970267e+001 1.379304e+002 4.000000e+000
    endloop
  endfacet
  facet normal 1.811348e-001 -1.534131e-001 2.369414e-001
    outer loop
      vertex   -4.970267e+001 1.379304e+002 4.000000e+000
      vertex   -4.934303e+001 1.375828e+002 3.500000e+000
      vertex   -4.918277e+001 1.377720e+002 3.500000e+000
    endloop
  endfacet
  facet normal 5.208804e-001 -4.325235e-001 6.786243e-001
    outer loop
      vertex   -4.970267e+001 1.379304e+002 4.000000e+000
      vertex   -4.918277e+001 1.377720e+002 3.500000e+000
      vertex   -4.955515e+001 1.381080e+002 4.000000e+000
    endloop
  endfacet
  facet normal 1.948052e-001 -1.390956e-001 2.385674e-001
    outer loop
      vertex   -4.955515e+001 1.381080e+002 4.000000e+000
      vertex   -4.918277e+001 1.377720e+002 3.500000e+000
      vertex   -4.903870e+001 1.379738e+002 3.500000e+000
    endloop
  endfacet
  facet normal 5.640849e-001 -3.864106e-001 6.864113e-001
    outer loop
      vertex   -4.955515e+001 1.381080e+002 4.000000e+000
      vertex   -4.903870e+001 1.379738e+002 3.500000e+000
      vertex   -4.942465e+001 1.382985e+002 4.000000e+000
    endloop
  endfacet
  facet normal 2.068579e-001 -1.232553e-001 2.397348e-001
    outer loop
      vertex   -4.942465e+001 1.382985e+002 4.000000e+000
      vertex   -4.903870e+001 1.379738e+002 3.500000e+000
      vertex   -4.891177e+001 1.381868e+002 3.500000e+000
    endloop
  endfacet
  facet normal 6.025516e-001 -3.356168e-001 6.930854e-001
    outer loop
      vertex   -4.942465e+001 1.382985e+002 4.000000e+000
      vertex   -4.891177e+001 1.381868e+002 3.500000e+000
      vertex   -4.931229e+001 1.385003e+002 4.000000e+000
    endloop
  endfacet
  facet normal 2.170224e-001 -1.060991e-001 2.403629e-001
    outer loop
      vertex   -4.931229e+001 1.385003e+002 4.000000e+000
      vertex   -4.891177e+001 1.381868e+002 3.500000e+000
      vertex   -4.880288e+001 1.384095e+002 3.500000e+000
    endloop
  endfacet
  facet normal 6.356816e-001 -2.806821e-001 6.985866e-001
    outer loop
      vertex   -4.931229e+001 1.385003e+002 4.000000e+000
      vertex   -4.880288e+001 1.384095e+002 3.500000e+000
      vertex   -4.921901e+001 1.387115e+002 4.000000e+000
    endloop
  endfacet
  facet normal 2.251978e-001 -8.787071e-002 2.404981e-001
    outer loop
      vertex   -4.921901e+001 1.387115e+002 4.000000e+000
      vertex   -4.880288e+001 1.384095e+002 3.500000e+000
      vertex   -4.871275e+001 1.386405e+002 3.500000e+000
    endloop
  endfacet
  facet normal 6.629705e-001 -2.222030e-001 7.028334e-001
    outer loop
      vertex   -4.921901e+001 1.387115e+002 4.000000e+000
      vertex   -4.871275e+001 1.386405e+002 3.500000e+000
      vertex   -4.914563e+001 1.389305e+002 4.000000e+000
    endloop
  endfacet
  facet normal 2.312279e-001 -6.884203e-002 2.401109e-001
    outer loop
      vertex   -4.914563e+001 1.389305e+002 4.000000e+000
      vertex   -4.871275e+001 1.386405e+002 3.500000e+000
      vertex   -4.864199e+001 1.388782e+002 3.500000e+000
    endloop
  endfacet
  facet normal 6.839710e-001 -1.608709e-001 7.057735e-001
    outer loop
      vertex   -4.914563e+001 1.389305e+002 4.000000e+000
      vertex   -4.864199e+001 1.388782e+002 3.500000e+000
      vertex   -4.909276e+001 1.391552e+002 4.000000e+000
    endloop
  endfacet
  facet normal 2.350487e-001 -4.928499e-002 2.392168e-001
    outer loop
      vertex   -4.909276e+001 1.391552e+002 4.000000e+000
      vertex   -4.864199e+001 1.388782e+002 3.500000e+000
      vertex   -4.859111e+001 1.391208e+002 3.500000e+000
    endloop
  endfacet
  facet normal 6.983464e-001 -9.741579e-002 7.073573e-001
    outer loop
      vertex   -4.909276e+001 1.391552e+002 4.000000e+000
      vertex   -4.859111e+001 1.391208e+002 3.500000e+000
      vertex   -4.906086e+001 1.393839e+002 4.000000e+000
    endloop
  endfacet
  facet normal 2.366167e-001 -2.949087e-002 2.378196e-001
    outer loop
      vertex   -4.906086e+001 1.393839e+002 4.000000e+000
      vertex   -4.859111e+001 1.391208e+002 3.500000e+000
      vertex   -4.856044e+001 1.393669e+002 3.500000e+000
    endloop
  endfacet
  facet normal 7.058533e-001 -3.263603e-002 7.075538e-001
    outer loop
      vertex   -4.906086e+001 1.393839e+002 4.000000e+000
      vertex   -4.856044e+001 1.393669e+002 3.500000e+000
      vertex   -4.905019e+001 1.396146e+002 4.000000e+000
    endloop
  endfacet
  facet normal 2.359486e-001 -9.762160e-003 2.359486e-001
    outer loop
      vertex   -4.905019e+001 1.396146e+002 4.000000e+000
      vertex   -4.856044e+001 1.393669e+002 3.500000e+000
      vertex   -4.855019e+001 1.396146e+002 3.500000e+000
    endloop
  endfacet
  facet normal 7.071068e-001 0.000000e+000 7.071068e-001
    outer loop
      vertex   -4.855019e+001 1.421146e+002 3.500000e+000
      vertex   -4.905019e+001 1.421146e+002 4.000000e+000
      vertex   -4.855019e+001 1.396146e+002 3.500000e+000
    endloop
  endfacet
  facet normal 6.804138e-001 0.000000e+000 6.804138e-001
    outer loop
      vertex   -4.855019e+001 1.396146e+002 3.500000e+000
      vertex   -4.905019e+001 1.421146e+002 4.000000e+000
      vertex   -4.905019e+001 1.396146e+002 4.000000e+000
    endloop
  endfacet
  facet normal 6.022631e-001 -5.279179e-001 2.940334e-001
    outer loop
      vertex   -4.867077e+001 1.451146e+002 5.444203e+000
      vertex   -4.905019e+001 1.447530e+002 5.572158e+000
      vertex   -4.855019e+001 1.451146e+002 5.197224e+000
    endloop
  endfacet
  facet normal 2.405149e-001 -2.055679e-001 1.224927e-001
    outer loop
      vertex   -4.855019e+001 1.451146e+002 5.197224e+000
      vertex   -4.905019e+001 1.447530e+002 5.572158e+000
      vertex   -4.905019e+001 1.446261e+002 5.359156e+000
    endloop
  endfacet
  facet normal 6.930175e-001 -5.825945e-001 3.822941e-001
    outer loop
      vertex   -4.855019e+001 1.451146e+002 5.197224e+000
      vertex   -4.905019e+001 1.446261e+002 5.359156e+000
      vertex   -4.855019e+001 1.449626e+002 4.965503e+000
    endloop
  endfacet
  facet normal 2.405862e-001 -1.948033e-001 1.390826e-001
    outer loop
      vertex   -4.855019e+001 1.449626e+002 4.965503e+000
      vertex   -4.905019e+001 1.446261e+002 5.359156e+000
      vertex   -4.905019e+001 1.444820e+002 5.157362e+000
    endloop
  endfacet
  facet normal 6.910936e-001 -5.490064e-001 4.260042e-001
    outer loop
      vertex   -4.855019e+001 1.449626e+002 4.965503e+000
      vertex   -4.905019e+001 1.444820e+002 5.157362e+000
      vertex   -4.855019e+001 1.447927e+002 4.746538e+000
    endloop
  endfacet
  facet normal 2.405323e-001 -1.826175e-001 1.546672e-001
    outer loop
      vertex   -4.855019e+001 1.447927e+002 4.746538e+000
      vertex   -4.905019e+001 1.444820e+002 5.157362e+000
      vertex   -4.905019e+001 1.443218e+002 4.968155e+000
    endloop
  endfacet
  facet normal 6.890655e-001 -5.120305e-001 4.667167e-001
    outer loop
      vertex   -4.855019e+001 1.447927e+002 4.746538e+000
      vertex   -4.905019e+001 1.443218e+002 4.968155e+000
      vertex   -4.855019e+001 1.446060e+002 4.541704e+000
    endloop
  endfacet
  facet normal 2.403476e-001 -1.691144e-001 1.691107e-001
    outer loop
      vertex   -4.855019e+001 1.446060e+002 4.541704e+000
      vertex   -4.905019e+001 1.443218e+002 4.968155e+000
      vertex   -4.905019e+001 1.441465e+002 4.792828e+000
    endloop
  endfacet
  facet normal 6.869479e-001 -4.719924e-001 5.041303e-001
    outer loop
      vertex   -4.855019e+001 1.446060e+002 4.541704e+000
      vertex   -4.905019e+001 1.441465e+002 4.792828e+000
      vertex   -4.855019e+001 1.444036e+002 4.352285e+000
    endloop
  endfacet
  facet normal 2.400386e-001 -1.544002e-001 1.823023e-001
    outer loop
      vertex   -4.855019e+001 1.444036e+002 4.352285e+000
      vertex   -4.905019e+001 1.441465e+002 4.792828e+000
      vertex   -4.905019e+001 1.439573e+002 4.632578e+000
    endloop
  endfacet
  facet normal 6.847341e-001 -4.291350e-001 5.380424e-001
    outer loop
      vertex   -4.855019e+001 1.444036e+002 4.352285e+000
      vertex   -4.905019e+001 1.439573e+002 4.632578e+000
      vertex   -4.855019e+001 1.441870e+002 4.179469e+000
    endloop
  endfacet
  facet normal 2.395995e-001 -1.386029e-001 1.941292e-001
    outer loop
      vertex   -4.855019e+001 1.441870e+002 4.179469e+000
      vertex   -4.905019e+001 1.439573e+002 4.632578e+000
      vertex   -4.905019e+001 1.437555e+002 4.488501e+000
    endloop
  endfacet
  facet normal 6.824291e-001 -3.838035e-001 5.682328e-001
    outer loop
      vertex   -4.855019e+001 1.441870e+002 4.179469e+000
      vertex   -4.905019e+001 1.437555e+002 4.488501e+000
      vertex   -4.855019e+001 1.439573e+002 4.024338e+000
    endloop
  endfacet
  facet normal 2.390268e-001 -1.218559e-001 2.044963e-001
    outer loop
      vertex   -4.855019e+001 1.439573e+002 4.024338e+000
      vertex   -4.905019e+001 1.437555e+002 4.488501e+000
      vertex   -4.905019e+001 1.435425e+002 4.361579e+000
    endloop
  endfacet
  facet normal 6.800410e-001 -3.363436e-001 5.945209e-001
    outer loop
      vertex   -4.855019e+001 1.439573e+002 4.024338e+000
      vertex   -4.905019e+001 1.435425e+002 4.361579e+000
      vertex   -4.855019e+001 1.437161e+002 3.887867e+000
    endloop
  endfacet
  facet normal 2.383443e-001 -1.042973e-001 2.133496e-001
    outer loop
      vertex   -4.855019e+001 1.437161e+002 3.887867e+000
      vertex   -4.905019e+001 1.435425e+002 4.361579e+000
      vertex   -4.905019e+001 1.433197e+002 4.252680e+000
    endloop
  endfacet
  facet normal 6.775733e-001 -2.870789e-001 6.167533e-001
    outer loop
      vertex   -4.855019e+001 1.437161e+002 3.887867e+000
      vertex   -4.905019e+001 1.433197e+002 4.252680e+000
      vertex   -4.855019e+001 1.434648e+002 3.770911e+000
    endloop
  endfacet
  facet normal 2.375230e-001 -8.607388e-002 2.205881e-001
    outer loop
      vertex   -4.855019e+001 1.434648e+002 3.770911e+000
      vertex   -4.905019e+001 1.433197e+002 4.252680e+000
      vertex   -4.905019e+001 1.430887e+002 4.162548e+000
    endloop
  endfacet
  facet normal 6.750271e-001 -2.363662e-001 6.348224e-001
    outer loop
      vertex   -4.855019e+001 1.434648e+002 3.770911e+000
      vertex   -4.905019e+001 1.430887e+002 4.162548e+000
      vertex   -4.855019e+001 1.432051e+002 3.674202e+000
    endloop
  endfacet
  facet normal 2.365854e-001 -6.733927e-002 2.261880e-001
    outer loop
      vertex   -4.855019e+001 1.432051e+002 3.674202e+000
      vertex   -4.905019e+001 1.430887e+002 4.162548e+000
      vertex   -4.905019e+001 1.428511e+002 4.091799e+000
    endloop
  endfacet
  facet normal 6.724110e-001 -1.845723e-001 6.486375e-001
    outer loop
      vertex   -4.855019e+001 1.432051e+002 3.674202e+000
      vertex   -4.905019e+001 1.428511e+002 4.091799e+000
      vertex   -4.855019e+001 1.429385e+002 3.598349e+000
    endloop
  endfacet
  facet normal 2.355338e-001 -4.824904e-002 2.301123e-001
    outer loop
      vertex   -4.855019e+001 1.429385e+002 3.598349e+000
      vertex   -4.905019e+001 1.428511e+002 4.091799e+000
      vertex   -4.905019e+001 1.426084e+002 4.040916e+000
    endloop
  endfacet
  facet normal 6.697248e-001 -1.320524e-001 6.581433e-001
    outer loop
      vertex   -4.855019e+001 1.429385e+002 3.598349e+000
      vertex   -4.905019e+001 1.426084e+002 4.040916e+000
      vertex   -4.855019e+001 1.426667e+002 3.543825e+000
    endloop
  endfacet
  facet normal 2.343612e-001 -2.895972e-002 2.323334e-001
    outer loop
      vertex   -4.855019e+001 1.426667e+002 3.543825e+000
      vertex   -4.905019e+001 1.426084e+002 4.040916e+000
      vertex   -4.905019e+001 1.423624e+002 4.010247e+000
    endloop
  endfacet
  facet normal 6.669810e-001 -7.918473e-002 6.633198e-001
    outer loop
      vertex   -4.855019e+001 1.426667e+002 3.543825e+000
      vertex   -4.905019e+001 1.423624e+002 4.010247e+000
      vertex   -4.855019e+001 1.423916e+002 3.510973e+000
    endloop
  endfacet
  facet normal 2.330634e-001 -9.630973e-003 2.328393e-001
    outer loop
      vertex   -4.855019e+001 1.423916e+002 3.510973e+000
      vertex   -4.905019e+001 1.423624e+002 4.010247e+000
      vertex   -4.905019e+001 1.421146e+002 4.000000e+000
    endloop
  endfacet
  facet normal 6.641760e-001 -2.631805e-002 6.641760e-001
    outer loop
      vertex   -4.855019e+001 1.423916e+002 3.510973e+000
      vertex   -4.905019e+001 1.421146e+002 4.000000e+000
      vertex   -4.855019e+001 1.421146e+002 3.500000e+000
    endloop
  endfacet
  facet normal 7.062684e-001 -6.317999e-001 3.088774e-001
    outer loop
      vertex   -4.905019e+001 1.447530e+002 5.572158e+000
      vertex   -4.867077e+001 1.451146e+002 5.444203e+000
      vertex   -4.905019e+001 1.448619e+002 5.794914e+000
    endloop
  endfacet
  facet normal 2.659670e-001 -2.399609e-001 1.148494e-001
    outer loop
      vertex   -4.905019e+001 1.448619e+002 5.794914e+000
      vertex   -4.867077e+001 1.451146e+002 5.444203e+000
      vertex   -4.877319e+001 1.451146e+002 5.681371e+000
    endloop
  endfacet
  facet normal 4.381138e-001 -4.070015e-001 1.630893e-001
    outer loop
      vertex   -4.905019e+001 1.448619e+002 5.794914e+000
      vertex   -4.877319e+001 1.451146e+002 5.681371e+000
      vertex   -4.885855e+001 1.451146e+002 5.910691e+000
    endloop
  endfacet
  facet normal 5.725880e-001 -5.288100e-001 2.063466e-001
    outer loop
      vertex   -4.905019e+001 1.448619e+002 5.794914e+000
      vertex   -4.885855e+001 1.451146e+002 5.910691e+000
      vertex   -4.905019e+001 1.449521e+002 6.025902e+000
    endloop
  endfacet
  facet normal 5.697085e-001 -5.466228e-001 1.764244e-001
    outer loop
      vertex   -4.905019e+001 1.449521e+002 6.025902e+000
      vertex   -4.885855e+001 1.451146e+002 5.910691e+000
      vertex   -4.892770e+001 1.451146e+002 6.133975e+000
    endloop
  endfacet
  facet normal 5.422477e-001 -5.094591e-001 1.516526e-001
    outer loop
      vertex   -4.905019e+001 1.449521e+002 6.025902e+000
      vertex   -4.892770e+001 1.451146e+002 6.133975e+000
      vertex   -4.905019e+001 1.450228e+002 6.263544e+000
    endloop
  endfacet
  facet normal 6.887547e-001 -6.814009e-001 1.683265e-001
    outer loop
      vertex   -4.905019e+001 1.450228e+002 6.263544e+000
      vertex   -4.892770e+001 1.451146e+002 6.133975e+000
      vertex   -4.898120e+001 1.451146e+002 6.352921e+000
    endloop
  endfacet
  facet normal 4.914282e-001 -4.639808e-001 9.729611e-002
    outer loop
      vertex   -4.905019e+001 1.450228e+002 6.263544e+000
      vertex   -4.898120e+001 1.451146e+002 6.352921e+000
      vertex   -4.905019e+001 1.450737e+002 6.506216e+000
    endloop
  endfacet
  facet normal 6.303490e-001 -6.453869e-001 1.113872e-001
    outer loop
      vertex   -4.905019e+001 1.450737e+002 6.506216e+000
      vertex   -4.898120e+001 1.451146e+002 6.352921e+000
      vertex   -4.901942e+001 1.451146e+002 6.569164e+000
    endloop
  endfacet
  facet normal 4.045042e-001 -3.763718e-001 4.691555e-002
    outer loop
      vertex   -4.905019e+001 1.450737e+002 6.506216e+000
      vertex   -4.901942e+001 1.451146e+002 6.569164e+000
      vertex   -4.905019e+001 1.451044e+002 6.752262e+000
    endloop
  endfacet
  facet normal 3.435725e-001 -3.743362e-001 3.678752e-002
    outer loop
      vertex   -4.905019e+001 1.451044e+002 6.752262e+000
      vertex   -4.901942e+001 1.451146e+002 6.569164e+000
      vertex   -4.904245e+001 1.451146e+002 6.784315e+000
    endloop
  endfacet
  facet normal 2.583008e-001 -2.239501e-001 9.269327e-003
    outer loop
      vertex   -4.905019e+001 1.451044e+002 6.752262e+000
      vertex   -4.904245e+001 1.451146e+002 6.784315e+000
      vertex   -4.905019e+001 1.451146e+002 7.000000e+000
    endloop
  endfacet
  facet normal 5.773503e-001 0.000000e+000 -5.773503e-001
    outer loop
      vertex   -1.060502e+002 1.456146e+002 5.551115e-015
      vertex   -1.055502e+002 1.451146e+002 5.000000e-001
      vertex   -1.060502e+002 1.426146e+002 5.551115e-015
    endloop
  endfacet
  facet normal 6.804138e-001 0.000000e+000 -6.804138e-001
    outer loop
      vertex   -1.060502e+002 1.426146e+002 5.551115e-015
      vertex   -1.055502e+002 1.451146e+002 5.000000e-001
      vertex   -1.055502e+002 1.426146e+002 5.000000e-001
    endloop
  endfacet
  facet normal 7.058178e-001 4.267666e-002 -7.058178e-001
    outer loop
      vertex   -1.060502e+002 1.426146e+002 5.551115e-015
      vertex   -1.055502e+002 1.426146e+002 5.000000e-001
      vertex   -1.060393e+002 1.424338e+002 5.551115e-015
    endloop
  endfacet
  facet normal 1.392020e-001 9.954728e-003 -1.397582e-001
    outer loop
      vertex   -1.060393e+002 1.424338e+002 5.551115e-015
      vertex   -1.055502e+002 1.426146e+002 5.000000e-001
      vertex   -1.055400e+002 1.424723e+002 5.000000e-001
    endloop
  endfacet
  facet normal 6.950158e-001 1.273839e-001 -7.037740e-001
    outer loop
      vertex   -1.060393e+002 1.424338e+002 5.551115e-015
      vertex   -1.055400e+002 1.424723e+002 5.000000e-001
      vertex   -1.060066e+002 1.422556e+002 5.551115e-015
    endloop
  endfacet
  facet normal 1.370252e-001 2.980602e-002 -1.407849e-001
    outer loop
      vertex   -1.060066e+002 1.422556e+002 5.551115e-015
      vertex   -1.055400e+002 1.424723e+002 5.000000e-001
      vertex   -1.055097e+002 1.423329e+002 5.000000e-001
    endloop
  endfacet
  facet normal 6.731449e-001 2.097601e-001 -7.013990e-001
    outer loop
      vertex   -1.060066e+002 1.422556e+002 5.551115e-015
      vertex   -1.055097e+002 1.423329e+002 5.000000e-001
      vertex   -1.059527e+002 1.420827e+002 5.551115e-015
    endloop
  endfacet
  facet normal 1.316591e-001 4.910353e-002 -1.412264e-001
    outer loop
      vertex   -1.059527e+002 1.420827e+002 5.551115e-015
      vertex   -1.055097e+002 1.423329e+002 5.000000e-001
      vertex   -1.054598e+002 1.421992e+002 5.000000e-001
    endloop
  endfacet
  facet normal 6.406627e-001 2.883160e-001 -6.987210e-001
    outer loop
      vertex   -1.059527e+002 1.420827e+002 5.551115e-015
      vertex   -1.054598e+002 1.421992e+002 5.000000e-001
      vertex   -1.058784e+002 1.419175e+002 5.551115e-015
    endloop
  endfacet
  facet normal 1.232473e-001 6.730019e-002 -1.410838e-001
    outer loop
      vertex   -1.058784e+002 1.419175e+002 5.551115e-015
      vertex   -1.054598e+002 1.421992e+002 5.000000e-001
      vertex   -1.053914e+002 1.420740e+002 5.000000e-001
    endloop
  endfacet
  facet normal 5.982219e-001 3.616834e-001 -6.957549e-001
    outer loop
      vertex   -1.058784e+002 1.419175e+002 5.551115e-015
      vertex   -1.053914e+002 1.420740e+002 5.000000e-001
      vertex   -1.057847e+002 1.417625e+002 5.551115e-015
    endloop
  endfacet
  facet normal 1.120205e-001 8.386197e-002 -1.403343e-001
    outer loop
      vertex   -1.057847e+002 1.417625e+002 5.551115e-015
      vertex   -1.053914e+002 1.420740e+002 5.000000e-001
      vertex   -1.053059e+002 1.419598e+002 5.000000e-001
    endloop
  endfacet
  facet normal 5.468357e-001 4.283985e-001 -6.925547e-001
    outer loop
      vertex   -1.057847e+002 1.417625e+002 5.551115e-015
      vertex   -1.053059e+002 1.419598e+002 5.000000e-001
      vertex   -1.056730e+002 1.416199e+002 5.551115e-015
    endloop
  endfacet
  facet normal 9.834591e-002 9.834591e-002 -1.390297e-001
    outer loop
      vertex   -1.056730e+002 1.416199e+002 5.551115e-015
      vertex   -1.053059e+002 1.419598e+002 5.000000e-001
      vertex   -1.052051e+002 1.418589e+002 5.000000e-001
    endloop
  endfacet
  facet normal 4.874747e-001 4.874747e-001 -6.891337e-001
    outer loop
      vertex   -1.056730e+002 1.416199e+002 5.551115e-015
      vertex   -1.052051e+002 1.418589e+002 5.000000e-001
      vertex   -1.055449e+002 1.414919e+002 5.551115e-015
    endloop
  endfacet
  facet normal 4.360088e-001 5.565202e-001 -7.048375e-001
    outer loop
      vertex   -1.055449e+002 1.414919e+002 5.551115e-015
      vertex   -1.052051e+002 1.418589e+002 5.000000e-001
      vertex   -1.054023e+002 1.413801e+002 5.551115e-015
    endloop
  endfacet
  facet normal 8.386846e-002 1.120267e-001 -1.403445e-001
    outer loop
      vertex   -1.054023e+002 1.413801e+002 5.551115e-015
      vertex   -1.052051e+002 1.418589e+002 5.000000e-001
      vertex   -1.050908e+002 1.417734e+002 5.000000e-001
    endloop
  endfacet
  facet normal 3.652188e-001 6.041484e-001 -7.026235e-001
    outer loop
      vertex   -1.054023e+002 1.413801e+002 5.551115e-015
      vertex   -1.050908e+002 1.417734e+002 5.000000e-001
      vertex   -1.052473e+002 1.412864e+002 5.551115e-015
    endloop
  endfacet
  facet normal 6.729346e-002 1.232412e-001 -1.410739e-001
    outer loop
      vertex   -1.052473e+002 1.412864e+002 5.551115e-015
      vertex   -1.050908e+002 1.417734e+002 5.000000e-001
      vertex   -1.049656e+002 1.417050e+002 5.000000e-001
    endloop
  endfacet
  facet normal 2.888946e-001 6.419188e-001 -7.000940e-001
    outer loop
      vertex   -1.052473e+002 1.412864e+002 5.551115e-015
      vertex   -1.049656e+002 1.417050e+002 5.000000e-001
      vertex   -1.050821e+002 1.412121e+002 5.551115e-015
    endloop
  endfacet
  facet normal 4.911118e-002 1.316670e-001 -1.412360e-001
    outer loop
      vertex   -1.050821e+002 1.412121e+002 5.551115e-015
      vertex   -1.049656e+002 1.417050e+002 5.000000e-001
      vertex   -1.048319e+002 1.416551e+002 5.000000e-001
    endloop
  endfacet
  facet normal 2.085541e-001 6.691799e-001 -6.972752e-001
    outer loop
      vertex   -1.050821e+002 1.412121e+002 5.551115e-015
      vertex   -1.048319e+002 1.416551e+002 5.000000e-001
      vertex   -1.049092e+002 1.411582e+002 5.551115e-015
    endloop
  endfacet
  facet normal 2.979828e-002 1.370166e-001 -1.407757e-001
    outer loop
      vertex   -1.049092e+002 1.411582e+002 5.551115e-015
      vertex   -1.048319e+002 1.416551e+002 5.000000e-001
      vertex   -1.046925e+002 1.416248e+002 5.000000e-001
    endloop
  endfacet
  facet normal 1.256431e-001 6.855476e-001 -6.941946e-001
    outer loop
      vertex   -1.049092e+002 1.411582e+002 5.551115e-015
      vertex   -1.046925e+002 1.416248e+002 5.000000e-001
      vertex   -1.047310e+002 1.411255e+002 5.551115e-015
    endloop
  endfacet
  facet normal 9.954614e-003 1.392004e-001 -1.397586e-001
    outer loop
      vertex   -1.047310e+002 1.411255e+002 5.551115e-015
      vertex   -1.046925e+002 1.416248e+002 5.000000e-001
      vertex   -1.045502e+002 1.416146e+002 5.000000e-001
    endloop
  endfacet
  facet normal 4.174494e-002 6.908612e-001 -6.908612e-001
    outer loop
      vertex   -1.047310e+002 1.411255e+002 5.551115e-015
      vertex   -1.045502e+002 1.416146e+002 5.000000e-001
      vertex   -1.045502e+002 1.411146e+002 5.551115e-015
    endloop
  endfacet
  facet normal 0.000000e+000 7.071068e-001 -7.071068e-001
    outer loop
      vertex   -1.045502e+002 1.416146e+002 5.000000e-001
      vertex   -5.455019e+001 1.416146e+002 5.000000e-001
      vertex   -1.045502e+002 1.411146e+002 5.551115e-015
    endloop
  endfacet
  facet normal 0.000000e+000 9.999000e-003 -9.999000e-003
    outer loop
      vertex   -1.045502e+002 1.411146e+002 5.551115e-015
      vertex   -5.455019e+001 1.416146e+002 5.000000e-001
      vertex   -5.455019e+001 1.411146e+002 5.551115e-015
    endloop
  endfacet
  facet normal -4.265057e-002 7.058193e-001 -7.058193e-001
    outer loop
      vertex   -5.455019e+001 1.411146e+002 5.551115e-015
      vertex   -5.455019e+001 1.416146e+002 5.000000e-001
      vertex   -5.436939e+001 1.411255e+002 5.551115e-015
    endloop
  endfacet
  facet normal -9.954640e-003 1.391933e-001 -1.397515e-001
    outer loop
      vertex   -5.436939e+001 1.411255e+002 5.551115e-015
      vertex   -5.455019e+001 1.416146e+002 5.000000e-001
      vertex   -5.440788e+001 1.416248e+002 5.000000e-001
    endloop
  endfacet
  facet normal -1.273777e-001 6.950120e-001 -7.037783e-001
    outer loop
      vertex   -5.436939e+001 1.411255e+002 5.551115e-015
      vertex   -5.440788e+001 1.416248e+002 5.000000e-001
      vertex   -5.419122e+001 1.411582e+002 5.551115e-015
    endloop
  endfacet
  facet normal -2.979832e-002 1.370243e-001 -1.407828e-001
    outer loop
      vertex   -5.419122e+001 1.411582e+002 5.551115e-015
      vertex   -5.440788e+001 1.416248e+002 5.000000e-001
      vertex   -5.426846e+001 1.416551e+002 5.000000e-001
    endloop
  endfacet
  facet normal -2.097787e-001 6.731392e-001 -7.013962e-001
    outer loop
      vertex   -5.419122e+001 1.411582e+002 5.551115e-015
      vertex   -5.426846e+001 1.416551e+002 5.000000e-001
      vertex   -5.401829e+001 1.412121e+002 5.551115e-015
    endloop
  endfacet
  facet normal -4.911110e-002 1.316592e-001 -1.412291e-001
    outer loop
      vertex   -5.401829e+001 1.412121e+002 5.551115e-015
      vertex   -5.426846e+001 1.416551e+002 5.000000e-001
      vertex   -5.413478e+001 1.417050e+002 5.000000e-001
    endloop
  endfacet
  facet normal -2.883376e-001 6.406516e-001 -6.987195e-001
    outer loop
      vertex   -5.401829e+001 1.412121e+002 5.551115e-015
      vertex   -5.413478e+001 1.417050e+002 5.000000e-001
      vertex   -5.385311e+001 1.412864e+002 5.551115e-015
    endloop
  endfacet
  facet normal -6.729354e-002 1.232451e-001 -1.410772e-001
    outer loop
      vertex   -5.385311e+001 1.412864e+002 5.551115e-015
      vertex   -5.413478e+001 1.417050e+002 5.000000e-001
      vertex   -5.400956e+001 1.417734e+002 5.000000e-001
    endloop
  endfacet
  facet normal -3.616388e-001 5.982557e-001 -6.957620e-001
    outer loop
      vertex   -5.385311e+001 1.412864e+002 5.551115e-015
      vertex   -5.400956e+001 1.417734e+002 5.000000e-001
      vertex   -5.369810e+001 1.413801e+002 5.551115e-015
    endloop
  endfacet
  facet normal -8.386814e-002 1.120262e-001 -1.403446e-001
    outer loop
      vertex   -5.369810e+001 1.413801e+002 5.551115e-015
      vertex   -5.400956e+001 1.417734e+002 5.000000e-001
      vertex   -5.389534e+001 1.418589e+002 5.000000e-001
    endloop
  endfacet
  facet normal -4.284091e-001 5.468199e-001 -6.925553e-001
    outer loop
      vertex   -5.369810e+001 1.413801e+002 5.551115e-015
      vertex   -5.389534e+001 1.418589e+002 5.000000e-001
      vertex   -5.355551e+001 1.414919e+002 5.551115e-015
    endloop
  endfacet
  facet normal -9.834511e-002 9.834511e-002 -1.390294e-001
    outer loop
      vertex   -5.355551e+001 1.414919e+002 5.551115e-015
      vertex   -5.389534e+001 1.418589e+002 5.000000e-001
      vertex   -5.379445e+001 1.419598e+002 5.000000e-001
    endloop
  endfacet
  facet normal -4.874722e-001 4.874722e-001 -6.891339e-001
    outer loop
      vertex   -5.355551e+001 1.414919e+002 5.551115e-015
      vertex   -5.379445e+001 1.419598e+002 5.000000e-001
      vertex   -5.342743e+001 1.416199e+002 5.551115e-015
    endloop
  endfacet
  facet normal -5.565302e-001 4.359933e-001 -7.048367e-001
    outer loop
      vertex   -5.342743e+001 1.416199e+002 5.551115e-015
      vertex   -5.379445e+001 1.419598e+002 5.000000e-001
      vertex   -5.331572e+001 1.417625e+002 5.551115e-015
    endloop
  endfacet
  facet normal -1.120198e-001 8.386142e-002 -1.403342e-001
    outer loop
      vertex   -5.331572e+001 1.417625e+002 5.551115e-015
      vertex   -5.379445e+001 1.419598e+002 5.000000e-001
      vertex   -5.370894e+001 1.420740e+002 5.000000e-001
    endloop
  endfacet
  facet normal -6.041349e-001 3.652435e-001 -7.026273e-001
    outer loop
      vertex   -5.331572e+001 1.417625e+002 5.551115e-015
      vertex   -5.370894e+001 1.420740e+002 5.000000e-001
      vertex   -5.322201e+001 1.419175e+002 5.551115e-015
    endloop
  endfacet
  facet normal -1.232469e-001 6.729623e-002 -1.410822e-001
    outer loop
      vertex   -5.322201e+001 1.419175e+002 5.551115e-015
      vertex   -5.370894e+001 1.420740e+002 5.000000e-001
      vertex   -5.364056e+001 1.421992e+002 5.000000e-001
    endloop
  endfacet
  facet normal -6.419190e-001 2.888814e-001 -7.000961e-001
    outer loop
      vertex   -5.322201e+001 1.419175e+002 5.551115e-015
      vertex   -5.364056e+001 1.421992e+002 5.000000e-001
      vertex   -5.314767e+001 1.420827e+002 5.551115e-015
    endloop
  endfacet
  facet normal -1.316586e-001 4.910710e-002 -1.412278e-001
    outer loop
      vertex   -5.314767e+001 1.420827e+002 5.551115e-015
      vertex   -5.364056e+001 1.421992e+002 5.000000e-001
      vertex   -5.359070e+001 1.423329e+002 5.000000e-001
    endloop
  endfacet
  facet normal -6.691863e-001 2.085266e-001 -6.972742e-001
    outer loop
      vertex   -5.314767e+001 1.420827e+002 5.551115e-015
      vertex   -5.359070e+001 1.423329e+002 5.000000e-001
      vertex   -5.309378e+001 1.422556e+002 5.551115e-015
    endloop
  endfacet
  facet normal -1.370252e-001 2.980602e-002 -1.407849e-001
    outer loop
      vertex   -5.309378e+001 1.422556e+002 5.551115e-015
      vertex   -5.359070e+001 1.423329e+002 5.000000e-001
      vertex   -5.356038e+001 1.424723e+002 5.000000e-001
    endloop
  endfacet
  facet normal -6.855515e-001 1.256492e-001 -6.941903e-001
    outer loop
      vertex   -5.309378e+001 1.422556e+002 5.551115e-015
      vertex   -5.356038e+001 1.424723e+002 5.000000e-001
      vertex   -5.306113e+001 1.424338e+002 5.551115e-015
    endloop
  endfacet
  facet normal -1.392025e-001 9.958494e-003 -1.397590e-001
    outer loop
      vertex   -5.306113e+001 1.424338e+002 5.551115e-015
      vertex   -5.356038e+001 1.424723e+002 5.000000e-001
      vertex   -5.355019e+001 1.426146e+002 5.000000e-001
    endloop
  endfacet
  facet normal -6.908643e-001 4.178708e-002 -6.908643e-001
    outer loop
      vertex   -5.306113e+001 1.424338e+002 5.551115e-015
      vertex   -5.355019e+001 1.426146e+002 5.000000e-001
      vertex   -5.305019e+001 1.426146e+002 5.551115e-015
    endloop
  endfacet
  facet normal -5.773503e-001 -0.000000e+000 -5.773503e-001
    outer loop
      vertex   -5.305019e+001 1.456146e+002 5.551115e-015
      vertex   -5.305019e+001 1.426146e+002 5.551115e-015
      vertex   -5.355019e+001 1.451146e+002 5.000000e-001
    endloop
  endfacet
  facet normal -1.924501e-001 -0.000000e+000 -1.924501e-001
    outer loop
      vertex   -5.355019e+001 1.451146e+002 5.000000e-001
      vertex   -5.305019e+001 1.426146e+002 5.551115e-015
      vertex   -5.355019e+001 1.426146e+002 5.000000e-001
    endloop
  endfacet
  facet normal -9.664747e-001 0.000000e+000 0.000000e+000
    outer loop
      vertex   -5.355019e+001 1.426146e+002 5.000000e-001
      vertex   -5.355019e+001 1.434860e+002 3.779850e+000
      vertex   -5.355019e+001 1.451146e+002 5.000000e-001
    endloop
  endfacet
  facet normal -7.478625e-002 0.000000e+000 0.000000e+000
    outer loop
      vertex   -5.355019e+001 1.451146e+002 5.000000e-001
      vertex   -5.355019e+001 1.434860e+002 3.779850e+000
      vertex   -5.355019e+001 1.437339e+002 3.897124e+000
    endloop
  endfacet
  facet normal -7.319197e-002 0.000000e+000 0.000000e+000
    outer loop
      vertex   -5.355019e+001 1.451146e+002 5.000000e-001
      vertex   -5.355019e+001 1.437339e+002 3.897124e+000
      vertex   -5.355019e+001 1.439719e+002 4.033454e+000
    endloop
  endfacet
  facet normal -9.879602e-001 0.000000e+000 0.000000e+000
    outer loop
      vertex   -5.355019e+001 1.426146e+002 3.535905e+000
      vertex   -5.355019e+001 1.426980e+002 3.548954e+000
      vertex   -5.355019e+001 1.426146e+002 5.000000e-001
    endloop
  endfacet
  facet normal -8.537679e-002 0.000000e+000 0.000000e+000
    outer loop
      vertex   -5.355019e+001 1.426146e+002 5.000000e-001
      vertex   -5.355019e+001 1.426980e+002 3.548954e+000
      vertex   -5.355019e+001 1.429664e+002 3.605229e+000
    endloop
  endfacet
  facet normal -7.801351e-002 0.000000e+000 0.000000e+000
    outer loop
      vertex   -5.355019e+001 1.426146e+002 5.000000e-001
      vertex   -5.355019e+001 1.429664e+002 3.605229e+000
      vertex   -5.355019e+001 1.432296e+002 3.682352e+000
    endloop
  endfacet
  facet normal -8.502598e-001 0.000000e+000 -0.000000e+000
    outer loop
      vertex   -5.355019e+001 1.432296e+002 3.682352e+000
      vertex   -5.355019e+001 1.434860e+002 3.779850e+000
      vertex   -5.355019e+001 1.426146e+002 5.000000e-001
    endloop
  endfacet
  facet normal -9.594459e-001 0.000000e+000 0.000000e+000
    outer loop
      vertex   -5.355019e+001 1.439719e+002 4.033454e+000
      vertex   -5.355019e+001 1.441985e+002 4.188002e+000
      vertex   -5.355019e+001 1.451146e+002 5.000000e-001
    endloop
  endfacet
  facet normal -6.344474e-002 0.000000e+000 0.000000e+000
    outer loop
      vertex   -5.355019e+001 1.451146e+002 5.000000e-001
      vertex   -5.355019e+001 1.441985e+002 4.188002e+000
      vertex   -5.355019e+001 1.444123e+002 4.359818e+000
    endloop
  endfacet
  facet normal -5.641818e-002 0.000000e+000 0.000000e+000
    outer loop
      vertex   -5.355019e+001 1.451146e+002 5.000000e-001
      vertex   -5.355019e+001 1.444123e+002 4.359818e+000
      vertex   -5.355019e+001 1.446120e+002 4.547849e+000
    endloop
  endfacet
  facet normal -7.582189e-001 0.000000e+000 0.000000e+000
    outer loop
      vertex   -5.355019e+001 1.446120e+002 4.547849e+000
      vertex   -5.355019e+001 1.447964e+002 4.750940e+000
      vertex   -5.355019e+001 1.451146e+002 5.000000e-001
    endloop
  endfacet
  facet normal -4.107103e-002 0.000000e+000 0.000000e+000
    outer loop
      vertex   -5.355019e+001 1.451146e+002 5.000000e-001
      vertex   -5.355019e+001 1.447964e+002 4.750940e+000
      vertex   -5.355019e+001 1.449642e+002 4.967842e+000
    endloop
  endfacet
  facet normal -3.364163e-002 0.000000e+000 0.000000e+000
    outer loop
      vertex   -5.355019e+001 1.451146e+002 5.000000e-001
      vertex   -5.355019e+001 1.449642e+002 4.967842e+000
      vertex   -5.355019e+001 1.451146e+002 5.197224e+000
    endloop
  endfacet
  facet normal -9.907606e-001 3.877268e-002 0.000000e+000
    outer loop
      vertex   -5.355019e+001 1.426146e+002 3.535905e+000
      vertex   -5.355019e+001 1.426146e+002 5.000000e-001
      vertex   -5.355325e+001 1.425365e+002 3.525663e+000
    endloop
  endfacet
  facet normal -4.701080e-002 3.363135e-003 3.931239e-005
    outer loop
      vertex   -5.355325e+001 1.425365e+002 3.525663e+000
      vertex   -5.355019e+001 1.426146e+002 5.000000e-001
      vertex   -5.356038e+001 1.424723e+002 5.000000e-001
    endloop
  endfacet
  facet normal -9.849094e-001 1.161317e-001 -1.460574e-004
    outer loop
      vertex   -5.355325e+001 1.425365e+002 3.525663e+000
      vertex   -5.356038e+001 1.424723e+002 5.000000e-001
      vertex   -5.356243e+001 1.424587e+002 3.517218e+000
    endloop
  endfacet
  facet normal -9.775708e-001 1.939469e-001 2.099633e-004
    outer loop
      vertex   -5.356243e+001 1.424587e+002 3.517218e+000
      vertex   -5.356038e+001 1.424723e+002 5.000000e-001
      vertex   -5.357772e+001 1.423816e+002 3.510386e+000
    endloop
  endfacet
  facet normal -4.628460e-002 1.006793e-002 3.660205e-005
    outer loop
      vertex   -5.357772e+001 1.423816e+002 3.510386e+000
      vertex   -5.356038e+001 1.424723e+002 5.000000e-001
      vertex   -5.359070e+001 1.423329e+002 5.000000e-001
    endloop
  endfacet
  facet normal -9.594052e-001 2.701204e-001 -2.361048e-004
    outer loop
      vertex   -5.357772e+001 1.423816e+002 3.510386e+000
      vertex   -5.359070e+001 1.423329e+002 5.000000e-001
      vertex   -5.359904e+001 1.423059e+002 3.505310e+000
    endloop
  endfacet
  facet normal -4.444781e-002 1.657851e-002 2.554474e-005
    outer loop
      vertex   -5.359904e+001 1.423059e+002 3.505310e+000
      vertex   -5.359070e+001 1.423329e+002 5.000000e-001
      vertex   -5.364056e+001 1.421992e+002 5.000000e-001
    endloop
  endfacet
  facet normal -9.309399e-001 3.570851e-001 1.851008e-004
    outer loop
      vertex   -5.359904e+001 1.423059e+002 3.505310e+000
      vertex   -5.364056e+001 1.421992e+002 5.000000e-001
      vertex   -5.363654e+001 1.422081e+002 3.501284e+000
    endloop
  endfacet
  facet normal -8.909647e-001 4.538082e-001 -1.561252e-004
    outer loop
      vertex   -5.363654e+001 1.422081e+002 3.501284e+000
      vertex   -5.364056e+001 1.421992e+002 5.000000e-001
      vertex   -5.368417e+001 1.421146e+002 3.500000e+000
    endloop
  endfacet
  facet normal -4.171672e-002 2.277849e-002 3.583376e-005
    outer loop
      vertex   -5.368417e+001 1.421146e+002 3.500000e+000
      vertex   -5.364056e+001 1.421992e+002 5.000000e-001
      vertex   -5.370894e+001 1.420740e+002 5.000000e-001
    endloop
  endfacet
  facet normal -8.261331e-001 5.632517e-001 -8.101166e-004
    outer loop
      vertex   -5.368417e+001 1.421146e+002 3.500000e+000
      vertex   -5.370894e+001 1.420740e+002 5.000000e-001
      vertex   -5.376836e+001 1.419911e+002 3.500000e+000
    endloop
  endfacet
  facet normal -3.804520e-002 2.848180e-002 3.290901e-005
    outer loop
      vertex   -5.376836e+001 1.419911e+002 3.500000e+000
      vertex   -5.370894e+001 1.420740e+002 5.000000e-001
      vertex   -5.379445e+001 1.419598e+002 5.000000e-001
    endloop
  endfacet
  facet normal -7.330220e-001 6.800690e-001 -7.390549e-004
    outer loop
      vertex   -5.376836e+001 1.419911e+002 3.500000e+000
      vertex   -5.379445e+001 1.419598e+002 5.000000e-001
      vertex   -5.387002e+001 1.418816e+002 3.500000e+000
    endloop
  endfacet
  facet normal -3.360614e-002 3.360614e-002 2.939990e-005
    outer loop
      vertex   -5.387002e+001 1.418816e+002 3.500000e+000
      vertex   -5.379445e+001 1.419598e+002 5.000000e-001
      vertex   -5.389534e+001 1.418589e+002 5.000000e-001
    endloop
  endfacet
  facet normal -6.234341e-001 7.817938e-001 -6.523136e-004
    outer loop
      vertex   -5.387002e+001 1.418816e+002 3.500000e+000
      vertex   -5.389534e+001 1.418589e+002 5.000000e-001
      vertex   -5.398688e+001 1.417884e+002 3.500000e+000
    endloop
  endfacet
  facet normal -2.848113e-002 3.804345e-002 2.489891e-005
    outer loop
      vertex   -5.398688e+001 1.417884e+002 3.500000e+000
      vertex   -5.389534e+001 1.418589e+002 5.000000e-001
      vertex   -5.400956e+001 1.417734e+002 5.000000e-001
    endloop
  endfacet
  facet normal -4.999509e-001 8.660063e-001 -5.549026e-004
    outer loop
      vertex   -5.398688e+001 1.417884e+002 3.500000e+000
      vertex   -5.400956e+001 1.417734e+002 5.000000e-001
      vertex   -5.411631e+001 1.417137e+002 3.500000e+000
    endloop
  endfacet
  facet normal -2.277210e-002 4.170607e-002 1.971728e-005
    outer loop
      vertex   -5.411631e+001 1.417137e+002 3.500000e+000
      vertex   -5.400956e+001 1.417734e+002 5.000000e-001
      vertex   -5.413478e+001 1.417050e+002 5.000000e-001
    endloop
  endfacet
  facet normal -3.653723e-001 9.308366e-001 -4.396163e-004
    outer loop
      vertex   -5.411631e+001 1.417137e+002 3.500000e+000
      vertex   -5.413478e+001 1.417050e+002 5.000000e-001
      vertex   -5.425544e+001 1.416590e+002 3.500000e+000
    endloop
  endfacet
  facet normal -1.660636e-002 4.451908e-002 1.389632e-005
    outer loop
      vertex   -5.425544e+001 1.416590e+002 3.500000e+000
      vertex   -5.413478e+001 1.417050e+002 5.000000e-001
      vertex   -5.426846e+001 1.416551e+002 5.000000e-001
    endloop
  endfacet
  facet normal -2.224593e-001 9.749314e-001 -3.086768e-004
    outer loop
      vertex   -5.425544e+001 1.416590e+002 3.500000e+000
      vertex   -5.426846e+001 1.416551e+002 5.000000e-001
      vertex   -5.440115e+001 1.416258e+002 3.500000e+000
    endloop
  endfacet
  facet normal -1.009603e-002 4.642546e-002 7.297224e-006
    outer loop
      vertex   -5.440115e+001 1.416258e+002 3.500000e+000
      vertex   -5.426846e+001 1.416551e+002 5.000000e-001
      vertex   -5.440788e+001 1.416248e+002 5.000000e-001
    endloop
  endfacet
  facet normal -7.473265e-002 9.972010e-001 -1.620533e-004
    outer loop
      vertex   -5.440115e+001 1.416258e+002 3.500000e+000
      vertex   -5.440788e+001 1.416248e+002 5.000000e-001
      vertex   -5.455019e+001 1.416146e+002 3.500000e+000
    endloop
  endfacet
  facet normal -3.388707e-003 4.738348e-002 0.000000e+000
    outer loop
      vertex   -5.455019e+001 1.416146e+002 3.500000e+000
      vertex   -5.440788e+001 1.416248e+002 5.000000e-001
      vertex   -5.455019e+001 1.416146e+002 5.000000e-001
    endloop
  endfacet
  facet normal 0.000000e+000 1.000000e+000 -0.000000e+000
    outer loop
      vertex   -5.455019e+001 1.416146e+002 5.000000e-001
      vertex   -1.045502e+002 1.416146e+002 5.000000e-001
      vertex   -5.455019e+001 1.416146e+002 3.500000e+000
    endloop
  endfacet
  facet normal 0.000000e+000 5.989229e-002 0.000000e+000
    outer loop
      vertex   -5.455019e+001 1.416146e+002 3.500000e+000
      vertex   -1.045502e+002 1.416146e+002 5.000000e-001
      vertex   -1.045502e+002 1.416146e+002 3.500000e+000
    endloop
  endfacet
  facet normal 7.133065e-002 9.974527e-001 -0.000000e+000
    outer loop
      vertex   -1.045502e+002 1.416146e+002 5.000000e-001
      vertex   -1.046925e+002 1.416248e+002 5.000000e-001
      vertex   -1.045502e+002 1.416146e+002 3.500000e+000
    endloop
  endfacet
  facet normal 7.464466e-002 9.960780e-001 -1.618793e-004
    outer loop
      vertex   -1.045502e+002 1.416146e+002 3.500000e+000
      vertex   -1.046925e+002 1.416248e+002 5.000000e-001
      vertex   -1.046992e+002 1.416258e+002 3.500000e+000
    endloop
  endfacet
  facet normal 1.009603e-002 4.642292e-002 7.298064e-006
    outer loop
      vertex   -1.046992e+002 1.416258e+002 3.500000e+000
      vertex   -1.046925e+002 1.416248e+002 5.000000e-001
      vertex   -1.048319e+002 1.416551e+002 5.000000e-001
    endloop
  endfacet
  facet normal 2.222448e-001 9.739403e-001 -3.083124e-004
    outer loop
      vertex   -1.046992e+002 1.416258e+002 3.500000e+000
      vertex   -1.048319e+002 1.416551e+002 5.000000e-001
      vertex   -1.048449e+002 1.416590e+002 3.500000e+000
    endloop
  endfacet
  facet normal 1.660636e-002 4.452162e-002 1.389300e-005
    outer loop
      vertex   -1.048449e+002 1.416590e+002 3.500000e+000
      vertex   -1.048319e+002 1.416551e+002 5.000000e-001
      vertex   -1.049656e+002 1.417050e+002 5.000000e-001
    endloop
  endfacet
  facet normal 3.650428e-001 9.299972e-001 -4.401482e-004
    outer loop
      vertex   -1.048449e+002 1.416590e+002 3.500000e+000
      vertex   -1.049656e+002 1.417050e+002 5.000000e-001
      vertex   -1.049841e+002 1.417137e+002 3.500000e+000
    endloop
  endfacet
  facet normal 2.277210e-002 4.170480e-002 1.966304e-005
    outer loop
      vertex   -1.049841e+002 1.417137e+002 3.500000e+000
      vertex   -1.049656e+002 1.417050e+002 5.000000e-001
      vertex   -1.050908e+002 1.417734e+002 5.000000e-001
    endloop
  endfacet
  facet normal 4.995342e-001 8.653357e-001 -5.540603e-004
    outer loop
      vertex   -1.049841e+002 1.417137e+002 3.500000e+000
      vertex   -1.050908e+002 1.417734e+002 5.000000e-001
      vertex   -1.051135e+002 1.417884e+002 3.500000e+000
    endloop
  endfacet
  facet normal 2.848113e-002 3.804345e-002 2.493512e-005
    outer loop
      vertex   -1.051135e+002 1.417884e+002 3.500000e+000
      vertex   -1.050908e+002 1.417734e+002 5.000000e-001
      vertex   -1.052051e+002 1.418589e+002 5.000000e-001
    endloop
  endfacet
  facet normal 6.230248e-001 7.812549e-001 -6.516924e-004
    outer loop
      vertex   -1.051135e+002 1.417884e+002 3.500000e+000
      vertex   -1.052051e+002 1.418589e+002 5.000000e-001
      vertex   -1.052304e+002 1.418816e+002 3.500000e+000
    endloop
  endfacet
  facet normal 3.360614e-002 3.360614e-002 2.939990e-005
    outer loop
      vertex   -1.052304e+002 1.418816e+002 3.500000e+000
      vertex   -1.052051e+002 1.418589e+002 5.000000e-001
      vertex   -1.053059e+002 1.419598e+002 5.000000e-001
    endloop
  endfacet
  facet normal 7.326213e-001 6.796718e-001 -7.393157e-004
    outer loop
      vertex   -1.052304e+002 1.418816e+002 3.500000e+000
      vertex   -1.053059e+002 1.419598e+002 5.000000e-001
      vertex   -1.053320e+002 1.419911e+002 3.500000e+000
    endloop
  endfacet
  facet normal 3.804520e-002 2.848180e-002 3.286064e-005
    outer loop
      vertex   -1.053320e+002 1.419911e+002 3.500000e+000
      vertex   -1.053059e+002 1.419598e+002 5.000000e-001
      vertex   -1.053914e+002 1.420740e+002 5.000000e-001
    endloop
  endfacet
  facet normal 8.257485e-001 5.630150e-001 -8.100851e-004
    outer loop
      vertex   -1.053320e+002 1.419911e+002 3.500000e+000
      vertex   -1.053914e+002 1.420740e+002 5.000000e-001
      vertex   -1.054162e+002 1.421146e+002 3.500000e+000
    endloop
  endfacet
  facet normal 4.171672e-002 2.277976e-002 3.581654e-005
    outer loop
      vertex   -1.054162e+002 1.421146e+002 3.500000e+000
      vertex   -1.053914e+002 1.420740e+002 5.000000e-001
      vertex   -1.054598e+002 1.421992e+002 5.000000e-001
    endloop
  endfacet
  facet normal 8.908880e-001 4.538055e-001 -1.562199e-004
    outer loop
      vertex   -1.054162e+002 1.421146e+002 3.500000e+000
      vertex   -1.054598e+002 1.421992e+002 5.000000e-001
      vertex   -1.054639e+002 1.422081e+002 3.501284e+000
    endloop
  endfacet
  facet normal 9.328842e-001 3.577581e-001 1.857039e-004
    outer loop
      vertex   -1.054639e+002 1.422081e+002 3.501284e+000
      vertex   -1.054598e+002 1.421992e+002 5.000000e-001
      vertex   -1.055014e+002 1.423059e+002 3.505310e+000
    endloop
  endfacet
  facet normal 4.444781e-002 1.657724e-002 2.547694e-005
    outer loop
      vertex   -1.055014e+002 1.423059e+002 3.505310e+000
      vertex   -1.054598e+002 1.421992e+002 5.000000e-001
      vertex   -1.055097e+002 1.423329e+002 5.000000e-001
    endloop
  endfacet
  facet normal 9.611055e-001 2.706476e-001 -2.373081e-004
    outer loop
      vertex   -1.055014e+002 1.423059e+002 3.505310e+000
      vertex   -1.055097e+002 1.423329e+002 5.000000e-001
      vertex   -1.055227e+002 1.423816e+002 3.510386e+000
    endloop
  endfacet
  facet normal 4.628460e-002 1.006793e-002 3.660205e-005
    outer loop
      vertex   -1.055227e+002 1.423816e+002 3.510386e+000
      vertex   -1.055097e+002 1.423329e+002 5.000000e-001
      vertex   -1.055400e+002 1.424723e+002 5.000000e-001
    endloop
  endfacet
  facet normal 9.793392e-001 1.942978e-001 2.103431e-004
    outer loop
      vertex   -1.055227e+002 1.423816e+002 3.510386e+000
      vertex   -1.055400e+002 1.424723e+002 5.000000e-001
      vertex   -1.055380e+002 1.424587e+002 3.517218e+000
    endloop
  endfacet
  facet normal 9.878812e-001 1.164821e-001 -1.464981e-004
    outer loop
      vertex   -1.055380e+002 1.424587e+002 3.517218e+000
      vertex   -1.055400e+002 1.424723e+002 5.000000e-001
      vertex   -1.055471e+002 1.425365e+002 3.525663e+000
    endloop
  endfacet
  facet normal 4.701080e-002 3.361875e-003 3.933914e-005
    outer loop
      vertex   -1.055471e+002 1.425365e+002 3.525663e+000
      vertex   -1.055400e+002 1.424723e+002 5.000000e-001
      vertex   -1.055502e+002 1.426146e+002 5.000000e-001
    endloop
  endfacet
  facet normal 9.937848e-001 3.884248e-002 0.000000e+000
    outer loop
      vertex   -1.055471e+002 1.425365e+002 3.525663e+000
      vertex   -1.055502e+002 1.426146e+002 5.000000e-001
      vertex   -1.055502e+002 1.426146e+002 3.535905e+000
    endloop
  endfacet
  facet normal 8.956558e-001 0.000000e+000 0.000000e+000
    outer loop
      vertex   -1.055502e+002 1.451146e+002 5.000000e-001
      vertex   -1.055502e+002 1.434860e+002 3.779850e+000
      vertex   -1.055502e+002 1.426146e+002 5.000000e-001
    endloop
  endfacet
  facet normal 6.871909e-002 0.000000e+000 0.000000e+000
    outer loop
      vertex   -1.055502e+002 1.426146e+002 5.000000e-001
      vertex   -1.055502e+002 1.434860e+002 3.779850e+000
      vertex   -1.055502e+002 1.432296e+002 3.682352e+000
    endloop
  endfacet
  facet normal 7.801351e-002 0.000000e+000 0.000000e+000
    outer loop
      vertex   -1.055502e+002 1.426146e+002 5.000000e-001
      vertex   -1.055502e+002 1.432296e+002 3.682352e+000
      vertex   -1.055502e+002 1.429664e+002 3.605229e+000
    endloop
  endfacet
  facet normal 5.482962e-001 0.000000e+000 0.000000e+000
    outer loop
      vertex   -1.055502e+002 1.451146e+002 5.197224e+000
      vertex   -1.055502e+002 1.449642e+002 4.967842e+000
      vertex   -1.055502e+002 1.451146e+002 5.000000e-001
    endloop
  endfacet
  facet normal 4.107103e-002 0.000000e+000 0.000000e+000
    outer loop
      vertex   -1.055502e+002 1.451146e+002 5.000000e-001
      vertex   -1.055502e+002 1.449642e+002 4.967842e+000
      vertex   -1.055502e+002 1.447964e+002 4.750940e+000
    endloop
  endfacet
  facet normal 4.878478e-002 0.000000e+000 0.000000e+000
    outer loop
      vertex   -1.055502e+002 1.451146e+002 5.000000e-001
      vertex   -1.055502e+002 1.447964e+002 4.750940e+000
      vertex   -1.055502e+002 1.446120e+002 4.547849e+000
    endloop
  endfacet
  facet normal 8.069677e-001 0.000000e+000 0.000000e+000
    outer loop
      vertex   -1.055502e+002 1.446120e+002 4.547849e+000
      vertex   -1.055502e+002 1.444123e+002 4.359818e+000
      vertex   -1.055502e+002 1.451146e+002 5.000000e-001
    endloop
  endfacet
  facet normal 6.344474e-002 0.000000e+000 0.000000e+000
    outer loop
      vertex   -1.055502e+002 1.451146e+002 5.000000e-001
      vertex   -1.055502e+002 1.444123e+002 4.359818e+000
      vertex   -1.055502e+002 1.441985e+002 4.188002e+000
    endloop
  endfacet
  facet normal 6.925353e-002 0.000000e+000 0.000000e+000
    outer loop
      vertex   -1.055502e+002 1.451146e+002 5.000000e-001
      vertex   -1.055502e+002 1.441985e+002 4.188002e+000
      vertex   -1.055502e+002 1.439719e+002 4.033454e+000
    endloop
  endfacet
  facet normal 9.785642e-001 0.000000e+000 0.000000e+000
    outer loop
      vertex   -1.055502e+002 1.439719e+002 4.033454e+000
      vertex   -1.055502e+002 1.437339e+002 3.897124e+000
      vertex   -1.055502e+002 1.451146e+002 5.000000e-001
    endloop
  endfacet
  facet normal 7.478625e-002 0.000000e+000 0.000000e+000
    outer loop
      vertex   -1.055502e+002 1.451146e+002 5.000000e-001
      vertex   -1.055502e+002 1.437339e+002 3.897124e+000
      vertex   -1.055502e+002 1.434860e+002 3.779850e+000
    endloop
  endfacet
  facet normal 9.494101e-001 0.000000e+000 0.000000e+000
    outer loop
      vertex   -1.055502e+002 1.429664e+002 3.605229e+000
      vertex   -1.055502e+002 1.426980e+002 3.548954e+000
      vertex   -1.055502e+002 1.426146e+002 5.000000e-001
    endloop
  endfacet
  facet normal 2.731991e-002 0.000000e+000 0.000000e+000
    outer loop
      vertex   -1.055502e+002 1.426146e+002 5.000000e-001
      vertex   -1.055502e+002 1.426980e+002 3.548954e+000
      vertex   -1.055502e+002 1.426146e+002 3.535905e+000
    endloop
  endfacet
  facet normal -4.126677e-002 -3.584975e-002 1.481620e-003
    outer loop
      vertex   -5.305019e+001 1.451146e+002 7.000000e+000
      vertex   -5.305794e+001 1.451146e+002 6.784315e+000
      vertex   -5.305019e+001 1.451044e+002 6.752632e+000
    endloop
  endfacet
  facet normal -3.453938e-001 -3.762360e-001 3.698253e-002
    outer loop
      vertex   -5.305019e+001 1.451044e+002 6.752632e+000
      vertex   -5.305794e+001 1.451146e+002 6.784315e+000
      vertex   -5.308097e+001 1.451146e+002 6.569164e+000
    endloop
  endfacet
  facet normal -1.760764e-001 -1.639458e-001 2.040520e-002
    outer loop
      vertex   -5.305019e+001 1.451044e+002 6.752632e+000
      vertex   -5.308097e+001 1.451146e+002 6.569164e+000
      vertex   -5.305019e+001 1.450738e+002 6.506948e+000
    endloop
  endfacet
  facet normal -6.310934e-001 -6.461421e-001 1.115187e-001
    outer loop
      vertex   -5.305019e+001 1.450738e+002 6.506948e+000
      vertex   -5.308097e+001 1.451146e+002 6.569164e+000
      vertex   -5.311919e+001 1.451146e+002 6.352921e+000
    endloop
  endfacet
  facet normal -4.117843e-001 -3.889103e-001 8.142571e-002
    outer loop
      vertex   -5.305019e+001 1.450738e+002 6.506948e+000
      vertex   -5.311919e+001 1.451146e+002 6.352921e+000
      vertex   -5.305019e+001 1.450231e+002 6.264622e+000
    endloop
  endfacet
  facet normal -6.886660e-001 -6.814038e-001 1.683048e-001
    outer loop
      vertex   -5.305019e+001 1.450231e+002 6.264622e+000
      vertex   -5.311919e+001 1.451146e+002 6.352921e+000
      vertex   -5.317270e+001 1.451146e+002 6.133975e+000
    endloop
  endfacet
  facet normal -6.213201e-001 -5.838119e-001 1.735353e-001
    outer loop
      vertex   -5.305019e+001 1.450231e+002 6.264622e+000
      vertex   -5.317270e+001 1.451146e+002 6.133975e+000
      vertex   -5.305019e+001 1.449525e+002 6.027305e+000
    endloop
  endfacet
  facet normal -5.698486e-001 -5.468390e-001 1.764677e-001
    outer loop
      vertex   -5.305019e+001 1.449525e+002 6.027305e+000
      vertex   -5.317270e+001 1.451146e+002 6.133975e+000
      vertex   -5.324184e+001 1.451146e+002 5.910691e+000
    endloop
  endfacet
  facet normal -6.986230e-001 -6.452410e-001 2.513329e-001
    outer loop
      vertex   -5.305019e+001 1.449525e+002 6.027305e+000
      vertex   -5.324184e+001 1.451146e+002 5.910691e+000
      vertex   -5.305019e+001 1.448627e+002 5.796612e+000
    endloop
  endfacet
  facet normal -4.382740e-001 -4.072657e-001 1.631489e-001
    outer loop
      vertex   -5.305019e+001 1.448627e+002 5.796612e+000
      vertex   -5.324184e+001 1.451146e+002 5.910691e+000
      vertex   -5.332721e+001 1.451146e+002 5.681371e+000
    endloop
  endfacet
  facet normal -2.648406e-001 -2.388870e-001 1.143630e-001
    outer loop
      vertex   -5.305019e+001 1.448627e+002 5.796612e+000
      vertex   -5.332721e+001 1.451146e+002 5.681371e+000
      vertex   -5.342962e+001 1.451146e+002 5.444203e+000
    endloop
  endfacet
  facet normal -6.615588e-001 -5.921240e-001 2.889645e-001
    outer loop
      vertex   -5.305019e+001 1.448627e+002 5.796612e+000
      vertex   -5.342962e+001 1.451146e+002 5.444203e+000
      vertex   -5.305019e+001 1.447541e+002 5.574115e+000
    endloop
  endfacet
  facet normal -2.285268e-001 -2.003083e-001 1.115665e-001
    outer loop
      vertex   -5.305019e+001 1.447541e+002 5.574115e+000
      vertex   -5.342962e+001 1.451146e+002 5.444203e+000
      vertex   -5.355019e+001 1.451146e+002 5.197224e+000
    endloop
  endfacet
  facet normal -6.955243e-001 -5.947643e-001 3.537846e-001
    outer loop
      vertex   -5.305019e+001 1.447541e+002 5.574115e+000
      vertex   -5.355019e+001 1.451146e+002 5.197224e+000
      vertex   -5.305019e+001 1.446275e+002 5.361329e+000
    endloop
  endfacet
  facet normal -2.642629e-001 -2.221877e-001 1.456738e-001
    outer loop
      vertex   -5.305019e+001 1.446275e+002 5.361329e+000
      vertex   -5.355019e+001 1.451146e+002 5.197224e+000
      vertex   -5.355019e+001 1.449642e+002 4.967842e+000
    endloop
  endfacet
  facet normal -6.981270e-001 -5.656548e-001 4.030815e-001
    outer loop
      vertex   -5.305019e+001 1.446275e+002 5.361329e+000
      vertex   -5.355019e+001 1.449642e+002 4.967842e+000
      vertex   -5.305019e+001 1.444839e+002 5.159704e+000
    endloop
  endfacet
  facet normal -2.642688e-001 -2.101128e-001 1.626223e-001
    outer loop
      vertex   -5.305019e+001 1.444839e+002 5.159704e+000
      vertex   -5.355019e+001 1.449642e+002 4.967842e+000
      vertex   -5.355019e+001 1.447964e+002 4.750940e+000
    endloop
  endfacet
  facet normal -7.004318e-001 -5.322802e-001 4.498399e-001
    outer loop
      vertex   -5.305019e+001 1.444839e+002 5.159704e+000
      vertex   -5.355019e+001 1.447964e+002 4.750940e+000
      vertex   -5.305019e+001 1.443241e+002 4.970612e+000
    endloop
  endfacet
  facet normal -2.641319e-001 -1.966154e-001 1.784639e-001
    outer loop
      vertex   -5.305019e+001 1.443241e+002 4.970612e+000
      vertex   -5.355019e+001 1.447964e+002 4.750940e+000
      vertex   -5.355019e+001 1.446120e+002 4.547849e+000
    endloop
  endfacet
  facet normal -7.024329e-001 -4.948454e-001 4.937024e-001
    outer loop
      vertex   -5.305019e+001 1.443241e+002 4.970612e+000
      vertex   -5.355019e+001 1.446120e+002 4.547849e+000
      vertex   -5.305019e+001 1.441492e+002 4.795341e+000
    endloop
  endfacet
  facet normal -2.638587e-001 -1.818035e-001 1.930783e-001
    outer loop
      vertex   -5.305019e+001 1.441492e+002 4.795341e+000
      vertex   -5.355019e+001 1.446120e+002 4.547849e+000
      vertex   -5.355019e+001 1.444123e+002 4.359818e+000
    endloop
  endfacet
  facet normal -7.041038e-001 -4.536878e-001 5.342306e-001
    outer loop
      vertex   -5.305019e+001 1.441492e+002 4.795341e+000
      vertex   -5.355019e+001 1.444123e+002 4.359818e+000
      vertex   -5.305019e+001 1.439605e+002 4.635086e+000
    endloop
  endfacet
  facet normal -2.634256e-001 -1.658106e-001 2.063174e-001
    outer loop
      vertex   -5.305019e+001 1.439605e+002 4.635086e+000
      vertex   -5.355019e+001 1.444123e+002 4.359818e+000
      vertex   -5.355019e+001 1.441985e+002 4.188002e+000
    endloop
  endfacet
  facet normal -7.054576e-001 -4.090205e-001 5.711690e-001
    outer loop
      vertex   -5.305019e+001 1.439605e+002 4.635086e+000
      vertex   -5.355019e+001 1.441985e+002 4.188002e+000
      vertex   -5.305019e+001 1.437592e+002 4.490937e+000
    endloop
  endfacet
  facet normal -2.628688e-001 -1.487605e-001 2.181227e-001
    outer loop
      vertex   -5.305019e+001 1.437592e+002 4.490937e+000
      vertex   -5.355019e+001 1.441985e+002 4.188002e+000
      vertex   -5.355019e+001 1.439719e+002 4.033454e+000
    endloop
  endfacet
  facet normal -7.064756e-001 -3.612483e-001 6.041462e-001
    outer loop
      vertex   -5.305019e+001 1.437592e+002 4.490937e+000
      vertex   -5.355019e+001 1.439719e+002 4.033454e+000
      vertex   -5.305019e+001 1.435467e+002 4.363876e+000
    endloop
  endfacet
  facet normal -2.621412e-001 -1.308022e-001 2.283420e-001
    outer loop
      vertex   -5.305019e+001 1.435467e+002 4.363876e+000
      vertex   -5.355019e+001 1.439719e+002 4.033454e+000
      vertex   -5.355019e+001 1.437339e+002 3.897124e+000
    endloop
  endfacet
  facet normal -7.071663e-001 -3.107275e-001 6.328893e-001
    outer loop
      vertex   -5.305019e+001 1.435467e+002 4.363876e+000
      vertex   -5.355019e+001 1.437339e+002 3.897124e+000
      vertex   -5.305019e+001 1.433245e+002 4.254769e+000
    endloop
  endfacet
  facet normal -2.613049e-001 -1.120856e-001 2.369858e-001
    outer loop
      vertex   -5.305019e+001 1.433245e+002 4.254769e+000
      vertex   -5.355019e+001 1.437339e+002 3.897124e+000
      vertex   -5.355019e+001 1.434860e+002 3.779850e+000
    endloop
  endfacet
  facet normal -7.075088e-001 -2.577950e-001 6.572003e-001
    outer loop
      vertex   -5.305019e+001 1.433245e+002 4.254769e+000
      vertex   -5.355019e+001 1.434860e+002 3.779850e+000
      vertex   -5.305019e+001 1.430940e+002 4.164359e+000
    endloop
  endfacet
  facet normal -2.603072e-001 -9.276609e-002 2.439203e-001
    outer loop
      vertex   -5.305019e+001 1.430940e+002 4.164359e+000
      vertex   -5.355019e+001 1.434860e+002 3.779850e+000
      vertex   -5.355019e+001 1.432296e+002 3.682352e+000
    endloop
  endfacet
  facet normal -7.075184e-001 -2.029129e-001 6.768308e-001
    outer loop
      vertex   -5.305019e+001 1.430940e+002 4.164359e+000
      vertex   -5.355019e+001 1.432296e+002 3.682352e+000
      vertex   -5.305019e+001 1.428568e+002 4.093261e+000
    endloop
  endfacet
  facet normal -2.591899e-001 -7.300397e-002 2.491549e-001
    outer loop
      vertex   -5.305019e+001 1.428568e+002 4.093261e+000
      vertex   -5.355019e+001 1.432296e+002 3.682352e+000
      vertex   -5.355019e+001 1.429664e+002 3.605229e+000
    endloop
  endfacet
  facet normal -7.071833e-001 -1.464951e-001 6.916338e-001
    outer loop
      vertex   -5.305019e+001 1.428568e+002 4.093261e+000
      vertex   -5.355019e+001 1.429664e+002 3.605229e+000
      vertex   -5.305019e+001 1.426146e+002 4.041960e+000
    endloop
  endfacet
  facet normal -2.579571e-001 -5.296393e-002 2.526658e-001
    outer loop
      vertex   -5.305019e+001 1.426146e+002 4.041960e+000
      vertex   -5.355019e+001 1.429664e+002 3.605229e+000
      vertex   -5.330019e+001 1.426563e+002 3.795457e+000
    endloop
  endfacet
  facet normal -4.390040e-001 -9.014425e-002 4.299867e-001
    outer loop
      vertex   -5.330019e+001 1.426563e+002 3.795457e+000
      vertex   -5.355019e+001 1.429664e+002 3.605229e+000
      vertex   -5.342519e+001 1.426771e+002 3.672205e+000
    endloop
  endfacet
  facet normal -6.015438e-001 -1.235162e-001 5.892038e-001
    outer loop
      vertex   -5.342519e+001 1.426771e+002 3.672205e+000
      vertex   -5.355019e+001 1.429664e+002 3.605229e+000
      vertex   -5.355019e+001 1.426980e+002 3.548954e+000
    endloop
  endfacet
  facet normal -6.871781e-001 1.457780e-001 7.114348e-001
    outer loop
      vertex   -5.357772e+001 1.423816e+002 3.510386e+000
      vertex   -5.359904e+001 1.423059e+002 3.505310e+000
      vertex   -5.346031e+001 1.423367e+002 3.632989e+000
    endloop
  endfacet
  facet normal -6.328866e-001 1.516661e-001 6.510251e-001
    outer loop
      vertex   -5.346031e+001 1.423367e+002 3.632989e+000
      vertex   -5.359904e+001 1.423059e+002 3.505310e+000
      vertex   -5.348328e+001 1.422581e+002 3.628982e+000
    endloop
  endfacet
  facet normal -6.128453e-001 1.468634e-001 6.304093e-001
    outer loop
      vertex   -5.346031e+001 1.423367e+002 3.632989e+000
      vertex   -5.348328e+001 1.422581e+002 3.628982e+000
      vertex   -5.336752e+001 1.422103e+002 3.752655e+000
    endloop
  endfacet
  facet normal -3.112097e-001 8.755150e-002 3.251496e-001
    outer loop
      vertex   -5.313601e+001 1.421146e+002 4.000000e+000
      vertex   -5.322426e+001 1.422515e+002 3.878680e+000
      vertex   -5.336752e+001 1.422103e+002 3.752655e+000
    endloop
  endfacet
  facet normal -6.101196e-001 1.593468e-001 6.414695e-001
    outer loop
      vertex   -5.336752e+001 1.422103e+002 3.752655e+000
      vertex   -5.322426e+001 1.422515e+002 3.878680e+000
      vertex   -5.334229e+001 1.422941e+002 3.755835e+000
    endloop
  endfacet
  facet normal -6.036851e-001 1.576656e-001 6.347225e-001
    outer loop
      vertex   -5.336752e+001 1.422103e+002 3.752655e+000
      vertex   -5.334229e+001 1.422941e+002 3.755835e+000
      vertex   -5.346031e+001 1.423367e+002 3.632989e+000
    endloop
  endfacet
  facet normal -6.999443e-001 9.699199e-002 7.061493e-001
    outer loop
      vertex   -5.346031e+001 1.423367e+002 3.632989e+000
      vertex   -5.334229e+001 1.422941e+002 3.755835e+000
      vertex   -5.344319e+001 1.424166e+002 3.638991e+000
    endloop
  endfacet
  facet normal -6.996265e-001 9.697418e-002 7.054797e-001
    outer loop
      vertex   -5.346031e+001 1.423367e+002 3.632989e+000
      vertex   -5.344319e+001 1.424166e+002 3.638991e+000
      vertex   -5.357772e+001 1.423816e+002 3.510386e+000
    endloop
  endfacet
  facet normal -6.476358e-001 7.012773e-002 6.583950e-001
    outer loop
      vertex   -5.357772e+001 1.423816e+002 3.510386e+000
      vertex   -5.344319e+001 1.424166e+002 3.638991e+000
      vertex   -5.356243e+001 1.424587e+002 3.517218e+000
    endloop
  endfacet
  facet normal -3.250803e-001 1.259282e-002 3.226678e-001
    outer loop
      vertex   -5.356243e+001 1.424587e+002 3.517218e+000
      vertex   -5.344319e+001 1.424166e+002 3.638991e+000
      vertex   -5.343130e+001 1.425027e+002 3.647606e+000
    endloop
  endfacet
  facet normal -6.524971e-001 5.960593e-003 6.541762e-001
    outer loop
      vertex   -5.356243e+001 1.424587e+002 3.517218e+000
      vertex   -5.343130e+001 1.425027e+002 3.647606e+000
      vertex   -5.355325e+001 1.425365e+002 3.525663e+000
    endloop
  endfacet
  facet normal -3.211394e-001 -2.055529e-002 3.154497e-001
    outer loop
      vertex   -5.355325e+001 1.425365e+002 3.525663e+000
      vertex   -5.343130e+001 1.425027e+002 3.647606e+000
      vertex   -5.342614e+001 1.425881e+002 3.658418e+000
    endloop
  endfacet
  facet normal -6.540058e-001 -5.957646e-002 6.492926e-001
    outer loop
      vertex   -5.355325e+001 1.425365e+002 3.525663e+000
      vertex   -5.342614e+001 1.425881e+002 3.658418e+000
      vertex   -5.355019e+001 1.426146e+002 3.535905e+000
    endloop
  endfacet
  facet normal -5.801952e-001 1.726036e-001 6.167641e-001
    outer loop
      vertex   -5.313601e+001 1.421146e+002 4.000000e+000
      vertex   -5.310567e+001 1.422110e+002 4.001556e+000
      vertex   -5.322426e+001 1.422515e+002 3.878680e+000
    endloop
  endfacet
  facet normal -6.929356e-001 1.240170e-001 7.095847e-001
    outer loop
      vertex   -5.322426e+001 1.422515e+002 3.878680e+000
      vertex   -5.310567e+001 1.422110e+002 4.001556e+000
      vertex   -5.320296e+001 1.423417e+002 3.883718e+000
    endloop
  endfacet
  facet normal -6.060529e-001 1.080554e-001 6.279892e-001
    outer loop
      vertex   -5.322426e+001 1.422515e+002 3.878680e+000
      vertex   -5.320296e+001 1.423417e+002 3.883718e+000
      vertex   -5.332307e+001 1.423791e+002 3.761354e+000
    endloop
  endfacet
  facet normal -7.058524e-001 4.202807e-002 7.057401e-001
    outer loop
      vertex   -5.332307e+001 1.423791e+002 3.761354e+000
      vertex   -5.320296e+001 1.423417e+002 3.883718e+000
      vertex   -5.330913e+001 1.424707e+002 3.769841e+000
    endloop
  endfacet
  facet normal -6.168635e-001 3.588090e-002 6.259245e-001
    outer loop
      vertex   -5.332307e+001 1.423791e+002 3.761354e+000
      vertex   -5.330913e+001 1.424707e+002 3.769841e+000
      vertex   -5.343130e+001 1.425027e+002 3.647606e+000
    endloop
  endfacet
  facet normal -7.115631e-001 -4.558363e-002 6.992587e-001
    outer loop
      vertex   -5.343130e+001 1.425027e+002 3.647606e+000
      vertex   -5.330913e+001 1.424707e+002 3.769841e+000
      vertex   -5.342614e+001 1.425881e+002 3.658418e+000
    endloop
  endfacet
  facet normal -5.996350e-001 1.150927e-001 6.226603e-001
    outer loop
      vertex   -5.310567e+001 1.422110e+002 4.001556e+000
      vertex   -5.308188e+001 1.423092e+002 4.006317e+000
      vertex   -5.320296e+001 1.423417e+002 3.883718e+000
    endloop
  endfacet
  facet normal -7.031023e-001 5.484820e-002 7.088849e-001
    outer loop
      vertex   -5.320296e+001 1.423417e+002 3.883718e+000
      vertex   -5.308188e+001 1.423092e+002 4.006317e+000
      vertex   -5.318696e+001 1.424388e+002 3.892075e+000
    endloop
  endfacet
  facet normal -6.076312e-001 4.680272e-002 6.195737e-001
    outer loop
      vertex   -5.320296e+001 1.423417e+002 3.883718e+000
      vertex   -5.318696e+001 1.424388e+002 3.892075e+000
      vertex   -5.330913e+001 1.424707e+002 3.769841e+000
    endloop
  endfacet
  facet normal -7.103063e-001 -3.065307e-002 7.019314e-001
    outer loop
      vertex   -5.330913e+001 1.424707e+002 3.769841e+000
      vertex   -5.318696e+001 1.424388e+002 3.892075e+000
      vertex   -5.330209e+001 1.425615e+002 3.780931e+000
    endloop
  endfacet
  facet normal -6.232979e-001 -2.801235e-002 6.250679e-001
    outer loop
      vertex   -5.330913e+001 1.424707e+002 3.769841e+000
      vertex   -5.330209e+001 1.425615e+002 3.780931e+000
      vertex   -5.342614e+001 1.425881e+002 3.658418e+000
    endloop
  endfacet
  facet normal -6.063367e-001 5.491501e-002 6.199591e-001
    outer loop
      vertex   -5.308188e+001 1.423092e+002 4.006317e+000
      vertex   -5.306459e+001 1.424085e+002 4.014437e+000
      vertex   -5.318696e+001 1.424388e+002 3.892075e+000
    endloop
  endfacet
  facet normal -3.557946e-001 -3.185146e-003 3.550365e-001
    outer loop
      vertex   -5.318696e+001 1.424388e+002 3.892075e+000
      vertex   -5.306459e+001 1.424085e+002 4.014437e+000
      vertex   -5.305399e+001 1.425084e+002 4.025957e+000
    endloop
  endfacet
  facet normal -5.959627e-001 -1.564817e-002 6.000585e-001
    outer loop
      vertex   -5.318696e+001 1.424388e+002 3.892075e+000
      vertex   -5.305399e+001 1.425084e+002 4.025957e+000
      vertex   -5.330209e+001 1.425615e+002 3.780931e+000
    endloop
  endfacet
  facet normal -3.067882e-001 4.880270e-002 3.161039e-001
    outer loop
      vertex   -5.344319e+001 1.424166e+002 3.638991e+000
      vertex   -5.334229e+001 1.422941e+002 3.755835e+000
      vertex   -5.332307e+001 1.423791e+002 3.761354e+000
    endloop
  endfacet
  facet normal -6.127313e-001 9.803112e-002 6.227070e-001
    outer loop
      vertex   -5.332307e+001 1.423791e+002 3.761354e+000
      vertex   -5.334229e+001 1.422941e+002 3.755835e+000
      vertex   -5.322426e+001 1.422515e+002 3.878680e+000
    endloop
  endfacet
  facet normal -6.221793e-001 2.404551e-002 6.181239e-001
    outer loop
      vertex   -5.343130e+001 1.425027e+002 3.647606e+000
      vertex   -5.344319e+001 1.424166e+002 3.638991e+000
      vertex   -5.332307e+001 1.423791e+002 3.761354e+000
    endloop
  endfacet
  facet normal 4.107130e-002 7.059130e-001 7.059130e-001
    outer loop
      vertex   -1.045502e+002 1.411146e+002 4.000000e+000
      vertex   -1.045502e+002 1.416146e+002 3.500000e+000
      vertex   -1.047243e+002 1.411248e+002 4.000000e+000
    endloop
  endfacet
  facet normal 1.093119e-002 1.458687e-001 1.467200e-001
    outer loop
      vertex   -1.047243e+002 1.411248e+002 4.000000e+000
      vertex   -1.045502e+002 1.416146e+002 3.500000e+000
      vertex   -1.046992e+002 1.416258e+002 3.500000e+000
    endloop
  endfacet
  facet normal 1.225781e-001 6.952063e-001 7.028008e-001
    outer loop
      vertex   -1.047243e+002 1.411248e+002 4.000000e+000
      vertex   -1.046992e+002 1.416258e+002 3.500000e+000
      vertex   -1.048961e+002 1.411550e+002 4.000000e+000
    endloop
  endfacet
  facet normal 3.269343e-002 1.432720e-001 1.477634e-001
    outer loop
      vertex   -1.048961e+002 1.411550e+002 4.000000e+000
      vertex   -1.046992e+002 1.416258e+002 3.500000e+000
      vertex   -1.048449e+002 1.416590e+002 3.500000e+000
    endloop
  endfacet
  facet normal 2.014877e-001 6.729468e-001 6.989478e-001
    outer loop
      vertex   -1.048961e+002 1.411550e+002 4.000000e+000
      vertex   -1.048449e+002 1.416590e+002 3.500000e+000
      vertex   -1.050632e+002 1.412051e+002 4.000000e+000
    endloop
  endfacet
  facet normal 5.361503e-002 1.365917e-001 1.474214e-001
    outer loop
      vertex   -1.050632e+002 1.412051e+002 4.000000e+000
      vertex   -1.048449e+002 1.416590e+002 3.500000e+000
      vertex   -1.049841e+002 1.417137e+002 3.500000e+000
    endloop
  endfacet
  facet normal 2.759869e-001 6.398045e-001 6.944650e-001
    outer loop
      vertex   -1.050632e+002 1.412051e+002 4.000000e+000
      vertex   -1.049841e+002 1.417137e+002 3.500000e+000
      vertex   -1.052234e+002 1.412742e+002 4.000000e+000
    endloop
  endfacet
  facet normal 7.278833e-002 1.260901e-001 1.456683e-001
    outer loop
      vertex   -1.052234e+002 1.412742e+002 4.000000e+000
      vertex   -1.049841e+002 1.417137e+002 3.500000e+000
      vertex   -1.051135e+002 1.417884e+002 3.500000e+000
    endloop
  endfacet
  facet normal 3.445576e-001 5.967671e-001 6.894413e-001
    outer loop
      vertex   -1.052234e+002 1.412742e+002 4.000000e+000
      vertex   -1.051135e+002 1.417884e+002 3.500000e+000
      vertex   -1.053745e+002 1.413614e+002 4.000000e+000
    endloop
  endfacet
  facet normal 4.220654e-001 5.669687e-001 7.044442e-001
    outer loop
      vertex   -1.053745e+002 1.413614e+002 4.000000e+000
      vertex   -1.051135e+002 1.417884e+002 3.500000e+000
      vertex   -1.055144e+002 1.414655e+002 4.000000e+000
    endloop
  endfacet
  facet normal 9.148643e-002 1.147213e-001 1.474168e-001
    outer loop
      vertex   -1.055144e+002 1.414655e+002 4.000000e+000
      vertex   -1.051135e+002 1.417884e+002 3.500000e+000
      vertex   -1.052304e+002 1.418816e+002 3.500000e+000
    endloop
  endfacet
  facet normal 4.834387e-001 5.124327e-001 7.009572e-001
    outer loop
      vertex   -1.055144e+002 1.414655e+002 4.000000e+000
      vertex   -1.052304e+002 1.418816e+002 3.500000e+000
      vertex   -1.056413e+002 1.415853e+002 4.000000e+000
    endloop
  endfacet
  facet normal 1.077428e-001 9.995578e-002 1.477765e-001
    outer loop
      vertex   -1.056413e+002 1.415853e+002 4.000000e+000
      vertex   -1.052304e+002 1.418816e+002 3.500000e+000
      vertex   -1.053320e+002 1.419911e+002 3.500000e+000
    endloop
  endfacet
  facet normal 5.361703e-001 4.498492e-001 6.967778e-001
    outer loop
      vertex   -1.056413e+002 1.415853e+002 4.000000e+000
      vertex   -1.053320e+002 1.419911e+002 3.500000e+000
      vertex   -1.057534e+002 1.417189e+002 4.000000e+000
    endloop
  endfacet
  facet normal 1.208579e-001 8.240381e-002 1.467169e-001
    outer loop
      vertex   -1.057534e+002 1.417189e+002 4.000000e+000
      vertex   -1.053320e+002 1.419911e+002 3.500000e+000
      vertex   -1.054162e+002 1.421146e+002 3.500000e+000
    endloop
  endfacet
  facet normal 4.580078e-002 3.012465e-002 5.472708e-002
    outer loop
      vertex   -1.057534e+002 1.417189e+002 4.000000e+000
      vertex   -1.054162e+002 1.421146e+002 3.500000e+000
      vertex   -1.055245e+002 1.420521e+002 3.625000e+000
    endloop
  endfacet
  facet normal 1.868819e-001 1.229183e-001 2.233041e-001
    outer loop
      vertex   -1.055245e+002 1.420521e+002 3.625000e+000
      vertex   -1.056327e+002 1.419896e+002 3.750000e+000
      vertex   -1.057534e+002 1.417189e+002 4.000000e+000
    endloop
  endfacet
  facet normal 5.386625e-001 3.542956e-001 6.436445e-001
    outer loop
      vertex   -1.057534e+002 1.417189e+002 4.000000e+000
      vertex   -1.056327e+002 1.419896e+002 3.750000e+000
      vertex   -1.058492e+002 1.418646e+002 4.000000e+000
    endloop
  endfacet
  facet normal -0.000000e+000 7.071068e-001 7.071068e-001
    outer loop
      vertex   -1.045502e+002 1.411146e+002 4.000000e+000
      vertex   -5.455019e+001 1.411146e+002 4.000000e+000
      vertex   -1.045502e+002 1.416146e+002 3.500000e+000
    endloop
  endfacet
  facet normal -0.000000e+000 9.999000e-003 9.999000e-003
    outer loop
      vertex   -1.045502e+002 1.416146e+002 3.500000e+000
      vertex   -5.455019e+001 1.411146e+002 4.000000e+000
      vertex   -5.455019e+001 1.416146e+002 3.500000e+000
    endloop
  endfacet
  facet normal -5.907726e-001 3.885701e-001 7.059106e-001
    outer loop
      vertex   -5.325116e+001 1.418646e+002 4.000000e+000
      vertex   -5.346766e+001 1.419896e+002 3.750000e+000
      vertex   -5.334701e+001 1.417189e+002 4.000000e+000
    endloop
  endfacet
  facet normal -8.519886e-002 5.603803e-002 1.018036e-001
    outer loop
      vertex   -5.334701e+001 1.417189e+002 4.000000e+000
      vertex   -5.346766e+001 1.419896e+002 3.750000e+000
      vertex   -5.357592e+001 1.420521e+002 3.625000e+000
    endloop
  endfacet
  facet normal -4.580078e-002 3.012465e-002 5.472708e-002
    outer loop
      vertex   -5.334701e+001 1.417189e+002 4.000000e+000
      vertex   -5.357592e+001 1.420521e+002 3.625000e+000
      vertex   -5.368417e+001 1.421146e+002 3.500000e+000
    endloop
  endfacet
  facet normal -5.727364e-001 3.904876e-001 6.952661e-001
    outer loop
      vertex   -5.368417e+001 1.421146e+002 3.500000e+000
      vertex   -5.376836e+001 1.419911e+002 3.500000e+000
      vertex   -5.334701e+001 1.417189e+002 4.000000e+000
    endloop
  endfacet
  facet normal -5.407979e-001 4.537473e-001 7.027960e-001
    outer loop
      vertex   -5.334701e+001 1.417189e+002 4.000000e+000
      vertex   -5.376836e+001 1.419911e+002 3.500000e+000
      vertex   -5.345914e+001 1.415853e+002 4.000000e+000
    endloop
  endfacet
  facet normal -1.077436e-001 9.996030e-002 1.477790e-001
    outer loop
      vertex   -5.345914e+001 1.415853e+002 4.000000e+000
      vertex   -5.376836e+001 1.419911e+002 3.500000e+000
      vertex   -5.387002e+001 1.418816e+002 3.500000e+000
    endloop
  endfacet
  facet normal -4.820690e-001 5.109501e-001 6.989493e-001
    outer loop
      vertex   -5.345914e+001 1.415853e+002 4.000000e+000
      vertex   -5.387002e+001 1.418816e+002 3.500000e+000
      vertex   -5.358601e+001 1.414655e+002 4.000000e+000
    endloop
  endfacet
  facet normal -9.148569e-002 1.147241e-001 1.474194e-001
    outer loop
      vertex   -5.358601e+001 1.414655e+002 4.000000e+000
      vertex   -5.387002e+001 1.418816e+002 3.500000e+000
      vertex   -5.398688e+001 1.417884e+002 3.500000e+000
    endloop
  endfacet
  facet normal -4.160715e-001 5.589323e-001 6.944563e-001
    outer loop
      vertex   -5.358601e+001 1.414655e+002 4.000000e+000
      vertex   -5.398688e+001 1.417884e+002 3.500000e+000
      vertex   -5.372593e+001 1.413614e+002 4.000000e+000
    endloop
  endfacet
  facet normal -7.278880e-002 1.260835e-001 1.456596e-001
    outer loop
      vertex   -5.372593e+001 1.413614e+002 4.000000e+000
      vertex   -5.398688e+001 1.417884e+002 3.500000e+000
      vertex   -5.411631e+001 1.417137e+002 3.500000e+000
    endloop
  endfacet
  facet normal -3.445565e-001 5.967652e-001 6.894522e-001
    outer loop
      vertex   -5.372593e+001 1.413614e+002 4.000000e+000
      vertex   -5.411631e+001 1.417137e+002 3.500000e+000
      vertex   -5.387700e+001 1.412742e+002 4.000000e+000
    endloop
  endfacet
  facet normal -2.799557e-001 6.490051e-001 7.044495e-001
    outer loop
      vertex   -5.387700e+001 1.412742e+002 4.000000e+000
      vertex   -5.411631e+001 1.417137e+002 3.500000e+000
      vertex   -5.403717e+001 1.412051e+002 4.000000e+000
    endloop
  endfacet
  facet normal -5.361515e-002 1.365920e-001 1.474213e-001
    outer loop
      vertex   -5.403717e+001 1.412051e+002 4.000000e+000
      vertex   -5.411631e+001 1.417137e+002 3.500000e+000
      vertex   -5.425544e+001 1.416590e+002 3.500000e+000
    endloop
  endfacet
  facet normal -2.020679e-001 6.748847e-001 7.009591e-001
    outer loop
      vertex   -5.403717e+001 1.412051e+002 4.000000e+000
      vertex   -5.425544e+001 1.416590e+002 3.500000e+000
      vertex   -5.420427e+001 1.411550e+002 4.000000e+000
    endloop
  endfacet
  facet normal -3.269340e-002 1.432793e-001 1.477705e-001
    outer loop
      vertex   -5.420427e+001 1.411550e+002 4.000000e+000
      vertex   -5.425544e+001 1.416590e+002 3.500000e+000
      vertex   -5.440115e+001 1.416258e+002 3.500000e+000
    endloop
  endfacet
  facet normal -1.215291e-001 6.892567e-001 6.967871e-001
    outer loop
      vertex   -5.420427e+001 1.411550e+002 4.000000e+000
      vertex   -5.440115e+001 1.416258e+002 3.500000e+000
      vertex   -5.437606e+001 1.411248e+002 4.000000e+000
    endloop
  endfacet
  facet normal -1.093121e-002 1.458614e-001 1.467128e-001
    outer loop
      vertex   -5.437606e+001 1.411248e+002 4.000000e+000
      vertex   -5.440115e+001 1.416258e+002 3.500000e+000
      vertex   -5.455019e+001 1.416146e+002 3.500000e+000
    endloop
  endfacet
  facet normal -4.026320e-002 6.920086e-001 6.920086e-001
    outer loop
      vertex   -5.437606e+001 1.411248e+002 4.000000e+000
      vertex   -5.455019e+001 1.416146e+002 3.500000e+000
      vertex   -5.455019e+001 1.411146e+002 4.000000e+000
    endloop
  endfacet
  facet normal 6.704875e-001 1.995496e-001 7.058525e-001
    outer loop
      vertex   -1.059947e+002 1.422110e+002 4.001556e+000
      vertex   -1.059644e+002 1.421146e+002 4.000000e+000
      vertex   -1.057462e+002 1.422520e+002 3.753950e+000
    endloop
  endfacet
  facet normal 6.686191e-001 1.924931e-001 7.002566e-001
    outer loop
      vertex   -1.057462e+002 1.422520e+002 3.753950e+000
      vertex   -1.059644e+002 1.421146e+002 4.000000e+000
      vertex   -1.057329e+002 1.422103e+002 3.752655e+000
    endloop
  endfacet
  facet normal 6.626047e-001 1.907609e-001 6.939785e-001
    outer loop
      vertex   -1.057462e+002 1.422520e+002 3.753950e+000
      vertex   -1.057329e+002 1.422103e+002 3.752655e+000
      vertex   -1.056171e+002 1.422581e+002 3.628982e+000
    endloop
  endfacet
  facet normal 1.649785e-001 4.749656e-002 1.727901e-001
    outer loop
      vertex   -1.056171e+002 1.422581e+002 3.628982e+000
      vertex   -1.055014e+002 1.423059e+002 3.505310e+000
      vertex   -1.057462e+002 1.422520e+002 3.753950e+000
    endloop
  endfacet
  facet normal 1.523307e-001 3.236708e-002 1.570518e-001
    outer loop
      vertex   -1.057462e+002 1.422520e+002 3.753950e+000
      vertex   -1.055014e+002 1.423059e+002 3.505310e+000
      vertex   -1.055227e+002 1.423816e+002 3.510386e+000
    endloop
  endfacet
  facet normal 6.752608e-001 1.587004e-001 7.042919e-001
    outer loop
      vertex   -1.057462e+002 1.422520e+002 3.753950e+000
      vertex   -1.055227e+002 1.423816e+002 3.510386e+000
      vertex   -1.057581e+002 1.422941e+002 3.755835e+000
    endloop
  endfacet
  facet normal 6.919501e-001 1.276657e-001 7.092313e-001
    outer loop
      vertex   -1.057581e+002 1.422941e+002 3.755835e+000
      vertex   -1.055227e+002 1.423816e+002 3.510386e+000
      vertex   -1.057685e+002 1.423365e+002 3.758305e+000
    endloop
  endfacet
  facet normal 6.921763e-001 1.276940e-001 7.096943e-001
    outer loop
      vertex   -1.057581e+002 1.422941e+002 3.755835e+000
      vertex   -1.057685e+002 1.423365e+002 3.758305e+000
      vertex   -1.059947e+002 1.422110e+002 4.001556e+000
    endloop
  endfacet
  facet normal 6.816126e-001 1.311513e-001 7.016521e-001
    outer loop
      vertex   -1.059947e+002 1.422110e+002 4.001556e+000
      vertex   -1.057685e+002 1.423365e+002 3.758305e+000
      vertex   -1.060185e+002 1.423092e+002 4.006317e+000
    endloop
  endfacet
  facet normal 8.593602e-002 1.157367e-002 8.791584e-002
    outer loop
      vertex   -1.060185e+002 1.423092e+002 4.006317e+000
      vertex   -1.057685e+002 1.423365e+002 3.758305e+000
      vertex   -1.057773e+002 1.423791e+002 3.761354e+000
    endloop
  endfacet
  facet normal 1.795804e-001 1.066429e-002 1.798576e-001
    outer loop
      vertex   -1.060185e+002 1.423092e+002 4.006317e+000
      vertex   -1.057773e+002 1.423791e+002 3.761354e+000
      vertex   -1.057913e+002 1.424707e+002 3.769841e+000
    endloop
  endfacet
  facet normal 6.917576e-001 4.118979e-002 6.916370e-001
    outer loop
      vertex   -1.057913e+002 1.424707e+002 3.769841e+000
      vertex   -1.057773e+002 1.423791e+002 3.761354e+000
      vertex   -1.055380e+002 1.424587e+002 3.517218e+000
    endloop
  endfacet
  facet normal 1.555083e-001 1.426431e-003 1.558545e-001
    outer loop
      vertex   -1.057913e+002 1.424707e+002 3.769841e+000
      vertex   -1.055380e+002 1.424587e+002 3.517218e+000
      vertex   -1.055471e+002 1.425365e+002 3.525663e+000
    endloop
  endfacet
  facet normal 6.993337e-001 7.606164e-002 7.071628e-001
    outer loop
      vertex   -1.055227e+002 1.423816e+002 3.510386e+000
      vertex   -1.055380e+002 1.424587e+002 3.517218e+000
      vertex   -1.057685e+002 1.423365e+002 3.758305e+000
    endloop
  endfacet
  facet normal 6.869193e-001 9.245161e-002 7.035987e-001
    outer loop
      vertex   -1.057685e+002 1.423365e+002 3.758305e+000
      vertex   -1.055380e+002 1.424587e+002 3.517218e+000
      vertex   -1.057773e+002 1.423791e+002 3.761354e+000
    endloop
  endfacet
  facet normal 7.078159e-001 -6.451472e-002 7.027292e-001
    outer loop
      vertex   -1.055502e+002 1.426146e+002 3.535905e+000
      vertex   -1.056742e+002 1.425881e+002 3.658418e+000
      vertex   -1.055471e+002 1.425365e+002 3.525663e+000
    endloop
  endfacet
  facet normal 1.435454e-001 -1.308676e-002 1.425150e-001
    outer loop
      vertex   -1.055471e+002 1.425365e+002 3.525663e+000
      vertex   -1.056742e+002 1.425881e+002 3.658418e+000
      vertex   -1.057983e+002 1.425615e+002 3.780931e+000
    endloop
  endfacet
  facet normal 1.814488e-001 -7.828518e-003 1.792942e-001
    outer loop
      vertex   -1.055471e+002 1.425365e+002 3.525663e+000
      vertex   -1.057983e+002 1.425615e+002 3.780931e+000
      vertex   -1.057913e+002 1.424707e+002 3.769841e+000
    endloop
  endfacet
  facet normal 6.848288e-001 -3.077759e-002 6.867729e-001
    outer loop
      vertex   -1.057913e+002 1.424707e+002 3.769841e+000
      vertex   -1.057983e+002 1.425615e+002 3.780931e+000
      vertex   -1.060464e+002 1.425084e+002 4.025957e+000
    endloop
  endfacet
  facet normal 1.969043e-001 -1.747586e-003 1.964186e-001
    outer loop
      vertex   -1.057913e+002 1.424707e+002 3.769841e+000
      vertex   -1.060464e+002 1.425084e+002 4.025957e+000
      vertex   -1.060358e+002 1.424085e+002 4.014437e+000
    endloop
  endfacet
  facet normal 6.976871e-001 6.316806e-002 7.136115e-001
    outer loop
      vertex   -1.060358e+002 1.424085e+002 4.014437e+000
      vertex   -1.060185e+002 1.423092e+002 4.006317e+000
      vertex   -1.057913e+002 1.424707e+002 3.769841e+000
    endloop
  endfacet
  facet normal 6.832168e-001 1.605884e-001 7.121850e-001
    outer loop
      vertex   -1.057581e+002 1.422941e+002 3.755835e+000
      vertex   -1.059947e+002 1.422110e+002 4.001556e+000
      vertex   -1.057462e+002 1.422520e+002 3.753950e+000
    endloop
  endfacet
  facet normal 6.007599e-001 -5.265781e-001 2.932902e-001
    outer loop
      vertex   -1.056708e+002 1.451146e+002 5.444203e+000
      vertex   -1.060502e+002 1.447541e+002 5.574115e+000
      vertex   -1.055502e+002 1.451146e+002 5.197224e+000
    endloop
  endfacet
  facet normal 2.401458e-001 -2.053561e-001 1.221523e-001
    outer loop
      vertex   -1.055502e+002 1.451146e+002 5.197224e+000
      vertex   -1.060502e+002 1.447541e+002 5.574115e+000
      vertex   -1.060502e+002 1.446275e+002 5.361329e+000
    endloop
  endfacet
  facet normal 6.935520e-001 -5.831266e-001 3.823175e-001
    outer loop
      vertex   -1.055502e+002 1.451146e+002 5.197224e+000
      vertex   -1.060502e+002 1.446275e+002 5.361329e+000
      vertex   -1.055502e+002 1.449642e+002 4.967842e+000
    endloop
  endfacet
  facet normal 2.402503e-001 -1.946619e-001 1.387146e-001
    outer loop
      vertex   -1.055502e+002 1.449642e+002 4.967842e+000
      vertex   -1.060502e+002 1.446275e+002 5.361329e+000
      vertex   -1.060502e+002 1.444839e+002 5.159704e+000
    endloop
  endfacet
  facet normal 6.912703e-001 -5.496100e-001 4.253851e-001
    outer loop
      vertex   -1.055502e+002 1.449642e+002 4.967842e+000
      vertex   -1.060502e+002 1.444839e+002 5.159704e+000
      vertex   -1.055502e+002 1.447964e+002 4.750940e+000
    endloop
  endfacet
  facet normal 2.401695e-001 -1.825124e-001 1.542446e-001
    outer loop
      vertex   -1.055502e+002 1.447964e+002 4.750940e+000
      vertex   -1.060502e+002 1.444839e+002 5.159704e+000
      vertex   -1.060502e+002 1.443241e+002 4.970612e+000
    endloop
  endfacet
  facet normal 6.888415e-001 -5.127621e-001 4.654241e-001
    outer loop
      vertex   -1.055502e+002 1.447964e+002 4.750940e+000
      vertex   -1.060502e+002 1.443241e+002 4.970612e+000
      vertex   -1.055502e+002 1.446120e+002 4.547849e+000
    endloop
  endfacet
  facet normal 2.399142e-001 -1.690132e-001 1.686229e-001
    outer loop
      vertex   -1.055502e+002 1.446120e+002 4.547849e+000
      vertex   -1.060502e+002 1.443241e+002 4.970612e+000
      vertex   -1.060502e+002 1.441492e+002 4.795341e+000
    endloop
  endfacet
  facet normal 6.862691e-001 -4.728520e-001 5.021768e-001
    outer loop
      vertex   -1.055502e+002 1.446120e+002 4.547849e+000
      vertex   -1.060502e+002 1.441492e+002 4.795341e+000
      vertex   -1.055502e+002 1.444123e+002 4.359818e+000
    endloop
  endfacet
  facet normal 2.394561e-001 -1.542931e-001 1.816846e-001
    outer loop
      vertex   -1.055502e+002 1.444123e+002 4.359818e+000
      vertex   -1.060502e+002 1.441492e+002 4.795341e+000
      vertex   -1.060502e+002 1.439605e+002 4.635086e+000
    endloop
  endfacet
  facet normal 6.835682e-001 -4.302651e-001 5.353770e-001
    outer loop
      vertex   -1.055502e+002 1.444123e+002 4.359818e+000
      vertex   -1.060502e+002 1.439605e+002 4.635086e+000
      vertex   -1.055502e+002 1.441985e+002 4.188002e+000
    endloop
  endfacet
  facet normal 2.388366e-001 -1.384762e-001 1.933725e-001
    outer loop
      vertex   -1.055502e+002 1.441985e+002 4.188002e+000
      vertex   -1.060502e+002 1.439605e+002 4.635086e+000
      vertex   -1.060502e+002 1.437592e+002 4.490937e+000
    endloop
  endfacet
  facet normal 6.807327e-001 -3.852345e-001 5.648569e-001
    outer loop
      vertex   -1.055502e+002 1.441985e+002 4.188002e+000
      vertex   -1.060502e+002 1.437592e+002 4.490937e+000
      vertex   -1.055502e+002 1.439719e+002 4.033454e+000
    endloop
  endfacet
  facet normal 2.380252e-001 -1.217115e-001 2.035485e-001
    outer loop
      vertex   -1.055502e+002 1.439719e+002 4.033454e+000
      vertex   -1.060502e+002 1.437592e+002 4.490937e+000
      vertex   -1.060502e+002 1.435467e+002 4.363876e+000
    endloop
  endfacet
  facet normal 6.777979e-001 -3.382050e-001 5.904061e-001
    outer loop
      vertex   -1.055502e+002 1.439719e+002 4.033454e+000
      vertex   -1.060502e+002 1.435467e+002 4.363876e+000
      vertex   -1.055502e+002 1.437339e+002 3.897124e+000
    endloop
  endfacet
  facet normal 2.370223e-001 -1.041471e-001 2.121267e-001
    outer loop
      vertex   -1.055502e+002 1.437339e+002 3.897124e+000
      vertex   -1.060502e+002 1.435467e+002 4.363876e+000
      vertex   -1.060502e+002 1.433245e+002 4.254769e+000
    endloop
  endfacet
  facet normal 6.747321e-001 -2.894235e-001 6.119362e-001
    outer loop
      vertex   -1.055502e+002 1.437339e+002 3.897124e+000
      vertex   -1.060502e+002 1.433245e+002 4.254769e+000
      vertex   -1.055502e+002 1.434860e+002 3.779850e+000
    endloop
  endfacet
  facet normal 2.358710e-001 -8.594434e-002 2.190990e-001
    outer loop
      vertex   -1.055502e+002 1.434860e+002 3.779850e+000
      vertex   -1.060502e+002 1.433245e+002 4.254769e+000
      vertex   -1.060502e+002 1.430940e+002 4.164359e+000
    endloop
  endfacet
  facet normal 6.715798e-001 -2.393320e-001 6.293024e-001
    outer loop
      vertex   -1.055502e+002 1.434860e+002 3.779850e+000
      vertex   -1.060502e+002 1.430940e+002 4.164359e+000
      vertex   -1.055502e+002 1.432296e+002 3.682352e+000
    endloop
  endfacet
  facet normal 2.345353e-001 -6.726359e-002 2.243626e-001
    outer loop
      vertex   -1.055502e+002 1.432296e+002 3.682352e+000
      vertex   -1.060502e+002 1.430940e+002 4.164359e+000
      vertex   -1.060502e+002 1.428568e+002 4.093261e+000
    endloop
  endfacet
  facet normal 6.683245e-001 -1.882417e-001 6.424492e-001
    outer loop
      vertex   -1.055502e+002 1.432296e+002 3.682352e+000
      vertex   -1.060502e+002 1.428568e+002 4.093261e+000
      vertex   -1.055502e+002 1.429664e+002 3.605229e+000
    endloop
  endfacet
  facet normal 2.330324e-001 -4.827334e-002 2.279085e-001
    outer loop
      vertex   -1.055502e+002 1.429664e+002 3.605229e+000
      vertex   -1.060502e+002 1.428568e+002 4.093261e+000
      vertex   -1.060502e+002 1.426146e+002 4.041960e+000
    endloop
  endfacet
  facet normal 2.066040e-001 -4.242008e-002 2.023661e-001
    outer loop
      vertex   -1.055502e+002 1.429664e+002 3.605229e+000
      vertex   -1.060502e+002 1.426146e+002 4.041960e+000
      vertex   -1.058002e+002 1.426563e+002 3.795457e+000
    endloop
  endfacet
  facet normal 7.064571e-001 -6.323099e-001 3.085758e-001
    outer loop
      vertex   -1.060502e+002 1.447541e+002 5.574115e+000
      vertex   -1.056708e+002 1.451146e+002 5.444203e+000
      vertex   -1.060502e+002 1.448627e+002 5.796612e+000
    endloop
  endfacet
  facet normal 2.648425e-001 -2.388827e-001 1.143681e-001
    outer loop
      vertex   -1.060502e+002 1.448627e+002 5.796612e+000
      vertex   -1.056708e+002 1.451146e+002 5.444203e+000
      vertex   -1.057732e+002 1.451146e+002 5.681371e+000
    endloop
  endfacet
  facet normal 4.382798e-001 -4.072644e-001 1.631511e-001
    outer loop
      vertex   -1.060502e+002 1.448627e+002 5.796612e+000
      vertex   -1.057732e+002 1.451146e+002 5.681371e+000
      vertex   -1.058586e+002 1.451146e+002 5.910691e+000
    endloop
  endfacet
  facet normal 5.746430e-001 -5.307238e-001 2.067264e-001
    outer loop
      vertex   -1.060502e+002 1.448627e+002 5.796612e+000
      vertex   -1.058586e+002 1.451146e+002 5.910691e+000
      vertex   -1.060502e+002 1.449525e+002 6.027305e+000
    endloop
  endfacet
  facet normal 5.698591e-001 -5.468357e-001 1.764710e-001
    outer loop
      vertex   -1.060502e+002 1.449525e+002 6.027305e+000
      vertex   -1.058586e+002 1.451146e+002 5.910691e+000
      vertex   -1.059277e+002 1.451146e+002 6.133975e+000
    endloop
  endfacet
  facet normal 5.446078e-001 -5.117146e-001 1.521048e-001
    outer loop
      vertex   -1.060502e+002 1.449525e+002 6.027305e+000
      vertex   -1.059277e+002 1.451146e+002 6.133975e+000
      vertex   -1.060502e+002 1.450231e+002 6.264622e+000
    endloop
  endfacet
  facet normal 6.886740e-001 -6.814001e-001 1.682948e-001
    outer loop
      vertex   -1.060502e+002 1.450231e+002 6.264622e+000
      vertex   -1.059277e+002 1.451146e+002 6.133975e+000
      vertex   -1.059812e+002 1.451146e+002 6.352921e+000
    endloop
  endfacet
  facet normal 4.941542e-001 -4.667047e-001 9.771343e-002
    outer loop
      vertex   -1.060502e+002 1.450231e+002 6.264622e+000
      vertex   -1.059812e+002 1.451146e+002 6.352921e+000
      vertex   -1.060502e+002 1.450738e+002 6.506948e+000
    endloop
  endfacet
  facet normal 6.311048e-001 -6.461117e-001 1.115319e-001
    outer loop
      vertex   -1.060502e+002 1.450738e+002 6.506948e+000
      vertex   -1.059812e+002 1.451146e+002 6.352921e+000
      vertex   -1.060194e+002 1.451146e+002 6.569164e+000
    endloop
  endfacet
  facet normal 4.074330e-001 -3.793163e-001 4.721089e-002
    outer loop
      vertex   -1.060502e+002 1.450738e+002 6.506948e+000
      vertex   -1.060194e+002 1.451146e+002 6.569164e+000
      vertex   -1.060502e+002 1.451044e+002 6.752632e+000
    endloop
  endfacet
  facet normal 3.453950e-001 -3.762183e-001 3.697653e-002
    outer loop
      vertex   -1.060502e+002 1.451044e+002 6.752632e+000
      vertex   -1.060194e+002 1.451146e+002 6.569164e+000
      vertex   -1.060424e+002 1.451146e+002 6.784315e+000
    endloop
  endfacet
  facet normal 2.605661e-001 -2.263621e-001 9.355228e-003
    outer loop
      vertex   -1.060502e+002 1.451044e+002 6.752632e+000
      vertex   -1.060424e+002 1.451146e+002 6.784315e+000
      vertex   -1.060502e+002 1.451146e+002 7.000000e+000
    endloop
  endfacet
  facet normal 4.390040e-001 -9.014425e-002 4.299867e-001
    outer loop
      vertex   -1.058002e+002 1.426563e+002 3.795457e+000
      vertex   -1.056752e+002 1.426771e+002 3.672205e+000
      vertex   -1.055502e+002 1.429664e+002 3.605229e+000
    endloop
  endfacet
  facet normal 3.876965e-001 -7.960650e-002 3.797433e-001
    outer loop
      vertex   -1.055502e+002 1.429664e+002 3.605229e+000
      vertex   -1.056752e+002 1.426771e+002 3.672205e+000
      vertex   -1.055502e+002 1.426980e+002 3.548954e+000
    endloop
  endfacet
  facet normal 7.070529e-001 -1.093954e-001 6.985957e-001
    outer loop
      vertex   -1.055502e+002 1.426980e+002 3.548954e+000
      vertex   -1.056752e+002 1.426771e+002 3.672205e+000
      vertex   -1.055502e+002 1.426146e+002 3.535905e+000
    endloop
  endfacet
  facet normal 2.392224e-001 -3.648237e-002 2.361179e-001
    outer loop
      vertex   -1.055502e+002 1.426146e+002 3.535905e+000
      vertex   -1.056752e+002 1.426771e+002 3.672205e+000
      vertex   -1.057997e+002 1.426086e+002 3.787778e+000
    endloop
  endfacet
  facet normal 9.524625e-002 -1.081787e-002 9.409847e-002
    outer loop
      vertex   -1.055502e+002 1.426146e+002 3.535905e+000
      vertex   -1.057997e+002 1.426086e+002 3.787778e+000
      vertex   -1.056742e+002 1.425881e+002 3.658418e+000
    endloop
  endfacet
  facet normal 1.861444e-001 -2.114986e-002 1.839025e-001
    outer loop
      vertex   -1.056742e+002 1.425881e+002 3.658418e+000
      vertex   -1.057997e+002 1.426086e+002 3.787778e+000
      vertex   -1.057983e+002 1.425615e+002 3.780931e+000
    endloop
  endfacet
  facet normal 7.053581e-001 -8.066439e-002 7.004486e-001
    outer loop
      vertex   -1.057983e+002 1.425615e+002 3.780931e+000
      vertex   -1.057997e+002 1.426086e+002 3.787778e+000
      vertex   -1.060485e+002 1.425438e+002 4.030863e+000
    endloop
  endfacet
  facet normal 7.159403e-002 -5.615935e-003 7.127752e-002
    outer loop
      vertex   -1.057983e+002 1.425615e+002 3.780931e+000
      vertex   -1.060485e+002 1.425438e+002 4.030863e+000
      vertex   -1.060464e+002 1.425084e+002 4.025957e+000
    endloop
  endfacet
  facet normal 1.863205e-001 -2.781111e-002 1.842602e-001
    outer loop
      vertex   -1.056752e+002 1.426771e+002 3.672205e+000
      vertex   -1.058002e+002 1.426563e+002 3.795457e+000
      vertex   -1.057997e+002 1.426086e+002 3.787778e+000
    endloop
  endfacet
  facet normal 7.065735e-001 -1.054679e-001 6.987686e-001
    outer loop
      vertex   -1.057997e+002 1.426086e+002 3.787778e+000
      vertex   -1.058002e+002 1.426563e+002 3.795457e+000
      vertex   -1.060498e+002 1.425793e+002 4.036199e+000
    endloop
  endfacet
  facet normal 7.155281e-002 -8.162743e-003 7.106011e-002
    outer loop
      vertex   -1.057997e+002 1.426086e+002 3.787778e+000
      vertex   -1.060498e+002 1.425793e+002 4.036199e+000
      vertex   -1.060485e+002 1.425438e+002 4.030863e+000
    endloop
  endfacet
  facet normal 7.133452e-002 -1.064470e-002 7.054755e-002
    outer loop
      vertex   -1.058002e+002 1.426563e+002 3.795457e+000
      vertex   -1.060502e+002 1.426146e+002 4.041960e+000
      vertex   -1.060498e+002 1.425793e+002 4.036199e+000
    endloop
  endfacet
  facet normal 6.623152e-001 2.249612e-001 7.053394e-001
    outer loop
      vertex   -1.054639e+002 1.422081e+002 3.501284e+000
      vertex   -1.055014e+002 1.423059e+002 3.505310e+000
      vertex   -1.057096e+002 1.421475e+002 3.751358e+000
    endloop
  endfacet
  facet normal 1.152712e-001 4.023011e-002 1.234530e-001
    outer loop
      vertex   -1.057096e+002 1.421475e+002 3.751358e+000
      vertex   -1.055014e+002 1.423059e+002 3.505310e+000
      vertex   -1.056171e+002 1.422581e+002 3.628982e+000
    endloop
  endfacet
  facet normal 6.178992e-001 2.156493e-001 6.617566e-001
    outer loop
      vertex   -1.057096e+002 1.421475e+002 3.751358e+000
      vertex   -1.056171e+002 1.422581e+002 3.628982e+000
      vertex   -1.057329e+002 1.422103e+002 3.752655e+000
    endloop
  endfacet
  facet normal 6.638587e-001 2.316898e-001 7.109572e-001
    outer loop
      vertex   -1.057329e+002 1.422103e+002 3.752655e+000
      vertex   -1.059644e+002 1.421146e+002 4.000000e+000
      vertex   -1.057096e+002 1.421475e+002 3.751358e+000
    endloop
  endfacet
  facet normal 2.471211e-001 1.003033e-001 2.665100e-001
    outer loop
      vertex   -1.057096e+002 1.421475e+002 3.751358e+000
      vertex   -1.059644e+002 1.421146e+002 4.000000e+000
      vertex   -1.059126e+002 1.419871e+002 4.000000e+000
    endloop
  endfacet
  facet normal 6.412725e-001 2.685672e-001 6.969278e-001
    outer loop
      vertex   -1.057096e+002 1.421475e+002 3.751358e+000
      vertex   -1.059126e+002 1.419871e+002 4.000000e+000
      vertex   -1.056830e+002 1.420862e+002 3.750509e+000
    endloop
  endfacet
  facet normal 6.353980e-001 3.076873e-001 7.070579e-001
    outer loop
      vertex   -1.056830e+002 1.420862e+002 3.750509e+000
      vertex   -1.059126e+002 1.419871e+002 4.000000e+000
      vertex   -1.056588e+002 1.420372e+002 3.750124e+000
    endloop
  endfacet
  facet normal 6.346746e-001 3.073201e-001 7.083955e-001
    outer loop
      vertex   -1.056830e+002 1.420862e+002 3.750509e+000
      vertex   -1.056588e+002 1.420372e+002 3.750124e+000
      vertex   -1.054639e+002 1.422081e+002 3.501284e+000
    endloop
  endfacet
  facet normal 6.227646e-001 3.076227e-001 6.992705e-001
    outer loop
      vertex   -1.054639e+002 1.422081e+002 3.501284e+000
      vertex   -1.056588e+002 1.420372e+002 3.750124e+000
      vertex   -1.054162e+002 1.421146e+002 3.500000e+000
    endloop
  endfacet
  facet normal 9.443006e-002 5.152028e-002 1.075392e-001
    outer loop
      vertex   -1.054162e+002 1.421146e+002 3.500000e+000
      vertex   -1.056588e+002 1.420372e+002 3.750124e+000
      vertex   -1.055245e+002 1.420521e+002 3.625000e+000
    endloop
  endfacet
  facet normal 1.829846e-001 9.983492e-002 2.083872e-001
    outer loop
      vertex   -1.055245e+002 1.420521e+002 3.625000e+000
      vertex   -1.056588e+002 1.420372e+002 3.750124e+000
      vertex   -1.056327e+002 1.419896e+002 3.750000e+000
    endloop
  endfacet
  facet normal 6.207604e-001 3.386819e-001 7.069367e-001
    outer loop
      vertex   -1.056327e+002 1.419896e+002 3.750000e+000
      vertex   -1.056588e+002 1.420372e+002 3.750124e+000
      vertex   -1.058492e+002 1.418646e+002 4.000000e+000
    endloop
  endfacet
  facet normal 6.191106e-001 3.204304e-001 6.930721e-001
    outer loop
      vertex   -1.058492e+002 1.418646e+002 4.000000e+000
      vertex   -1.056588e+002 1.420372e+002 3.750124e+000
      vertex   -1.059126e+002 1.419871e+002 4.000000e+000
    endloop
  endfacet
  facet normal 6.510066e-001 2.726676e-001 7.058018e-001
    outer loop
      vertex   -1.056830e+002 1.420862e+002 3.750509e+000
      vertex   -1.054639e+002 1.422081e+002 3.501284e+000
      vertex   -1.057096e+002 1.421475e+002 3.751358e+000
    endloop
  endfacet
  facet normal -6.215861e-001 3.070182e-001 6.977271e-001
    outer loop
      vertex   -5.363654e+001 1.422081e+002 3.501284e+000
      vertex   -5.368417e+001 1.421146e+002 3.500000e+000
      vertex   -5.344351e+001 1.420335e+002 3.750105e+000
    endloop
  endfacet
  facet normal -8.408505e-002 4.608371e-002 9.586184e-002
    outer loop
      vertex   -5.344351e+001 1.420335e+002 3.750105e+000
      vertex   -5.368417e+001 1.421146e+002 3.500000e+000
      vertex   -5.357592e+001 1.420521e+002 3.625000e+000
    endloop
  endfacet
  facet normal -5.986485e-001 3.280957e-001 6.824941e-001
    outer loop
      vertex   -5.344351e+001 1.420335e+002 3.750105e+000
      vertex   -5.357592e+001 1.420521e+002 3.625000e+000
      vertex   -5.346766e+001 1.419896e+002 3.750000e+000
    endloop
  endfacet
  facet normal -6.201109e-001 3.398584e-001 7.069625e-001
    outer loop
      vertex   -5.346766e+001 1.419896e+002 3.750000e+000
      vertex   -5.325116e+001 1.418646e+002 4.000000e+000
      vertex   -5.344351e+001 1.420335e+002 3.750105e+000
    endloop
  endfacet
  facet normal -2.373135e-001 1.228179e-001 2.656562e-001
    outer loop
      vertex   -5.344351e+001 1.420335e+002 3.750105e+000
      vertex   -5.325116e+001 1.418646e+002 4.000000e+000
      vertex   -5.318777e+001 1.419871e+002 4.000000e+000
    endloop
  endfacet
  facet normal -6.208760e-001 3.050629e-001 6.920107e-001
    outer loop
      vertex   -5.344351e+001 1.420335e+002 3.750105e+000
      vertex   -5.318777e+001 1.419871e+002 4.000000e+000
      vertex   -5.342103e+001 1.420785e+002 3.750431e+000
    endloop
  endfacet
  facet normal -6.481100e-001 2.784381e-001 7.077158e-001
    outer loop
      vertex   -5.342103e+001 1.420785e+002 3.750431e+000
      vertex   -5.318777e+001 1.419871e+002 4.000000e+000
      vertex   -5.339536e+001 1.421364e+002 3.751174e+000
    endloop
  endfacet
  facet normal -6.475623e-001 2.782310e-001 7.049212e-001
    outer loop
      vertex   -5.342103e+001 1.420785e+002 3.750431e+000
      vertex   -5.339536e+001 1.421364e+002 3.751174e+000
      vertex   -5.363654e+001 1.422081e+002 3.501284e+000
    endloop
  endfacet
  facet normal -1.152144e-001 4.184992e-002 1.232215e-001
    outer loop
      vertex   -5.363654e+001 1.422081e+002 3.501284e+000
      vertex   -5.339536e+001 1.421364e+002 3.751174e+000
      vertex   -5.337261e+001 1.421956e+002 3.752314e+000
    endloop
  endfacet
  facet normal -6.439263e-001 2.186764e-001 6.879188e-001
    outer loop
      vertex   -5.363654e+001 1.422081e+002 3.501284e+000
      vertex   -5.337261e+001 1.421956e+002 3.752314e+000
      vertex   -5.359904e+001 1.423059e+002 3.505310e+000
    endloop
  endfacet
  facet normal -2.943833e-002 9.500947e-003 3.122794e-002
    outer loop
      vertex   -5.359904e+001 1.423059e+002 3.505310e+000
      vertex   -5.337261e+001 1.421956e+002 3.752314e+000
      vertex   -5.348328e+001 1.422581e+002 3.628982e+000
    endloop
  endfacet
  facet normal -5.864172e-002 1.892607e-002 6.220667e-002
    outer loop
      vertex   -5.348328e+001 1.422581e+002 3.628982e+000
      vertex   -5.337261e+001 1.421956e+002 3.752314e+000
      vertex   -5.336752e+001 1.422103e+002 3.752655e+000
    endloop
  endfacet
  facet normal -6.695130e-001 2.160789e-001 7.102236e-001
    outer loop
      vertex   -5.336752e+001 1.422103e+002 3.752655e+000
      vertex   -5.337261e+001 1.421956e+002 3.752314e+000
      vertex   -5.313601e+001 1.421146e+002 4.000000e+000
    endloop
  endfacet
  facet normal -1.165514e-001 4.232540e-002 1.251784e-001
    outer loop
      vertex   -5.313601e+001 1.421146e+002 4.000000e+000
      vertex   -5.337261e+001 1.421956e+002 3.752314e+000
      vertex   -5.339536e+001 1.421364e+002 3.751174e+000
    endloop
  endfacet
  facet normal -6.403074e-001 2.599118e-001 6.900941e-001
    outer loop
      vertex   -5.313601e+001 1.421146e+002 4.000000e+000
      vertex   -5.339536e+001 1.421364e+002 3.751174e+000
      vertex   -5.318777e+001 1.419871e+002 4.000000e+000
    endloop
  endfacet
  facet normal -6.319807e-001 3.104913e-001 7.082289e-001
    outer loop
      vertex   -5.342103e+001 1.420785e+002 3.750431e+000
      vertex   -5.363654e+001 1.422081e+002 3.501284e+000
      vertex   -5.344351e+001 1.420335e+002 3.750105e+000
    endloop
  endfacet
  facet normal -7.001286e-001 -1.082075e-001 6.910093e-001
    outer loop
      vertex   -5.355019e+001 1.426980e+002 3.548954e+000
      vertex   -5.355019e+001 1.426146e+002 3.535905e+000
      vertex   -5.330067e+001 1.426087e+002 3.787790e+000
    endloop
  endfacet
  facet normal -9.275089e-002 -1.052500e-002 9.163234e-002
    outer loop
      vertex   -5.330067e+001 1.426087e+002 3.787790e+000
      vertex   -5.355019e+001 1.426146e+002 3.535905e+000
      vertex   -5.342614e+001 1.425881e+002 3.658418e+000
    endloop
  endfacet
  facet normal -6.891003e-001 -7.828274e-002 6.808037e-001
    outer loop
      vertex   -5.330067e+001 1.426087e+002 3.787790e+000
      vertex   -5.342614e+001 1.425881e+002 3.658418e+000
      vertex   -5.330209e+001 1.425615e+002 3.780931e+000
    endloop
  endfacet
  facet normal -7.075301e-001 -5.549816e-002 7.043915e-001
    outer loop
      vertex   -5.305399e+001 1.425084e+002 4.025957e+000
      vertex   -5.305188e+001 1.425438e+002 4.030863e+000
      vertex   -5.330209e+001 1.425615e+002 3.780931e+000
    endloop
  endfacet
  facet normal -7.053621e-001 -8.064942e-002 7.004429e-001
    outer loop
      vertex   -5.330209e+001 1.425615e+002 3.780931e+000
      vertex   -5.305188e+001 1.425438e+002 4.030863e+000
      vertex   -5.330067e+001 1.426087e+002 3.787790e+000
    endloop
  endfacet
  facet normal -7.061974e-001 -8.048787e-002 7.013410e-001
    outer loop
      vertex   -5.305188e+001 1.425438e+002 4.030863e+000
      vertex   -5.305062e+001 1.425793e+002 4.036199e+000
      vertex   -5.330067e+001 1.426087e+002 3.787790e+000
    endloop
  endfacet
  facet normal -7.065839e-001 -1.054654e-001 6.987689e-001
    outer loop
      vertex   -5.330067e+001 1.426087e+002 3.787790e+000
      vertex   -5.305062e+001 1.425793e+002 4.036199e+000
      vertex   -5.330019e+001 1.426563e+002 3.795457e+000
    endloop
  endfacet
  facet normal -6.824316e-001 -1.018608e-001 6.748859e-001
    outer loop
      vertex   -5.330067e+001 1.426087e+002 3.787790e+000
      vertex   -5.330019e+001 1.426563e+002 3.795457e+000
      vertex   -5.342519e+001 1.426771e+002 3.672205e+000
    endloop
  endfacet
  facet normal -7.037311e-001 -1.049385e-001 6.959800e-001
    outer loop
      vertex   -5.305062e+001 1.425793e+002 4.036199e+000
      vertex   -5.305019e+001 1.426146e+002 4.041960e+000
      vertex   -5.330019e+001 1.426563e+002 3.795457e+000
    endloop
  endfacet
  facet normal -1.861004e-001 -2.776950e-002 1.840475e-001
    outer loop
      vertex   -5.342519e+001 1.426771e+002 3.672205e+000
      vertex   -5.355019e+001 1.426980e+002 3.548954e+000
      vertex   -5.330067e+001 1.426087e+002 3.787790e+000
    endloop
  endfacet
  facet normal 0.000000e+000 -1.539104e-002 9.537823e-001
    outer loop
      vertex   -5.313601e+001 1.421146e+002 4.000000e+000
      vertex   -4.905019e+001 1.421146e+002 4.000000e+000
      vertex   -5.310567e+001 1.422110e+002 4.001556e+000
    endloop
  endfacet
  facet normal -3.660041e-005 -2.524172e-003 6.102461e-002
    outer loop
      vertex   -5.310567e+001 1.422110e+002 4.001556e+000
      vertex   -4.905019e+001 1.421146e+002 4.000000e+000
      vertex   -4.905019e+001 1.423624e+002 4.010247e+000
    endloop
  endfacet
  facet normal -3.233589e-004 -4.655178e-002 9.613512e-001
    outer loop
      vertex   -5.310567e+001 1.422110e+002 4.001556e+000
      vertex   -4.905019e+001 1.423624e+002 4.010247e+000
      vertex   -5.308188e+001 1.423092e+002 4.006317e+000
    endloop
  endfacet
  facet normal 1.012870e-004 -8.011832e-002 9.796481e-001
    outer loop
      vertex   -5.308188e+001 1.423092e+002 4.006317e+000
      vertex   -4.905019e+001 1.423624e+002 4.010247e+000
      vertex   -5.306459e+001 1.424085e+002 4.014437e+000
    endloop
  endfacet
  facet normal -2.787471e-004 -1.140266e-001 9.890819e-001
    outer loop
      vertex   -5.306459e+001 1.424085e+002 4.014437e+000
      vertex   -4.905019e+001 1.423624e+002 4.010247e+000
      vertex   -5.305399e+001 1.425084e+002 4.025957e+000
    endloop
  endfacet
  facet normal -3.826899e-005 -7.652452e-003 6.139285e-002
    outer loop
      vertex   -5.305399e+001 1.425084e+002 4.025957e+000
      vertex   -4.905019e+001 1.423624e+002 4.010247e+000
      vertex   -4.905019e+001 1.426084e+002 4.040916e+000
    endloop
  endfacet
  facet normal -2.745702e-004 -1.366758e-001 9.870524e-001
    outer loop
      vertex   -5.305399e+001 1.425084e+002 4.025957e+000
      vertex   -4.905019e+001 1.426084e+002 4.040916e+000
      vertex   -5.305188e+001 1.425438e+002 4.030863e+000
    endloop
  endfacet
  facet normal -8.047701e-005 -1.487802e-001 9.875261e-001
    outer loop
      vertex   -5.305188e+001 1.425438e+002 4.030863e+000
      vertex   -4.905019e+001 1.426084e+002 4.040916e+000
      vertex   -5.305062e+001 1.425793e+002 4.036199e+000
    endloop
  endfacet
  facet normal 7.458191e-006 -1.607347e-001 9.868110e-001
    outer loop
      vertex   -5.305062e+001 1.425793e+002 4.036199e+000
      vertex   -4.905019e+001 1.426084e+002 4.040916e+000
      vertex   -5.305019e+001 1.426146e+002 4.041960e+000
    endloop
  endfacet
  facet normal -3.952693e-006 -1.269766e-002 6.055846e-002
    outer loop
      vertex   -5.305019e+001 1.426146e+002 4.041960e+000
      vertex   -4.905019e+001 1.426084e+002 4.040916e+000
      vertex   -4.905019e+001 1.428511e+002 4.091799e+000
    endloop
  endfacet
  facet normal 5.945305e-005 -2.068359e-001 9.765155e-001
    outer loop
      vertex   -5.305019e+001 1.426146e+002 4.041960e+000
      vertex   -4.905019e+001 1.428511e+002 4.091799e+000
      vertex   -5.305019e+001 1.428568e+002 4.093261e+000
    endloop
  endfacet
  facet normal -3.715755e-006 -1.765490e-002 5.930158e-002
    outer loop
      vertex   -5.305019e+001 1.428568e+002 4.093261e+000
      vertex   -4.905019e+001 1.428511e+002 4.091799e+000
      vertex   -4.905019e+001 1.430887e+002 4.162548e+000
    endloop
  endfacet
  facet normal 5.564764e-005 -2.866466e-001 9.561309e-001
    outer loop
      vertex   -5.305019e+001 1.428568e+002 4.093261e+000
      vertex   -4.905019e+001 1.430887e+002 4.162548e+000
      vertex   -5.305019e+001 1.430940e+002 4.164359e+000
    endloop
  endfacet
  facet normal -3.503209e-006 -2.249166e-002 5.764110e-002
    outer loop
      vertex   -5.305019e+001 1.430940e+002 4.164359e+000
      vertex   -4.905019e+001 1.430887e+002 4.162548e+000
      vertex   -4.905019e+001 1.433197e+002 4.252680e+000
    endloop
  endfacet
  facet normal 5.158181e-005 -3.645042e-001 9.292353e-001
    outer loop
      vertex   -5.305019e+001 1.430940e+002 4.164359e+000
      vertex   -4.905019e+001 1.433197e+002 4.252680e+000
      vertex   -5.305019e+001 1.433245e+002 4.254769e+000
    endloop
  endfacet
  facet normal -3.304985e-006 -2.717476e-002 5.558844e-002
    outer loop
      vertex   -5.305019e+001 1.433245e+002 4.254769e+000
      vertex   -4.905019e+001 1.433197e+002 4.252680e+000
      vertex   -4.905019e+001 1.435425e+002 4.361579e+000
    endloop
  endfacet
  facet normal 4.978179e-005 -4.399054e-001 8.959986e-001
    outer loop
      vertex   -5.305019e+001 1.433245e+002 4.254769e+000
      vertex   -4.905019e+001 1.435425e+002 4.361579e+000
      vertex   -5.305019e+001 1.435467e+002 4.363876e+000
    endloop
  endfacet
  facet normal -2.939396e-006 -3.167193e-002 5.315122e-002
    outer loop
      vertex   -5.305019e+001 1.435467e+002 4.363876e+000
      vertex   -4.905019e+001 1.435425e+002 4.361579e+000
      vertex   -4.905019e+001 1.437555e+002 4.488501e+000
    endloop
  endfacet
  facet normal 4.495730e-005 -5.122551e-001 8.566875e-001
    outer loop
      vertex   -5.305019e+001 1.435467e+002 4.363876e+000
      vertex   -4.905019e+001 1.437555e+002 4.488501e+000
      vertex   -5.305019e+001 1.437592e+002 4.490937e+000
    endloop
  endfacet
  facet normal -2.795524e-006 -3.595286e-002 5.035612e-002
    outer loop
      vertex   -5.305019e+001 1.437592e+002 4.490937e+000
      vertex   -4.905019e+001 1.437555e+002 4.488501e+000
      vertex   -4.905019e+001 1.439573e+002 4.632578e+000
    endloop
  endfacet
  facet normal 4.090414e-005 -5.811446e-001 8.115286e-001
    outer loop
      vertex   -5.305019e+001 1.437592e+002 4.490937e+000
      vertex   -4.905019e+001 1.439573e+002 4.632578e+000
      vertex   -5.305019e+001 1.439605e+002 4.635086e+000
    endloop
  endfacet
  facet normal -2.592315e-006 -3.998815e-002 4.721455e-002
    outer loop
      vertex   -5.305019e+001 1.439605e+002 4.635086e+000
      vertex   -4.905019e+001 1.439573e+002 4.632578e+000
      vertex   -4.905019e+001 1.441465e+002 4.792828e+000
    endloop
  endfacet
  facet normal 3.924896e-005 -6.461105e-001 7.608140e-001
    outer loop
      vertex   -5.305019e+001 1.439605e+002 4.635086e+000
      vertex   -4.905019e+001 1.441465e+002 4.792828e+000
      vertex   -5.305019e+001 1.441492e+002 4.795341e+000
    endloop
  endfacet
  facet normal -2.222377e-006 -4.375032e-002 4.374937e-002
    outer loop
      vertex   -5.305019e+001 1.441492e+002 4.795341e+000
      vertex   -4.905019e+001 1.441465e+002 4.792828e+000
      vertex   -4.905019e+001 1.443218e+002 4.968155e+000
    endloop
  endfacet
  facet normal 3.395501e-005 -7.066078e-001 7.049757e-001
    outer loop
      vertex   -5.305019e+001 1.441492e+002 4.795341e+000
      vertex   -4.905019e+001 1.443218e+002 4.968155e+000
      vertex   -5.305019e+001 1.443241e+002 4.970612e+000
    endloop
  endfacet
  facet normal -2.101489e-006 -4.721343e-002 3.998724e-002
    outer loop
      vertex   -5.305019e+001 1.443241e+002 4.970612e+000
      vertex   -4.905019e+001 1.443218e+002 4.968155e+000
      vertex   -4.905019e+001 1.444820e+002 5.157362e+000
    endloop
  endfacet
  facet normal 3.111506e-005 -7.623519e-001 6.442778e-001
    outer loop
      vertex   -5.305019e+001 1.443241e+002 4.970612e+000
      vertex   -4.905019e+001 1.444820e+002 5.157362e+000
      vertex   -5.305019e+001 1.444839e+002 5.159704e+000
    endloop
  endfacet
  facet normal -1.811132e-006 -5.035405e-002 3.595100e-002
    outer loop
      vertex   -5.305019e+001 1.444839e+002 5.159704e+000
      vertex   -4.905019e+001 1.444820e+002 5.157362e+000
      vertex   -4.905019e+001 1.446261e+002 5.359156e+000
    endloop
  endfacet
  facet normal 2.635676e-005 -8.128619e-001 5.792395e-001
    outer loop
      vertex   -5.305019e+001 1.444839e+002 5.159704e+000
      vertex   -4.905019e+001 1.446261e+002 5.359156e+000
      vertex   -5.305019e+001 1.446275e+002 5.361329e+000
    endloop
  endfacet
  facet normal -1.647395e-006 -5.315064e-002 3.167112e-002
    outer loop
      vertex   -5.305019e+001 1.446275e+002 5.361329e+000
      vertex   -4.905019e+001 1.446261e+002 5.359156e+000
      vertex   -4.905019e+001 1.447530e+002 5.572158e+000
    endloop
  endfacet
  facet normal 2.057391e-005 -8.578342e-001 5.102668e-001
    outer loop
      vertex   -5.305019e+001 1.446275e+002 5.361329e+000
      vertex   -4.905019e+001 1.447530e+002 5.572158e+000
      vertex   -5.305019e+001 1.447541e+002 5.574115e+000
    endloop
  endfacet
  facet normal -1.547980e-006 -5.558418e-002 2.717426e-002
    outer loop
      vertex   -5.305019e+001 1.447541e+002 5.574115e+000
      vertex   -4.905019e+001 1.447530e+002 5.572158e+000
      vertex   -4.905019e+001 1.448619e+002 5.794914e+000
    endloop
  endfacet
  facet normal 1.815865e-005 -8.970036e-001 4.377499e-001
    outer loop
      vertex   -5.305019e+001 1.447541e+002 5.574115e+000
      vertex   -4.905019e+001 1.448619e+002 5.794914e+000
      vertex   -5.305019e+001 1.448627e+002 5.796612e+000
    endloop
  endfacet
  facet normal -1.226229e-006 -5.763802e-002 2.249089e-002
    outer loop
      vertex   -5.305019e+001 1.448627e+002 5.796612e+000
      vertex   -4.905019e+001 1.448619e+002 5.794914e+000
      vertex   -4.905019e+001 1.449521e+002 6.025902e+000
    endloop
  endfacet
  facet normal 1.706980e-005 -9.300480e-001 3.622704e-001
    outer loop
      vertex   -5.305019e+001 1.448627e+002 5.796612e+000
      vertex   -4.905019e+001 1.449521e+002 6.025902e+000
      vertex   -5.305019e+001 1.449525e+002 6.027305e+000
    endloop
  endfacet
  facet normal -8.217111e-007 -5.929799e-002 1.765146e-002
    outer loop
      vertex   -5.305019e+001 1.449525e+002 6.027305e+000
      vertex   -4.905019e+001 1.449521e+002 6.025902e+000
      vertex   -4.905019e+001 1.450228e+002 6.263544e+000
    endloop
  endfacet
  facet normal 1.095713e-005 -9.567355e-001 2.843851e-001
    outer loop
      vertex   -5.305019e+001 1.449525e+002 6.027305e+000
      vertex   -4.905019e+001 1.450228e+002 6.263544e+000
      vertex   -5.305019e+001 1.450231e+002 6.264622e+000
    endloop
  endfacet
  facet normal -7.353569e-007 -6.055292e-002 1.269786e-002
    outer loop
      vertex   -5.305019e+001 1.450231e+002 6.264622e+000
      vertex   -4.905019e+001 1.450228e+002 6.263544e+000
      vertex   -4.905019e+001 1.450737e+002 6.506216e+000
    endloop
  endfacet
  facet normal 7.589772e-006 -9.769192e-001 2.045365e-001
    outer loop
      vertex   -5.305019e+001 1.450231e+002 6.264622e+000
      vertex   -4.905019e+001 1.450737e+002 6.506216e+000
      vertex   -5.305019e+001 1.450738e+002 6.506948e+000
    endloop
  endfacet
  facet normal -4.741372e-007 -6.139438e-002 7.652940e-003
    outer loop
      vertex   -5.305019e+001 1.450738e+002 6.506948e+000
      vertex   -4.905019e+001 1.450737e+002 6.506216e+000
      vertex   -4.905019e+001 1.451044e+002 6.752262e+000
    endloop
  endfacet
  facet normal 3.832465e-006 -9.904536e-001 1.232749e-001
    outer loop
      vertex   -5.305019e+001 1.450738e+002 6.506948e+000
      vertex   -4.905019e+001 1.451044e+002 6.752262e+000
      vertex   -5.305019e+001 1.451044e+002 6.752632e+000
    endloop
  endfacet
  facet normal -2.352399e-007 -6.181617e-002 2.558580e-003
    outer loop
      vertex   -5.305019e+001 1.451044e+002 6.752632e+000
      vertex   -4.905019e+001 1.451044e+002 6.752262e+000
      vertex   -4.905019e+001 1.451146e+002 7.000000e+000
    endloop
  endfacet
  facet normal 4.336809e-019 -9.972387e-001 4.121448e-002
    outer loop
      vertex   -5.305019e+001 1.451044e+002 6.752632e+000
      vertex   -4.905019e+001 1.451146e+002 7.000000e+000
      vertex   -5.305019e+001 1.451146e+002 7.000000e+000
    endloop
  endfacet
  facet normal 0.000000e+000 0.000000e+000 9.837717e-001
    outer loop
      vertex   -4.905019e+001 1.421146e+002 4.000000e+000
      vertex   -5.403717e+001 1.412051e+002 4.000000e+000
      vertex   -4.905019e+001 1.396146e+002 4.000000e+000
    endloop
  endfacet
  facet normal 0.000000e+000 0.000000e+000 1.830004e-002
    outer loop
      vertex   -4.905019e+001 1.396146e+002 4.000000e+000
      vertex   -5.403717e+001 1.412051e+002 4.000000e+000
      vertex   -5.420427e+001 1.411550e+002 4.000000e+000
    endloop
  endfacet
  facet normal 0.000000e+000 0.000000e+000 1.412832e-002
    outer loop
      vertex   -4.905019e+001 1.396146e+002 4.000000e+000
      vertex   -5.420427e+001 1.411550e+002 4.000000e+000
      vertex   -5.437606e+001 1.411248e+002 4.000000e+000
    endloop
  endfacet
  facet normal -0.000000e+000 0.000000e+000 9.265741e-001
    outer loop
      vertex   -5.313601e+001 1.421146e+002 4.000000e+000
      vertex   -5.318777e+001 1.419871e+002 4.000000e+000
      vertex   -4.905019e+001 1.421146e+002 4.000000e+000
    endloop
  endfacet
  facet normal 0.000000e+000 0.000000e+000 2.862647e-002
    outer loop
      vertex   -4.905019e+001 1.421146e+002 4.000000e+000
      vertex   -5.318777e+001 1.419871e+002 4.000000e+000
      vertex   -5.325116e+001 1.418646e+002 4.000000e+000
    endloop
  endfacet
  facet normal 0.000000e+000 0.000000e+000 3.239511e-002
    outer loop
      vertex   -4.905019e+001 1.421146e+002 4.000000e+000
      vertex   -5.325116e+001 1.418646e+002 4.000000e+000
      vertex   -5.334701e+001 1.417189e+002 4.000000e+000
    endloop
  endfacet
  facet normal -0.000000e+000 0.000000e+000 7.038926e-001
    outer loop
      vertex   -5.334701e+001 1.417189e+002 4.000000e+000
      vertex   -5.345914e+001 1.415853e+002 4.000000e+000
      vertex   -4.905019e+001 1.421146e+002 4.000000e+000
    endloop
  endfacet
  facet normal 0.000000e+000 0.000000e+000 2.263766e-002
    outer loop
      vertex   -4.905019e+001 1.421146e+002 4.000000e+000
      vertex   -5.345914e+001 1.415853e+002 4.000000e+000
      vertex   -5.358601e+001 1.414655e+002 4.000000e+000
    endloop
  endfacet
  facet normal 0.000000e+000 0.000000e+000 1.758555e-002
    outer loop
      vertex   -4.905019e+001 1.421146e+002 4.000000e+000
      vertex   -5.358601e+001 1.414655e+002 4.000000e+000
      vertex   -5.372593e+001 1.413614e+002 4.000000e+000
    endloop
  endfacet
  facet normal -0.000000e+000 0.000000e+000 3.559162e-001
    outer loop
      vertex   -5.372593e+001 1.413614e+002 4.000000e+000
      vertex   -5.387700e+001 1.412742e+002 4.000000e+000
      vertex   -4.905019e+001 1.421146e+002 4.000000e+000
    endloop
  endfacet
  facet normal 0.000000e+000 0.000000e+000 8.007438e-003
    outer loop
      vertex   -4.905019e+001 1.421146e+002 4.000000e+000
      vertex   -5.387700e+001 1.412742e+002 4.000000e+000
      vertex   -5.403717e+001 1.412051e+002 4.000000e+000
    endloop
  endfacet
  facet normal 0.000000e+000 0.000000e+000 3.282140e-001
    outer loop
      vertex   -5.437606e+001 1.411248e+002 4.000000e+000
      vertex   -5.455019e+001 1.411146e+002 4.000000e+000
      vertex   -4.905019e+001 1.396146e+002 4.000000e+000
    endloop
  endfacet
  facet normal 0.000000e+000 0.000000e+000 2.369562e-001
    outer loop
      vertex   -4.905019e+001 1.396146e+002 4.000000e+000
      vertex   -5.455019e+001 1.411146e+002 4.000000e+000
      vertex   -1.045502e+002 1.411146e+002 4.000000e+000
    endloop
  endfacet
  facet normal 0.000000e+000 0.000000e+000 2.701716e-002
    outer loop
      vertex   -4.905019e+001 1.396146e+002 4.000000e+000
      vertex   -1.045502e+002 1.411146e+002 4.000000e+000
      vertex   -1.100502e+002 1.396146e+002 4.000000e+000
    endloop
  endfacet
  facet normal 0.000000e+000 0.000000e+000 1.004266e-002
    outer loop
      vertex   -1.100502e+002 1.396146e+002 4.000000e+000
      vertex   -1.045502e+002 1.411146e+002 4.000000e+000
      vertex   -1.047243e+002 1.411248e+002 4.000000e+000
    endloop
  endfacet
  facet normal 0.000000e+000 0.000000e+000 1.412834e-002
    outer loop
      vertex   -1.100502e+002 1.396146e+002 4.000000e+000
      vertex   -1.047243e+002 1.411248e+002 4.000000e+000
      vertex   -1.048961e+002 1.411550e+002 4.000000e+000
    endloop
  endfacet
  facet normal 0.000000e+000 0.000000e+000 5.491443e-001
    outer loop
      vertex   -1.048961e+002 1.411550e+002 4.000000e+000
      vertex   -1.050632e+002 1.412051e+002 4.000000e+000
      vertex   -1.100502e+002 1.396146e+002 4.000000e+000
    endloop
  endfacet
  facet normal 0.000000e+000 0.000000e+000 9.527218e-001
    outer loop
      vertex   -1.100502e+002 1.396146e+002 4.000000e+000
      vertex   -1.050632e+002 1.412051e+002 4.000000e+000
      vertex   -1.100502e+002 1.421146e+002 4.000000e+000
    endloop
  endfacet
  facet normal 0.000000e+000 0.000000e+000 8.007440e-003
    outer loop
      vertex   -1.100502e+002 1.421146e+002 4.000000e+000
      vertex   -1.050632e+002 1.412051e+002 4.000000e+000
      vertex   -1.052234e+002 1.412742e+002 4.000000e+000
    endloop
  endfacet
  facet normal 0.000000e+000 0.000000e+000 1.267161e-002
    outer loop
      vertex   -1.100502e+002 1.421146e+002 4.000000e+000
      vertex   -1.052234e+002 1.412742e+002 4.000000e+000
      vertex   -1.053745e+002 1.413614e+002 4.000000e+000
    endloop
  endfacet
  facet normal 0.000000e+000 0.000000e+000 4.619575e-001
    outer loop
      vertex   -1.053745e+002 1.413614e+002 4.000000e+000
      vertex   -1.055144e+002 1.414655e+002 4.000000e+000
      vertex   -1.100502e+002 1.421146e+002 4.000000e+000
    endloop
  endfacet
  facet normal 0.000000e+000 0.000000e+000 2.263745e-002
    outer loop
      vertex   -1.100502e+002 1.421146e+002 4.000000e+000
      vertex   -1.055144e+002 1.414655e+002 4.000000e+000
      vertex   -1.056413e+002 1.415853e+002 4.000000e+000
    endloop
  endfacet
  facet normal 0.000000e+000 0.000000e+000 2.765174e-002
    outer loop
      vertex   -1.100502e+002 1.421146e+002 4.000000e+000
      vertex   -1.056413e+002 1.415853e+002 4.000000e+000
      vertex   -1.057534e+002 1.417189e+002 4.000000e+000
    endloop
  endfacet
  facet normal 0.000000e+000 0.000000e+000 7.815607e-001
    outer loop
      vertex   -1.057534e+002 1.417189e+002 4.000000e+000
      vertex   -1.058492e+002 1.418646e+002 4.000000e+000
      vertex   -1.100502e+002 1.421146e+002 4.000000e+000
    endloop
  endfacet
  facet normal 0.000000e+000 0.000000e+000 2.862647e-002
    outer loop
      vertex   -1.100502e+002 1.421146e+002 4.000000e+000
      vertex   -1.058492e+002 1.418646e+002 4.000000e+000
      vertex   -1.059126e+002 1.419871e+002 4.000000e+000
    endloop
  endfacet
  facet normal -0.000000e+000 0.000000e+000 3.080487e-002
    outer loop
      vertex   -1.100502e+002 1.421146e+002 4.000000e+000
      vertex   -1.059126e+002 1.419871e+002 4.000000e+000
      vertex   -1.059644e+002 1.421146e+002 4.000000e+000
    endloop
  endfacet
  facet normal 0.000000e+000 0.000000e+000 9.989328e-001
    outer loop
      vertex   -4.905019e+001 1.396146e+002 4.000000e+000
      vertex   -1.100502e+002 1.396146e+002 4.000000e+000
      vertex   -4.906086e+001 1.393839e+002 4.000000e+000
    endloop
  endfacet
  facet normal 0.000000e+000 0.000000e+000 3.782313e-003
    outer loop
      vertex   -4.906086e+001 1.393839e+002 4.000000e+000
      vertex   -1.100502e+002 1.396146e+002 4.000000e+000
      vertex   -1.100395e+002 1.393839e+002 4.000000e+000
    endloop
  endfacet
  facet normal 0.000000e+000 0.000000e+000 9.904103e-001
    outer loop
      vertex   -4.906086e+001 1.393839e+002 4.000000e+000
      vertex   -1.100395e+002 1.393839e+002 4.000000e+000
      vertex   -4.909276e+001 1.391552e+002 4.000000e+000
    endloop
  endfacet
  facet normal 0.000000e+000 0.000000e+000 3.752408e-003
    outer loop
      vertex   -4.909276e+001 1.391552e+002 4.000000e+000
      vertex   -1.100395e+002 1.393839e+002 4.000000e+000
      vertex   -1.100076e+002 1.391552e+002 4.000000e+000
    endloop
  endfacet
  facet normal 0.000000e+000 0.000000e+000 9.734373e-001
    outer loop
      vertex   -4.909276e+001 1.391552e+002 4.000000e+000
      vertex   -1.100076e+002 1.391552e+002 4.000000e+000
      vertex   -4.914563e+001 1.389305e+002 4.000000e+000
    endloop
  endfacet
  facet normal 0.000000e+000 0.000000e+000 3.693203e-003
    outer loop
      vertex   -4.914563e+001 1.389305e+002 4.000000e+000
      vertex   -1.100076e+002 1.391552e+002 4.000000e+000
      vertex   -1.099548e+002 1.389305e+002 4.000000e+000
    endloop
  endfacet
  facet normal 0.000000e+000 0.000000e+000 9.481617e-001
    outer loop
      vertex   -4.914563e+001 1.389305e+002 4.000000e+000
      vertex   -1.099548e+002 1.389305e+002 4.000000e+000
      vertex   -4.921901e+001 1.387115e+002 4.000000e+000
    endloop
  endfacet
  facet normal 0.000000e+000 0.000000e+000 3.604911e-003
    outer loop
      vertex   -4.921901e+001 1.387115e+002 4.000000e+000
      vertex   -1.099548e+002 1.389305e+002 4.000000e+000
      vertex   -1.098814e+002 1.387115e+002 4.000000e+000
    endloop
  endfacet
  facet normal 0.000000e+000 0.000000e+000 9.147933e-001
    outer loop
      vertex   -4.921901e+001 1.387115e+002 4.000000e+000
      vertex   -1.098814e+002 1.387115e+002 4.000000e+000
      vertex   -4.931229e+001 1.385003e+002 4.000000e+000
    endloop
  endfacet
  facet normal 0.000000e+000 0.000000e+000 3.487610e-003
    outer loop
      vertex   -4.931229e+001 1.385003e+002 4.000000e+000
      vertex   -1.098814e+002 1.387115e+002 4.000000e+000
      vertex   -1.097881e+002 1.385003e+002 4.000000e+000
    endloop
  endfacet
  facet normal 0.000000e+000 0.000000e+000 8.736237e-001
    outer loop
      vertex   -4.931229e+001 1.385003e+002 4.000000e+000
      vertex   -1.097881e+002 1.385003e+002 4.000000e+000
      vertex   -4.942465e+001 1.382985e+002 4.000000e+000
    endloop
  endfacet
  facet normal 0.000000e+000 0.000000e+000 3.342011e-003
    outer loop
      vertex   -4.942465e+001 1.382985e+002 4.000000e+000
      vertex   -1.097881e+002 1.385003e+002 4.000000e+000
      vertex   -1.096757e+002 1.382985e+002 4.000000e+000
    endloop
  endfacet
  facet normal 0.000000e+000 0.000000e+000 8.249952e-001
    outer loop
      vertex   -4.942465e+001 1.382985e+002 4.000000e+000
      vertex   -1.096757e+002 1.382985e+002 4.000000e+000
      vertex   -4.955515e+001 1.381080e+002 4.000000e+000
    endloop
  endfacet
  facet normal 0.000000e+000 0.000000e+000 3.168716e-003
    outer loop
      vertex   -4.955515e+001 1.381080e+002 4.000000e+000
      vertex   -1.096757e+002 1.382985e+002 4.000000e+000
      vertex   -1.095452e+002 1.381080e+002 4.000000e+000
    endloop
  endfacet
  facet normal 0.000000e+000 0.000000e+000 7.693412e-001
    outer loop
      vertex   -4.955515e+001 1.381080e+002 4.000000e+000
      vertex   -1.095452e+002 1.381080e+002 4.000000e+000
      vertex   -4.970267e+001 1.379304e+002 4.000000e+000
    endloop
  endfacet
  facet normal 0.000000e+000 0.000000e+000 2.968745e-003
    outer loop
      vertex   -4.970267e+001 1.379304e+002 4.000000e+000
      vertex   -1.095452e+002 1.381080e+002 4.000000e+000
      vertex   -1.093977e+002 1.379304e+002 4.000000e+000
    endloop
  endfacet
  facet normal 0.000000e+000 0.000000e+000 7.071151e-001
    outer loop
      vertex   -4.970267e+001 1.379304e+002 4.000000e+000
      vertex   -1.093977e+002 1.379304e+002 4.000000e+000
      vertex   -4.986596e+001 1.377671e+002 4.000000e+000
    endloop
  endfacet
  facet normal 0.000000e+000 0.000000e+000 2.742799e-003
    outer loop
      vertex   -4.986596e+001 1.377671e+002 4.000000e+000
      vertex   -1.093977e+002 1.379304e+002 4.000000e+000
      vertex   -1.092344e+002 1.377671e+002 4.000000e+000
    endloop
  endfacet
  facet normal 0.000000e+000 0.000000e+000 6.388071e-001
    outer loop
      vertex   -4.986596e+001 1.377671e+002 4.000000e+000
      vertex   -1.092344e+002 1.377671e+002 4.000000e+000
      vertex   -5.004361e+001 1.376196e+002 4.000000e+000
    endloop
  endfacet
  facet normal 0.000000e+000 0.000000e+000 3.201550e-001
    outer loop
      vertex   -5.004361e+001 1.376196e+002 4.000000e+000
      vertex   -1.092344e+002 1.377671e+002 4.000000e+000
      vertex   -5.155019e+001 1.371146e+002 4.000000e+000
    endloop
  endfacet
  facet normal 0.000000e+000 0.000000e+000 2.736915e-001
    outer loop
      vertex   -5.004361e+001 1.376196e+002 4.000000e+000
      vertex   -5.155019e+001 1.371146e+002 4.000000e+000
      vertex   -5.023412e+001 1.374891e+002 4.000000e+000
    endloop
  endfacet
  facet normal 0.000000e+000 0.000000e+000 2.289596e-001
    outer loop
      vertex   -5.023412e+001 1.374891e+002 4.000000e+000
      vertex   -5.155019e+001 1.371146e+002 4.000000e+000
      vertex   -5.043585e+001 1.373767e+002 4.000000e+000
    endloop
  endfacet
  facet normal 0.000000e+000 0.000000e+000 1.837716e-001
    outer loop
      vertex   -5.043585e+001 1.373767e+002 4.000000e+000
      vertex   -5.155019e+001 1.371146e+002 4.000000e+000
      vertex   -5.064709e+001 1.372834e+002 4.000000e+000
    endloop
  endfacet
  facet normal 0.000000e+000 0.000000e+000 1.381496e-001
    outer loop
      vertex   -5.064709e+001 1.372834e+002 4.000000e+000
      vertex   -5.155019e+001 1.371146e+002 4.000000e+000
      vertex   -5.086604e+001 1.372101e+002 4.000000e+000
    endloop
  endfacet
  facet normal 0.000000e+000 0.000000e+000 9.229384e-002
    outer loop
      vertex   -5.086604e+001 1.372101e+002 4.000000e+000
      vertex   -5.155019e+001 1.371146e+002 4.000000e+000
      vertex   -5.109082e+001 1.371572e+002 4.000000e+000
    endloop
  endfacet
  facet normal 0.000000e+000 0.000000e+000 4.615556e-002
    outer loop
      vertex   -5.109082e+001 1.371572e+002 4.000000e+000
      vertex   -5.155019e+001 1.371146e+002 4.000000e+000
      vertex   -5.131952e+001 1.371253e+002 4.000000e+000
    endloop
  endfacet
  facet normal 0.000000e+000 0.000000e+000 6.300727e-001
    outer loop
      vertex   -1.092344e+002 1.377671e+002 4.000000e+000
      vertex   -1.090568e+002 1.376196e+002 4.000000e+000
      vertex   -5.155019e+001 1.371146e+002 4.000000e+000
    endloop
  endfacet
  facet normal 0.000000e+000 0.000000e+000 8.780552e-003
    outer loop
      vertex   -5.155019e+001 1.371146e+002 4.000000e+000
      vertex   -1.090568e+002 1.376196e+002 4.000000e+000
      vertex   -1.075502e+002 1.371146e+002 4.000000e+000
    endloop
  endfacet
  facet normal 0.000000e+000 0.000000e+000 4.618934e-002
    outer loop
      vertex   -1.075502e+002 1.371146e+002 4.000000e+000
      vertex   -1.090568e+002 1.376196e+002 4.000000e+000
      vertex   -1.088663e+002 1.374891e+002 4.000000e+000
    endloop
  endfacet
  facet normal 0.000000e+000 0.000000e+000 4.618431e-002
    outer loop
      vertex   -1.075502e+002 1.371146e+002 4.000000e+000
      vertex   -1.088663e+002 1.374891e+002 4.000000e+000
      vertex   -1.086645e+002 1.373767e+002 4.000000e+000
    endloop
  endfacet
  facet normal 0.000000e+000 0.000000e+000 1.837723e-001
    outer loop
      vertex   -1.086645e+002 1.373767e+002 4.000000e+000
      vertex   -1.084533e+002 1.372834e+002 4.000000e+000
      vertex   -1.075502e+002 1.371146e+002 4.000000e+000
    endloop
  endfacet
  facet normal 0.000000e+000 0.000000e+000 4.618153e-002
    outer loop
      vertex   -1.075502e+002 1.371146e+002 4.000000e+000
      vertex   -1.084533e+002 1.372834e+002 4.000000e+000
      vertex   -1.082344e+002 1.372101e+002 4.000000e+000
    endloop
  endfacet
  facet normal 0.000000e+000 0.000000e+000 4.619520e-002
    outer loop
      vertex   -1.075502e+002 1.371146e+002 4.000000e+000
      vertex   -1.082344e+002 1.372101e+002 4.000000e+000
      vertex   -1.080096e+002 1.371572e+002 4.000000e+000
    endloop
  endfacet
  facet normal 0.000000e+000 0.000000e+000 4.615784e-002
    outer loop
      vertex   -1.080096e+002 1.371572e+002 4.000000e+000
      vertex   -1.077809e+002 1.371253e+002 4.000000e+000
      vertex   -1.075502e+002 1.371146e+002 4.000000e+000
    endloop
  endfacet
  facet normal 0.000000e+000 -9.991471e-001 4.129336e-002
    outer loop
      vertex   -1.060502e+002 1.451146e+002 7.000000e+000
      vertex   -1.100502e+002 1.451146e+002 7.000000e+000
      vertex   -1.060502e+002 1.451044e+002 6.752632e+000
    endloop
  endfacet
  facet normal 2.352399e-007 -6.181617e-002 2.558580e-003
    outer loop
      vertex   -1.060502e+002 1.451044e+002 6.752632e+000
      vertex   -1.100502e+002 1.451146e+002 7.000000e+000
      vertex   -1.100502e+002 1.451044e+002 6.752262e+000
    endloop
  endfacet
  facet normal -3.839777e-006 -9.923433e-001 1.235101e-001
    outer loop
      vertex   -1.060502e+002 1.451044e+002 6.752632e+000
      vertex   -1.100502e+002 1.451044e+002 6.752262e+000
      vertex   -1.060502e+002 1.450738e+002 6.506948e+000
    endloop
  endfacet
  facet normal 4.741372e-007 -6.139438e-002 7.652940e-003
    outer loop
      vertex   -1.060502e+002 1.450738e+002 6.506948e+000
      vertex   -1.100502e+002 1.451044e+002 6.752262e+000
      vertex   -1.100502e+002 1.450737e+002 6.506216e+000
    endloop
  endfacet
  facet normal -7.604209e-006 -9.787775e-001 2.049255e-001
    outer loop
      vertex   -1.060502e+002 1.450738e+002 6.506948e+000
      vertex   -1.100502e+002 1.450737e+002 6.506216e+000
      vertex   -1.060502e+002 1.450231e+002 6.264622e+000
    endloop
  endfacet
  facet normal 7.353569e-007 -6.055292e-002 1.269786e-002
    outer loop
      vertex   -1.060502e+002 1.450231e+002 6.264622e+000
      vertex   -1.100502e+002 1.450737e+002 6.506216e+000
      vertex   -1.100502e+002 1.450228e+002 6.263544e+000
    endloop
  endfacet
  facet normal -1.097791e-005 -9.585499e-001 2.849244e-001
    outer loop
      vertex   -1.060502e+002 1.450231e+002 6.264622e+000
      vertex   -1.100502e+002 1.450228e+002 6.263544e+000
      vertex   -1.060502e+002 1.449525e+002 6.027305e+000
    endloop
  endfacet
  facet normal 8.217111e-007 -5.929799e-002 1.765146e-002
    outer loop
      vertex   -1.060502e+002 1.449525e+002 6.027305e+000
      vertex   -1.100502e+002 1.450228e+002 6.263544e+000
      vertex   -1.100502e+002 1.449521e+002 6.025902e+000
    endloop
  endfacet
  facet normal -1.710207e-005 -9.318064e-001 3.629553e-001
    outer loop
      vertex   -1.060502e+002 1.449525e+002 6.027305e+000
      vertex   -1.100502e+002 1.449521e+002 6.025902e+000
      vertex   -1.060502e+002 1.448627e+002 5.796612e+000
    endloop
  endfacet
  facet normal 1.226229e-006 -5.763802e-002 2.249089e-002
    outer loop
      vertex   -1.060502e+002 1.448627e+002 5.796612e+000
      vertex   -1.100502e+002 1.449521e+002 6.025902e+000
      vertex   -1.100502e+002 1.448619e+002 5.794914e+000
    endloop
  endfacet
  facet normal -1.819288e-005 -8.986945e-001 4.385751e-001
    outer loop
      vertex   -1.060502e+002 1.448627e+002 5.796612e+000
      vertex   -1.100502e+002 1.448619e+002 5.794914e+000
      vertex   -1.060502e+002 1.447541e+002 5.574115e+000
    endloop
  endfacet
  facet normal 1.547980e-006 -5.558418e-002 2.717426e-002
    outer loop
      vertex   -1.060502e+002 1.447541e+002 5.574115e+000
      vertex   -1.100502e+002 1.448619e+002 5.794914e+000
      vertex   -1.100502e+002 1.447530e+002 5.572158e+000
    endloop
  endfacet
  facet normal -2.061257e-005 -8.594463e-001 5.112258e-001
    outer loop
      vertex   -1.060502e+002 1.447541e+002 5.574115e+000
      vertex   -1.100502e+002 1.447530e+002 5.572158e+000
      vertex   -1.060502e+002 1.446275e+002 5.361329e+000
    endloop
  endfacet
  facet normal 1.647395e-006 -5.315064e-002 3.167112e-002
    outer loop
      vertex   -1.060502e+002 1.446275e+002 5.361329e+000
      vertex   -1.100502e+002 1.447530e+002 5.572158e+000
      vertex   -1.100502e+002 1.446261e+002 5.359156e+000
    endloop
  endfacet
  facet normal -2.640615e-005 -8.143849e-001 5.803248e-001
    outer loop
      vertex   -1.060502e+002 1.446275e+002 5.361329e+000
      vertex   -1.100502e+002 1.446261e+002 5.359156e+000
      vertex   -1.060502e+002 1.444839e+002 5.159704e+000
    endloop
  endfacet
  facet normal 1.811132e-006 -5.035405e-002 3.595100e-002
    outer loop
      vertex   -1.060502e+002 1.444839e+002 5.159704e+000
      vertex   -1.100502e+002 1.446261e+002 5.359156e+000
      vertex   -1.100502e+002 1.444820e+002 5.157362e+000
    endloop
  endfacet
  facet normal -3.117318e-005 -7.637758e-001 6.454812e-001
    outer loop
      vertex   -1.060502e+002 1.444839e+002 5.159704e+000
      vertex   -1.100502e+002 1.444820e+002 5.157362e+000
      vertex   -1.060502e+002 1.443241e+002 4.970612e+000
    endloop
  endfacet
  facet normal 2.101489e-006 -4.721343e-002 3.998724e-002
    outer loop
      vertex   -1.060502e+002 1.443241e+002 4.970612e+000
      vertex   -1.100502e+002 1.444820e+002 5.157362e+000
      vertex   -1.100502e+002 1.443218e+002 4.968155e+000
    endloop
  endfacet
  facet normal -3.401824e-005 -7.079237e-001 7.062885e-001
    outer loop
      vertex   -1.060502e+002 1.443241e+002 4.970612e+000
      vertex   -1.100502e+002 1.443218e+002 4.968155e+000
      vertex   -1.060502e+002 1.441492e+002 4.795341e+000
    endloop
  endfacet
  facet normal 2.222377e-006 -4.375032e-002 4.374937e-002
    outer loop
      vertex   -1.060502e+002 1.441492e+002 4.795341e+000
      vertex   -1.100502e+002 1.443218e+002 4.968155e+000
      vertex   -1.100502e+002 1.441465e+002 4.792828e+000
    endloop
  endfacet
  facet normal -3.932182e-005 -6.473100e-001 7.622263e-001
    outer loop
      vertex   -1.060502e+002 1.441492e+002 4.795341e+000
      vertex   -1.100502e+002 1.441465e+002 4.792828e+000
      vertex   -1.060502e+002 1.439605e+002 4.635086e+000
    endloop
  endfacet
  facet normal 2.592315e-006 -3.998815e-002 4.721455e-002
    outer loop
      vertex   -1.060502e+002 1.439605e+002 4.635086e+000
      vertex   -1.100502e+002 1.441465e+002 4.792828e+000
      vertex   -1.100502e+002 1.439573e+002 4.632578e+000
    endloop
  endfacet
  facet normal -4.097985e-005 -5.822202e-001 8.130305e-001
    outer loop
      vertex   -1.060502e+002 1.439605e+002 4.635086e+000
      vertex   -1.100502e+002 1.439573e+002 4.632578e+000
      vertex   -1.060502e+002 1.437592e+002 4.490937e+000
    endloop
  endfacet
  facet normal 2.795524e-006 -3.595286e-002 5.035612e-002
    outer loop
      vertex   -1.060502e+002 1.437592e+002 4.490937e+000
      vertex   -1.100502e+002 1.439573e+002 4.632578e+000
      vertex   -1.100502e+002 1.437555e+002 4.488501e+000
    endloop
  endfacet
  facet normal -4.504025e-005 -5.132002e-001 8.582682e-001
    outer loop
      vertex   -1.060502e+002 1.437592e+002 4.490937e+000
      vertex   -1.100502e+002 1.437555e+002 4.488501e+000
      vertex   -1.060502e+002 1.435467e+002 4.363876e+000
    endloop
  endfacet
  facet normal 2.939396e-006 -3.167193e-002 5.315122e-002
    outer loop
      vertex   -1.060502e+002 1.435467e+002 4.363876e+000
      vertex   -1.100502e+002 1.437555e+002 4.488501e+000
      vertex   -1.100502e+002 1.435425e+002 4.361579e+000
    endloop
  endfacet
  facet normal -4.987335e-005 -4.407145e-001 8.976465e-001
    outer loop
      vertex   -1.060502e+002 1.435467e+002 4.363876e+000
      vertex   -1.100502e+002 1.435425e+002 4.361579e+000
      vertex   -1.060502e+002 1.433245e+002 4.254769e+000
    endloop
  endfacet
  facet normal 3.304985e-006 -2.717476e-002 5.558844e-002
    outer loop
      vertex   -1.060502e+002 1.433245e+002 4.254769e+000
      vertex   -1.100502e+002 1.435425e+002 4.361579e+000
      vertex   -1.100502e+002 1.433197e+002 4.252680e+000
    endloop
  endfacet
  facet normal -5.167638e-005 -3.651724e-001 9.309390e-001
    outer loop
      vertex   -1.060502e+002 1.433245e+002 4.254769e+000
      vertex   -1.100502e+002 1.433197e+002 4.252680e+000
      vertex   -1.060502e+002 1.430940e+002 4.164359e+000
    endloop
  endfacet
  facet normal 3.503209e-006 -2.249166e-002 5.764110e-002
    outer loop
      vertex   -1.060502e+002 1.430940e+002 4.164359e+000
      vertex   -1.100502e+002 1.433197e+002 4.252680e+000
      vertex   -1.100502e+002 1.430887e+002 4.162548e+000
    endloop
  endfacet
  facet normal -5.574935e-005 -2.871706e-001 9.578785e-001
    outer loop
      vertex   -1.060502e+002 1.430940e+002 4.164359e+000
      vertex   -1.100502e+002 1.430887e+002 4.162548e+000
      vertex   -1.060502e+002 1.428568e+002 4.093261e+000
    endloop
  endfacet
  facet normal 3.715755e-006 -1.765490e-002 5.930158e-002
    outer loop
      vertex   -1.060502e+002 1.428568e+002 4.093261e+000
      vertex   -1.100502e+002 1.430887e+002 4.162548e+000
      vertex   -1.100502e+002 1.428511e+002 4.091799e+000
    endloop
  endfacet
  facet normal -5.956137e-005 -2.072128e-001 9.782948e-001
    outer loop
      vertex   -1.060502e+002 1.428568e+002 4.093261e+000
      vertex   -1.100502e+002 1.428511e+002 4.091799e+000
      vertex   -1.060502e+002 1.426146e+002 4.041960e+000
    endloop
  endfacet
  facet normal 3.952693e-006 -1.269766e-002 6.055846e-002
    outer loop
      vertex   -1.060502e+002 1.426146e+002 4.041960e+000
      vertex   -1.100502e+002 1.428511e+002 4.091799e+000
      vertex   -1.100502e+002 1.426084e+002 4.040916e+000
    endloop
  endfacet
  facet normal -7.459184e-006 -1.607561e-001 9.869422e-001
    outer loop
      vertex   -1.060502e+002 1.426146e+002 4.041960e+000
      vertex   -1.100502e+002 1.426084e+002 4.040916e+000
      vertex   -1.060498e+002 1.425793e+002 4.036199e+000
    endloop
  endfacet
  facet normal 8.051133e-005 -1.488436e-001 9.879470e-001
    outer loop
      vertex   -1.060498e+002 1.425793e+002 4.036199e+000
      vertex   -1.100502e+002 1.426084e+002 4.040916e+000
      vertex   -1.060485e+002 1.425438e+002 4.030863e+000
    endloop
  endfacet
  facet normal 2.747661e-004 -1.367730e-001 9.877549e-001
    outer loop
      vertex   -1.060485e+002 1.425438e+002 4.030863e+000
      vertex   -1.100502e+002 1.426084e+002 4.040916e+000
      vertex   -1.060464e+002 1.425084e+002 4.025957e+000
    endloop
  endfacet
  facet normal 3.826913e-005 -7.652466e-003 6.139296e-002
    outer loop
      vertex   -1.060464e+002 1.425084e+002 4.025957e+000
      vertex   -1.100502e+002 1.426084e+002 4.040916e+000
      vertex   -1.100502e+002 1.423624e+002 4.010247e+000
    endloop
  endfacet
  facet normal 2.793153e-004 -1.142590e-001 9.910975e-001
    outer loop
      vertex   -1.060464e+002 1.425084e+002 4.025957e+000
      vertex   -1.100502e+002 1.423624e+002 4.010247e+000
      vertex   -1.060358e+002 1.424085e+002 4.014437e+000
    endloop
  endfacet
  facet normal -1.017256e-004 -8.046518e-002 9.838892e-001
    outer loop
      vertex   -1.060358e+002 1.424085e+002 4.014437e+000
      vertex   -1.100502e+002 1.423624e+002 4.010247e+000
      vertex   -1.060185e+002 1.423092e+002 4.006317e+000
    endloop
  endfacet
  facet normal 3.254626e-004 -4.685455e-002 9.676040e-001
    outer loop
      vertex   -1.060185e+002 1.423092e+002 4.006317e+000
      vertex   -1.100502e+002 1.423624e+002 4.010247e+000
      vertex   -1.059947e+002 1.422110e+002 4.001556e+000
    endloop
  endfacet
  facet normal 3.660041e-005 -2.524172e-003 6.102461e-002
    outer loop
      vertex   -1.059947e+002 1.422110e+002 4.001556e+000
      vertex   -1.100502e+002 1.423624e+002 4.010247e+000
      vertex   -1.100502e+002 1.421146e+002 4.000000e+000
    endloop
  endfacet
  facet normal 0.000000e+000 -1.550196e-002 9.606558e-001
    outer loop
      vertex   -1.059947e+002 1.422110e+002 4.001556e+000
      vertex   -1.100502e+002 1.421146e+002 4.000000e+000
      vertex   -1.059644e+002 1.421146e+002 4.000000e+000
    endloop
  endfacet
  facet normal 0.000000e+000 -7.071068e-001 -7.071068e-001
    outer loop
      vertex   -1.123002e+002 1.451146e+002 5.000000e-001
      vertex   -1.123002e+002 1.456146e+002 5.551115e-015
      vertex   -1.105502e+002 1.451146e+002 5.000000e-001
    endloop
  endfacet
  facet normal 0.000000e+000 -6.882472e-001 -6.882472e-001
    outer loop
      vertex   -1.105502e+002 1.451146e+002 5.000000e-001
      vertex   -1.123002e+002 1.456146e+002 5.551115e-015
      vertex   -1.100502e+002 1.456146e+002 5.551115e-015
    endloop
  endfacet
  facet normal 0.000000e+000 -5.773503e-001 -5.773503e-001
    outer loop
      vertex   -4.905019e+001 1.456146e+002 5.551115e-015
      vertex   -4.680019e+001 1.456146e+002 5.551115e-015
      vertex   -4.855019e+001 1.451146e+002 5.000000e-001
    endloop
  endfacet
  facet normal 0.000000e+000 -2.649065e-001 -2.649065e-001
    outer loop
      vertex   -4.855019e+001 1.451146e+002 5.000000e-001
      vertex   -4.680019e+001 1.456146e+002 5.551115e-015
      vertex   -4.680019e+001 1.451146e+002 5.000000e-001
    endloop
  endfacet
  facet normal -0.000000e+000 -5.773503e-001 -5.773503e-001
    outer loop
      vertex   -5.355019e+001 1.451146e+002 5.000000e-001
      vertex   -1.055502e+002 1.451146e+002 5.000000e-001
      vertex   -5.305019e+001 1.456146e+002 5.551115e-015
    endloop
  endfacet
  facet normal -0.000000e+000 -9.522946e-003 -9.522946e-003
    outer loop
      vertex   -5.305019e+001 1.456146e+002 5.551115e-015
      vertex   -1.055502e+002 1.451146e+002 5.000000e-001
      vertex   -1.060502e+002 1.456146e+002 5.551115e-015
    endloop
  endfacet
  facet normal -0.000000e+000 -1.000000e+000 -0.000000e+000
    outer loop
      vertex   -8.609883e+001 1.855146e+002 1.590000e+001
      vertex   -1.113002e+002 1.855146e+002 1.590000e+001
      vertex   -8.609883e+001 1.855146e+002 1.154992e+001
    endloop
  endfacet
  facet normal -0.000000e+000 -5.200920e-001 0.000000e+000
    outer loop
      vertex   -8.609883e+001 1.855146e+002 1.154992e+001
      vertex   -1.113002e+002 1.855146e+002 1.590000e+001
      vertex   -1.113002e+002 1.855146e+002 1.600000e+000
    endloop
  endfacet
  facet normal 0.000000e+000 -9.788446e-001 -0.000000e+000
    outer loop
      vertex   -8.609883e+001 1.855146e+002 1.154992e+001
      vertex   -1.113002e+002 1.855146e+002 1.600000e+000
      vertex   -7.955019e+001 1.855146e+002 1.600000e+000
    endloop
  endfacet
  facet normal 0.000000e+000 -8.353154e-001 0.000000e+000
    outer loop
      vertex   -8.609883e+001 1.855146e+002 1.154992e+001
      vertex   -7.955019e+001 1.855146e+002 1.600000e+000
      vertex   -7.152618e+001 1.855146e+002 1.154992e+001
    endloop
  endfacet
  facet normal 0.000000e+000 -9.606218e-001 -0.000000e+000
    outer loop
      vertex   -7.152618e+001 1.855146e+002 1.154992e+001
      vertex   -7.955019e+001 1.855146e+002 1.600000e+000
      vertex   -4.780019e+001 1.855146e+002 1.600000e+000
    endloop
  endfacet
  facet normal 0.000000e+000 -5.467045e-001 0.000000e+000
    outer loop
      vertex   -7.152618e+001 1.855146e+002 1.154992e+001
      vertex   -4.780019e+001 1.855146e+002 1.600000e+000
      vertex   -4.780019e+001 1.855146e+002 1.590000e+001
    endloop
  endfacet
  facet normal -0.000000e+000 -1.803405e-001 0.000000e+000
    outer loop
      vertex   -4.780019e+001 1.855146e+002 1.590000e+001
      vertex   -7.152618e+001 1.855146e+002 1.590000e+001
      vertex   -7.152618e+001 1.855146e+002 1.154992e+001
    endloop
  endfacet
  facet normal 0.000000e+000 7.071068e-001 -7.071068e-001
    outer loop
      vertex   -4.680019e+001 1.875146e+002 5.000000e-001
      vertex   -4.680019e+001 1.870146e+002 5.551115e-015
      vertex   -4.855019e+001 1.875146e+002 5.000000e-001
    endloop
  endfacet
  facet normal 0.000000e+000 6.882472e-001 -6.882472e-001
    outer loop
      vertex   -4.855019e+001 1.875146e+002 5.000000e-001
      vertex   -4.680019e+001 1.870146e+002 5.551115e-015
      vertex   -4.905019e+001 1.870146e+002 5.551115e-015
    endloop
  endfacet
  facet normal 0.000000e+000 5.773503e-001 -5.773503e-001
    outer loop
      vertex   -1.100502e+002 1.870146e+002 5.551115e-015
      vertex   -1.123002e+002 1.870146e+002 5.551115e-015
      vertex   -1.105502e+002 1.875146e+002 5.000000e-001
    endloop
  endfacet
  facet normal 0.000000e+000 2.649065e-001 -2.649065e-001
    outer loop
      vertex   -1.105502e+002 1.875146e+002 5.000000e-001
      vertex   -1.123002e+002 1.870146e+002 5.551115e-015
      vertex   -1.123002e+002 1.875146e+002 5.000000e-001
    endloop
  endfacet
  facet normal 0.000000e+000 5.773503e-001 -5.773503e-001
    outer loop
      vertex   -1.055502e+002 1.875146e+002 5.000000e-001
      vertex   -5.355019e+001 1.875146e+002 5.000000e-001
      vertex   -1.060502e+002 1.870146e+002 5.551115e-015
    endloop
  endfacet
  facet normal 0.000000e+000 9.522946e-003 -9.522946e-003
    outer loop
      vertex   -1.060502e+002 1.870146e+002 5.551115e-015
      vertex   -5.355019e+001 1.875146e+002 5.000000e-001
      vertex   -5.305019e+001 1.870146e+002 5.551115e-015
    endloop
  endfacet
  facet normal 3.700578e-002 -7.061378e-001 7.061378e-001
    outer loop
      vertex   -4.680019e+001 1.451146e+002 1.840000e+001
      vertex   -4.659114e+001 1.451256e+002 1.840000e+001
      vertex   -4.680019e+001 1.456146e+002 1.890000e+001
    endloop
  endfacet
  facet normal 4.131423e-002 -6.837043e-001 6.859973e-001
    outer loop
      vertex   -4.680019e+001 1.456146e+002 1.890000e+001
      vertex   -4.659114e+001 1.451256e+002 1.840000e+001
      vertex   -4.661939e+001 1.456255e+002 1.890000e+001
    endloop
  endfacet
  facet normal 3.197641e-002 -2.019088e-001 2.037035e-001
    outer loop
      vertex   -4.661939e+001 1.456255e+002 1.890000e+001
      vertex   -4.659114e+001 1.451256e+002 1.840000e+001
      vertex   -4.638437e+001 1.451583e+002 1.840000e+001
    endloop
  endfacet
  facet normal 1.245734e-001 -6.797107e-001 6.937088e-001
    outer loop
      vertex   -4.661939e+001 1.456255e+002 1.890000e+001
      vertex   -4.638437e+001 1.451583e+002 1.840000e+001
      vertex   -4.644122e+001 1.456582e+002 1.890000e+001
    endloop
  endfacet
  facet normal 5.318480e-002 -1.984807e-001 2.044794e-001
    outer loop
      vertex   -4.644122e+001 1.456582e+002 1.890000e+001
      vertex   -4.638437e+001 1.451583e+002 1.840000e+001
      vertex   -4.618216e+001 1.452125e+002 1.840000e+001
    endloop
  endfacet
  facet normal 2.071465e-001 -6.646928e-001 6.998258e-001
    outer loop
      vertex   -4.644122e+001 1.456582e+002 1.890000e+001
      vertex   -4.618216e+001 1.452125e+002 1.840000e+001
      vertex   -4.626829e+001 1.457121e+002 1.890000e+001
    endloop
  endfacet
  facet normal 7.379120e-002 -1.922609e-001 2.048129e-001
    outer loop
      vertex   -4.626829e+001 1.457121e+002 1.890000e+001
      vertex   -4.618216e+001 1.452125e+002 1.840000e+001
      vertex   -4.598672e+001 1.452875e+002 1.840000e+001
    endloop
  endfacet
  facet normal 2.874780e-001 -6.387416e-001 7.042769e-001
    outer loop
      vertex   -4.626829e+001 1.457121e+002 1.890000e+001
      vertex   -4.598672e+001 1.452875e+002 1.840000e+001
      vertex   -4.610311e+001 1.457864e+002 1.890000e+001
    endloop
  endfacet
  facet normal 9.343012e-002 -1.833542e-001 2.047056e-001
    outer loop
      vertex   -4.610311e+001 1.457864e+002 1.890000e+001
      vertex   -4.598672e+001 1.452875e+002 1.840000e+001
      vertex   -4.580019e+001 1.453826e+002 1.840000e+001
    endloop
  endfacet
  facet normal 3.640303e-001 -6.022120e-001 7.069725e-001
    outer loop
      vertex   -4.610311e+001 1.457864e+002 1.890000e+001
      vertex   -4.580019e+001 1.453826e+002 1.840000e+001
      vertex   -4.594810e+001 1.458801e+002 1.890000e+001
    endloop
  endfacet
  facet normal 1.116628e-001 -1.719475e-001 2.041438e-001
    outer loop
      vertex   -4.594810e+001 1.458801e+002 1.890000e+001
      vertex   -4.580019e+001 1.453826e+002 1.840000e+001
      vertex   -4.562463e+001 1.454966e+002 1.840000e+001
    endloop
  endfacet
  facet normal 4.353260e-001 -5.556487e-001 7.078801e-001
    outer loop
      vertex   -4.594810e+001 1.458801e+002 1.890000e+001
      vertex   -4.562463e+001 1.454966e+002 1.840000e+001
      vertex   -4.580551e+001 1.459919e+002 1.890000e+001
    endloop
  endfacet
  facet normal 1.281769e-001 -1.582875e-001 2.031607e-001
    outer loop
      vertex   -4.580551e+001 1.459919e+002 1.890000e+001
      vertex   -4.562463e+001 1.454966e+002 1.840000e+001
      vertex   -4.546193e+001 1.456283e+002 1.840000e+001
    endloop
  endfacet
  facet normal 1.426589e-001 -1.426589e-001 2.017492e-001
    outer loop
      vertex   -4.580551e+001 1.459919e+002 1.890000e+001
      vertex   -4.546193e+001 1.456283e+002 1.840000e+001
      vertex   -4.531391e+001 1.457764e+002 1.840000e+001
    endloop
  endfacet
  facet normal 4.819674e-001 -4.819674e-001 6.816019e-001
    outer loop
      vertex   -4.580551e+001 1.459919e+002 1.890000e+001
      vertex   -4.531391e+001 1.457764e+002 1.840000e+001
      vertex   -4.567743e+001 1.461199e+002 1.890000e+001
    endloop
  endfacet
  facet normal 1.582840e-001 -1.281771e-001 2.031580e-001
    outer loop
      vertex   -4.567743e+001 1.461199e+002 1.890000e+001
      vertex   -4.531391e+001 1.457764e+002 1.840000e+001
      vertex   -4.518216e+001 1.459390e+002 1.840000e+001
    endloop
  endfacet
  facet normal 5.416669e-001 -4.243492e-001 6.900619e-001
    outer loop
      vertex   -4.567743e+001 1.461199e+002 1.890000e+001
      vertex   -4.518216e+001 1.459390e+002 1.840000e+001
      vertex   -4.556572e+001 1.462625e+002 1.890000e+001
    endloop
  endfacet
  facet normal 1.719613e-001 -1.116657e-001 2.041583e-001
    outer loop
      vertex   -4.556572e+001 1.462625e+002 1.890000e+001
      vertex   -4.518216e+001 1.459390e+002 1.840000e+001
      vertex   -4.506815e+001 1.461146e+002 1.840000e+001
    endloop
  endfacet
  facet normal 5.936751e-001 -3.589198e-001 6.969653e-001
    outer loop
      vertex   -4.556572e+001 1.462625e+002 1.890000e+001
      vertex   -4.506815e+001 1.461146e+002 1.840000e+001
      vertex   -4.547201e+001 1.464175e+002 1.890000e+001
    endloop
  endfacet
  facet normal 1.833552e-001 -9.342504e-002 2.046991e-001
    outer loop
      vertex   -4.547201e+001 1.464175e+002 1.890000e+001
      vertex   -4.506815e+001 1.461146e+002 1.840000e+001
      vertex   -4.497311e+001 1.463011e+002 1.840000e+001
    endloop
  endfacet
  facet normal 6.369378e-001 -2.866397e-001 7.022607e-001
    outer loop
      vertex   -4.547201e+001 1.464175e+002 1.890000e+001
      vertex   -4.497311e+001 1.463011e+002 1.840000e+001
      vertex   -4.539767e+001 1.465827e+002 1.890000e+001
    endloop
  endfacet
  facet normal 1.922544e-001 -7.380286e-002 2.048102e-001
    outer loop
      vertex   -4.539767e+001 1.465827e+002 1.890000e+001
      vertex   -4.497311e+001 1.463011e+002 1.840000e+001
      vertex   -4.489808e+001 1.464966e+002 1.840000e+001
    endloop
  endfacet
  facet normal 6.704081e-001 -2.089073e-001 7.058445e-001
    outer loop
      vertex   -4.539767e+001 1.465827e+002 1.890000e+001
      vertex   -4.489808e+001 1.464966e+002 1.840000e+001
      vertex   -4.534378e+001 1.467556e+002 1.890000e+001
    endloop
  endfacet
  facet normal 1.984774e-001 -5.318392e-002 2.044795e-001
    outer loop
      vertex   -4.534378e+001 1.467556e+002 1.890000e+001
      vertex   -4.489808e+001 1.464966e+002 1.840000e+001
      vertex   -4.484390e+001 1.466988e+002 1.840000e+001
    endloop
  endfacet
  facet normal 6.933627e-001 -1.270809e-001 7.076542e-001
    outer loop
      vertex   -4.534378e+001 1.467556e+002 1.890000e+001
      vertex   -4.484390e+001 1.466988e+002 1.840000e+001
      vertex   -4.531113e+001 1.469338e+002 1.890000e+001
    endloop
  endfacet
  facet normal 2.019138e-001 -3.197602e-002 2.037109e-001
    outer loop
      vertex   -4.531113e+001 1.469338e+002 1.890000e+001
      vertex   -4.484390e+001 1.466988e+002 1.840000e+001
      vertex   -4.481115e+001 1.469056e+002 1.840000e+001
    endloop
  endfacet
  facet normal 7.052706e-001 -4.265846e-002 7.076480e-001
    outer loop
      vertex   -4.531113e+001 1.469338e+002 1.890000e+001
      vertex   -4.481115e+001 1.469056e+002 1.840000e+001
      vertex   -4.530019e+001 1.471146e+002 1.890000e+001
    endloop
  endfacet
  facet normal 2.025107e-001 -1.061625e-002 2.025107e-001
    outer loop
      vertex   -4.530019e+001 1.471146e+002 1.890000e+001
      vertex   -4.481115e+001 1.469056e+002 1.840000e+001
      vertex   -4.480019e+001 1.471146e+002 1.840000e+001
    endloop
  endfacet
  facet normal 7.071068e-001 0.000000e+000 7.071068e-001
    outer loop
      vertex   -4.530019e+001 1.855146e+002 1.890000e+001
      vertex   -4.530019e+001 1.471146e+002 1.890000e+001
      vertex   -4.480019e+001 1.855146e+002 1.840000e+001
    endloop
  endfacet
  facet normal 1.301863e-002 0.000000e+000 1.301863e-002
    outer loop
      vertex   -4.480019e+001 1.855146e+002 1.840000e+001
      vertex   -4.530019e+001 1.471146e+002 1.890000e+001
      vertex   -4.480019e+001 1.471146e+002 1.840000e+001
    endloop
  endfacet
  facet normal 7.061371e-001 3.701796e-002 7.061371e-001
    outer loop
      vertex   -4.480019e+001 1.855146e+002 1.840000e+001
      vertex   -4.481115e+001 1.857237e+002 1.840000e+001
      vertex   -4.530019e+001 1.855146e+002 1.890000e+001
    endloop
  endfacet
  facet normal 6.837031e-001 4.135743e-002 6.860092e-001
    outer loop
      vertex   -4.530019e+001 1.855146e+002 1.890000e+001
      vertex   -4.481115e+001 1.857237e+002 1.840000e+001
      vertex   -4.531113e+001 1.856954e+002 1.890000e+001
    endloop
  endfacet
  facet normal 2.018988e-001 3.197600e-002 2.036968e-001
    outer loop
      vertex   -4.531113e+001 1.856954e+002 1.890000e+001
      vertex   -4.481115e+001 1.857237e+002 1.840000e+001
      vertex   -4.484390e+001 1.859304e+002 1.840000e+001
    endloop
  endfacet
  facet normal 6.797082e-001 1.245676e-001 6.937132e-001
    outer loop
      vertex   -4.531113e+001 1.856954e+002 1.890000e+001
      vertex   -4.484390e+001 1.859304e+002 1.840000e+001
      vertex   -4.534378e+001 1.858736e+002 1.890000e+001
    endloop
  endfacet
  facet normal 1.984927e-001 5.318401e-002 2.044932e-001
    outer loop
      vertex   -4.534378e+001 1.858736e+002 1.890000e+001
      vertex   -4.484390e+001 1.859304e+002 1.840000e+001
      vertex   -4.489808e+001 1.861327e+002 1.840000e+001
    endloop
  endfacet
  facet normal 6.646928e-001 2.071263e-001 6.998271e-001
    outer loop
      vertex   -4.534378e+001 1.858736e+002 1.890000e+001
      vertex   -4.489808e+001 1.861327e+002 1.840000e+001
      vertex   -4.539767e+001 1.860465e+002 1.890000e+001
    endloop
  endfacet
  facet normal 1.922544e-001 7.380286e-002 2.048102e-001
    outer loop
      vertex   -4.539767e+001 1.860465e+002 1.890000e+001
      vertex   -4.489808e+001 1.861327e+002 1.840000e+001
      vertex   -4.497311e+001 1.863281e+002 1.840000e+001
    endloop
  endfacet
  facet normal 6.387463e-001 2.874801e-001 7.042696e-001
    outer loop
      vertex   -4.539767e+001 1.860465e+002 1.890000e+001
      vertex   -4.497311e+001 1.863281e+002 1.840000e+001
      vertex   -4.547201e+001 1.862117e+002 1.890000e+001
    endloop
  endfacet
  facet normal 1.833529e-001 9.342386e-002 2.046993e-001
    outer loop
      vertex   -4.547201e+001 1.862117e+002 1.890000e+001
      vertex   -4.497311e+001 1.863281e+002 1.840000e+001
      vertex   -4.506815e+001 1.865146e+002 1.840000e+001
    endloop
  endfacet
  facet normal 6.022072e-001 3.640423e-001 7.069713e-001
    outer loop
      vertex   -4.547201e+001 1.862117e+002 1.890000e+001
      vertex   -4.506815e+001 1.865146e+002 1.840000e+001
      vertex   -4.556572e+001 1.863667e+002 1.890000e+001
    endloop
  endfacet
  facet normal 1.719480e-001 1.116668e-001 2.041455e-001
    outer loop
      vertex   -4.556572e+001 1.863667e+002 1.890000e+001
      vertex   -4.506815e+001 1.865146e+002 1.840000e+001
      vertex   -4.518216e+001 1.866902e+002 1.840000e+001
    endloop
  endfacet
  facet normal 5.556616e-001 4.353128e-001 7.078773e-001
    outer loop
      vertex   -4.556572e+001 1.863667e+002 1.890000e+001
      vertex   -4.518216e+001 1.866902e+002 1.840000e+001
      vertex   -4.567743e+001 1.865093e+002 1.890000e+001
    endloop
  endfacet
  facet normal 1.582865e-001 1.281791e-001 2.031573e-001
    outer loop
      vertex   -4.567743e+001 1.865093e+002 1.890000e+001
      vertex   -4.518216e+001 1.866902e+002 1.840000e+001
      vertex   -4.531391e+001 1.868529e+002 1.840000e+001
    endloop
  endfacet
  facet normal 1.426748e-001 1.426601e-001 2.017573e-001
    outer loop
      vertex   -4.567743e+001 1.865093e+002 1.890000e+001
      vertex   -4.531391e+001 1.868529e+002 1.840000e+001
      vertex   -4.546193e+001 1.870009e+002 1.840000e+001
    endloop
  endfacet
  facet normal 4.819664e-001 4.819664e-001 6.816005e-001
    outer loop
      vertex   -4.567743e+001 1.865093e+002 1.890000e+001
      vertex   -4.546193e+001 1.870009e+002 1.840000e+001
      vertex   -4.580551e+001 1.866374e+002 1.890000e+001
    endloop
  endfacet
  facet normal 1.281769e-001 1.582875e-001 2.031607e-001
    outer loop
      vertex   -4.580551e+001 1.866374e+002 1.890000e+001
      vertex   -4.546193e+001 1.870009e+002 1.840000e+001
      vertex   -4.562463e+001 1.871327e+002 1.840000e+001
    endloop
  endfacet
  facet normal 4.243629e-001 5.416554e-001 6.900531e-001
    outer loop
      vertex   -4.580551e+001 1.866374e+002 1.890000e+001
      vertex   -4.562463e+001 1.871327e+002 1.840000e+001
      vertex   -4.594810e+001 1.867491e+002 1.890000e+001
    endloop
  endfacet
  facet normal 1.116628e-001 1.719475e-001 2.041438e-001
    outer loop
      vertex   -4.594810e+001 1.867491e+002 1.890000e+001
      vertex   -4.562463e+001 1.871327e+002 1.840000e+001
      vertex   -4.580019e+001 1.872467e+002 1.840000e+001
    endloop
  endfacet
  facet normal 3.588832e-001 5.936972e-001 6.969765e-001
    outer loop
      vertex   -4.594810e+001 1.867491e+002 1.890000e+001
      vertex   -4.580019e+001 1.872467e+002 1.840000e+001
      vertex   -4.610311e+001 1.868428e+002 1.890000e+001
    endloop
  endfacet
  facet normal 9.341650e-002 1.833569e-001 2.046995e-001
    outer loop
      vertex   -4.610311e+001 1.868428e+002 1.890000e+001
      vertex   -4.580019e+001 1.872467e+002 1.840000e+001
      vertex   -4.598672e+001 1.873417e+002 1.840000e+001
    endloop
  endfacet
  facet normal 2.866620e-001 6.369286e-001 7.022584e-001
    outer loop
      vertex   -4.610311e+001 1.868428e+002 1.890000e+001
      vertex   -4.598672e+001 1.873417e+002 1.840000e+001
      vertex   -4.626829e+001 1.869171e+002 1.890000e+001
    endloop
  endfacet
  facet normal 7.380715e-002 1.922633e-001 2.048181e-001
    outer loop
      vertex   -4.626829e+001 1.869171e+002 1.890000e+001
      vertex   -4.598672e+001 1.873417e+002 1.840000e+001
      vertex   -4.618216e+001 1.874167e+002 1.840000e+001
    endloop
  endfacet
  facet normal 2.089262e-001 6.704036e-001 7.058386e-001
    outer loop
      vertex   -4.626829e+001 1.869171e+002 1.890000e+001
      vertex   -4.618216e+001 1.874167e+002 1.840000e+001
      vertex   -4.644122e+001 1.869710e+002 1.890000e+001
    endloop
  endfacet
  facet normal 5.318480e-002 1.984807e-001 2.044794e-001
    outer loop
      vertex   -4.644122e+001 1.869710e+002 1.890000e+001
      vertex   -4.618216e+001 1.874167e+002 1.840000e+001
      vertex   -4.638437e+001 1.874709e+002 1.840000e+001
    endloop
  endfacet
  facet normal 1.270192e-001 6.933797e-001 7.076526e-001
    outer loop
      vertex   -4.644122e+001 1.869710e+002 1.890000e+001
      vertex   -4.638437e+001 1.874709e+002 1.840000e+001
      vertex   -4.661939e+001 1.870037e+002 1.890000e+001
    endloop
  endfacet
  facet normal 3.197549e-002 2.019030e-001 2.037038e-001
    outer loop
      vertex   -4.661939e+001 1.870037e+002 1.890000e+001
      vertex   -4.638437e+001 1.874709e+002 1.840000e+001
      vertex   -4.659114e+001 1.875037e+002 1.840000e+001
    endloop
  endfacet
  facet normal 4.267652e-002 7.052637e-001 7.076538e-001
    outer loop
      vertex   -4.661939e+001 1.870037e+002 1.890000e+001
      vertex   -4.659114e+001 1.875037e+002 1.840000e+001
      vertex   -4.680019e+001 1.870146e+002 1.890000e+001
    endloop
  endfacet
  facet normal 1.061254e-002 2.025066e-001 2.025066e-001
    outer loop
      vertex   -4.680019e+001 1.870146e+002 1.890000e+001
      vertex   -4.659114e+001 1.875037e+002 1.840000e+001
      vertex   -4.680019e+001 1.875146e+002 1.840000e+001
    endloop
  endfacet
  facet normal 5.233341e-002 9.986171e-001 2.323056e-004
    outer loop
      vertex   -4.659114e+001 1.875037e+002 1.840000e+001
      vertex   -4.661410e+001 1.875059e+002 1.380000e+001
      vertex   -4.680019e+001 1.875146e+002 1.840000e+001
    endloop
  endfacet
  facet normal 9.427569e-004 2.020673e-002 0.000000e+000
    outer loop
      vertex   -4.680019e+001 1.875146e+002 1.840000e+001
      vertex   -4.661410e+001 1.875059e+002 1.380000e+001
      vertex   -4.661410e+001 1.875059e+002 9.200000e+000
    endloop
  endfacet
  facet normal 9.435295e-004 2.022329e-002 0.000000e+000
    outer loop
      vertex   -4.680019e+001 1.875146e+002 1.840000e+001
      vertex   -4.661410e+001 1.875059e+002 9.200000e+000
      vertex   -4.680019e+001 1.875146e+002 5.000000e-001
    endloop
  endfacet
  facet normal 1.118252e-003 2.396823e-002 6.776264e-021
    outer loop
      vertex   -4.680019e+001 1.875146e+002 5.000000e-001
      vertex   -4.661410e+001 1.875059e+002 9.200000e+000
      vertex   -4.661410e+001 1.875059e+002 4.600000e+000
    endloop
  endfacet
  facet normal 5.228014e-002 9.976003e-001 -2.603702e-004
    outer loop
      vertex   -4.680019e+001 1.875146e+002 5.000000e-001
      vertex   -4.661410e+001 1.875059e+002 4.600000e+000
      vertex   -4.659114e+001 1.875037e+002 5.000000e-001
    endloop
  endfacet
  facet normal 7.565344e-003 5.131330e-002 1.391960e-005
    outer loop
      vertex   -4.659114e+001 1.875037e+002 5.000000e-001
      vertex   -4.661410e+001 1.875059e+002 4.600000e+000
      vertex   -4.640349e+001 1.874749e+002 4.600000e+000
    endloop
  endfacet
  facet normal 1.562537e-001 9.866334e-001 -2.261944e-004
    outer loop
      vertex   -4.659114e+001 1.875037e+002 5.000000e-001
      vertex   -4.640349e+001 1.874749e+002 4.600000e+000
      vertex   -4.638437e+001 1.874709e+002 5.000000e-001
    endloop
  endfacet
  facet normal 1.298144e-002 5.021572e-002 1.193316e-005
    outer loop
      vertex   -4.638437e+001 1.874709e+002 5.000000e-001
      vertex   -4.640349e+001 1.874749e+002 4.600000e+000
      vertex   -4.619737e+001 1.874216e+002 4.600000e+000
    endloop
  endfacet
  facet normal 2.585409e-001 9.648505e-001 -1.864053e-004
    outer loop
      vertex   -4.638437e+001 1.874709e+002 5.000000e-001
      vertex   -4.619737e+001 1.874216e+002 4.600000e+000
      vertex   -4.618216e+001 1.874167e+002 5.000000e-001
    endloop
  endfacet
  facet normal 1.824100e-002 4.854941e-002 1.002782e-005
    outer loop
      vertex   -4.618216e+001 1.874167e+002 5.000000e-001
      vertex   -4.619737e+001 1.874216e+002 4.600000e+000
      vertex   -4.599809e+001 1.873467e+002 4.600000e+000
    endloop
  endfacet
  facet normal 3.579729e-001 9.324985e-001 -1.492467e-004
    outer loop
      vertex   -4.618216e+001 1.874167e+002 5.000000e-001
      vertex   -4.599809e+001 1.873467e+002 4.600000e+000
      vertex   -4.598672e+001 1.873417e+002 5.000000e-001
    endloop
  endfacet
  facet normal 2.329939e-002 4.633394e-002 7.868262e-006
    outer loop
      vertex   -4.598672e+001 1.873417e+002 5.000000e-001
      vertex   -4.599809e+001 1.873467e+002 4.600000e+000
      vertex   -4.580789e+001 1.872511e+002 4.600000e+000
    endloop
  endfacet
  facet normal 4.534160e-001 8.899599e-001 -1.058813e-004
    outer loop
      vertex   -4.598672e+001 1.873417e+002 5.000000e-001
      vertex   -4.580789e+001 1.872511e+002 4.600000e+000
      vertex   -4.580019e+001 1.872467e+002 5.000000e-001
    endloop
  endfacet
  facet normal 2.808973e-002 4.359353e-002 5.853185e-006
    outer loop
      vertex   -4.580019e+001 1.872467e+002 5.000000e-001
      vertex   -4.580789e+001 1.872511e+002 4.600000e+000
      vertex   -4.562894e+001 1.871358e+002 4.600000e+000
    endloop
  endfacet
  facet normal 5.439616e-001 8.376368e-001 -6.404507e-005
    outer loop
      vertex   -4.580019e+001 1.872467e+002 5.000000e-001
      vertex   -4.562894e+001 1.871358e+002 4.600000e+000
      vertex   -4.562463e+001 1.871327e+002 5.000000e-001
    endloop
  endfacet
  facet normal 3.284917e-002 4.067957e-002 3.651914e-006
    outer loop
      vertex   -4.562463e+001 1.871327e+002 5.000000e-001
      vertex   -4.562894e+001 1.871358e+002 4.600000e+000
      vertex   -4.546193e+001 1.870009e+002 4.600000e+000
    endloop
  endfacet
  facet normal 6.284963e-001 7.761391e-001 0.000000e+000
    outer loop
      vertex   -4.562463e+001 1.871327e+002 5.000000e-001
      vertex   -4.546193e+001 1.870009e+002 4.600000e+000
      vertex   -4.546193e+001 1.870009e+002 5.000000e-001
    endloop
  endfacet
  facet normal 7.071432e-001 7.070704e-001 -0.000000e+000
    outer loop
      vertex   -4.546193e+001 1.870009e+002 5.000000e-001
      vertex   -4.546193e+001 1.870009e+002 4.600000e+000
      vertex   -4.531391e+001 1.868529e+002 5.000000e-001
    endloop
  endfacet
  facet normal 3.606053e-002 3.605681e-002 -0.000000e+000
    outer loop
      vertex   -4.531391e+001 1.868529e+002 5.000000e-001
      vertex   -4.546193e+001 1.870009e+002 4.600000e+000
      vertex   -4.531391e+001 1.868529e+002 4.600000e+000
    endloop
  endfacet
  facet normal 7.771430e-001 6.293240e-001 -0.000000e+000
    outer loop
      vertex   -4.531391e+001 1.868529e+002 5.000000e-001
      vertex   -4.531391e+001 1.868529e+002 4.600000e+000
      vertex   -4.518216e+001 1.866902e+002 5.000000e-001
    endloop
  endfacet
  facet normal 4.067678e-002 3.285196e-002 3.482290e-006
    outer loop
      vertex   -4.518216e+001 1.866902e+002 5.000000e-001
      vertex   -4.531391e+001 1.868529e+002 4.600000e+000
      vertex   -4.517904e+001 1.866859e+002 4.600000e+000
    endloop
  endfacet
  facet normal 8.386644e-001 5.446471e-001 -6.745888e-005
    outer loop
      vertex   -4.518216e+001 1.866902e+002 5.000000e-001
      vertex   -4.517904e+001 1.866859e+002 4.600000e+000
      vertex   -4.506815e+001 1.865146e+002 5.000000e-001
    endloop
  endfacet
  facet normal 4.359353e-002 2.809066e-002 5.680978e-006
    outer loop
      vertex   -4.506815e+001 1.865146e+002 5.000000e-001
      vertex   -4.517904e+001 1.866859e+002 4.600000e+000
      vertex   -4.506372e+001 1.865069e+002 4.600000e+000
    endloop
  endfacet
  facet normal 8.910027e-001 4.539930e-001 -1.092513e-004
    outer loop
      vertex   -4.506815e+001 1.865146e+002 5.000000e-001
      vertex   -4.506372e+001 1.865069e+002 4.600000e+000
      vertex   -4.497311e+001 1.863281e+002 5.000000e-001
    endloop
  endfacet
  facet normal 4.633487e-002 2.329846e-002 7.864548e-006
    outer loop
      vertex   -4.497311e+001 1.863281e+002 5.000000e-001
      vertex   -4.506372e+001 1.865069e+002 4.600000e+000
      vertex   -4.496809e+001 1.863167e+002 4.600000e+000
    endloop
  endfacet
  facet normal 9.335708e-001 3.583803e-001 -1.494301e-004
    outer loop
      vertex   -4.497311e+001 1.863281e+002 5.000000e-001
      vertex   -4.496809e+001 1.863167e+002 4.600000e+000
      vertex   -4.489808e+001 1.861327e+002 5.000000e-001
    endloop
  endfacet
  facet normal 4.854849e-002 1.824193e-002 9.959001e-006
    outer loop
      vertex   -4.489808e+001 1.861327e+002 5.000000e-001
      vertex   -4.496809e+001 1.863167e+002 4.600000e+000
      vertex   -4.489321e+001 1.861174e+002 4.600000e+000
    endloop
  endfacet
  facet normal 9.659209e-001 2.588082e-001 -1.882412e-004
    outer loop
      vertex   -4.489808e+001 1.861327e+002 5.000000e-001
      vertex   -4.489321e+001 1.861174e+002 4.600000e+000
      vertex   -4.484390e+001 1.859304e+002 5.000000e-001
    endloop
  endfacet
  facet normal 5.021572e-002 1.297865e-002 1.193066e-005
    outer loop
      vertex   -4.484390e+001 1.859304e+002 5.000000e-001
      vertex   -4.489321e+001 1.861174e+002 4.600000e+000
      vertex   -4.483994e+001 1.859113e+002 4.600000e+000
    endloop
  endfacet
  facet normal 9.876784e-001 1.564249e-001 -2.259248e-004
    outer loop
      vertex   -4.484390e+001 1.859304e+002 5.000000e-001
      vertex   -4.483994e+001 1.859113e+002 4.600000e+000
      vertex   -4.481115e+001 1.857237e+002 5.000000e-001
    endloop
  endfacet
  facet normal 5.131422e-002 7.568132e-003 1.383921e-005
    outer loop
      vertex   -4.481115e+001 1.857237e+002 5.000000e-001
      vertex   -4.483994e+001 1.859113e+002 4.600000e+000
      vertex   -4.480887e+001 1.857007e+002 4.600000e+000
    endloop
  endfacet
  facet normal 9.986129e-001 5.235047e-002 -2.623960e-004
    outer loop
      vertex   -4.481115e+001 1.857237e+002 5.000000e-001
      vertex   -4.480887e+001 1.857007e+002 4.600000e+000
      vertex   -4.480019e+001 1.855146e+002 5.000000e-001
    endloop
  endfacet
  facet normal 2.396872e-002 1.117761e-003 6.776264e-021
    outer loop
      vertex   -4.480019e+001 1.855146e+002 5.000000e-001
      vertex   -4.480887e+001 1.857007e+002 4.600000e+000
      vertex   -4.480887e+001 1.857007e+002 9.200000e+000
    endloop
  endfacet
  facet normal 2.138546e-002 9.972928e-004 -0.000000e+000
    outer loop
      vertex   -4.480019e+001 1.855146e+002 5.000000e-001
      vertex   -4.480887e+001 1.857007e+002 9.200000e+000
      vertex   -4.480019e+001 1.855146e+002 1.840000e+001
    endloop
  endfacet
  facet normal 2.020714e-002 9.423426e-004 0.000000e+000
    outer loop
      vertex   -4.480019e+001 1.855146e+002 1.840000e+001
      vertex   -4.480887e+001 1.857007e+002 9.200000e+000
      vertex   -4.480887e+001 1.857007e+002 1.380000e+001
    endloop
  endfacet
  facet normal 9.978107e-001 5.230841e-002 2.336869e-004
    outer loop
      vertex   -4.480019e+001 1.855146e+002 1.840000e+001
      vertex   -4.480887e+001 1.857007e+002 1.380000e+001
      vertex   -4.481115e+001 1.857237e+002 1.840000e+001
    endloop
  endfacet
  facet normal 4.574680e-002 6.747016e-003 -1.099665e-005
    outer loop
      vertex   -4.481115e+001 1.857237e+002 1.840000e+001
      vertex   -4.480887e+001 1.857007e+002 1.380000e+001
      vertex   -4.483994e+001 1.859113e+002 1.380000e+001
    endloop
  endfacet
  facet normal 9.868495e-001 1.562936e-001 2.011988e-004
    outer loop
      vertex   -4.481115e+001 1.857237e+002 1.840000e+001
      vertex   -4.483994e+001 1.859113e+002 1.380000e+001
      vertex   -4.484390e+001 1.859304e+002 1.840000e+001
    endloop
  endfacet
  facet normal 4.476782e-002 1.157060e-002 -9.480183e-006
    outer loop
      vertex   -4.484390e+001 1.859304e+002 1.840000e+001
      vertex   -4.483994e+001 1.859113e+002 1.380000e+001
      vertex   -4.489321e+001 1.861174e+002 1.380000e+001
    endloop
  endfacet
  facet normal 9.650756e-001 2.585817e-001 1.676334e-004
    outer loop
      vertex   -4.484390e+001 1.859304e+002 1.840000e+001
      vertex   -4.489321e+001 1.861174e+002 1.380000e+001
      vertex   -4.489808e+001 1.861327e+002 1.840000e+001
    endloop
  endfacet
  facet normal 4.328179e-002 1.626298e-002 -7.913550e-006
    outer loop
      vertex   -4.489808e+001 1.861327e+002 1.840000e+001
      vertex   -4.489321e+001 1.861174e+002 1.380000e+001
      vertex   -4.496809e+001 1.863167e+002 1.380000e+001
    endloop
  endfacet
  facet normal 9.327207e-001 3.580539e-001 1.330664e-004
    outer loop
      vertex   -4.489808e+001 1.861327e+002 1.840000e+001
      vertex   -4.496809e+001 1.863167e+002 1.380000e+001
      vertex   -4.497311e+001 1.863281e+002 1.840000e+001
    endloop
  endfacet
  facet normal 4.130864e-002 2.077114e-002 -6.249320e-006
    outer loop
      vertex   -4.497311e+001 1.863281e+002 1.840000e+001
      vertex   -4.496809e+001 1.863167e+002 1.380000e+001
      vertex   -4.506372e+001 1.865069e+002 1.380000e+001
    endloop
  endfacet
  facet normal 8.901597e-001 4.535635e-001 9.728405e-005
    outer loop
      vertex   -4.497311e+001 1.863281e+002 1.840000e+001
      vertex   -4.506372e+001 1.865069e+002 1.380000e+001
      vertex   -4.506815e+001 1.865146e+002 1.840000e+001
    endloop
  endfacet
  facet normal 3.886500e-002 2.504370e-002 -4.514251e-006
    outer loop
      vertex   -4.506815e+001 1.865146e+002 1.840000e+001
      vertex   -4.506372e+001 1.865069e+002 1.380000e+001
      vertex   -4.517904e+001 1.866859e+002 1.380000e+001
    endloop
  endfacet
  facet normal 8.378413e-001 5.441126e-001 6.006739e-005
    outer loop
      vertex   -4.506815e+001 1.865146e+002 1.840000e+001
      vertex   -4.517904e+001 1.866859e+002 1.380000e+001
      vertex   -4.518216e+001 1.866902e+002 1.840000e+001
    endloop
  endfacet
  facet normal 3.626509e-002 2.928893e-002 -2.767154e-006
    outer loop
      vertex   -4.518216e+001 1.866902e+002 1.840000e+001
      vertex   -4.517904e+001 1.866859e+002 1.380000e+001
      vertex   -4.531391e+001 1.868529e+002 1.380000e+001
    endloop
  endfacet
  facet normal 7.763395e-001 6.286733e-001 3.469447e-018
    outer loop
      vertex   -4.518216e+001 1.866902e+002 1.840000e+001
      vertex   -4.531391e+001 1.868529e+002 1.380000e+001
      vertex   -4.531391e+001 1.868529e+002 1.840000e+001
    endloop
  endfacet
  facet normal 7.071432e-001 7.070704e-001 0.000000e+000
    outer loop
      vertex   -4.531391e+001 1.868529e+002 1.840000e+001
      vertex   -4.531391e+001 1.868529e+002 1.380000e+001
      vertex   -4.546193e+001 1.870009e+002 1.840000e+001
    endloop
  endfacet
  facet normal 3.214950e-002 3.214619e-002 0.000000e+000
    outer loop
      vertex   -4.546193e+001 1.870009e+002 1.840000e+001
      vertex   -4.531391e+001 1.868529e+002 1.380000e+001
      vertex   -4.546193e+001 1.870009e+002 1.380000e+001
    endloop
  endfacet
  facet normal 6.293151e-001 7.771502e-001 0.000000e+000
    outer loop
      vertex   -4.546193e+001 1.870009e+002 1.840000e+001
      vertex   -4.546193e+001 1.870009e+002 1.380000e+001
      vertex   -4.562463e+001 1.871327e+002 1.840000e+001
    endloop
  endfacet
  facet normal 2.928645e-002 3.626758e-002 -2.901942e-006
    outer loop
      vertex   -4.562463e+001 1.871327e+002 1.840000e+001
      vertex   -4.546193e+001 1.870009e+002 1.380000e+001
      vertex   -4.562894e+001 1.871358e+002 1.380000e+001
    endloop
  endfacet
  facet normal 5.446344e-001 8.386728e-001 5.715426e-005
    outer loop
      vertex   -4.562463e+001 1.871327e+002 1.840000e+001
      vertex   -4.562894e+001 1.871358e+002 1.380000e+001
      vertex   -4.580019e+001 1.872467e+002 1.840000e+001
    endloop
  endfacet
  facet normal 2.504287e-002 3.886500e-002 -4.651092e-006
    outer loop
      vertex   -4.580019e+001 1.872467e+002 1.840000e+001
      vertex   -4.562894e+001 1.871358e+002 1.380000e+001
      vertex   -4.580789e+001 1.872511e+002 1.380000e+001
    endloop
  endfacet
  facet normal 4.539569e-001 8.910215e-001 9.448505e-005
    outer loop
      vertex   -4.580019e+001 1.872467e+002 1.840000e+001
      vertex   -4.580789e+001 1.872511e+002 1.380000e+001
      vertex   -4.598672e+001 1.873417e+002 1.840000e+001
    endloop
  endfacet
  facet normal 2.077197e-002 4.130781e-002 -6.252272e-006
    outer loop
      vertex   -4.598672e+001 1.873417e+002 1.840000e+001
      vertex   -4.580789e+001 1.872511e+002 1.380000e+001
      vertex   -4.599809e+001 1.873467e+002 1.380000e+001
    endloop
  endfacet
  facet normal 3.583843e-001 9.335703e-001 1.331772e-004
    outer loop
      vertex   -4.598672e+001 1.873417e+002 1.840000e+001
      vertex   -4.599809e+001 1.873467e+002 1.380000e+001
      vertex   -4.618216e+001 1.874167e+002 1.840000e+001
    endloop
  endfacet
  facet normal 1.626216e-002 4.328262e-002 -7.968232e-006
    outer loop
      vertex   -4.618216e+001 1.874167e+002 1.840000e+001
      vertex   -4.599809e+001 1.873467e+002 1.380000e+001
      vertex   -4.619737e+001 1.874216e+002 1.380000e+001
    endloop
  endfacet
  facet normal 2.588268e-001 9.659175e-001 1.663276e-004
    outer loop
      vertex   -4.618216e+001 1.874167e+002 1.840000e+001
      vertex   -4.619737e+001 1.874216e+002 1.380000e+001
      vertex   -4.638437e+001 1.874709e+002 1.840000e+001
    endloop
  endfacet
  facet normal 1.157308e-002 4.476782e-002 -9.482173e-006
    outer loop
      vertex   -4.638437e+001 1.874709e+002 1.840000e+001
      vertex   -4.619737e+001 1.874216e+002 1.380000e+001
      vertex   -4.640349e+001 1.874749e+002 1.380000e+001
    endloop
  endfacet
  facet normal 1.564197e-001 9.876816e-001 2.018223e-004
    outer loop
      vertex   -4.638437e+001 1.874709e+002 1.840000e+001
      vertex   -4.640349e+001 1.874749e+002 1.380000e+001
      vertex   -4.659114e+001 1.875037e+002 1.840000e+001
    endloop
  endfacet
  facet normal 6.744530e-003 4.574598e-002 -1.106053e-005
    outer loop
      vertex   -4.659114e+001 1.875037e+002 1.840000e+001
      vertex   -4.640349e+001 1.874749e+002 1.380000e+001
      vertex   -4.661410e+001 1.875059e+002 1.380000e+001
    endloop
  endfacet
  facet normal 1.457017e-001 9.882478e-001 -8.673617e-019
    outer loop
      vertex   -4.640349e+001 1.874749e+002 4.600000e+000
      vertex   -4.661410e+001 1.875059e+002 4.600000e+000
      vertex   -4.661410e+001 1.875059e+002 9.200000e+000
    endloop
  endfacet
  facet normal 1.458577e-001 9.893056e-001 -0.000000e+000
    outer loop
      vertex   -4.661410e+001 1.875059e+002 9.200000e+000
      vertex   -4.661410e+001 1.875059e+002 1.380000e+001
      vertex   -4.640349e+001 1.874749e+002 9.200000e+000
    endloop
  endfacet
  facet normal 6.743137e-003 4.573653e-002 -0.000000e+000
    outer loop
      vertex   -4.640349e+001 1.874749e+002 9.200000e+000
      vertex   -4.661410e+001 1.875059e+002 1.380000e+001
      vertex   -4.640349e+001 1.874749e+002 1.380000e+001
    endloop
  endfacet
  facet normal 2.502855e-001 9.681721e-001 -0.000000e+000
    outer loop
      vertex   -4.640349e+001 1.874749e+002 9.200000e+000
      vertex   -4.640349e+001 1.874749e+002 1.380000e+001
      vertex   -4.619737e+001 1.874216e+002 9.200000e+000
    endloop
  endfacet
  facet normal 1.157102e-002 4.475985e-002 -0.000000e+000
    outer loop
      vertex   -4.619737e+001 1.874216e+002 9.200000e+000
      vertex   -4.640349e+001 1.874749e+002 1.380000e+001
      vertex   -4.619737e+001 1.874216e+002 1.380000e+001
    endloop
  endfacet
  facet normal 3.517145e-001 9.361073e-001 -0.000000e+000
    outer loop
      vertex   -4.619737e+001 1.874216e+002 9.200000e+000
      vertex   -4.619737e+001 1.874216e+002 1.380000e+001
      vertex   -4.599809e+001 1.873467e+002 9.200000e+000
    endloop
  endfacet
  facet normal 1.625974e-002 4.327620e-002 -0.000000e+000
    outer loop
      vertex   -4.599809e+001 1.873467e+002 9.200000e+000
      vertex   -4.619737e+001 1.874216e+002 1.380000e+001
      vertex   -4.599809e+001 1.873467e+002 1.380000e+001
    endloop
  endfacet
  facet normal 4.492551e-001 8.934035e-001 -0.000000e+000
    outer loop
      vertex   -4.599809e+001 1.873467e+002 9.200000e+000
      vertex   -4.599809e+001 1.873467e+002 1.380000e+001
      vertex   -4.580789e+001 1.872511e+002 9.200000e+000
    endloop
  endfacet
  facet normal 2.076953e-002 4.130296e-002 -0.000000e+000
    outer loop
      vertex   -4.580789e+001 1.872511e+002 9.200000e+000
      vertex   -4.599809e+001 1.873467e+002 1.380000e+001
      vertex   -4.580789e+001 1.872511e+002 1.380000e+001
    endloop
  endfacet
  facet normal 5.416484e-001 8.406051e-001 -0.000000e+000
    outer loop
      vertex   -4.580789e+001 1.872511e+002 9.200000e+000
      vertex   -4.580789e+001 1.872511e+002 1.380000e+001
      vertex   -4.562894e+001 1.871358e+002 9.200000e+000
    endloop
  endfacet
  facet normal 2.504073e-002 3.886168e-002 -0.000000e+000
    outer loop
      vertex   -4.562894e+001 1.871358e+002 9.200000e+000
      vertex   -4.580789e+001 1.872511e+002 1.380000e+001
      vertex   -4.562894e+001 1.871358e+002 1.380000e+001
    endloop
  endfacet
  facet normal 6.282515e-001 7.780103e-001 -0.000000e+000
    outer loop
      vertex   -4.562894e+001 1.871358e+002 9.200000e+000
      vertex   -4.562894e+001 1.871358e+002 1.380000e+001
      vertex   -4.546193e+001 1.870009e+002 9.200000e+000
    endloop
  endfacet
  facet normal 2.928491e-002 3.626567e-002 -0.000000e+000
    outer loop
      vertex   -4.546193e+001 1.870009e+002 9.200000e+000
      vertex   -4.562894e+001 1.871358e+002 1.380000e+001
      vertex   -4.546193e+001 1.870009e+002 1.380000e+001
    endloop
  endfacet
  facet normal 7.071432e-001 7.070704e-001 -0.000000e+000
    outer loop
      vertex   -4.546193e+001 1.870009e+002 9.200000e+000
      vertex   -4.546193e+001 1.870009e+002 1.380000e+001
      vertex   -4.531391e+001 1.868529e+002 9.200000e+000
    endloop
  endfacet
  facet normal 3.214950e-002 3.214618e-002 -0.000000e+000
    outer loop
      vertex   -4.531391e+001 1.868529e+002 9.200000e+000
      vertex   -4.546193e+001 1.870009e+002 1.380000e+001
      vertex   -4.531391e+001 1.868529e+002 1.380000e+001
    endloop
  endfacet
  facet normal 7.779632e-001 6.283098e-001 -0.000000e+000
    outer loop
      vertex   -4.531391e+001 1.868529e+002 9.200000e+000
      vertex   -4.531391e+001 1.868529e+002 1.380000e+001
      vertex   -4.517904e+001 1.866859e+002 9.200000e+000
    endloop
  endfacet
  facet normal 3.626319e-002 2.928739e-002 -0.000000e+000
    outer loop
      vertex   -4.517904e+001 1.866859e+002 9.200000e+000
      vertex   -4.531391e+001 1.868529e+002 1.380000e+001
      vertex   -4.517904e+001 1.866859e+002 1.380000e+001
    endloop
  endfacet
  facet normal 8.405970e-001 5.416611e-001 -0.000000e+000
    outer loop
      vertex   -4.517904e+001 1.866859e+002 9.200000e+000
      vertex   -4.517904e+001 1.866859e+002 1.380000e+001
      vertex   -4.506372e+001 1.865069e+002 9.200000e+000
    endloop
  endfacet
  facet normal 3.886168e-002 2.504156e-002 -0.000000e+000
    outer loop
      vertex   -4.506372e+001 1.865069e+002 9.200000e+000
      vertex   -4.517904e+001 1.866859e+002 1.380000e+001
      vertex   -4.506372e+001 1.865069e+002 1.380000e+001
    endloop
  endfacet
  facet normal 8.934143e-001 4.492337e-001 -0.000000e+000
    outer loop
      vertex   -4.506372e+001 1.865069e+002 9.200000e+000
      vertex   -4.506372e+001 1.865069e+002 1.380000e+001
      vertex   -4.496809e+001 1.863167e+002 9.200000e+000
    endloop
  endfacet
  facet normal 4.130379e-002 2.076870e-002 -0.000000e+000
    outer loop
      vertex   -4.496809e+001 1.863167e+002 9.200000e+000
      vertex   -4.506372e+001 1.865069e+002 1.380000e+001
      vertex   -4.496809e+001 1.863167e+002 1.380000e+001
    endloop
  endfacet
  facet normal 9.360992e-001 3.517361e-001 -0.000000e+000
    outer loop
      vertex   -4.496809e+001 1.863167e+002 9.200000e+000
      vertex   -4.496809e+001 1.863167e+002 1.380000e+001
      vertex   -4.489321e+001 1.861174e+002 9.200000e+000
    endloop
  endfacet
  facet normal 4.327537e-002 1.626057e-002 -0.000000e+000
    outer loop
      vertex   -4.489321e+001 1.861174e+002 9.200000e+000
      vertex   -4.496809e+001 1.863167e+002 1.380000e+001
      vertex   -4.489321e+001 1.861174e+002 1.380000e+001
    endloop
  endfacet
  facet normal 9.681851e-001 2.502351e-001 -0.000000e+000
    outer loop
      vertex   -4.489321e+001 1.861174e+002 9.200000e+000
      vertex   -4.489321e+001 1.861174e+002 1.380000e+001
      vertex   -4.483994e+001 1.859113e+002 9.200000e+000
    endloop
  endfacet
  facet normal 4.475985e-002 1.156854e-002 -0.000000e+000
    outer loop
      vertex   -4.483994e+001 1.859113e+002 9.200000e+000
      vertex   -4.489321e+001 1.861174e+002 1.380000e+001
      vertex   -4.483994e+001 1.859113e+002 1.380000e+001
    endloop
  endfacet
  facet normal 9.892982e-001 1.459077e-001 -0.000000e+000
    outer loop
      vertex   -4.483994e+001 1.859113e+002 9.200000e+000
      vertex   -4.483994e+001 1.859113e+002 1.380000e+001
      vertex   -4.480887e+001 1.857007e+002 9.200000e+000
    endloop
  endfacet
  facet normal 4.573736e-002 6.745622e-003 -0.000000e+000
    outer loop
      vertex   -4.480887e+001 1.857007e+002 9.200000e+000
      vertex   -4.483994e+001 1.859113e+002 1.380000e+001
      vertex   -4.480887e+001 1.857007e+002 1.380000e+001
    endloop
  endfacet
  facet normal 2.500179e-001 9.671369e-001 1.734723e-018
    outer loop
      vertex   -4.619737e+001 1.874216e+002 4.600000e+000
      vertex   -4.640349e+001 1.874749e+002 4.600000e+000
      vertex   -4.640349e+001 1.874749e+002 9.200000e+000
    endloop
  endfacet
  facet normal 1.458577e-001 9.893056e-001 0.000000e+000
    outer loop
      vertex   -4.640349e+001 1.874749e+002 9.200000e+000
      vertex   -4.640349e+001 1.874749e+002 4.600000e+000
      vertex   -4.661410e+001 1.875059e+002 9.200000e+000
    endloop
  endfacet
  facet normal 1.157103e-002 4.475986e-002 -0.000000e+000
    outer loop
      vertex   -4.619737e+001 1.874216e+002 4.600000e+000
      vertex   -4.640349e+001 1.874749e+002 9.200000e+000
      vertex   -4.619737e+001 1.874216e+002 9.200000e+000
    endloop
  endfacet
  facet normal 3.513384e-001 9.351065e-001 0.000000e+000
    outer loop
      vertex   -4.599809e+001 1.873467e+002 4.600000e+000
      vertex   -4.619737e+001 1.874216e+002 4.600000e+000
      vertex   -4.619737e+001 1.874216e+002 9.200000e+000
    endloop
  endfacet
  facet normal 1.625974e-002 4.327620e-002 -0.000000e+000
    outer loop
      vertex   -4.599809e+001 1.873467e+002 4.600000e+000
      vertex   -4.619737e+001 1.874216e+002 9.200000e+000
      vertex   -4.599809e+001 1.873467e+002 9.200000e+000
    endloop
  endfacet
  facet normal 4.487748e-001 8.924482e-001 0.000000e+000
    outer loop
      vertex   -4.580789e+001 1.872511e+002 4.600000e+000
      vertex   -4.599809e+001 1.873467e+002 4.600000e+000
      vertex   -4.599809e+001 1.873467e+002 9.200000e+000
    endloop
  endfacet
  facet normal 2.076953e-002 4.130296e-002 -0.000000e+000
    outer loop
      vertex   -4.580789e+001 1.872511e+002 4.600000e+000
      vertex   -4.599809e+001 1.873467e+002 9.200000e+000
      vertex   -4.580789e+001 1.872511e+002 9.200000e+000
    endloop
  endfacet
  facet normal 5.410693e-001 8.397064e-001 0.000000e+000
    outer loop
      vertex   -4.562894e+001 1.871358e+002 4.600000e+000
      vertex   -4.580789e+001 1.872511e+002 4.600000e+000
      vertex   -4.580789e+001 1.872511e+002 9.200000e+000
    endloop
  endfacet
  facet normal 2.504073e-002 3.886168e-002 -0.000000e+000
    outer loop
      vertex   -4.562894e+001 1.871358e+002 4.600000e+000
      vertex   -4.580789e+001 1.872511e+002 9.200000e+000
      vertex   -4.562894e+001 1.871358e+002 9.200000e+000
    endloop
  endfacet
  facet normal 6.275685e-001 7.771646e-001 3.469447e-018
    outer loop
      vertex   -4.546193e+001 1.870009e+002 4.600000e+000
      vertex   -4.562894e+001 1.871358e+002 4.600000e+000
      vertex   -4.562894e+001 1.871358e+002 9.200000e+000
    endloop
  endfacet
  facet normal 2.928491e-002 3.626567e-002 -0.000000e+000
    outer loop
      vertex   -4.546193e+001 1.870009e+002 4.600000e+000
      vertex   -4.562894e+001 1.871358e+002 9.200000e+000
      vertex   -4.546193e+001 1.870009e+002 9.200000e+000
    endloop
  endfacet
  facet normal 7.064120e-001 7.063392e-001 -3.469447e-018
    outer loop
      vertex   -4.531391e+001 1.868529e+002 4.600000e+000
      vertex   -4.546193e+001 1.870009e+002 4.600000e+000
      vertex   -4.546193e+001 1.870009e+002 9.200000e+000
    endloop
  endfacet
  facet normal 3.214950e-002 3.214619e-002 -0.000000e+000
    outer loop
      vertex   -4.531391e+001 1.868529e+002 4.600000e+000
      vertex   -4.546193e+001 1.870009e+002 9.200000e+000
      vertex   -4.531391e+001 1.868529e+002 9.200000e+000
    endloop
  endfacet
  facet normal 7.771176e-001 6.276268e-001 0.000000e+000
    outer loop
      vertex   -4.517904e+001 1.866859e+002 4.600000e+000
      vertex   -4.531391e+001 1.868529e+002 4.600000e+000
      vertex   -4.531391e+001 1.868529e+002 9.200000e+000
    endloop
  endfacet
  facet normal 3.626319e-002 2.928740e-002 -0.000000e+000
    outer loop
      vertex   -4.517904e+001 1.866859e+002 4.600000e+000
      vertex   -4.531391e+001 1.868529e+002 9.200000e+000
      vertex   -4.517904e+001 1.866859e+002 9.200000e+000
    endloop
  endfacet
  facet normal 8.396982e-001 5.410820e-001 0.000000e+000
    outer loop
      vertex   -4.506372e+001 1.865069e+002 4.600000e+000
      vertex   -4.517904e+001 1.866859e+002 4.600000e+000
      vertex   -4.517904e+001 1.866859e+002 9.200000e+000
    endloop
  endfacet
  facet normal 3.886168e-002 2.504156e-002 -0.000000e+000
    outer loop
      vertex   -4.506372e+001 1.865069e+002 4.600000e+000
      vertex   -4.517904e+001 1.866859e+002 9.200000e+000
      vertex   -4.506372e+001 1.865069e+002 9.200000e+000
    endloop
  endfacet
  facet normal 8.924590e-001 4.487533e-001 3.469447e-018
    outer loop
      vertex   -4.496809e+001 1.863167e+002 4.600000e+000
      vertex   -4.506372e+001 1.865069e+002 4.600000e+000
      vertex   -4.506372e+001 1.865069e+002 9.200000e+000
    endloop
  endfacet
  facet normal 4.130379e-002 2.076870e-002 -0.000000e+000
    outer loop
      vertex   -4.496809e+001 1.863167e+002 4.600000e+000
      vertex   -4.506372e+001 1.865069e+002 9.200000e+000
      vertex   -4.496809e+001 1.863167e+002 9.200000e+000
    endloop
  endfacet
  facet normal 9.350984e-001 3.513600e-001 -1.734723e-018
    outer loop
      vertex   -4.489321e+001 1.861174e+002 4.600000e+000
      vertex   -4.496809e+001 1.863167e+002 4.600000e+000
      vertex   -4.496809e+001 1.863167e+002 9.200000e+000
    endloop
  endfacet
  facet normal 4.327537e-002 1.626057e-002 -0.000000e+000
    outer loop
      vertex   -4.489321e+001 1.861174e+002 4.600000e+000
      vertex   -4.496809e+001 1.863167e+002 9.200000e+000
      vertex   -4.489321e+001 1.861174e+002 9.200000e+000
    endloop
  endfacet
  facet normal 9.671499e-001 2.499676e-001 -1.734723e-018
    outer loop
      vertex   -4.483994e+001 1.859113e+002 4.600000e+000
      vertex   -4.489321e+001 1.861174e+002 4.600000e+000
      vertex   -4.489321e+001 1.861174e+002 9.200000e+000
    endloop
  endfacet
  facet normal 4.475986e-002 1.156854e-002 -0.000000e+000
    outer loop
      vertex   -4.483994e+001 1.859113e+002 4.600000e+000
      vertex   -4.489321e+001 1.861174e+002 9.200000e+000
      vertex   -4.483994e+001 1.859113e+002 9.200000e+000
    endloop
  endfacet
  facet normal 9.882404e-001 1.457517e-001 0.000000e+000
    outer loop
      vertex   -4.480887e+001 1.857007e+002 4.600000e+000
      vertex   -4.483994e+001 1.859113e+002 4.600000e+000
      vertex   -4.483994e+001 1.859113e+002 9.200000e+000
    endloop
  endfacet
  facet normal 4.573736e-002 6.745623e-003 -0.000000e+000
    outer loop
      vertex   -4.480887e+001 1.857007e+002 4.600000e+000
      vertex   -4.483994e+001 1.859113e+002 9.200000e+000
      vertex   -4.480887e+001 1.857007e+002 9.200000e+000
    endloop
  endfacet
  facet normal 1.000000e+000 0.000000e+000 0.000000e+000
    outer loop
      vertex   -4.480019e+001 1.855146e+002 1.840000e+001
      vertex   -4.480019e+001 1.471146e+002 1.840000e+001
      vertex   -4.480019e+001 1.855146e+002 5.000000e-001
    endloop
  endfacet
  facet normal 4.224978e-001 0.000000e+000 0.000000e+000
    outer loop
      vertex   -4.480019e+001 1.855146e+002 5.000000e-001
      vertex   -4.480019e+001 1.471146e+002 1.840000e+001
      vertex   -4.480019e+001 1.471146e+002 5.000000e-001
    endloop
  endfacet
  facet normal 9.986162e-001 -5.235064e-002 2.338755e-004
    outer loop
      vertex   -4.481115e+001 1.469056e+002 1.840000e+001
      vertex   -4.480887e+001 1.469285e+002 1.380000e+001
      vertex   -4.480019e+001 1.471146e+002 1.840000e+001
    endloop
  endfacet
  facet normal 2.020714e-002 -9.423426e-004 0.000000e+000
    outer loop
      vertex   -4.480019e+001 1.471146e+002 1.840000e+001
      vertex   -4.480887e+001 1.469285e+002 1.380000e+001
      vertex   -4.480887e+001 1.469285e+002 9.200000e+000
    endloop
  endfacet
  facet normal 2.022370e-002 -9.431150e-004 0.000000e+000
    outer loop
      vertex   -4.480019e+001 1.471146e+002 1.840000e+001
      vertex   -4.480887e+001 1.469285e+002 9.200000e+000
      vertex   -4.480019e+001 1.471146e+002 5.000000e-001
    endloop
  endfacet
  facet normal 2.396872e-002 -1.117761e-003 6.776264e-021
    outer loop
      vertex   -4.480019e+001 1.471146e+002 5.000000e-001
      vertex   -4.480887e+001 1.469285e+002 9.200000e+000
      vertex   -4.480887e+001 1.469285e+002 4.600000e+000
    endloop
  endfacet
  facet normal 9.975994e-001 -5.229734e-002 -2.621297e-004
    outer loop
      vertex   -4.480019e+001 1.471146e+002 5.000000e-001
      vertex   -4.480887e+001 1.469285e+002 4.600000e+000
      vertex   -4.481115e+001 1.469056e+002 5.000000e-001
    endloop
  endfacet
  facet normal 5.131422e-002 -7.568132e-003 1.383921e-005
    outer loop
      vertex   -4.481115e+001 1.469056e+002 5.000000e-001
      vertex   -4.480887e+001 1.469285e+002 4.600000e+000
      vertex   -4.483994e+001 1.467179e+002 4.600000e+000
    endloop
  endfacet
  facet normal 9.866342e-001 -1.562480e-001 -2.251582e-004
    outer loop
      vertex   -4.481115e+001 1.469056e+002 5.000000e-001
      vertex   -4.483994e+001 1.467179e+002 4.600000e+000
      vertex   -4.484390e+001 1.466988e+002 5.000000e-001
    endloop
  endfacet
  facet normal 5.021573e-002 -1.297865e-002 1.197896e-005
    outer loop
      vertex   -4.484390e+001 1.466988e+002 5.000000e-001
      vertex   -4.483994e+001 1.467179e+002 4.600000e+000
      vertex   -4.489321e+001 1.465118e+002 4.600000e+000
    endloop
  endfacet
  facet normal 9.648506e-001 -2.585409e-001 -1.879602e-004
    outer loop
      vertex   -4.484390e+001 1.466988e+002 5.000000e-001
      vertex   -4.489321e+001 1.465118e+002 4.600000e+000
      vertex   -4.489808e+001 1.464966e+002 5.000000e-001
    endloop
  endfacet
  facet normal 4.854849e-002 -1.824193e-002 9.959001e-006
    outer loop
      vertex   -4.489808e+001 1.464966e+002 5.000000e-001
      vertex   -4.489321e+001 1.465118e+002 4.600000e+000
      vertex   -4.496809e+001 1.463125e+002 4.600000e+000
    endloop
  endfacet
  facet normal 9.325001e-001 -3.579692e-001 -1.492587e-004
    outer loop
      vertex   -4.489808e+001 1.464966e+002 5.000000e-001
      vertex   -4.496809e+001 1.463125e+002 4.600000e+000
      vertex   -4.497311e+001 1.463011e+002 5.000000e-001
    endloop
  endfacet
  facet normal 4.633487e-002 -2.329846e-002 7.864548e-006
    outer loop
      vertex   -4.497311e+001 1.463011e+002 5.000000e-001
      vertex   -4.496809e+001 1.463125e+002 4.600000e+000
      vertex   -4.506372e+001 1.461223e+002 4.600000e+000
    endloop
  endfacet
  facet normal 8.899415e-001 -4.534522e-001 -1.091212e-004
    outer loop
      vertex   -4.497311e+001 1.463011e+002 5.000000e-001
      vertex   -4.506372e+001 1.461223e+002 4.600000e+000
      vertex   -4.506815e+001 1.461146e+002 5.000000e-001
    endloop
  endfacet
  facet normal 4.359353e-002 -2.809066e-002 5.680978e-006
    outer loop
      vertex   -4.506815e+001 1.461146e+002 5.000000e-001
      vertex   -4.506372e+001 1.461223e+002 4.600000e+000
      vertex   -4.517904e+001 1.459434e+002 4.600000e+000
    endloop
  endfacet
  facet normal 8.376501e-001 -5.439411e-001 -6.540256e-005
    outer loop
      vertex   -4.506815e+001 1.461146e+002 5.000000e-001
      vertex   -4.517904e+001 1.459434e+002 4.600000e+000
      vertex   -4.518216e+001 1.459390e+002 5.000000e-001
    endloop
  endfacet
  facet normal 4.068050e-002 -3.285196e-002 3.601722e-006
    outer loop
      vertex   -4.518216e+001 1.459390e+002 5.000000e-001
      vertex   -4.517904e+001 1.459434e+002 4.600000e+000
      vertex   -4.531391e+001 1.457764e+002 4.600000e+000
    endloop
  endfacet
  facet normal 7.761320e-001 -6.285053e-001 -3.469447e-018
    outer loop
      vertex   -4.518216e+001 1.459390e+002 5.000000e-001
      vertex   -4.531391e+001 1.457764e+002 4.600000e+000
      vertex   -4.531391e+001 1.457764e+002 5.000000e-001
    endloop
  endfacet
  facet normal 7.071068e-001 -7.071068e-001 0.000000e+000
    outer loop
      vertex   -4.531391e+001 1.457764e+002 5.000000e-001
      vertex   -4.531391e+001 1.457764e+002 4.600000e+000
      vertex   -4.546193e+001 1.456283e+002 5.000000e-001
    endloop
  endfacet
  facet normal 3.605682e-002 -3.605682e-002 0.000000e+000
    outer loop
      vertex   -4.546193e+001 1.456283e+002 5.000000e-001
      vertex   -4.531391e+001 1.457764e+002 4.600000e+000
      vertex   -4.546193e+001 1.456283e+002 4.600000e+000
    endloop
  endfacet
  facet normal 6.293151e-001 -7.771502e-001 0.000000e+000
    outer loop
      vertex   -4.546193e+001 1.456283e+002 5.000000e-001
      vertex   -4.546193e+001 1.456283e+002 4.600000e+000
      vertex   -4.562463e+001 1.454966e+002 5.000000e-001
    endloop
  endfacet
  facet normal 3.285289e-002 -4.067957e-002 3.504426e-006
    outer loop
      vertex   -4.562463e+001 1.454966e+002 5.000000e-001
      vertex   -4.546193e+001 1.456283e+002 4.600000e+000
      vertex   -4.562894e+001 1.454935e+002 4.600000e+000
    endloop
  endfacet
  facet normal 5.446343e-001 -8.386726e-001 -6.724552e-005
    outer loop
      vertex   -4.562463e+001 1.454966e+002 5.000000e-001
      vertex   -4.562894e+001 1.454935e+002 4.600000e+000
      vertex   -4.580019e+001 1.453826e+002 5.000000e-001
    endloop
  endfacet
  facet normal 2.808973e-002 -4.359354e-002 5.690946e-006
    outer loop
      vertex   -4.580019e+001 1.453826e+002 5.000000e-001
      vertex   -4.562894e+001 1.454935e+002 4.600000e+000
      vertex   -4.580789e+001 1.453781e+002 4.600000e+000
    endloop
  endfacet
  facet normal 4.540145e-001 -8.909916e-001 -1.091832e-004
    outer loop
      vertex   -4.580019e+001 1.453826e+002 5.000000e-001
      vertex   -4.580789e+001 1.453781e+002 4.600000e+000
      vertex   -4.598672e+001 1.452875e+002 5.000000e-001
    endloop
  endfacet
  facet normal 2.329568e-002 -4.633394e-002 8.030394e-006
    outer loop
      vertex   -4.598672e+001 1.452875e+002 5.000000e-001
      vertex   -4.580789e+001 1.453781e+002 4.600000e+000
      vertex   -4.599809e+001 1.452825e+002 4.600000e+000
    endloop
  endfacet
  facet normal 3.583204e-001 -9.335938e-001 -1.461496e-004
    outer loop
      vertex   -4.598672e+001 1.452875e+002 5.000000e-001
      vertex   -4.599809e+001 1.452825e+002 4.600000e+000
      vertex   -4.618216e+001 1.452125e+002 5.000000e-001
    endloop
  endfacet
  facet normal 1.824471e-002 -4.854941e-002 9.860922e-006
    outer loop
      vertex   -4.618216e+001 1.452125e+002 5.000000e-001
      vertex   -4.599809e+001 1.452825e+002 4.600000e+000
      vertex   -4.619737e+001 1.452076e+002 4.600000e+000
    endloop
  endfacet
  facet normal 2.588264e-001 -9.659160e-001 -1.902060e-004
    outer loop
      vertex   -4.618216e+001 1.452125e+002 5.000000e-001
      vertex   -4.619737e+001 1.452076e+002 4.600000e+000
      vertex   -4.638437e+001 1.451583e+002 5.000000e-001
    endloop
  endfacet
  facet normal 1.297772e-002 -5.021573e-002 1.191583e-005
    outer loop
      vertex   -4.638437e+001 1.451583e+002 5.000000e-001
      vertex   -4.619737e+001 1.452076e+002 4.600000e+000
      vertex   -4.640349e+001 1.451544e+002 4.600000e+000
    endloop
  endfacet
  facet normal 1.564193e-001 -9.876792e-001 -2.264342e-004
    outer loop
      vertex   -4.638437e+001 1.451583e+002 5.000000e-001
      vertex   -4.640349e+001 1.451544e+002 4.600000e+000
      vertex   -4.659114e+001 1.451256e+002 5.000000e-001
    endloop
  endfacet
  facet normal 7.569062e-003 -5.131330e-002 1.374945e-005
    outer loop
      vertex   -4.659114e+001 1.451256e+002 5.000000e-001
      vertex   -4.640349e+001 1.451544e+002 4.600000e+000
      vertex   -4.661410e+001 1.451233e+002 4.600000e+000
    endloop
  endfacet
  facet normal 5.233325e-002 -9.986138e-001 -2.643512e-004
    outer loop
      vertex   -4.659114e+001 1.451256e+002 5.000000e-001
      vertex   -4.661410e+001 1.451233e+002 4.600000e+000
      vertex   -4.680019e+001 1.451146e+002 5.000000e-001
    endloop
  endfacet
  facet normal 1.116287e-003 -2.396823e-002 -6.776264e-021
    outer loop
      vertex   -4.680019e+001 1.451146e+002 5.000000e-001
      vertex   -4.661410e+001 1.451233e+002 4.600000e+000
      vertex   -4.661410e+001 1.451233e+002 9.200000e+000
    endloop
  endfacet
  facet normal 9.959777e-004 -2.138503e-002 0.000000e+000
    outer loop
      vertex   -4.680019e+001 1.451146e+002 5.000000e-001
      vertex   -4.661410e+001 1.451233e+002 9.200000e+000
      vertex   -4.680019e+001 1.451146e+002 1.840000e+001
    endloop
  endfacet
  facet normal 9.411001e-004 -2.020673e-002 6.776264e-021
    outer loop
      vertex   -4.680019e+001 1.451146e+002 1.840000e+001
      vertex   -4.661410e+001 1.451233e+002 9.200000e+000
      vertex   -4.661410e+001 1.451233e+002 1.380000e+001
    endloop
  endfacet
  facet normal 5.229121e-002 -9.978117e-001 2.354282e-004
    outer loop
      vertex   -4.680019e+001 1.451146e+002 1.840000e+001
      vertex   -4.661410e+001 1.451233e+002 1.380000e+001
      vertex   -4.659114e+001 1.451256e+002 1.840000e+001
    endloop
  endfacet
  facet normal 6.747845e-003 -4.574598e-002 -1.092533e-005
    outer loop
      vertex   -4.659114e+001 1.451256e+002 1.840000e+001
      vertex   -4.661410e+001 1.451233e+002 1.380000e+001
      vertex   -4.640349e+001 1.451544e+002 1.380000e+001
    endloop
  endfacet
  facet normal 1.562880e-001 -9.868504e-001 2.016525e-004
    outer loop
      vertex   -4.659114e+001 1.451256e+002 1.840000e+001
      vertex   -4.640349e+001 1.451544e+002 1.380000e+001
      vertex   -4.638437e+001 1.451583e+002 1.840000e+001
    endloop
  endfacet
  facet normal 1.156977e-002 -4.476782e-002 -9.468401e-006
    outer loop
      vertex   -4.638437e+001 1.451583e+002 1.840000e+001
      vertex   -4.640349e+001 1.451544e+002 1.380000e+001
      vertex   -4.619737e+001 1.452076e+002 1.380000e+001
    endloop
  endfacet
  facet normal 2.585999e-001 -9.650708e-001 1.693831e-004
    outer loop
      vertex   -4.638437e+001 1.451583e+002 1.840000e+001
      vertex   -4.619737e+001 1.452076e+002 1.380000e+001
      vertex   -4.618216e+001 1.452125e+002 1.840000e+001
    endloop
  endfacet
  facet normal 1.626547e-002 -4.328262e-002 -7.835615e-006
    outer loop
      vertex   -4.618216e+001 1.452125e+002 1.840000e+001
      vertex   -4.619737e+001 1.452076e+002 1.380000e+001
      vertex   -4.599809e+001 1.452825e+002 1.380000e+001
    endloop
  endfacet
  facet normal 3.579941e-001 -9.327436e-001 1.301452e-004
    outer loop
      vertex   -4.618216e+001 1.452125e+002 1.840000e+001
      vertex   -4.599809e+001 1.452825e+002 1.380000e+001
      vertex   -4.598672e+001 1.452875e+002 1.840000e+001
    endloop
  endfacet
  facet normal 2.076865e-002 -4.130781e-002 -6.381106e-006
    outer loop
      vertex   -4.598672e+001 1.452875e+002 1.840000e+001
      vertex   -4.599809e+001 1.452825e+002 1.380000e+001
      vertex   -4.580789e+001 1.453781e+002 1.380000e+001
    endloop
  endfacet
  facet normal 4.535850e-001 -8.901488e-001 9.722338e-005
    outer loop
      vertex   -4.598672e+001 1.452875e+002 1.840000e+001
      vertex   -4.580789e+001 1.453781e+002 1.380000e+001
      vertex   -4.580019e+001 1.453826e+002 1.840000e+001
    endloop
  endfacet
  facet normal 2.504287e-002 -3.886500e-002 -4.522172e-006
    outer loop
      vertex   -4.580019e+001 1.453826e+002 1.840000e+001
      vertex   -4.580789e+001 1.453781e+002 1.380000e+001
      vertex   -4.562894e+001 1.454935e+002 1.380000e+001
    endloop
  endfacet
  facet normal 5.440999e-001 -8.378497e-001 5.987741e-005
    outer loop
      vertex   -4.580019e+001 1.453826e+002 1.840000e+001
      vertex   -4.562894e+001 1.454935e+002 1.380000e+001
      vertex   -4.562463e+001 1.454966e+002 1.840000e+001
    endloop
  endfacet
  facet normal 2.928976e-002 -3.626758e-002 -2.784744e-006
    outer loop
      vertex   -4.562463e+001 1.454966e+002 1.840000e+001
      vertex   -4.562894e+001 1.454935e+002 1.380000e+001
      vertex   -4.546193e+001 1.456283e+002 1.380000e+001
    endloop
  endfacet
  facet normal 6.286644e-001 -7.763467e-001 0.000000e+000
    outer loop
      vertex   -4.562463e+001 1.454966e+002 1.840000e+001
      vertex   -4.546193e+001 1.456283e+002 1.380000e+001
      vertex   -4.546193e+001 1.456283e+002 1.840000e+001
    endloop
  endfacet
  facet normal 7.071068e-001 -7.071068e-001 0.000000e+000
    outer loop
      vertex   -4.546193e+001 1.456283e+002 1.840000e+001
      vertex   -4.546193e+001 1.456283e+002 1.380000e+001
      vertex   -4.531391e+001 1.457764e+002 1.840000e+001
    endloop
  endfacet
  facet normal 3.214619e-002 -3.214619e-002 0.000000e+000
    outer loop
      vertex   -4.531391e+001 1.457764e+002 1.840000e+001
      vertex   -4.546193e+001 1.456283e+002 1.380000e+001
      vertex   -4.531391e+001 1.457764e+002 1.380000e+001
    endloop
  endfacet
  facet normal 7.771430e-001 -6.293240e-001 0.000000e+000
    outer loop
      vertex   -4.531391e+001 1.457764e+002 1.840000e+001
      vertex   -4.531391e+001 1.457764e+002 1.380000e+001
      vertex   -4.518216e+001 1.459390e+002 1.840000e+001
    endloop
  endfacet
  facet normal 3.626841e-002 -2.928893e-002 -2.862058e-006
    outer loop
      vertex   -4.518216e+001 1.459390e+002 1.840000e+001
      vertex   -4.531391e+001 1.457764e+002 1.380000e+001
      vertex   -4.517904e+001 1.459434e+002 1.380000e+001
    endloop
  endfacet
  facet normal 8.386861e-001 -5.446139e-001 5.836568e-005
    outer loop
      vertex   -4.518216e+001 1.459390e+002 1.840000e+001
      vertex   -4.517904e+001 1.459434e+002 1.380000e+001
      vertex   -4.506815e+001 1.461146e+002 1.840000e+001
    endloop
  endfacet
  facet normal 3.886500e-002 -2.504370e-002 -4.514251e-006
    outer loop
      vertex   -4.506815e+001 1.461146e+002 1.840000e+001
      vertex   -4.517904e+001 1.459434e+002 1.380000e+001
      vertex   -4.506372e+001 1.461223e+002 1.380000e+001
    endloop
  endfacet
  facet normal 8.910031e-001 -4.539932e-001 9.737622e-005
    outer loop
      vertex   -4.506815e+001 1.461146e+002 1.840000e+001
      vertex   -4.506372e+001 1.461223e+002 1.380000e+001
      vertex   -4.497311e+001 1.463011e+002 1.840000e+001
    endloop
  endfacet
  facet normal 4.130864e-002 -2.077114e-002 -6.249320e-006
    outer loop
      vertex   -4.497311e+001 1.463011e+002 1.840000e+001
      vertex   -4.506372e+001 1.461223e+002 1.380000e+001
      vertex   -4.496809e+001 1.463125e+002 1.380000e+001
    endloop
  endfacet
  facet normal 9.335717e-001 -3.583806e-001 1.331878e-004
    outer loop
      vertex   -4.497311e+001 1.463011e+002 1.840000e+001
      vertex   -4.496809e+001 1.463125e+002 1.380000e+001
      vertex   -4.489808e+001 1.464966e+002 1.840000e+001
    endloop
  endfacet
  facet normal 4.328179e-002 -1.626298e-002 -7.913550e-006
    outer loop
      vertex   -4.489808e+001 1.464966e+002 1.840000e+001
      vertex   -4.496809e+001 1.463125e+002 1.380000e+001
      vertex   -4.489321e+001 1.465118e+002 1.380000e+001
    endloop
  endfacet
  facet normal 9.659175e-001 -2.588268e-001 1.677150e-004
    outer loop
      vertex   -4.489808e+001 1.464966e+002 1.840000e+001
      vertex   -4.489321e+001 1.465118e+002 1.380000e+001
      vertex   -4.484390e+001 1.466988e+002 1.840000e+001
    endloop
  endfacet
  facet normal 4.476782e-002 -1.157060e-002 -9.518565e-006
    outer loop
      vertex   -4.484390e+001 1.466988e+002 1.840000e+001
      vertex   -4.489321e+001 1.465118e+002 1.380000e+001
      vertex   -4.483994e+001 1.467179e+002 1.380000e+001
    endloop
  endfacet
  facet normal 9.876825e-001 -1.564140e-001 2.008977e-004
    outer loop
      vertex   -4.484390e+001 1.466988e+002 1.840000e+001
      vertex   -4.483994e+001 1.467179e+002 1.380000e+001
      vertex   -4.481115e+001 1.469056e+002 1.840000e+001
    endloop
  endfacet
  facet normal 4.574680e-002 -6.747016e-003 -1.099665e-005
    outer loop
      vertex   -4.481115e+001 1.469056e+002 1.840000e+001
      vertex   -4.483994e+001 1.467179e+002 1.380000e+001
      vertex   -4.480887e+001 1.469285e+002 1.380000e+001
    endloop
  endfacet
  facet normal 9.882404e-001 -1.457517e-001 0.000000e+000
    outer loop
      vertex   -4.483994e+001 1.467179e+002 4.600000e+000
      vertex   -4.480887e+001 1.469285e+002 4.600000e+000
      vertex   -4.480887e+001 1.469285e+002 9.200000e+000
    endloop
  endfacet
  facet normal 9.892982e-001 -1.459077e-001 0.000000e+000
    outer loop
      vertex   -4.480887e+001 1.469285e+002 9.200000e+000
      vertex   -4.480887e+001 1.469285e+002 1.380000e+001
      vertex   -4.483994e+001 1.467179e+002 9.200000e+000
    endloop
  endfacet
  facet normal 4.573736e-002 -6.745622e-003 0.000000e+000
    outer loop
      vertex   -4.483994e+001 1.467179e+002 9.200000e+000
      vertex   -4.480887e+001 1.469285e+002 1.380000e+001
      vertex   -4.483994e+001 1.467179e+002 1.380000e+001
    endloop
  endfacet
  facet normal 9.681851e-001 -2.502351e-001 0.000000e+000
    outer loop
      vertex   -4.483994e+001 1.467179e+002 9.200000e+000
      vertex   -4.483994e+001 1.467179e+002 1.380000e+001
      vertex   -4.489321e+001 1.465118e+002 9.200000e+000
    endloop
  endfacet
  facet normal 4.475985e-002 -1.156854e-002 0.000000e+000
    outer loop
      vertex   -4.489321e+001 1.465118e+002 9.200000e+000
      vertex   -4.483994e+001 1.467179e+002 1.380000e+001
      vertex   -4.489321e+001 1.465118e+002 1.380000e+001
    endloop
  endfacet
  facet normal 9.360992e-001 -3.517361e-001 0.000000e+000
    outer loop
      vertex   -4.489321e+001 1.465118e+002 9.200000e+000
      vertex   -4.489321e+001 1.465118e+002 1.380000e+001
      vertex   -4.496809e+001 1.463125e+002 9.200000e+000
    endloop
  endfacet
  facet normal 4.327537e-002 -1.626057e-002 0.000000e+000
    outer loop
      vertex   -4.496809e+001 1.463125e+002 9.200000e+000
      vertex   -4.489321e+001 1.465118e+002 1.380000e+001
      vertex   -4.496809e+001 1.463125e+002 1.380000e+001
    endloop
  endfacet
  facet normal 8.934143e-001 -4.492337e-001 0.000000e+000
    outer loop
      vertex   -4.496809e+001 1.463125e+002 9.200000e+000
      vertex   -4.496809e+001 1.463125e+002 1.380000e+001
      vertex   -4.506372e+001 1.461223e+002 9.200000e+000
    endloop
  endfacet
  facet normal 4.130379e-002 -2.076870e-002 0.000000e+000
    outer loop
      vertex   -4.506372e+001 1.461223e+002 9.200000e+000
      vertex   -4.496809e+001 1.463125e+002 1.380000e+001
      vertex   -4.506372e+001 1.461223e+002 1.380000e+001
    endloop
  endfacet
  facet normal 8.405970e-001 -5.416611e-001 0.000000e+000
    outer loop
      vertex   -4.506372e+001 1.461223e+002 9.200000e+000
      vertex   -4.506372e+001 1.461223e+002 1.380000e+001
      vertex   -4.517904e+001 1.459434e+002 9.200000e+000
    endloop
  endfacet
  facet normal 3.886168e-002 -2.504156e-002 0.000000e+000
    outer loop
      vertex   -4.517904e+001 1.459434e+002 9.200000e+000
      vertex   -4.506372e+001 1.461223e+002 1.380000e+001
      vertex   -4.517904e+001 1.459434e+002 1.380000e+001
    endloop
  endfacet
  facet normal 7.779913e-001 -6.282750e-001 0.000000e+000
    outer loop
      vertex   -4.517904e+001 1.459434e+002 9.200000e+000
      vertex   -4.517904e+001 1.459434e+002 1.380000e+001
      vertex   -4.531391e+001 1.457764e+002 9.200000e+000
    endloop
  endfacet
  facet normal 3.626649e-002 -2.928739e-002 0.000000e+000
    outer loop
      vertex   -4.531391e+001 1.457764e+002 9.200000e+000
      vertex   -4.517904e+001 1.459434e+002 1.380000e+001
      vertex   -4.531391e+001 1.457764e+002 1.380000e+001
    endloop
  endfacet
  facet normal 7.071068e-001 -7.071068e-001 0.000000e+000
    outer loop
      vertex   -4.531391e+001 1.457764e+002 9.200000e+000
      vertex   -4.531391e+001 1.457764e+002 1.380000e+001
      vertex   -4.546193e+001 1.456283e+002 9.200000e+000
    endloop
  endfacet
  facet normal 3.214619e-002 -3.214619e-002 0.000000e+000
    outer loop
      vertex   -4.546193e+001 1.456283e+002 9.200000e+000
      vertex   -4.531391e+001 1.457764e+002 1.380000e+001
      vertex   -4.546193e+001 1.456283e+002 1.380000e+001
    endloop
  endfacet
  facet normal 6.282945e-001 -7.779756e-001 0.000000e+000
    outer loop
      vertex   -4.546193e+001 1.456283e+002 9.200000e+000
      vertex   -4.546193e+001 1.456283e+002 1.380000e+001
      vertex   -4.562894e+001 1.454935e+002 9.200000e+000
    endloop
  endfacet
  facet normal 2.928822e-002 -3.626567e-002 0.000000e+000
    outer loop
      vertex   -4.562894e+001 1.454935e+002 9.200000e+000
      vertex   -4.546193e+001 1.456283e+002 1.380000e+001
      vertex   -4.562894e+001 1.454935e+002 1.380000e+001
    endloop
  endfacet
  facet normal 5.416484e-001 -8.406051e-001 0.000000e+000
    outer loop
      vertex   -4.562894e+001 1.454935e+002 9.200000e+000
      vertex   -4.562894e+001 1.454935e+002 1.380000e+001
      vertex   -4.580789e+001 1.453781e+002 9.200000e+000
    endloop
  endfacet
  facet normal 2.504073e-002 -3.886168e-002 0.000000e+000
    outer loop
      vertex   -4.580789e+001 1.453781e+002 9.200000e+000
      vertex   -4.562894e+001 1.454935e+002 1.380000e+001
      vertex   -4.580789e+001 1.453781e+002 1.380000e+001
    endloop
  endfacet
  facet normal 4.491979e-001 -8.934323e-001 0.000000e+000
    outer loop
      vertex   -4.580789e+001 1.453781e+002 9.200000e+000
      vertex   -4.580789e+001 1.453781e+002 1.380000e+001
      vertex   -4.599809e+001 1.452825e+002 9.200000e+000
    endloop
  endfacet
  facet normal 2.076621e-002 -4.130296e-002 0.000000e+000
    outer loop
      vertex   -4.599809e+001 1.452825e+002 9.200000e+000
      vertex   -4.580789e+001 1.453781e+002 1.380000e+001
      vertex   -4.599809e+001 1.452825e+002 1.380000e+001
    endloop
  endfacet
  facet normal 3.517773e-001 -9.360837e-001 0.000000e+000
    outer loop
      vertex   -4.599809e+001 1.452825e+002 9.200000e+000
      vertex   -4.599809e+001 1.452825e+002 1.380000e+001
      vertex   -4.619737e+001 1.452076e+002 9.200000e+000
    endloop
  endfacet
  facet normal 1.626305e-002 -4.327620e-002 0.000000e+000
    outer loop
      vertex   -4.619737e+001 1.452076e+002 9.200000e+000
      vertex   -4.599809e+001 1.452825e+002 1.380000e+001
      vertex   -4.619737e+001 1.452076e+002 1.380000e+001
    endloop
  endfacet
  facet normal 2.502183e-001 -9.681894e-001 0.000000e+000
    outer loop
      vertex   -4.619737e+001 1.452076e+002 9.200000e+000
      vertex   -4.619737e+001 1.452076e+002 1.380000e+001
      vertex   -4.640349e+001 1.451544e+002 9.200000e+000
    endloop
  endfacet
  facet normal 1.156771e-002 -4.475985e-002 0.000000e+000
    outer loop
      vertex   -4.640349e+001 1.451544e+002 9.200000e+000
      vertex   -4.619737e+001 1.452076e+002 1.380000e+001
      vertex   -4.640349e+001 1.451544e+002 1.380000e+001
    endloop
  endfacet
  facet normal 1.459278e-001 -9.892952e-001 0.000000e+000
    outer loop
      vertex   -4.640349e+001 1.451544e+002 9.200000e+000
      vertex   -4.640349e+001 1.451544e+002 1.380000e+001
      vertex   -4.661410e+001 1.451233e+002 9.200000e+000
    endloop
  endfacet
  facet normal 6.746451e-003 -4.573653e-002 0.000000e+000
    outer loop
      vertex   -4.661410e+001 1.451233e+002 9.200000e+000
      vertex   -4.640349e+001 1.451544e+002 1.380000e+001
      vertex   -4.661410e+001 1.451233e+002 1.380000e+001
    endloop
  endfacet
  facet normal 9.671499e-001 -2.499676e-001 1.734723e-018
    outer loop
      vertex   -4.489321e+001 1.465118e+002 4.600000e+000
      vertex   -4.483994e+001 1.467179e+002 4.600000e+000
      vertex   -4.483994e+001 1.467179e+002 9.200000e+000
    endloop
  endfacet
  facet normal 9.892982e-001 -1.459077e-001 0.000000e+000
    outer loop
      vertex   -4.483994e+001 1.467179e+002 9.200000e+000
      vertex   -4.483994e+001 1.467179e+002 4.600000e+000
      vertex   -4.480887e+001 1.469285e+002 9.200000e+000
    endloop
  endfacet
  facet normal 4.475986e-002 -1.156854e-002 0.000000e+000
    outer loop
      vertex   -4.489321e+001 1.465118e+002 4.600000e+000
      vertex   -4.483994e+001 1.467179e+002 9.200000e+000
      vertex   -4.489321e+001 1.465118e+002 9.200000e+000
    endloop
  endfacet
  facet normal 9.350984e-001 -3.513600e-001 1.734723e-018
    outer loop
      vertex   -4.496809e+001 1.463125e+002 4.600000e+000
      vertex   -4.489321e+001 1.465118e+002 4.600000e+000
      vertex   -4.489321e+001 1.465118e+002 9.200000e+000
    endloop
  endfacet
  facet normal 4.327537e-002 -1.626057e-002 0.000000e+000
    outer loop
      vertex   -4.496809e+001 1.463125e+002 4.600000e+000
      vertex   -4.489321e+001 1.465118e+002 9.200000e+000
      vertex   -4.496809e+001 1.463125e+002 9.200000e+000
    endloop
  endfacet
  facet normal 8.924590e-001 -4.487533e-001 -3.469447e-018
    outer loop
      vertex   -4.506372e+001 1.461223e+002 4.600000e+000
      vertex   -4.496809e+001 1.463125e+002 4.600000e+000
      vertex   -4.496809e+001 1.463125e+002 9.200000e+000
    endloop
  endfacet
  facet normal 4.130379e-002 -2.076870e-002 0.000000e+000
    outer loop
      vertex   -4.506372e+001 1.461223e+002 4.600000e+000
      vertex   -4.496809e+001 1.463125e+002 9.200000e+000
      vertex   -4.506372e+001 1.461223e+002 9.200000e+000
    endloop
  endfacet
  facet normal 8.396982e-001 -5.410820e-001 0.000000e+000
    outer loop
      vertex   -4.517904e+001 1.459434e+002 4.600000e+000
      vertex   -4.506372e+001 1.461223e+002 4.600000e+000
      vertex   -4.506372e+001 1.461223e+002 9.200000e+000
    endloop
  endfacet
  facet normal 3.886168e-002 -2.504156e-002 0.000000e+000
    outer loop
      vertex   -4.517904e+001 1.459434e+002 4.600000e+000
      vertex   -4.506372e+001 1.461223e+002 9.200000e+000
      vertex   -4.517904e+001 1.459434e+002 9.200000e+000
    endloop
  endfacet
  facet normal 7.771456e-001 -6.275921e-001 -3.469447e-018
    outer loop
      vertex   -4.531391e+001 1.457764e+002 4.600000e+000
      vertex   -4.517904e+001 1.459434e+002 4.600000e+000
      vertex   -4.517904e+001 1.459434e+002 9.200000e+000
    endloop
  endfacet
  facet normal 3.626650e-002 -2.928739e-002 0.000000e+000
    outer loop
      vertex   -4.531391e+001 1.457764e+002 4.600000e+000
      vertex   -4.517904e+001 1.459434e+002 9.200000e+000
      vertex   -4.531391e+001 1.457764e+002 9.200000e+000
    endloop
  endfacet
  facet normal 7.063757e-001 -7.063757e-001 0.000000e+000
    outer loop
      vertex   -4.546193e+001 1.456283e+002 4.600000e+000
      vertex   -4.531391e+001 1.457764e+002 4.600000e+000
      vertex   -4.531391e+001 1.457764e+002 9.200000e+000
    endloop
  endfacet
  facet normal 3.214619e-002 -3.214619e-002 0.000000e+000
    outer loop
      vertex   -4.546193e+001 1.456283e+002 4.600000e+000
      vertex   -4.531391e+001 1.457764e+002 9.200000e+000
      vertex   -4.546193e+001 1.456283e+002 9.200000e+000
    endloop
  endfacet
  facet normal 6.276115e-001 -7.771299e-001 3.469447e-018
    outer loop
      vertex   -4.562894e+001 1.454935e+002 4.600000e+000
      vertex   -4.546193e+001 1.456283e+002 4.600000e+000
      vertex   -4.546193e+001 1.456283e+002 9.200000e+000
    endloop
  endfacet
  facet normal 2.928822e-002 -3.626567e-002 0.000000e+000
    outer loop
      vertex   -4.562894e+001 1.454935e+002 4.600000e+000
      vertex   -4.546193e+001 1.456283e+002 9.200000e+000
      vertex   -4.562894e+001 1.454935e+002 9.200000e+000
    endloop
  endfacet
  facet normal 5.410693e-001 -8.397064e-001 0.000000e+000
    outer loop
      vertex   -4.580789e+001 1.453781e+002 4.600000e+000
      vertex   -4.562894e+001 1.454935e+002 4.600000e+000
      vertex   -4.562894e+001 1.454935e+002 9.200000e+000
    endloop
  endfacet
  facet normal 2.504073e-002 -3.886168e-002 0.000000e+000
    outer loop
      vertex   -4.580789e+001 1.453781e+002 4.600000e+000
      vertex   -4.562894e+001 1.454935e+002 9.200000e+000
      vertex   -4.580789e+001 1.453781e+002 9.200000e+000
    endloop
  endfacet
  facet normal 4.487177e-001 -8.924770e-001 0.000000e+000
    outer loop
      vertex   -4.599809e+001 1.452825e+002 4.600000e+000
      vertex   -4.580789e+001 1.453781e+002 4.600000e+000
      vertex   -4.580789e+001 1.453781e+002 9.200000e+000
    endloop
  endfacet
  facet normal 2.076622e-002 -4.130297e-002 0.000000e+000
    outer loop
      vertex   -4.599809e+001 1.452825e+002 4.600000e+000
      vertex   -4.580789e+001 1.453781e+002 9.200000e+000
      vertex   -4.599809e+001 1.452825e+002 9.200000e+000
    endloop
  endfacet
  facet normal 3.514011e-001 -9.350829e-001 0.000000e+000
    outer loop
      vertex   -4.619737e+001 1.452076e+002 4.600000e+000
      vertex   -4.599809e+001 1.452825e+002 4.600000e+000
      vertex   -4.599809e+001 1.452825e+002 9.200000e+000
    endloop
  endfacet
  facet normal 1.626306e-002 -4.327620e-002 0.000000e+000
    outer loop
      vertex   -4.619737e+001 1.452076e+002 4.600000e+000
      vertex   -4.599809e+001 1.452825e+002 9.200000e+000
      vertex   -4.619737e+001 1.452076e+002 9.200000e+000
    endloop
  endfacet
  facet normal 2.499508e-001 -9.671543e-001 0.000000e+000
    outer loop
      vertex   -4.640349e+001 1.451544e+002 4.600000e+000
      vertex   -4.619737e+001 1.452076e+002 4.600000e+000
      vertex   -4.619737e+001 1.452076e+002 9.200000e+000
    endloop
  endfacet
  facet normal 1.156771e-002 -4.475986e-002 0.000000e+000
    outer loop
      vertex   -4.640349e+001 1.451544e+002 4.600000e+000
      vertex   -4.619737e+001 1.452076e+002 9.200000e+000
      vertex   -4.640349e+001 1.451544e+002 9.200000e+000
    endloop
  endfacet
  facet normal 1.457718e-001 -9.882374e-001 -8.673617e-019
    outer loop
      vertex   -4.661410e+001 1.451233e+002 4.600000e+000
      vertex   -4.640349e+001 1.451544e+002 4.600000e+000
      vertex   -4.640349e+001 1.451544e+002 9.200000e+000
    endloop
  endfacet
  facet normal 6.746451e-003 -4.573653e-002 0.000000e+000
    outer loop
      vertex   -4.661410e+001 1.451233e+002 4.600000e+000
      vertex   -4.640349e+001 1.451544e+002 9.200000e+000
      vertex   -4.661410e+001 1.451233e+002 9.200000e+000
    endloop
  endfacet
  facet normal -3.700510e-002 7.061378e-001 7.061378e-001
    outer loop
      vertex   -1.123002e+002 1.875146e+002 1.840000e+001
      vertex   -1.125093e+002 1.875037e+002 1.840000e+001
      vertex   -1.123002e+002 1.870146e+002 1.890000e+001
    endloop
  endfacet
  facet normal -4.136992e-002 6.836999e-001 6.860166e-001
    outer loop
      vertex   -1.123002e+002 1.870146e+002 1.890000e+001
      vertex   -1.125093e+002 1.875037e+002 1.840000e+001
      vertex   -1.124810e+002 1.870037e+002 1.890000e+001
    endloop
  endfacet
  facet normal -3.197555e-002 2.019034e-001 2.037040e-001
    outer loop
      vertex   -1.124810e+002 1.870037e+002 1.890000e+001
      vertex   -1.125093e+002 1.875037e+002 1.840000e+001
      vertex   -1.127160e+002 1.874709e+002 1.840000e+001
    endloop
  endfacet
  facet normal -1.245156e-001 6.797130e-001 6.937035e-001
    outer loop
      vertex   -1.124810e+002 1.870037e+002 1.890000e+001
      vertex   -1.127160e+002 1.874709e+002 1.840000e+001
      vertex   -1.126592e+002 1.869710e+002 1.890000e+001
    endloop
  endfacet
  facet normal -5.318492e-002 1.984812e-001 2.044795e-001
    outer loop
      vertex   -1.126592e+002 1.869710e+002 1.890000e+001
      vertex   -1.127160e+002 1.874709e+002 1.840000e+001
      vertex   -1.129182e+002 1.874167e+002 1.840000e+001
    endloop
  endfacet
  facet normal -2.071552e-001 6.646914e-001 6.998276e-001
    outer loop
      vertex   -1.126592e+002 1.869710e+002 1.890000e+001
      vertex   -1.129182e+002 1.874167e+002 1.840000e+001
      vertex   -1.128321e+002 1.869171e+002 1.890000e+001
    endloop
  endfacet
  facet normal -7.380694e-002 1.922628e-001 2.048181e-001
    outer loop
      vertex   -1.128321e+002 1.869171e+002 1.890000e+001
      vertex   -1.129182e+002 1.874167e+002 1.840000e+001
      vertex   -1.131137e+002 1.873417e+002 1.840000e+001
    endloop
  endfacet
  facet normal -2.874700e-001 6.387534e-001 7.042650e-001
    outer loop
      vertex   -1.128321e+002 1.869171e+002 1.890000e+001
      vertex   -1.131137e+002 1.873417e+002 1.840000e+001
      vertex   -1.129973e+002 1.868428e+002 1.890000e+001
    endloop
  endfacet
  facet normal -9.341701e-002 1.833541e-001 2.046962e-001
    outer loop
      vertex   -1.129973e+002 1.868428e+002 1.890000e+001
      vertex   -1.131137e+002 1.873417e+002 1.840000e+001
      vertex   -1.133002e+002 1.872467e+002 1.840000e+001
    endloop
  endfacet
  facet normal -3.640451e-001 6.022068e-001 7.069718e-001
    outer loop
      vertex   -1.129973e+002 1.868428e+002 1.890000e+001
      vertex   -1.133002e+002 1.872467e+002 1.840000e+001
      vertex   -1.131523e+002 1.867491e+002 1.890000e+001
    endloop
  endfacet
  facet normal -1.116622e-001 1.719541e-001 2.041502e-001
    outer loop
      vertex   -1.131523e+002 1.867491e+002 1.890000e+001
      vertex   -1.133002e+002 1.872467e+002 1.840000e+001
      vertex   -1.134758e+002 1.871327e+002 1.840000e+001
    endloop
  endfacet
  facet normal -4.353239e-001 5.556459e-001 7.078833e-001
    outer loop
      vertex   -1.131523e+002 1.867491e+002 1.890000e+001
      vertex   -1.134758e+002 1.871327e+002 1.840000e+001
      vertex   -1.132949e+002 1.866374e+002 1.890000e+001
    endloop
  endfacet
  facet normal -1.281763e-001 1.582830e-001 2.031579e-001
    outer loop
      vertex   -1.132949e+002 1.866374e+002 1.890000e+001
      vertex   -1.134758e+002 1.871327e+002 1.840000e+001
      vertex   -1.136385e+002 1.870009e+002 1.840000e+001
    endloop
  endfacet
  facet normal -1.426736e-001 1.426589e-001 2.017604e-001
    outer loop
      vertex   -1.132949e+002 1.866374e+002 1.890000e+001
      vertex   -1.136385e+002 1.870009e+002 1.840000e+001
      vertex   -1.137865e+002 1.868529e+002 1.840000e+001
    endloop
  endfacet
  facet normal -4.819686e-001 4.819686e-001 6.815926e-001
    outer loop
      vertex   -1.132949e+002 1.866374e+002 1.890000e+001
      vertex   -1.137865e+002 1.868529e+002 1.840000e+001
      vertex   -1.134230e+002 1.865093e+002 1.890000e+001
    endloop
  endfacet
  facet normal -1.582855e-001 1.281783e-001 2.031572e-001
    outer loop
      vertex   -1.134230e+002 1.865093e+002 1.890000e+001
      vertex   -1.137865e+002 1.868529e+002 1.840000e+001
      vertex   -1.139182e+002 1.866902e+002 1.840000e+001
    endloop
  endfacet
  facet normal -5.416678e-001 4.243499e-001 6.900542e-001
    outer loop
      vertex   -1.134230e+002 1.865093e+002 1.890000e+001
      vertex   -1.139182e+002 1.866902e+002 1.840000e+001
      vertex   -1.135347e+002 1.863667e+002 1.890000e+001
    endloop
  endfacet
  facet normal -1.719462e-001 1.116694e-001 2.041471e-001
    outer loop
      vertex   -1.135347e+002 1.863667e+002 1.890000e+001
      vertex   -1.139182e+002 1.866902e+002 1.840000e+001
      vertex   -1.140322e+002 1.865146e+002 1.840000e+001
    endloop
  endfacet
  facet normal -5.936799e-001 3.589020e-001 6.969739e-001
    outer loop
      vertex   -1.135347e+002 1.863667e+002 1.890000e+001
      vertex   -1.140322e+002 1.865146e+002 1.840000e+001
      vertex   -1.136284e+002 1.862117e+002 1.890000e+001
    endloop
  endfacet
  facet normal -1.833516e-001 9.342322e-002 2.046994e-001
    outer loop
      vertex   -1.136284e+002 1.862117e+002 1.890000e+001
      vertex   -1.140322e+002 1.865146e+002 1.840000e+001
      vertex   -1.141273e+002 1.863281e+002 1.840000e+001
    endloop
  endfacet
  facet normal -6.369233e-001 2.866596e-001 7.022645e-001
    outer loop
      vertex   -1.136284e+002 1.862117e+002 1.890000e+001
      vertex   -1.141273e+002 1.863281e+002 1.840000e+001
      vertex   -1.137027e+002 1.860465e+002 1.890000e+001
    endloop
  endfacet
  facet normal -1.922538e-001 7.379887e-002 2.048089e-001
    outer loop
      vertex   -1.137027e+002 1.860465e+002 1.890000e+001
      vertex   -1.141273e+002 1.863281e+002 1.840000e+001
      vertex   -1.142023e+002 1.861327e+002 1.840000e+001
    endloop
  endfacet
  facet normal -6.704081e-001 2.089073e-001 7.058445e-001
    outer loop
      vertex   -1.137027e+002 1.860465e+002 1.890000e+001
      vertex   -1.142023e+002 1.861327e+002 1.840000e+001
      vertex   -1.137566e+002 1.858736e+002 1.890000e+001
    endloop
  endfacet
  facet normal -1.984927e-001 5.318401e-002 2.044932e-001
    outer loop
      vertex   -1.137566e+002 1.858736e+002 1.890000e+001
      vertex   -1.142023e+002 1.861327e+002 1.840000e+001
      vertex   -1.142565e+002 1.859304e+002 1.840000e+001
    endloop
  endfacet
  facet normal -6.933658e-001 1.270705e-001 7.076522e-001
    outer loop
      vertex   -1.137566e+002 1.858736e+002 1.890000e+001
      vertex   -1.142565e+002 1.859304e+002 1.840000e+001
      vertex   -1.137893e+002 1.856954e+002 1.890000e+001
    endloop
  endfacet
  facet normal -2.018988e-001 3.197600e-002 2.036968e-001
    outer loop
      vertex   -1.137893e+002 1.856954e+002 1.890000e+001
      vertex   -1.142565e+002 1.859304e+002 1.840000e+001
      vertex   -1.142892e+002 1.857237e+002 1.840000e+001
    endloop
  endfacet
  facet normal -7.052706e-001 4.264718e-002 7.076488e-001
    outer loop
      vertex   -1.137893e+002 1.856954e+002 1.890000e+001
      vertex   -1.142892e+002 1.857237e+002 1.840000e+001
      vertex   -1.138002e+002 1.855146e+002 1.890000e+001
    endloop
  endfacet
  facet normal -2.025100e-001 1.061252e-002 2.025100e-001
    outer loop
      vertex   -1.138002e+002 1.855146e+002 1.890000e+001
      vertex   -1.142892e+002 1.857237e+002 1.840000e+001
      vertex   -1.143002e+002 1.855146e+002 1.840000e+001
    endloop
  endfacet
  facet normal -7.071068e-001 0.000000e+000 7.071068e-001
    outer loop
      vertex   -1.138002e+002 1.471146e+002 1.890000e+001
      vertex   -1.138002e+002 1.855146e+002 1.890000e+001
      vertex   -1.143002e+002 1.471146e+002 1.840000e+001
    endloop
  endfacet
  facet normal -1.301863e-002 0.000000e+000 1.301863e-002
    outer loop
      vertex   -1.143002e+002 1.471146e+002 1.840000e+001
      vertex   -1.138002e+002 1.855146e+002 1.890000e+001
      vertex   -1.143002e+002 1.855146e+002 1.840000e+001
    endloop
  endfacet
  facet normal -7.061378e-001 -3.700510e-002 7.061378e-001
    outer loop
      vertex   -1.143002e+002 1.471146e+002 1.840000e+001
      vertex   -1.142892e+002 1.469056e+002 1.840000e+001
      vertex   -1.138002e+002 1.471146e+002 1.890000e+001
    endloop
  endfacet
  facet normal -6.837018e-001 -4.133943e-002 6.860057e-001
    outer loop
      vertex   -1.138002e+002 1.471146e+002 1.890000e+001
      vertex   -1.142892e+002 1.469056e+002 1.840000e+001
      vertex   -1.137893e+002 1.469338e+002 1.890000e+001
    endloop
  endfacet
  facet normal -2.019138e-001 -3.197602e-002 2.037109e-001
    outer loop
      vertex   -1.137893e+002 1.469338e+002 1.890000e+001
      vertex   -1.142892e+002 1.469056e+002 1.840000e+001
      vertex   -1.142565e+002 1.466988e+002 1.840000e+001
    endloop
  endfacet
  facet normal -6.797063e-001 -1.245779e-001 6.937163e-001
    outer loop
      vertex   -1.137893e+002 1.469338e+002 1.890000e+001
      vertex   -1.142565e+002 1.466988e+002 1.840000e+001
      vertex   -1.137566e+002 1.467556e+002 1.890000e+001
    endloop
  endfacet
  facet normal -1.984774e-001 -5.318392e-002 2.044795e-001
    outer loop
      vertex   -1.137566e+002 1.467556e+002 1.890000e+001
      vertex   -1.142565e+002 1.466988e+002 1.840000e+001
      vertex   -1.142023e+002 1.464966e+002 1.840000e+001
    endloop
  endfacet
  facet normal -6.646928e-001 -2.071263e-001 6.998271e-001
    outer loop
      vertex   -1.137566e+002 1.467556e+002 1.890000e+001
      vertex   -1.142023e+002 1.464966e+002 1.840000e+001
      vertex   -1.137027e+002 1.465827e+002 1.890000e+001
    endloop
  endfacet
  facet normal -1.922538e-001 -7.379887e-002 2.048089e-001
    outer loop
      vertex   -1.137027e+002 1.465827e+002 1.890000e+001
      vertex   -1.142023e+002 1.464966e+002 1.840000e+001
      vertex   -1.141273e+002 1.463011e+002 1.840000e+001
    endloop
  endfacet
  facet normal -6.387542e-001 -2.874571e-001 7.042683e-001
    outer loop
      vertex   -1.137027e+002 1.465827e+002 1.890000e+001
      vertex   -1.141273e+002 1.463011e+002 1.840000e+001
      vertex   -1.136284e+002 1.464175e+002 1.890000e+001
    endloop
  endfacet
  facet normal -1.833539e-001 -9.342440e-002 2.046991e-001
    outer loop
      vertex   -1.136284e+002 1.464175e+002 1.890000e+001
      vertex   -1.141273e+002 1.463011e+002 1.840000e+001
      vertex   -1.140322e+002 1.461146e+002 1.840000e+001
    endloop
  endfacet
  facet normal -6.021885e-001 -3.640816e-001 7.069735e-001
    outer loop
      vertex   -1.136284e+002 1.464175e+002 1.890000e+001
      vertex   -1.140322e+002 1.461146e+002 1.840000e+001
      vertex   -1.135347e+002 1.462625e+002 1.890000e+001
    endloop
  endfacet
  facet normal -1.719595e-001 -1.116683e-001 2.041600e-001
    outer loop
      vertex   -1.135347e+002 1.462625e+002 1.890000e+001
      vertex   -1.140322e+002 1.461146e+002 1.840000e+001
      vertex   -1.139182e+002 1.459390e+002 1.840000e+001
    endloop
  endfacet
  facet normal -5.556545e-001 -4.353073e-001 7.078858e-001
    outer loop
      vertex   -1.135347e+002 1.462625e+002 1.890000e+001
      vertex   -1.139182e+002 1.459390e+002 1.840000e+001
      vertex   -1.134230e+002 1.461199e+002 1.890000e+001
    endloop
  endfacet
  facet normal -1.582830e-001 -1.281763e-001 2.031579e-001
    outer loop
      vertex   -1.134230e+002 1.461199e+002 1.890000e+001
      vertex   -1.139182e+002 1.459390e+002 1.840000e+001
      vertex   -1.137865e+002 1.457764e+002 1.840000e+001
    endloop
  endfacet
  facet normal -1.426580e-001 -1.426580e-001 2.017491e-001
    outer loop
      vertex   -1.134230e+002 1.461199e+002 1.890000e+001
      vertex   -1.137865e+002 1.457764e+002 1.840000e+001
      vertex   -1.136385e+002 1.456283e+002 1.840000e+001
    endloop
  endfacet
  facet normal -4.819657e-001 -4.819657e-001 6.816031e-001
    outer loop
      vertex   -1.134230e+002 1.461199e+002 1.890000e+001
      vertex   -1.136385e+002 1.456283e+002 1.840000e+001
      vertex   -1.132949e+002 1.459919e+002 1.890000e+001
    endloop
  endfacet
  facet normal -1.281763e-001 -1.582830e-001 2.031579e-001
    outer loop
      vertex   -1.132949e+002 1.459919e+002 1.890000e+001
      vertex   -1.136385e+002 1.456283e+002 1.840000e+001
      vertex   -1.134758e+002 1.454966e+002 1.840000e+001
    endloop
  endfacet
  facet normal -4.243618e-001 -5.416539e-001 6.900578e-001
    outer loop
      vertex   -1.132949e+002 1.459919e+002 1.890000e+001
      vertex   -1.134758e+002 1.454966e+002 1.840000e+001
      vertex   -1.131523e+002 1.458801e+002 1.890000e+001
    endloop
  endfacet
  facet normal -1.116622e-001 -1.719541e-001 2.041502e-001
    outer loop
      vertex   -1.131523e+002 1.458801e+002 1.890000e+001
      vertex   -1.134758e+002 1.454966e+002 1.840000e+001
      vertex   -1.133002e+002 1.453826e+002 1.840000e+001
    endloop
  endfacet
  facet normal -3.588961e-001 -5.936894e-001 6.969725e-001
    outer loop
      vertex   -1.131523e+002 1.458801e+002 1.890000e+001
      vertex   -1.133002e+002 1.453826e+002 1.840000e+001
      vertex   -1.129973e+002 1.457864e+002 1.890000e+001
    endloop
  endfacet
  facet normal -9.343062e-002 -1.833514e-001 2.047022e-001
    outer loop
      vertex   -1.129973e+002 1.457864e+002 1.890000e+001
      vertex   -1.133002e+002 1.453826e+002 1.840000e+001
      vertex   -1.131137e+002 1.452875e+002 1.840000e+001
    endloop
  endfacet
  facet normal -2.866470e-001 -6.369247e-001 7.022682e-001
    outer loop
      vertex   -1.129973e+002 1.457864e+002 1.890000e+001
      vertex   -1.131137e+002 1.452875e+002 1.840000e+001
      vertex   -1.128321e+002 1.457121e+002 1.890000e+001
    endloop
  endfacet
  facet normal -7.379100e-002 -1.922604e-001 2.048129e-001
    outer loop
      vertex   -1.128321e+002 1.457121e+002 1.890000e+001
      vertex   -1.131137e+002 1.452875e+002 1.840000e+001
      vertex   -1.129182e+002 1.452125e+002 1.840000e+001
    endloop
  endfacet
  facet normal -2.089345e-001 -6.704006e-001 7.058385e-001
    outer loop
      vertex   -1.128321e+002 1.457121e+002 1.890000e+001
      vertex   -1.129182e+002 1.452125e+002 1.840000e+001
      vertex   -1.126592e+002 1.456582e+002 1.890000e+001
    endloop
  endfacet
  facet normal -5.318492e-002 -1.984812e-001 2.044795e-001
    outer loop
      vertex   -1.126592e+002 1.456582e+002 1.890000e+001
      vertex   -1.129182e+002 1.452125e+002 1.840000e+001
      vertex   -1.127160e+002 1.451583e+002 1.840000e+001
    endloop
  endfacet
  facet normal -1.270767e-001 -6.933695e-001 7.076480e-001
    outer loop
      vertex   -1.126592e+002 1.456582e+002 1.890000e+001
      vertex   -1.127160e+002 1.451583e+002 1.840000e+001
      vertex   -1.124810e+002 1.456255e+002 1.890000e+001
    endloop
  endfacet
  facet normal -3.197647e-002 -2.019092e-001 2.037037e-001
    outer loop
      vertex   -1.124810e+002 1.456255e+002 1.890000e+001
      vertex   -1.127160e+002 1.451583e+002 1.840000e+001
      vertex   -1.125093e+002 1.451256e+002 1.840000e+001
    endloop
  endfacet
  facet normal -4.261608e-002 -7.052783e-001 7.076432e-001
    outer loop
      vertex   -1.124810e+002 1.456255e+002 1.890000e+001
      vertex   -1.125093e+002 1.451256e+002 1.840000e+001
      vertex   -1.123002e+002 1.456146e+002 1.890000e+001
    endloop
  endfacet
  facet normal -1.061252e-002 -2.025100e-001 2.025100e-001
    outer loop
      vertex   -1.123002e+002 1.456146e+002 1.890000e+001
      vertex   -1.125093e+002 1.451256e+002 1.840000e+001
      vertex   -1.123002e+002 1.451146e+002 1.840000e+001
    endloop
  endfacet
  facet normal -5.233246e-002 -9.986171e-001 2.356230e-004
    outer loop
      vertex   -1.125093e+002 1.451256e+002 1.840000e+001
      vertex   -1.124863e+002 1.451233e+002 1.380000e+001
      vertex   -1.123002e+002 1.451146e+002 1.840000e+001
    endloop
  endfacet
  facet normal -9.411000e-004 -2.020714e-002 6.776264e-021
    outer loop
      vertex   -1.123002e+002 1.451146e+002 1.840000e+001
      vertex   -1.124863e+002 1.451233e+002 1.380000e+001
      vertex   -1.124863e+002 1.451233e+002 9.200000e+000
    endloop
  endfacet
  facet normal -9.418713e-004 -2.022370e-002 -0.000000e+000
    outer loop
      vertex   -1.123002e+002 1.451146e+002 1.840000e+001
      vertex   -1.124863e+002 1.451233e+002 9.200000e+000
      vertex   -1.123002e+002 1.451146e+002 5.000000e-001
    endloop
  endfacet
  facet normal -1.116287e-003 -2.396872e-002 0.000000e+000
    outer loop
      vertex   -1.123002e+002 1.451146e+002 5.000000e-001
      vertex   -1.124863e+002 1.451233e+002 9.200000e+000
      vertex   -1.124863e+002 1.451233e+002 4.600000e+000
    endloop
  endfacet
  facet normal -5.227918e-002 -9.976004e-001 -2.640883e-004
    outer loop
      vertex   -1.123002e+002 1.451146e+002 5.000000e-001
      vertex   -1.124863e+002 1.451233e+002 4.600000e+000
      vertex   -1.125093e+002 1.451256e+002 5.000000e-001
    endloop
  endfacet
  facet normal -7.569062e-003 -5.131237e-002 1.374997e-005
    outer loop
      vertex   -1.125093e+002 1.451256e+002 5.000000e-001
      vertex   -1.124863e+002 1.451233e+002 4.600000e+000
      vertex   -1.126969e+002 1.451544e+002 4.600000e+000
    endloop
  endfacet
  facet normal -1.562537e-001 -9.866334e-001 -2.260491e-004
    outer loop
      vertex   -1.125093e+002 1.451256e+002 5.000000e-001
      vertex   -1.126969e+002 1.451544e+002 4.600000e+000
      vertex   -1.127160e+002 1.451583e+002 5.000000e-001
    endloop
  endfacet
  facet normal -1.297773e-002 -5.021573e-002 1.192791e-005
    outer loop
      vertex   -1.127160e+002 1.451583e+002 5.000000e-001
      vertex   -1.126969e+002 1.451544e+002 4.600000e+000
      vertex   -1.129030e+002 1.452076e+002 4.600000e+000
    endloop
  endfacet
  facet normal -2.585410e-001 -9.648507e-001 -1.897556e-004
    outer loop
      vertex   -1.127160e+002 1.451583e+002 5.000000e-001
      vertex   -1.129030e+002 1.452076e+002 4.600000e+000
      vertex   -1.129182e+002 1.452125e+002 5.000000e-001
    endloop
  endfacet
  facet normal -1.824471e-002 -4.855034e-002 9.876791e-006
    outer loop
      vertex   -1.129182e+002 1.452125e+002 5.000000e-001
      vertex   -1.129030e+002 1.452076e+002 4.600000e+000
      vertex   -1.131023e+002 1.452825e+002 4.600000e+000
    endloop
  endfacet
  facet normal -3.579094e-001 -9.325229e-001 -1.459820e-004
    outer loop
      vertex   -1.129182e+002 1.452125e+002 5.000000e-001
      vertex   -1.131023e+002 1.452825e+002 4.600000e+000
      vertex   -1.131137e+002 1.452875e+002 5.000000e-001
    endloop
  endfacet
  facet normal -2.329568e-002 -4.633487e-002 8.029260e-006
    outer loop
      vertex   -1.131137e+002 1.452875e+002 5.000000e-001
      vertex   -1.131023e+002 1.452825e+002 4.600000e+000
      vertex   -1.132925e+002 1.453781e+002 4.600000e+000
    endloop
  endfacet
  facet normal -4.534811e-001 -8.899267e-001 -1.098791e-004
    outer loop
      vertex   -1.131137e+002 1.452875e+002 5.000000e-001
      vertex   -1.132925e+002 1.453781e+002 4.600000e+000
      vertex   -1.133002e+002 1.453826e+002 5.000000e-001
    endloop
  endfacet
  facet normal -2.808973e-002 -4.359168e-002 5.640681e-006
    outer loop
      vertex   -1.133002e+002 1.453826e+002 5.000000e-001
      vertex   -1.132925e+002 1.453781e+002 4.600000e+000
      vertex   -1.134715e+002 1.454935e+002 4.600000e+000
    endloop
  endfacet
  facet normal -5.439451e-001 -8.376477e-001 -6.617600e-005
    outer loop
      vertex   -1.133002e+002 1.453826e+002 5.000000e-001
      vertex   -1.134715e+002 1.454935e+002 4.600000e+000
      vertex   -1.134758e+002 1.454966e+002 5.000000e-001
    endloop
  endfacet
  facet normal -3.285289e-002 -4.068050e-002 3.564851e-006
    outer loop
      vertex   -1.134758e+002 1.454966e+002 5.000000e-001
      vertex   -1.134715e+002 1.454935e+002 4.600000e+000
      vertex   -1.136385e+002 1.456283e+002 4.600000e+000
    endloop
  endfacet
  facet normal -6.285053e-001 -7.761320e-001 -3.469447e-018
    outer loop
      vertex   -1.134758e+002 1.454966e+002 5.000000e-001
      vertex   -1.136385e+002 1.456283e+002 4.600000e+000
      vertex   -1.136385e+002 1.456283e+002 5.000000e-001
    endloop
  endfacet
  facet normal -7.071068e-001 -7.071068e-001 0.000000e+000
    outer loop
      vertex   -1.136385e+002 1.456283e+002 5.000000e-001
      vertex   -1.136385e+002 1.456283e+002 4.600000e+000
      vertex   -1.137865e+002 1.457764e+002 5.000000e-001
    endloop
  endfacet
  facet normal -3.605682e-002 -3.605682e-002 0.000000e+000
    outer loop
      vertex   -1.137865e+002 1.457764e+002 5.000000e-001
      vertex   -1.136385e+002 1.456283e+002 4.600000e+000
      vertex   -1.137865e+002 1.457764e+002 4.600000e+000
    endloop
  endfacet
  facet normal -7.771430e-001 -6.293240e-001 0.000000e+000
    outer loop
      vertex   -1.137865e+002 1.457764e+002 5.000000e-001
      vertex   -1.137865e+002 1.457764e+002 4.600000e+000
      vertex   -1.139182e+002 1.459390e+002 5.000000e-001
    endloop
  endfacet
  facet normal -4.068050e-002 -3.285289e-002 3.564851e-006
    outer loop
      vertex   -1.139182e+002 1.459390e+002 5.000000e-001
      vertex   -1.137865e+002 1.457764e+002 4.600000e+000
      vertex   -1.139214e+002 1.459434e+002 4.600000e+000
    endloop
  endfacet
  facet normal -8.386776e-001 -5.446266e-001 -6.624391e-005
    outer loop
      vertex   -1.139182e+002 1.459390e+002 5.000000e-001
      vertex   -1.139214e+002 1.459434e+002 4.600000e+000
      vertex   -1.140322e+002 1.461146e+002 5.000000e-001
    endloop
  endfacet
  facet normal -4.359353e-002 -2.808973e-002 5.719795e-006
    outer loop
      vertex   -1.140322e+002 1.461146e+002 5.000000e-001
      vertex   -1.139214e+002 1.459434e+002 4.600000e+000
      vertex   -1.140367e+002 1.461223e+002 4.600000e+000
    endloop
  endfacet
  facet normal -8.910027e-001 -4.539930e-001 -1.084223e-004
    outer loop
      vertex   -1.140322e+002 1.461146e+002 5.000000e-001
      vertex   -1.140367e+002 1.461223e+002 4.600000e+000
      vertex   -1.141273e+002 1.463011e+002 5.000000e-001
    endloop
  endfacet
  facet normal -4.633487e-002 -2.329754e-002 7.948192e-006
    outer loop
      vertex   -1.141273e+002 1.463011e+002 5.000000e-001
      vertex   -1.140367e+002 1.461223e+002 4.600000e+000
      vertex   -1.141323e+002 1.463125e+002 4.600000e+000
    endloop
  endfacet
  facet normal -9.335769e-001 -3.583644e-001 -1.477444e-004
    outer loop
      vertex   -1.141273e+002 1.463011e+002 5.000000e-001
      vertex   -1.141323e+002 1.463125e+002 4.600000e+000
      vertex   -1.142023e+002 1.464966e+002 5.000000e-001
    endloop
  endfacet
  facet normal -4.854849e-002 -1.824286e-002 9.962449e-006
    outer loop
      vertex   -1.142023e+002 1.464966e+002 5.000000e-001
      vertex   -1.141323e+002 1.463125e+002 4.600000e+000
      vertex   -1.142072e+002 1.465118e+002 4.600000e+000
    endloop
  endfacet
  facet normal -9.659160e-001 -2.588264e-001 -1.881677e-004
    outer loop
      vertex   -1.142023e+002 1.464966e+002 5.000000e-001
      vertex   -1.142072e+002 1.465118e+002 4.600000e+000
      vertex   -1.142565e+002 1.466988e+002 5.000000e-001
    endloop
  endfacet
  facet normal -5.021573e-002 -1.297958e-002 1.193657e-005
    outer loop
      vertex   -1.142565e+002 1.466988e+002 5.000000e-001
      vertex   -1.142072e+002 1.465118e+002 4.600000e+000
      vertex   -1.142605e+002 1.467179e+002 4.600000e+000
    endloop
  endfacet
  facet normal -9.876801e-001 -1.564137e-001 -2.263158e-004
    outer loop
      vertex   -1.142565e+002 1.466988e+002 5.000000e-001
      vertex   -1.142605e+002 1.467179e+002 4.600000e+000
      vertex   -1.142892e+002 1.469056e+002 5.000000e-001
    endloop
  endfacet
  facet normal -5.131422e-002 -7.567203e-003 1.383401e-005
    outer loop
      vertex   -1.142892e+002 1.469056e+002 5.000000e-001
      vertex   -1.142605e+002 1.467179e+002 4.600000e+000
      vertex   -1.142915e+002 1.469285e+002 4.600000e+000
    endloop
  endfacet
  facet normal -9.986139e-001 -5.233229e-002 -2.624983e-004
    outer loop
      vertex   -1.142892e+002 1.469056e+002 5.000000e-001
      vertex   -1.142915e+002 1.469285e+002 4.600000e+000
      vertex   -1.143002e+002 1.471146e+002 5.000000e-001
    endloop
  endfacet
  facet normal -2.396872e-002 -1.117269e-003 6.776264e-021
    outer loop
      vertex   -1.143002e+002 1.471146e+002 5.000000e-001
      vertex   -1.142915e+002 1.469285e+002 4.600000e+000
      vertex   -1.142915e+002 1.469285e+002 9.200000e+000
    endloop
  endfacet
  facet normal -2.138546e-002 -9.968544e-004 0.000000e+000
    outer loop
      vertex   -1.143002e+002 1.471146e+002 5.000000e-001
      vertex   -1.142915e+002 1.469285e+002 9.200000e+000
      vertex   -1.143002e+002 1.471146e+002 1.840000e+001
    endloop
  endfacet
  facet normal -2.020714e-002 -9.419284e-004 0.000000e+000
    outer loop
      vertex   -1.143002e+002 1.471146e+002 1.840000e+001
      vertex   -1.142915e+002 1.469285e+002 9.200000e+000
      vertex   -1.142915e+002 1.469285e+002 1.380000e+001
    endloop
  endfacet
  facet normal -9.978117e-001 -5.229026e-002 2.337780e-004
    outer loop
      vertex   -1.143002e+002 1.471146e+002 1.840000e+001
      vertex   -1.142915e+002 1.469285e+002 1.380000e+001
      vertex   -1.142892e+002 1.469056e+002 1.840000e+001
    endloop
  endfacet
  facet normal -4.574680e-002 -6.746187e-003 -1.099251e-005
    outer loop
      vertex   -1.142892e+002 1.469056e+002 1.840000e+001
      vertex   -1.142915e+002 1.469285e+002 1.380000e+001
      vertex   -1.142605e+002 1.467179e+002 1.380000e+001
    endloop
  endfacet
  facet normal -9.868513e-001 -1.562824e-001 2.015470e-004
    outer loop
      vertex   -1.142892e+002 1.469056e+002 1.840000e+001
      vertex   -1.142605e+002 1.467179e+002 1.380000e+001
      vertex   -1.142565e+002 1.466988e+002 1.840000e+001
    endloop
  endfacet
  facet normal -4.476782e-002 -1.157143e-002 -9.484884e-006
    outer loop
      vertex   -1.142565e+002 1.466988e+002 1.840000e+001
      vertex   -1.142605e+002 1.467179e+002 1.380000e+001
      vertex   -1.142072e+002 1.465118e+002 1.380000e+001
    endloop
  endfacet
  facet normal -9.650708e-001 -2.586000e-001 1.675680e-004
    outer loop
      vertex   -1.142565e+002 1.466988e+002 1.840000e+001
      vertex   -1.142072e+002 1.465118e+002 1.380000e+001
      vertex   -1.142023e+002 1.464966e+002 1.840000e+001
    endloop
  endfacet
  facet normal -4.328179e-002 -1.626381e-002 -7.916290e-006
    outer loop
      vertex   -1.142023e+002 1.464966e+002 1.840000e+001
      vertex   -1.142072e+002 1.465118e+002 1.380000e+001
      vertex   -1.141323e+002 1.463125e+002 1.380000e+001
    endloop
  endfacet
  facet normal -9.327268e-001 -3.580381e-001 1.315653e-004
    outer loop
      vertex   -1.142023e+002 1.464966e+002 1.840000e+001
      vertex   -1.141323e+002 1.463125e+002 1.380000e+001
      vertex   -1.141273e+002 1.463011e+002 1.840000e+001
    endloop
  endfacet
  facet normal -4.130864e-002 -2.077031e-002 -6.315786e-006
    outer loop
      vertex   -1.141273e+002 1.463011e+002 1.840000e+001
      vertex   -1.141323e+002 1.463125e+002 1.380000e+001
      vertex   -1.140367e+002 1.461223e+002 1.380000e+001
    endloop
  endfacet
  facet normal -8.901597e-001 -4.535635e-001 9.654586e-005
    outer loop
      vertex   -1.141273e+002 1.463011e+002 1.840000e+001
      vertex   -1.140367e+002 1.461223e+002 1.380000e+001
      vertex   -1.140322e+002 1.461146e+002 1.840000e+001
    endloop
  endfacet
  facet normal -3.886500e-002 -2.504287e-002 -4.545097e-006
    outer loop
      vertex   -1.140322e+002 1.461146e+002 1.840000e+001
      vertex   -1.140367e+002 1.461223e+002 1.380000e+001
      vertex   -1.139214e+002 1.459434e+002 1.380000e+001
    endloop
  endfacet
  facet normal -8.378546e-001 -5.440921e-001 5.898554e-005
    outer loop
      vertex   -1.140322e+002 1.461146e+002 1.840000e+001
      vertex   -1.139214e+002 1.459434e+002 1.380000e+001
      vertex   -1.139182e+002 1.459390e+002 1.840000e+001
    endloop
  endfacet
  facet normal -3.626841e-002 -2.928976e-002 -2.832759e-006
    outer loop
      vertex   -1.139182e+002 1.459390e+002 1.840000e+001
      vertex   -1.139214e+002 1.459434e+002 1.380000e+001
      vertex   -1.137865e+002 1.457764e+002 1.380000e+001
    endloop
  endfacet
  facet normal -7.763395e-001 -6.286733e-001 3.469447e-018
    outer loop
      vertex   -1.139182e+002 1.459390e+002 1.840000e+001
      vertex   -1.137865e+002 1.457764e+002 1.380000e+001
      vertex   -1.137865e+002 1.457764e+002 1.840000e+001
    endloop
  endfacet
  facet normal -7.071068e-001 -7.071068e-001 -0.000000e+000
    outer loop
      vertex   -1.137865e+002 1.457764e+002 1.840000e+001
      vertex   -1.137865e+002 1.457764e+002 1.380000e+001
      vertex   -1.136385e+002 1.456283e+002 1.840000e+001
    endloop
  endfacet
  facet normal -3.214619e-002 -3.214619e-002 -0.000000e+000
    outer loop
      vertex   -1.136385e+002 1.456283e+002 1.840000e+001
      vertex   -1.137865e+002 1.457764e+002 1.380000e+001
      vertex   -1.136385e+002 1.456283e+002 1.380000e+001
    endloop
  endfacet
  facet normal -6.293240e-001 -7.771430e-001 -0.000000e+000
    outer loop
      vertex   -1.136385e+002 1.456283e+002 1.840000e+001
      vertex   -1.136385e+002 1.456283e+002 1.380000e+001
      vertex   -1.134758e+002 1.454966e+002 1.840000e+001
    endloop
  endfacet
  facet normal -2.928976e-002 -3.626841e-002 -2.832759e-006
    outer loop
      vertex   -1.134758e+002 1.454966e+002 1.840000e+001
      vertex   -1.136385e+002 1.456283e+002 1.380000e+001
      vertex   -1.134715e+002 1.454935e+002 1.380000e+001
    endloop
  endfacet
  facet normal -5.446177e-001 -8.386836e-001 5.905591e-005
    outer loop
      vertex   -1.134758e+002 1.454966e+002 1.840000e+001
      vertex   -1.134715e+002 1.454935e+002 1.380000e+001
      vertex   -1.133002e+002 1.453826e+002 1.840000e+001
    endloop
  endfacet
  facet normal -2.504287e-002 -3.886335e-002 -4.482230e-006
    outer loop
      vertex   -1.133002e+002 1.453826e+002 1.840000e+001
      vertex   -1.134715e+002 1.454935e+002 1.380000e+001
      vertex   -1.132925e+002 1.453781e+002 1.380000e+001
    endloop
  endfacet
  facet normal -4.540221e-001 -8.909883e-001 9.805257e-005
    outer loop
      vertex   -1.133002e+002 1.453826e+002 1.840000e+001
      vertex   -1.132925e+002 1.453781e+002 1.380000e+001
      vertex   -1.131137e+002 1.452875e+002 1.840000e+001
    endloop
  endfacet
  facet normal -2.076865e-002 -4.130864e-002 -6.380204e-006
    outer loop
      vertex   -1.131137e+002 1.452875e+002 1.840000e+001
      vertex   -1.132925e+002 1.453781e+002 1.380000e+001
      vertex   -1.131023e+002 1.452825e+002 1.380000e+001
    endloop
  endfacet
  facet normal -3.583207e-001 -9.335946e-001 1.302639e-004
    outer loop
      vertex   -1.131137e+002 1.452875e+002 1.840000e+001
      vertex   -1.131023e+002 1.452825e+002 1.380000e+001
      vertex   -1.129182e+002 1.452125e+002 1.840000e+001
    endloop
  endfacet
  facet normal -1.626547e-002 -4.328345e-002 -7.848224e-006
    outer loop
      vertex   -1.129182e+002 1.452125e+002 1.840000e+001
      vertex   -1.131023e+002 1.452825e+002 1.380000e+001
      vertex   -1.129030e+002 1.452076e+002 1.380000e+001
    endloop
  endfacet
  facet normal -2.588268e-001 -9.659175e-001 1.693170e-004
    outer loop
      vertex   -1.129182e+002 1.452125e+002 1.840000e+001
      vertex   -1.129030e+002 1.452076e+002 1.380000e+001
      vertex   -1.127160e+002 1.451583e+002 1.840000e+001
    endloop
  endfacet
  facet normal -1.156977e-002 -4.476782e-002 -9.477996e-006
    outer loop
      vertex   -1.127160e+002 1.451583e+002 1.840000e+001
      vertex   -1.129030e+002 1.452076e+002 1.380000e+001
      vertex   -1.126969e+002 1.451544e+002 1.380000e+001
    endloop
  endfacet
  facet normal -1.564197e-001 -9.876816e-001 2.016926e-004
    outer loop
      vertex   -1.127160e+002 1.451583e+002 1.840000e+001
      vertex   -1.126969e+002 1.451544e+002 1.380000e+001
      vertex   -1.125093e+002 1.451256e+002 1.840000e+001
    endloop
  endfacet
  facet normal -6.747845e-003 -4.574515e-002 -1.092574e-005
    outer loop
      vertex   -1.125093e+002 1.451256e+002 1.840000e+001
      vertex   -1.126969e+002 1.451544e+002 1.380000e+001
      vertex   -1.124863e+002 1.451233e+002 1.380000e+001
    endloop
  endfacet
  facet normal -1.457744e-001 -9.882371e-001 0.000000e+000
    outer loop
      vertex   -1.126969e+002 1.451544e+002 4.600000e+000
      vertex   -1.124863e+002 1.451233e+002 4.600000e+000
      vertex   -1.124863e+002 1.451233e+002 9.200000e+000
    endloop
  endfacet
  facet normal -1.459304e-001 -9.892949e-001 0.000000e+000
    outer loop
      vertex   -1.124863e+002 1.451233e+002 9.200000e+000
      vertex   -1.124863e+002 1.451233e+002 1.380000e+001
      vertex   -1.126969e+002 1.451544e+002 9.200000e+000
    endloop
  endfacet
  facet normal -6.746451e-003 -4.573570e-002 0.000000e+000
    outer loop
      vertex   -1.126969e+002 1.451544e+002 9.200000e+000
      vertex   -1.124863e+002 1.451233e+002 1.380000e+001
      vertex   -1.126969e+002 1.451544e+002 1.380000e+001
    endloop
  endfacet
  facet normal -2.502183e-001 -9.681894e-001 0.000000e+000
    outer loop
      vertex   -1.126969e+002 1.451544e+002 9.200000e+000
      vertex   -1.126969e+002 1.451544e+002 1.380000e+001
      vertex   -1.129030e+002 1.452076e+002 9.200000e+000
    endloop
  endfacet
  facet normal -1.156771e-002 -4.475985e-002 0.000000e+000
    outer loop
      vertex   -1.129030e+002 1.452076e+002 9.200000e+000
      vertex   -1.126969e+002 1.451544e+002 1.380000e+001
      vertex   -1.129030e+002 1.452076e+002 1.380000e+001
    endloop
  endfacet
  facet normal -3.517714e-001 -9.360859e-001 0.000000e+000
    outer loop
      vertex   -1.129030e+002 1.452076e+002 9.200000e+000
      vertex   -1.129030e+002 1.452076e+002 1.380000e+001
      vertex   -1.131023e+002 1.452825e+002 9.200000e+000
    endloop
  endfacet
  facet normal -1.626305e-002 -4.327702e-002 0.000000e+000
    outer loop
      vertex   -1.131023e+002 1.452825e+002 9.200000e+000
      vertex   -1.129030e+002 1.452076e+002 1.380000e+001
      vertex   -1.131023e+002 1.452825e+002 1.380000e+001
    endloop
  endfacet
  facet normal -4.491907e-001 -8.934359e-001 0.000000e+000
    outer loop
      vertex   -1.131023e+002 1.452825e+002 9.200000e+000
      vertex   -1.131023e+002 1.452825e+002 1.380000e+001
      vertex   -1.132925e+002 1.453781e+002 9.200000e+000
    endloop
  endfacet
  facet normal -2.076621e-002 -4.130379e-002 0.000000e+000
    outer loop
      vertex   -1.132925e+002 1.453781e+002 9.200000e+000
      vertex   -1.131023e+002 1.452825e+002 1.380000e+001
      vertex   -1.132925e+002 1.453781e+002 1.380000e+001
    endloop
  endfacet
  facet normal -5.416648e-001 -8.405946e-001 0.000000e+000
    outer loop
      vertex   -1.132925e+002 1.453781e+002 9.200000e+000
      vertex   -1.132925e+002 1.453781e+002 1.380000e+001
      vertex   -1.134715e+002 1.454935e+002 9.200000e+000
    endloop
  endfacet
  facet normal -2.504073e-002 -3.886002e-002 0.000000e+000
    outer loop
      vertex   -1.134715e+002 1.454935e+002 9.200000e+000
      vertex   -1.132925e+002 1.453781e+002 1.380000e+001
      vertex   -1.134715e+002 1.454935e+002 1.380000e+001
    endloop
  endfacet
  facet normal -6.282858e-001 -7.779826e-001 0.000000e+000
    outer loop
      vertex   -1.134715e+002 1.454935e+002 9.200000e+000
      vertex   -1.134715e+002 1.454935e+002 1.380000e+001
      vertex   -1.136385e+002 1.456283e+002 9.200000e+000
    endloop
  endfacet
  facet normal -2.928822e-002 -3.626649e-002 0.000000e+000
    outer loop
      vertex   -1.136385e+002 1.456283e+002 9.200000e+000
      vertex   -1.134715e+002 1.454935e+002 1.380000e+001
      vertex   -1.136385e+002 1.456283e+002 1.380000e+001
    endloop
  endfacet
  facet normal -7.071068e-001 -7.071068e-001 0.000000e+000
    outer loop
      vertex   -1.136385e+002 1.456283e+002 9.200000e+000
      vertex   -1.136385e+002 1.456283e+002 1.380000e+001
      vertex   -1.137865e+002 1.457764e+002 9.200000e+000
    endloop
  endfacet
  facet normal -3.214619e-002 -3.214619e-002 0.000000e+000
    outer loop
      vertex   -1.137865e+002 1.457764e+002 9.200000e+000
      vertex   -1.136385e+002 1.456283e+002 1.380000e+001
      vertex   -1.137865e+002 1.457764e+002 1.380000e+001
    endloop
  endfacet
  facet normal -7.779826e-001 -6.282858e-001 0.000000e+000
    outer loop
      vertex   -1.137865e+002 1.457764e+002 9.200000e+000
      vertex   -1.137865e+002 1.457764e+002 1.380000e+001
      vertex   -1.139214e+002 1.459434e+002 9.200000e+000
    endloop
  endfacet
  facet normal -3.626649e-002 -2.928822e-002 0.000000e+000
    outer loop
      vertex   -1.139214e+002 1.459434e+002 9.200000e+000
      vertex   -1.137865e+002 1.457764e+002 1.380000e+001
      vertex   -1.139214e+002 1.459434e+002 1.380000e+001
    endloop
  endfacet
  facet normal -8.406051e-001 -5.416484e-001 0.000000e+000
    outer loop
      vertex   -1.139214e+002 1.459434e+002 9.200000e+000
      vertex   -1.139214e+002 1.459434e+002 1.380000e+001
      vertex   -1.140367e+002 1.461223e+002 9.200000e+000
    endloop
  endfacet
  facet normal -3.886168e-002 -2.504073e-002 0.000000e+000
    outer loop
      vertex   -1.140367e+002 1.461223e+002 9.200000e+000
      vertex   -1.139214e+002 1.459434e+002 1.380000e+001
      vertex   -1.140367e+002 1.461223e+002 1.380000e+001
    endloop
  endfacet
  facet normal -8.934215e-001 -4.492193e-001 0.000000e+000
    outer loop
      vertex   -1.140367e+002 1.461223e+002 9.200000e+000
      vertex   -1.140367e+002 1.461223e+002 1.380000e+001
      vertex   -1.141323e+002 1.463125e+002 9.200000e+000
    endloop
  endfacet
  facet normal -4.130379e-002 -2.076787e-002 0.000000e+000
    outer loop
      vertex   -1.141323e+002 1.463125e+002 9.200000e+000
      vertex   -1.140367e+002 1.461223e+002 1.380000e+001
      vertex   -1.141323e+002 1.463125e+002 1.380000e+001
    endloop
  endfacet
  facet normal -9.360933e-001 -3.517517e-001 0.000000e+000
    outer loop
      vertex   -1.141323e+002 1.463125e+002 9.200000e+000
      vertex   -1.141323e+002 1.463125e+002 1.380000e+001
      vertex   -1.142072e+002 1.465118e+002 9.200000e+000
    endloop
  endfacet
  facet normal -4.327537e-002 -1.626140e-002 0.000000e+000
    outer loop
      vertex   -1.142072e+002 1.465118e+002 9.200000e+000
      vertex   -1.141323e+002 1.463125e+002 1.380000e+001
      vertex   -1.142072e+002 1.465118e+002 1.380000e+001
    endloop
  endfacet
  facet normal -9.681808e-001 -2.502519e-001 0.000000e+000
    outer loop
      vertex   -1.142072e+002 1.465118e+002 9.200000e+000
      vertex   -1.142072e+002 1.465118e+002 1.380000e+001
      vertex   -1.142605e+002 1.467179e+002 9.200000e+000
    endloop
  endfacet
  facet normal -4.475985e-002 -1.156937e-002 0.000000e+000
    outer loop
      vertex   -1.142605e+002 1.467179e+002 9.200000e+000
      vertex   -1.142072e+002 1.465118e+002 1.380000e+001
      vertex   -1.142605e+002 1.467179e+002 1.380000e+001
    endloop
  endfacet
  facet normal -9.893008e-001 -1.458901e-001 0.000000e+000
    outer loop
      vertex   -1.142605e+002 1.467179e+002 9.200000e+000
      vertex   -1.142605e+002 1.467179e+002 1.380000e+001
      vertex   -1.142915e+002 1.469285e+002 9.200000e+000
    endloop
  endfacet
  facet normal -4.573736e-002 -6.744794e-003 0.000000e+000
    outer loop
      vertex   -1.142915e+002 1.469285e+002 9.200000e+000
      vertex   -1.142605e+002 1.467179e+002 1.380000e+001
      vertex   -1.142915e+002 1.469285e+002 1.380000e+001
    endloop
  endfacet
  facet normal -2.499508e-001 -9.671543e-001 0.000000e+000
    outer loop
      vertex   -1.129030e+002 1.452076e+002 4.600000e+000
      vertex   -1.126969e+002 1.451544e+002 4.600000e+000
      vertex   -1.126969e+002 1.451544e+002 9.200000e+000
    endloop
  endfacet
  facet normal -1.459304e-001 -9.892949e-001 -0.000000e+000
    outer loop
      vertex   -1.126969e+002 1.451544e+002 9.200000e+000
      vertex   -1.126969e+002 1.451544e+002 4.600000e+000
      vertex   -1.124863e+002 1.451233e+002 9.200000e+000
    endloop
  endfacet
  facet normal -1.156771e-002 -4.475986e-002 0.000000e+000
    outer loop
      vertex   -1.129030e+002 1.452076e+002 4.600000e+000
      vertex   -1.126969e+002 1.451544e+002 9.200000e+000
      vertex   -1.129030e+002 1.452076e+002 9.200000e+000
    endloop
  endfacet
  facet normal -3.513952e-001 -9.350850e-001 0.000000e+000
    outer loop
      vertex   -1.131023e+002 1.452825e+002 4.600000e+000
      vertex   -1.129030e+002 1.452076e+002 4.600000e+000
      vertex   -1.129030e+002 1.452076e+002 9.200000e+000
    endloop
  endfacet
  facet normal -1.626306e-002 -4.327703e-002 0.000000e+000
    outer loop
      vertex   -1.131023e+002 1.452825e+002 4.600000e+000
      vertex   -1.129030e+002 1.452076e+002 9.200000e+000
      vertex   -1.131023e+002 1.452825e+002 9.200000e+000
    endloop
  endfacet
  facet normal -4.487105e-001 -8.924806e-001 -3.469447e-018
    outer loop
      vertex   -1.132925e+002 1.453781e+002 4.600000e+000
      vertex   -1.131023e+002 1.452825e+002 4.600000e+000
      vertex   -1.131023e+002 1.452825e+002 9.200000e+000
    endloop
  endfacet
  facet normal -2.076622e-002 -4.130379e-002 0.000000e+000
    outer loop
      vertex   -1.132925e+002 1.453781e+002 4.600000e+000
      vertex   -1.131023e+002 1.452825e+002 9.200000e+000
      vertex   -1.132925e+002 1.453781e+002 9.200000e+000
    endloop
  endfacet
  facet normal -5.410857e-001 -8.396959e-001 0.000000e+000
    outer loop
      vertex   -1.134715e+002 1.454935e+002 4.600000e+000
      vertex   -1.132925e+002 1.453781e+002 4.600000e+000
      vertex   -1.132925e+002 1.453781e+002 9.200000e+000
    endloop
  endfacet
  facet normal -2.504074e-002 -3.886003e-002 0.000000e+000
    outer loop
      vertex   -1.134715e+002 1.454935e+002 4.600000e+000
      vertex   -1.132925e+002 1.453781e+002 9.200000e+000
      vertex   -1.134715e+002 1.454935e+002 9.200000e+000
    endloop
  endfacet
  facet normal -6.276028e-001 -7.771369e-001 -3.469447e-018
    outer loop
      vertex   -1.136385e+002 1.456283e+002 4.600000e+000
      vertex   -1.134715e+002 1.454935e+002 4.600000e+000
      vertex   -1.134715e+002 1.454935e+002 9.200000e+000
    endloop
  endfacet
  facet normal -2.928822e-002 -3.626650e-002 0.000000e+000
    outer loop
      vertex   -1.136385e+002 1.456283e+002 4.600000e+000
      vertex   -1.134715e+002 1.454935e+002 9.200000e+000
      vertex   -1.136385e+002 1.456283e+002 9.200000e+000
    endloop
  endfacet
  facet normal -7.063757e-001 -7.063757e-001 0.000000e+000
    outer loop
      vertex   -1.137865e+002 1.457764e+002 4.600000e+000
      vertex   -1.136385e+002 1.456283e+002 4.600000e+000
      vertex   -1.136385e+002 1.456283e+002 9.200000e+000
    endloop
  endfacet
  facet normal -3.214619e-002 -3.214619e-002 0.000000e+000
    outer loop
      vertex   -1.137865e+002 1.457764e+002 4.600000e+000
      vertex   -1.136385e+002 1.456283e+002 9.200000e+000
      vertex   -1.137865e+002 1.457764e+002 9.200000e+000
    endloop
  endfacet
  facet normal -7.771369e-001 -6.276028e-001 3.469447e-018
    outer loop
      vertex   -1.139214e+002 1.459434e+002 4.600000e+000
      vertex   -1.137865e+002 1.457764e+002 4.600000e+000
      vertex   -1.137865e+002 1.457764e+002 9.200000e+000
    endloop
  endfacet
  facet normal -3.626650e-002 -2.928822e-002 0.000000e+000
    outer loop
      vertex   -1.139214e+002 1.459434e+002 4.600000e+000
      vertex   -1.137865e+002 1.457764e+002 9.200000e+000
      vertex   -1.139214e+002 1.459434e+002 9.200000e+000
    endloop
  endfacet
  facet normal -8.397064e-001 -5.410693e-001 0.000000e+000
    outer loop
      vertex   -1.140367e+002 1.461223e+002 4.600000e+000
      vertex   -1.139214e+002 1.459434e+002 4.600000e+000
      vertex   -1.139214e+002 1.459434e+002 9.200000e+000
    endloop
  endfacet
  facet normal -3.886168e-002 -2.504073e-002 0.000000e+000
    outer loop
      vertex   -1.140367e+002 1.461223e+002 4.600000e+000
      vertex   -1.139214e+002 1.459434e+002 9.200000e+000
      vertex   -1.140367e+002 1.461223e+002 9.200000e+000
    endloop
  endfacet
  facet normal -8.924662e-001 -4.487390e-001 0.000000e+000
    outer loop
      vertex   -1.141323e+002 1.463125e+002 4.600000e+000
      vertex   -1.140367e+002 1.461223e+002 4.600000e+000
      vertex   -1.140367e+002 1.461223e+002 9.200000e+000
    endloop
  endfacet
  facet normal -4.130379e-002 -2.076787e-002 0.000000e+000
    outer loop
      vertex   -1.141323e+002 1.463125e+002 4.600000e+000
      vertex   -1.140367e+002 1.461223e+002 9.200000e+000
      vertex   -1.141323e+002 1.463125e+002 9.200000e+000
    endloop
  endfacet
  facet normal -9.350924e-001 -3.513757e-001 0.000000e+000
    outer loop
      vertex   -1.142072e+002 1.465118e+002 4.600000e+000
      vertex   -1.141323e+002 1.463125e+002 4.600000e+000
      vertex   -1.141323e+002 1.463125e+002 9.200000e+000
    endloop
  endfacet
  facet normal -4.327537e-002 -1.626140e-002 0.000000e+000
    outer loop
      vertex   -1.142072e+002 1.465118e+002 4.600000e+000
      vertex   -1.141323e+002 1.463125e+002 9.200000e+000
      vertex   -1.142072e+002 1.465118e+002 9.200000e+000
    endloop
  endfacet
  facet normal -9.671456e-001 -2.499844e-001 0.000000e+000
    outer loop
      vertex   -1.142605e+002 1.467179e+002 4.600000e+000
      vertex   -1.142072e+002 1.465118e+002 4.600000e+000
      vertex   -1.142072e+002 1.465118e+002 9.200000e+000
    endloop
  endfacet
  facet normal -4.475986e-002 -1.156937e-002 0.000000e+000
    outer loop
      vertex   -1.142605e+002 1.467179e+002 4.600000e+000
      vertex   -1.142072e+002 1.465118e+002 9.200000e+000
      vertex   -1.142605e+002 1.467179e+002 9.200000e+000
    endloop
  endfacet
  facet normal -9.882430e-001 -1.457342e-001 -8.673617e-019
    outer loop
      vertex   -1.142915e+002 1.469285e+002 4.600000e+000
      vertex   -1.142605e+002 1.467179e+002 4.600000e+000
      vertex   -1.142605e+002 1.467179e+002 9.200000e+000
    endloop
  endfacet
  facet normal -4.573736e-002 -6.744795e-003 0.000000e+000
    outer loop
      vertex   -1.142915e+002 1.469285e+002 4.600000e+000
      vertex   -1.142605e+002 1.467179e+002 9.200000e+000
      vertex   -1.142915e+002 1.469285e+002 9.200000e+000
    endloop
  endfacet
  facet normal -1.000000e+000 0.000000e+000 0.000000e+000
    outer loop
      vertex   -1.143002e+002 1.471146e+002 1.840000e+001
      vertex   -1.143002e+002 1.855146e+002 1.840000e+001
      vertex   -1.143002e+002 1.471146e+002 5.000000e-001
    endloop
  endfacet
  facet normal -4.224978e-001 0.000000e+000 0.000000e+000
    outer loop
      vertex   -1.143002e+002 1.471146e+002 5.000000e-001
      vertex   -1.143002e+002 1.855146e+002 1.840000e+001
      vertex   -1.143002e+002 1.855146e+002 5.000000e-001
    endloop
  endfacet
  facet normal -9.986171e-001 5.233246e-002 2.339667e-004
    outer loop
      vertex   -1.142892e+002 1.857237e+002 1.840000e+001
      vertex   -1.142915e+002 1.857007e+002 1.380000e+001
      vertex   -1.143002e+002 1.855146e+002 1.840000e+001
    endloop
  endfacet
  facet normal -2.020714e-002 9.419284e-004 0.000000e+000
    outer loop
      vertex   -1.143002e+002 1.855146e+002 1.840000e+001
      vertex   -1.142915e+002 1.857007e+002 1.380000e+001
      vertex   -1.142915e+002 1.857007e+002 9.200000e+000
    endloop
  endfacet
  facet normal -2.022370e-002 9.427004e-004 0.000000e+000
    outer loop
      vertex   -1.143002e+002 1.855146e+002 1.840000e+001
      vertex   -1.142915e+002 1.857007e+002 9.200000e+000
      vertex   -1.143002e+002 1.855146e+002 5.000000e-001
    endloop
  endfacet
  facet normal -2.396872e-002 1.117269e-003 6.776264e-021
    outer loop
      vertex   -1.143002e+002 1.855146e+002 5.000000e-001
      vertex   -1.142915e+002 1.857007e+002 9.200000e+000
      vertex   -1.142915e+002 1.857007e+002 4.600000e+000
    endloop
  endfacet
  facet normal -9.976004e-001 5.227918e-002 -2.622319e-004
    outer loop
      vertex   -1.143002e+002 1.855146e+002 5.000000e-001
      vertex   -1.142915e+002 1.857007e+002 4.600000e+000
      vertex   -1.142892e+002 1.857237e+002 5.000000e-001
    endloop
  endfacet
  facet normal -5.131422e-002 7.567203e-003 1.383401e-005
    outer loop
      vertex   -1.142892e+002 1.857237e+002 5.000000e-001
      vertex   -1.142915e+002 1.857007e+002 4.600000e+000
      vertex   -1.142605e+002 1.859113e+002 4.600000e+000
    endloop
  endfacet
  facet normal -9.866324e-001 1.562593e-001 -2.266035e-004
    outer loop
      vertex   -1.142892e+002 1.857237e+002 5.000000e-001
      vertex   -1.142605e+002 1.859113e+002 4.600000e+000
      vertex   -1.142565e+002 1.859304e+002 5.000000e-001
    endloop
  endfacet
  facet normal -5.021572e-002 1.297958e-002 1.188827e-005
    outer loop
      vertex   -1.142565e+002 1.859304e+002 5.000000e-001
      vertex   -1.142605e+002 1.859113e+002 4.600000e+000
      vertex   -1.142072e+002 1.861174e+002 4.600000e+000
    endloop
  endfacet
  facet normal -9.648553e-001 2.585227e-001 -1.880335e-004
    outer loop
      vertex   -1.142565e+002 1.859304e+002 5.000000e-001
      vertex   -1.142072e+002 1.861174e+002 4.600000e+000
      vertex   -1.142023e+002 1.861327e+002 5.000000e-001
    endloop
  endfacet
  facet normal -4.854849e-002 1.824286e-002 9.962449e-006
    outer loop
      vertex   -1.142023e+002 1.861327e+002 5.000000e-001
      vertex   -1.142072e+002 1.861174e+002 4.600000e+000
      vertex   -1.141323e+002 1.863167e+002 4.600000e+000
    endloop
  endfacet
  facet normal -9.325061e-001 3.579533e-001 -1.475749e-004
    outer loop
      vertex   -1.142023e+002 1.861327e+002 5.000000e-001
      vertex   -1.141323e+002 1.863167e+002 4.600000e+000
      vertex   -1.141273e+002 1.863281e+002 5.000000e-001
    endloop
  endfacet
  facet normal -4.633487e-002 2.329754e-002 7.948192e-006
    outer loop
      vertex   -1.141273e+002 1.863281e+002 5.000000e-001
      vertex   -1.141323e+002 1.863167e+002 4.600000e+000
      vertex   -1.140367e+002 1.865069e+002 4.600000e+000
    endloop
  endfacet
  facet normal -8.899414e-001 4.534522e-001 -1.082932e-004
    outer loop
      vertex   -1.141273e+002 1.863281e+002 5.000000e-001
      vertex   -1.140367e+002 1.865069e+002 4.600000e+000
      vertex   -1.140322e+002 1.865146e+002 5.000000e-001
    endloop
  endfacet
  facet normal -4.359353e-002 2.808973e-002 5.719795e-006
    outer loop
      vertex   -1.140322e+002 1.865146e+002 5.000000e-001
      vertex   -1.140367e+002 1.865069e+002 4.600000e+000
      vertex   -1.139214e+002 1.866859e+002 4.600000e+000
    endloop
  endfacet
  facet normal -8.376202e-001 5.439872e-001 -6.813513e-005
    outer loop
      vertex   -1.140322e+002 1.865146e+002 5.000000e-001
      vertex   -1.139214e+002 1.866859e+002 4.600000e+000
      vertex   -1.139182e+002 1.866902e+002 5.000000e-001
    endloop
  endfacet
  facet normal -4.067678e-002 3.285289e-002 3.445419e-006
    outer loop
      vertex   -1.139182e+002 1.866902e+002 5.000000e-001
      vertex   -1.139214e+002 1.866859e+002 4.600000e+000
      vertex   -1.137865e+002 1.868529e+002 4.600000e+000
    endloop
  endfacet
  facet normal -7.761320e-001 6.285053e-001 -3.469447e-018
    outer loop
      vertex   -1.139182e+002 1.866902e+002 5.000000e-001
      vertex   -1.137865e+002 1.868529e+002 4.600000e+000
      vertex   -1.137865e+002 1.868529e+002 5.000000e-001
    endloop
  endfacet
  facet normal -7.071432e-001 7.070704e-001 0.000000e+000
    outer loop
      vertex   -1.137865e+002 1.868529e+002 5.000000e-001
      vertex   -1.137865e+002 1.868529e+002 4.600000e+000
      vertex   -1.136385e+002 1.870009e+002 5.000000e-001
    endloop
  endfacet
  facet normal -3.606053e-002 3.605681e-002 0.000000e+000
    outer loop
      vertex   -1.136385e+002 1.870009e+002 5.000000e-001
      vertex   -1.137865e+002 1.868529e+002 4.600000e+000
      vertex   -1.136385e+002 1.870009e+002 4.600000e+000
    endloop
  endfacet
  facet normal -6.293240e-001 7.771430e-001 0.000000e+000
    outer loop
      vertex   -1.136385e+002 1.870009e+002 5.000000e-001
      vertex   -1.136385e+002 1.870009e+002 4.600000e+000
      vertex   -1.134758e+002 1.871327e+002 5.000000e-001
    endloop
  endfacet
  facet normal -3.284918e-002 4.068050e-002 3.712335e-006
    outer loop
      vertex   -1.134758e+002 1.871327e+002 5.000000e-001
      vertex   -1.136385e+002 1.870009e+002 4.600000e+000
      vertex   -1.134715e+002 1.871358e+002 4.600000e+000
    endloop
  endfacet
  facet normal -5.446177e-001 8.386835e-001 -6.313653e-005
    outer loop
      vertex   -1.134758e+002 1.871327e+002 5.000000e-001
      vertex   -1.134715e+002 1.871358e+002 4.600000e+000
      vertex   -1.133002e+002 1.872467e+002 5.000000e-001
    endloop
  endfacet
  facet normal -2.808973e-002 4.359168e-002 5.802914e-006
    outer loop
      vertex   -1.133002e+002 1.872467e+002 5.000000e-001
      vertex   -1.134715e+002 1.871358e+002 4.600000e+000
      vertex   -1.132925e+002 1.872511e+002 4.600000e+000
    endloop
  endfacet
  facet normal -4.539640e-001 8.910174e-001 -1.068344e-004
    outer loop
      vertex   -1.133002e+002 1.872467e+002 5.000000e-001
      vertex   -1.132925e+002 1.872511e+002 4.600000e+000
      vertex   -1.131137e+002 1.873417e+002 5.000000e-001
    endloop
  endfacet
  facet normal -2.329939e-002 4.633487e-002 7.867124e-006
    outer loop
      vertex   -1.131137e+002 1.873417e+002 5.000000e-001
      vertex   -1.132925e+002 1.872511e+002 4.600000e+000
      vertex   -1.131023e+002 1.873467e+002 4.600000e+000
    endloop
  endfacet
  facet normal -3.583839e-001 9.335694e-001 -1.494181e-004
    outer loop
      vertex   -1.131137e+002 1.873417e+002 5.000000e-001
      vertex   -1.131023e+002 1.873467e+002 4.600000e+000
      vertex   -1.129182e+002 1.874167e+002 5.000000e-001
    endloop
  endfacet
  facet normal -1.824100e-002 4.855034e-002 1.004368e-005
    outer loop
      vertex   -1.129182e+002 1.874167e+002 5.000000e-001
      vertex   -1.131023e+002 1.873467e+002 4.600000e+000
      vertex   -1.129030e+002 1.874216e+002 4.600000e+000
    endloop
  endfacet
  facet normal -2.588264e-001 9.659160e-001 -1.863704e-004
    outer loop
      vertex   -1.129182e+002 1.874167e+002 5.000000e-001
      vertex   -1.129030e+002 1.874216e+002 4.600000e+000
      vertex   -1.127160e+002 1.874709e+002 5.000000e-001
    endloop
  endfacet
  facet normal -1.298144e-002 5.021573e-002 1.194524e-005
    outer loop
      vertex   -1.127160e+002 1.874709e+002 5.000000e-001
      vertex   -1.129030e+002 1.874216e+002 4.600000e+000
      vertex   -1.126969e+002 1.874749e+002 4.600000e+000
    endloop
  endfacet
  facet normal -1.564193e-001 9.876792e-001 -2.262887e-004
    outer loop
      vertex   -1.127160e+002 1.874709e+002 5.000000e-001
      vertex   -1.126969e+002 1.874749e+002 4.600000e+000
      vertex   -1.125093e+002 1.875037e+002 5.000000e-001
    endloop
  endfacet
  facet normal -7.565345e-003 5.131237e-002 1.392011e-005
    outer loop
      vertex   -1.125093e+002 1.875037e+002 5.000000e-001
      vertex   -1.126969e+002 1.874749e+002 4.600000e+000
      vertex   -1.124863e+002 1.875059e+002 4.600000e+000
    endloop
  endfacet
  facet normal -5.233229e-002 9.986139e-001 -2.606401e-004
    outer loop
      vertex   -1.125093e+002 1.875037e+002 5.000000e-001
      vertex   -1.124863e+002 1.875059e+002 4.600000e+000
      vertex   -1.123002e+002 1.875146e+002 5.000000e-001
    endloop
  endfacet
  facet normal -1.118252e-003 2.396872e-002 0.000000e+000
    outer loop
      vertex   -1.123002e+002 1.875146e+002 5.000000e-001
      vertex   -1.124863e+002 1.875059e+002 4.600000e+000
      vertex   -1.124863e+002 1.875059e+002 9.200000e+000
    endloop
  endfacet
  facet normal -9.977312e-004 2.138546e-002 0.000000e+000
    outer loop
      vertex   -1.123002e+002 1.875146e+002 5.000000e-001
      vertex   -1.124863e+002 1.875059e+002 9.200000e+000
      vertex   -1.123002e+002 1.875146e+002 1.840000e+001
    endloop
  endfacet
  facet normal -9.427569e-004 2.020714e-002 0.000000e+000
    outer loop
      vertex   -1.123002e+002 1.875146e+002 1.840000e+001
      vertex   -1.124863e+002 1.875059e+002 9.200000e+000
      vertex   -1.124863e+002 1.875059e+002 1.380000e+001
    endloop
  endfacet
  facet normal -5.229026e-002 9.978117e-001 2.321231e-004
    outer loop
      vertex   -1.123002e+002 1.875146e+002 1.840000e+001
      vertex   -1.124863e+002 1.875059e+002 1.380000e+001
      vertex   -1.125093e+002 1.875037e+002 1.840000e+001
    endloop
  endfacet
  facet normal -6.744531e-003 4.574515e-002 -1.106093e-005
    outer loop
      vertex   -1.125093e+002 1.875037e+002 1.840000e+001
      vertex   -1.124863e+002 1.875059e+002 1.380000e+001
      vertex   -1.126969e+002 1.874749e+002 1.380000e+001
    endloop
  endfacet
  facet normal -1.562880e-001 9.868504e-001 2.015229e-004
    outer loop
      vertex   -1.125093e+002 1.875037e+002 1.840000e+001
      vertex   -1.126969e+002 1.874749e+002 1.380000e+001
      vertex   -1.127160e+002 1.874709e+002 1.840000e+001
    endloop
  endfacet
  facet normal -1.157309e-002 4.476782e-002 -9.491770e-006
    outer loop
      vertex   -1.127160e+002 1.874709e+002 1.840000e+001
      vertex   -1.126969e+002 1.874749e+002 1.380000e+001
      vertex   -1.129030e+002 1.874216e+002 1.380000e+001
    endloop
  endfacet
  facet normal -2.585999e-001 9.650708e-001 1.659674e-004
    outer loop
      vertex   -1.127160e+002 1.874709e+002 1.840000e+001
      vertex   -1.129030e+002 1.874216e+002 1.380000e+001
      vertex   -1.129182e+002 1.874167e+002 1.840000e+001
    endloop
  endfacet
  facet normal -1.626216e-002 4.328345e-002 -7.980841e-006
    outer loop
      vertex   -1.129182e+002 1.874167e+002 1.840000e+001
      vertex   -1.129030e+002 1.874216e+002 1.380000e+001
      vertex   -1.131023e+002 1.873467e+002 1.380000e+001
    endloop
  endfacet
  facet normal -3.580576e-001 9.327192e-001 1.330558e-004
    outer loop
      vertex   -1.129182e+002 1.874167e+002 1.840000e+001
      vertex   -1.131023e+002 1.873467e+002 1.380000e+001
      vertex   -1.131137e+002 1.873417e+002 1.840000e+001
    endloop
  endfacet
  facet normal -2.077197e-002 4.130864e-002 -6.251368e-006
    outer loop
      vertex   -1.131137e+002 1.873417e+002 1.840000e+001
      vertex   -1.131023e+002 1.873467e+002 1.380000e+001
      vertex   -1.132925e+002 1.872511e+002 1.380000e+001
    endloop
  endfacet
  facet normal -4.535345e-001 8.901744e-001 9.513192e-005
    outer loop
      vertex   -1.131137e+002 1.873417e+002 1.840000e+001
      vertex   -1.132925e+002 1.872511e+002 1.380000e+001
      vertex   -1.133002e+002 1.872467e+002 1.840000e+001
    endloop
  endfacet
  facet normal -2.504287e-002 3.886334e-002 -4.611145e-006
    outer loop
      vertex   -1.133002e+002 1.872467e+002 1.840000e+001
      vertex   -1.132925e+002 1.872511e+002 1.380000e+001
      vertex   -1.134715e+002 1.871358e+002 1.380000e+001
    endloop
  endfacet
  facet normal -5.440832e-001 8.378604e-001 5.621865e-005
    outer loop
      vertex   -1.133002e+002 1.872467e+002 1.840000e+001
      vertex   -1.134715e+002 1.871358e+002 1.380000e+001
      vertex   -1.134758e+002 1.871327e+002 1.840000e+001
    endloop
  endfacet
  facet normal -2.928645e-002 3.626841e-002 -2.949955e-006
    outer loop
      vertex   -1.134758e+002 1.871327e+002 1.840000e+001
      vertex   -1.134715e+002 1.871358e+002 1.380000e+001
      vertex   -1.136385e+002 1.870009e+002 1.380000e+001
    endloop
  endfacet
  facet normal -6.286733e-001 7.763395e-001 3.469447e-018
    outer loop
      vertex   -1.134758e+002 1.871327e+002 1.840000e+001
      vertex   -1.136385e+002 1.870009e+002 1.380000e+001
      vertex   -1.136385e+002 1.870009e+002 1.840000e+001
    endloop
  endfacet
  facet normal -7.071432e-001 7.070704e-001 0.000000e+000
    outer loop
      vertex   -1.136385e+002 1.870009e+002 1.840000e+001
      vertex   -1.136385e+002 1.870009e+002 1.380000e+001
      vertex   -1.137865e+002 1.868529e+002 1.840000e+001
    endloop
  endfacet
  facet normal -3.214950e-002 3.214619e-002 0.000000e+000
    outer loop
      vertex   -1.137865e+002 1.868529e+002 1.840000e+001
      vertex   -1.136385e+002 1.870009e+002 1.380000e+001
      vertex   -1.137865e+002 1.868529e+002 1.380000e+001
    endloop
  endfacet
  facet normal -7.771430e-001 6.293240e-001 0.000000e+000
    outer loop
      vertex   -1.137865e+002 1.868529e+002 1.840000e+001
      vertex   -1.137865e+002 1.868529e+002 1.380000e+001
      vertex   -1.139182e+002 1.866902e+002 1.840000e+001
    endloop
  endfacet
  facet normal -3.626509e-002 2.928976e-002 -2.737855e-006
    outer loop
      vertex   -1.139182e+002 1.866902e+002 1.840000e+001
      vertex   -1.137865e+002 1.868529e+002 1.380000e+001
      vertex   -1.139214e+002 1.866859e+002 1.380000e+001
    endloop
  endfacet
  facet normal -8.386561e-001 5.446600e-001 6.080425e-005
    outer loop
      vertex   -1.139182e+002 1.866902e+002 1.840000e+001
      vertex   -1.139214e+002 1.866859e+002 1.380000e+001
      vertex   -1.140322e+002 1.865146e+002 1.840000e+001
    endloop
  endfacet
  facet normal -3.886500e-002 2.504287e-002 -4.545097e-006
    outer loop
      vertex   -1.140322e+002 1.865146e+002 1.840000e+001
      vertex   -1.139214e+002 1.866859e+002 1.380000e+001
      vertex   -1.140367e+002 1.865069e+002 1.380000e+001
    endloop
  endfacet
  facet normal -8.910031e-001 4.539932e-001 9.663733e-005
    outer loop
      vertex   -1.140322e+002 1.865146e+002 1.840000e+001
      vertex   -1.140367e+002 1.865069e+002 1.380000e+001
      vertex   -1.141273e+002 1.863281e+002 1.840000e+001
    endloop
  endfacet
  facet normal -4.130864e-002 2.077031e-002 -6.315786e-006
    outer loop
      vertex   -1.141273e+002 1.863281e+002 1.840000e+001
      vertex   -1.140367e+002 1.865069e+002 1.380000e+001
      vertex   -1.141323e+002 1.863167e+002 1.380000e+001
    endloop
  endfacet
  facet normal -9.335778e-001 3.583647e-001 1.316853e-004
    outer loop
      vertex   -1.141273e+002 1.863281e+002 1.840000e+001
      vertex   -1.141323e+002 1.863167e+002 1.380000e+001
      vertex   -1.142023e+002 1.861327e+002 1.840000e+001
    endloop
  endfacet
  facet normal -4.328179e-002 1.626381e-002 -7.916290e-006
    outer loop
      vertex   -1.142023e+002 1.861327e+002 1.840000e+001
      vertex   -1.141323e+002 1.863167e+002 1.380000e+001
      vertex   -1.142072e+002 1.861174e+002 1.380000e+001
    endloop
  endfacet
  facet normal -9.659224e-001 2.588086e-001 1.677804e-004
    outer loop
      vertex   -1.142023e+002 1.861327e+002 1.840000e+001
      vertex   -1.142072e+002 1.861174e+002 1.380000e+001
      vertex   -1.142565e+002 1.859304e+002 1.840000e+001
    endloop
  endfacet
  facet normal -4.476782e-002 1.157143e-002 -9.446499e-006
    outer loop
      vertex   -1.142565e+002 1.859304e+002 1.840000e+001
      vertex   -1.142072e+002 1.861174e+002 1.380000e+001
      vertex   -1.142605e+002 1.859113e+002 1.380000e+001
    endloop
  endfacet
  facet normal -9.876807e-001 1.564253e-001 2.021873e-004
    outer loop
      vertex   -1.142565e+002 1.859304e+002 1.840000e+001
      vertex   -1.142605e+002 1.859113e+002 1.380000e+001
      vertex   -1.142892e+002 1.857237e+002 1.840000e+001
    endloop
  endfacet
  facet normal -4.574680e-002 6.746187e-003 -1.099251e-005
    outer loop
      vertex   -1.142892e+002 1.857237e+002 1.840000e+001
      vertex   -1.142605e+002 1.859113e+002 1.380000e+001
      vertex   -1.142915e+002 1.857007e+002 1.380000e+001
    endloop
  endfacet
  facet normal -9.882430e-001 1.457342e-001 8.673617e-019
    outer loop
      vertex   -1.142605e+002 1.859113e+002 4.600000e+000
      vertex   -1.142915e+002 1.857007e+002 4.600000e+000
      vertex   -1.142915e+002 1.857007e+002 9.200000e+000
    endloop
  endfacet
  facet normal -9.893008e-001 1.458901e-001 0.000000e+000
    outer loop
      vertex   -1.142915e+002 1.857007e+002 9.200000e+000
      vertex   -1.142915e+002 1.857007e+002 1.380000e+001
      vertex   -1.142605e+002 1.859113e+002 9.200000e+000
    endloop
  endfacet
  facet normal -4.573736e-002 6.744794e-003 0.000000e+000
    outer loop
      vertex   -1.142605e+002 1.859113e+002 9.200000e+000
      vertex   -1.142915e+002 1.857007e+002 1.380000e+001
      vertex   -1.142605e+002 1.859113e+002 1.380000e+001
    endloop
  endfacet
  facet normal -9.681808e-001 2.502519e-001 0.000000e+000
    outer loop
      vertex   -1.142605e+002 1.859113e+002 9.200000e+000
      vertex   -1.142605e+002 1.859113e+002 1.380000e+001
      vertex   -1.142072e+002 1.861174e+002 9.200000e+000
    endloop
  endfacet
  facet normal -4.475985e-002 1.156937e-002 0.000000e+000
    outer loop
      vertex   -1.142072e+002 1.861174e+002 9.200000e+000
      vertex   -1.142605e+002 1.859113e+002 1.380000e+001
      vertex   -1.142072e+002 1.861174e+002 1.380000e+001
    endloop
  endfacet
  facet normal -9.360933e-001 3.517517e-001 0.000000e+000
    outer loop
      vertex   -1.142072e+002 1.861174e+002 9.200000e+000
      vertex   -1.142072e+002 1.861174e+002 1.380000e+001
      vertex   -1.141323e+002 1.863167e+002 9.200000e+000
    endloop
  endfacet
  facet normal -4.327537e-002 1.626140e-002 0.000000e+000
    outer loop
      vertex   -1.141323e+002 1.863167e+002 9.200000e+000
      vertex   -1.142072e+002 1.861174e+002 1.380000e+001
      vertex   -1.141323e+002 1.863167e+002 1.380000e+001
    endloop
  endfacet
  facet normal -8.934215e-001 4.492193e-001 0.000000e+000
    outer loop
      vertex   -1.141323e+002 1.863167e+002 9.200000e+000
      vertex   -1.141323e+002 1.863167e+002 1.380000e+001
      vertex   -1.140367e+002 1.865069e+002 9.200000e+000
    endloop
  endfacet
  facet normal -4.130379e-002 2.076787e-002 0.000000e+000
    outer loop
      vertex   -1.140367e+002 1.865069e+002 9.200000e+000
      vertex   -1.141323e+002 1.863167e+002 1.380000e+001
      vertex   -1.140367e+002 1.865069e+002 1.380000e+001
    endloop
  endfacet
  facet normal -8.406051e-001 5.416484e-001 0.000000e+000
    outer loop
      vertex   -1.140367e+002 1.865069e+002 9.200000e+000
      vertex   -1.140367e+002 1.865069e+002 1.380000e+001
      vertex   -1.139214e+002 1.866859e+002 9.200000e+000
    endloop
  endfacet
  facet normal -3.886168e-002 2.504073e-002 0.000000e+000
    outer loop
      vertex   -1.139214e+002 1.866859e+002 9.200000e+000
      vertex   -1.140367e+002 1.865069e+002 1.380000e+001
      vertex   -1.139214e+002 1.866859e+002 1.380000e+001
    endloop
  endfacet
  facet normal -7.779545e-001 6.283206e-001 0.000000e+000
    outer loop
      vertex   -1.139214e+002 1.866859e+002 9.200000e+000
      vertex   -1.139214e+002 1.866859e+002 1.380000e+001
      vertex   -1.137865e+002 1.868529e+002 9.200000e+000
    endloop
  endfacet
  facet normal -3.626319e-002 2.928822e-002 0.000000e+000
    outer loop
      vertex   -1.137865e+002 1.868529e+002 9.200000e+000
      vertex   -1.139214e+002 1.866859e+002 1.380000e+001
      vertex   -1.137865e+002 1.868529e+002 1.380000e+001
    endloop
  endfacet
  facet normal -7.071432e-001 7.070704e-001 0.000000e+000
    outer loop
      vertex   -1.137865e+002 1.868529e+002 9.200000e+000
      vertex   -1.137865e+002 1.868529e+002 1.380000e+001
      vertex   -1.136385e+002 1.870009e+002 9.200000e+000
    endloop
  endfacet
  facet normal -3.214950e-002 3.214618e-002 0.000000e+000
    outer loop
      vertex   -1.136385e+002 1.870009e+002 9.200000e+000
      vertex   -1.137865e+002 1.868529e+002 1.380000e+001
      vertex   -1.136385e+002 1.870009e+002 1.380000e+001
    endloop
  endfacet
  facet normal -6.282428e-001 7.780173e-001 0.000000e+000
    outer loop
      vertex   -1.136385e+002 1.870009e+002 9.200000e+000
      vertex   -1.136385e+002 1.870009e+002 1.380000e+001
      vertex   -1.134715e+002 1.871358e+002 9.200000e+000
    endloop
  endfacet
  facet normal -2.928491e-002 3.626650e-002 0.000000e+000
    outer loop
      vertex   -1.134715e+002 1.871358e+002 9.200000e+000
      vertex   -1.136385e+002 1.870009e+002 1.380000e+001
      vertex   -1.134715e+002 1.871358e+002 1.380000e+001
    endloop
  endfacet
  facet normal -5.416648e-001 8.405946e-001 0.000000e+000
    outer loop
      vertex   -1.134715e+002 1.871358e+002 9.200000e+000
      vertex   -1.134715e+002 1.871358e+002 1.380000e+001
      vertex   -1.132925e+002 1.872511e+002 9.200000e+000
    endloop
  endfacet
  facet normal -2.504073e-002 3.886002e-002 0.000000e+000
    outer loop
      vertex   -1.132925e+002 1.872511e+002 9.200000e+000
      vertex   -1.134715e+002 1.871358e+002 1.380000e+001
      vertex   -1.132925e+002 1.872511e+002 1.380000e+001
    endloop
  endfacet
  facet normal -4.492480e-001 8.934071e-001 0.000000e+000
    outer loop
      vertex   -1.132925e+002 1.872511e+002 9.200000e+000
      vertex   -1.132925e+002 1.872511e+002 1.380000e+001
      vertex   -1.131023e+002 1.873467e+002 9.200000e+000
    endloop
  endfacet
  facet normal -2.076953e-002 4.130379e-002 0.000000e+000
    outer loop
      vertex   -1.131023e+002 1.873467e+002 9.200000e+000
      vertex   -1.132925e+002 1.872511e+002 1.380000e+001
      vertex   -1.131023e+002 1.873467e+002 1.380000e+001
    endloop
  endfacet
  facet normal -3.517086e-001 9.361095e-001 0.000000e+000
    outer loop
      vertex   -1.131023e+002 1.873467e+002 9.200000e+000
      vertex   -1.131023e+002 1.873467e+002 1.380000e+001
      vertex   -1.129030e+002 1.874216e+002 9.200000e+000
    endloop
  endfacet
  facet normal -1.625974e-002 4.327703e-002 0.000000e+000
    outer loop
      vertex   -1.129030e+002 1.874216e+002 9.200000e+000
      vertex   -1.131023e+002 1.873467e+002 1.380000e+001
      vertex   -1.129030e+002 1.874216e+002 1.380000e+001
    endloop
  endfacet
  facet normal -2.502855e-001 9.681721e-001 0.000000e+000
    outer loop
      vertex   -1.129030e+002 1.874216e+002 9.200000e+000
      vertex   -1.129030e+002 1.874216e+002 1.380000e+001
      vertex   -1.126969e+002 1.874749e+002 9.200000e+000
    endloop
  endfacet
  facet normal -1.157102e-002 4.475985e-002 0.000000e+000
    outer loop
      vertex   -1.126969e+002 1.874749e+002 9.200000e+000
      vertex   -1.129030e+002 1.874216e+002 1.380000e+001
      vertex   -1.126969e+002 1.874749e+002 1.380000e+001
    endloop
  endfacet
  facet normal -1.458603e-001 9.893052e-001 0.000000e+000
    outer loop
      vertex   -1.126969e+002 1.874749e+002 9.200000e+000
      vertex   -1.126969e+002 1.874749e+002 1.380000e+001
      vertex   -1.124863e+002 1.875059e+002 9.200000e+000
    endloop
  endfacet
  facet normal -6.743138e-003 4.573571e-002 0.000000e+000
    outer loop
      vertex   -1.124863e+002 1.875059e+002 9.200000e+000
      vertex   -1.126969e+002 1.874749e+002 1.380000e+001
      vertex   -1.124863e+002 1.875059e+002 1.380000e+001
    endloop
  endfacet
  facet normal -9.671456e-001 2.499844e-001 0.000000e+000
    outer loop
      vertex   -1.142072e+002 1.861174e+002 4.600000e+000
      vertex   -1.142605e+002 1.859113e+002 4.600000e+000
      vertex   -1.142605e+002 1.859113e+002 9.200000e+000
    endloop
  endfacet
  facet normal -9.893008e-001 1.458901e-001 0.000000e+000
    outer loop
      vertex   -1.142605e+002 1.859113e+002 9.200000e+000
      vertex   -1.142605e+002 1.859113e+002 4.600000e+000
      vertex   -1.142915e+002 1.857007e+002 9.200000e+000
    endloop
  endfacet
  facet normal -4.475986e-002 1.156937e-002 0.000000e+000
    outer loop
      vertex   -1.142072e+002 1.861174e+002 4.600000e+000
      vertex   -1.142605e+002 1.859113e+002 9.200000e+000
      vertex   -1.142072e+002 1.861174e+002 9.200000e+000
    endloop
  endfacet
  facet normal -9.350924e-001 3.513757e-001 0.000000e+000
    outer loop
      vertex   -1.141323e+002 1.863167e+002 4.600000e+000
      vertex   -1.142072e+002 1.861174e+002 4.600000e+000
      vertex   -1.142072e+002 1.861174e+002 9.200000e+000
    endloop
  endfacet
  facet normal -4.327537e-002 1.626140e-002 0.000000e+000
    outer loop
      vertex   -1.141323e+002 1.863167e+002 4.600000e+000
      vertex   -1.142072e+002 1.861174e+002 9.200000e+000
      vertex   -1.141323e+002 1.863167e+002 9.200000e+000
    endloop
  endfacet
  facet normal -8.924662e-001 4.487390e-001 0.000000e+000
    outer loop
      vertex   -1.140367e+002 1.865069e+002 4.600000e+000
      vertex   -1.141323e+002 1.863167e+002 4.600000e+000
      vertex   -1.141323e+002 1.863167e+002 9.200000e+000
    endloop
  endfacet
  facet normal -4.130379e-002 2.076787e-002 0.000000e+000
    outer loop
      vertex   -1.140367e+002 1.865069e+002 4.600000e+000
      vertex   -1.141323e+002 1.863167e+002 9.200000e+000
      vertex   -1.140367e+002 1.865069e+002 9.200000e+000
    endloop
  endfacet
  facet normal -8.397064e-001 5.410693e-001 0.000000e+000
    outer loop
      vertex   -1.139214e+002 1.866859e+002 4.600000e+000
      vertex   -1.140367e+002 1.865069e+002 4.600000e+000
      vertex   -1.140367e+002 1.865069e+002 9.200000e+000
    endloop
  endfacet
  facet normal -3.886168e-002 2.504073e-002 0.000000e+000
    outer loop
      vertex   -1.139214e+002 1.866859e+002 4.600000e+000
      vertex   -1.140367e+002 1.865069e+002 9.200000e+000
      vertex   -1.139214e+002 1.866859e+002 9.200000e+000
    endloop
  endfacet
  facet normal -7.771089e-001 6.276376e-001 -3.469447e-018
    outer loop
      vertex   -1.137865e+002 1.868529e+002 4.600000e+000
      vertex   -1.139214e+002 1.866859e+002 4.600000e+000
      vertex   -1.139214e+002 1.866859e+002 9.200000e+000
    endloop
  endfacet
  facet normal -3.626319e-002 2.928822e-002 0.000000e+000
    outer loop
      vertex   -1.137865e+002 1.868529e+002 4.600000e+000
      vertex   -1.139214e+002 1.866859e+002 9.200000e+000
      vertex   -1.137865e+002 1.868529e+002 9.200000e+000
    endloop
  endfacet
  facet normal -7.064120e-001 7.063392e-001 3.469447e-018
    outer loop
      vertex   -1.136385e+002 1.870009e+002 4.600000e+000
      vertex   -1.137865e+002 1.868529e+002 4.600000e+000
      vertex   -1.137865e+002 1.868529e+002 9.200000e+000
    endloop
  endfacet
  facet normal -3.214950e-002 3.214619e-002 0.000000e+000
    outer loop
      vertex   -1.136385e+002 1.870009e+002 4.600000e+000
      vertex   -1.137865e+002 1.868529e+002 9.200000e+000
      vertex   -1.136385e+002 1.870009e+002 9.200000e+000
    endloop
  endfacet
  facet normal -6.275599e-001 7.771716e-001 0.000000e+000
    outer loop
      vertex   -1.134715e+002 1.871358e+002 4.600000e+000
      vertex   -1.136385e+002 1.870009e+002 4.600000e+000
      vertex   -1.136385e+002 1.870009e+002 9.200000e+000
    endloop
  endfacet
  facet normal -2.928491e-002 3.626650e-002 0.000000e+000
    outer loop
      vertex   -1.134715e+002 1.871358e+002 4.600000e+000
      vertex   -1.136385e+002 1.870009e+002 9.200000e+000
      vertex   -1.134715e+002 1.871358e+002 9.200000e+000
    endloop
  endfacet
  facet normal -5.410857e-001 8.396959e-001 0.000000e+000
    outer loop
      vertex   -1.132925e+002 1.872511e+002 4.600000e+000
      vertex   -1.134715e+002 1.871358e+002 4.600000e+000
      vertex   -1.134715e+002 1.871358e+002 9.200000e+000
    endloop
  endfacet
  facet normal -2.504074e-002 3.886003e-002 0.000000e+000
    outer loop
      vertex   -1.132925e+002 1.872511e+002 4.600000e+000
      vertex   -1.134715e+002 1.871358e+002 9.200000e+000
      vertex   -1.132925e+002 1.872511e+002 9.200000e+000
    endloop
  endfacet
  facet normal -4.487676e-001 8.924518e-001 0.000000e+000
    outer loop
      vertex   -1.131023e+002 1.873467e+002 4.600000e+000
      vertex   -1.132925e+002 1.872511e+002 4.600000e+000
      vertex   -1.132925e+002 1.872511e+002 9.200000e+000
    endloop
  endfacet
  facet normal -2.076953e-002 4.130379e-002 0.000000e+000
    outer loop
      vertex   -1.131023e+002 1.873467e+002 4.600000e+000
      vertex   -1.132925e+002 1.872511e+002 9.200000e+000
      vertex   -1.131023e+002 1.873467e+002 9.200000e+000
    endloop
  endfacet
  facet normal -3.513325e-001 9.351087e-001 0.000000e+000
    outer loop
      vertex   -1.129030e+002 1.874216e+002 4.600000e+000
      vertex   -1.131023e+002 1.873467e+002 4.600000e+000
      vertex   -1.131023e+002 1.873467e+002 9.200000e+000
    endloop
  endfacet
  facet normal -1.625974e-002 4.327703e-002 0.000000e+000
    outer loop
      vertex   -1.129030e+002 1.874216e+002 4.600000e+000
      vertex   -1.131023e+002 1.873467e+002 9.200000e+000
      vertex   -1.129030e+002 1.874216e+002 9.200000e+000
    endloop
  endfacet
  facet normal -2.500179e-001 9.671369e-001 -1.734723e-018
    outer loop
      vertex   -1.126969e+002 1.874749e+002 4.600000e+000
      vertex   -1.129030e+002 1.874216e+002 4.600000e+000
      vertex   -1.129030e+002 1.874216e+002 9.200000e+000
    endloop
  endfacet
  facet normal -1.157103e-002 4.475986e-002 0.000000e+000
    outer loop
      vertex   -1.126969e+002 1.874749e+002 4.600000e+000
      vertex   -1.129030e+002 1.874216e+002 9.200000e+000
      vertex   -1.126969e+002 1.874749e+002 9.200000e+000
    endloop
  endfacet
  facet normal -1.457043e-001 9.882475e-001 8.673617e-019
    outer loop
      vertex   -1.124863e+002 1.875059e+002 4.600000e+000
      vertex   -1.126969e+002 1.874749e+002 4.600000e+000
      vertex   -1.126969e+002 1.874749e+002 9.200000e+000
    endloop
  endfacet
  facet normal -6.743138e-003 4.573571e-002 0.000000e+000
    outer loop
      vertex   -1.124863e+002 1.875059e+002 4.600000e+000
      vertex   -1.126969e+002 1.874749e+002 9.200000e+000
      vertex   -1.124863e+002 1.875059e+002 9.200000e+000
    endloop
  endfacet
  facet normal 0.000000e+000 -7.071068e-001 7.071068e-001
    outer loop
      vertex   -1.124002e+002 1.738146e+002 1.840000e+001
      vertex   -1.124002e+002 1.743146e+002 1.890000e+001
      vertex   -1.127252e+002 1.738146e+002 1.840000e+001
    endloop
  endfacet
  facet normal 0.000000e+000 -6.120583e-001 6.120583e-001
    outer loop
      vertex   -1.127252e+002 1.738146e+002 1.840000e+001
      vertex   -1.124002e+002 1.743146e+002 1.890000e+001
      vertex   -1.132252e+002 1.743146e+002 1.890000e+001
    endloop
  endfacet
  facet normal -0.000000e+000 5.773503e-001 5.773503e-001
    outer loop
      vertex   -1.132252e+002 1.583146e+002 1.890000e+001
      vertex   -1.124002e+002 1.583146e+002 1.890000e+001
      vertex   -1.127252e+002 1.588146e+002 1.840000e+001
    endloop
  endfacet
  facet normal -0.000000e+000 6.424910e-001 6.424910e-001
    outer loop
      vertex   -1.127252e+002 1.588146e+002 1.840000e+001
      vertex   -1.124002e+002 1.583146e+002 1.890000e+001
      vertex   -1.124002e+002 1.588146e+002 1.840000e+001
    endloop
  endfacet
  facet normal 5.773503e-001 0.000000e+000 5.773503e-001
    outer loop
      vertex   -1.132252e+002 1.743146e+002 1.890000e+001
      vertex   -1.132252e+002 1.583146e+002 1.890000e+001
      vertex   -1.127252e+002 1.738146e+002 1.840000e+001
    endloop
  endfacet
  facet normal 3.222455e-002 0.000000e+000 3.222455e-002
    outer loop
      vertex   -1.127252e+002 1.738146e+002 1.840000e+001
      vertex   -1.132252e+002 1.583146e+002 1.890000e+001
      vertex   -1.127252e+002 1.588146e+002 1.840000e+001
    endloop
  endfacet
  facet normal 7.071068e-001 -0.000000e+000 0.000000e+000
    outer loop
      vertex   -1.124002e+002 1.743146e+002 1.890000e+001
      vertex   -1.124002e+002 1.738146e+002 1.840000e+001
      vertex   -1.124002e+002 1.849646e+002 1.890000e+001
    endloop
  endfacet
  facet normal 9.989961e-001 0.000000e+000 0.000000e+000
    outer loop
      vertex   -1.124002e+002 1.849646e+002 1.890000e+001
      vertex   -1.124002e+002 1.738146e+002 1.840000e+001
      vertex   -1.124002e+002 1.849646e+002 1.590000e+001
    endloop
  endfacet
  facet normal 2.187834e-001 0.000000e+000 0.000000e+000
    outer loop
      vertex   -1.124002e+002 1.849646e+002 1.590000e+001
      vertex   -1.124002e+002 1.738146e+002 1.840000e+001
      vertex   -1.124002e+002 1.738146e+002 1.590000e+001
    endloop
  endfacet
  facet normal -0.000000e+000 -1.000000e+000 -0.000000e+000
    outer loop
      vertex   -1.124002e+002 1.738146e+002 1.840000e+001
      vertex   -1.127252e+002 1.738146e+002 1.840000e+001
      vertex   -1.124002e+002 1.738146e+002 1.590000e+001
    endloop
  endfacet
  facet normal 0.000000e+000 -9.916554e-001 0.000000e+000
    outer loop
      vertex   -1.124002e+002 1.738146e+002 1.590000e+001
      vertex   -1.127252e+002 1.738146e+002 1.840000e+001
      vertex   -1.127252e+002 1.738146e+002 1.590000e+001
    endloop
  endfacet
  facet normal 1.000000e+000 0.000000e+000 0.000000e+000
    outer loop
      vertex   -1.127252e+002 1.738146e+002 1.840000e+001
      vertex   -1.127252e+002 1.588146e+002 1.840000e+001
      vertex   -1.127252e+002 1.738146e+002 1.590000e+001
    endloop
  endfacet
  facet normal 1.643990e-001 0.000000e+000 0.000000e+000
    outer loop
      vertex   -1.127252e+002 1.738146e+002 1.590000e+001
      vertex   -1.127252e+002 1.588146e+002 1.840000e+001
      vertex   -1.127252e+002 1.588146e+002 1.590000e+001
    endloop
  endfacet
  facet normal -0.000000e+000 1.000000e+000 0.000000e+000
    outer loop
      vertex   -1.127252e+002 1.588146e+002 1.840000e+001
      vertex   -1.124002e+002 1.588146e+002 1.840000e+001
      vertex   -1.127252e+002 1.588146e+002 1.590000e+001
    endloop
  endfacet
  facet normal 0.000000e+000 9.916554e-001 0.000000e+000
    outer loop
      vertex   -1.127252e+002 1.588146e+002 1.590000e+001
      vertex   -1.124002e+002 1.588146e+002 1.840000e+001
      vertex   -1.124002e+002 1.588146e+002 1.590000e+001
    endloop
  endfacet
  facet normal 7.071068e-001 0.000000e+000 0.000000e+000
    outer loop
      vertex   -1.124002e+002 1.583146e+002 1.890000e+001
      vertex   -1.124002e+002 1.476646e+002 1.890000e+001
      vertex   -1.124002e+002 1.588146e+002 1.840000e+001
    endloop
  endfacet
  facet normal 2.622762e-001 0.000000e+000 0.000000e+000
    outer loop
      vertex   -1.124002e+002 1.588146e+002 1.840000e+001
      vertex   -1.124002e+002 1.476646e+002 1.890000e+001
      vertex   -1.124002e+002 1.476646e+002 1.590000e+001
    endloop
  endfacet
  facet normal 9.757735e-001 0.000000e+000 0.000000e+000
    outer loop
      vertex   -1.124002e+002 1.588146e+002 1.840000e+001
      vertex   -1.124002e+002 1.476646e+002 1.590000e+001
      vertex   -1.124002e+002 1.588146e+002 1.590000e+001
    endloop
  endfacet
  facet normal -3.700510e-002 -7.061378e-001 -7.061378e-001
    outer loop
      vertex   -1.123002e+002 1.451146e+002 5.000000e-001
      vertex   -1.125093e+002 1.451256e+002 5.000000e-001
      vertex   -1.123002e+002 1.456146e+002 5.551115e-015
    endloop
  endfacet
  facet normal -4.131243e-002 -6.837034e-001 -6.859960e-001
    outer loop
      vertex   -1.123002e+002 1.456146e+002 5.551115e-015
      vertex   -1.125093e+002 1.451256e+002 5.000000e-001
      vertex   -1.124810e+002 1.456255e+002 5.551115e-015
    endloop
  endfacet
  facet normal -3.197647e-002 -2.019092e-001 -2.037037e-001
    outer loop
      vertex   -1.124810e+002 1.456255e+002 5.551115e-015
      vertex   -1.125093e+002 1.451256e+002 5.000000e-001
      vertex   -1.127160e+002 1.451583e+002 5.000000e-001
    endloop
  endfacet
  facet normal -1.245736e-001 -6.797119e-001 -6.937091e-001
    outer loop
      vertex   -1.124810e+002 1.456255e+002 5.551115e-015
      vertex   -1.127160e+002 1.451583e+002 5.000000e-001
      vertex   -1.126592e+002 1.456582e+002 5.551115e-015
    endloop
  endfacet
  facet normal -5.318492e-002 -1.984812e-001 -2.044795e-001
    outer loop
      vertex   -1.126592e+002 1.456582e+002 5.551115e-015
      vertex   -1.127160e+002 1.451583e+002 5.000000e-001
      vertex   -1.129182e+002 1.452125e+002 5.000000e-001
    endloop
  endfacet
  facet normal -2.071552e-001 -6.646914e-001 -6.998276e-001
    outer loop
      vertex   -1.126592e+002 1.456582e+002 5.551115e-015
      vertex   -1.129182e+002 1.452125e+002 5.000000e-001
      vertex   -1.128321e+002 1.457121e+002 5.551115e-015
    endloop
  endfacet
  facet normal -7.379100e-002 -1.922604e-001 -2.048129e-001
    outer loop
      vertex   -1.128321e+002 1.457121e+002 5.551115e-015
      vertex   -1.129182e+002 1.452125e+002 5.000000e-001
      vertex   -1.131137e+002 1.452875e+002 5.000000e-001
    endloop
  endfacet
  facet normal -2.874663e-001 -6.387452e-001 -7.042755e-001
    outer loop
      vertex   -1.128321e+002 1.457121e+002 5.551115e-015
      vertex   -1.131137e+002 1.452875e+002 5.000000e-001
      vertex   -1.129973e+002 1.457864e+002 5.551115e-015
    endloop
  endfacet
  facet normal -9.343062e-002 -1.833514e-001 -2.047022e-001
    outer loop
      vertex   -1.129973e+002 1.457864e+002 5.551115e-015
      vertex   -1.131137e+002 1.452875e+002 5.000000e-001
      vertex   -1.133002e+002 1.453826e+002 5.000000e-001
    endloop
  endfacet
  facet normal -3.640451e-001 -6.022068e-001 -7.069718e-001
    outer loop
      vertex   -1.129973e+002 1.457864e+002 5.551115e-015
      vertex   -1.133002e+002 1.453826e+002 5.000000e-001
      vertex   -1.131523e+002 1.458801e+002 5.551115e-015
    endloop
  endfacet
  facet normal -1.116622e-001 -1.719541e-001 -2.041502e-001
    outer loop
      vertex   -1.131523e+002 1.458801e+002 5.551115e-015
      vertex   -1.133002e+002 1.453826e+002 5.000000e-001
      vertex   -1.134758e+002 1.454966e+002 5.000000e-001
    endloop
  endfacet
  facet normal -4.353239e-001 -5.556459e-001 -7.078833e-001
    outer loop
      vertex   -1.131523e+002 1.458801e+002 5.551115e-015
      vertex   -1.134758e+002 1.454966e+002 5.000000e-001
      vertex   -1.132949e+002 1.459919e+002 5.551115e-015
    endloop
  endfacet
  facet normal -1.281763e-001 -1.582830e-001 -2.031579e-001
    outer loop
      vertex   -1.132949e+002 1.459919e+002 5.551115e-015
      vertex   -1.134758e+002 1.454966e+002 5.000000e-001
      vertex   -1.136385e+002 1.456283e+002 5.000000e-001
    endloop
  endfacet
  facet normal -1.426580e-001 -1.426580e-001 -2.017491e-001
    outer loop
      vertex   -1.132949e+002 1.459919e+002 5.551115e-015
      vertex   -1.136385e+002 1.456283e+002 5.000000e-001
      vertex   -1.137865e+002 1.457764e+002 5.000000e-001
    endloop
  endfacet
  facet normal -4.819657e-001 -4.819657e-001 -6.816031e-001
    outer loop
      vertex   -1.132949e+002 1.459919e+002 5.551115e-015
      vertex   -1.137865e+002 1.457764e+002 5.000000e-001
      vertex   -1.134230e+002 1.461199e+002 5.551115e-015
    endloop
  endfacet
  facet normal -1.582830e-001 -1.281763e-001 -2.031579e-001
    outer loop
      vertex   -1.134230e+002 1.461199e+002 5.551115e-015
      vertex   -1.137865e+002 1.457764e+002 5.000000e-001
      vertex   -1.139182e+002 1.459390e+002 5.000000e-001
    endloop
  endfacet
  facet normal -5.416650e-001 -4.243477e-001 -6.900636e-001
    outer loop
      vertex   -1.134230e+002 1.461199e+002 5.551115e-015
      vertex   -1.139182e+002 1.459390e+002 5.000000e-001
      vertex   -1.135347e+002 1.462625e+002 5.551115e-015
    endloop
  endfacet
  facet normal -1.719595e-001 -1.116683e-001 -2.041600e-001
    outer loop
      vertex   -1.135347e+002 1.462625e+002 5.551115e-015
      vertex   -1.139182e+002 1.459390e+002 5.000000e-001
      vertex   -1.140322e+002 1.461146e+002 5.000000e-001
    endloop
  endfacet
  facet normal -5.936643e-001 -3.589278e-001 -6.969660e-001
    outer loop
      vertex   -1.135347e+002 1.462625e+002 5.551115e-015
      vertex   -1.140322e+002 1.461146e+002 5.000000e-001
      vertex   -1.136284e+002 1.464175e+002 5.551115e-015
    endloop
  endfacet
  facet normal -1.833539e-001 -9.342440e-002 -2.046991e-001
    outer loop
      vertex   -1.136284e+002 1.464175e+002 5.551115e-015
      vertex   -1.140322e+002 1.461146e+002 5.000000e-001
      vertex   -1.141273e+002 1.463011e+002 5.000000e-001
    endloop
  endfacet
  facet normal -6.369355e-001 -2.866386e-001 -7.022629e-001
    outer loop
      vertex   -1.136284e+002 1.464175e+002 5.551115e-015
      vertex   -1.141273e+002 1.463011e+002 5.000000e-001
      vertex   -1.137027e+002 1.465827e+002 5.551115e-015
    endloop
  endfacet
  facet normal -1.922538e-001 -7.379887e-002 -2.048089e-001
    outer loop
      vertex   -1.137027e+002 1.465827e+002 5.551115e-015
      vertex   -1.141273e+002 1.463011e+002 5.000000e-001
      vertex   -1.142023e+002 1.464966e+002 5.000000e-001
    endloop
  endfacet
  facet normal -6.704081e-001 -2.089073e-001 -7.058445e-001
    outer loop
      vertex   -1.137027e+002 1.465827e+002 5.551115e-015
      vertex   -1.142023e+002 1.464966e+002 5.000000e-001
      vertex   -1.137566e+002 1.467556e+002 5.551115e-015
    endloop
  endfacet
  facet normal -1.984774e-001 -5.318392e-002 -2.044795e-001
    outer loop
      vertex   -1.137566e+002 1.467556e+002 5.551115e-015
      vertex   -1.142023e+002 1.464966e+002 5.000000e-001
      vertex   -1.142565e+002 1.466988e+002 5.000000e-001
    endloop
  endfacet
  facet normal -6.933627e-001 -1.270809e-001 -7.076542e-001
    outer loop
      vertex   -1.137566e+002 1.467556e+002 5.551115e-015
      vertex   -1.142565e+002 1.466988e+002 5.000000e-001
      vertex   -1.137893e+002 1.469338e+002 5.551115e-015
    endloop
  endfacet
  facet normal -2.019138e-001 -3.197602e-002 -2.037109e-001
    outer loop
      vertex   -1.137893e+002 1.469338e+002 5.551115e-015
      vertex   -1.142565e+002 1.466988e+002 5.000000e-001
      vertex   -1.142892e+002 1.469056e+002 5.000000e-001
    endloop
  endfacet
  facet normal -7.052715e-001 -4.264363e-002 -7.076480e-001
    outer loop
      vertex   -1.137893e+002 1.469338e+002 5.551115e-015
      vertex   -1.142892e+002 1.469056e+002 5.000000e-001
      vertex   -1.138002e+002 1.471146e+002 5.551115e-015
    endloop
  endfacet
  facet normal -2.025100e-001 -1.061252e-002 -2.025100e-001
    outer loop
      vertex   -1.138002e+002 1.471146e+002 5.551115e-015
      vertex   -1.142892e+002 1.469056e+002 5.000000e-001
      vertex   -1.143002e+002 1.471146e+002 5.000000e-001
    endloop
  endfacet
  facet normal -7.071068e-001 -0.000000e+000 -7.071068e-001
    outer loop
      vertex   -1.138002e+002 1.855146e+002 5.551115e-015
      vertex   -1.138002e+002 1.471146e+002 5.551115e-015
      vertex   -1.143002e+002 1.855146e+002 5.000000e-001
    endloop
  endfacet
  facet normal -1.301863e-002 -0.000000e+000 -1.301863e-002
    outer loop
      vertex   -1.143002e+002 1.855146e+002 5.000000e-001
      vertex   -1.138002e+002 1.471146e+002 5.551115e-015
      vertex   -1.143002e+002 1.471146e+002 5.000000e-001
    endloop
  endfacet
  facet normal -7.061378e-001 3.700510e-002 -7.061378e-001
    outer loop
      vertex   -1.143002e+002 1.855146e+002 5.000000e-001
      vertex   -1.142892e+002 1.857237e+002 5.000000e-001
      vertex   -1.138002e+002 1.855146e+002 5.551115e-015
    endloop
  endfacet
  facet normal -6.837016e-001 4.134291e-002 -6.860069e-001
    outer loop
      vertex   -1.138002e+002 1.855146e+002 5.551115e-015
      vertex   -1.142892e+002 1.857237e+002 5.000000e-001
      vertex   -1.137893e+002 1.856954e+002 5.551115e-015
    endloop
  endfacet
  facet normal -2.018988e-001 3.197600e-002 -2.036968e-001
    outer loop
      vertex   -1.137893e+002 1.856954e+002 5.551115e-015
      vertex   -1.142892e+002 1.857237e+002 5.000000e-001
      vertex   -1.142565e+002 1.859304e+002 5.000000e-001
    endloop
  endfacet
  facet normal -6.797082e-001 1.245676e-001 -6.937132e-001
    outer loop
      vertex   -1.137893e+002 1.856954e+002 5.551115e-015
      vertex   -1.142565e+002 1.859304e+002 5.000000e-001
      vertex   -1.137566e+002 1.858736e+002 5.551115e-015
    endloop
  endfacet
  facet normal -1.984927e-001 5.318401e-002 -2.044932e-001
    outer loop
      vertex   -1.137566e+002 1.858736e+002 5.551115e-015
      vertex   -1.142565e+002 1.859304e+002 5.000000e-001
      vertex   -1.142023e+002 1.861327e+002 5.000000e-001
    endloop
  endfacet
  facet normal -6.646928e-001 2.071263e-001 -6.998271e-001
    outer loop
      vertex   -1.137566e+002 1.858736e+002 5.551115e-015
      vertex   -1.142023e+002 1.861327e+002 5.000000e-001
      vertex   -1.137027e+002 1.860465e+002 5.551115e-015
    endloop
  endfacet
  facet normal -1.922538e-001 7.379887e-002 -2.048089e-001
    outer loop
      vertex   -1.137027e+002 1.860465e+002 5.551115e-015
      vertex   -1.142023e+002 1.861327e+002 5.000000e-001
      vertex   -1.141273e+002 1.863281e+002 5.000000e-001
    endloop
  endfacet
  facet normal -6.387443e-001 2.874792e-001 -7.042723e-001
    outer loop
      vertex   -1.137027e+002 1.860465e+002 5.551115e-015
      vertex   -1.141273e+002 1.863281e+002 5.000000e-001
      vertex   -1.136284e+002 1.862117e+002 5.551115e-015
    endloop
  endfacet
  facet normal -1.833516e-001 9.342322e-002 -2.046994e-001
    outer loop
      vertex   -1.136284e+002 1.862117e+002 5.551115e-015
      vertex   -1.141273e+002 1.863281e+002 5.000000e-001
      vertex   -1.140322e+002 1.865146e+002 5.000000e-001
    endloop
  endfacet
  facet normal -6.021988e-001 3.640520e-001 -7.069750e-001
    outer loop
      vertex   -1.136284e+002 1.862117e+002 5.551115e-015
      vertex   -1.140322e+002 1.865146e+002 5.000000e-001
      vertex   -1.135347e+002 1.863667e+002 5.551115e-015
    endloop
  endfacet
  facet normal -1.719462e-001 1.116694e-001 -2.041471e-001
    outer loop
      vertex   -1.135347e+002 1.863667e+002 5.551115e-015
      vertex   -1.140322e+002 1.865146e+002 5.000000e-001
      vertex   -1.139182e+002 1.866902e+002 5.000000e-001
    endloop
  endfacet
  facet normal -5.556599e-001 4.353116e-001 -7.078795e-001
    outer loop
      vertex   -1.135347e+002 1.863667e+002 5.551115e-015
      vertex   -1.139182e+002 1.866902e+002 5.000000e-001
      vertex   -1.134230e+002 1.865093e+002 5.551115e-015
    endloop
  endfacet
  facet normal -1.582855e-001 1.281783e-001 -2.031572e-001
    outer loop
      vertex   -1.134230e+002 1.865093e+002 5.551115e-015
      vertex   -1.139182e+002 1.866902e+002 5.000000e-001
      vertex   -1.137865e+002 1.868529e+002 5.000000e-001
    endloop
  endfacet
  facet normal -1.426742e-001 1.426595e-001 -2.017575e-001
    outer loop
      vertex   -1.134230e+002 1.865093e+002 5.551115e-015
      vertex   -1.137865e+002 1.868529e+002 5.000000e-001
      vertex   -1.136385e+002 1.870009e+002 5.000000e-001
    endloop
  endfacet
  facet normal -4.819657e-001 4.819657e-001 -6.816031e-001
    outer loop
      vertex   -1.134230e+002 1.865093e+002 5.551115e-015
      vertex   -1.136385e+002 1.870009e+002 5.000000e-001
      vertex   -1.132949e+002 1.866374e+002 5.551115e-015
    endloop
  endfacet
  facet normal -1.281763e-001 1.582830e-001 -2.031579e-001
    outer loop
      vertex   -1.132949e+002 1.866374e+002 5.551115e-015
      vertex   -1.136385e+002 1.870009e+002 5.000000e-001
      vertex   -1.134758e+002 1.871327e+002 5.000000e-001
    endloop
  endfacet
  facet normal -4.243618e-001 5.416539e-001 -6.900578e-001
    outer loop
      vertex   -1.132949e+002 1.866374e+002 5.551115e-015
      vertex   -1.134758e+002 1.871327e+002 5.000000e-001
      vertex   -1.131523e+002 1.867491e+002 5.551115e-015
    endloop
  endfacet
  facet normal -1.116622e-001 1.719541e-001 -2.041502e-001
    outer loop
      vertex   -1.131523e+002 1.867491e+002 5.551115e-015
      vertex   -1.134758e+002 1.871327e+002 5.000000e-001
      vertex   -1.133002e+002 1.872467e+002 5.000000e-001
    endloop
  endfacet
  facet normal -3.588961e-001 5.936894e-001 -6.969725e-001
    outer loop
      vertex   -1.131523e+002 1.867491e+002 5.551115e-015
      vertex   -1.133002e+002 1.872467e+002 5.000000e-001
      vertex   -1.129973e+002 1.868428e+002 5.551115e-015
    endloop
  endfacet
  facet normal -9.341701e-002 1.833541e-001 -2.046962e-001
    outer loop
      vertex   -1.129973e+002 1.868428e+002 5.551115e-015
      vertex   -1.133002e+002 1.872467e+002 5.000000e-001
      vertex   -1.131137e+002 1.873417e+002 5.000000e-001
    endloop
  endfacet
  facet normal -2.866513e-001 6.369341e-001 -7.022592e-001
    outer loop
      vertex   -1.129973e+002 1.868428e+002 5.551115e-015
      vertex   -1.131137e+002 1.873417e+002 5.000000e-001
      vertex   -1.128321e+002 1.869171e+002 5.551115e-015
    endloop
  endfacet
  facet normal -7.380694e-002 1.922628e-001 -2.048181e-001
    outer loop
      vertex   -1.128321e+002 1.869171e+002 5.551115e-015
      vertex   -1.131137e+002 1.873417e+002 5.000000e-001
      vertex   -1.129182e+002 1.874167e+002 5.000000e-001
    endloop
  endfacet
  facet normal -2.089345e-001 6.704006e-001 -7.058385e-001
    outer loop
      vertex   -1.128321e+002 1.869171e+002 5.551115e-015
      vertex   -1.129182e+002 1.874167e+002 5.000000e-001
      vertex   -1.126592e+002 1.869710e+002 5.551115e-015
    endloop
  endfacet
  facet normal -5.318492e-002 1.984812e-001 -2.044795e-001
    outer loop
      vertex   -1.126592e+002 1.869710e+002 5.551115e-015
      vertex   -1.129182e+002 1.874167e+002 5.000000e-001
      vertex   -1.127160e+002 1.874709e+002 5.000000e-001
    endloop
  endfacet
  facet normal -1.270192e-001 6.933800e-001 -7.076520e-001
    outer loop
      vertex   -1.126592e+002 1.869710e+002 5.551115e-015
      vertex   -1.127160e+002 1.874709e+002 5.000000e-001
      vertex   -1.124810e+002 1.870037e+002 5.551115e-015
    endloop
  endfacet
  facet normal -3.197555e-002 2.019034e-001 -2.037040e-001
    outer loop
      vertex   -1.124810e+002 1.870037e+002 5.551115e-015
      vertex   -1.127160e+002 1.874709e+002 5.000000e-001
      vertex   -1.125093e+002 1.875037e+002 5.000000e-001
    endloop
  endfacet
  facet normal -4.267473e-002 7.052639e-001 -7.076536e-001
    outer loop
      vertex   -1.124810e+002 1.870037e+002 5.551115e-015
      vertex   -1.125093e+002 1.875037e+002 5.000000e-001
      vertex   -1.123002e+002 1.870146e+002 5.551115e-015
    endloop
  endfacet
  facet normal -1.061252e-002 2.025100e-001 -2.025100e-001
    outer loop
      vertex   -1.123002e+002 1.870146e+002 5.551115e-015
      vertex   -1.125093e+002 1.875037e+002 5.000000e-001
      vertex   -1.123002e+002 1.875146e+002 5.000000e-001
    endloop
  endfacet
  facet normal 3.700578e-002 7.061378e-001 -7.061378e-001
    outer loop
      vertex   -4.680019e+001 1.875146e+002 5.000000e-001
      vertex   -4.659114e+001 1.875037e+002 5.000000e-001
      vertex   -4.680019e+001 1.870146e+002 5.551115e-015
    endloop
  endfacet
  facet normal 4.137172e-002 6.837009e-001 -6.860179e-001
    outer loop
      vertex   -4.680019e+001 1.870146e+002 5.551115e-015
      vertex   -4.659114e+001 1.875037e+002 5.000000e-001
      vertex   -4.661939e+001 1.870037e+002 5.551115e-015
    endloop
  endfacet
  facet normal 3.197549e-002 2.019030e-001 -2.037038e-001
    outer loop
      vertex   -4.661939e+001 1.870037e+002 5.551115e-015
      vertex   -4.659114e+001 1.875037e+002 5.000000e-001
      vertex   -4.638437e+001 1.874709e+002 5.000000e-001
    endloop
  endfacet
  facet normal 1.245153e-001 6.797118e-001 -6.937033e-001
    outer loop
      vertex   -4.661939e+001 1.870037e+002 5.551115e-015
      vertex   -4.638437e+001 1.874709e+002 5.000000e-001
      vertex   -4.644122e+001 1.869710e+002 5.551115e-015
    endloop
  endfacet
  facet normal 5.318480e-002 1.984807e-001 -2.044794e-001
    outer loop
      vertex   -4.644122e+001 1.869710e+002 5.551115e-015
      vertex   -4.638437e+001 1.874709e+002 5.000000e-001
      vertex   -4.618216e+001 1.874167e+002 5.000000e-001
    endloop
  endfacet
  facet normal 2.071465e-001 6.646928e-001 -6.998258e-001
    outer loop
      vertex   -4.644122e+001 1.869710e+002 5.551115e-015
      vertex   -4.618216e+001 1.874167e+002 5.000000e-001
      vertex   -4.626829e+001 1.869171e+002 5.551115e-015
    endloop
  endfacet
  facet normal 7.380715e-002 1.922633e-001 -2.048181e-001
    outer loop
      vertex   -4.626829e+001 1.869171e+002 5.551115e-015
      vertex   -4.618216e+001 1.874167e+002 5.000000e-001
      vertex   -4.598672e+001 1.873417e+002 5.000000e-001
    endloop
  endfacet
  facet normal 2.874816e-001 6.387497e-001 -7.042663e-001
    outer loop
      vertex   -4.626829e+001 1.869171e+002 5.551115e-015
      vertex   -4.598672e+001 1.873417e+002 5.000000e-001
      vertex   -4.610311e+001 1.868428e+002 5.551115e-015
    endloop
  endfacet
  facet normal 9.341650e-002 1.833569e-001 -2.046995e-001
    outer loop
      vertex   -4.610311e+001 1.868428e+002 5.551115e-015
      vertex   -4.598672e+001 1.873417e+002 5.000000e-001
      vertex   -4.580019e+001 1.872467e+002 5.000000e-001
    endloop
  endfacet
  facet normal 3.640303e-001 6.022120e-001 -7.069725e-001
    outer loop
      vertex   -4.610311e+001 1.868428e+002 5.551115e-015
      vertex   -4.580019e+001 1.872467e+002 5.000000e-001
      vertex   -4.594810e+001 1.867491e+002 5.551115e-015
    endloop
  endfacet
  facet normal 1.116628e-001 1.719475e-001 -2.041438e-001
    outer loop
      vertex   -4.594810e+001 1.867491e+002 5.551115e-015
      vertex   -4.580019e+001 1.872467e+002 5.000000e-001
      vertex   -4.562463e+001 1.871327e+002 5.000000e-001
    endloop
  endfacet
  facet normal 4.353260e-001 5.556487e-001 -7.078801e-001
    outer loop
      vertex   -4.594810e+001 1.867491e+002 5.551115e-015
      vertex   -4.562463e+001 1.871327e+002 5.000000e-001
      vertex   -4.580551e+001 1.866374e+002 5.551115e-015
    endloop
  endfacet
  facet normal 1.281769e-001 1.582875e-001 -2.031607e-001
    outer loop
      vertex   -4.580551e+001 1.866374e+002 5.551115e-015
      vertex   -4.562463e+001 1.871327e+002 5.000000e-001
      vertex   -4.546193e+001 1.870009e+002 5.000000e-001
    endloop
  endfacet
  facet normal 1.426744e-001 1.426597e-001 -2.017606e-001
    outer loop
      vertex   -4.580551e+001 1.866374e+002 5.551115e-015
      vertex   -4.546193e+001 1.870009e+002 5.000000e-001
      vertex   -4.531391e+001 1.868529e+002 5.000000e-001
    endloop
  endfacet
  facet normal 4.819703e-001 4.819703e-001 -6.815913e-001
    outer loop
      vertex   -4.580551e+001 1.866374e+002 5.551115e-015
      vertex   -4.531391e+001 1.868529e+002 5.000000e-001
      vertex   -4.567743e+001 1.865093e+002 5.551115e-015
    endloop
  endfacet
  facet normal 1.582865e-001 1.281791e-001 -2.031573e-001
    outer loop
      vertex   -4.567743e+001 1.865093e+002 5.551115e-015
      vertex   -4.531391e+001 1.868529e+002 5.000000e-001
      vertex   -4.518216e+001 1.866902e+002 5.000000e-001
    endloop
  endfacet
  facet normal 5.416697e-001 4.243515e-001 -6.900526e-001
    outer loop
      vertex   -4.567743e+001 1.865093e+002 5.551115e-015
      vertex   -4.518216e+001 1.866902e+002 5.000000e-001
      vertex   -4.556572e+001 1.863667e+002 5.551115e-015
    endloop
  endfacet
  facet normal 1.719480e-001 1.116668e-001 -2.041455e-001
    outer loop
      vertex   -4.556572e+001 1.863667e+002 5.551115e-015
      vertex   -4.518216e+001 1.866902e+002 5.000000e-001
      vertex   -4.506815e+001 1.865146e+002 5.000000e-001
    endloop
  endfacet
  facet normal 5.936907e-001 3.588939e-001 -6.969732e-001
    outer loop
      vertex   -4.556572e+001 1.863667e+002 5.551115e-015
      vertex   -4.506815e+001 1.865146e+002 5.000000e-001
      vertex   -4.547201e+001 1.862117e+002 5.551115e-015
    endloop
  endfacet
  facet normal 1.833529e-001 9.342386e-002 -2.046993e-001
    outer loop
      vertex   -4.547201e+001 1.862117e+002 5.551115e-015
      vertex   -4.506815e+001 1.865146e+002 5.000000e-001
      vertex   -4.497311e+001 1.863281e+002 5.000000e-001
    endloop
  endfacet
  facet normal 6.369257e-001 2.866607e-001 -7.022623e-001
    outer loop
      vertex   -4.547201e+001 1.862117e+002 5.551115e-015
      vertex   -4.497311e+001 1.863281e+002 5.000000e-001
      vertex   -4.539767e+001 1.860465e+002 5.551115e-015
    endloop
  endfacet
  facet normal 1.922544e-001 7.380286e-002 -2.048102e-001
    outer loop
      vertex   -4.539767e+001 1.860465e+002 5.551115e-015
      vertex   -4.497311e+001 1.863281e+002 5.000000e-001
      vertex   -4.489808e+001 1.861327e+002 5.000000e-001
    endloop
  endfacet
  facet normal 6.704081e-001 2.089073e-001 -7.058445e-001
    outer loop
      vertex   -4.539767e+001 1.860465e+002 5.551115e-015
      vertex   -4.489808e+001 1.861327e+002 5.000000e-001
      vertex   -4.534378e+001 1.858736e+002 5.551115e-015
    endloop
  endfacet
  facet normal 1.984927e-001 5.318401e-002 -2.044932e-001
    outer loop
      vertex   -4.534378e+001 1.858736e+002 5.551115e-015
      vertex   -4.489808e+001 1.861327e+002 5.000000e-001
      vertex   -4.484390e+001 1.859304e+002 5.000000e-001
    endloop
  endfacet
  facet normal 6.933658e-001 1.270705e-001 -7.076522e-001
    outer loop
      vertex   -4.534378e+001 1.858736e+002 5.551115e-015
      vertex   -4.484390e+001 1.859304e+002 5.000000e-001
      vertex   -4.531113e+001 1.856954e+002 5.551115e-015
    endloop
  endfacet
  facet normal 2.018988e-001 3.197600e-002 -2.036968e-001
    outer loop
      vertex   -4.531113e+001 1.856954e+002 5.551115e-015
      vertex   -4.484390e+001 1.859304e+002 5.000000e-001
      vertex   -4.481115e+001 1.857237e+002 5.000000e-001
    endloop
  endfacet
  facet normal 7.052698e-001 4.266201e-002 -7.076487e-001
    outer loop
      vertex   -4.531113e+001 1.856954e+002 5.551115e-015
      vertex   -4.481115e+001 1.857237e+002 5.000000e-001
      vertex   -4.530019e+001 1.855146e+002 5.551115e-015
    endloop
  endfacet
  facet normal 2.025107e-001 1.061625e-002 -2.025107e-001
    outer loop
      vertex   -4.530019e+001 1.855146e+002 5.551115e-015
      vertex   -4.481115e+001 1.857237e+002 5.000000e-001
      vertex   -4.480019e+001 1.855146e+002 5.000000e-001
    endloop
  endfacet
  facet normal 7.071068e-001 0.000000e+000 -7.071068e-001
    outer loop
      vertex   -4.530019e+001 1.471146e+002 5.551115e-015
      vertex   -4.530019e+001 1.855146e+002 5.551115e-015
      vertex   -4.480019e+001 1.471146e+002 5.000000e-001
    endloop
  endfacet
  facet normal 1.301863e-002 0.000000e+000 -1.301863e-002
    outer loop
      vertex   -4.480019e+001 1.471146e+002 5.000000e-001
      vertex   -4.530019e+001 1.855146e+002 5.551115e-015
      vertex   -4.480019e+001 1.855146e+002 5.000000e-001
    endloop
  endfacet
  facet normal 7.061371e-001 -3.701796e-002 -7.061371e-001
    outer loop
      vertex   -4.480019e+001 1.471146e+002 5.000000e-001
      vertex   -4.481115e+001 1.469056e+002 5.000000e-001
      vertex   -4.530019e+001 1.471146e+002 5.551115e-015
    endloop
  endfacet
  facet normal 6.837033e-001 -4.135395e-002 -6.860080e-001
    outer loop
      vertex   -4.530019e+001 1.471146e+002 5.551115e-015
      vertex   -4.481115e+001 1.469056e+002 5.000000e-001
      vertex   -4.531113e+001 1.469338e+002 5.551115e-015
    endloop
  endfacet
  facet normal 2.019138e-001 -3.197602e-002 -2.037109e-001
    outer loop
      vertex   -4.531113e+001 1.469338e+002 5.551115e-015
      vertex   -4.481115e+001 1.469056e+002 5.000000e-001
      vertex   -4.484390e+001 1.466988e+002 5.000000e-001
    endloop
  endfacet
  facet normal 6.797063e-001 -1.245779e-001 -6.937163e-001
    outer loop
      vertex   -4.531113e+001 1.469338e+002 5.551115e-015
      vertex   -4.484390e+001 1.466988e+002 5.000000e-001
      vertex   -4.534378e+001 1.467556e+002 5.551115e-015
    endloop
  endfacet
  facet normal 1.984774e-001 -5.318392e-002 -2.044795e-001
    outer loop
      vertex   -4.534378e+001 1.467556e+002 5.551115e-015
      vertex   -4.484390e+001 1.466988e+002 5.000000e-001
      vertex   -4.489808e+001 1.464966e+002 5.000000e-001
    endloop
  endfacet
  facet normal 6.646928e-001 -2.071263e-001 -6.998271e-001
    outer loop
      vertex   -4.534378e+001 1.467556e+002 5.551115e-015
      vertex   -4.489808e+001 1.464966e+002 5.000000e-001
      vertex   -4.539767e+001 1.465827e+002 5.551115e-015
    endloop
  endfacet
  facet normal 1.922544e-001 -7.380286e-002 -2.048102e-001
    outer loop
      vertex   -4.539767e+001 1.465827e+002 5.551115e-015
      vertex   -4.489808e+001 1.464966e+002 5.000000e-001
      vertex   -4.497311e+001 1.463011e+002 5.000000e-001
    endloop
  endfacet
  facet normal 6.387563e-001 -2.874580e-001 -7.042657e-001
    outer loop
      vertex   -4.539767e+001 1.465827e+002 5.551115e-015
      vertex   -4.497311e+001 1.463011e+002 5.000000e-001
      vertex   -4.547201e+001 1.464175e+002 5.551115e-015
    endloop
  endfacet
  facet normal 1.833552e-001 -9.342504e-002 -2.046991e-001
    outer loop
      vertex   -4.547201e+001 1.464175e+002 5.551115e-015
      vertex   -4.497311e+001 1.463011e+002 5.000000e-001
      vertex   -4.506815e+001 1.461146e+002 5.000000e-001
    endloop
  endfacet
  facet normal 6.021969e-001 -3.640718e-001 -7.069698e-001
    outer loop
      vertex   -4.547201e+001 1.464175e+002 5.551115e-015
      vertex   -4.506815e+001 1.461146e+002 5.000000e-001
      vertex   -4.556572e+001 1.462625e+002 5.551115e-015
    endloop
  endfacet
  facet normal 1.719613e-001 -1.116657e-001 -2.041583e-001
    outer loop
      vertex   -4.556572e+001 1.462625e+002 5.551115e-015
      vertex   -4.506815e+001 1.461146e+002 5.000000e-001
      vertex   -4.518216e+001 1.459390e+002 5.000000e-001
    endloop
  endfacet
  facet normal 5.556561e-001 -4.353086e-001 -7.078836e-001
    outer loop
      vertex   -4.556572e+001 1.462625e+002 5.551115e-015
      vertex   -4.518216e+001 1.459390e+002 5.000000e-001
      vertex   -4.567743e+001 1.461199e+002 5.551115e-015
    endloop
  endfacet
  facet normal 1.582840e-001 -1.281771e-001 -2.031580e-001
    outer loop
      vertex   -4.567743e+001 1.461199e+002 5.551115e-015
      vertex   -4.518216e+001 1.459390e+002 5.000000e-001
      vertex   -4.531391e+001 1.457764e+002 5.000000e-001
    endloop
  endfacet
  facet normal 1.426586e-001 -1.426586e-001 -2.017489e-001
    outer loop
      vertex   -4.567743e+001 1.461199e+002 5.551115e-015
      vertex   -4.531391e+001 1.457764e+002 5.000000e-001
      vertex   -4.546193e+001 1.456283e+002 5.000000e-001
    endloop
  endfacet
  facet normal 4.819664e-001 -4.819664e-001 -6.816005e-001
    outer loop
      vertex   -4.567743e+001 1.461199e+002 5.551115e-015
      vertex   -4.546193e+001 1.456283e+002 5.000000e-001
      vertex   -4.580551e+001 1.459919e+002 5.551115e-015
    endloop
  endfacet
  facet normal 1.281769e-001 -1.582875e-001 -2.031607e-001
    outer loop
      vertex   -4.580551e+001 1.459919e+002 5.551115e-015
      vertex   -4.546193e+001 1.456283e+002 5.000000e-001
      vertex   -4.562463e+001 1.454966e+002 5.000000e-001
    endloop
  endfacet
  facet normal 4.243629e-001 -5.416554e-001 -6.900531e-001
    outer loop
      vertex   -4.580551e+001 1.459919e+002 5.551115e-015
      vertex   -4.562463e+001 1.454966e+002 5.000000e-001
      vertex   -4.594810e+001 1.458801e+002 5.551115e-015
    endloop
  endfacet
  facet normal 1.116628e-001 -1.719475e-001 -2.041438e-001
    outer loop
      vertex   -4.594810e+001 1.458801e+002 5.551115e-015
      vertex   -4.562463e+001 1.454966e+002 5.000000e-001
      vertex   -4.580019e+001 1.453826e+002 5.000000e-001
    endloop
  endfacet
  facet normal 3.588832e-001 -5.936972e-001 -6.969765e-001
    outer loop
      vertex   -4.594810e+001 1.458801e+002 5.551115e-015
      vertex   -4.580019e+001 1.453826e+002 5.000000e-001
      vertex   -4.610311e+001 1.457864e+002 5.551115e-015
    endloop
  endfacet
  facet normal 9.343012e-002 -1.833542e-001 -2.047056e-001
    outer loop
      vertex   -4.610311e+001 1.457864e+002 5.551115e-015
      vertex   -4.580019e+001 1.453826e+002 5.000000e-001
      vertex   -4.598672e+001 1.452875e+002 5.000000e-001
    endloop
  endfacet
  facet normal 2.866578e-001 -6.369191e-001 -7.022675e-001
    outer loop
      vertex   -4.610311e+001 1.457864e+002 5.551115e-015
      vertex   -4.598672e+001 1.452875e+002 5.000000e-001
      vertex   -4.626829e+001 1.457121e+002 5.551115e-015
    endloop
  endfacet
  facet normal 7.379120e-002 -1.922609e-001 -2.048129e-001
    outer loop
      vertex   -4.626829e+001 1.457121e+002 5.551115e-015
      vertex   -4.598672e+001 1.452875e+002 5.000000e-001
      vertex   -4.618216e+001 1.452125e+002 5.000000e-001
    endloop
  endfacet
  facet normal 2.089262e-001 -6.704036e-001 -7.058386e-001
    outer loop
      vertex   -4.626829e+001 1.457121e+002 5.551115e-015
      vertex   -4.618216e+001 1.452125e+002 5.000000e-001
      vertex   -4.644122e+001 1.456582e+002 5.551115e-015
    endloop
  endfacet
  facet normal 5.318480e-002 -1.984807e-001 -2.044794e-001
    outer loop
      vertex   -4.644122e+001 1.456582e+002 5.551115e-015
      vertex   -4.618216e+001 1.452125e+002 5.000000e-001
      vertex   -4.638437e+001 1.451583e+002 5.000000e-001
    endloop
  endfacet
  facet normal 1.270766e-001 -6.933692e-001 -7.076486e-001
    outer loop
      vertex   -4.644122e+001 1.456582e+002 5.551115e-015
      vertex   -4.638437e+001 1.451583e+002 5.000000e-001
      vertex   -4.661939e+001 1.456255e+002 5.551115e-015
    endloop
  endfacet
  facet normal 3.197641e-002 -2.019088e-001 -2.037035e-001
    outer loop
      vertex   -4.661939e+001 1.456255e+002 5.551115e-015
      vertex   -4.638437e+001 1.451583e+002 5.000000e-001
      vertex   -4.659114e+001 1.451256e+002 5.000000e-001
    endloop
  endfacet
  facet normal 4.261786e-002 -7.052780e-001 -7.076433e-001
    outer loop
      vertex   -4.661939e+001 1.456255e+002 5.551115e-015
      vertex   -4.659114e+001 1.451256e+002 5.000000e-001
      vertex   -4.680019e+001 1.456146e+002 5.551115e-015
    endloop
  endfacet
  facet normal 1.061254e-002 -2.025066e-001 -2.025066e-001
    outer loop
      vertex   -4.680019e+001 1.456146e+002 5.551115e-015
      vertex   -4.659114e+001 1.451256e+002 5.000000e-001
      vertex   -4.680019e+001 1.451146e+002 5.000000e-001
    endloop
  endfacet
  facet normal -0.000000e+000 -0.000000e+000 -7.071068e-001
    outer loop
      vertex   -4.680019e+001 1.870146e+002 5.551115e-015
      vertex   -4.530019e+001 1.855146e+002 5.551115e-015
      vertex   -4.905019e+001 1.870146e+002 5.551115e-015
    endloop
  endfacet
  facet normal 0.000000e+000 0.000000e+000 -8.896509e-001
    outer loop
      vertex   -4.905019e+001 1.870146e+002 5.551115e-015
      vertex   -4.530019e+001 1.855146e+002 5.551115e-015
      vertex   -4.530019e+001 1.471146e+002 5.551115e-015
    endloop
  endfacet
  facet normal 0.000000e+000 0.000000e+000 -9.357262e-002
    outer loop
      vertex   -4.905019e+001 1.870146e+002 5.551115e-015
      vertex   -4.530019e+001 1.471146e+002 5.551115e-015
      vertex   -4.905019e+001 1.456146e+002 5.551115e-015
    endloop
  endfacet
  facet normal 0.000000e+000 0.000000e+000 -3.713907e-001
    outer loop
      vertex   -4.905019e+001 1.456146e+002 5.551115e-015
      vertex   -4.530019e+001 1.471146e+002 5.551115e-015
      vertex   -4.680019e+001 1.456146e+002 5.551115e-015
    endloop
  endfacet
  facet normal 0.000000e+000 0.000000e+000 -6.631688e-001
    outer loop
      vertex   -4.680019e+001 1.456146e+002 5.551115e-015
      vertex   -4.530019e+001 1.471146e+002 5.551115e-015
      vertex   -4.661939e+001 1.456255e+002 5.551115e-015
    endloop
  endfacet
  facet normal 0.000000e+000 0.000000e+000 -6.167076e-001
    outer loop
      vertex   -4.661939e+001 1.456255e+002 5.551115e-015
      vertex   -4.530019e+001 1.471146e+002 5.551115e-015
      vertex   -4.644122e+001 1.456582e+002 5.551115e-015
    endloop
  endfacet
  facet normal 0.000000e+000 0.000000e+000 -5.680436e-001
    outer loop
      vertex   -4.644122e+001 1.456582e+002 5.551115e-015
      vertex   -4.530019e+001 1.471146e+002 5.551115e-015
      vertex   -4.626829e+001 1.457121e+002 5.551115e-015
    endloop
  endfacet
  facet normal 0.000000e+000 0.000000e+000 -5.173339e-001
    outer loop
      vertex   -4.626829e+001 1.457121e+002 5.551115e-015
      vertex   -4.530019e+001 1.471146e+002 5.551115e-015
      vertex   -4.610311e+001 1.457864e+002 5.551115e-015
    endloop
  endfacet
  facet normal 0.000000e+000 0.000000e+000 -4.647437e-001
    outer loop
      vertex   -4.610311e+001 1.457864e+002 5.551115e-015
      vertex   -4.530019e+001 1.471146e+002 5.551115e-015
      vertex   -4.594810e+001 1.458801e+002 5.551115e-015
    endloop
  endfacet
  facet normal 0.000000e+000 0.000000e+000 -4.104112e-001
    outer loop
      vertex   -4.594810e+001 1.458801e+002 5.551115e-015
      vertex   -4.530019e+001 1.471146e+002 5.551115e-015
      vertex   -4.580551e+001 1.459919e+002 5.551115e-015
    endloop
  endfacet
  facet normal 0.000000e+000 0.000000e+000 -3.546056e-001
    outer loop
      vertex   -4.580551e+001 1.459919e+002 5.551115e-015
      vertex   -4.530019e+001 1.471146e+002 5.551115e-015
      vertex   -4.567743e+001 1.461199e+002 5.551115e-015
    endloop
  endfacet
  facet normal 0.000000e+000 0.000000e+000 -2.974821e-001
    outer loop
      vertex   -4.567743e+001 1.461199e+002 5.551115e-015
      vertex   -4.530019e+001 1.471146e+002 5.551115e-015
      vertex   -4.556572e+001 1.462625e+002 5.551115e-015
    endloop
  endfacet
  facet normal 0.000000e+000 0.000000e+000 -2.393505e-001
    outer loop
      vertex   -4.556572e+001 1.462625e+002 5.551115e-015
      vertex   -4.530019e+001 1.471146e+002 5.551115e-015
      vertex   -4.547201e+001 1.464175e+002 5.551115e-015
    endloop
  endfacet
  facet normal 0.000000e+000 0.000000e+000 -1.802276e-001
    outer loop
      vertex   -4.547201e+001 1.464175e+002 5.551115e-015
      vertex   -4.530019e+001 1.471146e+002 5.551115e-015
      vertex   -4.539767e+001 1.465827e+002 5.551115e-015
    endloop
  endfacet
  facet normal 0.000000e+000 0.000000e+000 -1.205334e-001
    outer loop
      vertex   -4.539767e+001 1.465827e+002 5.551115e-015
      vertex   -4.530019e+001 1.471146e+002 5.551115e-015
      vertex   -4.534378e+001 1.467556e+002 5.551115e-015
    endloop
  endfacet
  facet normal 0.000000e+000 0.000000e+000 -6.039540e-002
    outer loop
      vertex   -4.534378e+001 1.467556e+002 5.551115e-015
      vertex   -4.530019e+001 1.471146e+002 5.551115e-015
      vertex   -4.531113e+001 1.469338e+002 5.551115e-015
    endloop
  endfacet
  facet normal 0.000000e+000 0.000000e+000 -6.631058e-001
    outer loop
      vertex   -4.680019e+001 1.870146e+002 5.551115e-015
      vertex   -4.661939e+001 1.870037e+002 5.551115e-015
      vertex   -4.530019e+001 1.855146e+002 5.551115e-015
    endloop
  endfacet
  facet normal 0.000000e+000 0.000000e+000 -6.038265e-002
    outer loop
      vertex   -4.530019e+001 1.855146e+002 5.551115e-015
      vertex   -4.661939e+001 1.870037e+002 5.551115e-015
      vertex   -4.644122e+001 1.869710e+002 5.551115e-015
    endloop
  endfacet
  facet normal 0.000000e+000 0.000000e+000 -6.037724e-002
    outer loop
      vertex   -4.530019e+001 1.855146e+002 5.551115e-015
      vertex   -4.644122e+001 1.869710e+002 5.551115e-015
      vertex   -4.626829e+001 1.869171e+002 5.551115e-015
    endloop
  endfacet
  facet normal 0.000000e+000 0.000000e+000 -5.173339e-001
    outer loop
      vertex   -4.626829e+001 1.869171e+002 5.551115e-015
      vertex   -4.610311e+001 1.868428e+002 5.551115e-015
      vertex   -4.530019e+001 1.855146e+002 5.551115e-015
    endloop
  endfacet
  facet normal 0.000000e+000 0.000000e+000 -6.038071e-002
    outer loop
      vertex   -4.530019e+001 1.855146e+002 5.551115e-015
      vertex   -4.610311e+001 1.868428e+002 5.551115e-015
      vertex   -4.594810e+001 1.867491e+002 5.551115e-015
    endloop
  endfacet
  facet normal 0.000000e+000 0.000000e+000 -6.037764e-002
    outer loop
      vertex   -4.530019e+001 1.855146e+002 5.551115e-015
      vertex   -4.594810e+001 1.867491e+002 5.551115e-015
      vertex   -4.580551e+001 1.866374e+002 5.551115e-015
    endloop
  endfacet
  facet normal 0.000000e+000 0.000000e+000 -3.546056e-001
    outer loop
      vertex   -4.580551e+001 1.866374e+002 5.551115e-015
      vertex   -4.567743e+001 1.865093e+002 5.551115e-015
      vertex   -4.530019e+001 1.855146e+002 5.551115e-015
    endloop
  endfacet
  facet normal 0.000000e+000 0.000000e+000 -6.037595e-002
    outer loop
      vertex   -4.530019e+001 1.855146e+002 5.551115e-015
      vertex   -4.567743e+001 1.865093e+002 5.551115e-015
      vertex   -4.556572e+001 1.863667e+002 5.551115e-015
    endloop
  endfacet
  facet normal 0.000000e+000 0.000000e+000 -6.037721e-002
    outer loop
      vertex   -4.530019e+001 1.855146e+002 5.551115e-015
      vertex   -4.556572e+001 1.863667e+002 5.551115e-015
      vertex   -4.547201e+001 1.862117e+002 5.551115e-015
    endloop
  endfacet
  facet normal 0.000000e+000 0.000000e+000 -1.802566e-001
    outer loop
      vertex   -4.547201e+001 1.862117e+002 5.551115e-015
      vertex   -4.539767e+001 1.860465e+002 5.551115e-015
      vertex   -4.530019e+001 1.855146e+002 5.551115e-015
    endloop
  endfacet
  facet normal 0.000000e+000 0.000000e+000 -6.037392e-002
    outer loop
      vertex   -4.530019e+001 1.855146e+002 5.551115e-015
      vertex   -4.539767e+001 1.860465e+002 5.551115e-015
      vertex   -4.534378e+001 1.858736e+002 5.551115e-015
    endloop
  endfacet
  facet normal 0.000000e+000 0.000000e+000 -6.038440e-002
    outer loop
      vertex   -4.530019e+001 1.855146e+002 5.551115e-015
      vertex   -4.534378e+001 1.858736e+002 5.551115e-015
      vertex   -4.531113e+001 1.856954e+002 5.551115e-015
    endloop
  endfacet
  facet normal 0.000000e+000 0.000000e+000 -8.000000e-001
    outer loop
      vertex   -4.905019e+001 1.396146e+002 5.551115e-015
      vertex   -5.305019e+001 1.426146e+002 5.551115e-015
      vertex   -4.905019e+001 1.456146e+002 5.551115e-015
    endloop
  endfacet
  facet normal -0.000000e+000 0.000000e+000 -6.000000e-001
    outer loop
      vertex   -4.905019e+001 1.456146e+002 5.551115e-015
      vertex   -5.305019e+001 1.426146e+002 5.551115e-015
      vertex   -5.305019e+001 1.456146e+002 5.551115e-015
    endloop
  endfacet
  facet normal 0.000000e+000 0.000000e+000 -1.000000e+000
    outer loop
      vertex   -4.905019e+001 1.456146e+002 5.551115e-015
      vertex   -5.305019e+001 1.456146e+002 5.551115e-015
      vertex   -4.905019e+001 1.870146e+002 5.551115e-015
    endloop
  endfacet
  facet normal -0.000000e+000 0.000000e+000 -9.953648e-001
    outer loop
      vertex   -4.905019e+001 1.870146e+002 5.551115e-015
      vertex   -5.305019e+001 1.456146e+002 5.551115e-015
      vertex   -5.305019e+001 1.870146e+002 5.551115e-015
    endloop
  endfacet
  facet normal 0.000000e+000 0.000000e+000 -6.000000e-001
    outer loop
      vertex   -4.905019e+001 1.870146e+002 5.551115e-015
      vertex   -5.305019e+001 1.870146e+002 5.551115e-015
      vertex   -5.305019e+001 1.900146e+002 5.551115e-015
    endloop
  endfacet
  facet normal -0.000000e+000 0.000000e+000 -9.226576e-002
    outer loop
      vertex   -4.906086e+001 1.393839e+002 5.551115e-015
      vertex   -4.909276e+001 1.391552e+002 5.551115e-015
      vertex   -4.905019e+001 1.396146e+002 5.551115e-015
    endloop
  endfacet
  facet normal 0.000000e+000 0.000000e+000 -4.618298e-002
    outer loop
      vertex   -4.905019e+001 1.396146e+002 5.551115e-015
      vertex   -4.909276e+001 1.391552e+002 5.551115e-015
      vertex   -4.914563e+001 1.389305e+002 5.551115e-015
    endloop
  endfacet
  facet normal 0.000000e+000 0.000000e+000 -4.618283e-002
    outer loop
      vertex   -4.905019e+001 1.396146e+002 5.551115e-015
      vertex   -4.914563e+001 1.389305e+002 5.551115e-015
      vertex   -4.921901e+001 1.387115e+002 5.551115e-015
    endloop
  endfacet
  facet normal -0.000000e+000 0.000000e+000 -2.289526e-001
    outer loop
      vertex   -4.921901e+001 1.387115e+002 5.551115e-015
      vertex   -4.931229e+001 1.385003e+002 5.551115e-015
      vertex   -4.905019e+001 1.396146e+002 5.551115e-015
    endloop
  endfacet
  facet normal 0.000000e+000 0.000000e+000 -4.618319e-002
    outer loop
      vertex   -4.905019e+001 1.396146e+002 5.551115e-015
      vertex   -4.931229e+001 1.385003e+002 5.551115e-015
      vertex   -4.942465e+001 1.382985e+002 5.551115e-015
    endloop
  endfacet
  facet normal 0.000000e+000 0.000000e+000 -4.618398e-002
    outer loop
      vertex   -4.905019e+001 1.396146e+002 5.551115e-015
      vertex   -4.942465e+001 1.382985e+002 5.551115e-015
      vertex   -4.955515e+001 1.381080e+002 5.551115e-015
    endloop
  endfacet
  facet normal -0.000000e+000 0.000000e+000 -3.612308e-001
    outer loop
      vertex   -4.955515e+001 1.381080e+002 5.551115e-015
      vertex   -4.970267e+001 1.379304e+002 5.551115e-015
      vertex   -4.905019e+001 1.396146e+002 5.551115e-015
    endloop
  endfacet
  facet normal 0.000000e+000 0.000000e+000 -4.618180e-002
    outer loop
      vertex   -4.905019e+001 1.396146e+002 5.551115e-015
      vertex   -4.970267e+001 1.379304e+002 5.551115e-015
      vertex   -4.986596e+001 1.377671e+002 5.551115e-015
    endloop
  endfacet
  facet normal 0.000000e+000 0.000000e+000 -4.618694e-002
    outer loop
      vertex   -4.905019e+001 1.396146e+002 5.551115e-015
      vertex   -4.986596e+001 1.377671e+002 5.551115e-015
      vertex   -5.004361e+001 1.376196e+002 5.551115e-015
    endloop
  endfacet
  facet normal -0.000000e+000 0.000000e+000 -4.865758e-001
    outer loop
      vertex   -5.004361e+001 1.376196e+002 5.551115e-015
      vertex   -5.023412e+001 1.374891e+002 5.551115e-015
      vertex   -4.905019e+001 1.396146e+002 5.551115e-015
    endloop
  endfacet
  facet normal 0.000000e+000 0.000000e+000 -4.618270e-002
    outer loop
      vertex   -4.905019e+001 1.396146e+002 5.551115e-015
      vertex   -5.023412e+001 1.374891e+002 5.551115e-015
      vertex   -5.043585e+001 1.373767e+002 5.551115e-015
    endloop
  endfacet
  facet normal -0.000000e+000 0.000000e+000 -9.997076e-001
    outer loop
      vertex   -4.905019e+001 1.396146e+002 5.551115e-015
      vertex   -5.043585e+001 1.373767e+002 5.551115e-015
      vertex   -5.309378e+001 1.422556e+002 5.551115e-015
    endloop
  endfacet
  facet normal 0.000000e+000 0.000000e+000 -4.152688e-002
    outer loop
      vertex   -5.309378e+001 1.422556e+002 5.551115e-015
      vertex   -5.043585e+001 1.373767e+002 5.551115e-015
      vertex   -5.064709e+001 1.372834e+002 5.551115e-015
    endloop
  endfacet
  facet normal 0.000000e+000 0.000000e+000 -4.149216e-002
    outer loop
      vertex   -5.309378e+001 1.422556e+002 5.551115e-015
      vertex   -5.064709e+001 1.372834e+002 5.551115e-015
      vertex   -5.086604e+001 1.372101e+002 5.551115e-015
    endloop
  endfacet
  facet normal -0.000000e+000 0.000000e+000 -9.829791e-001
    outer loop
      vertex   -5.086604e+001 1.372101e+002 5.551115e-015
      vertex   -5.109082e+001 1.371572e+002 5.551115e-015
      vertex   -5.309378e+001 1.422556e+002 5.551115e-015
    endloop
  endfacet
  facet normal 0.000000e+000 -0.000000e+000 -6.259964e-001
    outer loop
      vertex   -5.309378e+001 1.422556e+002 5.551115e-015
      vertex   -5.109082e+001 1.371572e+002 5.551115e-015
      vertex   -5.314767e+001 1.420827e+002 5.551115e-015
    endloop
  endfacet
  facet normal 0.000000e+000 0.000000e+000 -4.226712e-002
    outer loop
      vertex   -5.314767e+001 1.420827e+002 5.551115e-015
      vertex   -5.109082e+001 1.371572e+002 5.551115e-015
      vertex   -5.131952e+001 1.371253e+002 5.551115e-015
    endloop
  endfacet
  facet normal 0.000000e+000 0.000000e+000 -4.217873e-002
    outer loop
      vertex   -5.314767e+001 1.420827e+002 5.551115e-015
      vertex   -5.131952e+001 1.371253e+002 5.551115e-015
      vertex   -5.155019e+001 1.371146e+002 5.551115e-015
    endloop
  endfacet
  facet normal 0.000000e+000 0.000000e+000 -7.525767e-002
    outer loop
      vertex   -1.075502e+002 1.371146e+002 5.551115e-015
      vertex   -5.455019e+001 1.411146e+002 5.551115e-015
      vertex   -5.155019e+001 1.371146e+002 5.551115e-015
    endloop
  endfacet
  facet normal 0.000000e+000 0.000000e+000 -3.084007e-002
    outer loop
      vertex   -5.155019e+001 1.371146e+002 5.551115e-015
      vertex   -5.455019e+001 1.411146e+002 5.551115e-015
      vertex   -5.436939e+001 1.411255e+002 5.551115e-015
    endloop
  endfacet
  facet normal 0.000000e+000 0.000000e+000 -3.406905e-002
    outer loop
      vertex   -5.155019e+001 1.371146e+002 5.551115e-015
      vertex   -5.436939e+001 1.411255e+002 5.551115e-015
      vertex   -5.419122e+001 1.411582e+002 5.551115e-015
    endloop
  endfacet
  facet normal 0.000000e+000 0.000000e+000 -9.532166e-001
    outer loop
      vertex   -1.077809e+002 1.371253e+002 5.551115e-015
      vertex   -1.059527e+002 1.420827e+002 5.551115e-015
      vertex   -1.075502e+002 1.371146e+002 5.551115e-015
    endloop
  endfacet
  facet normal 0.000000e+000 0.000000e+000 -2.385958e-002
    outer loop
      vertex   -1.075502e+002 1.371146e+002 5.551115e-015
      vertex   -1.059527e+002 1.420827e+002 5.551115e-015
      vertex   -1.058784e+002 1.419175e+002 5.551115e-015
    endloop
  endfacet
  facet normal 0.000000e+000 0.000000e+000 -2.804896e-002
    outer loop
      vertex   -1.075502e+002 1.371146e+002 5.551115e-015
      vertex   -1.058784e+002 1.419175e+002 5.551115e-015
      vertex   -1.057847e+002 1.417625e+002 5.551115e-015
    endloop
  endfacet
  facet normal 0.000000e+000 0.000000e+000 -9.770306e-001
    outer loop
      vertex   -1.077809e+002 1.371253e+002 5.551115e-015
      vertex   -1.080096e+002 1.371572e+002 5.551115e-015
      vertex   -1.059527e+002 1.420827e+002 5.551115e-015
    endloop
  endfacet
  facet normal -0.000000e+000 0.000000e+000 -6.424200e-001
    outer loop
      vertex   -1.059527e+002 1.420827e+002 5.551115e-015
      vertex   -1.080096e+002 1.371572e+002 5.551115e-015
      vertex   -1.060066e+002 1.422556e+002 5.551115e-015
    endloop
  endfacet
  facet normal 0.000000e+000 0.000000e+000 -4.143796e-002
    outer loop
      vertex   -1.060066e+002 1.422556e+002 5.551115e-015
      vertex   -1.080096e+002 1.371572e+002 5.551115e-015
      vertex   -1.082344e+002 1.372101e+002 5.551115e-015
    endloop
  endfacet
  facet normal 0.000000e+000 0.000000e+000 -4.149216e-002
    outer loop
      vertex   -1.060066e+002 1.422556e+002 5.551115e-015
      vertex   -1.082344e+002 1.372101e+002 5.551115e-015
      vertex   -1.084533e+002 1.372834e+002 5.551115e-015
    endloop
  endfacet
  facet normal 0.000000e+000 0.000000e+000 -9.991402e-001
    outer loop
      vertex   -1.084533e+002 1.372834e+002 5.551115e-015
      vertex   -1.086645e+002 1.373767e+002 5.551115e-015
      vertex   -1.060066e+002 1.422556e+002 5.551115e-015
    endloop
  endfacet
  facet normal 0.000000e+000 0.000000e+000 -4.736170e-001
    outer loop
      vertex   -1.060066e+002 1.422556e+002 5.551115e-015
      vertex   -1.086645e+002 1.373767e+002 5.551115e-015
      vertex   -1.100502e+002 1.396146e+002 5.551115e-015
    endloop
  endfacet
  facet normal -0.000000e+000 0.000000e+000 -9.221058e-001
    outer loop
      vertex   -1.060066e+002 1.422556e+002 5.551115e-015
      vertex   -1.100502e+002 1.396146e+002 5.551115e-015
      vertex   -1.060393e+002 1.424338e+002 5.551115e-015
    endloop
  endfacet
  facet normal -0.000000e+000 0.000000e+000 -8.513400e-001
    outer loop
      vertex   -1.060393e+002 1.424338e+002 5.551115e-015
      vertex   -1.100502e+002 1.396146e+002 5.551115e-015
      vertex   -1.060502e+002 1.426146e+002 5.551115e-015
    endloop
  endfacet
  facet normal -0.000000e+000 0.000000e+000 -9.600000e-001
    outer loop
      vertex   -1.060502e+002 1.426146e+002 5.551115e-015
      vertex   -1.100502e+002 1.396146e+002 5.551115e-015
      vertex   -1.100502e+002 1.456146e+002 5.551115e-015
    endloop
  endfacet
  facet normal 0.000000e+000 0.000000e+000 -8.000000e-001
    outer loop
      vertex   -1.060502e+002 1.426146e+002 5.551115e-015
      vertex   -1.100502e+002 1.456146e+002 5.551115e-015
      vertex   -1.060502e+002 1.456146e+002 5.551115e-015
    endloop
  endfacet
  facet normal 0.000000e+000 0.000000e+000 -1.000000e+000
    outer loop
      vertex   -1.060502e+002 1.456146e+002 5.551115e-015
      vertex   -1.100502e+002 1.456146e+002 5.551115e-015
      vertex   -1.060502e+002 1.870146e+002 5.551115e-015
    endloop
  endfacet
  facet normal 0.000000e+000 0.000000e+000 -7.880695e-001
    outer loop
      vertex   -1.060502e+002 1.456146e+002 5.551115e-015
      vertex   -1.060502e+002 1.870146e+002 5.551115e-015
      vertex   -5.305019e+001 1.870146e+002 5.551115e-015
    endloop
  endfacet
  facet normal 0.000000e+000 0.000000e+000 -4.866091e-001
    outer loop
      vertex   -1.086645e+002 1.373767e+002 5.551115e-015
      vertex   -1.088663e+002 1.374891e+002 5.551115e-015
      vertex   -1.100502e+002 1.396146e+002 5.551115e-015
    endloop
  endfacet
  facet normal 0.000000e+000 0.000000e+000 -4.618188e-002
    outer loop
      vertex   -1.100502e+002 1.396146e+002 5.551115e-015
      vertex   -1.088663e+002 1.374891e+002 5.551115e-015
      vertex   -1.090568e+002 1.376196e+002 5.551115e-015
    endloop
  endfacet
  facet normal 0.000000e+000 0.000000e+000 -4.618560e-002
    outer loop
      vertex   -1.100502e+002 1.396146e+002 5.551115e-015
      vertex   -1.090568e+002 1.376196e+002 5.551115e-015
      vertex   -1.092344e+002 1.377671e+002 5.551115e-015
    endloop
  endfacet
  facet normal 0.000000e+000 0.000000e+000 -3.612452e-001
    outer loop
      vertex   -1.092344e+002 1.377671e+002 5.551115e-015
      vertex   -1.093977e+002 1.379304e+002 5.551115e-015
      vertex   -1.100502e+002 1.396146e+002 5.551115e-015
    endloop
  endfacet
  facet normal 0.000000e+000 0.000000e+000 -4.618340e-002
    outer loop
      vertex   -1.100502e+002 1.396146e+002 5.551115e-015
      vertex   -1.093977e+002 1.379304e+002 5.551115e-015
      vertex   -1.095452e+002 1.381080e+002 5.551115e-015
    endloop
  endfacet
  facet normal 0.000000e+000 0.000000e+000 -4.617944e-002
    outer loop
      vertex   -1.100502e+002 1.396146e+002 5.551115e-015
      vertex   -1.095452e+002 1.381080e+002 5.551115e-015
      vertex   -1.096757e+002 1.382985e+002 5.551115e-015
    endloop
  endfacet
  facet normal 0.000000e+000 0.000000e+000 -2.289481e-001
    outer loop
      vertex   -1.096757e+002 1.382985e+002 5.551115e-015
      vertex   -1.097881e+002 1.385003e+002 5.551115e-015
      vertex   -1.100502e+002 1.396146e+002 5.551115e-015
    endloop
  endfacet
  facet normal 0.000000e+000 0.000000e+000 -4.618804e-002
    outer loop
      vertex   -1.100502e+002 1.396146e+002 5.551115e-015
      vertex   -1.097881e+002 1.385003e+002 5.551115e-015
      vertex   -1.098814e+002 1.387115e+002 5.551115e-015
    endloop
  endfacet
  facet normal 0.000000e+000 0.000000e+000 -4.617875e-002
    outer loop
      vertex   -1.100502e+002 1.396146e+002 5.551115e-015
      vertex   -1.098814e+002 1.387115e+002 5.551115e-015
      vertex   -1.099548e+002 1.389305e+002 5.551115e-015
    endloop
  endfacet
  facet normal 0.000000e+000 0.000000e+000 -9.228747e-002
    outer loop
      vertex   -1.099548e+002 1.389305e+002 5.551115e-015
      vertex   -1.100076e+002 1.391552e+002 5.551115e-015
      vertex   -1.100502e+002 1.396146e+002 5.551115e-015
    endloop
  endfacet
  facet normal 0.000000e+000 0.000000e+000 -4.617236e-002
    outer loop
      vertex   -1.100502e+002 1.396146e+002 5.551115e-015
      vertex   -1.100076e+002 1.391552e+002 5.551115e-015
      vertex   -1.100395e+002 1.393839e+002 5.551115e-015
    endloop
  endfacet
  facet normal 0.000000e+000 0.000000e+000 -7.071068e-001
    outer loop
      vertex   -1.123002e+002 1.456146e+002 5.551115e-015
      vertex   -1.138002e+002 1.471146e+002 5.551115e-015
      vertex   -1.100502e+002 1.456146e+002 5.551115e-015
    endloop
  endfacet
  facet normal 0.000000e+000 0.000000e+000 -8.896509e-001
    outer loop
      vertex   -1.100502e+002 1.456146e+002 5.551115e-015
      vertex   -1.138002e+002 1.471146e+002 5.551115e-015
      vertex   -1.138002e+002 1.855146e+002 5.551115e-015
    endloop
  endfacet
  facet normal 0.000000e+000 0.000000e+000 -9.357262e-002
    outer loop
      vertex   -1.100502e+002 1.456146e+002 5.551115e-015
      vertex   -1.138002e+002 1.855146e+002 5.551115e-015
      vertex   -1.100502e+002 1.870146e+002 5.551115e-015
    endloop
  endfacet
  facet normal -0.000000e+000 0.000000e+000 -3.713907e-001
    outer loop
      vertex   -1.100502e+002 1.870146e+002 5.551115e-015
      vertex   -1.138002e+002 1.855146e+002 5.551115e-015
      vertex   -1.123002e+002 1.870146e+002 5.551115e-015
    endloop
  endfacet
  facet normal 0.000000e+000 0.000000e+000 -6.631077e-001
    outer loop
      vertex   -1.123002e+002 1.870146e+002 5.551115e-015
      vertex   -1.138002e+002 1.855146e+002 5.551115e-015
      vertex   -1.124810e+002 1.870037e+002 5.551115e-015
    endloop
  endfacet
  facet normal 0.000000e+000 0.000000e+000 -6.167711e-001
    outer loop
      vertex   -1.124810e+002 1.870037e+002 5.551115e-015
      vertex   -1.138002e+002 1.855146e+002 5.551115e-015
      vertex   -1.126592e+002 1.869710e+002 5.551115e-015
    endloop
  endfacet
  facet normal 0.000000e+000 0.000000e+000 -5.680360e-001
    outer loop
      vertex   -1.126592e+002 1.869710e+002 5.551115e-015
      vertex   -1.138002e+002 1.855146e+002 5.551115e-015
      vertex   -1.128321e+002 1.869171e+002 5.551115e-015
    endloop
  endfacet
  facet normal 0.000000e+000 0.000000e+000 -5.173487e-001
    outer loop
      vertex   -1.128321e+002 1.869171e+002 5.551115e-015
      vertex   -1.138002e+002 1.855146e+002 5.551115e-015
      vertex   -1.129973e+002 1.868428e+002 5.551115e-015
    endloop
  endfacet
  facet normal 0.000000e+000 0.000000e+000 -4.647281e-001
    outer loop
      vertex   -1.129973e+002 1.868428e+002 5.551115e-015
      vertex   -1.138002e+002 1.855146e+002 5.551115e-015
      vertex   -1.131523e+002 1.867491e+002 5.551115e-015
    endloop
  endfacet
  facet normal 0.000000e+000 0.000000e+000 -4.104112e-001
    outer loop
      vertex   -1.131523e+002 1.867491e+002 5.551115e-015
      vertex   -1.138002e+002 1.855146e+002 5.551115e-015
      vertex   -1.132949e+002 1.866374e+002 5.551115e-015
    endloop
  endfacet
  facet normal 0.000000e+000 0.000000e+000 -3.546056e-001
    outer loop
      vertex   -1.132949e+002 1.866374e+002 5.551115e-015
      vertex   -1.138002e+002 1.855146e+002 5.551115e-015
      vertex   -1.134230e+002 1.865093e+002 5.551115e-015
    endloop
  endfacet
  facet normal 0.000000e+000 0.000000e+000 -2.974821e-001
    outer loop
      vertex   -1.134230e+002 1.865093e+002 5.551115e-015
      vertex   -1.138002e+002 1.855146e+002 5.551115e-015
      vertex   -1.135347e+002 1.863667e+002 5.551115e-015
    endloop
  endfacet
  facet normal 0.000000e+000 0.000000e+000 -2.393257e-001
    outer loop
      vertex   -1.135347e+002 1.863667e+002 5.551115e-015
      vertex   -1.138002e+002 1.855146e+002 5.551115e-015
      vertex   -1.136284e+002 1.862117e+002 5.551115e-015
    endloop
  endfacet
  facet normal 0.000000e+000 0.000000e+000 -1.802617e-001
    outer loop
      vertex   -1.136284e+002 1.862117e+002 5.551115e-015
      vertex   -1.138002e+002 1.855146e+002 5.551115e-015
      vertex   -1.137027e+002 1.860465e+002 5.551115e-015
    endloop
  endfacet
  facet normal 0.000000e+000 0.000000e+000 -1.205403e-001
    outer loop
      vertex   -1.137027e+002 1.860465e+002 5.551115e-015
      vertex   -1.138002e+002 1.855146e+002 5.551115e-015
      vertex   -1.137566e+002 1.858736e+002 5.551115e-015
    endloop
  endfacet
  facet normal 0.000000e+000 0.000000e+000 -6.039070e-002
    outer loop
      vertex   -1.137566e+002 1.858736e+002 5.551115e-015
      vertex   -1.138002e+002 1.855146e+002 5.551115e-015
      vertex   -1.137893e+002 1.856954e+002 5.551115e-015
    endloop
  endfacet
  facet normal 0.000000e+000 0.000000e+000 -6.631706e-001
    outer loop
      vertex   -1.123002e+002 1.456146e+002 5.551115e-015
      vertex   -1.124810e+002 1.456255e+002 5.551115e-015
      vertex   -1.138002e+002 1.471146e+002 5.551115e-015
    endloop
  endfacet
  facet normal 0.000000e+000 0.000000e+000 -6.037795e-002
    outer loop
      vertex   -1.138002e+002 1.471146e+002 5.551115e-015
      vertex   -1.124810e+002 1.456255e+002 5.551115e-015
      vertex   -1.126592e+002 1.456582e+002 5.551115e-015
    endloop
  endfacet
  facet normal 0.000000e+000 0.000000e+000 -6.037400e-002
    outer loop
      vertex   -1.138002e+002 1.471146e+002 5.551115e-015
      vertex   -1.126592e+002 1.456582e+002 5.551115e-015
      vertex   -1.128321e+002 1.457121e+002 5.551115e-015
    endloop
  endfacet
  facet normal 0.000000e+000 0.000000e+000 -5.173487e-001
    outer loop
      vertex   -1.128321e+002 1.457121e+002 5.551115e-015
      vertex   -1.129973e+002 1.457864e+002 5.551115e-015
      vertex   -1.138002e+002 1.471146e+002 5.551115e-015
    endloop
  endfacet
  facet normal 0.000000e+000 0.000000e+000 -6.037651e-002
    outer loop
      vertex   -1.138002e+002 1.471146e+002 5.551115e-015
      vertex   -1.129973e+002 1.457864e+002 5.551115e-015
      vertex   -1.131523e+002 1.458801e+002 5.551115e-015
    endloop
  endfacet
  facet normal 0.000000e+000 0.000000e+000 -6.037764e-002
    outer loop
      vertex   -1.138002e+002 1.471146e+002 5.551115e-015
      vertex   -1.131523e+002 1.458801e+002 5.551115e-015
      vertex   -1.132949e+002 1.459919e+002 5.551115e-015
    endloop
  endfacet
  facet normal 0.000000e+000 0.000000e+000 -3.546056e-001
    outer loop
      vertex   -1.132949e+002 1.459919e+002 5.551115e-015
      vertex   -1.134230e+002 1.461199e+002 5.551115e-015
      vertex   -1.138002e+002 1.471146e+002 5.551115e-015
    endloop
  endfacet
  facet normal 0.000000e+000 0.000000e+000 -6.037595e-002
    outer loop
      vertex   -1.138002e+002 1.471146e+002 5.551115e-015
      vertex   -1.134230e+002 1.461199e+002 5.551115e-015
      vertex   -1.135347e+002 1.462625e+002 5.551115e-015
    endloop
  endfacet
  facet normal 0.000000e+000 0.000000e+000 -6.038744e-002
    outer loop
      vertex   -1.138002e+002 1.471146e+002 5.551115e-015
      vertex   -1.135347e+002 1.462625e+002 5.551115e-015
      vertex   -1.136284e+002 1.464175e+002 5.551115e-015
    endloop
  endfacet
  facet normal 0.000000e+000 0.000000e+000 -1.802327e-001
    outer loop
      vertex   -1.136284e+002 1.464175e+002 5.551115e-015
      vertex   -1.137027e+002 1.465827e+002 5.551115e-015
      vertex   -1.138002e+002 1.471146e+002 5.551115e-015
    endloop
  endfacet
  facet normal 0.000000e+000 0.000000e+000 -6.037745e-002
    outer loop
      vertex   -1.138002e+002 1.471146e+002 5.551115e-015
      vertex   -1.137027e+002 1.465827e+002 5.551115e-015
      vertex   -1.137566e+002 1.467556e+002 5.551115e-015
    endloop
  endfacet
  facet normal 0.000000e+000 0.000000e+000 -6.040001e-002
    outer loop
      vertex   -1.138002e+002 1.471146e+002 5.551115e-015
      vertex   -1.137566e+002 1.467556e+002 5.551115e-015
      vertex   -1.137893e+002 1.469338e+002 5.551115e-015
    endloop
  endfacet
  facet normal 0.000000e+000 0.000000e+000 -8.000000e-001
    outer loop
      vertex   -1.100502e+002 1.930146e+002 5.551115e-015
      vertex   -1.060502e+002 1.900146e+002 5.551115e-015
      vertex   -1.100502e+002 1.870146e+002 5.551115e-015
    endloop
  endfacet
  facet normal 0.000000e+000 0.000000e+000 -6.000000e-001
    outer loop
      vertex   -1.100502e+002 1.870146e+002 5.551115e-015
      vertex   -1.060502e+002 1.900146e+002 5.551115e-015
      vertex   -1.060502e+002 1.870146e+002 5.551115e-015
    endloop
  endfacet
  facet normal 0.000000e+000 0.000000e+000 -1.000000e+000
    outer loop
      vertex   -1.100502e+002 1.870146e+002 5.551115e-015
      vertex   -1.060502e+002 1.870146e+002 5.551115e-015
      vertex   -1.100502e+002 1.456146e+002 5.551115e-015
    endloop
  endfacet
  facet normal 0.000000e+000 -0.000000e+000 -9.223735e-002
    outer loop
      vertex   -1.100395e+002 1.932453e+002 5.551115e-015
      vertex   -1.100076e+002 1.934740e+002 5.551115e-015
      vertex   -1.100502e+002 1.930146e+002 5.551115e-015
    endloop
  endfacet
  facet normal 0.000000e+000 0.000000e+000 -4.619120e-002
    outer loop
      vertex   -1.100502e+002 1.930146e+002 5.551115e-015
      vertex   -1.100076e+002 1.934740e+002 5.551115e-015
      vertex   -1.099548e+002 1.936988e+002 5.551115e-015
    endloop
  endfacet
  facet normal 0.000000e+000 0.000000e+000 -4.617875e-002
    outer loop
      vertex   -1.100502e+002 1.930146e+002 5.551115e-015
      vertex   -1.099548e+002 1.936988e+002 5.551115e-015
      vertex   -1.098814e+002 1.939177e+002 5.551115e-015
    endloop
  endfacet
  facet normal 0.000000e+000 -0.000000e+000 -2.289713e-001
    outer loop
      vertex   -1.098814e+002 1.939177e+002 5.551115e-015
      vertex   -1.097881e+002 1.941290e+002 5.551115e-015
      vertex   -1.100502e+002 1.930146e+002 5.551115e-015
    endloop
  endfacet
  facet normal 0.000000e+000 0.000000e+000 -4.618319e-002
    outer loop
      vertex   -1.100502e+002 1.930146e+002 5.551115e-015
      vertex   -1.097881e+002 1.941290e+002 5.551115e-015
      vertex   -1.096757e+002 1.943307e+002 5.551115e-015
    endloop
  endfacet
  facet normal 0.000000e+000 0.000000e+000 -4.617944e-002
    outer loop
      vertex   -1.100502e+002 1.930146e+002 5.551115e-015
      vertex   -1.096757e+002 1.943307e+002 5.551115e-015
      vertex   -1.095452e+002 1.945212e+002 5.551115e-015
    endloop
  endfacet
  facet normal 0.000000e+000 -0.000000e+000 -3.612744e-001
    outer loop
      vertex   -1.095452e+002 1.945212e+002 5.551115e-015
      vertex   -1.093977e+002 1.946989e+002 5.551115e-015
      vertex   -1.100502e+002 1.930146e+002 5.551115e-015
    endloop
  endfacet
  facet normal 0.000000e+000 0.000000e+000 -4.618401e-002
    outer loop
      vertex   -1.100502e+002 1.930146e+002 5.551115e-015
      vertex   -1.093977e+002 1.946989e+002 5.551115e-015
      vertex   -1.092344e+002 1.948621e+002 5.551115e-015
    endloop
  endfacet
  facet normal 0.000000e+000 0.000000e+000 -4.618255e-002
    outer loop
      vertex   -1.100502e+002 1.930146e+002 5.551115e-015
      vertex   -1.092344e+002 1.948621e+002 5.551115e-015
      vertex   -1.090568e+002 1.950097e+002 5.551115e-015
    endloop
  endfacet
  facet normal 0.000000e+000 -0.000000e+000 -4.865785e-001
    outer loop
      vertex   -1.090568e+002 1.950097e+002 5.551115e-015
      vertex   -1.088663e+002 1.951402e+002 5.551115e-015
      vertex   -1.100502e+002 1.930146e+002 5.551115e-015
    endloop
  endfacet
  facet normal 0.000000e+000 0.000000e+000 -4.618421e-002
    outer loop
      vertex   -1.100502e+002 1.930146e+002 5.551115e-015
      vertex   -1.088663e+002 1.951402e+002 5.551115e-015
      vertex   -1.086645e+002 1.952525e+002 5.551115e-015
    endloop
  endfacet
  facet normal 0.000000e+000 0.000000e+000 -9.997076e-001
    outer loop
      vertex   -1.100502e+002 1.930146e+002 5.551115e-015
      vertex   -1.086645e+002 1.952525e+002 5.551115e-015
      vertex   -1.060066e+002 1.903736e+002 5.551115e-015
    endloop
  endfacet
  facet normal 0.000000e+000 0.000000e+000 -4.152566e-002
    outer loop
      vertex   -1.060066e+002 1.903736e+002 5.551115e-015
      vertex   -1.086645e+002 1.952525e+002 5.551115e-015
      vertex   -1.084533e+002 1.953458e+002 5.551115e-015
    endloop
  endfacet
  facet normal 0.000000e+000 0.000000e+000 -4.149337e-002
    outer loop
      vertex   -1.060066e+002 1.903736e+002 5.551115e-015
      vertex   -1.084533e+002 1.953458e+002 5.551115e-015
      vertex   -1.082344e+002 1.954192e+002 5.551115e-015
    endloop
  endfacet
  facet normal 0.000000e+000 0.000000e+000 -9.829665e-001
    outer loop
      vertex   -1.082344e+002 1.954192e+002 5.551115e-015
      vertex   -1.080096e+002 1.954720e+002 5.551115e-015
      vertex   -1.060066e+002 1.903736e+002 5.551115e-015
    endloop
  endfacet
  facet normal 0.000000e+000 0.000000e+000 -6.259967e-001
    outer loop
      vertex   -1.060066e+002 1.903736e+002 5.551115e-015
      vertex   -1.080096e+002 1.954720e+002 5.551115e-015
      vertex   -1.059527e+002 1.905465e+002 5.551115e-015
    endloop
  endfacet
  facet normal 0.000000e+000 0.000000e+000 -4.226756e-002
    outer loop
      vertex   -1.059527e+002 1.905465e+002 5.551115e-015
      vertex   -1.080096e+002 1.954720e+002 5.551115e-015
      vertex   -1.077809e+002 1.955040e+002 5.551115e-015
    endloop
  endfacet
  facet normal 0.000000e+000 0.000000e+000 -4.217942e-002
    outer loop
      vertex   -1.059527e+002 1.905465e+002 5.551115e-015
      vertex   -1.077809e+002 1.955040e+002 5.551115e-015
      vertex   -1.075502e+002 1.955146e+002 5.551115e-015
    endloop
  endfacet
  facet normal -0.000000e+000 0.000000e+000 -7.525767e-002
    outer loop
      vertex   -5.155019e+001 1.955146e+002 5.551115e-015
      vertex   -1.045502e+002 1.915146e+002 5.551115e-015
      vertex   -1.075502e+002 1.955146e+002 5.551115e-015
    endloop
  endfacet
  facet normal 0.000000e+000 0.000000e+000 -3.084314e-002
    outer loop
      vertex   -1.075502e+002 1.955146e+002 5.551115e-015
      vertex   -1.045502e+002 1.915146e+002 5.551115e-015
      vertex   -1.047310e+002 1.915037e+002 5.551115e-015
    endloop
  endfacet
  facet normal 0.000000e+000 0.000000e+000 -3.406731e-002
    outer loop
      vertex   -1.075502e+002 1.955146e+002 5.551115e-015
      vertex   -1.047310e+002 1.915037e+002 5.551115e-015
      vertex   -1.049092e+002 1.914710e+002 5.551115e-015
    endloop
  endfacet
  facet normal -0.000000e+000 0.000000e+000 -9.532169e-001
    outer loop
      vertex   -5.131952e+001 1.955040e+002 5.551115e-015
      vertex   -5.314767e+001 1.905465e+002 5.551115e-015
      vertex   -5.155019e+001 1.955146e+002 5.551115e-015
    endloop
  endfacet
  facet normal 0.000000e+000 0.000000e+000 -2.385861e-002
    outer loop
      vertex   -5.155019e+001 1.955146e+002 5.551115e-015
      vertex   -5.314767e+001 1.905465e+002 5.551115e-015
      vertex   -5.322201e+001 1.907117e+002 5.551115e-015
    endloop
  endfacet
  facet normal 0.000000e+000 0.000000e+000 -2.804923e-002
    outer loop
      vertex   -5.155019e+001 1.955146e+002 5.551115e-015
      vertex   -5.322201e+001 1.907117e+002 5.551115e-015
      vertex   -5.331572e+001 1.908667e+002 5.551115e-015
    endloop
  endfacet
  facet normal 0.000000e+000 -0.000000e+000 -9.770441e-001
    outer loop
      vertex   -5.131952e+001 1.955040e+002 5.551115e-015
      vertex   -5.109082e+001 1.954720e+002 5.551115e-015
      vertex   -5.314767e+001 1.905465e+002 5.551115e-015
    endloop
  endfacet
  facet normal 0.000000e+000 0.000000e+000 -6.424214e-001
    outer loop
      vertex   -5.314767e+001 1.905465e+002 5.551115e-015
      vertex   -5.109082e+001 1.954720e+002 5.551115e-015
      vertex   -5.309378e+001 1.903736e+002 5.551115e-015
    endloop
  endfacet
  facet normal 0.000000e+000 0.000000e+000 -4.143630e-002
    outer loop
      vertex   -5.309378e+001 1.903736e+002 5.551115e-015
      vertex   -5.109082e+001 1.954720e+002 5.551115e-015
      vertex   -5.086604e+001 1.954192e+002 5.551115e-015
    endloop
  endfacet
  facet normal 0.000000e+000 0.000000e+000 -4.149337e-002
    outer loop
      vertex   -5.309378e+001 1.903736e+002 5.551115e-015
      vertex   -5.086604e+001 1.954192e+002 5.551115e-015
      vertex   -5.064709e+001 1.953458e+002 5.551115e-015
    endloop
  endfacet
  facet normal 0.000000e+000 -0.000000e+000 -9.991376e-001
    outer loop
      vertex   -5.064709e+001 1.953458e+002 5.551115e-015
      vertex   -5.043585e+001 1.952525e+002 5.551115e-015
      vertex   -5.309378e+001 1.903736e+002 5.551115e-015
    endloop
  endfacet
  facet normal 0.000000e+000 0.000000e+000 -4.736174e-001
    outer loop
      vertex   -5.309378e+001 1.903736e+002 5.551115e-015
      vertex   -5.043585e+001 1.952525e+002 5.551115e-015
      vertex   -4.905019e+001 1.930146e+002 5.551115e-015
    endloop
  endfacet
  facet normal 0.000000e+000 0.000000e+000 -9.221002e-001
    outer loop
      vertex   -5.309378e+001 1.903736e+002 5.551115e-015
      vertex   -4.905019e+001 1.930146e+002 5.551115e-015
      vertex   -5.306113e+001 1.901954e+002 5.551115e-015
    endloop
  endfacet
  facet normal 0.000000e+000 0.000000e+000 -8.513526e-001
    outer loop
      vertex   -5.306113e+001 1.901954e+002 5.551115e-015
      vertex   -4.905019e+001 1.930146e+002 5.551115e-015
      vertex   -5.305019e+001 1.900146e+002 5.551115e-015
    endloop
  endfacet
  facet normal 0.000000e+000 0.000000e+000 -9.600000e-001
    outer loop
      vertex   -5.305019e+001 1.900146e+002 5.551115e-015
      vertex   -4.905019e+001 1.930146e+002 5.551115e-015
      vertex   -4.905019e+001 1.870146e+002 5.551115e-015
    endloop
  endfacet
  facet normal 0.000000e+000 0.000000e+000 -4.866010e-001
    outer loop
      vertex   -5.043585e+001 1.952525e+002 5.551115e-015
      vertex   -5.023412e+001 1.951402e+002 5.551115e-015
      vertex   -4.905019e+001 1.930146e+002 5.551115e-015
    endloop
  endfacet
  facet normal 0.000000e+000 0.000000e+000 -4.618156e-002
    outer loop
      vertex   -4.905019e+001 1.930146e+002 5.551115e-015
      vertex   -5.023412e+001 1.951402e+002 5.551115e-015
      vertex   -5.004361e+001 1.950097e+002 5.551115e-015
    endloop
  endfacet
  facet normal 0.000000e+000 0.000000e+000 -4.618389e-002
    outer loop
      vertex   -4.905019e+001 1.930146e+002 5.551115e-015
      vertex   -5.004361e+001 1.950097e+002 5.551115e-015
      vertex   -4.986596e+001 1.948621e+002 5.551115e-015
    endloop
  endfacet
  facet normal 0.000000e+000 0.000000e+000 -3.612299e-001
    outer loop
      vertex   -4.986596e+001 1.948621e+002 5.551115e-015
      vertex   -4.970267e+001 1.946989e+002 5.551115e-015
      vertex   -4.905019e+001 1.930146e+002 5.551115e-015
    endloop
  endfacet
  facet normal 0.000000e+000 0.000000e+000 -4.618584e-002
    outer loop
      vertex   -4.905019e+001 1.930146e+002 5.551115e-015
      vertex   -4.970267e+001 1.946989e+002 5.551115e-015
      vertex   -4.955515e+001 1.945212e+002 5.551115e-015
    endloop
  endfacet
  facet normal 0.000000e+000 0.000000e+000 -4.618398e-002
    outer loop
      vertex   -4.905019e+001 1.930146e+002 5.551115e-015
      vertex   -4.955515e+001 1.945212e+002 5.551115e-015
      vertex   -4.942465e+001 1.943307e+002 5.551115e-015
    endloop
  endfacet
  facet normal 0.000000e+000 0.000000e+000 -2.289481e-001
    outer loop
      vertex   -4.942465e+001 1.943307e+002 5.551115e-015
      vertex   -4.931229e+001 1.941290e+002 5.551115e-015
      vertex   -4.905019e+001 1.930146e+002 5.551115e-015
    endloop
  endfacet
  facet normal 0.000000e+000 0.000000e+000 -4.618396e-002
    outer loop
      vertex   -4.905019e+001 1.930146e+002 5.551115e-015
      vertex   -4.931229e+001 1.941290e+002 5.551115e-015
      vertex   -4.921901e+001 1.939177e+002 5.551115e-015
    endloop
  endfacet
  facet normal 0.000000e+000 0.000000e+000 -4.618283e-002
    outer loop
      vertex   -4.905019e+001 1.930146e+002 5.551115e-015
      vertex   -4.921901e+001 1.939177e+002 5.551115e-015
      vertex   -4.914563e+001 1.936988e+002 5.551115e-015
    endloop
  endfacet
  facet normal 0.000000e+000 0.000000e+000 -9.227145e-002
    outer loop
      vertex   -4.914563e+001 1.936988e+002 5.551115e-015
      vertex   -4.909276e+001 1.934740e+002 5.551115e-015
      vertex   -4.905019e+001 1.930146e+002 5.551115e-015
    endloop
  endfacet
  facet normal 0.000000e+000 0.000000e+000 -4.617754e-002
    outer loop
      vertex   -4.905019e+001 1.930146e+002 5.551115e-015
      vertex   -4.909276e+001 1.934740e+002 5.551115e-015
      vertex   -4.906086e+001 1.932453e+002 5.551115e-015
    endloop
  endfacet
  facet normal 0.000000e+000 0.000000e+000 -8.560427e-001
    outer loop
      vertex   -5.331572e+001 1.908667e+002 5.551115e-015
      vertex   -5.342743e+001 1.910093e+002 5.551115e-015
      vertex   -5.155019e+001 1.955146e+002 5.551115e-015
    endloop
  endfacet
  facet normal 0.000000e+000 0.000000e+000 -3.478767e-002
    outer loop
      vertex   -5.155019e+001 1.955146e+002 5.551115e-015
      vertex   -5.342743e+001 1.910093e+002 5.551115e-015
      vertex   -5.355551e+001 1.911374e+002 5.551115e-015
    endloop
  endfacet
  facet normal 0.000000e+000 0.000000e+000 -3.688540e-002
    outer loop
      vertex   -5.155019e+001 1.955146e+002 5.551115e-015
      vertex   -5.355551e+001 1.911374e+002 5.551115e-015
      vertex   -5.369810e+001 1.912491e+002 5.551115e-015
    endloop
  endfacet
  facet normal 0.000000e+000 0.000000e+000 -9.970193e-001
    outer loop
      vertex   -5.369810e+001 1.912491e+002 5.551115e-015
      vertex   -5.385311e+001 1.913428e+002 5.551115e-015
      vertex   -5.155019e+001 1.955146e+002 5.551115e-015
    endloop
  endfacet
  facet normal 0.000000e+000 0.000000e+000 -3.774185e-002
    outer loop
      vertex   -5.155019e+001 1.955146e+002 5.551115e-015
      vertex   -5.385311e+001 1.913428e+002 5.551115e-015
      vertex   -5.401829e+001 1.914171e+002 5.551115e-015
    endloop
  endfacet
  facet normal 0.000000e+000 0.000000e+000 -3.643020e-002
    outer loop
      vertex   -5.155019e+001 1.955146e+002 5.551115e-015
      vertex   -5.401829e+001 1.914171e+002 5.551115e-015
      vertex   -5.419122e+001 1.914710e+002 5.551115e-015
    endloop
  endfacet
  facet normal 0.000000e+000 0.000000e+000 -9.220700e-001
    outer loop
      vertex   -5.419122e+001 1.914710e+002 5.551115e-015
      vertex   -5.436939e+001 1.915037e+002 5.551115e-015
      vertex   -5.155019e+001 1.955146e+002 5.551115e-015
    endloop
  endfacet
  facet normal 0.000000e+000 0.000000e+000 -3.084186e-002
    outer loop
      vertex   -5.155019e+001 1.955146e+002 5.551115e-015
      vertex   -5.436939e+001 1.915037e+002 5.551115e-015
      vertex   -5.455019e+001 1.915146e+002 5.551115e-015
    endloop
  endfacet
  facet normal 0.000000e+000 0.000000e+000 -7.525767e-001
    outer loop
      vertex   -5.155019e+001 1.955146e+002 5.551115e-015
      vertex   -5.455019e+001 1.915146e+002 5.551115e-015
      vertex   -1.045502e+002 1.915146e+002 5.551115e-015
    endloop
  endfacet
  facet normal -0.000000e+000 0.000000e+000 -9.620268e-001
    outer loop
      vertex   -1.049092e+002 1.914710e+002 5.551115e-015
      vertex   -1.050821e+002 1.914171e+002 5.551115e-015
      vertex   -1.075502e+002 1.955146e+002 5.551115e-015
    endloop
  endfacet
  facet normal 0.000000e+000 0.000000e+000 -3.774325e-002
    outer loop
      vertex   -1.075502e+002 1.955146e+002 5.551115e-015
      vertex   -1.050821e+002 1.914171e+002 5.551115e-015
      vertex   -1.052473e+002 1.913428e+002 5.551115e-015
    endloop
  endfacet
  facet normal 0.000000e+000 0.000000e+000 -3.789704e-002
    outer loop
      vertex   -1.075502e+002 1.955146e+002 5.551115e-015
      vertex   -1.052473e+002 1.913428e+002 5.551115e-015
      vertex   -1.054023e+002 1.912491e+002 5.551115e-015
    endloop
  endfacet
  facet normal -0.000000e+000 0.000000e+000 -9.804448e-001
    outer loop
      vertex   -1.054023e+002 1.912491e+002 5.551115e-015
      vertex   -1.055449e+002 1.911374e+002 5.551115e-015
      vertex   -1.075502e+002 1.955146e+002 5.551115e-015
    endloop
  endfacet
  facet normal 0.000000e+000 0.000000e+000 -3.478767e-002
    outer loop
      vertex   -1.075502e+002 1.955146e+002 5.551115e-015
      vertex   -1.055449e+002 1.911374e+002 5.551115e-015
      vertex   -1.056730e+002 1.910093e+002 5.551115e-015
    endloop
  endfacet
  facet normal 0.000000e+000 0.000000e+000 -3.177047e-002
    outer loop
      vertex   -1.075502e+002 1.955146e+002 5.551115e-015
      vertex   -1.056730e+002 1.910093e+002 5.551115e-015
      vertex   -1.057847e+002 1.908667e+002 5.551115e-015
    endloop
  endfacet
  facet normal -0.000000e+000 0.000000e+000 -7.875167e-001
    outer loop
      vertex   -1.057847e+002 1.908667e+002 5.551115e-015
      vertex   -1.058784e+002 1.907117e+002 5.551115e-015
      vertex   -1.075502e+002 1.955146e+002 5.551115e-015
    endloop
  endfacet
  facet normal 0.000000e+000 0.000000e+000 -2.385860e-002
    outer loop
      vertex   -1.075502e+002 1.955146e+002 5.551115e-015
      vertex   -1.058784e+002 1.907117e+002 5.551115e-015
      vertex   -1.059527e+002 1.905465e+002 5.551115e-015
    endloop
  endfacet
  facet normal -0.000000e+000 0.000000e+000 -9.221000e-001
    outer loop
      vertex   -1.060066e+002 1.903736e+002 5.551115e-015
      vertex   -1.060393e+002 1.901954e+002 5.551115e-015
      vertex   -1.100502e+002 1.930146e+002 5.551115e-015
    endloop
  endfacet
  facet normal 0.000000e+000 0.000000e+000 -3.084097e-002
    outer loop
      vertex   -1.100502e+002 1.930146e+002 5.551115e-015
      vertex   -1.060393e+002 1.901954e+002 5.551115e-015
      vertex   -1.060502e+002 1.900146e+002 5.551115e-015
    endloop
  endfacet
  facet normal 0.000000e+000 0.000000e+000 -1.000000e+000
    outer loop
      vertex   -5.305019e+001 1.456146e+002 5.551115e-015
      vertex   -1.060502e+002 1.456146e+002 5.551115e-015
      vertex   -5.305019e+001 1.870146e+002 5.551115e-015
    endloop
  endfacet
  facet normal 0.000000e+000 -0.000000e+000 -8.560427e-001
    outer loop
      vertex   -1.057847e+002 1.417625e+002 5.551115e-015
      vertex   -1.056730e+002 1.416199e+002 5.551115e-015
      vertex   -1.075502e+002 1.371146e+002 5.551115e-015
    endloop
  endfacet
  facet normal 0.000000e+000 0.000000e+000 -3.478767e-002
    outer loop
      vertex   -1.075502e+002 1.371146e+002 5.551115e-015
      vertex   -1.056730e+002 1.416199e+002 5.551115e-015
      vertex   -1.055449e+002 1.414919e+002 5.551115e-015
    endloop
  endfacet
  facet normal 0.000000e+000 0.000000e+000 -3.688540e-002
    outer loop
      vertex   -1.075502e+002 1.371146e+002 5.551115e-015
      vertex   -1.055449e+002 1.414919e+002 5.551115e-015
      vertex   -1.054023e+002 1.413801e+002 5.551115e-015
    endloop
  endfacet
  facet normal 0.000000e+000 -0.000000e+000 -9.970176e-001
    outer loop
      vertex   -1.054023e+002 1.413801e+002 5.551115e-015
      vertex   -1.052473e+002 1.412864e+002 5.551115e-015
      vertex   -1.075502e+002 1.371146e+002 5.551115e-015
    endloop
  endfacet
  facet normal 0.000000e+000 0.000000e+000 -3.774325e-002
    outer loop
      vertex   -1.075502e+002 1.371146e+002 5.551115e-015
      vertex   -1.052473e+002 1.412864e+002 5.551115e-015
      vertex   -1.050821e+002 1.412121e+002 5.551115e-015
    endloop
  endfacet
  facet normal 0.000000e+000 0.000000e+000 -3.642888e-002
    outer loop
      vertex   -1.075502e+002 1.371146e+002 5.551115e-015
      vertex   -1.050821e+002 1.412121e+002 5.551115e-015
      vertex   -1.049092e+002 1.411582e+002 5.551115e-015
    endloop
  endfacet
  facet normal 0.000000e+000 -0.000000e+000 -9.221026e-001
    outer loop
      vertex   -1.049092e+002 1.411582e+002 5.551115e-015
      vertex   -1.047310e+002 1.411255e+002 5.551115e-015
      vertex   -1.075502e+002 1.371146e+002 5.551115e-015
    endloop
  endfacet
  facet normal 0.000000e+000 0.000000e+000 -3.084135e-002
    outer loop
      vertex   -1.075502e+002 1.371146e+002 5.551115e-015
      vertex   -1.047310e+002 1.411255e+002 5.551115e-015
      vertex   -1.045502e+002 1.411146e+002 5.551115e-015
    endloop
  endfacet
  facet normal 0.000000e+000 0.000000e+000 -7.525767e-001
    outer loop
      vertex   -1.075502e+002 1.371146e+002 5.551115e-015
      vertex   -1.045502e+002 1.411146e+002 5.551115e-015
      vertex   -5.455019e+001 1.411146e+002 5.551115e-015
    endloop
  endfacet
  facet normal 0.000000e+000 0.000000e+000 -9.620231e-001
    outer loop
      vertex   -5.419122e+001 1.411582e+002 5.551115e-015
      vertex   -5.401829e+001 1.412121e+002 5.551115e-015
      vertex   -5.155019e+001 1.371146e+002 5.551115e-015
    endloop
  endfacet
  facet normal 0.000000e+000 0.000000e+000 -3.774185e-002
    outer loop
      vertex   -5.155019e+001 1.371146e+002 5.551115e-015
      vertex   -5.401829e+001 1.412121e+002 5.551115e-015
      vertex   -5.385311e+001 1.412864e+002 5.551115e-015
    endloop
  endfacet
  facet normal 0.000000e+000 0.000000e+000 -3.789844e-002
    outer loop
      vertex   -5.155019e+001 1.371146e+002 5.551115e-015
      vertex   -5.385311e+001 1.412864e+002 5.551115e-015
      vertex   -5.369810e+001 1.413801e+002 5.551115e-015
    endloop
  endfacet
  facet normal 0.000000e+000 0.000000e+000 -9.804448e-001
    outer loop
      vertex   -5.369810e+001 1.413801e+002 5.551115e-015
      vertex   -5.355551e+001 1.414919e+002 5.551115e-015
      vertex   -5.155019e+001 1.371146e+002 5.551115e-015
    endloop
  endfacet
  facet normal 0.000000e+000 0.000000e+000 -3.478767e-002
    outer loop
      vertex   -5.155019e+001 1.371146e+002 5.551115e-015
      vertex   -5.355551e+001 1.414919e+002 5.551115e-015
      vertex   -5.342743e+001 1.416199e+002 5.551115e-015
    endloop
  endfacet
  facet normal 0.000000e+000 0.000000e+000 -3.177047e-002
    outer loop
      vertex   -5.155019e+001 1.371146e+002 5.551115e-015
      vertex   -5.342743e+001 1.416199e+002 5.551115e-015
      vertex   -5.331572e+001 1.417625e+002 5.551115e-015
    endloop
  endfacet
  facet normal 0.000000e+000 0.000000e+000 -7.875324e-001
    outer loop
      vertex   -5.331572e+001 1.417625e+002 5.551115e-015
      vertex   -5.322201e+001 1.419175e+002 5.551115e-015
      vertex   -5.155019e+001 1.371146e+002 5.551115e-015
    endloop
  endfacet
  facet normal 0.000000e+000 0.000000e+000 -2.385959e-002
    outer loop
      vertex   -5.155019e+001 1.371146e+002 5.551115e-015
      vertex   -5.322201e+001 1.419175e+002 5.551115e-015
      vertex   -5.314767e+001 1.420827e+002 5.551115e-015
    endloop
  endfacet
  facet normal 0.000000e+000 0.000000e+000 -9.221060e-001
    outer loop
      vertex   -5.309378e+001 1.422556e+002 5.551115e-015
      vertex   -5.306113e+001 1.424338e+002 5.551115e-015
      vertex   -4.905019e+001 1.396146e+002 5.551115e-015
    endloop
  endfacet
  facet normal 0.000000e+000 0.000000e+000 -3.084396e-002
    outer loop
      vertex   -4.905019e+001 1.396146e+002 5.551115e-015
      vertex   -5.306113e+001 1.424338e+002 5.551115e-015
      vertex   -5.305019e+001 1.426146e+002 5.551115e-015
    endloop
  endfacet
  facet normal 2.473509e-003 5.658152e-002 0.000000e+000
    outer loop
      vertex   -1.107502e+002 1.460146e+002 1.890000e+001
      vertex   -1.107502e+002 1.460146e+002 1.590000e+001
      vertex   -1.108940e+002 1.460209e+002 1.636250e+001
    endloop
  endfacet
  facet normal 2.133684e-002 3.798899e-001 1.470600e-003
    outer loop
      vertex   -1.108940e+002 1.460209e+002 1.636250e+001
      vertex   -1.107502e+002 1.460146e+002 1.590000e+001
      vertex   -1.109349e+002 1.460250e+002 1.590000e+001
    endloop
  endfacet
  facet normal 1.443244e-001 9.855567e-001 -4.058710e-003
    outer loop
      vertex   -1.108940e+002 1.460209e+002 1.636250e+001
      vertex   -1.109349e+002 1.460250e+002 1.590000e+001
      vertex   -1.110839e+002 1.460487e+002 1.636250e+001
    endloop
  endfacet
  facet normal 6.353188e-002 3.739654e-001 1.283298e-003
    outer loop
      vertex   -1.110839e+002 1.460487e+002 1.636250e+001
      vertex   -1.109349e+002 1.460250e+002 1.590000e+001
      vertex   -1.111174e+002 1.460560e+002 1.590000e+001
    endloop
  endfacet
  facet normal 2.581372e-001 9.632761e-001 -3.538642e-003
    outer loop
      vertex   -1.110839e+002 1.460487e+002 1.636250e+001
      vertex   -1.111174e+002 1.460560e+002 1.590000e+001
      vertex   -1.112692e+002 1.460984e+002 1.636250e+001
    endloop
  endfacet
  facet normal 1.046478e-001 3.632435e-001 1.064314e-003
    outer loop
      vertex   -1.112692e+002 1.460984e+002 1.636250e+001
      vertex   -1.111174e+002 1.460560e+002 1.590000e+001
      vertex   -1.112952e+002 1.461072e+002 1.590000e+001
    endloop
  endfacet
  facet normal 3.685074e-001 9.277384e-001 -2.964490e-003
    outer loop
      vertex   -1.112692e+002 1.460984e+002 1.636250e+001
      vertex   -1.112952e+002 1.461072e+002 1.590000e+001
      vertex   -1.114475e+002 1.461692e+002 1.636250e+001
    endloop
  endfacet
  facet normal 1.441211e-001 3.478967e-001 8.427742e-004
    outer loop
      vertex   -1.114475e+002 1.461692e+002 1.636250e+001
      vertex   -1.112952e+002 1.461072e+002 1.590000e+001
      vertex   -1.114661e+002 1.461780e+002 1.590000e+001
    endloop
  endfacet
  facet normal 4.741265e-001 8.793347e-001 -2.284058e-003
    outer loop
      vertex   -1.114475e+002 1.461692e+002 1.636250e+001
      vertex   -1.114661e+002 1.461780e+002 1.590000e+001
      vertex   -1.116164e+002 1.462603e+002 1.636250e+001
    endloop
  endfacet
  facet normal 1.813677e-001 3.282090e-001 5.778794e-004
    outer loop
      vertex   -1.116164e+002 1.462603e+002 1.636250e+001
      vertex   -1.114661e+002 1.461780e+002 1.590000e+001
      vertex   -1.116281e+002 1.462675e+002 1.590000e+001
    endloop
  endfacet
  facet normal 5.733517e-001 8.187730e-001 -1.601769e-003
    outer loop
      vertex   -1.116164e+002 1.462603e+002 1.636250e+001
      vertex   -1.116281e+002 1.462675e+002 1.590000e+001
      vertex   -1.117736e+002 1.463703e+002 1.636250e+001
    endloop
  endfacet
  facet normal 2.160340e-001 3.044270e-001 3.033805e-004
    outer loop
      vertex   -1.117736e+002 1.463703e+002 1.636250e+001
      vertex   -1.116281e+002 1.462675e+002 1.590000e+001
      vertex   -1.117790e+002 1.463746e+002 1.590000e+001
    endloop
  endfacet
  facet normal 6.647249e-001 7.469409e-001 -8.195121e-004
    outer loop
      vertex   -1.117736e+002 1.463703e+002 1.636250e+001
      vertex   -1.117790e+002 1.463746e+002 1.590000e+001
      vertex   -1.119169e+002 1.464979e+002 1.636250e+001
    endloop
  endfacet
  facet normal 2.475033e-001 2.769709e-001 0.000000e+000
    outer loop
      vertex   -1.119169e+002 1.464979e+002 1.636250e+001
      vertex   -1.117790e+002 1.463746e+002 1.590000e+001
      vertex   -1.119169e+002 1.464979e+002 1.590000e+001
    endloop
  endfacet
  facet normal 2.769709e-001 2.475033e-001 0.000000e+000
    outer loop
      vertex   -1.119169e+002 1.464979e+002 1.636250e+001
      vertex   -1.119169e+002 1.464979e+002 1.590000e+001
      vertex   -1.120402e+002 1.466359e+002 1.590000e+001
    endloop
  endfacet
  facet normal 6.935959e-001 6.172147e-001 -7.719971e-004
    outer loop
      vertex   -1.119169e+002 1.464979e+002 1.636250e+001
      vertex   -1.120402e+002 1.466359e+002 1.590000e+001
      vertex   -1.120445e+002 1.466412e+002 1.636250e+001
    endloop
  endfacet
  facet normal 3.044130e-001 2.160196e-001 2.983968e-004
    outer loop
      vertex   -1.120445e+002 1.466412e+002 1.636250e+001
      vertex   -1.120402e+002 1.466359e+002 1.590000e+001
      vertex   -1.121473e+002 1.467868e+002 1.590000e+001
    endloop
  endfacet
  facet normal 7.643589e-001 5.352738e-001 -1.495972e-003
    outer loop
      vertex   -1.120445e+002 1.466412e+002 1.636250e+001
      vertex   -1.121473e+002 1.467868e+002 1.590000e+001
      vertex   -1.121545e+002 1.467984e+002 1.636250e+001
    endloop
  endfacet
  facet normal 3.282221e-001 1.813818e-001 5.777283e-004
    outer loop
      vertex   -1.121545e+002 1.467984e+002 1.636250e+001
      vertex   -1.121473e+002 1.467868e+002 1.590000e+001
      vertex   -1.122368e+002 1.469487e+002 1.590000e+001
    endloop
  endfacet
  facet normal 8.253890e-001 4.450196e-001 -2.156743e-003
    outer loop
      vertex   -1.121545e+002 1.467984e+002 1.636250e+001
      vertex   -1.122368e+002 1.469487e+002 1.590000e+001
      vertex   -1.122456e+002 1.469673e+002 1.636250e+001
    endloop
  endfacet
  facet normal 3.478968e-001 1.441056e-001 8.376595e-004
    outer loop
      vertex   -1.122456e+002 1.469673e+002 1.636250e+001
      vertex   -1.122368e+002 1.469487e+002 1.590000e+001
      vertex   -1.123076e+002 1.471197e+002 1.590000e+001
    endloop
  endfacet
  facet normal 8.756191e-001 3.478574e-001 -2.780704e-003
    outer loop
      vertex   -1.122456e+002 1.469673e+002 1.636250e+001
      vertex   -1.123076e+002 1.471197e+002 1.590000e+001
      vertex   -1.123164e+002 1.471456e+002 1.636250e+001
    endloop
  endfacet
  facet normal 3.632286e-001 1.046480e-001 1.071737e-003
    outer loop
      vertex   -1.123164e+002 1.471456e+002 1.636250e+001
      vertex   -1.123076e+002 1.471197e+002 1.590000e+001
      vertex   -1.123588e+002 1.472975e+002 1.590000e+001
    endloop
  endfacet
  facet normal 9.142798e-001 2.449595e-001 -3.359236e-003
    outer loop
      vertex   -1.123164e+002 1.471456e+002 1.636250e+001
      vertex   -1.123588e+002 1.472975e+002 1.590000e+001
      vertex   -1.123661e+002 1.473310e+002 1.636250e+001
    endloop
  endfacet
  facet normal 3.739664e-001 6.354770e-002 1.281120e-003
    outer loop
      vertex   -1.123661e+002 1.473310e+002 1.636250e+001
      vertex   -1.123588e+002 1.472975e+002 1.590000e+001
      vertex   -1.123898e+002 1.474799e+002 1.590000e+001
    endloop
  endfacet
  facet normal 9.407079e-001 1.377946e-001 -3.879633e-003
    outer loop
      vertex   -1.123661e+002 1.473310e+002 1.636250e+001
      vertex   -1.123898e+002 1.474799e+002 1.590000e+001
      vertex   -1.123939e+002 1.475208e+002 1.636250e+001
    endloop
  endfacet
  facet normal 3.798912e-001 2.132123e-002 1.471641e-003
    outer loop
      vertex   -1.123939e+002 1.475208e+002 1.636250e+001
      vertex   -1.123898e+002 1.474799e+002 1.590000e+001
      vertex   -1.124002e+002 1.476646e+002 1.590000e+001
    endloop
  endfacet
  facet normal 3.504187e-001 1.530107e-002 -1.084202e-019
    outer loop
      vertex   -1.123939e+002 1.475208e+002 1.636250e+001
      vertex   -1.124002e+002 1.476646e+002 1.590000e+001
      vertex   -1.124002e+002 1.476646e+002 1.890000e+001
    endloop
  endfacet
  facet normal 9.968264e-001 5.594644e-002 -7.038295e-004
    outer loop
      vertex   -1.124002e+002 1.476646e+002 1.890000e+001
      vertex   -1.123898e+002 1.474799e+002 1.890000e+001
      vertex   -1.123939e+002 1.475208e+002 1.636250e+001
    endloop
  endfacet
  facet normal 9.893115e-001 1.449140e-001 7.436596e-004
    outer loop
      vertex   -1.123939e+002 1.475208e+002 1.636250e+001
      vertex   -1.123898e+002 1.474799e+002 1.890000e+001
      vertex   -1.123661e+002 1.473310e+002 1.636250e+001
    endloop
  endfacet
  facet normal 9.841314e-001 1.672324e-001 -6.144911e-004
    outer loop
      vertex   -1.123898e+002 1.474799e+002 1.890000e+001
      vertex   -1.123588e+002 1.472975e+002 1.890000e+001
      vertex   -1.123661e+002 1.473310e+002 1.636250e+001
    endloop
  endfacet
  facet normal 9.658432e-001 2.587747e-001 6.468048e-004
    outer loop
      vertex   -1.123661e+002 1.473310e+002 1.636250e+001
      vertex   -1.123588e+002 1.472975e+002 1.890000e+001
      vertex   -1.123164e+002 1.471456e+002 1.636250e+001
    endloop
  endfacet
  facet normal 9.590657e-001 2.763117e-001 -5.157766e-004
    outer loop
      vertex   -1.123588e+002 1.472975e+002 1.890000e+001
      vertex   -1.123076e+002 1.471197e+002 1.890000e+001
      vertex   -1.123164e+002 1.471456e+002 1.636250e+001
    endloop
  endfacet
  facet normal 9.292946e-001 3.691811e-001 5.378959e-004
    outer loop
      vertex   -1.123164e+002 1.471456e+002 1.636250e+001
      vertex   -1.123076e+002 1.471197e+002 1.890000e+001
      vertex   -1.122456e+002 1.469673e+002 1.636250e+001
    endloop
  endfacet
  facet normal 9.219426e-001 3.818865e-001 -4.046003e-004
    outer loop
      vertex   -1.123076e+002 1.471197e+002 1.890000e+001
      vertex   -1.122368e+002 1.469487e+002 1.890000e+001
      vertex   -1.122456e+002 1.469673e+002 1.636250e+001
    endloop
  endfacet
  facet normal 8.801842e-001 4.745631e-001 4.191973e-004
    outer loop
      vertex   -1.122456e+002 1.469673e+002 1.636250e+001
      vertex   -1.122368e+002 1.469487e+002 1.890000e+001
      vertex   -1.121545e+002 1.467984e+002 1.636250e+001
    endloop
  endfacet
  facet normal 8.732575e-001 4.825788e-001 -2.801582e-004
    outer loop
      vertex   -1.122368e+002 1.469487e+002 1.890000e+001
      vertex   -1.121473e+002 1.467868e+002 1.890000e+001
      vertex   -1.121545e+002 1.467984e+002 1.636250e+001
    endloop
  endfacet
  facet normal 8.191078e-001 5.736141e-001 2.921948e-004
    outer loop
      vertex   -1.121545e+002 1.467984e+002 1.636250e+001
      vertex   -1.121473e+002 1.467868e+002 1.890000e+001
      vertex   -1.120445e+002 1.466412e+002 1.636250e+001
    endloop
  endfacet
  facet normal 8.135235e-001 5.772981e-001 -1.453471e-004
    outer loop
      vertex   -1.121473e+002 1.467868e+002 1.890000e+001
      vertex   -1.120402e+002 1.466359e+002 1.890000e+001
      vertex   -1.120445e+002 1.466412e+002 1.636250e+001
    endloop
  endfacet
  facet normal 7.470401e-001 6.647735e-001 1.515508e-004
    outer loop
      vertex   -1.120445e+002 1.466412e+002 1.636250e+001
      vertex   -1.120402e+002 1.466359e+002 1.890000e+001
      vertex   -1.119169e+002 1.464979e+002 1.636250e+001
    endloop
  endfacet
  facet normal 7.436851e-001 6.645626e-001 0.000000e+000
    outer loop
      vertex   -1.120402e+002 1.466359e+002 1.890000e+001
      vertex   -1.119169e+002 1.464979e+002 1.890000e+001
      vertex   -1.119169e+002 1.464979e+002 1.636250e+001
    endloop
  endfacet
  facet normal 4.845893e-002 5.422842e-002 -0.000000e+000
    outer loop
      vertex   -1.119169e+002 1.464979e+002 1.636250e+001
      vertex   -1.119169e+002 1.464979e+002 1.890000e+001
      vertex   -1.117790e+002 1.463746e+002 1.890000e+001
    endloop
  endfacet
  facet normal 6.630377e-001 7.450450e-001 1.489899e-004
    outer loop
      vertex   -1.119169e+002 1.464979e+002 1.636250e+001
      vertex   -1.117790e+002 1.463746e+002 1.890000e+001
      vertex   -1.117736e+002 1.463703e+002 1.636250e+001
    endloop
  endfacet
  facet normal 4.209763e-002 5.932238e-002 -1.077527e-005
    outer loop
      vertex   -1.117736e+002 1.463703e+002 1.636250e+001
      vertex   -1.117790e+002 1.463746e+002 1.890000e+001
      vertex   -1.116281e+002 1.462675e+002 1.890000e+001
    endloop
  endfacet
  facet normal 5.721948e-001 8.171208e-001 2.913586e-004
    outer loop
      vertex   -1.117736e+002 1.463703e+002 1.636250e+001
      vertex   -1.116281e+002 1.462675e+002 1.890000e+001
      vertex   -1.116164e+002 1.462603e+002 1.636250e+001
    endloop
  endfacet
  facet normal 3.518746e-002 6.367639e-002 -2.043480e-005
    outer loop
      vertex   -1.116164e+002 1.462603e+002 1.636250e+001
      vertex   -1.116281e+002 1.462675e+002 1.890000e+001
      vertex   -1.114661e+002 1.461780e+002 1.890000e+001
    endloop
  endfacet
  facet normal 4.735171e-001 8.782045e-001 4.157706e-004
    outer loop
      vertex   -1.116164e+002 1.462603e+002 1.636250e+001
      vertex   -1.114661e+002 1.461780e+002 1.890000e+001
      vertex   -1.114475e+002 1.461692e+002 1.636250e+001
    endloop
  endfacet
  facet normal 2.784843e-002 6.722386e-002 -2.968176e-005
    outer loop
      vertex   -1.114475e+002 1.461692e+002 1.636250e+001
      vertex   -1.114661e+002 1.461780e+002 1.890000e+001
      vertex   -1.112952e+002 1.461072e+002 1.890000e+001
    endloop
  endfacet
  facet normal 3.683815e-001 9.274215e-001 5.401406e-004
    outer loop
      vertex   -1.114475e+002 1.461692e+002 1.636250e+001
      vertex   -1.112952e+002 1.461072e+002 1.890000e+001
      vertex   -1.112692e+002 1.460984e+002 1.636250e+001
    endloop
  endfacet
  facet normal 2.014668e-002 6.993123e-002 -3.734638e-005
    outer loop
      vertex   -1.112692e+002 1.460984e+002 1.636250e+001
      vertex   -1.112952e+002 1.461072e+002 1.890000e+001
      vertex   -1.111174e+002 1.460560e+002 1.890000e+001
    endloop
  endfacet
  facet normal 2.583473e-001 9.640601e-001 6.454984e-004
    outer loop
      vertex   -1.112692e+002 1.460984e+002 1.636250e+001
      vertex   -1.111174e+002 1.460560e+002 1.890000e+001
      vertex   -1.110839e+002 1.460487e+002 1.636250e+001
    endloop
  endfacet
  facet normal 1.219042e-002 7.175603e-002 -4.488070e-005
    outer loop
      vertex   -1.110839e+002 1.460487e+002 1.636250e+001
      vertex   -1.111174e+002 1.460560e+002 1.890000e+001
      vertex   -1.109349e+002 1.460250e+002 1.890000e+001
    endloop
  endfacet
  facet normal 1.446390e-001 9.877047e-001 7.413765e-004
    outer loop
      vertex   -1.110839e+002 1.460487e+002 1.636250e+001
      vertex   -1.109349e+002 1.460250e+002 1.890000e+001
      vertex   -1.108940e+002 1.460209e+002 1.636250e+001
    endloop
  endfacet
  facet normal 4.081955e-003 7.267680e-002 -5.127878e-005
    outer loop
      vertex   -1.108940e+002 1.460209e+002 1.636250e+001
      vertex   -1.109349e+002 1.460250e+002 1.890000e+001
      vertex   -1.107502e+002 1.460146e+002 1.890000e+001
    endloop
  endfacet
  facet normal -9.984264e-001 5.607747e-002 0.000000e+000
    outer loop
      vertex   -4.670020e+001 1.476646e+002 1.590000e+001
      vertex   -4.671057e+001 1.474799e+002 1.590000e+001
      vertex   -4.670020e+001 1.476646e+002 1.890000e+001
    endloop
  endfacet
  facet normal -9.965328e-001 5.597112e-002 0.000000e+000
    outer loop
      vertex   -4.670020e+001 1.476646e+002 1.890000e+001
      vertex   -4.671057e+001 1.474799e+002 1.590000e+001
      vertex   -4.671057e+001 1.474799e+002 1.890000e+001
    endloop
  endfacet
  facet normal -6.069095e-002 1.031188e-002 0.000000e+000
    outer loop
      vertex   -4.671057e+001 1.474799e+002 1.890000e+001
      vertex   -4.671057e+001 1.474799e+002 1.590000e+001
      vertex   -4.674157e+001 1.472975e+002 1.590000e+001
    endloop
  endfacet
  facet normal -9.840010e-001 1.671896e-001 0.000000e+000
    outer loop
      vertex   -4.671057e+001 1.474799e+002 1.890000e+001
      vertex   -4.674157e+001 1.472975e+002 1.590000e+001
      vertex   -4.674157e+001 1.472975e+002 1.890000e+001
    endloop
  endfacet
  facet normal -5.915274e-002 1.704220e-002 0.000000e+000
    outer loop
      vertex   -4.674157e+001 1.472975e+002 1.890000e+001
      vertex   -4.674157e+001 1.472975e+002 1.590000e+001
      vertex   -4.679279e+001 1.471197e+002 1.590000e+001
    endloop
  endfacet
  facet normal -9.590924e-001 2.763194e-001 0.000000e+000
    outer loop
      vertex   -4.674157e+001 1.472975e+002 1.890000e+001
      vertex   -4.679279e+001 1.471197e+002 1.590000e+001
      vertex   -4.679279e+001 1.471197e+002 1.890000e+001
    endloop
  endfacet
  facet normal -5.687334e-002 2.355804e-002 0.000000e+000
    outer loop
      vertex   -4.679279e+001 1.471197e+002 1.890000e+001
      vertex   -4.679279e+001 1.471197e+002 1.590000e+001
      vertex   -4.686360e+001 1.469487e+002 1.590000e+001
    endloop
  endfacet
  facet normal -9.221254e-001 3.819622e-001 0.000000e+000
    outer loop
      vertex   -4.679279e+001 1.471197e+002 1.890000e+001
      vertex   -4.686360e+001 1.469487e+002 1.590000e+001
      vertex   -4.686360e+001 1.469487e+002 1.890000e+001
    endloop
  endfacet
  facet normal -5.388319e-002 2.977815e-002 0.000000e+000
    outer loop
      vertex   -4.686360e+001 1.469487e+002 1.890000e+001
      vertex   -4.686360e+001 1.469487e+002 1.590000e+001
      vertex   -4.695310e+001 1.467868e+002 1.590000e+001
    endloop
  endfacet
  facet normal -8.735772e-001 4.827761e-001 0.000000e+000
    outer loop
      vertex   -4.686360e+001 1.469487e+002 1.890000e+001
      vertex   -4.695310e+001 1.467868e+002 1.590000e+001
      vertex   -4.695310e+001 1.467868e+002 1.890000e+001
    endloop
  endfacet
  facet normal -5.020267e-002 3.562262e-002 0.000000e+000
    outer loop
      vertex   -4.695310e+001 1.467868e+002 1.890000e+001
      vertex   -4.695310e+001 1.467868e+002 1.590000e+001
      vertex   -4.706017e+001 1.466359e+002 1.590000e+001
    endloop
  endfacet
  facet normal -8.139994e-001 5.775947e-001 0.000000e+000
    outer loop
      vertex   -4.695310e+001 1.467868e+002 1.890000e+001
      vertex   -4.706017e+001 1.466359e+002 1.590000e+001
      vertex   -4.706017e+001 1.466359e+002 1.890000e+001
    endloop
  endfacet
  facet normal -7.456493e-001 6.663386e-001 0.000000e+000
    outer loop
      vertex   -4.706017e+001 1.466359e+002 1.890000e+001
      vertex   -4.706017e+001 1.466359e+002 1.590000e+001
      vertex   -4.718347e+001 1.464979e+002 1.890000e+001
    endloop
  endfacet
  facet normal -4.590276e-002 4.102033e-002 0.000000e+000
    outer loop
      vertex   -4.718347e+001 1.464979e+002 1.890000e+001
      vertex   -4.706017e+001 1.466359e+002 1.590000e+001
      vertex   -4.718347e+001 1.464979e+002 1.590000e+001
    endloop
  endfacet
  facet normal -6.663271e-001 7.456596e-001 0.000000e+000
    outer loop
      vertex   -4.718347e+001 1.464979e+002 1.890000e+001
      vertex   -4.718347e+001 1.464979e+002 1.590000e+001
      vertex   -4.732144e+001 1.463746e+002 1.890000e+001
    endloop
  endfacet
  facet normal -4.101906e-002 4.590277e-002 0.000000e+000
    outer loop
      vertex   -4.732144e+001 1.463746e+002 1.890000e+001
      vertex   -4.718347e+001 1.464979e+002 1.590000e+001
      vertex   -4.732144e+001 1.463746e+002 1.590000e+001
    endloop
  endfacet
  facet normal -3.562769e-002 5.020646e-002 0.000000e+000
    outer loop
      vertex   -4.732144e+001 1.463746e+002 1.890000e+001
      vertex   -4.732144e+001 1.463746e+002 1.590000e+001
      vertex   -4.747234e+001 1.462675e+002 1.590000e+001
    endloop
  endfacet
  facet normal -5.776201e-001 8.139809e-001 -3.469447e-018
    outer loop
      vertex   -4.732144e+001 1.463746e+002 1.890000e+001
      vertex   -4.747234e+001 1.462675e+002 1.590000e+001
      vertex   -4.747234e+001 1.462675e+002 1.890000e+001
    endloop
  endfacet
  facet normal -2.977436e-002 5.387940e-002 0.000000e+000
    outer loop
      vertex   -4.747234e+001 1.462675e+002 1.890000e+001
      vertex   -4.747234e+001 1.462675e+002 1.590000e+001
      vertex   -4.763429e+001 1.461780e+002 1.590000e+001
    endloop
  endfacet
  facet normal -4.827551e-001 8.735892e-001 0.000000e+000
    outer loop
      vertex   -4.747234e+001 1.462675e+002 1.890000e+001
      vertex   -4.763429e+001 1.461780e+002 1.590000e+001
      vertex   -4.763429e+001 1.461780e+002 1.890000e+001
    endloop
  endfacet
  facet normal -2.356057e-002 5.687460e-002 0.000000e+000
    outer loop
      vertex   -4.763429e+001 1.461780e+002 1.890000e+001
      vertex   -4.763429e+001 1.461780e+002 1.590000e+001
      vertex   -4.780524e+001 1.461072e+002 1.590000e+001
    endloop
  endfacet
  facet normal -3.819900e-001 9.221138e-001 0.000000e+000
    outer loop
      vertex   -4.763429e+001 1.461780e+002 1.890000e+001
      vertex   -4.780524e+001 1.461072e+002 1.590000e+001
      vertex   -4.780524e+001 1.461072e+002 1.890000e+001
    endloop
  endfacet
  facet normal -1.704220e-002 5.915400e-002 0.000000e+000
    outer loop
      vertex   -4.780524e+001 1.461072e+002 1.890000e+001
      vertex   -4.780524e+001 1.461072e+002 1.590000e+001
      vertex   -4.798304e+001 1.460560e+002 1.590000e+001
    endloop
  endfacet
  facet normal -2.763138e-001 9.590939e-001 0.000000e+000
    outer loop
      vertex   -4.780524e+001 1.461072e+002 1.890000e+001
      vertex   -4.798304e+001 1.460560e+002 1.590000e+001
      vertex   -4.798304e+001 1.460560e+002 1.890000e+001
    endloop
  endfacet
  facet normal -1.031061e-002 6.069095e-002 0.000000e+000
    outer loop
      vertex   -4.798304e+001 1.460560e+002 1.890000e+001
      vertex   -4.798304e+001 1.460560e+002 1.590000e+001
      vertex   -4.816545e+001 1.460250e+002 1.590000e+001
    endloop
  endfacet
  facet normal -1.671696e-001 9.840044e-001 1.734723e-018
    outer loop
      vertex   -4.798304e+001 1.460560e+002 1.890000e+001
      vertex   -4.816545e+001 1.460250e+002 1.590000e+001
      vertex   -4.816545e+001 1.460250e+002 1.890000e+001
    endloop
  endfacet
  facet normal -3.452099e-003 6.146386e-002 0.000000e+000
    outer loop
      vertex   -4.816545e+001 1.460250e+002 1.890000e+001
      vertex   -4.816545e+001 1.460250e+002 1.590000e+001
      vertex   -4.835020e+001 1.460146e+002 1.590000e+001
    endloop
  endfacet
  facet normal -5.596996e-002 9.965328e-001 0.000000e+000
    outer loop
      vertex   -4.816545e+001 1.460250e+002 1.890000e+001
      vertex   -4.835020e+001 1.460146e+002 1.590000e+001
      vertex   -4.835020e+001 1.460146e+002 1.890000e+001
    endloop
  endfacet
  facet normal -1.000000e+000 0.000000e+000 0.000000e+000
    outer loop
      vertex   -4.670020e+001 1.476646e+002 1.590000e+001
      vertex   -4.670020e+001 1.476646e+002 1.890000e+001
      vertex   -4.670020e+001 1.849646e+002 1.590000e+001
    endloop
  endfacet
  facet normal -9.967812e-001 0.000000e+000 0.000000e+000
    outer loop
      vertex   -4.670020e+001 1.849646e+002 1.590000e+001
      vertex   -4.670020e+001 1.476646e+002 1.890000e+001
      vertex   -4.670020e+001 1.849646e+002 1.890000e+001
    endloop
  endfacet
  facet normal -5.607632e-002 -9.984265e-001 0.000000e+000
    outer loop
      vertex   -4.835020e+001 1.866146e+002 1.590000e+001
      vertex   -4.816545e+001 1.866042e+002 1.590000e+001
      vertex   -4.835020e+001 1.866146e+002 1.890000e+001
    endloop
  endfacet
  facet normal -5.596996e-002 -9.965328e-001 0.000000e+000
    outer loop
      vertex   -4.835020e+001 1.866146e+002 1.890000e+001
      vertex   -4.816545e+001 1.866042e+002 1.590000e+001
      vertex   -4.816545e+001 1.866042e+002 1.890000e+001
    endloop
  endfacet
  facet normal -1.031568e-002 -6.069094e-002 -0.000000e+000
    outer loop
      vertex   -4.816545e+001 1.866042e+002 1.890000e+001
      vertex   -4.816545e+001 1.866042e+002 1.590000e+001
      vertex   -4.798304e+001 1.865732e+002 1.590000e+001
    endloop
  endfacet
  facet normal -1.672496e-001 -9.839907e-001 0.000000e+000
    outer loop
      vertex   -4.816545e+001 1.866042e+002 1.890000e+001
      vertex   -4.798304e+001 1.865732e+002 1.590000e+001
      vertex   -4.798304e+001 1.865732e+002 1.890000e+001
    endloop
  endfacet
  facet normal -1.703713e-002 -5.915401e-002 -0.000000e+000
    outer loop
      vertex   -4.798304e+001 1.865732e+002 1.890000e+001
      vertex   -4.798304e+001 1.865732e+002 1.590000e+001
      vertex   -4.780524e+001 1.865220e+002 1.590000e+001
    endloop
  endfacet
  facet normal -2.762379e-001 -9.591158e-001 0.000000e+000
    outer loop
      vertex   -4.798304e+001 1.865732e+002 1.890000e+001
      vertex   -4.780524e+001 1.865220e+002 1.590000e+001
      vertex   -4.780524e+001 1.865220e+002 1.890000e+001
    endloop
  endfacet
  facet normal -2.356057e-002 -5.687460e-002 -0.000000e+000
    outer loop
      vertex   -4.780524e+001 1.865220e+002 1.890000e+001
      vertex   -4.780524e+001 1.865220e+002 1.590000e+001
      vertex   -4.763429e+001 1.864512e+002 1.590000e+001
    endloop
  endfacet
  facet normal -3.819900e-001 -9.221138e-001 0.000000e+000
    outer loop
      vertex   -4.780524e+001 1.865220e+002 1.890000e+001
      vertex   -4.763429e+001 1.864512e+002 1.590000e+001
      vertex   -4.763429e+001 1.864512e+002 1.890000e+001
    endloop
  endfacet
  facet normal -2.977943e-002 -5.387940e-002 -0.000000e+000
    outer loop
      vertex   -4.763429e+001 1.864512e+002 1.890000e+001
      vertex   -4.763429e+001 1.864512e+002 1.590000e+001
      vertex   -4.747234e+001 1.863617e+002 1.590000e+001
    endloop
  endfacet
  facet normal -4.828181e-001 -8.735542e-001 0.000000e+000
    outer loop
      vertex   -4.763429e+001 1.864512e+002 1.890000e+001
      vertex   -4.747234e+001 1.863617e+002 1.590000e+001
      vertex   -4.747234e+001 1.863617e+002 1.890000e+001
    endloop
  endfacet
  facet normal -3.562262e-002 -5.020647e-002 -0.000000e+000
    outer loop
      vertex   -4.747234e+001 1.863617e+002 1.890000e+001
      vertex   -4.747234e+001 1.863617e+002 1.590000e+001
      vertex   -4.732144e+001 1.862546e+002 1.590000e+001
    endloop
  endfacet
  facet normal -5.775654e-001 -8.140200e-001 0.000000e+000
    outer loop
      vertex   -4.747234e+001 1.863617e+002 1.890000e+001
      vertex   -4.732144e+001 1.862546e+002 1.590000e+001
      vertex   -4.732144e+001 1.862546e+002 1.890000e+001
    endloop
  endfacet
  facet normal -6.663271e-001 -7.456596e-001 -0.000000e+000
    outer loop
      vertex   -4.732144e+001 1.862546e+002 1.890000e+001
      vertex   -4.732144e+001 1.862546e+002 1.590000e+001
      vertex   -4.718347e+001 1.861313e+002 1.890000e+001
    endloop
  endfacet
  facet normal -4.101906e-002 -4.590277e-002 -0.000000e+000
    outer loop
      vertex   -4.718347e+001 1.861313e+002 1.890000e+001
      vertex   -4.732144e+001 1.862546e+002 1.590000e+001
      vertex   -4.718347e+001 1.861313e+002 1.590000e+001
    endloop
  endfacet
  facet normal -7.456493e-001 -6.663386e-001 -0.000000e+000
    outer loop
      vertex   -4.718347e+001 1.861313e+002 1.890000e+001
      vertex   -4.718347e+001 1.861313e+002 1.590000e+001
      vertex   -4.706017e+001 1.859934e+002 1.890000e+001
    endloop
  endfacet
  facet normal -4.590276e-002 -4.102033e-002 -0.000000e+000
    outer loop
      vertex   -4.706017e+001 1.859934e+002 1.890000e+001
      vertex   -4.718347e+001 1.861313e+002 1.590000e+001
      vertex   -4.706017e+001 1.859934e+002 1.590000e+001
    endloop
  endfacet
  facet normal -5.020773e-002 -3.562262e-002 -0.000000e+000
    outer loop
      vertex   -4.706017e+001 1.859934e+002 1.890000e+001
      vertex   -4.706017e+001 1.859934e+002 1.590000e+001
      vertex   -4.695310e+001 1.858425e+002 1.590000e+001
    endloop
  endfacet
  facet normal -8.140268e-001 -5.775557e-001 3.469447e-018
    outer loop
      vertex   -4.706017e+001 1.859934e+002 1.890000e+001
      vertex   -4.695310e+001 1.858425e+002 1.590000e+001
      vertex   -4.695310e+001 1.858425e+002 1.890000e+001
    endloop
  endfacet
  facet normal -5.387813e-002 -2.977816e-002 -0.000000e+000
    outer loop
      vertex   -4.695310e+001 1.858425e+002 1.890000e+001
      vertex   -4.695310e+001 1.858425e+002 1.590000e+001
      vertex   -4.686360e+001 1.856805e+002 1.590000e+001
    endloop
  endfacet
  facet normal -8.735582e-001 -4.828111e-001 -3.469447e-018
    outer loop
      vertex   -4.695310e+001 1.858425e+002 1.890000e+001
      vertex   -4.686360e+001 1.856805e+002 1.590000e+001
      vertex   -4.686360e+001 1.856805e+002 1.890000e+001
    endloop
  endfacet
  facet normal -5.687334e-002 -2.355804e-002 -0.000000e+000
    outer loop
      vertex   -4.686360e+001 1.856805e+002 1.890000e+001
      vertex   -4.686360e+001 1.856805e+002 1.590000e+001
      vertex   -4.679279e+001 1.855096e+002 1.590000e+001
    endloop
  endfacet
  facet normal -9.221254e-001 -3.819622e-001 0.000000e+000
    outer loop
      vertex   -4.686360e+001 1.856805e+002 1.890000e+001
      vertex   -4.679279e+001 1.855096e+002 1.590000e+001
      vertex   -4.679279e+001 1.855096e+002 1.890000e+001
    endloop
  endfacet
  facet normal -5.915780e-002 -1.704220e-002 -0.000000e+000
    outer loop
      vertex   -4.679279e+001 1.855096e+002 1.890000e+001
      vertex   -4.679279e+001 1.855096e+002 1.590000e+001
      vertex   -4.674157e+001 1.853318e+002 1.590000e+001
    endloop
  endfacet
  facet normal -9.590984e-001 -2.762974e-001 0.000000e+000
    outer loop
      vertex   -4.679279e+001 1.855096e+002 1.890000e+001
      vertex   -4.674157e+001 1.853318e+002 1.590000e+001
      vertex   -4.674157e+001 1.853318e+002 1.890000e+001
    endloop
  endfacet
  facet normal -6.069095e-002 -1.031188e-002 -0.000000e+000
    outer loop
      vertex   -4.674157e+001 1.853318e+002 1.890000e+001
      vertex   -4.674157e+001 1.853318e+002 1.590000e+001
      vertex   -4.671057e+001 1.851494e+002 1.590000e+001
    endloop
  endfacet
  facet normal -9.840010e-001 -1.671896e-001 0.000000e+000
    outer loop
      vertex   -4.674157e+001 1.853318e+002 1.890000e+001
      vertex   -4.671057e+001 1.851494e+002 1.590000e+001
      vertex   -4.671057e+001 1.851494e+002 1.890000e+001
    endloop
  endfacet
  facet normal -6.146260e-002 -3.452099e-003 -0.000000e+000
    outer loop
      vertex   -4.671057e+001 1.851494e+002 1.890000e+001
      vertex   -4.671057e+001 1.851494e+002 1.590000e+001
      vertex   -4.670020e+001 1.849646e+002 1.590000e+001
    endloop
  endfacet
  facet normal -9.965328e-001 -5.597112e-002 0.000000e+000
    outer loop
      vertex   -4.671057e+001 1.851494e+002 1.890000e+001
      vertex   -4.670020e+001 1.849646e+002 1.590000e+001
      vertex   -4.670020e+001 1.849646e+002 1.890000e+001
    endloop
  endfacet
  facet normal 9.984287e-001 -5.603637e-002 0.000000e+000
    outer loop
      vertex   -1.124002e+002 1.849646e+002 1.590000e+001
      vertex   -1.123898e+002 1.851494e+002 1.590000e+001
      vertex   -1.124002e+002 1.849646e+002 1.890000e+001
    endloop
  endfacet
  facet normal 9.965351e-001 -5.593009e-002 0.000000e+000
    outer loop
      vertex   -1.124002e+002 1.849646e+002 1.890000e+001
      vertex   -1.123898e+002 1.851494e+002 1.590000e+001
      vertex   -1.123898e+002 1.851494e+002 1.890000e+001
    endloop
  endfacet
  facet normal 6.069094e-002 -1.031315e-002 0.000000e+000
    outer loop
      vertex   -1.123898e+002 1.851494e+002 1.890000e+001
      vertex   -1.123898e+002 1.851494e+002 1.590000e+001
      vertex   -1.123588e+002 1.853318e+002 1.590000e+001
    endloop
  endfacet
  facet normal 9.839976e-001 -1.672096e-001 0.000000e+000
    outer loop
      vertex   -1.123898e+002 1.851494e+002 1.890000e+001
      vertex   -1.123588e+002 1.853318e+002 1.590000e+001
      vertex   -1.123588e+002 1.853318e+002 1.890000e+001
    endloop
  endfacet
  facet normal 5.915780e-002 -1.704220e-002 0.000000e+000
    outer loop
      vertex   -1.123588e+002 1.853318e+002 1.890000e+001
      vertex   -1.123588e+002 1.853318e+002 1.590000e+001
      vertex   -1.123076e+002 1.855096e+002 1.590000e+001
    endloop
  endfacet
  facet normal 9.590984e-001 -2.762974e-001 0.000000e+000
    outer loop
      vertex   -1.123588e+002 1.853318e+002 1.890000e+001
      vertex   -1.123076e+002 1.855096e+002 1.590000e+001
      vertex   -1.123076e+002 1.855096e+002 1.890000e+001
    endloop
  endfacet
  facet normal 5.687334e-002 -2.355804e-002 0.000000e+000
    outer loop
      vertex   -1.123076e+002 1.855096e+002 1.890000e+001
      vertex   -1.123076e+002 1.855096e+002 1.590000e+001
      vertex   -1.122368e+002 1.856805e+002 1.590000e+001
    endloop
  endfacet
  facet normal 9.221254e-001 -3.819622e-001 0.000000e+000
    outer loop
      vertex   -1.123076e+002 1.855096e+002 1.890000e+001
      vertex   -1.122368e+002 1.856805e+002 1.590000e+001
      vertex   -1.122368e+002 1.856805e+002 1.890000e+001
    endloop
  endfacet
  facet normal 5.387813e-002 -2.977690e-002 0.000000e+000
    outer loop
      vertex   -1.122368e+002 1.856805e+002 1.890000e+001
      vertex   -1.122368e+002 1.856805e+002 1.590000e+001
      vertex   -1.121473e+002 1.858425e+002 1.590000e+001
    endloop
  endfacet
  facet normal 8.735669e-001 -4.827953e-001 3.469447e-018
    outer loop
      vertex   -1.122368e+002 1.856805e+002 1.890000e+001
      vertex   -1.121473e+002 1.858425e+002 1.590000e+001
      vertex   -1.121473e+002 1.858425e+002 1.890000e+001
    endloop
  endfacet
  facet normal 5.020773e-002 -3.562515e-002 0.000000e+000
    outer loop
      vertex   -1.121473e+002 1.858425e+002 1.890000e+001
      vertex   -1.121473e+002 1.858425e+002 1.590000e+001
      vertex   -1.120402e+002 1.859934e+002 1.590000e+001
    endloop
  endfacet
  facet normal 8.140073e-001 -5.775830e-001 -3.469447e-018
    outer loop
      vertex   -1.121473e+002 1.858425e+002 1.890000e+001
      vertex   -1.120402e+002 1.859934e+002 1.590000e+001
      vertex   -1.120402e+002 1.859934e+002 1.890000e+001
    endloop
  endfacet
  facet normal 7.456596e-001 -6.663271e-001 0.000000e+000
    outer loop
      vertex   -1.120402e+002 1.859934e+002 1.890000e+001
      vertex   -1.120402e+002 1.859934e+002 1.590000e+001
      vertex   -1.119169e+002 1.861313e+002 1.890000e+001
    endloop
  endfacet
  facet normal 4.590277e-002 -4.101906e-002 0.000000e+000
    outer loop
      vertex   -1.119169e+002 1.861313e+002 1.890000e+001
      vertex   -1.120402e+002 1.859934e+002 1.590000e+001
      vertex   -1.119169e+002 1.861313e+002 1.590000e+001
    endloop
  endfacet
  facet normal 6.663271e-001 -7.456596e-001 0.000000e+000
    outer loop
      vertex   -1.119169e+002 1.861313e+002 1.890000e+001
      vertex   -1.119169e+002 1.861313e+002 1.590000e+001
      vertex   -1.117790e+002 1.862546e+002 1.890000e+001
    endloop
  endfacet
  facet normal 4.101906e-002 -4.590277e-002 0.000000e+000
    outer loop
      vertex   -1.117790e+002 1.862546e+002 1.890000e+001
      vertex   -1.119169e+002 1.861313e+002 1.590000e+001
      vertex   -1.117790e+002 1.862546e+002 1.590000e+001
    endloop
  endfacet
  facet normal 3.562262e-002 -5.020520e-002 0.000000e+000
    outer loop
      vertex   -1.117790e+002 1.862546e+002 1.890000e+001
      vertex   -1.117790e+002 1.862546e+002 1.590000e+001
      vertex   -1.116281e+002 1.863617e+002 1.590000e+001
    endloop
  endfacet
  facet normal 5.775752e-001 -8.140131e-001 0.000000e+000
    outer loop
      vertex   -1.117790e+002 1.862546e+002 1.890000e+001
      vertex   -1.116281e+002 1.863617e+002 1.590000e+001
      vertex   -1.116281e+002 1.863617e+002 1.890000e+001
    endloop
  endfacet
  facet normal 2.977943e-002 -5.388066e-002 0.000000e+000
    outer loop
      vertex   -1.116281e+002 1.863617e+002 1.890000e+001
      vertex   -1.116281e+002 1.863617e+002 1.590000e+001
      vertex   -1.114661e+002 1.864512e+002 1.590000e+001
    endloop
  endfacet
  facet normal 4.828093e-001 -8.735589e-001 -3.469447e-018
    outer loop
      vertex   -1.116281e+002 1.863617e+002 1.890000e+001
      vertex   -1.114661e+002 1.864512e+002 1.590000e+001
      vertex   -1.114661e+002 1.864512e+002 1.890000e+001
    endloop
  endfacet
  facet normal 2.356058e-002 -5.687333e-002 0.000000e+000
    outer loop
      vertex   -1.114661e+002 1.864512e+002 1.890000e+001
      vertex   -1.114661e+002 1.864512e+002 1.590000e+001
      vertex   -1.112952e+002 1.865220e+002 1.590000e+001
    endloop
  endfacet
  facet normal 3.819973e-001 -9.221108e-001 0.000000e+000
    outer loop
      vertex   -1.114661e+002 1.864512e+002 1.890000e+001
      vertex   -1.112952e+002 1.865220e+002 1.590000e+001
      vertex   -1.112952e+002 1.865220e+002 1.890000e+001
    endloop
  endfacet
  facet normal 1.703713e-002 -5.915527e-002 0.000000e+000
    outer loop
      vertex   -1.112952e+002 1.865220e+002 1.890000e+001
      vertex   -1.112952e+002 1.865220e+002 1.590000e+001
      vertex   -1.111174e+002 1.865732e+002 1.590000e+001
    endloop
  endfacet
  facet normal 2.762324e-001 -9.591174e-001 -3.469447e-018
    outer loop
      vertex   -1.112952e+002 1.865220e+002 1.890000e+001
      vertex   -1.111174e+002 1.865732e+002 1.590000e+001
      vertex   -1.111174e+002 1.865732e+002 1.890000e+001
    endloop
  endfacet
  facet normal 1.031568e-002 -6.069094e-002 0.000000e+000
    outer loop
      vertex   -1.111174e+002 1.865732e+002 1.890000e+001
      vertex   -1.111174e+002 1.865732e+002 1.590000e+001
      vertex   -1.109349e+002 1.866042e+002 1.590000e+001
    endloop
  endfacet
  facet normal 1.672496e-001 -9.839907e-001 0.000000e+000
    outer loop
      vertex   -1.111174e+002 1.865732e+002 1.890000e+001
      vertex   -1.109349e+002 1.866042e+002 1.590000e+001
      vertex   -1.109349e+002 1.866042e+002 1.890000e+001
    endloop
  endfacet
  facet normal 3.452099e-003 -6.146260e-002 0.000000e+000
    outer loop
      vertex   -1.109349e+002 1.866042e+002 1.890000e+001
      vertex   -1.109349e+002 1.866042e+002 1.590000e+001
      vertex   -1.107502e+002 1.866146e+002 1.590000e+001
    endloop
  endfacet
  facet normal 5.597112e-002 -9.965328e-001 0.000000e+000
    outer loop
      vertex   -1.109349e+002 1.866042e+002 1.890000e+001
      vertex   -1.107502e+002 1.866146e+002 1.590000e+001
      vertex   -1.107502e+002 1.866146e+002 1.890000e+001
    endloop
  endfacet
  facet normal -1.000000e+000 0.000000e+000 0.000000e+000
    outer loop
      vertex   -4.780019e+001 1.471146e+002 1.590000e+001
      vertex   -4.780019e+001 1.855146e+002 1.590000e+001
      vertex   -4.780019e+001 1.471146e+002 1.600000e+000
    endloop
  endfacet
  facet normal -3.489830e-001 0.000000e+000 0.000000e+000
    outer loop
      vertex   -4.780019e+001 1.471146e+002 1.600000e+000
      vertex   -4.780019e+001 1.855146e+002 1.590000e+001
      vertex   -4.780019e+001 1.855146e+002 1.600000e+000
    endloop
  endfacet
  facet normal 1.000000e+000 0.000000e+000 0.000000e+000
    outer loop
      vertex   -1.113002e+002 1.855146e+002 1.590000e+001
      vertex   -1.113002e+002 1.471146e+002 1.590000e+001
      vertex   -1.113002e+002 1.855146e+002 1.600000e+000
    endloop
  endfacet
  facet normal 3.489830e-001 0.000000e+000 0.000000e+000
    outer loop
      vertex   -1.113002e+002 1.855146e+002 1.600000e+000
      vertex   -1.113002e+002 1.471146e+002 1.590000e+001
      vertex   -1.113002e+002 1.471146e+002 1.600000e+000
    endloop
  endfacet
  facet normal 0.000000e+000 0.000000e+000 1.000000e+000
    outer loop
      vertex   -4.780019e+001 1.855146e+002 1.600000e+000
      vertex   -7.955019e+001 1.855146e+002 1.600000e+000
      vertex   -4.780019e+001 1.471146e+002 1.600000e+000
    endloop
  endfacet
  facet normal 0.000000e+000 0.000000e+000 7.706831e-001
    outer loop
      vertex   -4.780019e+001 1.471146e+002 1.600000e+000
      vertex   -7.955019e+001 1.855146e+002 1.600000e+000
      vertex   -7.955019e+001 1.471146e+002 1.600000e+000
    endloop
  endfacet
  facet normal 0.000000e+000 -0.000000e+000 6.372186e-001
    outer loop
      vertex   -7.955019e+001 1.471146e+002 1.600000e+000
      vertex   -7.955019e+001 1.855146e+002 1.600000e+000
      vertex   -1.113002e+002 1.855146e+002 1.600000e+000
    endloop
  endfacet
  facet normal 0.000000e+000 0.000000e+000 7.706831e-001
    outer loop
      vertex   -7.955019e+001 1.471146e+002 1.600000e+000
      vertex   -1.113002e+002 1.855146e+002 1.600000e+000
      vertex   -1.113002e+002 1.471146e+002 1.600000e+000
    endloop
  endfacet
endsolid
