solid ascii
  facet normal -1.000000e+000 0.000000e+000 0.000000e+000
    outer loop
      vertex   -2.147509e+002 2.683043e+002 2.247402e-002
      vertex   -2.147509e+002 2.683043e+002 2.522474e+000
      vertex   -2.147509e+002 2.822543e+002 2.247402e-002
    endloop
  endfacet
  facet normal -9.843184e-001 0.000000e+000 0.000000e+000
    outer loop
      vertex   -2.147509e+002 2.822543e+002 2.247402e-002
      vertex   -2.147509e+002 2.683043e+002 2.522474e+000
      vertex   -2.147509e+002 2.822543e+002 1.002247e+001
    endloop
  endfacet
  facet normal -4.735346e-001 -0.000000e+000 0.000000e+000
    outer loop
      vertex   -2.147509e+002 2.822543e+002 1.002247e+001
      vertex   -2.147509e+002 2.683043e+002 2.522474e+000
      vertex   -2.147509e+002 2.502851e+002 1.002247e+001
    endloop
  endfacet
  facet normal -9.872623e-002 0.000000e+000 0.000000e+000
    outer loop
      vertex   -2.147509e+002 2.502851e+002 1.002247e+001
      vertex   -2.147509e+002 2.683043e+002 2.522474e+000
      vertex   -2.147509e+002 2.642351e+002 2.522474e+000
    endloop
  endfacet
  facet normal -8.807752e-001 0.000000e+000 0.000000e+000
    outer loop
      vertex   -2.147509e+002 2.502851e+002 1.002247e+001
      vertex   -2.147509e+002 2.642351e+002 2.522474e+000
      vertex   -2.147509e+002 2.502851e+002 2.247402e-002
    endloop
  endfacet
  facet normal -1.764010e-001 0.000000e+000 0.000000e+000
    outer loop
      vertex   -2.147509e+002 2.502851e+002 2.247402e-002
      vertex   -2.147509e+002 2.642351e+002 2.522474e+000
      vertex   -2.147509e+002 2.642351e+002 2.247402e-002
    endloop
  endfacet
  facet normal 0.000000e+000 -0.000000e+000 1.000000e+000
    outer loop
      vertex   -2.107509e+002 2.502851e+002 1.002247e+001
      vertex   -2.107509e+002 2.557851e+002 1.002247e+001
      vertex   -2.147509e+002 2.502851e+002 1.002247e+001
    endloop
  endfacet
  facet normal 0.000000e+000 0.000000e+000 4.607254e-001
    outer loop
      vertex   -2.147509e+002 2.502851e+002 1.002247e+001
      vertex   -2.107509e+002 2.557851e+002 1.002247e+001
      vertex   -2.107509e+002 2.767543e+002 1.002247e+001
    endloop
  endfacet
  facet normal 0.000000e+000 0.000000e+000 1.494223e-001
    outer loop
      vertex   -2.147509e+002 2.502851e+002 1.002247e+001
      vertex   -2.107509e+002 2.767543e+002 1.002247e+001
      vertex   -2.147509e+002 2.822543e+002 1.002247e+001
    endloop
  endfacet
  facet normal -0.000000e+000 0.000000e+000 8.087361e-001
    outer loop
      vertex   -2.147509e+002 2.822543e+002 1.002247e+001
      vertex   -2.107509e+002 2.767543e+002 1.002247e+001
      vertex   -2.107509e+002 2.822543e+002 1.002247e+001
    endloop
  endfacet
  facet normal 0.000000e+000 -0.000000e+000 1.000000e+000
    outer loop
      vertex   -1.977509e+002 2.557851e+002 1.002247e+001
      vertex   -1.977509e+002 2.612351e+002 1.002247e+001
      vertex   -2.107509e+002 2.557851e+002 1.002247e+001
    endloop
  endfacet
  facet normal 0.000000e+000 0.000000e+000 4.586977e-001
    outer loop
      vertex   -2.107509e+002 2.557851e+002 1.002247e+001
      vertex   -1.977509e+002 2.612351e+002 1.002247e+001
      vertex   -1.977509e+002 2.713043e+002 1.002247e+001
    endloop
  endfacet
  facet normal 0.000000e+000 0.000000e+000 6.421446e-001
    outer loop
      vertex   -2.107509e+002 2.557851e+002 1.002247e+001
      vertex   -1.977509e+002 2.713043e+002 1.002247e+001
      vertex   -2.107509e+002 2.767543e+002 1.002247e+001
    endloop
  endfacet
  facet normal -0.000000e+000 0.000000e+000 3.866301e-001
    outer loop
      vertex   -2.107509e+002 2.767543e+002 1.002247e+001
      vertex   -1.977509e+002 2.713043e+002 1.002247e+001
      vertex   -1.977509e+002 2.767543e+002 1.002247e+001
    endloop
  endfacet
  facet normal 0.000000e+000 -0.000000e+000 1.000000e+000
    outer loop
      vertex   -1.827509e+002 2.612351e+002 1.002247e+001
      vertex   -1.827509e+002 2.713043e+002 1.002247e+001
      vertex   -1.977509e+002 2.612351e+002 1.002247e+001
    endloop
  endfacet
  facet normal 0.000000e+000 0.000000e+000 8.302779e-001
    outer loop
      vertex   -1.977509e+002 2.612351e+002 1.002247e+001
      vertex   -1.827509e+002 2.713043e+002 1.002247e+001
      vertex   -1.977509e+002 2.713043e+002 1.002247e+001
    endloop
  endfacet
  facet normal -0.000000e+000 0.000000e+000 -1.961161e-001
    outer loop
      vertex   -1.827509e+002 2.642351e+002 2.247402e-002
      vertex   -1.977509e+002 2.612351e+002 2.247402e-002
      vertex   -2.147509e+002 2.642351e+002 2.247402e-002
    endloop
  endfacet
  facet normal 0.000000e+000 0.000000e+000 -1.351500e-001
    outer loop
      vertex   -2.147509e+002 2.642351e+002 2.247402e-002
      vertex   -1.977509e+002 2.612351e+002 2.247402e-002
      vertex   -1.977509e+002 2.587851e+002 2.247402e-002
    endloop
  endfacet
  facet normal 0.000000e+000 0.000000e+000 -8.053644e-001
    outer loop
      vertex   -2.147509e+002 2.642351e+002 2.247402e-002
      vertex   -1.977509e+002 2.587851e+002 2.247402e-002
      vertex   -2.107509e+002 2.523351e+002 2.247402e-002
    endloop
  endfacet
  facet normal 0.000000e+000 0.000000e+000 -1.998070e-001
    outer loop
      vertex   -2.107509e+002 2.523351e+002 2.247402e-002
      vertex   -1.977509e+002 2.587851e+002 2.247402e-002
      vertex   -1.977509e+002 2.557851e+002 2.247402e-002
    endloop
  endfacet
  facet normal 0.000000e+000 0.000000e+000 -1.816194e-001
    outer loop
      vertex   -2.107509e+002 2.523351e+002 2.247402e-002
      vertex   -1.977509e+002 2.557851e+002 2.247402e-002
      vertex   -1.977509e+002 2.533351e+002 2.247402e-002
    endloop
  endfacet
  facet normal 0.000000e+000 -0.000000e+000 -9.805807e-001
    outer loop
      vertex   -1.827509e+002 2.642351e+002 2.247402e-002
      vertex   -1.827509e+002 2.612351e+002 2.247402e-002
      vertex   -1.977509e+002 2.612351e+002 2.247402e-002
    endloop
  endfacet
  facet normal 0.000000e+000 0.000000e+000 -9.965457e-001
    outer loop
      vertex   -1.977509e+002 2.587851e+002 2.247402e-002
      vertex   -1.857509e+002 2.577851e+002 2.247402e-002
      vertex   -1.977509e+002 2.557851e+002 2.247402e-002
    endloop
  endfacet
  facet normal 0.000000e+000 0.000000e+000 -1.643990e-001
    outer loop
      vertex   -1.977509e+002 2.557851e+002 2.247402e-002
      vertex   -1.857509e+002 2.577851e+002 2.247402e-002
      vertex   -1.857509e+002 2.557851e+002 2.247402e-002
    endloop
  endfacet
  facet normal 0.000000e+000 0.000000e+000 -9.986573e-001
    outer loop
      vertex   -1.857509e+002 2.557851e+002 2.247402e-002
      vertex   -1.857509e+002 2.577851e+002 2.247402e-002
      vertex   -1.749698e+002 2.563443e+002 2.247402e-002
    endloop
  endfacet
  facet normal 0.000000e+000 0.000000e+000 -3.963830e-002
    outer loop
      vertex   -1.857509e+002 2.557851e+002 2.247402e-002
      vertex   -1.749698e+002 2.563443e+002 2.247402e-002
      vertex   -1.752077e+002 2.559135e+002 2.247402e-002
    endloop
  endfacet
  facet normal 0.000000e+000 0.000000e+000 -9.940421e-001
    outer loop
      vertex   -1.749698e+002 2.563443e+002 2.247402e-002
      vertex   -1.857509e+002 2.577851e+002 2.247402e-002
      vertex   -1.747914e+002 2.570668e+002 2.247402e-002
    endloop
  endfacet
  facet normal 0.000000e+000 0.000000e+000 -5.456402e-001
    outer loop
      vertex   -1.747914e+002 2.570668e+002 2.247402e-002
      vertex   -1.857509e+002 2.577851e+002 2.247402e-002
      vertex   -1.757509e+002 2.577851e+002 2.247402e-002
    endloop
  endfacet
  facet normal 0.000000e+000 0.000000e+000 -5.406681e-001
    outer loop
      vertex   -1.747914e+002 2.570668e+002 2.247402e-002
      vertex   -1.757509e+002 2.577851e+002 2.247402e-002
      vertex   -1.748413e+002 2.572005e+002 2.247402e-002
    endloop
  endfacet
  facet normal 0.000000e+000 0.000000e+000 -4.793195e-001
    outer loop
      vertex   -1.748413e+002 2.572005e+002 2.247402e-002
      vertex   -1.757509e+002 2.577851e+002 2.247402e-002
      vertex   -1.749097e+002 2.573257e+002 2.247402e-002
    endloop
  endfacet
  facet normal 0.000000e+000 0.000000e+000 -4.153059e-001
    outer loop
      vertex   -1.749097e+002 2.573257e+002 2.247402e-002
      vertex   -1.757509e+002 2.577851e+002 2.247402e-002
      vertex   -1.749952e+002 2.574399e+002 2.247402e-002
    endloop
  endfacet
  facet normal 0.000000e+000 0.000000e+000 -3.494506e-001
    outer loop
      vertex   -1.749952e+002 2.574399e+002 2.247402e-002
      vertex   -1.757509e+002 2.577851e+002 2.247402e-002
      vertex   -1.750961e+002 2.575408e+002 2.247402e-002
    endloop
  endfacet
  facet normal 0.000000e+000 0.000000e+000 -2.817828e-001
    outer loop
      vertex   -1.750961e+002 2.575408e+002 2.247402e-002
      vertex   -1.757509e+002 2.577851e+002 2.247402e-002
      vertex   -1.752103e+002 2.576263e+002 2.247402e-002
    endloop
  endfacet
  facet normal 0.000000e+000 0.000000e+000 -2.126181e-001
    outer loop
      vertex   -1.752103e+002 2.576263e+002 2.247402e-002
      vertex   -1.757509e+002 2.577851e+002 2.247402e-002
      vertex   -1.753355e+002 2.576947e+002 2.247402e-002
    endloop
  endfacet
  facet normal 0.000000e+000 0.000000e+000 -1.423613e-001
    outer loop
      vertex   -1.753355e+002 2.576947e+002 2.247402e-002
      vertex   -1.757509e+002 2.577851e+002 2.247402e-002
      vertex   -1.754692e+002 2.577446e+002 2.247402e-002
    endloop
  endfacet
  facet normal 0.000000e+000 0.000000e+000 -7.120723e-002
    outer loop
      vertex   -1.754692e+002 2.577446e+002 2.247402e-002
      vertex   -1.757509e+002 2.577851e+002 2.247402e-002
      vertex   -1.756086e+002 2.577749e+002 2.247402e-002
    endloop
  endfacet
  facet normal 0.000000e+000 -0.000000e+000 -4.406115e-001
    outer loop
      vertex   -1.747914e+002 2.570668e+002 2.247402e-002
      vertex   -1.747611e+002 2.569274e+002 2.247402e-002
      vertex   -1.749698e+002 2.563443e+002 2.247402e-002
    endloop
  endfacet
  facet normal 0.000000e+000 0.000000e+000 -1.169264e-001
    outer loop
      vertex   -1.749698e+002 2.563443e+002 2.247402e-002
      vertex   -1.747611e+002 2.569274e+002 2.247402e-002
      vertex   -1.747509e+002 2.567851e+002 2.247402e-002
    endloop
  endfacet
  facet normal 0.000000e+000 0.000000e+000 -8.471630e-001
    outer loop
      vertex   -1.752077e+002 2.559135e+002 2.247402e-002
      vertex   -1.754641e+002 2.554934e+002 2.247402e-002
      vertex   -1.857509e+002 2.557851e+002 2.247402e-002
    endloop
  endfacet
  facet normal 0.000000e+000 0.000000e+000 -4.146085e-002
    outer loop
      vertex   -1.857509e+002 2.557851e+002 2.247402e-002
      vertex   -1.754641e+002 2.554934e+002 2.247402e-002
      vertex   -1.757385e+002 2.550849e+002 2.247402e-002
    endloop
  endfacet
  facet normal 0.000000e+000 0.000000e+000 -4.248535e-002
    outer loop
      vertex   -1.857509e+002 2.557851e+002 2.247402e-002
      vertex   -1.757385e+002 2.550849e+002 2.247402e-002
      vertex   -1.760305e+002 2.546887e+002 2.247402e-002
    endloop
  endfacet
  facet normal -0.000000e+000 0.000000e+000 -8.439251e-001
    outer loop
      vertex   -1.760305e+002 2.546887e+002 2.247402e-002
      vertex   -1.763394e+002 2.543055e+002 2.247402e-002
      vertex   -1.857509e+002 2.557851e+002 2.247402e-002
    endloop
  endfacet
  facet normal 0.000000e+000 0.000000e+000 -4.479317e-002
    outer loop
      vertex   -1.857509e+002 2.557851e+002 2.247402e-002
      vertex   -1.763394e+002 2.543055e+002 2.247402e-002
      vertex   -1.766646e+002 2.539362e+002 2.247402e-002
    endloop
  endfacet
  facet normal 0.000000e+000 0.000000e+000 -4.609203e-002
    outer loop
      vertex   -1.857509e+002 2.557851e+002 2.247402e-002
      vertex   -1.766646e+002 2.539362e+002 2.247402e-002
      vertex   -1.770057e+002 2.535814e+002 2.247402e-002
    endloop
  endfacet
  facet normal -0.000000e+000 0.000000e+000 -8.460424e-001
    outer loop
      vertex   -1.770057e+002 2.535814e+002 2.247402e-002
      vertex   -1.773618e+002 2.532418e+002 2.247402e-002
      vertex   -1.857509e+002 2.557851e+002 2.247402e-002
    endloop
  endfacet
  facet normal 0.000000e+000 0.000000e+000 -4.901746e-002
    outer loop
      vertex   -1.857509e+002 2.557851e+002 2.247402e-002
      vertex   -1.773618e+002 2.532418e+002 2.247402e-002
      vertex   -1.777324e+002 2.529180e+002 2.247402e-002
    endloop
  endfacet
  facet normal 0.000000e+000 0.000000e+000 -5.065844e-002
    outer loop
      vertex   -1.857509e+002 2.557851e+002 2.247402e-002
      vertex   -1.777324e+002 2.529180e+002 2.247402e-002
      vertex   -1.781168e+002 2.526106e+002 2.247402e-002
    endloop
  endfacet
  facet normal -0.000000e+000 0.000000e+000 -8.547953e-001
    outer loop
      vertex   -1.781168e+002 2.526106e+002 2.247402e-002
      vertex   -1.785141e+002 2.523202e+002 2.247402e-002
      vertex   -1.857509e+002 2.557851e+002 2.247402e-002
    endloop
  endfacet
  facet normal 0.000000e+000 0.000000e+000 -5.433882e-002
    outer loop
      vertex   -1.857509e+002 2.557851e+002 2.247402e-002
      vertex   -1.785141e+002 2.523202e+002 2.247402e-002
      vertex   -1.789237e+002 2.520474e+002 2.247402e-002
    endloop
  endfacet
  facet normal 0.000000e+000 0.000000e+000 -5.639009e-002
    outer loop
      vertex   -1.857509e+002 2.557851e+002 2.247402e-002
      vertex   -1.789237e+002 2.520474e+002 2.247402e-002
      vertex   -1.793448e+002 2.517926e+002 2.247402e-002
    endloop
  endfacet
  facet normal -0.000000e+000 0.000000e+000 -8.712922e-001
    outer loop
      vertex   -1.793448e+002 2.517926e+002 2.247402e-002
      vertex   -1.797766e+002 2.515565e+002 2.247402e-002
      vertex   -1.857509e+002 2.557851e+002 2.247402e-002
    endloop
  endfacet
  facet normal 0.000000e+000 0.000000e+000 -6.092180e-002
    outer loop
      vertex   -1.857509e+002 2.557851e+002 2.247402e-002
      vertex   -1.797766e+002 2.515565e+002 2.247402e-002
      vertex   -1.802182e+002 2.513393e+002 2.247402e-002
    endloop
  endfacet
  facet normal 0.000000e+000 0.000000e+000 -7.795230e-001
    outer loop
      vertex   -1.857509e+002 2.557851e+002 2.247402e-002
      vertex   -1.802182e+002 2.513393e+002 2.247402e-002
      vertex   -1.857509e+002 2.502851e+002 2.247402e-002
    endloop
  endfacet
  facet normal 0.000000e+000 0.000000e+000 -2.132177e-002
    outer loop
      vertex   -1.857509e+002 2.502851e+002 2.247402e-002
      vertex   -1.802182e+002 2.513393e+002 2.247402e-002
      vertex   -1.806689e+002 2.511416e+002 2.247402e-002
    endloop
  endfacet
  facet normal 0.000000e+000 0.000000e+000 -2.122956e-002
    outer loop
      vertex   -1.857509e+002 2.502851e+002 2.247402e-002
      vertex   -1.806689e+002 2.511416e+002 2.247402e-002
      vertex   -1.811277e+002 2.509637e+002 2.247402e-002
    endloop
  endfacet
  facet normal 0.000000e+000 0.000000e+000 -1.797368e-001
    outer loop
      vertex   -1.811277e+002 2.509637e+002 2.247402e-002
      vertex   -1.815939e+002 2.508058e+002 2.247402e-002
      vertex   -1.857509e+002 2.502851e+002 2.247402e-002
    endloop
  endfacet
  facet normal 0.000000e+000 0.000000e+000 -2.093931e-002
    outer loop
      vertex   -1.857509e+002 2.502851e+002 2.247402e-002
      vertex   -1.815939e+002 2.508058e+002 2.247402e-002
      vertex   -1.820664e+002 2.506685e+002 2.247402e-002
    endloop
  endfacet
  facet normal 0.000000e+000 0.000000e+000 -2.069181e-002
    outer loop
      vertex   -1.857509e+002 2.502851e+002 2.247402e-002
      vertex   -1.820664e+002 2.506685e+002 2.247402e-002
      vertex   -1.825445e+002 2.505518e+002 2.247402e-002
    endloop
  endfacet
  facet normal 0.000000e+000 0.000000e+000 -8.289398e-002
    outer loop
      vertex   -1.857509e+002 2.502851e+002 2.247402e-002
      vertex   -1.825445e+002 2.505518e+002 2.247402e-002
      vertex   -1.849861e+002 2.502851e+002 2.247402e-002
    endloop
  endfacet
  facet normal 0.000000e+000 0.000000e+000 -2.176360e-002
    outer loop
      vertex   -1.849861e+002 2.502851e+002 2.247402e-002
      vertex   -1.825445e+002 2.505518e+002 2.247402e-002
      vertex   -1.830273e+002 2.504560e+002 2.247402e-002
    endloop
  endfacet
  facet normal 0.000000e+000 0.000000e+000 -2.176009e-002
    outer loop
      vertex   -1.849861e+002 2.502851e+002 2.247402e-002
      vertex   -1.830273e+002 2.504560e+002 2.247402e-002
      vertex   -1.835137e+002 2.503813e+002 2.247402e-002
    endloop
  endfacet
  facet normal 0.000000e+000 0.000000e+000 -4.350046e-002
    outer loop
      vertex   -1.835137e+002 2.503813e+002 2.247402e-002
      vertex   -1.840029e+002 2.503279e+002 2.247402e-002
      vertex   -1.849861e+002 2.502851e+002 2.247402e-002
    endloop
  endfacet
  facet normal 0.000000e+000 0.000000e+000 -2.175522e-002
    outer loop
      vertex   -1.849861e+002 2.502851e+002 2.247402e-002
      vertex   -1.840029e+002 2.503279e+002 2.247402e-002
      vertex   -1.844940e+002 2.502958e+002 2.247402e-002
    endloop
  endfacet
  facet normal 0.000000e+000 0.000000e+000 -7.669650e-002
    outer loop
      vertex   -2.107509e+002 2.523351e+002 2.247402e-002
      vertex   -1.977509e+002 2.533351e+002 2.247402e-002
      vertex   -1.987509e+002 2.523351e+002 2.247402e-002
    endloop
  endfacet
  facet normal 0.000000e+000 0.000000e+000 -7.134189e-002
    outer loop
      vertex   -1.987509e+002 2.523351e+002 2.247402e-002
      vertex   -1.977509e+002 2.533351e+002 2.247402e-002
      vertex   -1.977611e+002 2.531927e+002 2.247402e-002
    endloop
  endfacet
  facet normal 0.000000e+000 0.000000e+000 -7.133777e-002
    outer loop
      vertex   -1.987509e+002 2.523351e+002 2.247402e-002
      vertex   -1.977611e+002 2.531927e+002 2.247402e-002
      vertex   -1.977914e+002 2.530533e+002 2.247402e-002
    endloop
  endfacet
  facet normal 0.000000e+000 0.000000e+000 -5.406995e-001
    outer loop
      vertex   -1.977914e+002 2.530533e+002 2.247402e-002
      vertex   -1.978413e+002 2.529196e+002 2.247402e-002
      vertex   -1.987509e+002 2.523351e+002 2.247402e-002
    endloop
  endfacet
  facet normal 0.000000e+000 0.000000e+000 -7.134466e-002
    outer loop
      vertex   -1.987509e+002 2.523351e+002 2.247402e-002
      vertex   -1.978413e+002 2.529196e+002 2.247402e-002
      vertex   -1.979097e+002 2.527944e+002 2.247402e-002
    endloop
  endfacet
  facet normal 0.000000e+000 0.000000e+000 -7.132898e-002
    outer loop
      vertex   -1.987509e+002 2.523351e+002 2.247402e-002
      vertex   -1.979097e+002 2.527944e+002 2.247402e-002
      vertex   -1.979952e+002 2.526802e+002 2.247402e-002
    endloop
  endfacet
  facet normal 0.000000e+000 0.000000e+000 -3.494663e-001
    outer loop
      vertex   -1.979952e+002 2.526802e+002 2.247402e-002
      vertex   -1.980961e+002 2.525793e+002 2.247402e-002
      vertex   -1.987509e+002 2.523351e+002 2.247402e-002
    endloop
  endfacet
  facet normal 0.000000e+000 0.000000e+000 -7.135489e-002
    outer loop
      vertex   -1.987509e+002 2.523351e+002 2.247402e-002
      vertex   -1.980961e+002 2.525793e+002 2.247402e-002
      vertex   -1.982103e+002 2.524938e+002 2.247402e-002
    endloop
  endfacet
  facet normal 0.000000e+000 0.000000e+000 -7.133438e-002
    outer loop
      vertex   -1.987509e+002 2.523351e+002 2.247402e-002
      vertex   -1.982103e+002 2.524938e+002 2.247402e-002
      vertex   -1.983355e+002 2.524254e+002 2.247402e-002
    endloop
  endfacet
  facet normal 0.000000e+000 0.000000e+000 -1.423613e-001
    outer loop
      vertex   -1.983355e+002 2.524254e+002 2.247402e-002
      vertex   -1.984692e+002 2.523756e+002 2.247402e-002
      vertex   -1.987509e+002 2.523351e+002 2.247402e-002
    endloop
  endfacet
  facet normal 0.000000e+000 0.000000e+000 -7.130948e-002
    outer loop
      vertex   -1.987509e+002 2.523351e+002 2.247402e-002
      vertex   -1.984692e+002 2.523756e+002 2.247402e-002
      vertex   -1.986086e+002 2.523452e+002 2.247402e-002
    endloop
  endfacet
  facet normal 0.000000e+000 0.000000e+000 -1.000000e+000
    outer loop
      vertex   -2.107509e+002 2.502851e+002 2.247402e-002
      vertex   -2.147509e+002 2.502851e+002 2.247402e-002
      vertex   -2.107509e+002 2.523351e+002 2.247402e-002
    endloop
  endfacet
  facet normal -0.000000e+000 0.000000e+000 -9.888712e-001
    outer loop
      vertex   -2.107509e+002 2.523351e+002 2.247402e-002
      vertex   -2.147509e+002 2.502851e+002 2.247402e-002
      vertex   -2.147509e+002 2.642351e+002 2.247402e-002
    endloop
  endfacet
  facet normal 1.000000e+000 0.000000e+000 -0.000000e+000
    outer loop
      vertex   -1.977509e+002 2.737543e+002 2.247402e-002
      vertex   -1.977509e+002 2.737543e+002 7.022474e+000
      vertex   -1.977509e+002 2.713043e+002 2.247402e-002
    endloop
  endfacet
  facet normal 3.303519e-001 0.000000e+000 0.000000e+000
    outer loop
      vertex   -1.977509e+002 2.713043e+002 2.247402e-002
      vertex   -1.977509e+002 2.737543e+002 7.022474e+000
      vertex   -1.977509e+002 2.713043e+002 1.002247e+001
    endloop
  endfacet
  facet normal 7.745306e-001 -0.000000e+000 0.000000e+000
    outer loop
      vertex   -1.977509e+002 2.713043e+002 1.002247e+001
      vertex   -1.977509e+002 2.737543e+002 7.022474e+000
      vertex   -1.977509e+002 2.767543e+002 1.002247e+001
    endloop
  endfacet
  facet normal 7.071067e-001 0.000000e+000 0.000000e+000
    outer loop
      vertex   -1.977509e+002 2.767543e+002 1.002247e+001
      vertex   -1.977509e+002 2.737543e+002 7.022474e+000
      vertex   -1.977509e+002 2.767543e+002 7.022474e+000
    endloop
  endfacet
  facet normal 8.304548e-002 -9.965457e-001 0.000000e+000
    outer loop
      vertex   -1.977509e+002 2.737543e+002 2.247402e-002
      vertex   -1.857509e+002 2.747543e+002 2.247402e-002
      vertex   -1.977509e+002 2.737543e+002 7.022474e+000
    endloop
  endfacet
  facet normal 4.173623e-002 -5.008347e-001 0.000000e+000
    outer loop
      vertex   -1.977509e+002 2.737543e+002 7.022474e+000
      vertex   -1.857509e+002 2.747543e+002 2.247402e-002
      vertex   -1.857509e+002 2.747543e+002 7.022474e+000
    endloop
  endfacet
  facet normal 0.000000e+000 1.000000e+000 -0.000000e+000
    outer loop
      vertex   -1.752834e+002 2.767543e+002 4.022474e+000
      vertex   -1.857509e+002 2.767543e+002 4.022474e+000
      vertex   -1.752834e+002 2.767543e+002 7.022474e+000
    endloop
  endfacet
  facet normal 0.000000e+000 2.755091e-001 0.000000e+000
    outer loop
      vertex   -1.752834e+002 2.767543e+002 7.022474e+000
      vertex   -1.857509e+002 2.767543e+002 4.022474e+000
      vertex   -1.977509e+002 2.767543e+002 7.022474e+000
    endloop
  endfacet
  facet normal 0.000000e+000 9.701425e-001 0.000000e+000
    outer loop
      vertex   -1.977509e+002 2.767543e+002 7.022474e+000
      vertex   -1.857509e+002 2.767543e+002 4.022474e+000
      vertex   -1.977509e+002 2.767543e+002 4.022474e+000
    endloop
  endfacet
  facet normal 0.000000e+000 9.743912e-001 0.000000e+000
    outer loop
      vertex   -1.977509e+002 2.767543e+002 7.022474e+000
      vertex   -1.977509e+002 2.767543e+002 4.022474e+000
      vertex   -2.107509e+002 2.767543e+002 4.022474e+000
    endloop
  endfacet
  facet normal 0.000000e+000 1.000000e+000 -0.000000e+000
    outer loop
      vertex   -1.857509e+002 2.767543e+002 2.247402e-002
      vertex   -1.977509e+002 2.767543e+002 2.247402e-002
      vertex   -1.857509e+002 2.767543e+002 4.022474e+000
    endloop
  endfacet
  facet normal 0.000000e+000 3.162278e-001 0.000000e+000
    outer loop
      vertex   -1.857509e+002 2.767543e+002 4.022474e+000
      vertex   -1.977509e+002 2.767543e+002 2.247402e-002
      vertex   -1.977509e+002 2.767543e+002 4.022474e+000
    endloop
  endfacet
  facet normal 0.000000e+000 9.743912e-001 0.000000e+000
    outer loop
      vertex   -2.107509e+002 2.767543e+002 4.022474e+000
      vertex   -2.107509e+002 2.767543e+002 1.002247e+001
      vertex   -1.977509e+002 2.767543e+002 7.022474e+000
    endloop
  endfacet
  facet normal 0.000000e+000 9.743912e-001 -0.000000e+000
    outer loop
      vertex   -1.977509e+002 2.767543e+002 7.022474e+000
      vertex   -2.107509e+002 2.767543e+002 1.002247e+001
      vertex   -1.977509e+002 2.767543e+002 1.002247e+001
    endloop
  endfacet
  facet normal 1.000000e+000 0.000000e+000 0.000000e+000
    outer loop
      vertex   -2.107509e+002 2.802043e+002 2.247402e-002
      vertex   -2.107509e+002 2.822543e+002 2.247402e-002
      vertex   -2.107509e+002 2.802043e+002 4.022474e+000
    endloop
  endfacet
  facet normal 7.193288e-001 -0.000000e+000 0.000000e+000
    outer loop
      vertex   -2.107509e+002 2.802043e+002 4.022474e+000
      vertex   -2.107509e+002 2.822543e+002 2.247402e-002
      vertex   -2.107509e+002 2.822543e+002 1.002247e+001
    endloop
  endfacet
  facet normal 7.519838e-001 0.000000e+000 -0.000000e+000
    outer loop
      vertex   -2.107509e+002 2.802043e+002 4.022474e+000
      vertex   -2.107509e+002 2.822543e+002 1.002247e+001
      vertex   -2.107509e+002 2.767543e+002 1.002247e+001
    endloop
  endfacet
  facet normal 4.984691e-001 0.000000e+000 0.000000e+000
    outer loop
      vertex   -2.107509e+002 2.767543e+002 1.002247e+001
      vertex   -2.107509e+002 2.767543e+002 4.022474e+000
      vertex   -2.107509e+002 2.802043e+002 4.022474e+000
    endloop
  endfacet
  facet normal 0.000000e+000 1.000000e+000 -0.000000e+000
    outer loop
      vertex   -1.987509e+002 2.802043e+002 2.247402e-002
      vertex   -2.107509e+002 2.802043e+002 2.247402e-002
      vertex   -1.987509e+002 2.802043e+002 4.022474e+000
    endloop
  endfacet
  facet normal 0.000000e+000 3.162278e-001 0.000000e+000
    outer loop
      vertex   -1.987509e+002 2.802043e+002 4.022474e+000
      vertex   -2.107509e+002 2.802043e+002 2.247402e-002
      vertex   -2.107509e+002 2.802043e+002 4.022474e+000
    endloop
  endfacet
  facet normal -1.000000e+000 0.000000e+000 0.000000e+000
    outer loop
      vertex   -1.857509e+002 2.767543e+002 4.022474e+000
      vertex   -1.857509e+002 2.822543e+002 4.022474e+000
      vertex   -1.857509e+002 2.767543e+002 2.247402e-002
    endloop
  endfacet
  facet normal -5.881717e-001 0.000000e+000 0.000000e+000
    outer loop
      vertex   -1.857509e+002 2.767543e+002 2.247402e-002
      vertex   -1.857509e+002 2.822543e+002 4.022474e+000
      vertex   -1.857509e+002 2.822543e+002 2.247402e-002
    endloop
  endfacet
  facet normal 0.000000e+000 0.000000e+000 8.467788e-001
    outer loop
      vertex   -1.752834e+002 2.767543e+002 4.022474e+000
      vertex   -1.755419e+002 2.771658e+002 4.022474e+000
      vertex   -1.857509e+002 2.767543e+002 4.022474e+000
    endloop
  endfacet
  facet normal 0.000000e+000 0.000000e+000 4.121747e-002
    outer loop
      vertex   -1.857509e+002 2.767543e+002 4.022474e+000
      vertex   -1.755419e+002 2.771658e+002 4.022474e+000
      vertex   -1.758178e+002 2.775658e+002 4.022474e+000
    endloop
  endfacet
  facet normal 0.000000e+000 0.000000e+000 4.223709e-002
    outer loop
      vertex   -1.857509e+002 2.767543e+002 4.022474e+000
      vertex   -1.758178e+002 2.775658e+002 4.022474e+000
      vertex   -1.761107e+002 2.779535e+002 4.022474e+000
    endloop
  endfacet
  facet normal 0.000000e+000 0.000000e+000 8.440099e-001
    outer loop
      vertex   -1.761107e+002 2.779535e+002 4.022474e+000
      vertex   -1.764199e+002 2.783283e+002 4.022474e+000
      vertex   -1.857509e+002 2.767543e+002 4.022474e+000
    endloop
  endfacet
  facet normal 0.000000e+000 0.000000e+000 4.453596e-002
    outer loop
      vertex   -1.857509e+002 2.767543e+002 4.022474e+000
      vertex   -1.764199e+002 2.783283e+002 4.022474e+000
      vertex   -1.767450e+002 2.786895e+002 4.022474e+000
    endloop
  endfacet
  facet normal 0.000000e+000 0.000000e+000 4.582443e-002
    outer loop
      vertex   -1.857509e+002 2.767543e+002 4.022474e+000
      vertex   -1.767450e+002 2.786895e+002 4.022474e+000
      vertex   -1.770853e+002 2.790364e+002 4.022474e+000
    endloop
  endfacet
  facet normal 0.000000e+000 0.000000e+000 8.466038e-001
    outer loop
      vertex   -1.770853e+002 2.790364e+002 4.022474e+000
      vertex   -1.774401e+002 2.793684e+002 4.022474e+000
      vertex   -1.857509e+002 2.767543e+002 4.022474e+000
    endloop
  endfacet
  facet normal 0.000000e+000 0.000000e+000 4.872626e-002
    outer loop
      vertex   -1.857509e+002 2.767543e+002 4.022474e+000
      vertex   -1.774401e+002 2.793684e+002 4.022474e+000
      vertex   -1.778089e+002 2.796848e+002 4.022474e+000
    endloop
  endfacet
  facet normal 0.000000e+000 0.000000e+000 5.035103e-002
    outer loop
      vertex   -1.857509e+002 2.767543e+002 4.022474e+000
      vertex   -1.778089e+002 2.796848e+002 4.022474e+000
      vertex   -1.781910e+002 2.799851e+002 4.022474e+000
    endloop
  endfacet
  facet normal 0.000000e+000 0.000000e+000 8.557357e-001
    outer loop
      vertex   -1.781910e+002 2.799851e+002 4.022474e+000
      vertex   -1.785856e+002 2.802686e+002 4.022474e+000
      vertex   -1.857509e+002 2.767543e+002 4.022474e+000
    endloop
  endfacet
  facet normal 0.000000e+000 0.000000e+000 5.398821e-002
    outer loop
      vertex   -1.857509e+002 2.767543e+002 4.022474e+000
      vertex   -1.785856e+002 2.802686e+002 4.022474e+000
      vertex   -1.789920e+002 2.805350e+002 4.022474e+000
    endloop
  endfacet
  facet normal 0.000000e+000 0.000000e+000 5.601119e-002
    outer loop
      vertex   -1.857509e+002 2.767543e+002 4.022474e+000
      vertex   -1.789920e+002 2.805350e+002 4.022474e+000
      vertex   -1.794095e+002 2.807837e+002 4.022474e+000
    endloop
  endfacet
  facet normal 0.000000e+000 0.000000e+000 8.724874e-001
    outer loop
      vertex   -1.794095e+002 2.807837e+002 4.022474e+000
      vertex   -1.798373e+002 2.810142e+002 4.022474e+000
      vertex   -1.857509e+002 2.767543e+002 4.022474e+000
    endloop
  endfacet
  facet normal 0.000000e+000 0.000000e+000 6.047057e-002
    outer loop
      vertex   -1.857509e+002 2.767543e+002 4.022474e+000
      vertex   -1.798373e+002 2.810142e+002 4.022474e+000
      vertex   -1.802746e+002 2.812261e+002 4.022474e+000
    endloop
  endfacet
  facet normal 0.000000e+000 0.000000e+000 6.289881e-002
    outer loop
      vertex   -1.857509e+002 2.767543e+002 4.022474e+000
      vertex   -1.802746e+002 2.812261e+002 4.022474e+000
      vertex   -1.807206e+002 2.814190e+002 4.022474e+000
    endloop
  endfacet
  facet normal 0.000000e+000 0.000000e+000 8.970219e-001
    outer loop
      vertex   -1.807206e+002 2.814190e+002 4.022474e+000
      vertex   -1.811745e+002 2.815926e+002 4.022474e+000
      vertex   -1.857509e+002 2.767543e+002 4.022474e+000
    endloop
  endfacet
  facet normal 0.000000e+000 0.000000e+000 6.810304e-002
    outer loop
      vertex   -1.857509e+002 2.767543e+002 4.022474e+000
      vertex   -1.811745e+002 2.815926e+002 4.022474e+000
      vertex   -1.816354e+002 2.817465e+002 4.022474e+000
    endloop
  endfacet
  facet normal 0.000000e+000 0.000000e+000 7.082433e-002
    outer loop
      vertex   -1.857509e+002 2.767543e+002 4.022474e+000
      vertex   -1.816354e+002 2.817465e+002 4.022474e+000
      vertex   -1.821024e+002 2.818805e+002 4.022474e+000
    endloop
  endfacet
  facet normal 0.000000e+000 0.000000e+000 9.278538e-001
    outer loop
      vertex   -1.821024e+002 2.818805e+002 4.022474e+000
      vertex   -1.825749e+002 2.819943e+002 4.022474e+000
      vertex   -1.857509e+002 2.767543e+002 4.022474e+000
    endloop
  endfacet
  facet normal 0.000000e+000 0.000000e+000 7.632151e-002
    outer loop
      vertex   -1.857509e+002 2.767543e+002 4.022474e+000
      vertex   -1.825749e+002 2.819943e+002 4.022474e+000
      vertex   -1.830517e+002 2.820876e+002 4.022474e+000
    endloop
  endfacet
  facet normal 0.000000e+000 0.000000e+000 7.898130e-002
    outer loop
      vertex   -1.857509e+002 2.767543e+002 4.022474e+000
      vertex   -1.830517e+002 2.820876e+002 4.022474e+000
      vertex   -1.835322e+002 2.821605e+002 4.022474e+000
    endloop
  endfacet
  facet normal 0.000000e+000 0.000000e+000 9.604902e-001
    outer loop
      vertex   -1.835322e+002 2.821605e+002 4.022474e+000
      vertex   -1.840153e+002 2.822126e+002 4.022474e+000
      vertex   -1.857509e+002 2.767543e+002 4.022474e+000
    endloop
  endfacet
  facet normal 0.000000e+000 0.000000e+000 8.376412e-002
    outer loop
      vertex   -1.857509e+002 2.767543e+002 4.022474e+000
      vertex   -1.840153e+002 2.822126e+002 4.022474e+000
      vertex   -1.845002e+002 2.822439e+002 4.022474e+000
    endloop
  endfacet
  facet normal 0.000000e+000 0.000000e+000 8.572134e-002
    outer loop
      vertex   -1.857509e+002 2.767543e+002 4.022474e+000
      vertex   -1.845002e+002 2.822439e+002 4.022474e+000
      vertex   -1.849861e+002 2.822543e+002 4.022474e+000
    endloop
  endfacet
  facet normal 0.000000e+000 0.000000e+000 9.904680e-001
    outer loop
      vertex   -1.849861e+002 2.822543e+002 4.022474e+000
      vertex   -1.857509e+002 2.822543e+002 4.022474e+000
      vertex   -1.857509e+002 2.767543e+002 4.022474e+000
    endloop
  endfacet
  facet normal 0.000000e+000 1.000000e+000 -0.000000e+000
    outer loop
      vertex   -1.849861e+002 2.822543e+002 2.247402e-002
      vertex   -1.857509e+002 2.822543e+002 2.247402e-002
      vertex   -1.849861e+002 2.822543e+002 4.022474e+000
    endloop
  endfacet
  facet normal 0.000000e+000 9.822041e-001 0.000000e+000
    outer loop
      vertex   -1.849861e+002 2.822543e+002 4.022474e+000
      vertex   -1.857509e+002 2.822543e+002 2.247402e-002
      vertex   -1.857509e+002 2.822543e+002 4.022474e+000
    endloop
  endfacet
  facet normal 9.964371e-001 -7.126566e-002 8.420548e-004
    outer loop
      vertex   -1.747611e+002 2.756120e+002 7.022474e+000
      vertex   -1.747516e+002 2.757169e+002 4.689141e+000
      vertex   -1.747509e+002 2.757543e+002 7.022474e+000
    endloop
  endfacet
  facet normal 8.009581e-003 -1.503840e-004 0.000000e+000
    outer loop
      vertex   -1.747509e+002 2.757543e+002 7.022474e+000
      vertex   -1.747516e+002 2.757169e+002 4.689141e+000
      vertex   -1.747516e+002 2.757169e+002 2.355807e+000
    endloop
  endfacet
  facet normal 8.010607e-003 -1.504032e-004 0.000000e+000
    outer loop
      vertex   -1.747509e+002 2.757543e+002 7.022474e+000
      vertex   -1.747516e+002 2.757169e+002 2.355807e+000
      vertex   -1.747509e+002 2.757543e+002 2.247402e-002
    endloop
  endfacet
  facet normal 9.973242e-001 -7.132910e-002 -8.428043e-004
    outer loop
      vertex   -1.747509e+002 2.757543e+002 2.247402e-002
      vertex   -1.747516e+002 2.757169e+002 2.355807e+000
      vertex   -1.747611e+002 2.756120e+002 2.247402e-002
    endloop
  endfacet
  facet normal 6.357912e-002 -7.158693e-003 6.369807e-005
    outer loop
      vertex   -1.747611e+002 2.756120e+002 2.247402e-002
      vertex   -1.747516e+002 2.757169e+002 2.355807e+000
      vertex   -1.747684e+002 2.755684e+002 2.355807e+000
    endloop
  endfacet
  facet normal 9.769682e-001 -2.125424e-001 -9.376726e-004
    outer loop
      vertex   -1.747611e+002 2.756120e+002 2.247402e-002
      vertex   -1.747684e+002 2.755684e+002 2.355807e+000
      vertex   -1.747914e+002 2.754726e+002 2.247402e-002
    endloop
  endfacet
  facet normal 6.180668e-002 -1.655886e-002 6.850848e-005
    outer loop
      vertex   -1.747914e+002 2.754726e+002 2.247402e-002
      vertex   -1.747684e+002 2.755684e+002 2.355807e+000
      vertex   -1.748070e+002 2.754240e+002 2.355807e+000
    endloop
  endfacet
  facet normal 9.367369e-001 -3.493516e-001 -1.008986e-003
    outer loop
      vertex   -1.747914e+002 2.754726e+002 2.247402e-002
      vertex   -1.748070e+002 2.754240e+002 2.355807e+000
      vertex   -1.748413e+002 2.753389e+002 2.247402e-002
    endloop
  endfacet
  facet normal 5.864813e-002 -2.558752e-002 7.234050e-005
    outer loop
      vertex   -1.748413e+002 2.753389e+002 2.247402e-002
      vertex   -1.748070e+002 2.754240e+002 2.355807e+000
      vertex   -1.748668e+002 2.752870e+002 2.355807e+000
    endloop
  endfacet
  facet normal 8.774505e-001 -4.790272e-001 -1.056750e-003
    outer loop
      vertex   -1.748413e+002 2.753389e+002 2.247402e-002
      vertex   -1.748668e+002 2.752870e+002 2.355807e+000
      vertex   -1.749097e+002 2.752137e+002 2.247402e-002
    endloop
  endfacet
  facet normal 5.416872e-002 -3.404816e-002 7.548938e-005
    outer loop
      vertex   -1.749097e+002 2.752137e+002 2.247402e-002
      vertex   -1.748668e+002 2.752870e+002 2.355807e+000
      vertex   -1.749463e+002 2.751605e+002 2.355807e+000
    endloop
  endfacet
  facet normal 8.002322e-001 -5.990517e-001 -1.073379e-003
    outer loop
      vertex   -1.749097e+002 2.752137e+002 2.247402e-002
      vertex   -1.749463e+002 2.751605e+002 2.355807e+000
      vertex   -1.749952e+002 2.750994e+002 2.247402e-002
    endloop
  endfacet
  facet normal 4.851224e-002 -4.173778e-002 7.681855e-005
    outer loop
      vertex   -1.749952e+002 2.750994e+002 2.247402e-002
      vertex   -1.749463e+002 2.751605e+002 2.355807e+000
      vertex   -1.750438e+002 2.750472e+002 2.355807e+000
    endloop
  endfacet
  facet normal 7.067761e-001 -7.067761e-001 -1.090780e-003
    outer loop
      vertex   -1.749952e+002 2.750994e+002 2.247402e-002
      vertex   -1.750438e+002 2.750472e+002 2.355807e+000
      vertex   -1.750961e+002 2.749985e+002 2.247402e-002
    endloop
  endfacet
  facet normal 4.173126e-002 -4.849920e-002 7.669247e-005
    outer loop
      vertex   -1.750961e+002 2.749985e+002 2.247402e-002
      vertex   -1.750438e+002 2.750472e+002 2.355807e+000
      vertex   -1.751571e+002 2.749497e+002 2.355807e+000
    endloop
  endfacet
  facet normal 5.988594e-001 -8.001540e-001 -1.079375e-003
    outer loop
      vertex   -1.750961e+002 2.749985e+002 2.247402e-002
      vertex   -1.751571e+002 2.749497e+002 2.355807e+000
      vertex   -1.752103e+002 2.749131e+002 2.247402e-002
    endloop
  endfacet
  facet normal 3.404815e-002 -5.418176e-002 7.511768e-005
    outer loop
      vertex   -1.752103e+002 2.749131e+002 2.247402e-002
      vertex   -1.751571e+002 2.749497e+002 2.355807e+000
      vertex   -1.752837e+002 2.748702e+002 2.355807e+000
    endloop
  endfacet
  facet normal 4.789840e-001 -8.770686e-001 -1.053699e-003
    outer loop
      vertex   -1.752103e+002 2.749131e+002 2.247402e-002
      vertex   -1.752837e+002 2.748702e+002 2.355807e+000
      vertex   -1.753355e+002 2.748447e+002 2.247402e-002
    endloop
  endfacet
  facet normal 2.558098e-002 -5.864812e-002 7.282031e-005
    outer loop
      vertex   -1.753355e+002 2.748447e+002 2.247402e-002
      vertex   -1.752837e+002 2.748702e+002 2.355807e+000
      vertex   -1.754207e+002 2.748104e+002 2.355807e+000
    endloop
  endfacet
  facet normal 3.492239e-001 -9.362148e-001 -9.952898e-004
    outer loop
      vertex   -1.753355e+002 2.748447e+002 2.247402e-002
      vertex   -1.754207e+002 2.748104e+002 2.355807e+000
      vertex   -1.754692e+002 2.747948e+002 2.247402e-002
    endloop
  endfacet
  facet normal 1.656539e-002 -6.180015e-002 6.924552e-005
    outer loop
      vertex   -1.754692e+002 2.747948e+002 2.247402e-002
      vertex   -1.754207e+002 2.748104e+002 2.355807e+000
      vertex   -1.755650e+002 2.747717e+002 2.355807e+000
    endloop
  endfacet
  facet normal 2.124134e-001 -9.762681e-001 -9.296617e-004
    outer loop
      vertex   -1.754692e+002 2.747948e+002 2.247402e-002
      vertex   -1.755650e+002 2.747717e+002 2.355807e+000
      vertex   -1.756086e+002 2.747645e+002 2.247402e-002
    endloop
  endfacet
  facet normal 7.158694e-003 -6.357260e-002 6.414033e-005
    outer loop
      vertex   -1.756086e+002 2.747645e+002 2.247402e-002
      vertex   -1.755650e+002 2.747717e+002 2.355807e+000
      vertex   -1.757135e+002 2.747550e+002 2.355807e+000
    endloop
  endfacet
  facet normal 7.115177e-002 -9.964453e-001 -8.406929e-004
    outer loop
      vertex   -1.756086e+002 2.747645e+002 2.247402e-002
      vertex   -1.757135e+002 2.747550e+002 2.355807e+000
      vertex   -1.757509e+002 2.747543e+002 2.247402e-002
    endloop
  endfacet
  facet normal 1.503839e-004 -8.012848e-003 -4.235165e-022
    outer loop
      vertex   -1.757509e+002 2.747543e+002 2.247402e-002
      vertex   -1.757135e+002 2.747550e+002 2.355807e+000
      vertex   -1.757135e+002 2.747550e+002 4.689141e+000
    endloop
  endfacet
  facet normal 1.504032e-004 -8.013876e-003 0.000000e+000
    outer loop
      vertex   -1.757509e+002 2.747543e+002 2.247402e-002
      vertex   -1.757135e+002 2.747550e+002 4.689141e+000
      vertex   -1.757509e+002 2.747543e+002 7.022474e+000
    endloop
  endfacet
  facet normal 7.121510e-002 -9.973322e-001 8.414412e-004
    outer loop
      vertex   -1.757509e+002 2.747543e+002 7.022474e+000
      vertex   -1.757135e+002 2.747550e+002 4.689141e+000
      vertex   -1.756086e+002 2.747645e+002 7.022474e+000
    endloop
  endfacet
  facet normal 7.158695e-003 -6.357261e-002 -6.414035e-005
    outer loop
      vertex   -1.756086e+002 2.747645e+002 7.022474e+000
      vertex   -1.757135e+002 2.747550e+002 4.689141e+000
      vertex   -1.755650e+002 2.747717e+002 4.689141e+000
    endloop
  endfacet
  facet normal 2.125647e-001 -9.769635e-001 9.303240e-004
    outer loop
      vertex   -1.756086e+002 2.747645e+002 7.022474e+000
      vertex   -1.755650e+002 2.747717e+002 4.689141e+000
      vertex   -1.754692e+002 2.747948e+002 7.022474e+000
    endloop
  endfacet
  facet normal 1.656540e-002 -6.180016e-002 -6.924554e-005
    outer loop
      vertex   -1.754692e+002 2.747948e+002 7.022474e+000
      vertex   -1.755650e+002 2.747717e+002 4.689141e+000
      vertex   -1.754207e+002 2.748104e+002 4.689141e+000
    endloop
  endfacet
  facet normal 3.494104e-001 -9.367150e-001 9.958216e-004
    outer loop
      vertex   -1.754692e+002 2.747948e+002 7.022474e+000
      vertex   -1.754207e+002 2.748104e+002 4.689141e+000
      vertex   -1.753355e+002 2.748447e+002 7.022474e+000
    endloop
  endfacet
  facet normal 2.558098e-002 -5.864813e-002 -7.282032e-005
    outer loop
      vertex   -1.753355e+002 2.748447e+002 7.022474e+000
      vertex   -1.754207e+002 2.748104e+002 4.689141e+000
      vertex   -1.752837e+002 2.748702e+002 4.689141e+000
    endloop
  endfacet
  facet normal 4.791547e-001 -8.773812e-001 1.054075e-003
    outer loop
      vertex   -1.753355e+002 2.748447e+002 7.022474e+000
      vertex   -1.752837e+002 2.748702e+002 4.689141e+000
      vertex   -1.752103e+002 2.749131e+002 7.022474e+000
    endloop
  endfacet
  facet normal 3.404815e-002 -5.418177e-002 -7.511770e-005
    outer loop
      vertex   -1.752103e+002 2.749131e+002 7.022474e+000
      vertex   -1.752837e+002 2.748702e+002 4.689141e+000
      vertex   -1.751571e+002 2.749497e+002 4.689141e+000
    endloop
  endfacet
  facet normal 5.989659e-001 -8.002964e-001 1.079567e-003
    outer loop
      vertex   -1.752103e+002 2.749131e+002 7.022474e+000
      vertex   -1.751571e+002 2.749497e+002 4.689141e+000
      vertex   -1.750961e+002 2.749985e+002 7.022474e+000
    endloop
  endfacet
  facet normal 4.173126e-002 -4.849920e-002 -7.669249e-005
    outer loop
      vertex   -1.750961e+002 2.749985e+002 7.022474e+000
      vertex   -1.751571e+002 2.749497e+002 4.689141e+000
      vertex   -1.750438e+002 2.750472e+002 4.689141e+000
    endloop
  endfacet
  facet normal 7.067761e-001 -7.067761e-001 1.090780e-003
    outer loop
      vertex   -1.750961e+002 2.749985e+002 7.022474e+000
      vertex   -1.750438e+002 2.750472e+002 4.689141e+000
      vertex   -1.749952e+002 2.750994e+002 7.022474e+000
    endloop
  endfacet
  facet normal 4.851225e-002 -4.173778e-002 -7.681856e-005
    outer loop
      vertex   -1.749952e+002 2.750994e+002 7.022474e+000
      vertex   -1.750438e+002 2.750472e+002 4.689141e+000
      vertex   -1.749463e+002 2.751605e+002 4.689141e+000
    endloop
  endfacet
  facet normal 8.000895e-001 -5.989449e-001 1.073188e-003
    outer loop
      vertex   -1.749952e+002 2.750994e+002 7.022474e+000
      vertex   -1.749463e+002 2.751605e+002 4.689141e+000
      vertex   -1.749097e+002 2.752137e+002 7.022474e+000
    endloop
  endfacet
  facet normal 5.416872e-002 -3.404817e-002 -7.548939e-005
    outer loop
      vertex   -1.749097e+002 2.752137e+002 7.022474e+000
      vertex   -1.749463e+002 2.751605e+002 4.689141e+000
      vertex   -1.748668e+002 2.752870e+002 4.689141e+000
    endloop
  endfacet
  facet normal 8.771384e-001 -4.788569e-001 1.056375e-003
    outer loop
      vertex   -1.749097e+002 2.752137e+002 7.022474e+000
      vertex   -1.748668e+002 2.752870e+002 4.689141e+000
      vertex   -1.748413e+002 2.753389e+002 7.022474e+000
    endloop
  endfacet
  facet normal 5.864814e-002 -2.558752e-002 -7.234052e-005
    outer loop
      vertex   -1.748413e+002 2.753389e+002 7.022474e+000
      vertex   -1.748668e+002 2.752870e+002 4.689141e+000
      vertex   -1.748070e+002 2.754240e+002 4.689141e+000
    endloop
  endfacet
  facet normal 9.362372e-001 -3.491651e-001 1.008448e-003
    outer loop
      vertex   -1.748413e+002 2.753389e+002 7.022474e+000
      vertex   -1.748070e+002 2.754240e+002 4.689141e+000
      vertex   -1.747914e+002 2.754726e+002 7.022474e+000
    endloop
  endfacet
  facet normal 6.180668e-002 -1.655886e-002 -6.850850e-005
    outer loop
      vertex   -1.747914e+002 2.754726e+002 7.022474e+000
      vertex   -1.748070e+002 2.754240e+002 4.689141e+000
      vertex   -1.747684e+002 2.755684e+002 4.689141e+000
    endloop
  endfacet
  facet normal 9.762729e-001 -2.123912e-001 9.370053e-004
    outer loop
      vertex   -1.747914e+002 2.754726e+002 7.022474e+000
      vertex   -1.747684e+002 2.755684e+002 4.689141e+000
      vertex   -1.747611e+002 2.756120e+002 7.022474e+000
    endloop
  endfacet
  facet normal 6.357913e-002 -7.158694e-003 -6.369808e-005
    outer loop
      vertex   -1.747611e+002 2.756120e+002 7.022474e+000
      vertex   -1.747684e+002 2.755684e+002 4.689141e+000
      vertex   -1.747516e+002 2.757169e+002 4.689141e+000
    endloop
  endfacet
  facet normal 9.916883e-001 -1.116592e-001 -8.673617e-019
    outer loop
      vertex   -1.747684e+002 2.755684e+002 2.355807e+000
      vertex   -1.747516e+002 2.757169e+002 2.355807e+000
      vertex   -1.747516e+002 2.757169e+002 4.689141e+000
    endloop
  endfacet
  facet normal 9.639586e-001 -2.582578e-001 0.000000e+000
    outer loop
      vertex   -1.748070e+002 2.754240e+002 2.355807e+000
      vertex   -1.747684e+002 2.755684e+002 2.355807e+000
      vertex   -1.747684e+002 2.755684e+002 4.689141e+000
    endloop
  endfacet
  facet normal 9.937208e-001 -1.118880e-001 0.000000e+000
    outer loop
      vertex   -1.747684e+002 2.755684e+002 4.689141e+000
      vertex   -1.747684e+002 2.755684e+002 2.355807e+000
      vertex   -1.747516e+002 2.757169e+002 4.689141e+000
    endloop
  endfacet
  facet normal 9.146899e-001 -3.990689e-001 -3.469447e-018
    outer loop
      vertex   -1.748668e+002 2.752870e+002 2.355807e+000
      vertex   -1.748070e+002 2.754240e+002 2.355807e+000
      vertex   -1.748070e+002 2.754240e+002 4.689141e+000
    endloop
  endfacet
  facet normal 9.659344e-001 -2.587871e-001 0.000000e+000
    outer loop
      vertex   -1.748070e+002 2.754240e+002 4.689141e+000
      vertex   -1.748070e+002 2.754240e+002 2.355807e+000
      vertex   -1.747684e+002 2.755684e+002 4.689141e+000
    endloop
  endfacet
  facet normal 8.449106e-001 -5.310751e-001 0.000000e+000
    outer loop
      vertex   -1.749463e+002 2.751605e+002 2.355807e+000
      vertex   -1.748668e+002 2.752870e+002 2.355807e+000
      vertex   -1.748668e+002 2.752870e+002 4.689141e+000
    endloop
  endfacet
  facet normal 9.165645e-001 -3.998868e-001 0.000000e+000
    outer loop
      vertex   -1.748668e+002 2.752870e+002 4.689141e+000
      vertex   -1.748668e+002 2.752870e+002 2.355807e+000
      vertex   -1.748070e+002 2.754240e+002 4.689141e+000
    endloop
  endfacet
  facet normal 7.565013e-001 -6.508600e-001 0.000000e+000
    outer loop
      vertex   -1.750438e+002 2.750472e+002 2.355807e+000
      vertex   -1.749463e+002 2.751605e+002 2.355807e+000
      vertex   -1.749463e+002 2.751605e+002 4.689141e+000
    endloop
  endfacet
  facet normal 8.466418e-001 -5.321632e-001 0.000000e+000
    outer loop
      vertex   -1.749463e+002 2.751605e+002 4.689141e+000
      vertex   -1.749463e+002 2.751605e+002 2.355807e+000
      vertex   -1.748668e+002 2.752870e+002 4.689141e+000
    endloop
  endfacet
  facet normal 6.509028e-001 -7.564656e-001 0.000000e+000
    outer loop
      vertex   -1.751571e+002 2.749497e+002 2.355807e+000
      vertex   -1.750438e+002 2.750472e+002 2.355807e+000
      vertex   -1.750438e+002 2.750472e+002 4.689141e+000
    endloop
  endfacet
  facet normal 7.580519e-001 -6.521941e-001 0.000000e+000
    outer loop
      vertex   -1.750438e+002 2.750472e+002 4.689141e+000
      vertex   -1.750438e+002 2.750472e+002 2.355807e+000
      vertex   -1.749463e+002 2.751605e+002 4.689141e+000
    endloop
  endfacet
  facet normal 5.309829e-001 -8.449677e-001 3.469447e-018
    outer loop
      vertex   -1.752837e+002 2.748702e+002 2.355807e+000
      vertex   -1.751571e+002 2.749497e+002 2.355807e+000
      vertex   -1.751571e+002 2.749497e+002 4.689141e+000
    endloop
  endfacet
  facet normal 6.522365e-001 -7.580156e-001 0.000000e+000
    outer loop
      vertex   -1.751571e+002 2.749497e+002 4.689141e+000
      vertex   -1.751571e+002 2.749497e+002 2.355807e+000
      vertex   -1.750438e+002 2.750472e+002 4.689141e+000
    endloop
  endfacet
  facet normal 3.989834e-001 -9.147274e-001 0.000000e+000
    outer loop
      vertex   -1.754207e+002 2.748104e+002 2.355807e+000
      vertex   -1.752837e+002 2.748702e+002 2.355807e+000
      vertex   -1.752837e+002 2.748702e+002 4.689141e+000
    endloop
  endfacet
  facet normal 5.320712e-001 -8.466996e-001 0.000000e+000
    outer loop
      vertex   -1.752837e+002 2.748702e+002 4.689141e+000
      vertex   -1.752837e+002 2.748702e+002 2.355807e+000
      vertex   -1.751571e+002 2.749497e+002 4.689141e+000
    endloop
  endfacet
  facet normal 2.583784e-001 -9.639266e-001 0.000000e+000
    outer loop
      vertex   -1.755650e+002 2.747717e+002 2.355807e+000
      vertex   -1.754207e+002 2.748104e+002 2.355807e+000
      vertex   -1.754207e+002 2.748104e+002 4.689141e+000
    endloop
  endfacet
  facet normal 3.998010e-001 -9.166020e-001 0.000000e+000
    outer loop
      vertex   -1.754207e+002 2.748104e+002 4.689141e+000
      vertex   -1.754207e+002 2.748104e+002 2.355807e+000
      vertex   -1.752837e+002 2.748702e+002 4.689141e+000
    endloop
  endfacet
  facet normal 1.116705e-001 -9.916874e-001 8.673617e-019
    outer loop
      vertex   -1.757135e+002 2.747550e+002 2.355807e+000
      vertex   -1.755650e+002 2.747717e+002 2.355807e+000
      vertex   -1.755650e+002 2.747717e+002 4.689141e+000
    endloop
  endfacet
  facet normal 2.589079e-001 -9.659020e-001 0.000000e+000
    outer loop
      vertex   -1.755650e+002 2.747717e+002 4.689141e+000
      vertex   -1.755650e+002 2.747717e+002 2.355807e+000
      vertex   -1.754207e+002 2.748104e+002 4.689141e+000
    endloop
  endfacet
  facet normal 1.118994e-001 -9.937195e-001 0.000000e+000
    outer loop
      vertex   -1.757135e+002 2.747550e+002 4.689141e+000
      vertex   -1.757135e+002 2.747550e+002 2.355807e+000
      vertex   -1.755650e+002 2.747717e+002 4.689141e+000
    endloop
  endfacet
  facet normal 0.000000e+000 0.000000e+000 9.905872e-001
    outer loop
      vertex   -1.977611e+002 2.793466e+002 4.022474e+000
      vertex   -2.107509e+002 2.802043e+002 4.022474e+000
      vertex   -1.977509e+002 2.792043e+002 4.022474e+000
    endloop
  endfacet
  facet normal 0.000000e+000 0.000000e+000 2.600241e-001
    outer loop
      vertex   -1.977509e+002 2.792043e+002 4.022474e+000
      vertex   -2.107509e+002 2.802043e+002 4.022474e+000
      vertex   -2.107509e+002 2.767543e+002 4.022474e+000
    endloop
  endfacet
  facet normal 0.000000e+000 0.000000e+000 9.827009e-001
    outer loop
      vertex   -1.977509e+002 2.792043e+002 4.022474e+000
      vertex   -2.107509e+002 2.767543e+002 4.022474e+000
      vertex   -1.977509e+002 2.767543e+002 4.022474e+000
    endloop
  endfacet
  facet normal -0.000000e+000 0.000000e+000 6.588255e-002
    outer loop
      vertex   -2.107509e+002 2.802043e+002 4.022474e+000
      vertex   -1.977611e+002 2.793466e+002 4.022474e+000
      vertex   -1.987509e+002 2.802043e+002 4.022474e+000
    endloop
  endfacet
  facet normal 0.000000e+000 0.000000e+000 7.132898e-002
    outer loop
      vertex   -1.987509e+002 2.802043e+002 4.022474e+000
      vertex   -1.977611e+002 2.793466e+002 4.022474e+000
      vertex   -1.977914e+002 2.794860e+002 4.022474e+000
    endloop
  endfacet
  facet normal 0.000000e+000 0.000000e+000 7.135674e-002
    outer loop
      vertex   -1.987509e+002 2.802043e+002 4.022474e+000
      vertex   -1.977914e+002 2.794860e+002 4.022474e+000
      vertex   -1.978413e+002 2.796197e+002 4.022474e+000
    endloop
  endfacet
  facet normal 0.000000e+000 0.000000e+000 4.792503e-001
    outer loop
      vertex   -1.978413e+002 2.796197e+002 4.022474e+000
      vertex   -1.979097e+002 2.797449e+002 4.022474e+000
      vertex   -1.987509e+002 2.802043e+002 4.022474e+000
    endloop
  endfacet
  facet normal 0.000000e+000 0.000000e+000 7.134563e-002
    outer loop
      vertex   -1.987509e+002 2.802043e+002 4.022474e+000
      vertex   -1.979097e+002 2.797449e+002 4.022474e+000
      vertex   -1.979952e+002 2.798592e+002 4.022474e+000
    endloop
  endfacet
  facet normal 0.000000e+000 0.000000e+000 7.134500e-002
    outer loop
      vertex   -1.987509e+002 2.802043e+002 4.022474e+000
      vertex   -1.979952e+002 2.798592e+002 4.022474e+000
      vertex   -1.980961e+002 2.799601e+002 4.022474e+000
    endloop
  endfacet
  facet normal 0.000000e+000 0.000000e+000 2.818220e-001
    outer loop
      vertex   -1.980961e+002 2.799601e+002 4.022474e+000
      vertex   -1.982103e+002 2.800456e+002 4.022474e+000
      vertex   -1.987509e+002 2.802043e+002 4.022474e+000
    endloop
  endfacet
  facet normal 0.000000e+000 0.000000e+000 7.130847e-002
    outer loop
      vertex   -1.987509e+002 2.802043e+002 4.022474e+000
      vertex   -1.982103e+002 2.800456e+002 4.022474e+000
      vertex   -1.983355e+002 2.801139e+002 4.022474e+000
    endloop
  endfacet
  facet normal 0.000000e+000 0.000000e+000 7.136216e-002
    outer loop
      vertex   -1.987509e+002 2.802043e+002 4.022474e+000
      vertex   -1.983355e+002 2.801139e+002 4.022474e+000
      vertex   -1.984692e+002 2.801638e+002 4.022474e+000
    endloop
  endfacet
  facet normal 0.000000e+000 0.000000e+000 7.141571e-002
    outer loop
      vertex   -1.984692e+002 2.801638e+002 4.022474e+000
      vertex   -1.986086e+002 2.801941e+002 4.022474e+000
      vertex   -1.987509e+002 2.802043e+002 4.022474e+000
    endloop
  endfacet
  facet normal 1.000000e+000 0.000000e+000 0.000000e+000
    outer loop
      vertex   -1.977509e+002 2.792043e+002 4.022474e+000
      vertex   -1.977509e+002 2.767543e+002 4.022474e+000
      vertex   -1.977509e+002 2.792043e+002 2.247402e-002
    endloop
  endfacet
  facet normal 8.527561e-001 0.000000e+000 0.000000e+000
    outer loop
      vertex   -1.977509e+002 2.792043e+002 2.247402e-002
      vertex   -1.977509e+002 2.767543e+002 4.022474e+000
      vertex   -1.977509e+002 2.767543e+002 2.247402e-002
    endloop
  endfacet
  facet normal 3.356347e-004 1.869638e-002 -0.000000e+000
    outer loop
      vertex   -1.987509e+002 2.802043e+002 2.247402e-002
      vertex   -1.987509e+002 2.802043e+002 4.022474e+000
      vertex   -1.987135e+002 2.802036e+002 2.022474e+000
    endloop
  endfacet
  facet normal 5.073256e-003 7.104843e-002 7.101761e-005
    outer loop
      vertex   -1.987135e+002 2.802036e+002 2.022474e+000
      vertex   -1.987509e+002 2.802043e+002 4.022474e+000
      vertex   -1.986086e+002 2.801941e+002 4.022474e+000
    endloop
  endfacet
  facet normal 1.119458e-001 9.923211e-001 -1.163602e-003
    outer loop
      vertex   -1.987135e+002 2.802036e+002 2.022474e+000
      vertex   -1.986086e+002 2.801941e+002 4.022474e+000
      vertex   -1.985650e+002 2.801869e+002 2.022474e+000
    endloop
  endfacet
  facet normal 1.514516e-002 6.960829e-002 7.733279e-005
    outer loop
      vertex   -1.985650e+002 2.801869e+002 2.022474e+000
      vertex   -1.986086e+002 2.801941e+002 4.022474e+000
      vertex   -1.984692e+002 2.801638e+002 4.022474e+000
    endloop
  endfacet
  facet normal 2.584038e-001 9.647822e-001 -1.251412e-003
    outer loop
      vertex   -1.985650e+002 2.801869e+002 2.022474e+000
      vertex   -1.984692e+002 2.801638e+002 4.022474e+000
      vertex   -1.984207e+002 2.801482e+002 2.022474e+000
    endloop
  endfacet
  facet normal 2.489856e-002 6.674918e-002 8.380639e-005
    outer loop
      vertex   -1.984207e+002 2.801482e+002 2.022474e+000
      vertex   -1.984692e+002 2.801638e+002 4.022474e+000
      vertex   -1.983355e+002 2.801139e+002 4.022474e+000
    endloop
  endfacet
  facet normal 3.995520e-001 9.155635e-001 -1.320988e-003
    outer loop
      vertex   -1.984207e+002 2.801482e+002 2.022474e+000
      vertex   -1.983355e+002 2.801139e+002 4.022474e+000
      vertex   -1.982837e+002 2.800884e+002 2.022474e+000
    endloop
  endfacet
  facet normal 3.413464e-002 6.253192e-002 8.725084e-005
    outer loop
      vertex   -1.982837e+002 2.800884e+002 2.022474e+000
      vertex   -1.983355e+002 2.801139e+002 4.022474e+000
      vertex   -1.982103e+002 2.800456e+002 4.022474e+000
    endloop
  endfacet
  facet normal 5.314453e-001 8.460284e-001 -1.373849e-003
    outer loop
      vertex   -1.982837e+002 2.800884e+002 2.022474e+000
      vertex   -1.982103e+002 2.800456e+002 4.022474e+000
      vertex   -1.981571e+002 2.800089e+002 2.022474e+000
    endloop
  endfacet
  facet normal 4.270025e-002 5.703272e-002 9.016246e-005
    outer loop
      vertex   -1.981571e+002 2.800089e+002 2.022474e+000
      vertex   -1.982103e+002 2.800456e+002 4.022474e+000
      vertex   -1.980961e+002 2.799601e+002 4.022474e+000
    endloop
  endfacet
  facet normal 6.518559e-001 7.573362e-001 -1.391855e-003
    outer loop
      vertex   -1.981571e+002 2.800089e+002 2.022474e+000
      vertex   -1.980961e+002 2.799601e+002 4.022474e+000
      vertex   -1.980438e+002 2.799114e+002 2.022474e+000
    endloop
  endfacet
  facet normal 5.038138e-002 5.038138e-002 9.071355e-005
    outer loop
      vertex   -1.980438e+002 2.799114e+002 2.022474e+000
      vertex   -1.980961e+002 2.799601e+002 4.022474e+000
      vertex   -1.979952e+002 2.798592e+002 4.022474e+000
    endloop
  endfacet
  facet normal 7.574827e-001 6.518800e-001 -1.394789e-003
    outer loop
      vertex   -1.980438e+002 2.799114e+002 2.022474e+000
      vertex   -1.979952e+002 2.798592e+002 4.022474e+000
      vertex   -1.979463e+002 2.797981e+002 2.022474e+000
    endloop
  endfacet
  facet normal 5.704033e-002 4.270024e-002 8.991340e-005
    outer loop
      vertex   -1.979463e+002 2.797981e+002 2.022474e+000
      vertex   -1.979952e+002 2.798592e+002 4.022474e+000
      vertex   -1.979097e+002 2.797449e+002 4.022474e+000
    endloop
  endfacet
  facet normal 8.462582e-001 5.317938e-001 -1.371195e-003
    outer loop
      vertex   -1.979463e+002 2.797981e+002 2.022474e+000
      vertex   -1.979097e+002 2.797449e+002 4.022474e+000
      vertex   -1.978668e+002 2.796716e+002 2.022474e+000
    endloop
  endfacet
  facet normal 6.252430e-002 3.414226e-002 8.754557e-005
    outer loop
      vertex   -1.978668e+002 2.796716e+002 2.022474e+000
      vertex   -1.979097e+002 2.797449e+002 4.022474e+000
      vertex   -1.978413e+002 2.796197e+002 4.022474e+000
    endloop
  endfacet
  facet normal 9.161822e-001 3.997200e-001 -1.324526e-003
    outer loop
      vertex   -1.978668e+002 2.796716e+002 2.022474e+000
      vertex   -1.978413e+002 2.796197e+002 4.022474e+000
      vertex   -1.978070e+002 2.795346e+002 2.022474e+000
    endloop
  endfacet
  facet normal 6.675679e-002 2.489094e-002 8.375198e-005
    outer loop
      vertex   -1.978070e+002 2.795346e+002 2.022474e+000
      vertex   -1.978413e+002 2.796197e+002 4.022474e+000
      vertex   -1.977914e+002 2.794860e+002 4.022474e+000
    endloop
  endfacet
  facet normal 9.656205e-001 2.587030e-001 -1.248712e-003
    outer loop
      vertex   -1.978070e+002 2.795346e+002 2.022474e+000
      vertex   -1.977914e+002 2.794860e+002 4.022474e+000
      vertex   -1.977684e+002 2.793902e+002 2.022474e+000
    endloop
  endfacet
  facet normal 6.960069e-002 1.514516e-002 7.777593e-005
    outer loop
      vertex   -1.977684e+002 2.793902e+002 2.022474e+000
      vertex   -1.977914e+002 2.794860e+002 4.022474e+000
      vertex   -1.977611e+002 2.793466e+002 4.022474e+000
    endloop
  endfacet
  facet normal 9.934759e-001 1.118834e-001 -1.162430e-003
    outer loop
      vertex   -1.977684e+002 2.793902e+002 2.022474e+000
      vertex   -1.977611e+002 2.793466e+002 4.022474e+000
      vertex   -1.977516e+002 2.792417e+002 2.022474e+000
    endloop
  endfacet
  facet normal 7.105605e-002 5.080873e-003 7.011202e-005
    outer loop
      vertex   -1.977516e+002 2.792417e+002 2.022474e+000
      vertex   -1.977611e+002 2.793466e+002 4.022474e+000
      vertex   -1.977509e+002 2.792043e+002 4.022474e+000
    endloop
  endfacet
  facet normal 3.740146e-002 7.016587e-004 -8.470329e-022
    outer loop
      vertex   -1.977516e+002 2.792417e+002 2.022474e+000
      vertex   -1.977509e+002 2.792043e+002 4.022474e+000
      vertex   -1.977509e+002 2.792043e+002 2.247402e-002
    endloop
  endfacet
  facet normal 9.972787e-001 7.131056e-002 -9.840291e-004
    outer loop
      vertex   -1.977509e+002 2.792043e+002 2.247402e-002
      vertex   -1.977611e+002 2.793466e+002 2.247402e-002
      vertex   -1.977516e+002 2.792417e+002 2.022474e+000
    endloop
  endfacet
  facet normal 9.923426e-001 1.117558e-001 1.161103e-003
    outer loop
      vertex   -1.977516e+002 2.792417e+002 2.022474e+000
      vertex   -1.977611e+002 2.793466e+002 2.247402e-002
      vertex   -1.977684e+002 2.793902e+002 2.022474e+000
    endloop
  endfacet
  facet normal 9.768956e-001 2.125732e-001 -1.091641e-003
    outer loop
      vertex   -1.977611e+002 2.793466e+002 2.247402e-002
      vertex   -1.977914e+002 2.794860e+002 2.247402e-002
      vertex   -1.977684e+002 2.793902e+002 2.022474e+000
    endloop
  endfacet
  facet normal 9.647635e-001 2.584734e-001 1.247603e-003
    outer loop
      vertex   -1.977684e+002 2.793902e+002 2.022474e+000
      vertex   -1.977914e+002 2.794860e+002 2.247402e-002
      vertex   -1.978070e+002 2.795346e+002 2.022474e+000
    endloop
  endfacet
  facet normal 9.366823e-001 3.492514e-001 -1.175146e-003
    outer loop
      vertex   -1.977914e+002 2.794860e+002 2.247402e-002
      vertex   -1.978413e+002 2.796197e+002 2.247402e-002
      vertex   -1.978070e+002 2.795346e+002 2.022474e+000
    endloop
  endfacet
  facet normal 9.156011e-001 3.994664e-001 1.323686e-003
    outer loop
      vertex   -1.978070e+002 2.795346e+002 2.022474e+000
      vertex   -1.978413e+002 2.796197e+002 2.247402e-002
      vertex   -1.978668e+002 2.796716e+002 2.022474e+000
    endloop
  endfacet
  facet normal 8.773046e-001 4.790643e-001 -1.228388e-003
    outer loop
      vertex   -1.978413e+002 2.796197e+002 2.247402e-002
      vertex   -1.979097e+002 2.797449e+002 2.247402e-002
      vertex   -1.978668e+002 2.796716e+002 2.022474e+000
    endloop
  endfacet
  facet normal 8.459365e-001 5.315917e-001 1.370674e-003
    outer loop
      vertex   -1.978668e+002 2.796716e+002 2.022474e+000
      vertex   -1.979097e+002 2.797449e+002 2.247402e-002
      vertex   -1.979463e+002 2.797981e+002 2.022474e+000
    endloop
  endfacet
  facet normal 8.001213e-001 5.989687e-001 -1.261242e-003
    outer loop
      vertex   -1.979097e+002 2.797449e+002 2.247402e-002
      vertex   -1.979952e+002 2.798592e+002 2.247402e-002
      vertex   -1.979463e+002 2.797981e+002 2.022474e+000
    endloop
  endfacet
  facet normal 7.573867e-001 6.517974e-001 1.394612e-003
    outer loop
      vertex   -1.979463e+002 2.797981e+002 2.022474e+000
      vertex   -1.979952e+002 2.798592e+002 2.247402e-002
      vertex   -1.980438e+002 2.799114e+002 2.022474e+000
    endloop
  endfacet
  facet normal 7.066568e-001 7.066568e-001 -1.272362e-003
    outer loop
      vertex   -1.979952e+002 2.798592e+002 2.247402e-002
      vertex   -1.980961e+002 2.799601e+002 2.247402e-002
      vertex   -1.980438e+002 2.799114e+002 2.022474e+000
    endloop
  endfacet
  facet normal 6.519386e-001 7.574323e-001 1.392031e-003
    outer loop
      vertex   -1.980438e+002 2.799114e+002 2.022474e+000
      vertex   -1.980961e+002 2.799601e+002 2.247402e-002
      vertex   -1.981571e+002 2.800089e+002 2.022474e+000
    endloop
  endfacet
  facet normal 5.988750e-001 7.998893e-001 -1.264537e-003
    outer loop
      vertex   -1.980961e+002 2.799601e+002 2.247402e-002
      vertex   -1.982103e+002 2.800456e+002 2.247402e-002
      vertex   -1.981571e+002 2.800089e+002 2.022474e+000
    endloop
  endfacet
  facet normal 5.316477e-001 8.463504e-001 1.374371e-003
    outer loop
      vertex   -1.981571e+002 2.800089e+002 2.022474e+000
      vertex   -1.982103e+002 2.800456e+002 2.247402e-002
      vertex   -1.982837e+002 2.800884e+002 2.022474e+000
    endloop
  endfacet
  facet normal 4.787050e-001 8.769491e-001 -1.223608e-003
    outer loop
      vertex   -1.982103e+002 2.800456e+002 2.247402e-002
      vertex   -1.983355e+002 2.801139e+002 2.247402e-002
      vertex   -1.982837e+002 2.800884e+002 2.022474e+000
    endloop
  endfacet
  facet normal 3.998057e-001 9.161448e-001 1.321826e-003
    outer loop
      vertex   -1.982837e+002 2.800884e+002 2.022474e+000
      vertex   -1.983355e+002 2.801139e+002 2.247402e-002
      vertex   -1.984207e+002 2.801482e+002 2.022474e+000
    endloop
  endfacet
  facet normal 3.491264e-001 9.359536e-001 -1.175129e-003
    outer loop
      vertex   -1.983355e+002 2.801139e+002 2.247402e-002
      vertex   -1.984692e+002 2.801638e+002 2.247402e-002
      vertex   -1.984207e+002 2.801482e+002 2.022474e+000
    endloop
  endfacet
  facet normal 2.586333e-001 9.656394e-001 1.252523e-003
    outer loop
      vertex   -1.984207e+002 2.801482e+002 2.022474e+000
      vertex   -1.984692e+002 2.801638e+002 2.247402e-002
      vertex   -1.985650e+002 2.801869e+002 2.022474e+000
    endloop
  endfacet
  facet normal 2.123451e-001 9.759543e-001 -1.084257e-003
    outer loop
      vertex   -1.984692e+002 2.801638e+002 2.247402e-002
      vertex   -1.986086e+002 2.801941e+002 2.247402e-002
      vertex   -1.985650e+002 2.801869e+002 2.022474e+000
    endloop
  endfacet
  facet normal 1.120736e-001 9.934543e-001 1.164931e-003
    outer loop
      vertex   -1.985650e+002 2.801869e+002 2.022474e+000
      vertex   -1.986086e+002 2.801941e+002 2.247402e-002
      vertex   -1.987135e+002 2.802036e+002 2.022474e+000
    endloop
  endfacet
  facet normal 7.112565e-002 9.960794e-001 -9.956472e-004
    outer loop
      vertex   -1.986086e+002 2.801941e+002 2.247402e-002
      vertex   -1.987509e+002 2.802043e+002 2.247402e-002
      vertex   -1.987135e+002 2.802036e+002 2.022474e+000
    endloop
  endfacet
  facet normal 0.000000e+000 -1.000000e+000 0.000000e+000
    outer loop
      vertex   -2.147509e+002 2.683043e+002 2.247402e-002
      vertex   -1.827509e+002 2.683043e+002 2.247402e-002
      vertex   -2.147509e+002 2.683043e+002 2.522474e+000
    endloop
  endfacet
  facet normal 0.000000e+000 -7.788767e-002 0.000000e+000
    outer loop
      vertex   -2.147509e+002 2.683043e+002 2.522474e+000
      vertex   -1.827509e+002 2.683043e+002 2.247402e-002
      vertex   -1.827509e+002 2.683043e+002 2.522474e+000
    endloop
  endfacet
  facet normal 2.147813e-002 9.997693e-001 0.000000e+000
    outer loop
      vertex   -1.849861e+002 2.822543e+002 4.022474e+000
      vertex   -1.845002e+002 2.822439e+002 4.022474e+000
      vertex   -1.849861e+002 2.822543e+002 2.247402e-002
    endloop
  endfacet
  facet normal 2.160613e-002 9.924663e-001 -3.460197e-005
    outer loop
      vertex   -1.849861e+002 2.822543e+002 2.247402e-002
      vertex   -1.845002e+002 2.822439e+002 4.022474e+000
      vertex   -1.844940e+002 2.822436e+002 2.247402e-002
    endloop
  endfacet
  facet normal 7.772056e-003 1.203684e-001 3.801711e-006
    outer loop
      vertex   -1.844940e+002 2.822436e+002 2.247402e-002
      vertex   -1.845002e+002 2.822439e+002 4.022474e+000
      vertex   -1.840153e+002 2.822126e+002 4.022474e+000
    endloop
  endfacet
  facet normal 6.477071e-002 9.907702e-001 -6.418178e-005
    outer loop
      vertex   -1.844940e+002 2.822436e+002 2.247402e-002
      vertex   -1.840153e+002 2.822126e+002 4.022474e+000
      vertex   -1.840029e+002 2.822115e+002 2.247402e-002
    endloop
  endfacet
  facet normal 1.293301e-002 1.199429e-001 7.982906e-006
    outer loop
      vertex   -1.840029e+002 2.822115e+002 2.247402e-002
      vertex   -1.840153e+002 2.822126e+002 4.022474e+000
      vertex   -1.835322e+002 2.821605e+002 4.022474e+000
    endloop
  endfacet
  facet normal 1.078272e-001 9.871950e-001 -9.688578e-005
    outer loop
      vertex   -1.840029e+002 2.822115e+002 2.247402e-002
      vertex   -1.835322e+002 2.821605e+002 4.022474e+000
      vertex   -1.835137e+002 2.821581e+002 2.247402e-002
    endloop
  endfacet
  facet normal 1.808058e-002 1.192970e-001 1.162209e-005
    outer loop
      vertex   -1.835137e+002 2.821581e+002 2.247402e-002
      vertex   -1.835322e+002 2.821605e+002 4.022474e+000
      vertex   -1.830517e+002 2.820876e+002 4.022474e+000
    endloop
  endfacet
  facet normal 1.507153e-001 9.817438e-001 -1.264224e-004
    outer loop
      vertex   -1.835137e+002 2.821581e+002 2.247402e-002
      vertex   -1.830517e+002 2.820876e+002 4.022474e+000
      vertex   -1.830273e+002 2.820834e+002 2.247402e-002
    endloop
  endfacet
  facet normal 2.319193e-002 1.184304e-001 1.540884e-005
    outer loop
      vertex   -1.830273e+002 2.820834e+002 2.247402e-002
      vertex   -1.830517e+002 2.820876e+002 4.022474e+000
      vertex   -1.825749e+002 2.819943e+002 4.022474e+000
    endloop
  endfacet
  facet normal 1.933687e-001 9.744205e-001 -1.616639e-004
    outer loop
      vertex   -1.830273e+002 2.820834e+002 2.247402e-002
      vertex   -1.825749e+002 2.819943e+002 4.022474e+000
      vertex   -1.825445e+002 2.819876e+002 2.247402e-002
    endloop
  endfacet
  facet normal 2.826696e-002 1.173469e-001 1.829821e-005
    outer loop
      vertex   -1.825445e+002 2.819876e+002 2.247402e-002
      vertex   -1.825749e+002 2.819943e+002 4.022474e+000
      vertex   -1.821024e+002 2.818805e+002 4.022474e+000
    endloop
  endfacet
  facet normal 2.355493e-001 9.652715e-001 -1.844926e-004
    outer loop
      vertex   -1.825445e+002 2.819876e+002 2.247402e-002
      vertex   -1.821024e+002 2.818805e+002 4.022474e+000
      vertex   -1.820664e+002 2.818709e+002 2.247402e-002
    endloop
  endfacet
  facet normal 3.328287e-002 1.160389e-001 2.253416e-005
    outer loop
      vertex   -1.820664e+002 2.818709e+002 2.247402e-002
      vertex   -1.821024e+002 2.818805e+002 4.022474e+000
      vertex   -1.816354e+002 2.817465e+002 4.022474e+000
    endloop
  endfacet
  facet normal 2.774255e-001 9.542587e-001 -2.156163e-004
    outer loop
      vertex   -1.820664e+002 2.818709e+002 2.247402e-002
      vertex   -1.816354e+002 2.817465e+002 4.022474e+000
      vertex   -1.815939e+002 2.817335e+002 2.247402e-002
    endloop
  endfacet
  facet normal 3.824712e-002 1.145215e-001 2.551622e-005
    outer loop
      vertex   -1.815939e+002 2.817335e+002 2.247402e-002
      vertex   -1.816354e+002 2.817465e+002 4.022474e+000
      vertex   -1.811745e+002 2.815926e+002 4.022474e+000
    endloop
  endfacet
  facet normal 3.187173e-001 9.414518e-001 -2.408284e-004
    outer loop
      vertex   -1.815939e+002 2.817335e+002 2.247402e-002
      vertex   -1.811745e+002 2.815926e+002 4.022474e+000
      vertex   -1.811277e+002 2.815757e+002 2.247402e-002
    endloop
  endfacet
  facet normal 4.313685e-002 1.127906e-001 2.901983e-005
    outer loop
      vertex   -1.811277e+002 2.815757e+002 2.247402e-002
      vertex   -1.811745e+002 2.815926e+002 4.022474e+000
      vertex   -1.807206e+002 2.814190e+002 4.022474e+000
    endloop
  endfacet
  facet normal 3.594453e-001 9.268460e-001 -2.676239e-004
    outer loop
      vertex   -1.811277e+002 2.815757e+002 2.247402e-002
      vertex   -1.807206e+002 2.814190e+002 4.022474e+000
      vertex   -1.806689e+002 2.813978e+002 2.247402e-002
    endloop
  endfacet
  facet normal 4.794440e-002 1.108501e-001 3.205087e-005
    outer loop
      vertex   -1.806689e+002 2.813978e+002 2.247402e-002
      vertex   -1.807206e+002 2.814190e+002 4.022474e+000
      vertex   -1.802746e+002 2.812261e+002 4.022474e+000
    endloop
  endfacet
  facet normal 3.994648e-001 9.104950e-001 -2.948069e-004
    outer loop
      vertex   -1.806689e+002 2.813978e+002 2.247402e-002
      vertex   -1.802746e+002 2.812261e+002 4.022474e+000
      vertex   -1.802182e+002 2.812000e+002 2.247402e-002
    endloop
  endfacet
  facet normal 5.267724e-002 1.086999e-001 3.509658e-005
    outer loop
      vertex   -1.802182e+002 2.812000e+002 2.247402e-002
      vertex   -1.802746e+002 2.812261e+002 4.022474e+000
      vertex   -1.798373e+002 2.810142e+002 4.022474e+000
    endloop
  endfacet
  facet normal 4.388067e-001 8.923821e-001 -3.163631e-004
    outer loop
      vertex   -1.802182e+002 2.812000e+002 2.247402e-002
      vertex   -1.798373e+002 2.810142e+002 4.022474e+000
      vertex   -1.797766e+002 2.809829e+002 2.247402e-002
    endloop
  endfacet
  facet normal 5.730493e-002 1.063514e-001 3.835039e-005
    outer loop
      vertex   -1.797766e+002 2.809829e+002 2.247402e-002
      vertex   -1.798373e+002 2.810142e+002 4.022474e+000
      vertex   -1.794095e+002 2.807837e+002 4.022474e+000
    endloop
  endfacet
  facet normal 4.773044e-001 8.725808e-001 -3.400524e-004
    outer loop
      vertex   -1.797766e+002 2.809829e+002 2.247402e-002
      vertex   -1.794095e+002 2.807837e+002 4.022474e+000
      vertex   -1.793448e+002 2.807467e+002 2.247402e-002
    endloop
  endfacet
  facet normal 6.182733e-002 1.038081e-001 4.114675e-005
    outer loop
      vertex   -1.793448e+002 2.807467e+002 2.247402e-002
      vertex   -1.794095e+002 2.807837e+002 4.022474e+000
      vertex   -1.789920e+002 2.805350e+002 4.022474e+000
    endloop
  endfacet
  facet normal 5.148719e-001 8.511393e-001 -3.628975e-004
    outer loop
      vertex   -1.793448e+002 2.807467e+002 2.247402e-002
      vertex   -1.789920e+002 2.805350e+002 4.022474e+000
      vertex   -1.789237e+002 2.804920e+002 2.247402e-002
    endloop
  endfacet
  facet normal 6.623681e-002 1.010665e-001 4.400090e-005
    outer loop
      vertex   -1.789237e+002 2.804920e+002 2.247402e-002
      vertex   -1.789920e+002 2.805350e+002 4.022474e+000
      vertex   -1.785856e+002 2.802686e+002 4.022474e+000
    endloop
  endfacet
  facet normal 5.515056e-001 8.280604e-001 -3.844004e-004
    outer loop
      vertex   -1.789237e+002 2.804920e+002 2.247402e-002
      vertex   -1.785856e+002 2.802686e+002 4.022474e+000
      vertex   -1.785141e+002 2.802192e+002 2.247402e-002
    endloop
  endfacet
  facet normal 7.052559e-002 9.814153e-002 4.668248e-005
    outer loop
      vertex   -1.785141e+002 2.802192e+002 2.247402e-002
      vertex   -1.785856e+002 2.802686e+002 4.022474e+000
      vertex   -1.781910e+002 2.799851e+002 4.022474e+000
    endloop
  endfacet
  facet normal 5.871036e-001 8.034033e-001 -4.069991e-004
    outer loop
      vertex   -1.785141e+002 2.802192e+002 2.247402e-002
      vertex   -1.781910e+002 2.799851e+002 4.022474e+000
      vertex   -1.781168e+002 2.799288e+002 2.247402e-002
    endloop
  endfacet
  facet normal 7.468605e-002 9.502944e-002 4.912971e-005
    outer loop
      vertex   -1.781168e+002 2.799288e+002 2.247402e-002
      vertex   -1.781910e+002 2.799851e+002 4.022474e+000
      vertex   -1.778089e+002 2.796848e+002 4.022474e+000
    endloop
  endfacet
  facet normal 6.216371e-001 7.771852e-001 -4.314171e-004
    outer loop
      vertex   -1.781168e+002 2.799288e+002 2.247402e-002
      vertex   -1.778089e+002 2.796848e+002 4.022474e+000
      vertex   -1.777324e+002 2.796214e+002 2.247402e-002
    endloop
  endfacet
  facet normal 7.871044e-002 9.174534e-002 5.096634e-005
    outer loop
      vertex   -1.777324e+002 2.796214e+002 2.247402e-002
      vertex   -1.778089e+002 2.796848e+002 4.022474e+000
      vertex   -1.774401e+002 2.793684e+002 4.022474e+000
    endloop
  endfacet
  facet normal 6.549262e-001 7.495452e-001 -4.513070e-004
    outer loop
      vertex   -1.777324e+002 2.796214e+002 2.247402e-002
      vertex   -1.774401e+002 2.793684e+002 4.022474e+000
      vertex   -1.773618e+002 2.792976e+002 2.247402e-002
    endloop
  endfacet
  facet normal 8.259108e-002 8.828924e-002 5.347733e-005
    outer loop
      vertex   -1.773618e+002 2.792976e+002 2.247402e-002
      vertex   -1.774401e+002 2.793684e+002 4.022474e+000
      vertex   -1.770853e+002 2.790364e+002 4.022474e+000
    endloop
  endfacet
  facet normal 6.870188e-001 7.204468e-001 -4.672565e-004
    outer loop
      vertex   -1.773618e+002 2.792976e+002 2.247402e-002
      vertex   -1.770853e+002 2.790364e+002 4.022474e+000
      vertex   -1.770057e+002 2.789579e+002 2.247402e-002
    endloop
  endfacet
  facet normal 8.631271e-002 8.466497e-002 5.603977e-005
    outer loop
      vertex   -1.770057e+002 2.789579e+002 2.247402e-002
      vertex   -1.770853e+002 2.790364e+002 4.022474e+000
      vertex   -1.767450e+002 2.786895e+002 4.022474e+000
    endloop
  endfacet
  facet normal 7.178484e-001 6.899420e-001 -4.869153e-004
    outer loop
      vertex   -1.770057e+002 2.789579e+002 2.247402e-002
      vertex   -1.767450e+002 2.786895e+002 4.022474e+000
      vertex   -1.766646e+002 2.786031e+002 2.247402e-002
    endloop
  endfacet
  facet normal 8.988278e-002 8.088766e-002 5.788792e-005
    outer loop
      vertex   -1.766646e+002 2.786031e+002 2.247402e-002
      vertex   -1.767450e+002 2.786895e+002 4.022474e+000
      vertex   -1.764199e+002 2.783283e+002 4.022474e+000
    endloop
  endfacet
  facet normal 7.472474e-001 6.582026e-001 -4.985565e-004
    outer loop
      vertex   -1.766646e+002 2.786031e+002 2.247402e-002
      vertex   -1.764199e+002 2.783283e+002 4.022474e+000
      vertex   -1.763394e+002 2.782338e+002 2.247402e-002
    endloop
  endfacet
  facet normal 9.327842e-002 7.696115e-002 6.067643e-005
    outer loop
      vertex   -1.763394e+002 2.782338e+002 2.247402e-002
      vertex   -1.764199e+002 2.783283e+002 4.022474e+000
      vertex   -1.761107e+002 2.779535e+002 4.022474e+000
    endloop
  endfacet
  facet normal 7.753154e-001 6.251189e-001 -5.166729e-004
    outer loop
      vertex   -1.763394e+002 2.782338e+002 2.247402e-002
      vertex   -1.761107e+002 2.779535e+002 4.022474e+000
      vertex   -1.760305e+002 2.778507e+002 2.247402e-002
    endloop
  endfacet
  facet normal 9.650715e-002 7.288925e-002 6.220550e-005
    outer loop
      vertex   -1.760305e+002 2.778507e+002 2.247402e-002
      vertex   -1.761107e+002 2.779535e+002 4.022474e+000
      vertex   -1.758178e+002 2.775658e+002 4.022474e+000
    endloop
  endfacet
  facet normal 8.018922e-001 5.908728e-001 -5.356174e-004
    outer loop
      vertex   -1.760305e+002 2.778507e+002 2.247402e-002
      vertex   -1.758178e+002 2.775658e+002 4.022474e+000
      vertex   -1.757385e+002 2.774545e+002 2.247402e-002
    endloop
  endfacet
  facet normal 9.956127e-002 6.867958e-002 6.373598e-005
    outer loop
      vertex   -1.757385e+002 2.774545e+002 2.247402e-002
      vertex   -1.758178e+002 2.775658e+002 4.022474e+000
      vertex   -1.755419e+002 2.771658e+002 4.022474e+000
    endloop
  endfacet
  facet normal 8.269517e-001 5.555020e-001 -5.495603e-004
    outer loop
      vertex   -1.757385e+002 2.774545e+002 2.247402e-002
      vertex   -1.755419e+002 2.771658e+002 4.022474e+000
      vertex   -1.754641e+002 2.770460e+002 2.247402e-002
    endloop
  endfacet
  facet normal 1.024255e-001 6.434353e-002 6.550146e-005
    outer loop
      vertex   -1.754641e+002 2.770460e+002 2.247402e-002
      vertex   -1.755419e+002 2.771658e+002 4.022474e+000
      vertex   -1.752834e+002 2.767543e+002 4.022474e+000
    endloop
  endfacet
  facet normal 8.504469e-001 5.190722e-001 -5.628832e-004
    outer loop
      vertex   -1.754641e+002 2.770460e+002 2.247402e-002
      vertex   -1.752834e+002 2.767543e+002 4.022474e+000
      vertex   -1.752077e+002 2.766259e+002 2.247402e-002
    endloop
  endfacet
  facet normal 1.374315e-002 8.104764e-003 0.000000e+000
    outer loop
      vertex   -1.752077e+002 2.766259e+002 2.247402e-002
      vertex   -1.752834e+002 2.767543e+002 4.022474e+000
      vertex   -1.752834e+002 2.767543e+002 7.022474e+000
    endloop
  endfacet
  facet normal 4.672611e-002 2.692219e-002 1.162216e-005
    outer loop
      vertex   -1.752077e+002 2.766259e+002 2.247402e-002
      vertex   -1.752834e+002 2.767543e+002 7.022474e+000
      vertex   -1.750948e+002 2.764270e+002 7.022474e+000
    endloop
  endfacet
  facet normal 8.749727e-001 4.830695e-001 -3.810084e-004
    outer loop
      vertex   -1.752077e+002 2.766259e+002 2.247402e-002
      vertex   -1.750948e+002 2.764270e+002 7.022474e+000
      vertex   -1.749698e+002 2.761951e+002 2.247402e-002
    endloop
  endfacet
  facet normal 4.759789e-002 2.534532e-002 1.019315e-005
    outer loop
      vertex   -1.749698e+002 2.761951e+002 2.247402e-002
      vertex   -1.750948e+002 2.764270e+002 7.022474e+000
      vertex   -1.749173e+002 2.760935e+002 7.022474e+000
    endloop
  endfacet
  facet normal 8.955075e-001 4.447466e-001 -2.739724e-004
    outer loop
      vertex   -1.749698e+002 2.761951e+002 2.247402e-002
      vertex   -1.749173e+002 2.760935e+002 7.022474e+000
      vertex   -1.747509e+002 2.757543e+002 2.247402e-002
    endloop
  endfacet
  facet normal 4.838714e-002 2.372559e-002 -0.000000e+000
    outer loop
      vertex   -1.747509e+002 2.757543e+002 2.247402e-002
      vertex   -1.749173e+002 2.760935e+002 7.022474e+000
      vertex   -1.747509e+002 2.757543e+002 7.022474e+000
    endloop
  endfacet
  facet normal 0.000000e+000 -1.000000e+000 0.000000e+000
    outer loop
      vertex   -1.857509e+002 2.747543e+002 2.247402e-002
      vertex   -1.757509e+002 2.747543e+002 2.247402e-002
      vertex   -1.857509e+002 2.747543e+002 7.022474e+000
    endloop
  endfacet
  facet normal 0.000000e+000 -5.734624e-001 0.000000e+000
    outer loop
      vertex   -1.857509e+002 2.747543e+002 7.022474e+000
      vertex   -1.757509e+002 2.747543e+002 2.247402e-002
      vertex   -1.757509e+002 2.747543e+002 7.022474e+000
    endloop
  endfacet
  facet normal 0.000000e+000 -0.000000e+000 3.494409e-001
    outer loop
      vertex   -1.757509e+002 2.747543e+002 7.022474e+000
      vertex   -1.750961e+002 2.749985e+002 7.022474e+000
      vertex   -1.857509e+002 2.747543e+002 7.022474e+000
    endloop
  endfacet
  facet normal 0.000000e+000 0.000000e+000 9.158066e-003
    outer loop
      vertex   -1.857509e+002 2.747543e+002 7.022474e+000
      vertex   -1.750961e+002 2.749985e+002 7.022474e+000
      vertex   -1.749952e+002 2.750994e+002 7.022474e+000
    endloop
  endfacet
  facet normal 0.000000e+000 0.000000e+000 1.026875e-002
    outer loop
      vertex   -1.857509e+002 2.747543e+002 7.022474e+000
      vertex   -1.749952e+002 2.750994e+002 7.022474e+000
      vertex   -1.749097e+002 2.752137e+002 7.022474e+000
    endloop
  endfacet
  facet normal 0.000000e+000 -0.000000e+000 1.424669e-001
    outer loop
      vertex   -1.756086e+002 2.747645e+002 7.022474e+000
      vertex   -1.754692e+002 2.747948e+002 7.022474e+000
      vertex   -1.757509e+002 2.747543e+002 7.022474e+000
    endloop
  endfacet
  facet normal 0.000000e+000 0.000000e+000 7.136216e-002
    outer loop
      vertex   -1.757509e+002 2.747543e+002 7.022474e+000
      vertex   -1.754692e+002 2.747948e+002 7.022474e+000
      vertex   -1.753355e+002 2.748447e+002 7.022474e+000
    endloop
  endfacet
  facet normal 0.000000e+000 0.000000e+000 7.136030e-002
    outer loop
      vertex   -1.757509e+002 2.747543e+002 7.022474e+000
      vertex   -1.753355e+002 2.748447e+002 7.022474e+000
      vertex   -1.752103e+002 2.749131e+002 7.022474e+000
    endloop
  endfacet
  facet normal 0.000000e+000 -0.000000e+000 3.493623e-001
    outer loop
      vertex   -1.752103e+002 2.749131e+002 7.022474e+000
      vertex   -1.750961e+002 2.749985e+002 7.022474e+000
      vertex   -1.757509e+002 2.747543e+002 7.022474e+000
    endloop
  endfacet
  facet normal 0.000000e+000 -0.000000e+000 8.566483e-001
    outer loop
      vertex   -1.749097e+002 2.752137e+002 7.022474e+000
      vertex   -1.748413e+002 2.753389e+002 7.022474e+000
      vertex   -1.857509e+002 2.747543e+002 7.022474e+000
    endloop
  endfacet
  facet normal 0.000000e+000 0.000000e+000 1.191005e-002
    outer loop
      vertex   -1.857509e+002 2.747543e+002 7.022474e+000
      vertex   -1.748413e+002 2.753389e+002 7.022474e+000
      vertex   -1.747914e+002 2.754726e+002 7.022474e+000
    endloop
  endfacet
  facet normal 0.000000e+000 0.000000e+000 1.244212e-002
    outer loop
      vertex   -1.857509e+002 2.747543e+002 7.022474e+000
      vertex   -1.747914e+002 2.754726e+002 7.022474e+000
      vertex   -1.747611e+002 2.756120e+002 7.022474e+000
    endloop
  endfacet
  facet normal 0.000000e+000 -0.000000e+000 9.888776e-001
    outer loop
      vertex   -1.747611e+002 2.756120e+002 7.022474e+000
      vertex   -1.747509e+002 2.757543e+002 7.022474e+000
      vertex   -1.857509e+002 2.747543e+002 7.022474e+000
    endloop
  endfacet
  facet normal 0.000000e+000 0.000000e+000 3.232533e-002
    outer loop
      vertex   -1.857509e+002 2.747543e+002 7.022474e+000
      vertex   -1.747509e+002 2.757543e+002 7.022474e+000
      vertex   -1.749173e+002 2.760935e+002 7.022474e+000
    endloop
  endfacet
  facet normal 0.000000e+000 0.000000e+000 3.270085e-002
    outer loop
      vertex   -1.857509e+002 2.747543e+002 7.022474e+000
      vertex   -1.749173e+002 2.760935e+002 7.022474e+000
      vertex   -1.750948e+002 2.764270e+002 7.022474e+000
    endloop
  endfacet
  facet normal 0.000000e+000 0.000000e+000 8.664679e-001
    outer loop
      vertex   -1.752834e+002 2.767543e+002 7.022474e+000
      vertex   -1.977509e+002 2.767543e+002 7.022474e+000
      vertex   -1.750948e+002 2.764270e+002 7.022474e+000
    endloop
  endfacet
  facet normal 0.000000e+000 0.000000e+000 1.693246e-001
    outer loop
      vertex   -1.750948e+002 2.764270e+002 7.022474e+000
      vertex   -1.977509e+002 2.767543e+002 7.022474e+000
      vertex   -1.857509e+002 2.747543e+002 7.022474e+000
    endloop
  endfacet
  facet normal 0.000000e+000 0.000000e+000 9.863939e-001
    outer loop
      vertex   -1.977509e+002 2.767543e+002 7.022474e+000
      vertex   -1.977509e+002 2.737543e+002 7.022474e+000
      vertex   -1.857509e+002 2.747543e+002 7.022474e+000
    endloop
  endfacet
  facet normal 0.000000e+000 1.000000e+000 -0.000000e+000
    outer loop
      vertex   -2.107509e+002 2.822543e+002 2.247402e-002
      vertex   -2.147509e+002 2.822543e+002 2.247402e-002
      vertex   -2.107509e+002 2.822543e+002 1.002247e+001
    endloop
  endfacet
  facet normal 0.000000e+000 9.284767e-001 0.000000e+000
    outer loop
      vertex   -2.107509e+002 2.822543e+002 1.002247e+001
      vertex   -2.147509e+002 2.822543e+002 2.247402e-002
      vertex   -2.147509e+002 2.822543e+002 1.002247e+001
    endloop
  endfacet
  facet normal 0.000000e+000 1.000000e+000 -0.000000e+000
    outer loop
      vertex   -1.827509e+002 2.713043e+002 2.247402e-002
      vertex   -1.977509e+002 2.713043e+002 2.247402e-002
      vertex   -1.827509e+002 2.713043e+002 1.002247e+001
    endloop
  endfacet
  facet normal 0.000000e+000 5.547002e-001 0.000000e+000
    outer loop
      vertex   -1.827509e+002 2.713043e+002 1.002247e+001
      vertex   -1.977509e+002 2.713043e+002 2.247402e-002
      vertex   -1.977509e+002 2.713043e+002 1.002247e+001
    endloop
  endfacet
  facet normal 1.000000e+000 0.000000e+000 0.000000e+000
    outer loop
      vertex   -1.977509e+002 2.587851e+002 2.247402e-002
      vertex   -1.977509e+002 2.612351e+002 2.247402e-002
      vertex   -1.977509e+002 2.587851e+002 7.022474e+000
    endloop
  endfacet
  facet normal 8.528921e-001 -0.000000e+000 0.000000e+000
    outer loop
      vertex   -1.977509e+002 2.587851e+002 7.022474e+000
      vertex   -1.977509e+002 2.612351e+002 2.247402e-002
      vertex   -1.977509e+002 2.612351e+002 1.002247e+001
    endloop
  endfacet
  facet normal 9.949467e-001 0.000000e+000 -0.000000e+000
    outer loop
      vertex   -1.977509e+002 2.587851e+002 7.022474e+000
      vertex   -1.977509e+002 2.612351e+002 1.002247e+001
      vertex   -1.977509e+002 2.557851e+002 1.002247e+001
    endloop
  endfacet
  facet normal 7.071067e-001 0.000000e+000 0.000000e+000
    outer loop
      vertex   -1.977509e+002 2.557851e+002 1.002247e+001
      vertex   -1.977509e+002 2.557851e+002 7.022474e+000
      vertex   -1.977509e+002 2.587851e+002 7.022474e+000
    endloop
  endfacet
  facet normal 8.304548e-002 9.965457e-001 -0.000000e+000
    outer loop
      vertex   -1.857509e+002 2.577851e+002 2.247402e-002
      vertex   -1.977509e+002 2.587851e+002 2.247402e-002
      vertex   -1.857509e+002 2.577851e+002 7.022474e+000
    endloop
  endfacet
  facet normal 4.173623e-002 5.008347e-001 0.000000e+000
    outer loop
      vertex   -1.857509e+002 2.577851e+002 7.022474e+000
      vertex   -1.977509e+002 2.587851e+002 2.247402e-002
      vertex   -1.977509e+002 2.587851e+002 7.022474e+000
    endloop
  endfacet
  facet normal 0.000000e+000 -1.000000e+000 0.000000e+000
    outer loop
      vertex   -1.752834e+002 2.557851e+002 4.022474e+000
      vertex   -1.752834e+002 2.557851e+002 7.022474e+000
      vertex   -1.857509e+002 2.557851e+002 4.022474e+000
    endloop
  endfacet
  facet normal 0.000000e+000 -5.004322e-001 0.000000e+000
    outer loop
      vertex   -1.857509e+002 2.557851e+002 4.022474e+000
      vertex   -1.752834e+002 2.557851e+002 7.022474e+000
      vertex   -1.977509e+002 2.557851e+002 7.022474e+000
    endloop
  endfacet
  facet normal 0.000000e+000 -2.425356e-001 0.000000e+000
    outer loop
      vertex   -1.857509e+002 2.557851e+002 4.022474e+000
      vertex   -1.977509e+002 2.557851e+002 7.022474e+000
      vertex   -1.977509e+002 2.557851e+002 4.022474e+000
    endloop
  endfacet
  facet normal 0.000000e+000 -1.000000e+000 0.000000e+000
    outer loop
      vertex   -1.977509e+002 2.557851e+002 4.022474e+000
      vertex   -1.977509e+002 2.557851e+002 7.022474e+000
      vertex   -2.107509e+002 2.557851e+002 4.022474e+000
    endloop
  endfacet
  facet normal 0.000000e+000 -9.743912e-001 0.000000e+000
    outer loop
      vertex   -2.107509e+002 2.557851e+002 4.022474e+000
      vertex   -1.977509e+002 2.557851e+002 7.022474e+000
      vertex   -2.107509e+002 2.557851e+002 1.002247e+001
    endloop
  endfacet
  facet normal 0.000000e+000 -2.248595e-001 0.000000e+000
    outer loop
      vertex   -2.107509e+002 2.557851e+002 1.002247e+001
      vertex   -1.977509e+002 2.557851e+002 7.022474e+000
      vertex   -1.977509e+002 2.557851e+002 1.002247e+001
    endloop
  endfacet
  facet normal 0.000000e+000 -1.000000e+000 0.000000e+000
    outer loop
      vertex   -1.977509e+002 2.557851e+002 2.247402e-002
      vertex   -1.857509e+002 2.557851e+002 2.247402e-002
      vertex   -1.977509e+002 2.557851e+002 4.022474e+000
    endloop
  endfacet
  facet normal 0.000000e+000 -3.162278e-001 0.000000e+000
    outer loop
      vertex   -1.977509e+002 2.557851e+002 4.022474e+000
      vertex   -1.857509e+002 2.557851e+002 2.247402e-002
      vertex   -1.857509e+002 2.557851e+002 4.022474e+000
    endloop
  endfacet
  facet normal 1.000000e+000 0.000000e+000 -0.000000e+000
    outer loop
      vertex   -2.107509e+002 2.523351e+002 2.247402e-002
      vertex   -2.107509e+002 2.523351e+002 4.022474e+000
      vertex   -2.107509e+002 2.502851e+002 2.247402e-002
    endloop
  endfacet
  facet normal 4.560913e-001 0.000000e+000 0.000000e+000
    outer loop
      vertex   -2.107509e+002 2.502851e+002 2.247402e-002
      vertex   -2.107509e+002 2.523351e+002 4.022474e+000
      vertex   -2.107509e+002 2.502851e+002 1.002247e+001
    endloop
  endfacet
  facet normal 9.462909e-001 -0.000000e+000 0.000000e+000
    outer loop
      vertex   -2.107509e+002 2.502851e+002 1.002247e+001
      vertex   -2.107509e+002 2.523351e+002 4.022474e+000
      vertex   -2.107509e+002 2.557851e+002 1.002247e+001
    endloop
  endfacet
  facet normal 4.984708e-001 0.000000e+000 0.000000e+000
    outer loop
      vertex   -2.107509e+002 2.557851e+002 1.002247e+001
      vertex   -2.107509e+002 2.523351e+002 4.022474e+000
      vertex   -2.107509e+002 2.557851e+002 4.022474e+000
    endloop
  endfacet
  facet normal -0.000000e+000 -1.000000e+000 -0.000000e+000
    outer loop
      vertex   -1.987509e+002 2.523351e+002 4.022474e+000
      vertex   -2.107509e+002 2.523351e+002 4.022474e+000
      vertex   -1.987509e+002 2.523351e+002 2.247402e-002
    endloop
  endfacet
  facet normal 0.000000e+000 -3.162278e-001 0.000000e+000
    outer loop
      vertex   -1.987509e+002 2.523351e+002 2.247402e-002
      vertex   -2.107509e+002 2.523351e+002 4.022474e+000
      vertex   -2.107509e+002 2.523351e+002 2.247402e-002
    endloop
  endfacet
  facet normal -1.000000e+000 0.000000e+000 0.000000e+000
    outer loop
      vertex   -1.857509e+002 2.502851e+002 4.022474e+000
      vertex   -1.857509e+002 2.557851e+002 4.022474e+000
      vertex   -1.857509e+002 2.502851e+002 2.247402e-002
    endloop
  endfacet
  facet normal -5.881717e-001 0.000000e+000 0.000000e+000
    outer loop
      vertex   -1.857509e+002 2.502851e+002 2.247402e-002
      vertex   -1.857509e+002 2.557851e+002 4.022474e+000
      vertex   -1.857509e+002 2.557851e+002 2.247402e-002
    endloop
  endfacet
  facet normal 0.000000e+000 0.000000e+000 8.467877e-001
    outer loop
      vertex   -1.752834e+002 2.557851e+002 4.022474e+000
      vertex   -1.857509e+002 2.557851e+002 4.022474e+000
      vertex   -1.755419e+002 2.553736e+002 4.022474e+000
    endloop
  endfacet
  facet normal 0.000000e+000 0.000000e+000 8.453393e-001
    outer loop
      vertex   -1.755419e+002 2.553736e+002 4.022474e+000
      vertex   -1.857509e+002 2.557851e+002 4.022474e+000
      vertex   -1.758178e+002 2.549736e+002 4.022474e+000
    endloop
  endfacet
  facet normal 0.000000e+000 0.000000e+000 8.444083e-001
    outer loop
      vertex   -1.758178e+002 2.549736e+002 4.022474e+000
      vertex   -1.857509e+002 2.557851e+002 4.022474e+000
      vertex   -1.761107e+002 2.545858e+002 4.022474e+000
    endloop
  endfacet
  facet normal 0.000000e+000 0.000000e+000 8.440108e-001
    outer loop
      vertex   -1.761107e+002 2.545858e+002 4.022474e+000
      vertex   -1.857509e+002 2.557851e+002 4.022474e+000
      vertex   -1.764199e+002 2.542110e+002 4.022474e+000
    endloop
  endfacet
  facet normal 0.000000e+000 0.000000e+000 8.442373e-001
    outer loop
      vertex   -1.764199e+002 2.542110e+002 4.022474e+000
      vertex   -1.857509e+002 2.557851e+002 4.022474e+000
      vertex   -1.767450e+002 2.538498e+002 4.022474e+000
    endloop
  endfacet
  facet normal 0.000000e+000 0.000000e+000 8.450737e-001
    outer loop
      vertex   -1.767450e+002 2.538498e+002 4.022474e+000
      vertex   -1.857509e+002 2.557851e+002 4.022474e+000
      vertex   -1.770853e+002 2.535029e+002 4.022474e+000
    endloop
  endfacet
  facet normal 0.000000e+000 0.000000e+000 8.465925e-001
    outer loop
      vertex   -1.770853e+002 2.535029e+002 4.022474e+000
      vertex   -1.857509e+002 2.557851e+002 4.022474e+000
      vertex   -1.774401e+002 2.531710e+002 4.022474e+000
    endloop
  endfacet
  facet normal 0.000000e+000 0.000000e+000 8.488581e-001
    outer loop
      vertex   -1.774401e+002 2.531710e+002 4.022474e+000
      vertex   -1.857509e+002 2.557851e+002 4.022474e+000
      vertex   -1.778089e+002 2.528546e+002 4.022474e+000
    endloop
  endfacet
  facet normal 0.000000e+000 0.000000e+000 8.518938e-001
    outer loop
      vertex   -1.778089e+002 2.528546e+002 4.022474e+000
      vertex   -1.857509e+002 2.557851e+002 4.022474e+000
      vertex   -1.781910e+002 2.525543e+002 4.022474e+000
    endloop
  endfacet
  facet normal 0.000000e+000 0.000000e+000 8.557489e-001
    outer loop
      vertex   -1.781910e+002 2.525543e+002 4.022474e+000
      vertex   -1.857509e+002 2.557851e+002 4.022474e+000
      vertex   -1.785856e+002 2.522707e+002 4.022474e+000
    endloop
  endfacet
  facet normal 0.000000e+000 0.000000e+000 8.604434e-001
    outer loop
      vertex   -1.785856e+002 2.522707e+002 4.022474e+000
      vertex   -1.857509e+002 2.557851e+002 4.022474e+000
      vertex   -1.789920e+002 2.520043e+002 4.022474e+000
    endloop
  endfacet
  facet normal 0.000000e+000 0.000000e+000 8.660161e-001
    outer loop
      vertex   -1.789920e+002 2.520043e+002 4.022474e+000
      vertex   -1.857509e+002 2.557851e+002 4.022474e+000
      vertex   -1.794095e+002 2.517557e+002 4.022474e+000
    endloop
  endfacet
  facet normal 0.000000e+000 0.000000e+000 8.724882e-001
    outer loop
      vertex   -1.794095e+002 2.517557e+002 4.022474e+000
      vertex   -1.857509e+002 2.557851e+002 4.022474e+000
      vertex   -1.798373e+002 2.515252e+002 4.022474e+000
    endloop
  endfacet
  facet normal 0.000000e+000 0.000000e+000 8.798208e-001
    outer loop
      vertex   -1.798373e+002 2.515252e+002 4.022474e+000
      vertex   -1.857509e+002 2.557851e+002 4.022474e+000
      vertex   -1.802746e+002 2.513133e+002 4.022474e+000
    endloop
  endfacet
  facet normal 0.000000e+000 0.000000e+000 8.880130e-001
    outer loop
      vertex   -1.802746e+002 2.513133e+002 4.022474e+000
      vertex   -1.857509e+002 2.557851e+002 4.022474e+000
      vertex   -1.807206e+002 2.511204e+002 4.022474e+000
    endloop
  endfacet
  facet normal 0.000000e+000 0.000000e+000 8.970227e-001
    outer loop
      vertex   -1.807206e+002 2.511204e+002 4.022474e+000
      vertex   -1.857509e+002 2.557851e+002 4.022474e+000
      vertex   -1.811745e+002 2.509468e+002 4.022474e+000
    endloop
  endfacet
  facet normal 0.000000e+000 0.000000e+000 9.067429e-001
    outer loop
      vertex   -1.811745e+002 2.509468e+002 4.022474e+000
      vertex   -1.857509e+002 2.557851e+002 4.022474e+000
      vertex   -1.816354e+002 2.507929e+002 4.022474e+000
    endloop
  endfacet
  facet normal 0.000000e+000 0.000000e+000 9.170738e-001
    outer loop
      vertex   -1.816354e+002 2.507929e+002 4.022474e+000
      vertex   -1.857509e+002 2.557851e+002 4.022474e+000
      vertex   -1.821024e+002 2.506589e+002 4.022474e+000
    endloop
  endfacet
  facet normal 0.000000e+000 0.000000e+000 9.278538e-001
    outer loop
      vertex   -1.821024e+002 2.506589e+002 4.022474e+000
      vertex   -1.857509e+002 2.557851e+002 4.022474e+000
      vertex   -1.825749e+002 2.505451e+002 4.022474e+000
    endloop
  endfacet
  facet normal 0.000000e+000 0.000000e+000 9.388474e-001
    outer loop
      vertex   -1.825749e+002 2.505451e+002 4.022474e+000
      vertex   -1.857509e+002 2.557851e+002 4.022474e+000
      vertex   -1.830517e+002 2.504517e+002 4.022474e+000
    endloop
  endfacet
  facet normal 0.000000e+000 0.000000e+000 9.498318e-001
    outer loop
      vertex   -1.830517e+002 2.504517e+002 4.022474e+000
      vertex   -1.857509e+002 2.557851e+002 4.022474e+000
      vertex   -1.835322e+002 2.503789e+002 4.022474e+000
    endloop
  endfacet
  facet normal 0.000000e+000 0.000000e+000 9.604989e-001
    outer loop
      vertex   -1.835322e+002 2.503789e+002 4.022474e+000
      vertex   -1.857509e+002 2.557851e+002 4.022474e+000
      vertex   -1.840153e+002 2.503268e+002 4.022474e+000
    endloop
  endfacet
  facet normal 0.000000e+000 0.000000e+000 9.705188e-001
    outer loop
      vertex   -1.840153e+002 2.503268e+002 4.022474e+000
      vertex   -1.857509e+002 2.557851e+002 4.022474e+000
      vertex   -1.845002e+002 2.502955e+002 4.022474e+000
    endloop
  endfacet
  facet normal 0.000000e+000 0.000000e+000 9.795610e-001
    outer loop
      vertex   -1.845002e+002 2.502955e+002 4.022474e+000
      vertex   -1.857509e+002 2.557851e+002 4.022474e+000
      vertex   -1.849861e+002 2.502851e+002 4.022474e+000
    endloop
  endfacet
  facet normal 0.000000e+000 0.000000e+000 9.904680e-001
    outer loop
      vertex   -1.849861e+002 2.502851e+002 4.022474e+000
      vertex   -1.857509e+002 2.557851e+002 4.022474e+000
      vertex   -1.857509e+002 2.502851e+002 4.022474e+000
    endloop
  endfacet
  facet normal -0.000000e+000 -1.000000e+000 -0.000000e+000
    outer loop
      vertex   -1.849861e+002 2.502851e+002 4.022474e+000
      vertex   -1.857509e+002 2.502851e+002 4.022474e+000
      vertex   -1.849861e+002 2.502851e+002 2.247402e-002
    endloop
  endfacet
  facet normal 0.000000e+000 -9.822041e-001 0.000000e+000
    outer loop
      vertex   -1.849861e+002 2.502851e+002 2.247402e-002
      vertex   -1.857509e+002 2.502851e+002 4.022474e+000
      vertex   -1.857509e+002 2.502851e+002 2.247402e-002
    endloop
  endfacet
  facet normal 1.619719e-004 8.630284e-003 -0.000000e+000
    outer loop
      vertex   -1.757509e+002 2.577851e+002 2.247402e-002
      vertex   -1.757509e+002 2.577851e+002 7.022474e+000
      vertex   -1.757135e+002 2.577844e+002 4.355807e+000
    endloop
  endfacet
  facet normal 3.818972e-003 5.332268e-002 3.952479e-005
    outer loop
      vertex   -1.757135e+002 2.577844e+002 4.355807e+000
      vertex   -1.757509e+002 2.577851e+002 7.022474e+000
      vertex   -1.756086e+002 2.577749e+002 7.022474e+000
    endloop
  endfacet
  facet normal 1.118122e-001 9.929450e-001 -8.652226e-004
    outer loop
      vertex   -1.757135e+002 2.577844e+002 4.355807e+000
      vertex   -1.756086e+002 2.577749e+002 7.022474e+000
      vertex   -1.755650e+002 2.577676e+002 4.355807e+000
    endloop
  endfacet
  facet normal 1.135467e-002 5.223949e-002 4.393831e-005
    outer loop
      vertex   -1.755650e+002 2.577676e+002 4.355807e+000
      vertex   -1.756086e+002 2.577749e+002 7.022474e+000
      vertex   -1.754692e+002 2.577446e+002 7.022474e+000
    endloop
  endfacet
  facet normal 2.587312e-001 9.652429e-001 -9.463392e-004
    outer loop
      vertex   -1.755650e+002 2.577676e+002 4.355807e+000
      vertex   -1.754692e+002 2.577446e+002 7.022474e+000
      vertex   -1.754207e+002 2.577289e+002 4.355807e+000
    endloop
  endfacet
  facet normal 1.868517e-002 5.009203e-002 4.659622e-005
    outer loop
      vertex   -1.754207e+002 2.577289e+002 4.355807e+000
      vertex   -1.754692e+002 2.577446e+002 7.022474e+000
      vertex   -1.753355e+002 2.576947e+002 7.022474e+000
    endloop
  endfacet
  facet normal 3.995644e-001 9.160597e-001 -9.952455e-004
    outer loop
      vertex   -1.754207e+002 2.577289e+002 4.355807e+000
      vertex   -1.753355e+002 2.576947e+002 7.022474e+000
      vertex   -1.752837e+002 2.576692e+002 4.355807e+000
    endloop
  endfacet
  facet normal 2.562718e-002 4.692598e-002 4.932925e-005
    outer loop
      vertex   -1.752837e+002 2.576692e+002 4.355807e+000
      vertex   -1.753355e+002 2.576947e+002 7.022474e+000
      vertex   -1.752103e+002 2.576263e+002 7.022474e+000
    endloop
  endfacet
  facet normal 5.318012e-001 8.462700e-001 -1.026611e-003
    outer loop
      vertex   -1.752837e+002 2.576692e+002 4.355807e+000
      vertex   -1.752103e+002 2.576263e+002 7.022474e+000
      vertex   -1.751571e+002 2.575897e+002 4.355807e+000
    endloop
  endfacet
  facet normal 3.204318e-002 4.279857e-002 5.074488e-005
    outer loop
      vertex   -1.751571e+002 2.575897e+002 4.355807e+000
      vertex   -1.752103e+002 2.576263e+002 7.022474e+000
      vertex   -1.750961e+002 2.575408e+002 7.022474e+000
    endloop
  endfacet
  facet normal 6.520736e-001 7.575891e-001 -1.044239e-003
    outer loop
      vertex   -1.751571e+002 2.575897e+002 4.355807e+000
      vertex   -1.750961e+002 2.575408e+002 7.022474e+000
      vertex   -1.750438e+002 2.574922e+002 4.355807e+000
    endloop
  endfacet
  facet normal 3.780708e-002 3.780708e-002 5.105479e-005
    outer loop
      vertex   -1.750438e+002 2.574922e+002 4.355807e+000
      vertex   -1.750961e+002 2.575408e+002 7.022474e+000
      vertex   -1.749952e+002 2.574399e+002 7.022474e+000
    endloop
  endfacet
  facet normal 7.576936e-001 6.520615e-001 -1.046383e-003
    outer loop
      vertex   -1.750438e+002 2.574922e+002 4.355807e+000
      vertex   -1.749952e+002 2.574399e+002 7.022474e+000
      vertex   -1.749463e+002 2.573789e+002 4.355807e+000
    endloop
  endfacet
  facet normal 4.279286e-002 3.204318e-002 5.039526e-005
    outer loop
      vertex   -1.749463e+002 2.573789e+002 4.355807e+000
      vertex   -1.749952e+002 2.574399e+002 7.022474e+000
      vertex   -1.749097e+002 2.573257e+002 7.022474e+000
    endloop
  endfacet
  facet normal 8.464515e-001 5.319152e-001 -1.034718e-003
    outer loop
      vertex   -1.749463e+002 2.573789e+002 4.355807e+000
      vertex   -1.749097e+002 2.573257e+002 7.022474e+000
      vertex   -1.748668e+002 2.572523e+002 4.355807e+000
    endloop
  endfacet
  facet normal 4.693170e-002 2.562146e-002 4.916337e-005
    outer loop
      vertex   -1.748668e+002 2.572523e+002 4.355807e+000
      vertex   -1.749097e+002 2.573257e+002 7.022474e+000
      vertex   -1.748413e+002 2.572005e+002 7.022474e+000
    endloop
  endfacet
  facet normal 9.163494e-001 3.997929e-001 -9.935758e-004
    outer loop
      vertex   -1.748668e+002 2.572523e+002 4.355807e+000
      vertex   -1.748413e+002 2.572005e+002 7.022474e+000
      vertex   -1.748070e+002 2.571153e+002 4.355807e+000
    endloop
  endfacet
  facet normal 5.008632e-002 1.867945e-002 4.699197e-005
    outer loop
      vertex   -1.748070e+002 2.571153e+002 4.355807e+000
      vertex   -1.748413e+002 2.572005e+002 7.022474e+000
      vertex   -1.747914e+002 2.570668e+002 7.022474e+000
    endloop
  endfacet
  facet normal 9.657443e-001 2.587909e-001 -9.386196e-004
    outer loop
      vertex   -1.748070e+002 2.571153e+002 4.355807e+000
      vertex   -1.747914e+002 2.570668e+002 7.022474e+000
      vertex   -1.747684e+002 2.569710e+002 4.355807e+000
    endloop
  endfacet
  facet normal 5.224520e-002 1.136610e-002 4.387582e-005
    outer loop
      vertex   -1.747684e+002 2.569710e+002 4.355807e+000
      vertex   -1.747914e+002 2.570668e+002 7.022474e+000
      vertex   -1.747611e+002 2.569274e+002 7.022474e+000
    endloop
  endfacet
  facet normal 9.935843e-001 1.118727e-001 -8.710127e-004
    outer loop
      vertex   -1.747684e+002 2.569710e+002 4.355807e+000
      vertex   -1.747611e+002 2.569274e+002 7.022474e+000
      vertex   -1.747516e+002 2.568224e+002 4.355807e+000
    endloop
  endfacet
  facet normal 5.331697e-002 3.813255e-003 3.942430e-005
    outer loop
      vertex   -1.747516e+002 2.568224e+002 4.355807e+000
      vertex   -1.747611e+002 2.569274e+002 7.022474e+000
      vertex   -1.747509e+002 2.567851e+002 7.022474e+000
    endloop
  endfacet
  facet normal 2.264303e-002 4.251344e-004 -8.470329e-022
    outer loop
      vertex   -1.747516e+002 2.568224e+002 4.355807e+000
      vertex   -1.747509e+002 2.567851e+002 7.022474e+000
      vertex   -1.747509e+002 2.567851e+002 2.247402e-002
    endloop
  endfacet
  facet normal 8.626763e-003 1.619719e-004 0.000000e+000
    outer loop
      vertex   -1.747516e+002 2.568224e+002 4.355807e+000
      vertex   -1.747509e+002 2.567851e+002 2.247402e-002
      vertex   -1.747516e+002 2.568224e+002 1.689141e+000
    endloop
  endfacet
  facet normal 8.519059e-002 6.092872e-003 -1.007883e-004
    outer loop
      vertex   -1.747516e+002 2.568224e+002 1.689141e+000
      vertex   -1.747509e+002 2.567851e+002 2.247402e-002
      vertex   -1.747611e+002 2.569274e+002 2.247402e-002
    endloop
  endfacet
  facet normal 9.917417e-001 1.116652e-001 1.391036e-003
    outer loop
      vertex   -1.747516e+002 2.568224e+002 1.689141e+000
      vertex   -1.747611e+002 2.569274e+002 2.247402e-002
      vertex   -1.747684e+002 2.569710e+002 1.689141e+000
    endloop
  endfacet
  facet normal 8.348560e-002 1.816255e-002 -1.121787e-004
    outer loop
      vertex   -1.747684e+002 2.569710e+002 1.689141e+000
      vertex   -1.747611e+002 2.569274e+002 2.247402e-002
      vertex   -1.747914e+002 2.570668e+002 2.247402e-002
    endloop
  endfacet
  facet normal 9.642360e-001 2.583867e-001 1.499446e-003
    outer loop
      vertex   -1.747684e+002 2.569710e+002 1.689141e+000
      vertex   -1.747914e+002 2.570668e+002 2.247402e-002
      vertex   -1.748070e+002 2.571153e+002 1.689141e+000
    endloop
  endfacet
  facet normal 8.004146e-002 2.985108e-002 -1.201543e-004
    outer loop
      vertex   -1.748070e+002 2.571153e+002 1.689141e+000
      vertex   -1.747914e+002 2.570668e+002 2.247402e-002
      vertex   -1.748413e+002 2.572005e+002 2.247402e-002
    endloop
  endfacet
  facet normal 9.151781e-001 3.992819e-001 1.587689e-003
    outer loop
      vertex   -1.748070e+002 2.571153e+002 1.689141e+000
      vertex   -1.748413e+002 2.572005e+002 2.247402e-002
      vertex   -1.748668e+002 2.572523e+002 1.689141e+000
    endloop
  endfacet
  facet normal 7.500389e-002 4.094693e-002 -1.257127e-004
    outer loop
      vertex   -1.748668e+002 2.572523e+002 1.689141e+000
      vertex   -1.748413e+002 2.572005e+002 2.247402e-002
      vertex   -1.749097e+002 2.573257e+002 2.247402e-002
    endloop
  endfacet
  facet normal 8.456008e-001 5.313807e-001 1.653886e-003
    outer loop
      vertex   -1.748668e+002 2.572523e+002 1.689141e+000
      vertex   -1.749097e+002 2.573257e+002 2.247402e-002
      vertex   -1.749463e+002 2.573789e+002 1.689141e+000
    endloop
  endfacet
  facet normal 6.839150e-002 5.121138e-002 -1.288666e-004
    outer loop
      vertex   -1.749463e+002 2.573789e+002 1.689141e+000
      vertex   -1.749097e+002 2.573257e+002 2.247402e-002
      vertex   -1.749952e+002 2.574399e+002 2.247402e-002
    endloop
  endfacet
  facet normal 7.571327e-001 6.515788e-001 1.672974e-003
    outer loop
      vertex   -1.749463e+002 2.573789e+002 1.689141e+000
      vertex   -1.749952e+002 2.574399e+002 2.247402e-002
      vertex   -1.750438e+002 2.574922e+002 1.689141e+000
    endloop
  endfacet
  facet normal 6.042382e-002 6.042382e-002 -1.305544e-004
    outer loop
      vertex   -1.750438e+002 2.574922e+002 1.689141e+000
      vertex   -1.749952e+002 2.574399e+002 2.247402e-002
      vertex   -1.750961e+002 2.575408e+002 2.247402e-002
    endloop
  endfacet
  facet normal 6.517562e-001 7.572203e-001 1.669970e-003
    outer loop
      vertex   -1.750438e+002 2.574922e+002 1.689141e+000
      vertex   -1.750961e+002 2.575408e+002 2.247402e-002
      vertex   -1.751571e+002 2.575897e+002 1.689141e+000
    endloop
  endfacet
  facet normal 5.121136e-002 6.840061e-002 -1.297606e-004
    outer loop
      vertex   -1.751571e+002 2.575897e+002 1.689141e+000
      vertex   -1.750961e+002 2.575408e+002 2.247402e-002
      vertex   -1.752103e+002 2.576263e+002 2.247402e-002
    endloop
  endfacet
  facet normal 5.316722e-001 8.460646e-001 1.642179e-003
    outer loop
      vertex   -1.751571e+002 2.575897e+002 1.689141e+000
      vertex   -1.752103e+002 2.576263e+002 2.247402e-002
      vertex   -1.752837e+002 2.576692e+002 1.689141e+000
    endloop
  endfacet
  facet normal 4.095608e-002 7.499477e-002 -1.261369e-004
    outer loop
      vertex   -1.752837e+002 2.576692e+002 1.689141e+000
      vertex   -1.752103e+002 2.576263e+002 2.247402e-002
      vertex   -1.753355e+002 2.576947e+002 2.247402e-002
    endloop
  endfacet
  facet normal 3.995609e-001 9.160515e-001 1.592379e-003
    outer loop
      vertex   -1.752837e+002 2.576692e+002 1.689141e+000
      vertex   -1.753355e+002 2.576947e+002 2.247402e-002
      vertex   -1.754207e+002 2.577289e+002 1.689141e+000
    endloop
  endfacet
  facet normal 2.986021e-002 8.005058e-002 -1.191425e-004
    outer loop
      vertex   -1.754207e+002 2.577289e+002 1.689141e+000
      vertex   -1.753355e+002 2.576947e+002 2.247402e-002
      vertex   -1.754692e+002 2.577446e+002 2.247402e-002
    endloop
  endfacet
  facet normal 2.587868e-001 9.654503e-001 1.514468e-003
    outer loop
      vertex   -1.754207e+002 2.577289e+002 1.689141e+000
      vertex   -1.754692e+002 2.577446e+002 2.247402e-002
      vertex   -1.755650e+002 2.577676e+002 1.689141e+000
    endloop
  endfacet
  facet normal 1.814429e-002 8.347651e-002 -1.123385e-004
    outer loop
      vertex   -1.755650e+002 2.577676e+002 1.689141e+000
      vertex   -1.754692e+002 2.577446e+002 2.247402e-002
      vertex   -1.756086e+002 2.577749e+002 2.247402e-002
    endloop
  endfacet
  facet normal 1.118601e-001 9.933704e-001 1.384949e-003
    outer loop
      vertex   -1.755650e+002 2.577676e+002 1.689141e+000
      vertex   -1.756086e+002 2.577749e+002 2.247402e-002
      vertex   -1.757135e+002 2.577844e+002 1.689141e+000
    endloop
  endfacet
  facet normal 6.102005e-003 8.519971e-002 -1.010452e-004
    outer loop
      vertex   -1.757135e+002 2.577844e+002 1.689141e+000
      vertex   -1.756086e+002 2.577749e+002 2.247402e-002
      vertex   -1.757509e+002 2.577851e+002 2.247402e-002
    endloop
  endfacet
  facet normal 4.210366e-004 2.243393e-002 -0.000000e+000
    outer loop
      vertex   -1.757135e+002 2.577844e+002 1.689141e+000
      vertex   -1.757509e+002 2.577851e+002 2.247402e-002
      vertex   -1.757135e+002 2.577844e+002 4.355807e+000
    endloop
  endfacet
  facet normal 1.117240e-001 9.921626e-001 0.000000e+000
    outer loop
      vertex   -1.755650e+002 2.577676e+002 1.689141e+000
      vertex   -1.757135e+002 2.577844e+002 1.689141e+000
      vertex   -1.757135e+002 2.577844e+002 4.355807e+000
    endloop
  endfacet
  facet normal 2.585022e-001 9.643885e-001 0.000000e+000
    outer loop
      vertex   -1.754207e+002 2.577289e+002 1.689141e+000
      vertex   -1.755650e+002 2.577676e+002 1.689141e+000
      vertex   -1.755650e+002 2.577676e+002 4.355807e+000
    endloop
  endfacet
  facet normal 1.118994e-001 9.937195e-001 0.000000e+000
    outer loop
      vertex   -1.755650e+002 2.577676e+002 4.355807e+000
      vertex   -1.755650e+002 2.577676e+002 1.689141e+000
      vertex   -1.757135e+002 2.577844e+002 4.355807e+000
    endloop
  endfacet
  facet normal 3.991745e-001 9.151657e-001 -3.469447e-018
    outer loop
      vertex   -1.752837e+002 2.576692e+002 1.689141e+000
      vertex   -1.754207e+002 2.577289e+002 1.689141e+000
      vertex   -1.754207e+002 2.577289e+002 4.355807e+000
    endloop
  endfacet
  facet normal 2.589079e-001 9.659020e-001 0.000000e+000
    outer loop
      vertex   -1.754207e+002 2.577289e+002 4.355807e+000
      vertex   -1.754207e+002 2.577289e+002 1.689141e+000
      vertex   -1.755650e+002 2.577676e+002 4.355807e+000
    endloop
  endfacet
  facet normal 5.312374e-001 8.453727e-001 -3.469447e-018
    outer loop
      vertex   -1.751571e+002 2.575897e+002 1.689141e+000
      vertex   -1.752837e+002 2.576692e+002 1.689141e+000
      vertex   -1.752837e+002 2.576692e+002 4.355807e+000
    endloop
  endfacet
  facet normal 3.998010e-001 9.166020e-001 0.000000e+000
    outer loop
      vertex   -1.752837e+002 2.576692e+002 4.355807e+000
      vertex   -1.752837e+002 2.576692e+002 1.689141e+000
      vertex   -1.754207e+002 2.577289e+002 4.355807e+000
    endloop
  endfacet
  facet normal 6.513315e-001 7.567269e-001 0.000000e+000
    outer loop
      vertex   -1.750438e+002 2.574922e+002 1.689141e+000
      vertex   -1.751571e+002 2.575897e+002 1.689141e+000
      vertex   -1.751571e+002 2.575897e+002 4.355807e+000
    endloop
  endfacet
  facet normal 5.320712e-001 8.466996e-001 0.000000e+000
    outer loop
      vertex   -1.751571e+002 2.575897e+002 4.355807e+000
      vertex   -1.751571e+002 2.575897e+002 1.689141e+000
      vertex   -1.752837e+002 2.576692e+002 4.355807e+000
    endloop
  endfacet
  facet normal 7.567775e-001 6.512731e-001 -3.469447e-018
    outer loop
      vertex   -1.749463e+002 2.573789e+002 1.689141e+000
      vertex   -1.750438e+002 2.574922e+002 1.689141e+000
      vertex   -1.750438e+002 2.574922e+002 4.355807e+000
    endloop
  endfacet
  facet normal 6.523538e-001 7.579146e-001 0.000000e+000
    outer loop
      vertex   -1.750438e+002 2.574922e+002 4.355807e+000
      vertex   -1.750438e+002 2.574922e+002 1.689141e+000
      vertex   -1.751571e+002 2.575897e+002 4.355807e+000
    endloop
  endfacet
  facet normal 8.453727e-001 5.312374e-001 3.469447e-018
    outer loop
      vertex   -1.748668e+002 2.572523e+002 1.689141e+000
      vertex   -1.749463e+002 2.573789e+002 1.689141e+000
      vertex   -1.749463e+002 2.573789e+002 4.355807e+000
    endloop
  endfacet
  facet normal 7.579651e-001 6.522951e-001 0.000000e+000
    outer loop
      vertex   -1.749463e+002 2.573789e+002 4.355807e+000
      vertex   -1.749463e+002 2.573789e+002 1.689141e+000
      vertex   -1.750438e+002 2.574922e+002 4.355807e+000
    endloop
  endfacet
  facet normal 9.151282e-001 3.992601e-001 3.469447e-018
    outer loop
      vertex   -1.748070e+002 2.571153e+002 1.689141e+000
      vertex   -1.748668e+002 2.572523e+002 1.689141e+000
      vertex   -1.748668e+002 2.572523e+002 4.355807e+000
    endloop
  endfacet
  facet normal 8.466996e-001 5.320712e-001 0.000000e+000
    outer loop
      vertex   -1.748668e+002 2.572523e+002 4.355807e+000
      vertex   -1.748668e+002 2.572523e+002 1.689141e+000
      vertex   -1.749463e+002 2.573789e+002 4.355807e+000
    endloop
  endfacet
  facet normal 9.644075e-001 2.584327e-001 1.734723e-018
    outer loop
      vertex   -1.747684e+002 2.569710e+002 1.689141e+000
      vertex   -1.748070e+002 2.571153e+002 1.689141e+000
      vertex   -1.748070e+002 2.571153e+002 4.355807e+000
    endloop
  endfacet
  facet normal 9.165645e-001 3.998868e-001 0.000000e+000
    outer loop
      vertex   -1.748070e+002 2.571153e+002 4.355807e+000
      vertex   -1.748070e+002 2.571153e+002 1.689141e+000
      vertex   -1.748668e+002 2.572523e+002 4.355807e+000
    endloop
  endfacet
  facet normal 9.921635e-001 1.117127e-001 -8.673617e-019
    outer loop
      vertex   -1.747516e+002 2.568224e+002 1.689141e+000
      vertex   -1.747684e+002 2.569710e+002 1.689141e+000
      vertex   -1.747684e+002 2.569710e+002 4.355807e+000
    endloop
  endfacet
  facet normal 9.659207e-001 2.588381e-001 0.000000e+000
    outer loop
      vertex   -1.747684e+002 2.569710e+002 4.355807e+000
      vertex   -1.747684e+002 2.569710e+002 1.689141e+000
      vertex   -1.748070e+002 2.571153e+002 4.355807e+000
    endloop
  endfacet
  facet normal 9.937208e-001 1.118880e-001 0.000000e+000
    outer loop
      vertex   -1.747516e+002 2.568224e+002 4.355807e+000
      vertex   -1.747516e+002 2.568224e+002 1.689141e+000
      vertex   -1.747684e+002 2.569710e+002 4.355807e+000
    endloop
  endfacet
  facet normal 0.000000e+000 -0.000000e+000 1.422579e-001
    outer loop
      vertex   -1.986086e+002 2.523452e+002 4.022474e+000
      vertex   -1.984692e+002 2.523756e+002 4.022474e+000
      vertex   -1.987509e+002 2.523351e+002 4.022474e+000
    endloop
  endfacet
  facet normal 0.000000e+000 0.000000e+000 7.136216e-002
    outer loop
      vertex   -1.987509e+002 2.523351e+002 4.022474e+000
      vertex   -1.984692e+002 2.523756e+002 4.022474e+000
      vertex   -1.983355e+002 2.524254e+002 4.022474e+000
    endloop
  endfacet
  facet normal 0.000000e+000 0.000000e+000 7.133438e-002
    outer loop
      vertex   -1.987509e+002 2.523351e+002 4.022474e+000
      vertex   -1.983355e+002 2.524254e+002 4.022474e+000
      vertex   -1.982103e+002 2.524938e+002 4.022474e+000
    endloop
  endfacet
  facet normal 0.000000e+000 -0.000000e+000 3.495471e-001
    outer loop
      vertex   -1.982103e+002 2.524938e+002 4.022474e+000
      vertex   -1.980961e+002 2.525793e+002 4.022474e+000
      vertex   -1.987509e+002 2.523351e+002 4.022474e+000
    endloop
  endfacet
  facet normal 0.000000e+000 0.000000e+000 7.134126e-002
    outer loop
      vertex   -1.987509e+002 2.523351e+002 4.022474e+000
      vertex   -1.980961e+002 2.525793e+002 4.022474e+000
      vertex   -1.979952e+002 2.526802e+002 4.022474e+000
    endloop
  endfacet
  facet normal 0.000000e+000 0.000000e+000 7.132898e-002
    outer loop
      vertex   -1.987509e+002 2.523351e+002 4.022474e+000
      vertex   -1.979952e+002 2.526802e+002 4.022474e+000
      vertex   -1.979097e+002 2.527944e+002 4.022474e+000
    endloop
  endfacet
  facet normal 0.000000e+000 -0.000000e+000 5.406799e-001
    outer loop
      vertex   -1.979097e+002 2.527944e+002 4.022474e+000
      vertex   -1.978413e+002 2.529196e+002 4.022474e+000
      vertex   -1.987509e+002 2.523351e+002 4.022474e+000
    endloop
  endfacet
  facet normal 0.000000e+000 0.000000e+000 7.134490e-002
    outer loop
      vertex   -1.987509e+002 2.523351e+002 4.022474e+000
      vertex   -1.978413e+002 2.529196e+002 4.022474e+000
      vertex   -1.977914e+002 2.530533e+002 4.022474e+000
    endloop
  endfacet
  facet normal 0.000000e+000 0.000000e+000 7.133777e-002
    outer loop
      vertex   -1.987509e+002 2.523351e+002 4.022474e+000
      vertex   -1.977914e+002 2.530533e+002 4.022474e+000
      vertex   -1.977611e+002 2.531927e+002 4.022474e+000
    endloop
  endfacet
  facet normal 0.000000e+000 -0.000000e+000 6.548587e-001
    outer loop
      vertex   -1.987509e+002 2.523351e+002 4.022474e+000
      vertex   -1.977611e+002 2.531927e+002 4.022474e+000
      vertex   -2.107509e+002 2.523351e+002 4.022474e+000
    endloop
  endfacet
  facet normal 0.000000e+000 0.000000e+000 1.084020e-002
    outer loop
      vertex   -2.107509e+002 2.523351e+002 4.022474e+000
      vertex   -1.977611e+002 2.531927e+002 4.022474e+000
      vertex   -1.977509e+002 2.533351e+002 4.022474e+000
    endloop
  endfacet
  facet normal 0.000000e+000 0.000000e+000 9.970545e-001
    outer loop
      vertex   -2.107509e+002 2.523351e+002 4.022474e+000
      vertex   -1.977509e+002 2.533351e+002 4.022474e+000
      vertex   -2.107509e+002 2.557851e+002 4.022474e+000
    endloop
  endfacet
  facet normal -0.000000e+000 0.000000e+000 1.852010e-001
    outer loop
      vertex   -2.107509e+002 2.557851e+002 4.022474e+000
      vertex   -1.977509e+002 2.533351e+002 4.022474e+000
      vertex   -1.977509e+002 2.557851e+002 4.022474e+000
    endloop
  endfacet
  facet normal 1.000000e+000 0.000000e+000 0.000000e+000
    outer loop
      vertex   -1.977509e+002 2.533351e+002 2.247402e-002
      vertex   -1.977509e+002 2.557851e+002 2.247402e-002
      vertex   -1.977509e+002 2.533351e+002 4.022474e+000
    endloop
  endfacet
  facet normal 8.527547e-001 -0.000000e+000 0.000000e+000
    outer loop
      vertex   -1.977509e+002 2.533351e+002 4.022474e+000
      vertex   -1.977509e+002 2.557851e+002 2.247402e-002
      vertex   -1.977509e+002 2.557851e+002 4.022474e+000
    endloop
  endfacet
  facet normal 2.492511e-002 -4.677908e-004 0.000000e+000
    outer loop
      vertex   -1.977509e+002 2.533351e+002 2.247402e-002
      vertex   -1.977509e+002 2.533351e+002 4.022474e+000
      vertex   -1.977516e+002 2.532977e+002 1.522474e+000
    endloop
  endfacet
  facet normal 5.687065e-002 -4.066980e-003 4.487378e-005
    outer loop
      vertex   -1.977516e+002 2.532977e+002 1.522474e+000
      vertex   -1.977509e+002 2.533351e+002 4.022474e+000
      vertex   -1.977611e+002 2.531927e+002 4.022474e+000
    endloop
  endfacet
  facet normal 9.928384e-001 -1.118002e-001 -9.288649e-004
    outer loop
      vertex   -1.977516e+002 2.532977e+002 1.522474e+000
      vertex   -1.977611e+002 2.531927e+002 4.022474e+000
      vertex   -1.977684e+002 2.531492e+002 1.522474e+000
    endloop
  endfacet
  facet normal 5.571583e-002 -1.212248e-002 4.985899e-005
    outer loop
      vertex   -1.977684e+002 2.531492e+002 1.522474e+000
      vertex   -1.977611e+002 2.531927e+002 4.022474e+000
      vertex   -1.977914e+002 2.530533e+002 4.022474e+000
    endloop
  endfacet
  facet normal 9.651845e-001 -2.585862e-001 -9.985184e-004
    outer loop
      vertex   -1.977684e+002 2.531492e+002 1.522474e+000
      vertex   -1.977914e+002 2.530533e+002 4.022474e+000
      vertex   -1.978070e+002 2.530048e+002 1.522474e+000
    endloop
  endfacet
  facet normal 5.342581e-002 -1.992262e-002 5.366587e-005
    outer loop
      vertex   -1.978070e+002 2.530048e+002 1.522474e+000
      vertex   -1.977914e+002 2.530533e+002 4.022474e+000
      vertex   -1.978413e+002 2.529196e+002 4.022474e+000
    endloop
  endfacet
  facet normal 9.159314e-001 -3.996550e-001 -1.058408e-003
    outer loop
      vertex   -1.978070e+002 2.530048e+002 1.522474e+000
      vertex   -1.978413e+002 2.529196e+002 4.022474e+000
      vertex   -1.978668e+002 2.528678e+002 1.522474e+000
    endloop
  endfacet
  facet normal 5.004928e-002 -2.732677e-002 5.599351e-005
    outer loop
      vertex   -1.978668e+002 2.528678e+002 1.522474e+000
      vertex   -1.978413e+002 2.529196e+002 4.022474e+000
      vertex   -1.979097e+002 2.527944e+002 4.022474e+000
    endloop
  endfacet
  facet normal 8.462109e-001 -5.317640e-001 -1.100141e-003
    outer loop
      vertex   -1.978668e+002 2.528678e+002 1.522474e+000
      vertex   -1.979097e+002 2.527944e+002 4.022474e+000
      vertex   -1.979463e+002 2.527412e+002 1.522474e+000
    endloop
  endfacet
  facet normal 4.564727e-002 -3.417599e-002 5.745205e-005
    outer loop
      vertex   -1.979463e+002 2.527412e+002 1.522474e+000
      vertex   -1.979097e+002 2.527944e+002 4.022474e+000
      vertex   -1.979952e+002 2.526802e+002 4.022474e+000
    endloop
  endfacet
  facet normal 7.575948e-001 -6.519765e-001 -1.115997e-003
    outer loop
      vertex   -1.979463e+002 2.527412e+002 1.522474e+000
      vertex   -1.979952e+002 2.526802e+002 4.022474e+000
      vertex   -1.980438e+002 2.526280e+002 1.522474e+000
    endloop
  endfacet
  facet normal 4.032357e-002 -4.032357e-002 5.808327e-005
    outer loop
      vertex   -1.980438e+002 2.526280e+002 1.522474e+000
      vertex   -1.979952e+002 2.526802e+002 4.022474e+000
      vertex   -1.980961e+002 2.525793e+002 4.022474e+000
    endloop
  endfacet
  facet normal 6.520880e-001 -7.576058e-001 -1.113880e-003
    outer loop
      vertex   -1.980438e+002 2.526280e+002 1.522474e+000
      vertex   -1.980961e+002 2.525793e+002 4.022474e+000
      vertex   -1.981571e+002 2.525305e+002 1.522474e+000
    endloop
  endfacet
  facet normal 3.417599e-002 -4.564727e-002 5.773065e-005
    outer loop
      vertex   -1.981571e+002 2.525305e+002 1.522474e+000
      vertex   -1.980961e+002 2.525793e+002 4.022474e+000
      vertex   -1.982103e+002 2.524938e+002 4.022474e+000
    endloop
  endfacet
  facet normal 5.318205e-001 -8.464632e-001 -1.097473e-003
    outer loop
      vertex   -1.981571e+002 2.525305e+002 1.522474e+000
      vertex   -1.982103e+002 2.524938e+002 4.022474e+000
      vertex   -1.982837e+002 2.524509e+002 1.522474e+000
    endloop
  endfacet
  facet normal 2.732677e-002 -5.004928e-002 5.599351e-005
    outer loop
      vertex   -1.982837e+002 2.524509e+002 1.522474e+000
      vertex   -1.982103e+002 2.524938e+002 4.022474e+000
      vertex   -1.983355e+002 2.524254e+002 4.022474e+000
    endloop
  endfacet
  facet normal 3.997800e-001 -9.163198e-001 -1.059780e-003
    outer loop
      vertex   -1.982837e+002 2.524509e+002 1.522474e+000
      vertex   -1.983355e+002 2.524254e+002 4.022474e+000
      vertex   -1.984207e+002 2.523912e+002 1.522474e+000
    endloop
  endfacet
  facet normal 1.992872e-002 -5.342580e-002 5.333658e-005
    outer loop
      vertex   -1.984207e+002 2.523912e+002 1.522474e+000
      vertex   -1.983355e+002 2.524254e+002 4.022474e+000
      vertex   -1.984692e+002 2.523756e+002 4.022474e+000
    endloop
  endfacet
  facet normal 2.587588e-001 -9.657267e-001 -1.006022e-003
    outer loop
      vertex   -1.984207e+002 2.523912e+002 1.522474e+000
      vertex   -1.984692e+002 2.523756e+002 4.022474e+000
      vertex   -1.985650e+002 2.523525e+002 1.522474e+000
    endloop
  endfacet
  facet normal 1.211638e-002 -5.571583e-002 4.975266e-005
    outer loop
      vertex   -1.985650e+002 2.523525e+002 1.522474e+000
      vertex   -1.984692e+002 2.523756e+002 4.022474e+000
      vertex   -1.986086e+002 2.523452e+002 4.022474e+000
    endloop
  endfacet
  facet normal 1.119827e-001 -9.935530e-001 -9.277533e-004
    outer loop
      vertex   -1.985650e+002 2.523525e+002 1.522474e+000
      vertex   -1.986086e+002 2.523452e+002 4.022474e+000
      vertex   -1.987135e+002 2.523358e+002 1.522474e+000
    endloop
  endfacet
  facet normal 4.066980e-003 -5.687065e-002 4.522089e-005
    outer loop
      vertex   -1.987135e+002 2.523358e+002 1.522474e+000
      vertex   -1.986086e+002 2.523452e+002 4.022474e+000
      vertex   -1.987509e+002 2.523351e+002 4.022474e+000
    endloop
  endfacet
  facet normal 7.321123e-004 -3.987572e-002 0.000000e+000
    outer loop
      vertex   -1.987135e+002 2.523358e+002 1.522474e+000
      vertex   -1.987509e+002 2.523351e+002 4.022474e+000
      vertex   -1.987509e+002 2.523351e+002 2.247402e-002
    endloop
  endfacet
  facet normal 7.130848e-002 -9.971427e-001 -1.321469e-003
    outer loop
      vertex   -1.987509e+002 2.523351e+002 2.247402e-002
      vertex   -1.986086e+002 2.523452e+002 2.247402e-002
      vertex   -1.987135e+002 2.523358e+002 1.522474e+000
    endloop
  endfacet
  facet normal 1.117250e-001 -9.912665e-001 1.542697e-003
    outer loop
      vertex   -1.987135e+002 2.523358e+002 1.522474e+000
      vertex   -1.986086e+002 2.523452e+002 2.247402e-002
      vertex   -1.985650e+002 2.523525e+002 1.522474e+000
    endloop
  endfacet
  facet normal 2.124085e-001 -9.767371e-001 -1.453664e-003
    outer loop
      vertex   -1.986086e+002 2.523452e+002 2.247402e-002
      vertex   -1.984692e+002 2.523756e+002 2.247402e-002
      vertex   -1.985650e+002 2.523525e+002 1.522474e+000
    endloop
  endfacet
  facet normal 2.582557e-001 -9.638490e-001 1.673443e-003
    outer loop
      vertex   -1.985650e+002 2.523525e+002 1.522474e+000
      vertex   -1.984692e+002 2.523756e+002 2.247402e-002
      vertex   -1.984207e+002 2.523912e+002 1.522474e+000
    endloop
  endfacet
  facet normal 3.492921e-001 -9.363979e-001 -1.558057e-003
    outer loop
      vertex   -1.984692e+002 2.523756e+002 2.247402e-002
      vertex   -1.983355e+002 2.524254e+002 2.247402e-002
      vertex   -1.984207e+002 2.523912e+002 1.522474e+000
    endloop
  endfacet
  facet normal 3.991404e-001 -9.148538e-001 1.763474e-003
    outer loop
      vertex   -1.984207e+002 2.523912e+002 1.522474e+000
      vertex   -1.983355e+002 2.524254e+002 2.247402e-002
      vertex   -1.982837e+002 2.524509e+002 1.522474e+000
    endloop
  endfacet
  facet normal 4.788640e-001 -8.770447e-001 -1.635349e-003
    outer loop
      vertex   -1.983355e+002 2.524254e+002 2.247402e-002
      vertex   -1.982103e+002 2.524938e+002 2.247402e-002
      vertex   -1.982837e+002 2.524509e+002 1.522474e+000
    endloop
  endfacet
  facet normal 5.311463e-001 -8.453900e-001 1.826802e-003
    outer loop
      vertex   -1.982837e+002 2.524509e+002 1.522474e+000
      vertex   -1.982103e+002 2.524938e+002 2.247402e-002
      vertex   -1.981571e+002 2.525305e+002 1.522474e+000
    endloop
  endfacet
  facet normal 5.987777e-001 -7.997593e-001 -1.685775e-003
    outer loop
      vertex   -1.982103e+002 2.524938e+002 2.247402e-002
      vertex   -1.980961e+002 2.525793e+002 2.247402e-002
      vertex   -1.981571e+002 2.525305e+002 1.522474e+000
    endloop
  endfacet
  facet normal 6.514695e-001 -7.568872e-001 1.854706e-003
    outer loop
      vertex   -1.981571e+002 2.525305e+002 1.522474e+000
      vertex   -1.980961e+002 2.525793e+002 2.247402e-002
      vertex   -1.980438e+002 2.526280e+002 1.522474e+000
    endloop
  endfacet
  facet normal 7.063074e-001 -7.063074e-001 -1.695644e-003
    outer loop
      vertex   -1.980961e+002 2.525793e+002 2.247402e-002
      vertex   -1.979952e+002 2.526802e+002 2.247402e-002
      vertex   -1.980438e+002 2.526280e+002 1.522474e+000
    endloop
  endfacet
  facet normal 7.571082e-001 -6.515577e-001 1.858799e-003
    outer loop
      vertex   -1.980438e+002 2.526280e+002 1.522474e+000
      vertex   -1.979952e+002 2.526802e+002 2.247402e-002
      vertex   -1.979463e+002 2.527412e+002 1.522474e+000
    endloop
  endfacet
  facet normal 7.994153e-001 -5.985202e-001 -1.676918e-003
    outer loop
      vertex   -1.979952e+002 2.526802e+002 2.247402e-002
      vertex   -1.979097e+002 2.527944e+002 2.247402e-002
      vertex   -1.979463e+002 2.527412e+002 1.522474e+000
    endloop
  endfacet
  facet normal 8.459157e-001 -5.315785e-001 1.832928e-003
    outer loop
      vertex   -1.979463e+002 2.527412e+002 1.522474e+000
      vertex   -1.979097e+002 2.527944e+002 2.247402e-002
      vertex   -1.978668e+002 2.528678e+002 1.522474e+000
    endloop
  endfacet
  facet normal 8.762901e-001 -4.784520e-001 -1.633942e-003
    outer loop
      vertex   -1.979097e+002 2.527944e+002 2.247402e-002
      vertex   -1.978413e+002 2.529196e+002 2.247402e-002
      vertex   -1.978668e+002 2.528678e+002 1.522474e+000
    endloop
  endfacet
  facet normal 9.158689e-001 -3.996277e-001 1.763892e-003
    outer loop
      vertex   -1.978668e+002 2.528678e+002 1.522474e+000
      vertex   -1.978413e+002 2.529196e+002 2.247402e-002
      vertex   -1.978070e+002 2.530048e+002 1.522474e+000
    endloop
  endfacet
  facet normal 9.352253e-001 -3.487480e-001 -1.565713e-003
    outer loop
      vertex   -1.978413e+002 2.529196e+002 2.247402e-002
      vertex   -1.977914e+002 2.530533e+002 2.247402e-002
      vertex   -1.978070e+002 2.530048e+002 1.522474e+000
    endloop
  endfacet
  facet normal 9.653766e-001 -2.586377e-001 1.664529e-003
    outer loop
      vertex   -1.978070e+002 2.530048e+002 1.522474e+000
      vertex   -1.977914e+002 2.530533e+002 2.247402e-002
      vertex   -1.977684e+002 2.531492e+002 1.522474e+000
    endloop
  endfacet
  facet normal 9.750359e-001 -2.121453e-001 -1.454234e-003
    outer loop
      vertex   -1.977914e+002 2.530533e+002 2.247402e-002
      vertex   -1.977611e+002 2.531927e+002 2.247402e-002
      vertex   -1.977684e+002 2.531492e+002 1.522474e+000
    endloop
  endfacet
  facet normal 9.932886e-001 -1.118508e-001 1.548810e-003
    outer loop
      vertex   -1.977684e+002 2.531492e+002 1.522474e+000
      vertex   -1.977611e+002 2.531927e+002 2.247402e-002
      vertex   -1.977516e+002 2.532977e+002 1.522474e+000
    endloop
  endfacet
  facet normal 9.950019e-001 -7.115538e-002 -1.308510e-003
    outer loop
      vertex   -1.977611e+002 2.531927e+002 2.247402e-002
      vertex   -1.977509e+002 2.533351e+002 2.247402e-002
      vertex   -1.977516e+002 2.532977e+002 1.522474e+000
    endloop
  endfacet
  facet normal -0.000000e+000 1.000000e+000 0.000000e+000
    outer loop
      vertex   -2.147509e+002 2.642351e+002 2.522474e+000
      vertex   -1.827509e+002 2.642351e+002 2.522474e+000
      vertex   -2.147509e+002 2.642351e+002 2.247402e-002
    endloop
  endfacet
  facet normal 0.000000e+000 7.788767e-002 0.000000e+000
    outer loop
      vertex   -2.147509e+002 2.642351e+002 2.247402e-002
      vertex   -1.827509e+002 2.642351e+002 2.522474e+000
      vertex   -1.827509e+002 2.642351e+002 2.247402e-002
    endloop
  endfacet
  facet normal 8.462483e-001 -5.315921e-001 5.397412e-004
    outer loop
      vertex   -1.755419e+002 2.553736e+002 4.022474e+000
      vertex   -1.754641e+002 2.554934e+002 2.247402e-002
      vertex   -1.752834e+002 2.557851e+002 4.022474e+000
    endloop
  endfacet
  facet normal 1.045618e-001 -6.381955e-002 -6.920608e-005
    outer loop
      vertex   -1.752834e+002 2.557851e+002 4.022474e+000
      vertex   -1.754641e+002 2.554934e+002 2.247402e-002
      vertex   -1.752077e+002 2.559135e+002 2.247402e-002
    endloop
  endfacet
  facet normal 3.207460e-002 -1.891540e-002 0.000000e+000
    outer loop
      vertex   -1.752834e+002 2.557851e+002 4.022474e+000
      vertex   -1.752077e+002 2.559135e+002 2.247402e-002
      vertex   -1.752834e+002 2.557851e+002 7.022474e+000
    endloop
  endfacet
  facet normal 8.662715e-001 -4.991197e-001 2.154673e-004
    outer loop
      vertex   -1.752834e+002 2.557851e+002 7.022474e+000
      vertex   -1.752077e+002 2.559135e+002 2.247402e-002
      vertex   -1.750948e+002 2.561124e+002 7.022474e+000
    endloop
  endfacet
  facet normal 6.147324e-002 -3.393917e-002 -2.676863e-005
    outer loop
      vertex   -1.750948e+002 2.561124e+002 7.022474e+000
      vertex   -1.752077e+002 2.559135e+002 2.247402e-002
      vertex   -1.749698e+002 2.563443e+002 2.247402e-002
    endloop
  endfacet
  facet normal 8.820381e-001 -4.696750e-001 1.888896e-004
    outer loop
      vertex   -1.750948e+002 2.561124e+002 7.022474e+000
      vertex   -1.749698e+002 2.563443e+002 2.247402e-002
      vertex   -1.749173e+002 2.564459e+002 7.022474e+000
    endloop
  endfacet
  facet normal 6.286659e-002 -3.122219e-002 -1.923347e-005
    outer loop
      vertex   -1.749173e+002 2.564459e+002 7.022474e+000
      vertex   -1.749698e+002 2.563443e+002 2.247402e-002
      vertex   -1.747509e+002 2.567851e+002 2.247402e-002
    endloop
  endfacet
  facet normal 8.965690e-001 -4.396132e-001 -3.469447e-018
    outer loop
      vertex   -1.749173e+002 2.564459e+002 7.022474e+000
      vertex   -1.747509e+002 2.567851e+002 2.247402e-002
      vertex   -1.747509e+002 2.567851e+002 7.022474e+000
    endloop
  endfacet
  facet normal 8.295798e-001 -5.572466e-001 -5.528093e-004
    outer loop
      vertex   -1.754641e+002 2.554934e+002 2.247402e-002
      vertex   -1.755419e+002 2.553736e+002 4.022474e+000
      vertex   -1.757385e+002 2.550849e+002 2.247402e-002
    endloop
  endfacet
  facet normal 9.955748e-002 -6.867959e-002 6.392266e-005
    outer loop
      vertex   -1.757385e+002 2.550849e+002 2.247402e-002
      vertex   -1.755419e+002 2.553736e+002 4.022474e+000
      vertex   -1.758178e+002 2.549736e+002 4.022474e+000
    endloop
  endfacet
  facet normal 8.045734e-001 -5.928712e-001 -5.357818e-004
    outer loop
      vertex   -1.757385e+002 2.550849e+002 2.247402e-002
      vertex   -1.758178e+002 2.549736e+002 4.022474e+000
      vertex   -1.760305e+002 2.546887e+002 2.247402e-002
    endloop
  endfacet
  facet normal 9.651093e-002 -7.288925e-002 6.200362e-005
    outer loop
      vertex   -1.760305e+002 2.546887e+002 2.247402e-002
      vertex   -1.758178e+002 2.549736e+002 4.022474e+000
      vertex   -1.761107e+002 2.545858e+002 4.022474e+000
    endloop
  endfacet
  facet normal 7.780660e-001 -6.273366e-001 -5.208990e-004
    outer loop
      vertex   -1.760305e+002 2.546887e+002 2.247402e-002
      vertex   -1.761107e+002 2.545858e+002 4.022474e+000
      vertex   -1.763394e+002 2.543055e+002 2.247402e-002
    endloop
  endfacet
  facet normal 9.327844e-002 -7.696117e-002 6.038285e-005
    outer loop
      vertex   -1.763394e+002 2.543055e+002 2.247402e-002
      vertex   -1.761107e+002 2.545858e+002 4.022474e+000
      vertex   -1.764199e+002 2.542110e+002 4.022474e+000
    endloop
  endfacet
  facet normal 7.500542e-001 -6.606476e-001 -5.023043e-004
    outer loop
      vertex   -1.763394e+002 2.543055e+002 2.247402e-002
      vertex   -1.764199e+002 2.542110e+002 4.022474e+000
      vertex   -1.766646e+002 2.539362e+002 2.247402e-002
    endloop
  endfacet
  facet normal 8.988278e-002 -8.088766e-002 5.788792e-005
    outer loop
      vertex   -1.766646e+002 2.539362e+002 2.247402e-002
      vertex   -1.764199e+002 2.542110e+002 4.022474e+000
      vertex   -1.767450e+002 2.538498e+002 4.022474e+000
    endloop
  endfacet
  facet normal 7.206535e-001 -6.926679e-001 -4.894616e-004
    outer loop
      vertex   -1.766646e+002 2.539362e+002 2.247402e-002
      vertex   -1.767450e+002 2.538498e+002 4.022474e+000
      vertex   -1.770057e+002 2.535814e+002 2.247402e-002
    endloop
  endfacet
  facet normal 8.631273e-002 -8.466499e-002 5.571681e-005
    outer loop
      vertex   -1.770057e+002 2.535814e+002 2.247402e-002
      vertex   -1.767450e+002 2.538498e+002 4.022474e+000
      vertex   -1.770853e+002 2.535029e+002 4.022474e+000
    endloop
  endfacet
  facet normal 6.898649e-001 -7.233989e-001 -4.713140e-004
    outer loop
      vertex   -1.770057e+002 2.535814e+002 2.247402e-002
      vertex   -1.770853e+002 2.535029e+002 4.022474e+000
      vertex   -1.773618e+002 2.532418e+002 2.247402e-002
    endloop
  endfacet
  facet normal 8.258729e-002 -8.828925e-002 5.373982e-005
    outer loop
      vertex   -1.773618e+002 2.532418e+002 2.247402e-002
      vertex   -1.770853e+002 2.535029e+002 4.022474e+000
      vertex   -1.774401e+002 2.531710e+002 4.022474e+000
    endloop
  endfacet
  facet normal 6.577486e-001 -7.527753e-001 -4.503802e-004
    outer loop
      vertex   -1.773618e+002 2.532418e+002 2.247402e-002
      vertex   -1.774401e+002 2.531710e+002 4.022474e+000
      vertex   -1.777324e+002 2.529180e+002 2.247402e-002
    endloop
  endfacet
  facet normal 7.871043e-002 -9.174532e-002 5.131631e-005
    outer loop
      vertex   -1.777324e+002 2.529180e+002 2.247402e-002
      vertex   -1.774401e+002 2.531710e+002 4.022474e+000
      vertex   -1.778089e+002 2.528546e+002 4.022474e+000
    endloop
  endfacet
  facet normal 6.244155e-001 -7.806975e-001 -4.309815e-004
    outer loop
      vertex   -1.777324e+002 2.529180e+002 2.247402e-002
      vertex   -1.778089e+002 2.528546e+002 4.022474e+000
      vertex   -1.781168e+002 2.526106e+002 2.247402e-002
    endloop
  endfacet
  facet normal 7.468605e-002 -9.502944e-002 4.912971e-005
    outer loop
      vertex   -1.781168e+002 2.526106e+002 2.247402e-002
      vertex   -1.778089e+002 2.528546e+002 4.022474e+000
      vertex   -1.781910e+002 2.525543e+002 4.022474e+000
    endloop
  endfacet
  facet normal 5.898575e-001 -8.071717e-001 -4.089081e-004
    outer loop
      vertex   -1.781168e+002 2.526106e+002 2.247402e-002
      vertex   -1.781910e+002 2.525543e+002 4.022474e+000
      vertex   -1.785141e+002 2.523202e+002 2.247402e-002
    endloop
  endfacet
  facet normal 7.052938e-002 -9.814152e-002 4.637592e-005
    outer loop
      vertex   -1.785141e+002 2.523202e+002 2.247402e-002
      vertex   -1.781910e+002 2.525543e+002 4.022474e+000
      vertex   -1.785856e+002 2.522707e+002 4.022474e+000
    endloop
  endfacet
  facet normal 5.542186e-001 -8.320874e-001 -3.888900e-004
    outer loop
      vertex   -1.785141e+002 2.523202e+002 2.247402e-002
      vertex   -1.785856e+002 2.522707e+002 4.022474e+000
      vertex   -1.789237e+002 2.520474e+002 2.247402e-002
    endloop
  endfacet
  facet normal 6.623681e-002 -1.010665e-001 4.400090e-005
    outer loop
      vertex   -1.789237e+002 2.520474e+002 2.247402e-002
      vertex   -1.785856e+002 2.522707e+002 4.022474e+000
      vertex   -1.789920e+002 2.520043e+002 4.022474e+000
    endloop
  endfacet
  facet normal 5.174829e-001 -8.554556e-001 -3.647378e-004
    outer loop
      vertex   -1.789237e+002 2.520474e+002 2.247402e-002
      vertex   -1.789920e+002 2.520043e+002 4.022474e+000
      vertex   -1.793448e+002 2.517926e+002 2.247402e-002
    endloop
  endfacet
  facet normal 6.182733e-002 -1.038081e-001 4.114675e-005
    outer loop
      vertex   -1.793448e+002 2.517926e+002 2.247402e-002
      vertex   -1.789920e+002 2.520043e+002 4.022474e+000
      vertex   -1.794095e+002 2.517557e+002 4.022474e+000
    endloop
  endfacet
  facet normal 4.797917e-001 -8.771846e-001 -3.423481e-004
    outer loop
      vertex   -1.793448e+002 2.517926e+002 2.247402e-002
      vertex   -1.794095e+002 2.517557e+002 4.022474e+000
      vertex   -1.797766e+002 2.515565e+002 2.247402e-002
    endloop
  endfacet
  facet normal 5.730494e-002 -1.063514e-001 3.794470e-005
    outer loop
      vertex   -1.797766e+002 2.515565e+002 2.247402e-002
      vertex   -1.794095e+002 2.517557e+002 4.022474e+000
      vertex   -1.798373e+002 2.515252e+002 4.022474e+000
    endloop
  endfacet
  facet normal 4.411988e-001 -8.972469e-001 -3.215104e-004
    outer loop
      vertex   -1.797766e+002 2.515565e+002 2.247402e-002
      vertex   -1.798373e+002 2.515252e+002 4.022474e+000
      vertex   -1.802182e+002 2.513393e+002 2.247402e-002
    endloop
  endfacet
  facet normal 5.267346e-002 -1.086999e-001 3.504312e-005
    outer loop
      vertex   -1.802182e+002 2.513393e+002 2.247402e-002
      vertex   -1.798373e+002 2.515252e+002 4.022474e+000
      vertex   -1.802746e+002 2.513133e+002 4.022474e+000
    endloop
  endfacet
  facet normal 4.017445e-001 -9.156202e-001 -2.960295e-004
    outer loop
      vertex   -1.802182e+002 2.513393e+002 2.247402e-002
      vertex   -1.802746e+002 2.513133e+002 4.022474e+000
      vertex   -1.806689e+002 2.511416e+002 2.247402e-002
    endloop
  endfacet
  facet normal 4.794819e-002 -1.108501e-001 3.209990e-005
    outer loop
      vertex   -1.806689e+002 2.511416e+002 2.247402e-002
      vertex   -1.802746e+002 2.513133e+002 4.022474e+000
      vertex   -1.807206e+002 2.511204e+002 4.022474e+000
    endloop
  endfacet
  facet normal 3.615146e-001 -9.322618e-001 -2.695885e-004
    outer loop
      vertex   -1.806689e+002 2.511416e+002 2.247402e-002
      vertex   -1.807206e+002 2.511204e+002 4.022474e+000
      vertex   -1.811277e+002 2.509637e+002 2.247402e-002
    endloop
  endfacet
  facet normal 4.313685e-002 -1.127906e-001 2.858957e-005
    outer loop
      vertex   -1.811277e+002 2.509637e+002 2.247402e-002
      vertex   -1.807206e+002 2.511204e+002 4.022474e+000
      vertex   -1.811745e+002 2.509468e+002 4.022474e+000
    endloop
  endfacet
  facet normal 3.206643e-001 -9.471115e-001 -2.455269e-004
    outer loop
      vertex   -1.811277e+002 2.509637e+002 2.247402e-002
      vertex   -1.811745e+002 2.509468e+002 4.022474e+000
      vertex   -1.815939e+002 2.508058e+002 2.247402e-002
    endloop
  endfacet
  facet normal 3.824333e-002 -1.145215e-001 2.591375e-005
    outer loop
      vertex   -1.815939e+002 2.508058e+002 2.247402e-002
      vertex   -1.811745e+002 2.509468e+002 4.022474e+000
      vertex   -1.816354e+002 2.507929e+002 4.022474e+000
    endloop
  endfacet
  facet normal 2.791202e-001 -9.601946e-001 -2.136164e-004
    outer loop
      vertex   -1.815939e+002 2.508058e+002 2.247402e-002
      vertex   -1.816354e+002 2.507929e+002 4.022474e+000
      vertex   -1.820664e+002 2.506685e+002 2.247402e-002
    endloop
  endfacet
  facet normal 3.328287e-002 -1.160389e-001 2.253416e-005
    outer loop
      vertex   -1.820664e+002 2.506685e+002 2.247402e-002
      vertex   -1.816354e+002 2.507929e+002 4.022474e+000
      vertex   -1.821024e+002 2.506589e+002 4.022474e+000
    endloop
  endfacet
  facet normal 2.370865e-001 -9.714439e-001 -1.853932e-004
    outer loop
      vertex   -1.820664e+002 2.506685e+002 2.247402e-002
      vertex   -1.821024e+002 2.506589e+002 4.022474e+000
      vertex   -1.825445e+002 2.505518e+002 2.247402e-002
    endloop
  endfacet
  facet normal 2.826696e-002 -1.173469e-001 1.874585e-005
    outer loop
      vertex   -1.825445e+002 2.505518e+002 2.247402e-002
      vertex   -1.821024e+002 2.506589e+002 4.022474e+000
      vertex   -1.825749e+002 2.505451e+002 4.022474e+000
    endloop
  endfacet
  facet normal 1.946134e-001 -9.808493e-001 -1.592240e-004
    outer loop
      vertex   -1.825445e+002 2.505518e+002 2.247402e-002
      vertex   -1.825749e+002 2.505451e+002 4.022474e+000
      vertex   -1.830273e+002 2.504560e+002 2.247402e-002
    endloop
  endfacet
  facet normal 2.319193e-002 -1.184304e-001 1.540884e-005
    outer loop
      vertex   -1.830273e+002 2.504560e+002 2.247402e-002
      vertex   -1.825749e+002 2.505451e+002 4.022474e+000
      vertex   -1.830517e+002 2.504517e+002 4.022474e+000
    endloop
  endfacet
  facet normal 1.517374e-001 -9.884014e-001 -1.272797e-004
    outer loop
      vertex   -1.830273e+002 2.504560e+002 2.247402e-002
      vertex   -1.830517e+002 2.504517e+002 4.022474e+000
      vertex   -1.835137e+002 2.503813e+002 2.247402e-002
    endloop
  endfacet
  facet normal 1.808058e-002 -1.192970e-001 1.162209e-005
    outer loop
      vertex   -1.835137e+002 2.503813e+002 2.247402e-002
      vertex   -1.830517e+002 2.504517e+002 4.022474e+000
      vertex   -1.835322e+002 2.503789e+002 4.022474e+000
    endloop
  endfacet
  facet normal 1.085789e-001 -9.940769e-001 -9.756119e-005
    outer loop
      vertex   -1.835137e+002 2.503813e+002 2.247402e-002
      vertex   -1.835322e+002 2.503789e+002 4.022474e+000
      vertex   -1.840029e+002 2.503279e+002 2.247402e-002
    endloop
  endfacet
  facet normal 1.293680e-002 -1.199429e-001 7.537080e-006
    outer loop
      vertex   -1.840029e+002 2.503279e+002 2.247402e-002
      vertex   -1.835322e+002 2.503789e+002 4.022474e+000
      vertex   -1.840153e+002 2.503268e+002 4.022474e+000
    endloop
  endfacet
  facet normal 6.523453e-002 -9.978651e-001 -6.844795e-005
    outer loop
      vertex   -1.840029e+002 2.503279e+002 2.247402e-002
      vertex   -1.840153e+002 2.503268e+002 4.022474e+000
      vertex   -1.844940e+002 2.502958e+002 2.247402e-002
    endloop
  endfacet
  facet normal 7.768269e-003 -1.203684e-001 3.795831e-006
    outer loop
      vertex   -1.844940e+002 2.502958e+002 2.247402e-002
      vertex   -1.840153e+002 2.503268e+002 4.022474e+000
      vertex   -1.845002e+002 2.502955e+002 4.022474e+000
    endloop
  endfacet
  facet normal 2.176496e-002 -9.997619e-001 -3.485633e-005
    outer loop
      vertex   -1.844940e+002 2.502958e+002 2.247402e-002
      vertex   -1.845002e+002 2.502955e+002 4.022474e+000
      vertex   -1.849861e+002 2.502851e+002 2.247402e-002
    endloop
  endfacet
  facet normal 2.590209e-003 -1.205697e-001 0.000000e+000
    outer loop
      vertex   -1.849861e+002 2.502851e+002 2.247402e-002
      vertex   -1.845002e+002 2.502955e+002 4.022474e+000
      vertex   -1.849861e+002 2.502851e+002 4.022474e+000
    endloop
  endfacet
  facet normal 0.000000e+000 1.000000e+000 -0.000000e+000
    outer loop
      vertex   -1.757509e+002 2.577851e+002 2.247402e-002
      vertex   -1.857509e+002 2.577851e+002 2.247402e-002
      vertex   -1.757509e+002 2.577851e+002 7.022474e+000
    endloop
  endfacet
  facet normal 0.000000e+000 5.734624e-001 0.000000e+000
    outer loop
      vertex   -1.757509e+002 2.577851e+002 7.022474e+000
      vertex   -1.857509e+002 2.577851e+002 2.247402e-002
      vertex   -1.857509e+002 2.577851e+002 7.022474e+000
    endloop
  endfacet
  facet normal -0.000000e+000 0.000000e+000 2.291898e-002
    outer loop
      vertex   -1.857509e+002 2.577851e+002 7.022474e+000
      vertex   -1.750961e+002 2.575408e+002 7.022474e+000
      vertex   -1.757509e+002 2.577851e+002 7.022474e+000
    endloop
  endfacet
  facet normal 0.000000e+000 0.000000e+000 7.134937e-002
    outer loop
      vertex   -1.757509e+002 2.577851e+002 7.022474e+000
      vertex   -1.750961e+002 2.575408e+002 7.022474e+000
      vertex   -1.752103e+002 2.576263e+002 7.022474e+000
    endloop
  endfacet
  facet normal 0.000000e+000 0.000000e+000 7.136030e-002
    outer loop
      vertex   -1.757509e+002 2.577851e+002 7.022474e+000
      vertex   -1.752103e+002 2.576263e+002 7.022474e+000
      vertex   -1.753355e+002 2.576947e+002 7.022474e+000
    endloop
  endfacet
  facet normal 0.000000e+000 0.000000e+000 9.965457e-001
    outer loop
      vertex   -1.977509e+002 2.587851e+002 7.022474e+000
      vertex   -1.977509e+002 2.557851e+002 7.022474e+000
      vertex   -1.857509e+002 2.577851e+002 7.022474e+000
    endloop
  endfacet
  facet normal 0.000000e+000 0.000000e+000 3.153697e-001
    outer loop
      vertex   -1.857509e+002 2.577851e+002 7.022474e+000
      vertex   -1.977509e+002 2.557851e+002 7.022474e+000
      vertex   -1.750948e+002 2.561124e+002 7.022474e+000
    endloop
  endfacet
  facet normal 0.000000e+000 0.000000e+000 3.270085e-002
    outer loop
      vertex   -1.857509e+002 2.577851e+002 7.022474e+000
      vertex   -1.750948e+002 2.561124e+002 7.022474e+000
      vertex   -1.749173e+002 2.564459e+002 7.022474e+000
    endloop
  endfacet
  facet normal 0.000000e+000 0.000000e+000 1.444632e-002
    outer loop
      vertex   -1.977509e+002 2.557851e+002 7.022474e+000
      vertex   -1.752834e+002 2.557851e+002 7.022474e+000
      vertex   -1.750948e+002 2.561124e+002 7.022474e+000
    endloop
  endfacet
  facet normal 0.000000e+000 -0.000000e+000 9.451020e-001
    outer loop
      vertex   -1.749173e+002 2.564459e+002 7.022474e+000
      vertex   -1.747509e+002 2.567851e+002 7.022474e+000
      vertex   -1.857509e+002 2.577851e+002 7.022474e+000
    endloop
  endfacet
  facet normal 0.000000e+000 0.000000e+000 1.277280e-002
    outer loop
      vertex   -1.857509e+002 2.577851e+002 7.022474e+000
      vertex   -1.747509e+002 2.567851e+002 7.022474e+000
      vertex   -1.747611e+002 2.569274e+002 7.022474e+000
    endloop
  endfacet
  facet normal 0.000000e+000 0.000000e+000 1.244212e-002
    outer loop
      vertex   -1.857509e+002 2.577851e+002 7.022474e+000
      vertex   -1.747611e+002 2.569274e+002 7.022474e+000
      vertex   -1.747914e+002 2.570668e+002 7.022474e+000
    endloop
  endfacet
  facet normal 0.000000e+000 0.000000e+000 9.121026e-001
    outer loop
      vertex   -1.747914e+002 2.570668e+002 7.022474e+000
      vertex   -1.748413e+002 2.572005e+002 7.022474e+000
      vertex   -1.857509e+002 2.577851e+002 7.022474e+000
    endloop
  endfacet
  facet normal 0.000000e+000 0.000000e+000 1.118848e-002
    outer loop
      vertex   -1.857509e+002 2.577851e+002 7.022474e+000
      vertex   -1.748413e+002 2.572005e+002 7.022474e+000
      vertex   -1.749097e+002 2.573257e+002 7.022474e+000
    endloop
  endfacet
  facet normal 0.000000e+000 0.000000e+000 1.026592e-002
    outer loop
      vertex   -1.857509e+002 2.577851e+002 7.022474e+000
      vertex   -1.749097e+002 2.573257e+002 7.022474e+000
      vertex   -1.749952e+002 2.574399e+002 7.022474e+000
    endloop
  endfacet
  facet normal 0.000000e+000 0.000000e+000 6.840635e-001
    outer loop
      vertex   -1.749952e+002 2.574399e+002 7.022474e+000
      vertex   -1.750961e+002 2.575408e+002 7.022474e+000
      vertex   -1.857509e+002 2.577851e+002 7.022474e+000
    endloop
  endfacet
  facet normal 0.000000e+000 0.000000e+000 1.423613e-001
    outer loop
      vertex   -1.753355e+002 2.576947e+002 7.022474e+000
      vertex   -1.754692e+002 2.577446e+002 7.022474e+000
      vertex   -1.757509e+002 2.577851e+002 7.022474e+000
    endloop
  endfacet
  facet normal 0.000000e+000 0.000000e+000 7.120308e-002
    outer loop
      vertex   -1.757509e+002 2.577851e+002 7.022474e+000
      vertex   -1.754692e+002 2.577446e+002 7.022474e+000
      vertex   -1.756086e+002 2.577749e+002 7.022474e+000
    endloop
  endfacet
  facet normal -0.000000e+000 -1.000000e+000 -0.000000e+000
    outer loop
      vertex   -2.107509e+002 2.502851e+002 1.002247e+001
      vertex   -2.147509e+002 2.502851e+002 1.002247e+001
      vertex   -2.107509e+002 2.502851e+002 2.247402e-002
    endloop
  endfacet
  facet normal 0.000000e+000 -9.284767e-001 0.000000e+000
    outer loop
      vertex   -2.107509e+002 2.502851e+002 2.247402e-002
      vertex   -2.147509e+002 2.502851e+002 1.002247e+001
      vertex   -2.147509e+002 2.502851e+002 2.247402e-002
    endloop
  endfacet
  facet normal 0.000000e+000 -1.000000e+000 0.000000e+000
    outer loop
      vertex   -1.977509e+002 2.612351e+002 2.247402e-002
      vertex   -1.827509e+002 2.612351e+002 2.247402e-002
      vertex   -1.977509e+002 2.612351e+002 1.002247e+001
    endloop
  endfacet
  facet normal 0.000000e+000 -5.547002e-001 0.000000e+000
    outer loop
      vertex   -1.977509e+002 2.612351e+002 1.002247e+001
      vertex   -1.827509e+002 2.612351e+002 2.247402e-002
      vertex   -1.827509e+002 2.612351e+002 1.002247e+001
    endloop
  endfacet
  facet normal 9.284767e-001 -0.000000e+000 0.000000e+000
    outer loop
      vertex   -1.827509e+002 2.612351e+002 1.002247e+001
      vertex   -1.827509e+002 2.642351e+002 2.522474e+000
      vertex   -1.827509e+002 2.713043e+002 1.002247e+001
    endloop
  endfacet
  facet normal 3.665816e-001 0.000000e+000 0.000000e+000
    outer loop
      vertex   -1.827509e+002 2.713043e+002 1.002247e+001
      vertex   -1.827509e+002 2.642351e+002 2.522474e+000
      vertex   -1.827509e+002 2.683043e+002 2.522474e+000
    endloop
  endfacet
  facet normal 3.713907e-001 0.000000e+000 0.000000e+000
    outer loop
      vertex   -1.827509e+002 2.713043e+002 1.002247e+001
      vertex   -1.827509e+002 2.683043e+002 2.522474e+000
      vertex   -1.827509e+002 2.713043e+002 2.247402e-002
    endloop
  endfacet
  facet normal 6.401844e-001 0.000000e+000 0.000000e+000
    outer loop
      vertex   -1.827509e+002 2.713043e+002 2.247402e-002
      vertex   -1.827509e+002 2.683043e+002 2.522474e+000
      vertex   -1.827509e+002 2.683043e+002 2.247402e-002
    endloop
  endfacet
  facet normal 3.713907e-001 0.000000e+000 0.000000e+000
    outer loop
      vertex   -1.827509e+002 2.612351e+002 1.002247e+001
      vertex   -1.827509e+002 2.612351e+002 2.247402e-002
      vertex   -1.827509e+002 2.642351e+002 2.522474e+000
    endloop
  endfacet
  facet normal 7.682213e-001 0.000000e+000 0.000000e+000
    outer loop
      vertex   -1.827509e+002 2.642351e+002 2.522474e+000
      vertex   -1.827509e+002 2.612351e+002 2.247402e-002
      vertex   -1.827509e+002 2.642351e+002 2.247402e-002
    endloop
  endfacet
  facet normal 0.000000e+000 0.000000e+000 -1.000000e+000
    outer loop
      vertex   -2.147509e+002 2.683043e+002 2.522474e+000
      vertex   -1.827509e+002 2.683043e+002 2.522474e+000
      vertex   -2.147509e+002 2.642351e+002 2.522474e+000
    endloop
  endfacet
  facet normal 0.000000e+000 0.000000e+000 -1.261471e-001
    outer loop
      vertex   -2.147509e+002 2.642351e+002 2.522474e+000
      vertex   -1.827509e+002 2.683043e+002 2.522474e+000
      vertex   -1.827509e+002 2.642351e+002 2.522474e+000
    endloop
  endfacet
  facet normal -0.000000e+000 -0.000000e+000 -1.000000e+000
    outer loop
      vertex   -2.107509e+002 2.822543e+002 2.247402e-002
      vertex   -2.107509e+002 2.802043e+002 2.247402e-002
      vertex   -2.147509e+002 2.822543e+002 2.247402e-002
    endloop
  endfacet
  facet normal 0.000000e+000 0.000000e+000 -8.899316e-001
    outer loop
      vertex   -2.147509e+002 2.822543e+002 2.247402e-002
      vertex   -2.107509e+002 2.802043e+002 2.247402e-002
      vertex   -2.147509e+002 2.683043e+002 2.247402e-002
    endloop
  endfacet
  facet normal 0.000000e+000 0.000000e+000 -8.053642e-001
    outer loop
      vertex   -2.147509e+002 2.683043e+002 2.247402e-002
      vertex   -2.107509e+002 2.802043e+002 2.247402e-002
      vertex   -1.977509e+002 2.737543e+002 2.247402e-002
    endloop
  endfacet
  facet normal 0.000000e+000 0.000000e+000 -1.351500e-001
    outer loop
      vertex   -2.147509e+002 2.683043e+002 2.247402e-002
      vertex   -1.977509e+002 2.737543e+002 2.247402e-002
      vertex   -1.977509e+002 2.713043e+002 2.247402e-002
    endloop
  endfacet
  facet normal -0.000000e+000 -0.000000e+000 -7.071068e-001
    outer loop
      vertex   -1.987509e+002 2.802043e+002 2.247402e-002
      vertex   -1.977509e+002 2.792043e+002 2.247402e-002
      vertex   -2.107509e+002 2.802043e+002 2.247402e-002
    endloop
  endfacet
  facet normal 0.000000e+000 0.000000e+000 -1.816183e-001
    outer loop
      vertex   -2.107509e+002 2.802043e+002 2.247402e-002
      vertex   -1.977509e+002 2.792043e+002 2.247402e-002
      vertex   -1.977509e+002 2.767543e+002 2.247402e-002
    endloop
  endfacet
  facet normal 0.000000e+000 0.000000e+000 -1.998071e-001
    outer loop
      vertex   -2.107509e+002 2.802043e+002 2.247402e-002
      vertex   -1.977509e+002 2.767543e+002 2.247402e-002
      vertex   -1.977509e+002 2.737543e+002 2.247402e-002
    endloop
  endfacet
  facet normal 0.000000e+000 0.000000e+000 -9.965457e-001
    outer loop
      vertex   -1.977509e+002 2.737543e+002 2.247402e-002
      vertex   -1.977509e+002 2.767543e+002 2.247402e-002
      vertex   -1.857509e+002 2.747543e+002 2.247402e-002
    endloop
  endfacet
  facet normal 0.000000e+000 0.000000e+000 -9.863939e-001
    outer loop
      vertex   -1.857509e+002 2.747543e+002 2.247402e-002
      vertex   -1.977509e+002 2.767543e+002 2.247402e-002
      vertex   -1.857509e+002 2.767543e+002 2.247402e-002
    endloop
  endfacet
  facet normal 0.000000e+000 0.000000e+000 -1.000000e+000
    outer loop
      vertex   -1.857509e+002 2.747543e+002 2.247402e-002
      vertex   -1.857509e+002 2.767543e+002 2.247402e-002
      vertex   -1.757509e+002 2.747543e+002 2.247402e-002
    endloop
  endfacet
  facet normal 0.000000e+000 0.000000e+000 -9.555155e-001
    outer loop
      vertex   -1.757509e+002 2.747543e+002 2.247402e-002
      vertex   -1.857509e+002 2.767543e+002 2.247402e-002
      vertex   -1.749698e+002 2.761951e+002 2.247402e-002
    endloop
  endfacet
  facet normal 0.000000e+000 0.000000e+000 -2.846191e-001
    outer loop
      vertex   -1.757509e+002 2.747543e+002 2.247402e-002
      vertex   -1.749698e+002 2.761951e+002 2.247402e-002
      vertex   -1.747509e+002 2.757543e+002 2.247402e-002
    endloop
  endfacet
  facet normal -0.000000e+000 -0.000000e+000 -1.424669e-001
    outer loop
      vertex   -1.986086e+002 2.801941e+002 2.247402e-002
      vertex   -1.984692e+002 2.801638e+002 2.247402e-002
      vertex   -1.987509e+002 2.802043e+002 2.247402e-002
    endloop
  endfacet
  facet normal 0.000000e+000 0.000000e+000 -7.136216e-002
    outer loop
      vertex   -1.987509e+002 2.802043e+002 2.247402e-002
      vertex   -1.984692e+002 2.801638e+002 2.247402e-002
      vertex   -1.983355e+002 2.801139e+002 2.247402e-002
    endloop
  endfacet
  facet normal 0.000000e+000 0.000000e+000 -7.130847e-002
    outer loop
      vertex   -1.987509e+002 2.802043e+002 2.247402e-002
      vertex   -1.983355e+002 2.801139e+002 2.247402e-002
      vertex   -1.982103e+002 2.800456e+002 2.247402e-002
    endloop
  endfacet
  facet normal -0.000000e+000 -0.000000e+000 -3.495715e-001
    outer loop
      vertex   -1.982103e+002 2.800456e+002 2.247402e-002
      vertex   -1.980961e+002 2.799601e+002 2.247402e-002
      vertex   -1.987509e+002 2.802043e+002 2.247402e-002
    endloop
  endfacet
  facet normal 0.000000e+000 0.000000e+000 -7.134500e-002
    outer loop
      vertex   -1.987509e+002 2.802043e+002 2.247402e-002
      vertex   -1.980961e+002 2.799601e+002 2.247402e-002
      vertex   -1.979952e+002 2.798592e+002 2.247402e-002
    endloop
  endfacet
  facet normal 0.000000e+000 0.000000e+000 -7.134563e-002
    outer loop
      vertex   -1.987509e+002 2.802043e+002 2.247402e-002
      vertex   -1.979952e+002 2.798592e+002 2.247402e-002
      vertex   -1.979097e+002 2.797449e+002 2.247402e-002
    endloop
  endfacet
  facet normal -0.000000e+000 -0.000000e+000 -5.406367e-001
    outer loop
      vertex   -1.979097e+002 2.797449e+002 2.247402e-002
      vertex   -1.978413e+002 2.796197e+002 2.247402e-002
      vertex   -1.987509e+002 2.802043e+002 2.247402e-002
    endloop
  endfacet
  facet normal 0.000000e+000 0.000000e+000 -7.135674e-002
    outer loop
      vertex   -1.987509e+002 2.802043e+002 2.247402e-002
      vertex   -1.978413e+002 2.796197e+002 2.247402e-002
      vertex   -1.977914e+002 2.794860e+002 2.247402e-002
    endloop
  endfacet
  facet normal 0.000000e+000 0.000000e+000 -7.132898e-002
    outer loop
      vertex   -1.987509e+002 2.802043e+002 2.247402e-002
      vertex   -1.977914e+002 2.794860e+002 2.247402e-002
      vertex   -1.977611e+002 2.793466e+002 2.247402e-002
    endloop
  endfacet
  facet normal -0.000000e+000 -0.000000e+000 -7.071264e-001
    outer loop
      vertex   -1.977611e+002 2.793466e+002 2.247402e-002
      vertex   -1.977509e+002 2.792043e+002 2.247402e-002
      vertex   -1.987509e+002 2.802043e+002 2.247402e-002
    endloop
  endfacet
  facet normal 0.000000e+000 0.000000e+000 -9.823253e-001
    outer loop
      vertex   -1.857509e+002 2.822543e+002 2.247402e-002
      vertex   -1.802182e+002 2.812000e+002 2.247402e-002
      vertex   -1.857509e+002 2.767543e+002 2.247402e-002
    endloop
  endfacet
  facet normal 0.000000e+000 0.000000e+000 -6.092180e-002
    outer loop
      vertex   -1.857509e+002 2.767543e+002 2.247402e-002
      vertex   -1.802182e+002 2.812000e+002 2.247402e-002
      vertex   -1.797766e+002 2.809829e+002 2.247402e-002
    endloop
  endfacet
  facet normal 0.000000e+000 0.000000e+000 -5.858395e-002
    outer loop
      vertex   -1.857509e+002 2.767543e+002 2.247402e-002
      vertex   -1.797766e+002 2.809829e+002 2.247402e-002
      vertex   -1.793448e+002 2.807467e+002 2.247402e-002
    endloop
  endfacet
  facet normal -0.000000e+000 -0.000000e+000 -1.085991e-001
    outer loop
      vertex   -1.849861e+002 2.822543e+002 2.247402e-002
      vertex   -1.825445e+002 2.819876e+002 2.247402e-002
      vertex   -1.857509e+002 2.822543e+002 2.247402e-002
    endloop
  endfacet
  facet normal 0.000000e+000 0.000000e+000 -2.068708e-002
    outer loop
      vertex   -1.857509e+002 2.822543e+002 2.247402e-002
      vertex   -1.825445e+002 2.819876e+002 2.247402e-002
      vertex   -1.820664e+002 2.818709e+002 2.247402e-002
    endloop
  endfacet
  facet normal 0.000000e+000 0.000000e+000 -2.094292e-002
    outer loop
      vertex   -1.857509e+002 2.822543e+002 2.247402e-002
      vertex   -1.820664e+002 2.818709e+002 2.247402e-002
      vertex   -1.815939e+002 2.817335e+002 2.247402e-002
    endloop
  endfacet
  facet normal -0.000000e+000 -0.000000e+000 -4.350077e-002
    outer loop
      vertex   -1.844940e+002 2.822436e+002 2.247402e-002
      vertex   -1.840029e+002 2.822115e+002 2.247402e-002
      vertex   -1.849861e+002 2.822543e+002 2.247402e-002
    endloop
  endfacet
  facet normal 0.000000e+000 0.000000e+000 -2.175505e-002
    outer loop
      vertex   -1.849861e+002 2.822543e+002 2.247402e-002
      vertex   -1.840029e+002 2.822115e+002 2.247402e-002
      vertex   -1.835137e+002 2.821581e+002 2.247402e-002
    endloop
  endfacet
  facet normal 0.000000e+000 0.000000e+000 -2.176009e-002
    outer loop
      vertex   -1.849861e+002 2.822543e+002 2.247402e-002
      vertex   -1.835137e+002 2.821581e+002 2.247402e-002
      vertex   -1.830273e+002 2.820834e+002 2.247402e-002
    endloop
  endfacet
  facet normal -0.000000e+000 -0.000000e+000 -1.086427e-001
    outer loop
      vertex   -1.830273e+002 2.820834e+002 2.247402e-002
      vertex   -1.825445e+002 2.819876e+002 2.247402e-002
      vertex   -1.849861e+002 2.822543e+002 2.247402e-002
    endloop
  endfacet
  facet normal -0.000000e+000 -0.000000e+000 -2.004337e-001
    outer loop
      vertex   -1.815939e+002 2.817335e+002 2.247402e-002
      vertex   -1.811277e+002 2.815757e+002 2.247402e-002
      vertex   -1.857509e+002 2.822543e+002 2.247402e-002
    endloop
  endfacet
  facet normal 0.000000e+000 0.000000e+000 -2.123248e-002
    outer loop
      vertex   -1.857509e+002 2.822543e+002 2.247402e-002
      vertex   -1.811277e+002 2.815757e+002 2.247402e-002
      vertex   -1.806689e+002 2.813978e+002 2.247402e-002
    endloop
  endfacet
  facet normal 0.000000e+000 0.000000e+000 -2.131885e-002
    outer loop
      vertex   -1.857509e+002 2.822543e+002 2.247402e-002
      vertex   -1.806689e+002 2.813978e+002 2.247402e-002
      vertex   -1.802182e+002 2.812000e+002 2.247402e-002
    endloop
  endfacet
  facet normal 0.000000e+000 -0.000000e+000 -8.918168e-001
    outer loop
      vertex   -1.793448e+002 2.807467e+002 2.247402e-002
      vertex   -1.789237e+002 2.804920e+002 2.247402e-002
      vertex   -1.857509e+002 2.767543e+002 2.247402e-002
    endloop
  endfacet
  facet normal 0.000000e+000 0.000000e+000 -5.433711e-002
    outer loop
      vertex   -1.857509e+002 2.767543e+002 2.247402e-002
      vertex   -1.789237e+002 2.804920e+002 2.247402e-002
      vertex   -1.785141e+002 2.802192e+002 2.247402e-002
    endloop
  endfacet
  facet normal 0.000000e+000 0.000000e+000 -5.243138e-002
    outer loop
      vertex   -1.857509e+002 2.767543e+002 2.247402e-002
      vertex   -1.785141e+002 2.802192e+002 2.247402e-002
      vertex   -1.781168e+002 2.799288e+002 2.247402e-002
    endloop
  endfacet
  facet normal 0.000000e+000 -0.000000e+000 -8.765900e-001
    outer loop
      vertex   -1.781168e+002 2.799288e+002 2.247402e-002
      vertex   -1.777324e+002 2.796214e+002 2.247402e-002
      vertex   -1.857509e+002 2.767543e+002 2.247402e-002
    endloop
  endfacet
  facet normal 0.000000e+000 0.000000e+000 -4.901744e-002
    outer loop
      vertex   -1.857509e+002 2.767543e+002 2.247402e-002
      vertex   -1.777324e+002 2.796214e+002 2.247402e-002
      vertex   -1.773618e+002 2.792976e+002 2.247402e-002
    endloop
  endfacet
  facet normal 0.000000e+000 0.000000e+000 -4.749637e-002
    outer loop
      vertex   -1.857509e+002 2.767543e+002 2.247402e-002
      vertex   -1.773618e+002 2.792976e+002 2.247402e-002
      vertex   -1.770057e+002 2.789579e+002 2.247402e-002
    endloop
  endfacet
  facet normal 0.000000e+000 -0.000000e+000 -8.684470e-001
    outer loop
      vertex   -1.770057e+002 2.789579e+002 2.247402e-002
      vertex   -1.766646e+002 2.786031e+002 2.247402e-002
      vertex   -1.857509e+002 2.767543e+002 2.247402e-002
    endloop
  endfacet
  facet normal 0.000000e+000 0.000000e+000 -4.479156e-002
    outer loop
      vertex   -1.857509e+002 2.767543e+002 2.247402e-002
      vertex   -1.766646e+002 2.786031e+002 2.247402e-002
      vertex   -1.763394e+002 2.782338e+002 2.247402e-002
    endloop
  endfacet
  facet normal 0.000000e+000 0.000000e+000 -4.359388e-002
    outer loop
      vertex   -1.857509e+002 2.767543e+002 2.247402e-002
      vertex   -1.763394e+002 2.782338e+002 2.247402e-002
      vertex   -1.760305e+002 2.778507e+002 2.247402e-002
    endloop
  endfacet
  facet normal 0.000000e+000 -0.000000e+000 -8.664684e-001
    outer loop
      vertex   -1.760305e+002 2.778507e+002 2.247402e-002
      vertex   -1.757385e+002 2.774545e+002 2.247402e-002
      vertex   -1.857509e+002 2.767543e+002 2.247402e-002
    endloop
  endfacet
  facet normal 0.000000e+000 0.000000e+000 -4.145934e-002
    outer loop
      vertex   -1.857509e+002 2.767543e+002 2.247402e-002
      vertex   -1.757385e+002 2.774545e+002 2.247402e-002
      vertex   -1.754641e+002 2.770460e+002 2.247402e-002
    endloop
  endfacet
  facet normal 0.000000e+000 0.000000e+000 -4.051333e-002
    outer loop
      vertex   -1.857509e+002 2.767543e+002 2.247402e-002
      vertex   -1.754641e+002 2.770460e+002 2.247402e-002
      vertex   -1.752077e+002 2.766259e+002 2.247402e-002
    endloop
  endfacet
  facet normal -0.000000e+000 -0.000000e+000 -8.694897e-001
    outer loop
      vertex   -1.752077e+002 2.766259e+002 2.247402e-002
      vertex   -1.749698e+002 2.761951e+002 2.247402e-002
      vertex   -1.857509e+002 2.767543e+002 2.247402e-002
    endloop
  endfacet
  facet normal 0.000000e+000 0.000000e+000 -6.548615e-001
    outer loop
      vertex   -1.747509e+002 2.757543e+002 2.247402e-002
      vertex   -1.747611e+002 2.756120e+002 2.247402e-002
      vertex   -1.757509e+002 2.747543e+002 2.247402e-002
    endloop
  endfacet
  facet normal 0.000000e+000 0.000000e+000 -7.134654e-002
    outer loop
      vertex   -1.757509e+002 2.747543e+002 2.247402e-002
      vertex   -1.747611e+002 2.756120e+002 2.247402e-002
      vertex   -1.747914e+002 2.754726e+002 2.247402e-002
    endloop
  endfacet
  facet normal 0.000000e+000 0.000000e+000 -7.133306e-002
    outer loop
      vertex   -1.757509e+002 2.747543e+002 2.247402e-002
      vertex   -1.747914e+002 2.754726e+002 2.247402e-002
      vertex   -1.748413e+002 2.753389e+002 2.247402e-002
    endloop
  endfacet
  facet normal 0.000000e+000 0.000000e+000 -4.793195e-001
    outer loop
      vertex   -1.748413e+002 2.753389e+002 2.247402e-002
      vertex   -1.749097e+002 2.752137e+002 2.247402e-002
      vertex   -1.757509e+002 2.747543e+002 2.247402e-002
    endloop
  endfacet
  facet normal 0.000000e+000 0.000000e+000 -7.134563e-002
    outer loop
      vertex   -1.757509e+002 2.747543e+002 2.247402e-002
      vertex   -1.749097e+002 2.752137e+002 2.247402e-002
      vertex   -1.749952e+002 2.750994e+002 2.247402e-002
    endloop
  endfacet
  facet normal 0.000000e+000 0.000000e+000 -7.134500e-002
    outer loop
      vertex   -1.757509e+002 2.747543e+002 2.247402e-002
      vertex   -1.749952e+002 2.750994e+002 2.247402e-002
      vertex   -1.750961e+002 2.749985e+002 2.247402e-002
    endloop
  endfacet
  facet normal 0.000000e+000 0.000000e+000 -2.816577e-001
    outer loop
      vertex   -1.750961e+002 2.749985e+002 2.247402e-002
      vertex   -1.752103e+002 2.749131e+002 2.247402e-002
      vertex   -1.757509e+002 2.747543e+002 2.247402e-002
    endloop
  endfacet
  facet normal 0.000000e+000 0.000000e+000 -7.136030e-002
    outer loop
      vertex   -1.757509e+002 2.747543e+002 2.247402e-002
      vertex   -1.752103e+002 2.749131e+002 2.247402e-002
      vertex   -1.753355e+002 2.748447e+002 2.247402e-002
    endloop
  endfacet
  facet normal 0.000000e+000 0.000000e+000 -7.136216e-002
    outer loop
      vertex   -1.757509e+002 2.747543e+002 2.247402e-002
      vertex   -1.753355e+002 2.748447e+002 2.247402e-002
      vertex   -1.754692e+002 2.747948e+002 2.247402e-002
    endloop
  endfacet
  facet normal 0.000000e+000 0.000000e+000 -7.141571e-002
    outer loop
      vertex   -1.754692e+002 2.747948e+002 2.247402e-002
      vertex   -1.756086e+002 2.747645e+002 2.247402e-002
      vertex   -1.757509e+002 2.747543e+002 2.247402e-002
    endloop
  endfacet
  facet normal -0.000000e+000 -0.000000e+000 -1.000000e+000
    outer loop
      vertex   -1.827509e+002 2.713043e+002 2.247402e-002
      vertex   -1.827509e+002 2.683043e+002 2.247402e-002
      vertex   -1.977509e+002 2.713043e+002 2.247402e-002
    endloop
  endfacet
  facet normal 0.000000e+000 -0.000000e+000 -3.635425e-001
    outer loop
      vertex   -1.977509e+002 2.713043e+002 2.247402e-002
      vertex   -1.827509e+002 2.683043e+002 2.247402e-002
      vertex   -2.147509e+002 2.683043e+002 2.247402e-002
    endloop
  endfacet
endsolid
solid ascii
  facet normal 1.000000e+001 0.000000e+000 0.000000e+000
    outer loop
      vertex   -2.555457e+002 2.856892e+002 1.590000e+001
      vertex   -2.555457e+002 2.856892e+002 1.154992e+001
      vertex   -2.555457e+002 2.867892e+002 1.590000e+001
    endloop
  endfacet
  facet normal 4.364893e+000 0.000000e+000 0.000000e+000
    outer loop
      vertex   -2.555457e+002 2.867892e+002 1.590000e+001
      vertex   -2.555457e+002 2.856892e+002 1.154992e+001
      vertex   -2.555457e+002 2.876892e+002 1.154992e+001
    endloop
  endfacet
  facet normal 5.223212e+000 0.000000e+000 0.000000e+000
    outer loop
      vertex   -2.555457e+002 2.867892e+002 1.590000e+001
      vertex   -2.555457e+002 2.876892e+002 1.154992e+001
      vertex   -2.555457e+002 2.876892e+002 1.840000e+001
    endloop
  endfacet
  facet normal 9.048241e+000 0.000000e+000 0.000000e+000
    outer loop
      vertex   -2.555457e+002 2.876892e+002 1.840000e+001
      vertex   -2.555457e+002 2.871892e+002 1.890000e+001
      vertex   -2.555457e+002 2.867892e+002 1.590000e+001
    endloop
  endfacet
  facet normal 1.321605e+000 0.000000e+000 0.000000e+000
    outer loop
      vertex   -2.555457e+002 2.867892e+002 1.590000e+001
      vertex   -2.555457e+002 2.871892e+002 1.890000e+001
      vertex   -2.555457e+002 2.867892e+002 1.890000e+001
    endloop
  endfacet
  facet normal 0.000000e+000 0.000000e+000 1.000000e+001
    outer loop
      vertex   -2.555457e+002 2.856892e+002 1.154992e+001
      vertex   -2.409730e+002 2.856892e+002 1.154992e+001
      vertex   -2.555457e+002 2.876892e+002 1.154992e+001
    endloop
  endfacet
  facet normal 0.000000e+000 0.000000e+000 1.359694e+000
    outer loop
      vertex   -2.555457e+002 2.876892e+002 1.154992e+001
      vertex   -2.409730e+002 2.856892e+002 1.154992e+001
      vertex   -2.409730e+002 2.876892e+002 1.154992e+001
    endloop
  endfacet
  facet normal -1.000000e+001 0.000000e+000 0.000000e+000
    outer loop
      vertex   -2.409730e+002 2.856892e+002 1.590000e+001
      vertex   -2.409730e+002 2.867892e+002 1.590000e+001
      vertex   -2.409730e+002 2.856892e+002 1.154992e+001
    endloop
  endfacet
  facet normal -9.694842e+000 0.000000e+000 0.000000e+000
    outer loop
      vertex   -2.409730e+002 2.856892e+002 1.154992e+001
      vertex   -2.409730e+002 2.867892e+002 1.590000e+001
      vertex   -2.409730e+002 2.876892e+002 1.154992e+001
    endloop
  endfacet
  facet normal -2.026023e+000 0.000000e+000 0.000000e+000
    outer loop
      vertex   -2.409730e+002 2.876892e+002 1.154992e+001
      vertex   -2.409730e+002 2.867892e+002 1.590000e+001
      vertex   -2.409730e+002 2.876892e+002 1.840000e+001
    endloop
  endfacet
  facet normal -9.048241e+000 0.000000e+000 0.000000e+000
    outer loop
      vertex   -2.409730e+002 2.876892e+002 1.840000e+001
      vertex   -2.409730e+002 2.867892e+002 1.590000e+001
      vertex   -2.409730e+002 2.871892e+002 1.890000e+001
    endloop
  endfacet
  facet normal -9.912283e+000 0.000000e+000 0.000000e+000
    outer loop
      vertex   -2.409730e+002 2.871892e+002 1.890000e+001
      vertex   -2.409730e+002 2.867892e+002 1.590000e+001
      vertex   -2.409730e+002 2.867892e+002 1.890000e+001
    endloop
  endfacet
  facet normal 0.000000e+000 1.000000e+001 0.000000e+000
    outer loop
      vertex   -2.555457e+002 2.876892e+002 1.840000e+001
      vertex   -2.555457e+002 2.876892e+002 1.154992e+001
      vertex   -2.817470e+002 2.876892e+002 1.840000e+001
    endloop
  endfacet
  facet normal 0.000000e+000 7.267542e+000 0.000000e+000
    outer loop
      vertex   -2.817470e+002 2.876892e+002 1.840000e+001
      vertex   -2.555457e+002 2.876892e+002 1.154992e+001
      vertex   -2.754970e+002 2.876892e+002 7.000000e+000
    endloop
  endfacet
  facet normal 0.000000e+000 3.018485e+000 0.000000e+000
    outer loop
      vertex   -2.817470e+002 2.876892e+002 1.840000e+001
      vertex   -2.754970e+002 2.876892e+002 7.000000e+000
      vertex   -2.794970e+002 2.876892e+002 7.000000e+000
    endloop
  endfacet
  facet normal 0.000000e+000 5.236773e+000 0.000000e+000
    outer loop
      vertex   -2.409730e+002 2.876892e+002 1.154992e+001
      vertex   -2.229971e+002 2.876892e+002 5.000000e-001
      vertex   -2.555457e+002 2.876892e+002 1.154992e+001
    endloop
  endfacet
  facet normal 0.000000e+000 7.472397e+000 0.000000e+000
    outer loop
      vertex   -2.555457e+002 2.876892e+002 1.154992e+001
      vertex   -2.229971e+002 2.876892e+002 5.000000e-001
      vertex   -2.749970e+002 2.876892e+002 5.000000e-001
    endloop
  endfacet
  facet normal 0.000000e+000 1.995954e+000 0.000000e+000
    outer loop
      vertex   -2.555457e+002 2.876892e+002 1.154992e+001
      vertex   -2.749970e+002 2.876892e+002 5.000000e-001
      vertex   -2.749970e+002 2.876892e+002 5.197224e+000
    endloop
  endfacet
  facet normal 0.000000e+000 1.000000e+001 0.000000e+000
    outer loop
      vertex   -2.409730e+002 2.876892e+002 1.840000e+001
      vertex   -2.162471e+002 2.876892e+002 1.840000e+001
      vertex   -2.409730e+002 2.876892e+002 1.154992e+001
    endloop
  endfacet
  facet normal 0.000000e+000 4.896765e+000 0.000000e+000
    outer loop
      vertex   -2.409730e+002 2.876892e+002 1.154992e+001
      vertex   -2.162471e+002 2.876892e+002 1.840000e+001
      vertex   -2.224971e+002 2.876892e+002 7.000000e+000
    endloop
  endfacet
  facet normal 0.000000e+000 1.107706e-001 0.000000e+000
    outer loop
      vertex   -2.409730e+002 2.876892e+002 1.154992e+001
      vertex   -2.224971e+002 2.876892e+002 7.000000e+000
      vertex   -2.225048e+002 2.876892e+002 6.784315e+000
    endloop
  endfacet
  facet normal 0.000000e+000 3.491171e+000 0.000000e+000
    outer loop
      vertex   -2.162471e+002 2.876892e+002 5.000000e-001
      vertex   -2.179971e+002 2.876892e+002 5.197224e+000
      vertex   -2.162471e+002 2.876892e+002 1.840000e+001
    endloop
  endfacet
  facet normal 0.000000e+000 6.304163e-001 0.000000e+000
    outer loop
      vertex   -2.162471e+002 2.876892e+002 1.840000e+001
      vertex   -2.179971e+002 2.876892e+002 5.197224e+000
      vertex   -2.184970e+002 2.876892e+002 7.000000e+000
    endloop
  endfacet
  facet normal 0.000000e+000 3.018501e+000 0.000000e+000
    outer loop
      vertex   -2.162471e+002 2.876892e+002 1.840000e+001
      vertex   -2.184970e+002 2.876892e+002 7.000000e+000
      vertex   -2.224971e+002 2.876892e+002 7.000000e+000
    endloop
  endfacet
  facet normal 0.000000e+000 9.370790e+000 0.000000e+000
    outer loop
      vertex   -2.162471e+002 2.876892e+002 5.000000e-001
      vertex   -2.179971e+002 2.876892e+002 5.000000e-001
      vertex   -2.179971e+002 2.876892e+002 5.197224e+000
    endloop
  endfacet
  facet normal 0.000000e+000 1.826102e+000 0.000000e+000
    outer loop
      vertex   -2.179971e+002 2.876892e+002 5.197224e+000
      vertex   -2.181176e+002 2.876892e+002 5.444203e+000
      vertex   -2.184970e+002 2.876892e+002 7.000000e+000
    endloop
  endfacet
  facet normal 0.000000e+000 3.213493e-001 0.000000e+000
    outer loop
      vertex   -2.184970e+002 2.876892e+002 7.000000e+000
      vertex   -2.181176e+002 2.876892e+002 5.444203e+000
      vertex   -2.182200e+002 2.876892e+002 5.681371e+000
    endloop
  endfacet
  facet normal 0.000000e+000 3.289786e-001 0.000000e+000
    outer loop
      vertex   -2.184970e+002 2.876892e+002 7.000000e+000
      vertex   -2.182200e+002 2.876892e+002 5.681371e+000
      vertex   -2.183054e+002 2.876892e+002 5.910692e+000
    endloop
  endfacet
  facet normal 0.000000e+000 1.258812e+000 0.000000e+000
    outer loop
      vertex   -2.183054e+002 2.876892e+002 5.910692e+000
      vertex   -2.183746e+002 2.876892e+002 6.133975e+000
      vertex   -2.184970e+002 2.876892e+002 7.000000e+000
    endloop
  endfacet
  facet normal 0.000000e+000 3.428607e-001 0.000000e+000
    outer loop
      vertex   -2.184970e+002 2.876892e+002 7.000000e+000
      vertex   -2.183746e+002 2.876892e+002 6.133975e+000
      vertex   -2.184281e+002 2.876892e+002 6.352921e+000
    endloop
  endfacet
  facet normal 0.000000e+000 3.491935e-001 0.000000e+000
    outer loop
      vertex   -2.184970e+002 2.876892e+002 7.000000e+000
      vertex   -2.184281e+002 2.876892e+002 6.352921e+000
      vertex   -2.184663e+002 2.876892e+002 6.569164e+000
    endloop
  endfacet
  facet normal 0.000000e+000 3.530173e-001 0.000000e+000
    outer loop
      vertex   -2.184663e+002 2.876892e+002 6.569164e+000
      vertex   -2.184893e+002 2.876892e+002 6.784315e+000
      vertex   -2.184970e+002 2.876892e+002 7.000000e+000
    endloop
  endfacet
  facet normal 0.000000e+000 9.893828e+000 0.000000e+000
    outer loop
      vertex   -2.225048e+002 2.876892e+002 6.784315e+000
      vertex   -2.225278e+002 2.876892e+002 6.569164e+000
      vertex   -2.409730e+002 2.876892e+002 1.154992e+001
    endloop
  endfacet
  facet normal 0.000000e+000 1.143571e-001 0.000000e+000
    outer loop
      vertex   -2.409730e+002 2.876892e+002 1.154992e+001
      vertex   -2.225278e+002 2.876892e+002 6.569164e+000
      vertex   -2.225660e+002 2.876892e+002 6.352921e+000
    endloop
  endfacet
  facet normal 0.000000e+000 1.177111e-001 0.000000e+000
    outer loop
      vertex   -2.409730e+002 2.876892e+002 1.154992e+001
      vertex   -2.225660e+002 2.876892e+002 6.352921e+000
      vertex   -2.226196e+002 2.876892e+002 6.133975e+000
    endloop
  endfacet
  facet normal 0.000000e+000 9.999109e+000 0.000000e+000
    outer loop
      vertex   -2.226196e+002 2.876892e+002 6.133975e+000
      vertex   -2.226887e+002 2.876892e+002 5.910692e+000
      vertex   -2.409730e+002 2.876892e+002 1.154992e+001
    endloop
  endfacet
  facet normal 0.000000e+000 1.277580e-001 0.000000e+000
    outer loop
      vertex   -2.409730e+002 2.876892e+002 1.154992e+001
      vertex   -2.226887e+002 2.876892e+002 5.910692e+000
      vertex   -2.227741e+002 2.876892e+002 5.681371e+000
    endloop
  endfacet
  facet normal 0.000000e+000 1.346420e-001 0.000000e+000
    outer loop
      vertex   -2.409730e+002 2.876892e+002 1.154992e+001
      vertex   -2.227741e+002 2.876892e+002 5.681371e+000
      vertex   -2.228765e+002 2.876892e+002 5.444203e+000
    endloop
  endfacet
  facet normal 0.000000e+000 9.917189e+000 0.000000e+000
    outer loop
      vertex   -2.228765e+002 2.876892e+002 5.444203e+000
      vertex   -2.229971e+002 2.876892e+002 5.197224e+000
      vertex   -2.409730e+002 2.876892e+002 1.154992e+001
    endloop
  endfacet
  facet normal 0.000000e+000 2.098895e+000 0.000000e+000
    outer loop
      vertex   -2.409730e+002 2.876892e+002 1.154992e+001
      vertex   -2.229971e+002 2.876892e+002 5.197224e+000
      vertex   -2.229971e+002 2.876892e+002 5.000000e-001
    endloop
  endfacet
  facet normal 0.000000e+000 9.904266e+000 0.000000e+000
    outer loop
      vertex   -2.749970e+002 2.876892e+002 5.197224e+000
      vertex   -2.751176e+002 2.876892e+002 5.444203e+000
      vertex   -2.555457e+002 2.876892e+002 1.154992e+001
    endloop
  endfacet
  facet normal 0.000000e+000 1.251312e-001 0.000000e+000
    outer loop
      vertex   -2.555457e+002 2.876892e+002 1.154992e+001
      vertex   -2.751176e+002 2.876892e+002 5.444203e+000
      vertex   -2.752200e+002 2.876892e+002 5.681371e+000
    endloop
  endfacet
  facet normal 0.000000e+000 1.188208e-001 0.000000e+000
    outer loop
      vertex   -2.555457e+002 2.876892e+002 1.154992e+001
      vertex   -2.752200e+002 2.876892e+002 5.681371e+000
      vertex   -2.753054e+002 2.876892e+002 5.910692e+000
    endloop
  endfacet
  facet normal 0.000000e+000 9.997532e+000 0.000000e+000
    outer loop
      vertex   -2.753054e+002 2.876892e+002 5.910692e+000
      vertex   -2.753745e+002 2.876892e+002 6.133975e+000
      vertex   -2.555457e+002 2.876892e+002 1.154992e+001
    endloop
  endfacet
  facet normal 0.000000e+000 4.240212e-001 0.000000e+000
    outer loop
      vertex   -2.555457e+002 2.876892e+002 1.154992e+001
      vertex   -2.753745e+002 2.876892e+002 6.133975e+000
      vertex   -2.754970e+002 2.876892e+002 7.000000e+000
    endloop
  endfacet
  facet normal 0.000000e+000 9.910380e-001 0.000000e+000
    outer loop
      vertex   -2.753745e+002 2.876892e+002 6.133975e+000
      vertex   -2.754281e+002 2.876892e+002 6.352921e+000
      vertex   -2.754970e+002 2.876892e+002 7.000000e+000
    endloop
  endfacet
  facet normal 0.000000e+000 3.489022e-001 0.000000e+000
    outer loop
      vertex   -2.754970e+002 2.876892e+002 7.000000e+000
      vertex   -2.754281e+002 2.876892e+002 6.352921e+000
      vertex   -2.754663e+002 2.876892e+002 6.569164e+000
    endloop
  endfacet
  facet normal 0.000000e+000 3.548080e-001 0.000000e+000
    outer loop
      vertex   -2.754970e+002 2.876892e+002 7.000000e+000
      vertex   -2.754663e+002 2.876892e+002 6.569164e+000
      vertex   -2.754893e+002 2.876892e+002 6.784315e+000
    endloop
  endfacet
  facet normal 0.000000e+000 7.069346e-001 0.000000e+000
    outer loop
      vertex   -2.795048e+002 2.876892e+002 6.784315e+000
      vertex   -2.795278e+002 2.876892e+002 6.569164e+000
      vertex   -2.794970e+002 2.876892e+002 7.000000e+000
    endloop
  endfacet
  facet normal 0.000000e+000 3.486788e-001 0.000000e+000
    outer loop
      vertex   -2.794970e+002 2.876892e+002 7.000000e+000
      vertex   -2.795278e+002 2.876892e+002 6.569164e+000
      vertex   -2.795660e+002 2.876892e+002 6.352921e+000
    endloop
  endfacet
  facet normal 0.000000e+000 3.428230e-001 0.000000e+000
    outer loop
      vertex   -2.794970e+002 2.876892e+002 7.000000e+000
      vertex   -2.795660e+002 2.876892e+002 6.352921e+000
      vertex   -2.796195e+002 2.876892e+002 6.133975e+000
    endloop
  endfacet
  facet normal 0.000000e+000 1.591350e+000 0.000000e+000
    outer loop
      vertex   -2.796195e+002 2.876892e+002 6.133975e+000
      vertex   -2.796887e+002 2.876892e+002 5.910692e+000
      vertex   -2.794970e+002 2.876892e+002 7.000000e+000
    endloop
  endfacet
  facet normal 0.000000e+000 3.289786e-001 0.000000e+000
    outer loop
      vertex   -2.794970e+002 2.876892e+002 7.000000e+000
      vertex   -2.796887e+002 2.876892e+002 5.910692e+000
      vertex   -2.797740e+002 2.876892e+002 5.681371e+000
    endloop
  endfacet
  facet normal 0.000000e+000 3.214650e-001 0.000000e+000
    outer loop
      vertex   -2.794970e+002 2.876892e+002 7.000000e+000
      vertex   -2.797740e+002 2.876892e+002 5.681371e+000
      vertex   -2.798765e+002 2.876892e+002 5.444203e+000
    endloop
  endfacet
  facet normal 0.000000e+000 2.132928e+000 0.000000e+000
    outer loop
      vertex   -2.798765e+002 2.876892e+002 5.444203e+000
      vertex   -2.799970e+002 2.876892e+002 5.197224e+000
      vertex   -2.794970e+002 2.876892e+002 7.000000e+000
    endloop
  endfacet
  facet normal 0.000000e+000 4.487936e+000 0.000000e+000
    outer loop
      vertex   -2.794970e+002 2.876892e+002 7.000000e+000
      vertex   -2.799970e+002 2.876892e+002 5.197224e+000
      vertex   -2.817470e+002 2.876892e+002 1.840000e+001
    endloop
  endfacet
  facet normal 0.000000e+000 1.000000e+001 0.000000e+000
    outer loop
      vertex   -2.799970e+002 2.876892e+002 5.000000e-001
      vertex   -2.817470e+002 2.876892e+002 5.000000e-001
      vertex   -2.799970e+002 2.876892e+002 5.197224e+000
    endloop
  endfacet
  facet normal 0.000000e+000 4.692227e+000 0.000000e+000
    outer loop
      vertex   -2.799970e+002 2.876892e+002 5.197224e+000
      vertex   -2.817470e+002 2.876892e+002 5.000000e-001
      vertex   -2.817470e+002 2.876892e+002 1.840000e+001
    endloop
  endfacet
  facet normal 0.000000e+000 0.000000e+000 1.000000e+001
    outer loop
      vertex   -2.409730e+002 2.867892e+002 1.590000e+001
      vertex   -2.409730e+002 2.856892e+002 1.590000e+001
      vertex   -2.177970e+002 2.867892e+002 1.590000e+001
    endloop
  endfacet
  facet normal 0.000000e+000 0.000000e+000 9.146237e+000
    outer loop
      vertex   -2.177970e+002 2.867892e+002 1.590000e+001
      vertex   -2.409730e+002 2.856892e+002 1.590000e+001
      vertex   -2.172470e+002 2.856892e+002 1.590000e+001
    endloop
  endfacet
  facet normal 0.000000e+000 0.000000e+000 8.679422e+000
    outer loop
      vertex   -2.177970e+002 2.867892e+002 1.590000e+001
      vertex   -2.172470e+002 2.856892e+002 1.590000e+001
      vertex   -2.176123e+002 2.867789e+002 1.590000e+001
    endloop
  endfacet
  facet normal 0.000000e+000 0.000000e+000 8.815039e+000
    outer loop
      vertex   -2.176123e+002 2.867789e+002 1.590000e+001
      vertex   -2.172470e+002 2.856892e+002 1.590000e+001
      vertex   -2.174299e+002 2.867479e+002 1.590000e+001
    endloop
  endfacet
  facet normal 0.000000e+000 0.000000e+000 8.998151e+000
    outer loop
      vertex   -2.174299e+002 2.867479e+002 1.590000e+001
      vertex   -2.172470e+002 2.856892e+002 1.590000e+001
      vertex   -2.172521e+002 2.866967e+002 1.590000e+001
    endloop
  endfacet
  facet normal 0.000000e+000 0.000000e+000 9.219251e+000
    outer loop
      vertex   -2.172521e+002 2.866967e+002 1.590000e+001
      vertex   -2.172470e+002 2.856892e+002 1.590000e+001
      vertex   -2.170811e+002 2.866259e+002 1.590000e+001
    endloop
  endfacet
  facet normal 0.000000e+000 0.000000e+000 9.461838e+000
    outer loop
      vertex   -2.170811e+002 2.866259e+002 1.590000e+001
      vertex   -2.172470e+002 2.856892e+002 1.590000e+001
      vertex   -2.169192e+002 2.865363e+002 1.590000e+001
    endloop
  endfacet
  facet normal 0.000000e+000 0.000000e+000 9.694197e+000
    outer loop
      vertex   -2.169192e+002 2.865363e+002 1.590000e+001
      vertex   -2.172470e+002 2.856892e+002 1.590000e+001
      vertex   -2.167683e+002 2.864293e+002 1.590000e+001
    endloop
  endfacet
  facet normal 0.000000e+000 0.000000e+000 9.880079e+000
    outer loop
      vertex   -2.167683e+002 2.864293e+002 1.590000e+001
      vertex   -2.172470e+002 2.856892e+002 1.590000e+001
      vertex   -2.166303e+002 2.863060e+002 1.590000e+001
    endloop
  endfacet
  facet normal 0.000000e+000 0.000000e+000 9.984277e+000
    outer loop
      vertex   -2.166303e+002 2.863060e+002 1.590000e+001
      vertex   -2.172470e+002 2.856892e+002 1.590000e+001
      vertex   -2.165070e+002 2.861680e+002 1.590000e+001
    endloop
  endfacet
  facet normal 0.000000e+000 0.000000e+000 9.990812e+000
    outer loop
      vertex   -2.165070e+002 2.861680e+002 1.590000e+001
      vertex   -2.172470e+002 2.856892e+002 1.590000e+001
      vertex   -2.163999e+002 2.860171e+002 1.590000e+001
    endloop
  endfacet
  facet normal 0.000000e+000 0.000000e+000 9.908278e+000
    outer loop
      vertex   -2.163999e+002 2.860171e+002 1.590000e+001
      vertex   -2.172470e+002 2.856892e+002 1.590000e+001
      vertex   -2.163105e+002 2.858551e+002 1.590000e+001
    endloop
  endfacet
  facet normal 0.000000e+000 0.000000e+000 9.764483e+000
    outer loop
      vertex   -2.163105e+002 2.858551e+002 1.590000e+001
      vertex   -2.172470e+002 2.856892e+002 1.590000e+001
      vertex   -2.162396e+002 2.856842e+002 1.590000e+001
    endloop
  endfacet
  facet normal 0.000000e+000 0.000000e+000 9.595110e+000
    outer loop
      vertex   -2.162396e+002 2.856842e+002 1.590000e+001
      vertex   -2.172470e+002 2.856892e+002 1.590000e+001
      vertex   -2.161884e+002 2.855064e+002 1.590000e+001
    endloop
  endfacet
  facet normal 0.000000e+000 0.000000e+000 9.429796e+000
    outer loop
      vertex   -2.161884e+002 2.855064e+002 1.590000e+001
      vertex   -2.172470e+002 2.856892e+002 1.590000e+001
      vertex   -2.161574e+002 2.853240e+002 1.590000e+001
    endloop
  endfacet
  facet normal 0.000000e+000 0.000000e+000 9.288311e+000
    outer loop
      vertex   -2.161574e+002 2.853240e+002 1.590000e+001
      vertex   -2.172470e+002 2.856892e+002 1.590000e+001
      vertex   -2.161470e+002 2.851393e+002 1.590000e+001
    endloop
  endfacet
  facet normal 0.000000e+000 0.000000e+000 8.944334e+000
    outer loop
      vertex   -2.161470e+002 2.851393e+002 1.590000e+001
      vertex   -2.172470e+002 2.856892e+002 1.590000e+001
      vertex   -2.161470e+002 2.478392e+002 1.590000e+001
    endloop
  endfacet
  facet normal 0.000000e+000 0.000000e+000 9.070413e+000
    outer loop
      vertex   -2.161470e+002 2.478392e+002 1.590000e+001
      vertex   -2.172470e+002 2.856892e+002 1.590000e+001
      vertex   -2.172470e+002 2.472892e+002 1.590000e+001
    endloop
  endfacet
  facet normal 0.000000e+000 0.000000e+000 8.679422e+000
    outer loop
      vertex   -2.161470e+002 2.478392e+002 1.590000e+001
      vertex   -2.172470e+002 2.472892e+002 1.590000e+001
      vertex   -2.161574e+002 2.476545e+002 1.590000e+001
    endloop
  endfacet
  facet normal 0.000000e+000 0.000000e+000 8.815121e+000
    outer loop
      vertex   -2.161574e+002 2.476545e+002 1.590000e+001
      vertex   -2.172470e+002 2.472892e+002 1.590000e+001
      vertex   -2.161884e+002 2.474721e+002 1.590000e+001
    endloop
  endfacet
  facet normal 0.000000e+000 0.000000e+000 8.997670e+000
    outer loop
      vertex   -2.161884e+002 2.474721e+002 1.590000e+001
      vertex   -2.172470e+002 2.472892e+002 1.590000e+001
      vertex   -2.162396e+002 2.472943e+002 1.590000e+001
    endloop
  endfacet
  facet normal 0.000000e+000 0.000000e+000 9.219327e+000
    outer loop
      vertex   -2.162396e+002 2.472943e+002 1.590000e+001
      vertex   -2.172470e+002 2.472892e+002 1.590000e+001
      vertex   -2.163105e+002 2.471233e+002 1.590000e+001
    endloop
  endfacet
  facet normal 0.000000e+000 0.000000e+000 9.461962e+000
    outer loop
      vertex   -2.163105e+002 2.471233e+002 1.590000e+001
      vertex   -2.172470e+002 2.472892e+002 1.590000e+001
      vertex   -2.163999e+002 2.469614e+002 1.590000e+001
    endloop
  endfacet
  facet normal 0.000000e+000 0.000000e+000 9.694470e+000
    outer loop
      vertex   -2.163999e+002 2.469614e+002 1.590000e+001
      vertex   -2.172470e+002 2.472892e+002 1.590000e+001
      vertex   -2.165070e+002 2.468105e+002 1.590000e+001
    endloop
  endfacet
  facet normal 0.000000e+000 0.000000e+000 9.880054e+000
    outer loop
      vertex   -2.165070e+002 2.468105e+002 1.590000e+001
      vertex   -2.172470e+002 2.472892e+002 1.590000e+001
      vertex   -2.166303e+002 2.466725e+002 1.590000e+001
    endloop
  endfacet
  facet normal 0.000000e+000 0.000000e+000 9.984242e+000
    outer loop
      vertex   -2.166303e+002 2.466725e+002 1.590000e+001
      vertex   -2.172470e+002 2.472892e+002 1.590000e+001
      vertex   -2.167683e+002 2.465492e+002 1.590000e+001
    endloop
  endfacet
  facet normal 0.000000e+000 0.000000e+000 9.990820e+000
    outer loop
      vertex   -2.167683e+002 2.465492e+002 1.590000e+001
      vertex   -2.172470e+002 2.472892e+002 1.590000e+001
      vertex   -2.169192e+002 2.464422e+002 1.590000e+001
    endloop
  endfacet
  facet normal 0.000000e+000 0.000000e+000 9.908062e+000
    outer loop
      vertex   -2.169192e+002 2.464422e+002 1.590000e+001
      vertex   -2.172470e+002 2.472892e+002 1.590000e+001
      vertex   -2.170811e+002 2.463526e+002 1.590000e+001
    endloop
  endfacet
  facet normal 0.000000e+000 0.000000e+000 9.764476e+000
    outer loop
      vertex   -2.170811e+002 2.463526e+002 1.590000e+001
      vertex   -2.172470e+002 2.472892e+002 1.590000e+001
      vertex   -2.172521e+002 2.462818e+002 1.590000e+001
    endloop
  endfacet
  facet normal 0.000000e+000 0.000000e+000 9.595331e+000
    outer loop
      vertex   -2.172521e+002 2.462818e+002 1.590000e+001
      vertex   -2.172470e+002 2.472892e+002 1.590000e+001
      vertex   -2.174299e+002 2.462306e+002 1.590000e+001
    endloop
  endfacet
  facet normal 0.000000e+000 0.000000e+000 9.429854e+000
    outer loop
      vertex   -2.174299e+002 2.462306e+002 1.590000e+001
      vertex   -2.172470e+002 2.472892e+002 1.590000e+001
      vertex   -2.176123e+002 2.461996e+002 1.590000e+001
    endloop
  endfacet
  facet normal 0.000000e+000 0.000000e+000 9.288332e+000
    outer loop
      vertex   -2.176123e+002 2.461996e+002 1.590000e+001
      vertex   -2.172470e+002 2.472892e+002 1.590000e+001
      vertex   -2.177970e+002 2.461892e+002 1.590000e+001
    endloop
  endfacet
  facet normal 0.000000e+000 0.000000e+000 9.408365e+000
    outer loop
      vertex   -2.177970e+002 2.461892e+002 1.590000e+001
      vertex   -2.172470e+002 2.472892e+002 1.590000e+001
      vertex   -2.270805e+002 2.472892e+002 1.590000e+001
    endloop
  endfacet
  facet normal 0.000000e+000 0.000000e+000 1.176684e+000
    outer loop
      vertex   -2.177970e+002 2.461892e+002 1.590000e+001
      vertex   -2.270805e+002 2.472892e+002 1.590000e+001
      vertex   -2.270805e+002 2.461892e+002 1.590000e+001
    endloop
  endfacet
  facet normal 0.000000e+000 -1.000000e+001 0.000000e+000
    outer loop
      vertex   -2.409730e+002 2.867892e+002 1.890000e+001
      vertex   -2.409730e+002 2.867892e+002 1.590000e+001
      vertex   -2.177970e+002 2.867892e+002 1.890000e+001
    endloop
  endfacet
  facet normal 0.000000e+000 -9.917259e+000 0.000000e+000
    outer loop
      vertex   -2.177970e+002 2.867892e+002 1.890000e+001
      vertex   -2.409730e+002 2.867892e+002 1.590000e+001
      vertex   -2.177970e+002 2.867892e+002 1.590000e+001
    endloop
  endfacet
  facet normal 0.000000e+000 -1.000000e+001 0.000000e+000
    outer loop
      vertex   -2.555457e+002 2.867892e+002 1.590000e+001
      vertex   -2.555457e+002 2.867892e+002 1.890000e+001
      vertex   -2.801971e+002 2.867892e+002 1.590000e+001
    endloop
  endfacet
  facet normal 0.000000e+000 -9.926762e+000 0.000000e+000
    outer loop
      vertex   -2.801971e+002 2.867892e+002 1.590000e+001
      vertex   -2.555457e+002 2.867892e+002 1.890000e+001
      vertex   -2.801971e+002 2.867892e+002 1.890000e+001
    endloop
  endfacet
  facet normal 0.000000e+000 7.070984e+000 7.071152e+000
    outer loop
      vertex   -2.409730e+002 2.871892e+002 1.890000e+001
      vertex   -2.162471e+002 2.871892e+002 1.890000e+001
      vertex   -2.409730e+002 2.876892e+002 1.840000e+001
    endloop
  endfacet
  facet normal 0.000000e+000 2.021337e-001 2.021385e-001
    outer loop
      vertex   -2.409730e+002 2.876892e+002 1.840000e+001
      vertex   -2.162471e+002 2.871892e+002 1.890000e+001
      vertex   -2.162471e+002 2.876892e+002 1.840000e+001
    endloop
  endfacet
  facet normal 0.000000e+000 7.070984e+000 7.071152e+000
    outer loop
      vertex   -2.555457e+002 2.876892e+002 1.840000e+001
      vertex   -2.817470e+002 2.876892e+002 1.840000e+001
      vertex   -2.555457e+002 2.871892e+002 1.890000e+001
    endloop
  endfacet
  facet normal 0.000000e+000 1.907601e-001 1.907647e-001
    outer loop
      vertex   -2.555457e+002 2.871892e+002 1.890000e+001
      vertex   -2.817470e+002 2.876892e+002 1.840000e+001
      vertex   -2.817470e+002 2.871892e+002 1.890000e+001
    endloop
  endfacet
  facet normal 0.000000e+000 0.000000e+000 1.000000e+001
    outer loop
      vertex   -2.409730e+002 2.867892e+002 1.890000e+001
      vertex   -2.177970e+002 2.867892e+002 1.890000e+001
      vertex   -2.409730e+002 2.871892e+002 1.890000e+001
    endloop
  endfacet
  facet normal 0.000000e+000 0.000000e+000 1.725625e-001
    outer loop
      vertex   -2.409730e+002 2.871892e+002 1.890000e+001
      vertex   -2.177970e+002 2.867892e+002 1.890000e+001
      vertex   -2.162471e+002 2.871892e+002 1.890000e+001
    endloop
  endfacet
  facet normal 0.000000e+000 0.000000e+000 3.942950e-001
    outer loop
      vertex   -2.162471e+002 2.871892e+002 1.890000e+001
      vertex   -2.177970e+002 2.867892e+002 1.890000e+001
      vertex   -2.176123e+002 2.867789e+002 1.890000e+001
    endloop
  endfacet
  facet normal 0.000000e+000 0.000000e+000 6.509909e-001
    outer loop
      vertex   -2.162471e+002 2.871892e+002 1.890000e+001
      vertex   -2.176123e+002 2.867789e+002 1.890000e+001
      vertex   -2.174299e+002 2.867479e+002 1.890000e+001
    endloop
  endfacet
  facet normal 0.000000e+000 0.000000e+000 5.952239e+000
    outer loop
      vertex   -2.174299e+002 2.867479e+002 1.890000e+001
      vertex   -2.172521e+002 2.866967e+002 1.890000e+001
      vertex   -2.162471e+002 2.871892e+002 1.890000e+001
    endloop
  endfacet
  facet normal 0.000000e+000 0.000000e+000 1.379204e+000
    outer loop
      vertex   -2.162471e+002 2.871892e+002 1.890000e+001
      vertex   -2.172521e+002 2.866967e+002 1.890000e+001
      vertex   -2.170811e+002 2.866259e+002 1.890000e+001
    endloop
  endfacet
  facet normal 0.000000e+000 0.000000e+000 1.758733e+000
    outer loop
      vertex   -2.162471e+002 2.871892e+002 1.890000e+001
      vertex   -2.170811e+002 2.866259e+002 1.890000e+001
      vertex   -2.169192e+002 2.865363e+002 1.890000e+001
    endloop
  endfacet
  facet normal 0.000000e+000 0.000000e+000 9.833491e+000
    outer loop
      vertex   -2.169192e+002 2.865363e+002 1.890000e+001
      vertex   -2.167683e+002 2.864293e+002 1.890000e+001
      vertex   -2.162471e+002 2.871892e+002 1.890000e+001
    endloop
  endfacet
  facet normal 0.000000e+000 0.000000e+000 1.906036e+000
    outer loop
      vertex   -2.162471e+002 2.871892e+002 1.890000e+001
      vertex   -2.167683e+002 2.864293e+002 1.890000e+001
      vertex   -2.166303e+002 2.863060e+002 1.890000e+001
    endloop
  endfacet
  facet normal 0.000000e+000 0.000000e+000 1.594391e+000
    outer loop
      vertex   -2.162471e+002 2.871892e+002 1.890000e+001
      vertex   -2.166303e+002 2.863060e+002 1.890000e+001
      vertex   -2.165070e+002 2.861680e+002 1.890000e+001
    endloop
  endfacet
  facet normal 0.000000e+000 0.000000e+000 7.619909e+000
    outer loop
      vertex   -2.165070e+002 2.861680e+002 1.890000e+001
      vertex   -2.163999e+002 2.860171e+002 1.890000e+001
      vertex   -2.162471e+002 2.871892e+002 1.890000e+001
    endloop
  endfacet
  facet normal 0.000000e+000 0.000000e+000 9.975971e+000
    outer loop
      vertex   -2.162471e+002 2.871892e+002 1.890000e+001
      vertex   -2.163999e+002 2.860171e+002 1.890000e+001
      vertex   -2.160662e+002 2.871783e+002 1.890000e+001
    endloop
  endfacet
  facet normal 0.000000e+000 0.000000e+000 9.951456e+000
    outer loop
      vertex   -2.160662e+002 2.871783e+002 1.890000e+001
      vertex   -2.163999e+002 2.860171e+002 1.890000e+001
      vertex   -2.158881e+002 2.871457e+002 1.890000e+001
    endloop
  endfacet
  facet normal 0.000000e+000 0.000000e+000 1.092869e+000
    outer loop
      vertex   -2.158881e+002 2.871457e+002 1.890000e+001
      vertex   -2.163999e+002 2.860171e+002 1.890000e+001
      vertex   -2.163105e+002 2.858551e+002 1.890000e+001
    endloop
  endfacet
  facet normal 0.000000e+000 0.000000e+000 9.998981e+000
    outer loop
      vertex   -2.158881e+002 2.871457e+002 1.890000e+001
      vertex   -2.163105e+002 2.858551e+002 1.890000e+001
      vertex   -2.157151e+002 2.870918e+002 1.890000e+001
    endloop
  endfacet
  facet normal 0.000000e+000 0.000000e+000 9.184146e-001
    outer loop
      vertex   -2.157151e+002 2.870918e+002 1.890000e+001
      vertex   -2.163105e+002 2.858551e+002 1.890000e+001
      vertex   -2.162396e+002 2.856842e+002 1.890000e+001
    endloop
  endfacet
  facet normal 0.000000e+000 0.000000e+000 9.978057e+000
    outer loop
      vertex   -2.157151e+002 2.870918e+002 1.890000e+001
      vertex   -2.162396e+002 2.856842e+002 1.890000e+001
      vertex   -2.155500e+002 2.870174e+002 1.890000e+001
    endloop
  endfacet
  facet normal 0.000000e+000 0.000000e+000 9.977998e+000
    outer loop
      vertex   -2.155500e+002 2.870174e+002 1.890000e+001
      vertex   -2.162396e+002 2.856842e+002 1.890000e+001
      vertex   -2.153950e+002 2.869237e+002 1.890000e+001
    endloop
  endfacet
  facet normal 0.000000e+000 0.000000e+000 8.770776e-001
    outer loop
      vertex   -2.153950e+002 2.869237e+002 1.890000e+001
      vertex   -2.162396e+002 2.856842e+002 1.890000e+001
      vertex   -2.161884e+002 2.855064e+002 1.890000e+001
    endloop
  endfacet
  facet normal 0.000000e+000 0.000000e+000 9.881473e+000
    outer loop
      vertex   -2.153950e+002 2.869237e+002 1.890000e+001
      vertex   -2.161884e+002 2.855064e+002 1.890000e+001
      vertex   -2.152524e+002 2.868120e+002 1.890000e+001
    endloop
  endfacet
  facet normal 0.000000e+000 0.000000e+000 9.866689e+000
    outer loop
      vertex   -2.152524e+002 2.868120e+002 1.890000e+001
      vertex   -2.161884e+002 2.855064e+002 1.890000e+001
      vertex   -2.151243e+002 2.866839e+002 1.890000e+001
    endloop
  endfacet
  facet normal 0.000000e+000 0.000000e+000 9.853508e+000
    outer loop
      vertex   -2.151243e+002 2.866839e+002 1.890000e+001
      vertex   -2.161884e+002 2.855064e+002 1.890000e+001
      vertex   -2.150126e+002 2.865413e+002 1.890000e+001
    endloop
  endfacet
  facet normal 0.000000e+000 0.000000e+000 9.419570e-001
    outer loop
      vertex   -2.150126e+002 2.865413e+002 1.890000e+001
      vertex   -2.161884e+002 2.855064e+002 1.890000e+001
      vertex   -2.161574e+002 2.853240e+002 1.890000e+001
    endloop
  endfacet
  facet normal 0.000000e+000 0.000000e+000 9.631449e+000
    outer loop
      vertex   -2.150126e+002 2.865413e+002 1.890000e+001
      vertex   -2.161574e+002 2.853240e+002 1.890000e+001
      vertex   -2.149189e+002 2.863863e+002 1.890000e+001
    endloop
  endfacet
  facet normal 0.000000e+000 0.000000e+000 9.593502e+000
    outer loop
      vertex   -2.149189e+002 2.863863e+002 1.890000e+001
      vertex   -2.161574e+002 2.853240e+002 1.890000e+001
      vertex   -2.148445e+002 2.862211e+002 1.890000e+001
    endloop
  endfacet
  facet normal 0.000000e+000 0.000000e+000 9.561324e+000
    outer loop
      vertex   -2.148445e+002 2.862211e+002 1.890000e+001
      vertex   -2.161574e+002 2.853240e+002 1.890000e+001
      vertex   -2.147906e+002 2.860482e+002 1.890000e+001
    endloop
  endfacet
  facet normal 0.000000e+000 0.000000e+000 9.535143e+000
    outer loop
      vertex   -2.147906e+002 2.860482e+002 1.890000e+001
      vertex   -2.161574e+002 2.853240e+002 1.890000e+001
      vertex   -2.147580e+002 2.858701e+002 1.890000e+001
    endloop
  endfacet
  facet normal 0.000000e+000 0.000000e+000 9.518543e+000
    outer loop
      vertex   -2.147580e+002 2.858701e+002 1.890000e+001
      vertex   -2.161574e+002 2.853240e+002 1.890000e+001
      vertex   -2.147470e+002 2.856892e+002 1.890000e+001
    endloop
  endfacet
  facet normal 0.000000e+000 0.000000e+000 1.206186e+000
    outer loop
      vertex   -2.147470e+002 2.856892e+002 1.890000e+001
      vertex   -2.161574e+002 2.853240e+002 1.890000e+001
      vertex   -2.161470e+002 2.851393e+002 1.890000e+001
    endloop
  endfacet
  facet normal 0.000000e+000 0.000000e+000 9.307546e+000
    outer loop
      vertex   -2.147470e+002 2.856892e+002 1.890000e+001
      vertex   -2.161470e+002 2.851393e+002 1.890000e+001
      vertex   -2.147470e+002 2.472892e+002 1.890000e+001
    endloop
  endfacet
  facet normal 0.000000e+000 0.000000e+000 9.165986e+000
    outer loop
      vertex   -2.147470e+002 2.472892e+002 1.890000e+001
      vertex   -2.161470e+002 2.851393e+002 1.890000e+001
      vertex   -2.161470e+002 2.478392e+002 1.890000e+001
    endloop
  endfacet
  facet normal 0.000000e+000 0.000000e+000 1.206303e+000
    outer loop
      vertex   -2.147470e+002 2.472892e+002 1.890000e+001
      vertex   -2.161470e+002 2.478392e+002 1.890000e+001
      vertex   -2.161574e+002 2.476545e+002 1.890000e+001
    endloop
  endfacet
  facet normal 0.000000e+000 0.000000e+000 8.507174e+000
    outer loop
      vertex   -2.161884e+002 2.474721e+002 1.890000e+001
      vertex   -2.150126e+002 2.464371e+002 1.890000e+001
      vertex   -2.161574e+002 2.476545e+002 1.890000e+001
    endloop
  endfacet
  facet normal 0.000000e+000 0.000000e+000 1.069146e+000
    outer loop
      vertex   -2.161574e+002 2.476545e+002 1.890000e+001
      vertex   -2.150126e+002 2.464371e+002 1.890000e+001
      vertex   -2.149189e+002 2.465922e+002 1.890000e+001
    endloop
  endfacet
  facet normal 0.000000e+000 0.000000e+000 1.092770e+000
    outer loop
      vertex   -2.161574e+002 2.476545e+002 1.890000e+001
      vertex   -2.149189e+002 2.465922e+002 1.890000e+001
      vertex   -2.148445e+002 2.467573e+002 1.890000e+001
    endloop
  endfacet
  facet normal 0.000000e+000 0.000000e+000 7.699190e+000
    outer loop
      vertex   -2.162396e+002 2.472943e+002 1.890000e+001
      vertex   -2.153950e+002 2.460548e+002 1.890000e+001
      vertex   -2.161884e+002 2.474721e+002 1.890000e+001
    endloop
  endfacet
  facet normal 0.000000e+000 0.000000e+000 1.114157e+000
    outer loop
      vertex   -2.161884e+002 2.474721e+002 1.890000e+001
      vertex   -2.153950e+002 2.460548e+002 1.890000e+001
      vertex   -2.152524e+002 2.461665e+002 1.890000e+001
    endloop
  endfacet
  facet normal 0.000000e+000 0.000000e+000 1.126087e+000
    outer loop
      vertex   -2.161884e+002 2.474721e+002 1.890000e+001
      vertex   -2.152524e+002 2.461665e+002 1.890000e+001
      vertex   -2.151243e+002 2.462946e+002 1.890000e+001
    endloop
  endfacet
  facet normal 0.000000e+000 0.000000e+000 7.455921e+000
    outer loop
      vertex   -2.163105e+002 2.471233e+002 1.890000e+001
      vertex   -2.157151e+002 2.458867e+002 1.890000e+001
      vertex   -2.162396e+002 2.472943e+002 1.890000e+001
    endloop
  endfacet
  facet normal 0.000000e+000 0.000000e+000 1.204071e+000
    outer loop
      vertex   -2.162396e+002 2.472943e+002 1.890000e+001
      vertex   -2.157151e+002 2.458867e+002 1.890000e+001
      vertex   -2.155500e+002 2.459611e+002 1.890000e+001
    endloop
  endfacet
  facet normal 0.000000e+000 0.000000e+000 1.204925e+000
    outer loop
      vertex   -2.162396e+002 2.472943e+002 1.890000e+001
      vertex   -2.155500e+002 2.459611e+002 1.890000e+001
      vertex   -2.153950e+002 2.460548e+002 1.890000e+001
    endloop
  endfacet
  facet normal 0.000000e+000 0.000000e+000 9.892766e+000
    outer loop
      vertex   -2.157151e+002 2.458867e+002 1.890000e+001
      vertex   -2.163105e+002 2.471233e+002 1.890000e+001
      vertex   -2.158881e+002 2.458328e+002 1.890000e+001
    endloop
  endfacet
  facet normal 0.000000e+000 0.000000e+000 1.092837e+000
    outer loop
      vertex   -2.158881e+002 2.458328e+002 1.890000e+001
      vertex   -2.163105e+002 2.471233e+002 1.890000e+001
      vertex   -2.163999e+002 2.469614e+002 1.890000e+001
    endloop
  endfacet
  facet normal 0.000000e+000 0.000000e+000 9.702350e+000
    outer loop
      vertex   -2.158881e+002 2.458328e+002 1.890000e+001
      vertex   -2.163999e+002 2.469614e+002 1.890000e+001
      vertex   -2.160662e+002 2.458002e+002 1.890000e+001
    endloop
  endfacet
  facet normal 0.000000e+000 0.000000e+000 9.760245e+000
    outer loop
      vertex   -2.160662e+002 2.458002e+002 1.890000e+001
      vertex   -2.163999e+002 2.469614e+002 1.890000e+001
      vertex   -2.162471e+002 2.457892e+002 1.890000e+001
    endloop
  endfacet
  facet normal 0.000000e+000 0.000000e+000 1.192793e+000
    outer loop
      vertex   -2.162471e+002 2.457892e+002 1.890000e+001
      vertex   -2.163999e+002 2.469614e+002 1.890000e+001
      vertex   -2.165070e+002 2.468105e+002 1.890000e+001
    endloop
  endfacet
  facet normal 0.000000e+000 0.000000e+000 1.594413e+000
    outer loop
      vertex   -2.162471e+002 2.457892e+002 1.890000e+001
      vertex   -2.165070e+002 2.468105e+002 1.890000e+001
      vertex   -2.166303e+002 2.466725e+002 1.890000e+001
    endloop
  endfacet
  facet normal 0.000000e+000 0.000000e+000 9.492825e+000
    outer loop
      vertex   -2.166303e+002 2.466725e+002 1.890000e+001
      vertex   -2.167683e+002 2.465492e+002 1.890000e+001
      vertex   -2.162471e+002 2.457892e+002 1.890000e+001
    endloop
  endfacet
  facet normal 0.000000e+000 0.000000e+000 1.974368e+000
    outer loop
      vertex   -2.162471e+002 2.457892e+002 1.890000e+001
      vertex   -2.167683e+002 2.465492e+002 1.890000e+001
      vertex   -2.169192e+002 2.464422e+002 1.890000e+001
    endloop
  endfacet
  facet normal 0.000000e+000 0.000000e+000 1.758871e+000
    outer loop
      vertex   -2.162471e+002 2.457892e+002 1.890000e+001
      vertex   -2.169192e+002 2.464422e+002 1.890000e+001
      vertex   -2.170811e+002 2.463526e+002 1.890000e+001
    endloop
  endfacet
  facet normal 0.000000e+000 0.000000e+000 8.342949e+000
    outer loop
      vertex   -2.170811e+002 2.463526e+002 1.890000e+001
      vertex   -2.172521e+002 2.462818e+002 1.890000e+001
      vertex   -2.162471e+002 2.457892e+002 1.890000e+001
    endloop
  endfacet
  facet normal 0.000000e+000 0.000000e+000 9.841925e-001
    outer loop
      vertex   -2.162471e+002 2.457892e+002 1.890000e+001
      vertex   -2.172521e+002 2.462818e+002 1.890000e+001
      vertex   -2.174299e+002 2.462306e+002 1.890000e+001
    endloop
  endfacet
  facet normal 0.000000e+000 0.000000e+000 6.509269e-001
    outer loop
      vertex   -2.162471e+002 2.457892e+002 1.890000e+001
      vertex   -2.174299e+002 2.462306e+002 1.890000e+001
      vertex   -2.176123e+002 2.461996e+002 1.890000e+001
    endloop
  endfacet
  facet normal 0.000000e+000 0.000000e+000 3.411132e+000
    outer loop
      vertex   -2.176123e+002 2.461996e+002 1.890000e+001
      vertex   -2.177970e+002 2.461892e+002 1.890000e+001
      vertex   -2.162471e+002 2.457892e+002 1.890000e+001
    endloop
  endfacet
  facet normal 0.000000e+000 0.000000e+000 2.498796e+000
    outer loop
      vertex   -2.162471e+002 2.457892e+002 1.890000e+001
      vertex   -2.177970e+002 2.461892e+002 1.890000e+001
      vertex   -2.270805e+002 2.457892e+002 1.890000e+001
    endloop
  endfacet
  facet normal 0.000000e+000 0.000000e+000 9.990730e+000
    outer loop
      vertex   -2.270805e+002 2.457892e+002 1.890000e+001
      vertex   -2.177970e+002 2.461892e+002 1.890000e+001
      vertex   -2.270805e+002 2.461892e+002 1.890000e+001
    endloop
  endfacet
  facet normal 0.000000e+000 0.000000e+000 9.853500e+000
    outer loop
      vertex   -2.151243e+002 2.462946e+002 1.890000e+001
      vertex   -2.150126e+002 2.464371e+002 1.890000e+001
      vertex   -2.161884e+002 2.474721e+002 1.890000e+001
    endloop
  endfacet
  facet normal 0.000000e+000 0.000000e+000 9.561264e+000
    outer loop
      vertex   -2.148445e+002 2.467573e+002 1.890000e+001
      vertex   -2.147906e+002 2.469303e+002 1.890000e+001
      vertex   -2.161574e+002 2.476545e+002 1.890000e+001
    endloop
  endfacet
  facet normal 0.000000e+000 0.000000e+000 1.149777e+000
    outer loop
      vertex   -2.161574e+002 2.476545e+002 1.890000e+001
      vertex   -2.147906e+002 2.469303e+002 1.890000e+001
      vertex   -2.147580e+002 2.471084e+002 1.890000e+001
    endloop
  endfacet
  facet normal 0.000000e+000 0.000000e+000 1.183457e+000
    outer loop
      vertex   -2.161574e+002 2.476545e+002 1.890000e+001
      vertex   -2.147580e+002 2.471084e+002 1.890000e+001
      vertex   -2.147470e+002 2.472892e+002 1.890000e+001
    endloop
  endfacet
  facet normal 0.000000e+000 0.000000e+000 1.000000e+001
    outer loop
      vertex   -2.555457e+002 2.867892e+002 1.890000e+001
      vertex   -2.555457e+002 2.871892e+002 1.890000e+001
      vertex   -2.801971e+002 2.867892e+002 1.890000e+001
    endloop
  endfacet
  facet normal 0.000000e+000 0.000000e+000 2.655503e+000
    outer loop
      vertex   -2.801971e+002 2.867892e+002 1.890000e+001
      vertex   -2.555457e+002 2.871892e+002 1.890000e+001
      vertex   -2.817470e+002 2.871892e+002 1.890000e+001
    endloop
  endfacet
  facet normal 0.000000e+000 0.000000e+000 3.037772e+000
    outer loop
      vertex   -2.801971e+002 2.867892e+002 1.890000e+001
      vertex   -2.817470e+002 2.871892e+002 1.890000e+001
      vertex   -2.803818e+002 2.867789e+002 1.890000e+001
    endloop
  endfacet
  facet normal 0.000000e+000 0.000000e+000 4.442163e+000
    outer loop
      vertex   -2.803818e+002 2.867789e+002 1.890000e+001
      vertex   -2.817470e+002 2.871892e+002 1.890000e+001
      vertex   -2.805642e+002 2.867479e+002 1.890000e+001
    endloop
  endfacet
  facet normal 0.000000e+000 0.000000e+000 5.952604e+000
    outer loop
      vertex   -2.805642e+002 2.867479e+002 1.890000e+001
      vertex   -2.817470e+002 2.871892e+002 1.890000e+001
      vertex   -2.807420e+002 2.866967e+002 1.890000e+001
    endloop
  endfacet
  facet normal 0.000000e+000 0.000000e+000 7.502475e+000
    outer loop
      vertex   -2.807420e+002 2.866967e+002 1.890000e+001
      vertex   -2.817470e+002 2.871892e+002 1.890000e+001
      vertex   -2.809130e+002 2.866259e+002 1.890000e+001
    endloop
  endfacet
  facet normal 0.000000e+000 0.000000e+000 8.906936e+000
    outer loop
      vertex   -2.809130e+002 2.866259e+002 1.890000e+001
      vertex   -2.817470e+002 2.871892e+002 1.890000e+001
      vertex   -2.810749e+002 2.865363e+002 1.890000e+001
    endloop
  endfacet
  facet normal 0.000000e+000 0.000000e+000 9.833693e+000
    outer loop
      vertex   -2.810749e+002 2.865363e+002 1.890000e+001
      vertex   -2.817470e+002 2.871892e+002 1.890000e+001
      vertex   -2.812258e+002 2.864293e+002 1.890000e+001
    endloop
  endfacet
  facet normal 0.000000e+000 0.000000e+000 9.918055e+000
    outer loop
      vertex   -2.812258e+002 2.864293e+002 1.890000e+001
      vertex   -2.817470e+002 2.871892e+002 1.890000e+001
      vertex   -2.813638e+002 2.863060e+002 1.890000e+001
    endloop
  endfacet
  facet normal 0.000000e+000 0.000000e+000 9.080969e+000
    outer loop
      vertex   -2.813638e+002 2.863060e+002 1.890000e+001
      vertex   -2.817470e+002 2.871892e+002 1.890000e+001
      vertex   -2.814871e+002 2.861680e+002 1.890000e+001
    endloop
  endfacet
  facet normal 0.000000e+000 0.000000e+000 1.614148e+000
    outer loop
      vertex   -2.814871e+002 2.861680e+002 1.890000e+001
      vertex   -2.817470e+002 2.871892e+002 1.890000e+001
      vertex   -2.819279e+002 2.871783e+002 1.890000e+001
    endloop
  endfacet
  facet normal 0.000000e+000 0.000000e+000 8.565551e+000
    outer loop
      vertex   -2.814871e+002 2.861680e+002 1.890000e+001
      vertex   -2.819279e+002 2.871783e+002 1.890000e+001
      vertex   -2.815941e+002 2.860171e+002 1.890000e+001
    endloop
  endfacet
  facet normal 0.000000e+000 0.000000e+000 1.454507e+000
    outer loop
      vertex   -2.815941e+002 2.860171e+002 1.890000e+001
      vertex   -2.819279e+002 2.871783e+002 1.890000e+001
      vertex   -2.821060e+002 2.871457e+002 1.890000e+001
    endloop
  endfacet
  facet normal 0.000000e+000 0.000000e+000 8.020255e+000
    outer loop
      vertex   -2.815941e+002 2.860171e+002 1.890000e+001
      vertex   -2.821060e+002 2.871457e+002 1.890000e+001
      vertex   -2.816837e+002 2.858551e+002 1.890000e+001
    endloop
  endfacet
  facet normal 0.000000e+000 0.000000e+000 1.319744e+000
    outer loop
      vertex   -2.816837e+002 2.858551e+002 1.890000e+001
      vertex   -2.821060e+002 2.871457e+002 1.890000e+001
      vertex   -2.822790e+002 2.870918e+002 1.890000e+001
    endloop
  endfacet
  facet normal 0.000000e+000 0.000000e+000 1.303742e+000
    outer loop
      vertex   -2.816837e+002 2.858551e+002 1.890000e+001
      vertex   -2.822790e+002 2.870918e+002 1.890000e+001
      vertex   -2.824442e+002 2.870174e+002 1.890000e+001
    endloop
  endfacet
  facet normal 0.000000e+000 0.000000e+000 8.260623e+000
    outer loop
      vertex   -2.816837e+002 2.858551e+002 1.890000e+001
      vertex   -2.824442e+002 2.870174e+002 1.890000e+001
      vertex   -2.817545e+002 2.856842e+002 1.890000e+001
    endloop
  endfacet
  facet normal 0.000000e+000 0.000000e+000 1.204872e+000
    outer loop
      vertex   -2.817545e+002 2.856842e+002 1.890000e+001
      vertex   -2.824442e+002 2.870174e+002 1.890000e+001
      vertex   -2.825992e+002 2.869237e+002 1.890000e+001
    endloop
  endfacet
  facet normal 0.000000e+000 0.000000e+000 1.205675e+000
    outer loop
      vertex   -2.817545e+002 2.856842e+002 1.890000e+001
      vertex   -2.825992e+002 2.869237e+002 1.890000e+001
      vertex   -2.827417e+002 2.868120e+002 1.890000e+001
    endloop
  endfacet
  facet normal 0.000000e+000 0.000000e+000 8.412732e+000
    outer loop
      vertex   -2.817545e+002 2.856842e+002 1.890000e+001
      vertex   -2.827417e+002 2.868120e+002 1.890000e+001
      vertex   -2.818057e+002 2.855064e+002 1.890000e+001
    endloop
  endfacet
  facet normal 0.000000e+000 0.000000e+000 1.126178e+000
    outer loop
      vertex   -2.818057e+002 2.855064e+002 1.890000e+001
      vertex   -2.827417e+002 2.868120e+002 1.890000e+001
      vertex   -2.828698e+002 2.866839e+002 1.890000e+001
    endloop
  endfacet
  facet normal 0.000000e+000 0.000000e+000 1.139515e+000
    outer loop
      vertex   -2.818057e+002 2.855064e+002 1.890000e+001
      vertex   -2.828698e+002 2.866839e+002 1.890000e+001
      vertex   -2.829815e+002 2.865413e+002 1.890000e+001
    endloop
  endfacet
  facet normal 0.000000e+000 0.000000e+000 9.841835e+000
    outer loop
      vertex   -2.829815e+002 2.865413e+002 1.890000e+001
      vertex   -2.830752e+002 2.863863e+002 1.890000e+001
      vertex   -2.818057e+002 2.855064e+002 1.890000e+001
    endloop
  endfacet
  facet normal 0.000000e+000 0.000000e+000 1.170103e+000
    outer loop
      vertex   -2.818057e+002 2.855064e+002 1.890000e+001
      vertex   -2.830752e+002 2.863863e+002 1.890000e+001
      vertex   -2.831496e+002 2.862211e+002 1.890000e+001
    endloop
  endfacet
  facet normal 0.000000e+000 0.000000e+000 1.187221e+000
    outer loop
      vertex   -2.818057e+002 2.855064e+002 1.890000e+001
      vertex   -2.831496e+002 2.862211e+002 1.890000e+001
      vertex   -2.832035e+002 2.860482e+002 1.890000e+001
    endloop
  endfacet
  facet normal 0.000000e+000 0.000000e+000 9.822799e+000
    outer loop
      vertex   -2.832035e+002 2.860482e+002 1.890000e+001
      vertex   -2.832361e+002 2.858701e+002 1.890000e+001
      vertex   -2.818057e+002 2.855064e+002 1.890000e+001
    endloop
  endfacet
  facet normal 0.000000e+000 0.000000e+000 1.224692e+000
    outer loop
      vertex   -2.818057e+002 2.855064e+002 1.890000e+001
      vertex   -2.832361e+002 2.858701e+002 1.890000e+001
      vertex   -2.832470e+002 2.856892e+002 1.890000e+001
    endloop
  endfacet
  facet normal 0.000000e+000 0.000000e+000 9.991173e+000
    outer loop
      vertex   -2.818057e+002 2.855064e+002 1.890000e+001
      vertex   -2.832470e+002 2.856892e+002 1.890000e+001
      vertex   -2.818367e+002 2.853240e+002 1.890000e+001
    endloop
  endfacet
  facet normal 0.000000e+000 0.000000e+000 9.805990e+000
    outer loop
      vertex   -2.818367e+002 2.853240e+002 1.890000e+001
      vertex   -2.832470e+002 2.856892e+002 1.890000e+001
      vertex   -2.818470e+002 2.851393e+002 1.890000e+001
    endloop
  endfacet
  facet normal 0.000000e+000 0.000000e+000 9.562148e+000
    outer loop
      vertex   -2.818470e+002 2.851393e+002 1.890000e+001
      vertex   -2.832470e+002 2.856892e+002 1.890000e+001
      vertex   -2.826721e+002 2.744892e+002 1.890000e+001
    endloop
  endfacet
  facet normal 0.000000e+000 0.000000e+000 7.723461e-001
    outer loop
      vertex   -2.818470e+002 2.851393e+002 1.890000e+001
      vertex   -2.826721e+002 2.744892e+002 1.890000e+001
      vertex   -2.818470e+002 2.744892e+002 1.890000e+001
    endloop
  endfacet
  facet normal 0.000000e+000 0.000000e+000 5.126997e-001
    outer loop
      vertex   -2.832470e+002 2.856892e+002 1.890000e+001
      vertex   -2.832470e+002 2.472892e+002 1.890000e+001
      vertex   -2.826721e+002 2.744892e+002 1.890000e+001
    endloop
  endfacet
  facet normal 0.000000e+000 0.000000e+000 2.113425e-001
    outer loop
      vertex   -2.826721e+002 2.744892e+002 1.890000e+001
      vertex   -2.832470e+002 2.472892e+002 1.890000e+001
      vertex   -2.826721e+002 2.584892e+002 1.890000e+001
    endloop
  endfacet
  facet normal 0.000000e+000 0.000000e+000 1.282501e+000
    outer loop
      vertex   -2.826721e+002 2.584892e+002 1.890000e+001
      vertex   -2.832470e+002 2.472892e+002 1.890000e+001
      vertex   -2.818470e+002 2.478392e+002 1.890000e+001
    endloop
  endfacet
  facet normal 0.000000e+000 0.000000e+000 9.970129e+000
    outer loop
      vertex   -2.826721e+002 2.584892e+002 1.890000e+001
      vertex   -2.818470e+002 2.478392e+002 1.890000e+001
      vertex   -2.818470e+002 2.584892e+002 1.890000e+001
    endloop
  endfacet
  facet normal 0.000000e+000 0.000000e+000 9.822720e+000
    outer loop
      vertex   -2.832361e+002 2.471084e+002 1.890000e+001
      vertex   -2.818057e+002 2.474721e+002 1.890000e+001
      vertex   -2.832470e+002 2.472892e+002 1.890000e+001
    endloop
  endfacet
  facet normal 0.000000e+000 0.000000e+000 1.268905e+000
    outer loop
      vertex   -2.832470e+002 2.472892e+002 1.890000e+001
      vertex   -2.818057e+002 2.474721e+002 1.890000e+001
      vertex   -2.818367e+002 2.476545e+002 1.890000e+001
    endloop
  endfacet
  facet normal 0.000000e+000 0.000000e+000 1.206303e+000
    outer loop
      vertex   -2.832470e+002 2.472892e+002 1.890000e+001
      vertex   -2.818367e+002 2.476545e+002 1.890000e+001
      vertex   -2.818470e+002 2.478392e+002 1.890000e+001
    endloop
  endfacet
  facet normal 0.000000e+000 0.000000e+000 9.977097e+000
    outer loop
      vertex   -2.832361e+002 2.471084e+002 1.890000e+001
      vertex   -2.832035e+002 2.469303e+002 1.890000e+001
      vertex   -2.818057e+002 2.474721e+002 1.890000e+001
    endloop
  endfacet
  facet normal 0.000000e+000 0.000000e+000 1.187276e+000
    outer loop
      vertex   -2.818057e+002 2.474721e+002 1.890000e+001
      vertex   -2.832035e+002 2.469303e+002 1.890000e+001
      vertex   -2.831496e+002 2.467573e+002 1.890000e+001
    endloop
  endfacet
  facet normal 0.000000e+000 0.000000e+000 1.170099e+000
    outer loop
      vertex   -2.818057e+002 2.474721e+002 1.890000e+001
      vertex   -2.831496e+002 2.467573e+002 1.890000e+001
      vertex   -2.830752e+002 2.465922e+002 1.890000e+001
    endloop
  endfacet
  facet normal 0.000000e+000 0.000000e+000 9.980515e+000
    outer loop
      vertex   -2.830752e+002 2.465922e+002 1.890000e+001
      vertex   -2.829815e+002 2.464371e+002 1.890000e+001
      vertex   -2.818057e+002 2.474721e+002 1.890000e+001
    endloop
  endfacet
  facet normal 0.000000e+000 0.000000e+000 1.139510e+000
    outer loop
      vertex   -2.818057e+002 2.474721e+002 1.890000e+001
      vertex   -2.829815e+002 2.464371e+002 1.890000e+001
      vertex   -2.828698e+002 2.462946e+002 1.890000e+001
    endloop
  endfacet
  facet normal 0.000000e+000 0.000000e+000 1.126138e+000
    outer loop
      vertex   -2.818057e+002 2.474721e+002 1.890000e+001
      vertex   -2.828698e+002 2.462946e+002 1.890000e+001
      vertex   -2.827417e+002 2.461665e+002 1.890000e+001
    endloop
  endfacet
  facet normal 0.000000e+000 0.000000e+000 7.849292e+000
    outer loop
      vertex   -2.818057e+002 2.474721e+002 1.890000e+001
      vertex   -2.827417e+002 2.461665e+002 1.890000e+001
      vertex   -2.817545e+002 2.472943e+002 1.890000e+001
    endloop
  endfacet
  facet normal 0.000000e+000 0.000000e+000 1.205711e+000
    outer loop
      vertex   -2.817545e+002 2.472943e+002 1.890000e+001
      vertex   -2.827417e+002 2.461665e+002 1.890000e+001
      vertex   -2.825992e+002 2.460548e+002 1.890000e+001
    endloop
  endfacet
  facet normal 0.000000e+000 0.000000e+000 1.204865e+000
    outer loop
      vertex   -2.817545e+002 2.472943e+002 1.890000e+001
      vertex   -2.825992e+002 2.460548e+002 1.890000e+001
      vertex   -2.824442e+002 2.459611e+002 1.890000e+001
    endloop
  endfacet
  facet normal 0.000000e+000 0.000000e+000 7.643707e+000
    outer loop
      vertex   -2.817545e+002 2.472943e+002 1.890000e+001
      vertex   -2.824442e+002 2.459611e+002 1.890000e+001
      vertex   -2.816837e+002 2.471233e+002 1.890000e+001
    endloop
  endfacet
  facet normal 0.000000e+000 0.000000e+000 1.303712e+000
    outer loop
      vertex   -2.816837e+002 2.471233e+002 1.890000e+001
      vertex   -2.824442e+002 2.459611e+002 1.890000e+001
      vertex   -2.822790e+002 2.458867e+002 1.890000e+001
    endloop
  endfacet
  facet normal 0.000000e+000 0.000000e+000 1.319773e+000
    outer loop
      vertex   -2.816837e+002 2.471233e+002 1.890000e+001
      vertex   -2.822790e+002 2.458867e+002 1.890000e+001
      vertex   -2.821060e+002 2.458328e+002 1.890000e+001
    endloop
  endfacet
  facet normal 0.000000e+000 0.000000e+000 7.319583e+000
    outer loop
      vertex   -2.816837e+002 2.471233e+002 1.890000e+001
      vertex   -2.821060e+002 2.458328e+002 1.890000e+001
      vertex   -2.815941e+002 2.469614e+002 1.890000e+001
    endloop
  endfacet
  facet normal 0.000000e+000 0.000000e+000 1.454476e+000
    outer loop
      vertex   -2.815941e+002 2.469614e+002 1.890000e+001
      vertex   -2.821060e+002 2.458328e+002 1.890000e+001
      vertex   -2.819279e+002 2.458002e+002 1.890000e+001
    endloop
  endfacet
  facet normal 0.000000e+000 0.000000e+000 7.814531e+000
    outer loop
      vertex   -2.815941e+002 2.469614e+002 1.890000e+001
      vertex   -2.819279e+002 2.458002e+002 1.890000e+001
      vertex   -2.814871e+002 2.468105e+002 1.890000e+001
    endloop
  endfacet
  facet normal 0.000000e+000 0.000000e+000 1.614170e+000
    outer loop
      vertex   -2.814871e+002 2.468105e+002 1.890000e+001
      vertex   -2.819279e+002 2.458002e+002 1.890000e+001
      vertex   -2.817470e+002 2.457892e+002 1.890000e+001
    endloop
  endfacet
  facet normal 0.000000e+000 0.000000e+000 8.296929e+000
    outer loop
      vertex   -2.814871e+002 2.468105e+002 1.890000e+001
      vertex   -2.817470e+002 2.457892e+002 1.890000e+001
      vertex   -2.813638e+002 2.466725e+002 1.890000e+001
    endloop
  endfacet
  facet normal 0.000000e+000 0.000000e+000 9.492745e+000
    outer loop
      vertex   -2.813638e+002 2.466725e+002 1.890000e+001
      vertex   -2.817470e+002 2.457892e+002 1.890000e+001
      vertex   -2.812258e+002 2.465492e+002 1.890000e+001
    endloop
  endfacet
  facet normal 0.000000e+000 0.000000e+000 9.998722e+000
    outer loop
      vertex   -2.812258e+002 2.465492e+002 1.890000e+001
      vertex   -2.817470e+002 2.457892e+002 1.890000e+001
      vertex   -2.810749e+002 2.464422e+002 1.890000e+001
    endloop
  endfacet
  facet normal 0.000000e+000 0.000000e+000 9.568017e+000
    outer loop
      vertex   -2.810749e+002 2.464422e+002 1.890000e+001
      vertex   -2.817470e+002 2.457892e+002 1.890000e+001
      vertex   -2.809130e+002 2.463526e+002 1.890000e+001
    endloop
  endfacet
  facet normal 0.000000e+000 0.000000e+000 8.342731e+000
    outer loop
      vertex   -2.809130e+002 2.463526e+002 1.890000e+001
      vertex   -2.817470e+002 2.457892e+002 1.890000e+001
      vertex   -2.807420e+002 2.462818e+002 1.890000e+001
    endloop
  endfacet
  facet normal 0.000000e+000 0.000000e+000 6.714828e+000
    outer loop
      vertex   -2.807420e+002 2.462818e+002 1.890000e+001
      vertex   -2.817470e+002 2.457892e+002 1.890000e+001
      vertex   -2.805642e+002 2.462306e+002 1.890000e+001
    endloop
  endfacet
  facet normal 0.000000e+000 0.000000e+000 5.015559e+000
    outer loop
      vertex   -2.805642e+002 2.462306e+002 1.890000e+001
      vertex   -2.817470e+002 2.457892e+002 1.890000e+001
      vertex   -2.803818e+002 2.461996e+002 1.890000e+001
    endloop
  endfacet
  facet normal 0.000000e+000 0.000000e+000 3.411132e+000
    outer loop
      vertex   -2.803818e+002 2.461996e+002 1.890000e+001
      vertex   -2.817470e+002 2.457892e+002 1.890000e+001
      vertex   -2.801971e+002 2.461892e+002 1.890000e+001
    endloop
  endfacet
  facet normal 0.000000e+000 0.000000e+000 2.657119e+000
    outer loop
      vertex   -2.801971e+002 2.461892e+002 1.890000e+001
      vertex   -2.817470e+002 2.457892e+002 1.890000e+001
      vertex   -2.557887e+002 2.457892e+002 1.890000e+001
    endloop
  endfacet
  facet normal 0.000000e+000 0.000000e+000 1.638560e-001
    outer loop
      vertex   -2.801971e+002 2.461892e+002 1.890000e+001
      vertex   -2.557887e+002 2.457892e+002 1.890000e+001
      vertex   -2.557887e+002 2.461892e+002 1.890000e+001
    endloop
  endfacet
  facet normal 0.000000e+000 -5.773489e+000 5.773510e+000
    outer loop
      vertex   -2.562887e+002 2.452892e+002 7.055643e+000
      vertex   -2.424956e+002 2.452892e+002 7.055643e+000
      vertex   -2.557887e+002 2.457892e+002 7.555643e+000
    endloop
  endfacet
  facet normal 0.000000e+000 -3.756056e-001 3.756069e-001
    outer loop
      vertex   -2.557887e+002 2.457892e+002 7.555643e+000
      vertex   -2.424956e+002 2.452892e+002 7.055643e+000
      vertex   -2.429956e+002 2.457892e+002 7.555643e+000
    endloop
  endfacet
  facet normal -5.773473e+000 -5.773583e+000 0.000000e+000
    outer loop
      vertex   -2.424956e+002 2.452892e+002 7.055643e+000
      vertex   -2.424956e+002 2.452892e+002 1.840000e+001
      vertex   -2.429956e+002 2.457892e+002 7.555643e+000
    endloop
  endfacet
  facet normal -4.600939e-001 -4.601027e-001 0.000000e+000
    outer loop
      vertex   -2.429956e+002 2.457892e+002 7.555643e+000
      vertex   -2.424956e+002 2.452892e+002 1.840000e+001
      vertex   -2.429956e+002 2.457892e+002 1.890000e+001
    endloop
  endfacet
  facet normal 5.773512e+000 -5.773512e+000 0.000000e+000
    outer loop
      vertex   -2.557887e+002 2.457892e+002 1.890000e+001
      vertex   -2.562887e+002 2.452892e+002 1.840000e+001
      vertex   -2.557887e+002 2.457892e+002 7.555643e+000
    endloop
  endfacet
  facet normal 6.026909e+000 -6.026909e+000 0.000000e+000
    outer loop
      vertex   -2.557887e+002 2.457892e+002 7.555643e+000
      vertex   -2.562887e+002 2.452892e+002 1.840000e+001
      vertex   -2.562887e+002 2.452892e+002 7.055643e+000
    endloop
  endfacet
  facet normal 0.000000e+000 -5.773484e+000 5.773512e+000
    outer loop
      vertex   -2.557887e+002 2.457892e+002 1.890000e+001
      vertex   -2.817470e+002 2.457892e+002 1.890000e+001
      vertex   -2.562887e+002 2.452892e+002 1.840000e+001
    endloop
  endfacet
  facet normal 0.000000e+000 -1.963232e-001 1.963241e-001
    outer loop
      vertex   -2.562887e+002 2.452892e+002 1.840000e+001
      vertex   -2.817470e+002 2.457892e+002 1.890000e+001
      vertex   -2.817470e+002 2.452892e+002 1.840000e+001
    endloop
  endfacet
  facet normal 1.000000e+001 0.000000e+000 0.000000e+000
    outer loop
      vertex   -2.557887e+002 2.461892e+002 1.890000e+001
      vertex   -2.557887e+002 2.457892e+002 1.890000e+001
      vertex   -2.557887e+002 2.461892e+002 1.590000e+001
    endloop
  endfacet
  facet normal 1.794736e+000 0.000000e+000 0.000000e+000
    outer loop
      vertex   -2.557887e+002 2.461892e+002 1.590000e+001
      vertex   -2.557887e+002 2.457892e+002 1.890000e+001
      vertex   -2.557887e+002 2.457892e+002 7.555643e+000
    endloop
  endfacet
  facet normal 1.780166e+000 0.000000e+000 0.000000e+000
    outer loop
      vertex   -2.557887e+002 2.461892e+002 1.590000e+001
      vertex   -2.557887e+002 2.457892e+002 7.555643e+000
      vertex   -2.557887e+002 2.472892e+002 7.555643e+000
    endloop
  endfacet
  facet normal 1.306956e+000 0.000000e+000 0.000000e+000
    outer loop
      vertex   -2.557887e+002 2.472892e+002 7.555643e+000
      vertex   -2.557887e+002 2.472892e+002 1.590000e+001
      vertex   -2.557887e+002 2.461892e+002 1.590000e+001
    endloop
  endfacet
  facet normal 0.000000e+000 0.000000e+000 1.000000e+001
    outer loop
      vertex   -2.557887e+002 2.457892e+002 7.555643e+000
      vertex   -2.429956e+002 2.457892e+002 7.555643e+000
      vertex   -2.557887e+002 2.472892e+002 7.555643e+000
    endloop
  endfacet
  facet normal 0.000000e+000 0.000000e+000 1.164540e+000
    outer loop
      vertex   -2.557887e+002 2.472892e+002 7.555643e+000
      vertex   -2.429956e+002 2.457892e+002 7.555643e+000
      vertex   -2.429956e+002 2.472892e+002 7.555643e+000
    endloop
  endfacet
  facet normal -5.773544e+000 -5.773434e+000 0.000000e+000
    outer loop
      vertex   -2.265805e+002 2.452892e+002 7.809722e+000
      vertex   -2.265805e+002 2.452892e+002 1.840000e+001
      vertex   -2.270805e+002 2.457892e+002 8.309723e+000
    endloop
  endfacet
  facet normal -4.943162e-001 -4.943067e-001 0.000000e+000
    outer loop
      vertex   -2.270805e+002 2.457892e+002 8.309723e+000
      vertex   -2.265805e+002 2.452892e+002 1.840000e+001
      vertex   -2.270805e+002 2.457892e+002 1.890000e+001
    endloop
  endfacet
  facet normal 0.000000e+000 -5.773457e+000 5.773470e+000
    outer loop
      vertex   -2.396562e+002 2.452892e+002 7.809722e+000
      vertex   -2.265805e+002 2.452892e+002 7.809722e+000
      vertex   -2.391562e+002 2.457892e+002 8.309723e+000
    endloop
  endfacet
  facet normal 0.000000e+000 -3.969638e-001 3.969648e-001
    outer loop
      vertex   -2.391562e+002 2.457892e+002 8.309723e+000
      vertex   -2.265805e+002 2.452892e+002 7.809722e+000
      vertex   -2.270805e+002 2.457892e+002 8.309723e+000
    endloop
  endfacet
  facet normal 5.773475e+000 -5.773585e+000 0.000000e+000
    outer loop
      vertex   -2.391562e+002 2.457892e+002 1.890000e+001
      vertex   -2.396562e+002 2.452892e+002 1.840000e+001
      vertex   -2.391562e+002 2.457892e+002 8.309723e+000
    endloop
  endfacet
  facet normal 6.044737e+000 -6.044852e+000 0.000000e+000
    outer loop
      vertex   -2.391562e+002 2.457892e+002 8.309723e+000
      vertex   -2.396562e+002 2.452892e+002 1.840000e+001
      vertex   -2.396562e+002 2.452892e+002 7.809722e+000
    endloop
  endfacet
  facet normal 0.000000e+000 0.000000e+000 1.000000e+001
    outer loop
      vertex   -2.391562e+002 2.457892e+002 8.309723e+000
      vertex   -2.270805e+002 2.457892e+002 8.309723e+000
      vertex   -2.391562e+002 2.472892e+002 8.309723e+000
    endloop
  endfacet
  facet normal 0.000000e+000 0.000000e+000 1.232688e+000
    outer loop
      vertex   -2.391562e+002 2.472892e+002 8.309723e+000
      vertex   -2.270805e+002 2.457892e+002 8.309723e+000
      vertex   -2.270805e+002 2.472892e+002 8.309723e+000
    endloop
  endfacet
  facet normal -9.896612e+000 0.000000e+000 0.000000e+000
    outer loop
      vertex   -2.270805e+002 2.472892e+002 8.309723e+000
      vertex   -2.270805e+002 2.457892e+002 8.309723e+000
      vertex   -2.270805e+002 2.461892e+002 1.590000e+001
    endloop
  endfacet
  facet normal -1.841448e+000 0.000000e+000 0.000000e+000
    outer loop
      vertex   -2.270805e+002 2.461892e+002 1.590000e+001
      vertex   -2.270805e+002 2.457892e+002 8.309723e+000
      vertex   -2.270805e+002 2.457892e+002 1.890000e+001
    endloop
  endfacet
  facet normal -1.321636e+000 0.000000e+000 0.000000e+000
    outer loop
      vertex   -2.270805e+002 2.461892e+002 1.590000e+001
      vertex   -2.270805e+002 2.457892e+002 1.890000e+001
      vertex   -2.270805e+002 2.461892e+002 1.890000e+001
    endloop
  endfacet
  facet normal -9.896612e+000 0.000000e+000 0.000000e+000
    outer loop
      vertex   -2.270805e+002 2.461892e+002 1.590000e+001
      vertex   -2.270805e+002 2.472892e+002 1.590000e+001
      vertex   -2.270805e+002 2.472892e+002 8.309723e+000
    endloop
  endfacet
  facet normal 2.009454e-006 -5.773520e+000 5.773549e+000
    outer loop
      vertex   -2.265805e+002 2.452892e+002 1.840000e+001
      vertex   -2.197302e+002 2.452892e+002 1.840000e+001
      vertex   -2.270805e+002 2.457892e+002 1.890000e+001
    endloop
  endfacet
  facet normal 0.000000e+000 -6.771286e-001 6.771286e-001
    outer loop
      vertex   -2.270805e+002 2.457892e+002 1.890000e+001
      vertex   -2.197302e+002 2.452892e+002 1.840000e+001
      vertex   -2.162471e+002 2.457892e+002 1.890000e+001
    endloop
  endfacet
  facet normal -4.743300e-006 -6.929700e+000 6.929733e+000
    outer loop
      vertex   -2.162471e+002 2.457892e+002 1.890000e+001
      vertex   -2.197302e+002 2.452892e+002 1.840000e+001
      vertex   -2.162471e+002 2.452892e+002 1.840000e+001
    endloop
  endfacet
  facet normal 1.000000e+001 0.000000e+000 0.000000e+000
    outer loop
      vertex   -2.391562e+002 2.461892e+002 1.890000e+001
      vertex   -2.391562e+002 2.457892e+002 1.890000e+001
      vertex   -2.391562e+002 2.461892e+002 1.590000e+001
    endloop
  endfacet
  facet normal 1.841448e+000 0.000000e+000 0.000000e+000
    outer loop
      vertex   -2.391562e+002 2.461892e+002 1.590000e+001
      vertex   -2.391562e+002 2.457892e+002 1.890000e+001
      vertex   -2.391562e+002 2.457892e+002 8.309723e+000
    endloop
  endfacet
  facet normal 1.953078e+000 0.000000e+000 0.000000e+000
    outer loop
      vertex   -2.391562e+002 2.461892e+002 1.590000e+001
      vertex   -2.391562e+002 2.457892e+002 8.309723e+000
      vertex   -2.391562e+002 2.472892e+002 8.309723e+000
    endloop
  endfacet
  facet normal 1.434247e+000 0.000000e+000 0.000000e+000
    outer loop
      vertex   -2.391562e+002 2.472892e+002 8.309723e+000
      vertex   -2.391562e+002 2.472892e+002 1.590000e+001
      vertex   -2.391562e+002 2.461892e+002 1.590000e+001
    endloop
  endfacet
  facet normal 0.000000e+000 0.000000e+000 1.000000e+001
    outer loop
      vertex   -2.391562e+002 2.472892e+002 1.590000e+001
      vertex   -2.429956e+002 2.472892e+002 1.590000e+001
      vertex   -2.391562e+002 2.461892e+002 1.590000e+001
    endloop
  endfacet
  facet normal 0.000000e+000 0.000000e+000 2.754225e+000
    outer loop
      vertex   -2.391562e+002 2.461892e+002 1.590000e+001
      vertex   -2.429956e+002 2.472892e+002 1.590000e+001
      vertex   -2.429956e+002 2.461892e+002 1.590000e+001
    endloop
  endfacet
  facet normal 0.000000e+000 0.000000e+000 1.000000e+001
    outer loop
      vertex   -2.555457e+002 2.867892e+002 1.590000e+001
      vertex   -2.801971e+002 2.867892e+002 1.590000e+001
      vertex   -2.555457e+002 2.856892e+002 1.590000e+001
    endloop
  endfacet
  facet normal 0.000000e+000 0.000000e+000 4.457815e-001
    outer loop
      vertex   -2.555457e+002 2.856892e+002 1.590000e+001
      vertex   -2.801971e+002 2.867892e+002 1.590000e+001
      vertex   -2.807470e+002 2.856892e+002 1.590000e+001
    endloop
  endfacet
  facet normal 0.000000e+000 0.000000e+000 1.397500e+000
    outer loop
      vertex   -2.807470e+002 2.856892e+002 1.590000e+001
      vertex   -2.801971e+002 2.867892e+002 1.590000e+001
      vertex   -2.803818e+002 2.867789e+002 1.590000e+001
    endloop
  endfacet
  facet normal 0.000000e+000 0.000000e+000 1.518200e+000
    outer loop
      vertex   -2.807470e+002 2.856892e+002 1.590000e+001
      vertex   -2.803818e+002 2.867789e+002 1.590000e+001
      vertex   -2.805642e+002 2.867479e+002 1.590000e+001
    endloop
  endfacet
  facet normal 0.000000e+000 0.000000e+000 8.998078e+000
    outer loop
      vertex   -2.805642e+002 2.867479e+002 1.590000e+001
      vertex   -2.807420e+002 2.866967e+002 1.590000e+001
      vertex   -2.807470e+002 2.856892e+002 1.590000e+001
    endloop
  endfacet
  facet normal 0.000000e+000 0.000000e+000 1.793545e+000
    outer loop
      vertex   -2.807470e+002 2.856892e+002 1.590000e+001
      vertex   -2.807420e+002 2.866967e+002 1.590000e+001
      vertex   -2.809130e+002 2.866259e+002 1.590000e+001
    endloop
  endfacet
  facet normal 0.000000e+000 0.000000e+000 1.927557e+000
    outer loop
      vertex   -2.807470e+002 2.856892e+002 1.590000e+001
      vertex   -2.809130e+002 2.866259e+002 1.590000e+001
      vertex   -2.810749e+002 2.865363e+002 1.590000e+001
    endloop
  endfacet
  facet normal 0.000000e+000 0.000000e+000 9.694098e+000
    outer loop
      vertex   -2.810749e+002 2.865363e+002 1.590000e+001
      vertex   -2.812258e+002 2.864293e+002 1.590000e+001
      vertex   -2.807470e+002 2.856892e+002 1.590000e+001
    endloop
  endfacet
  facet normal 0.000000e+000 0.000000e+000 2.096004e+000
    outer loop
      vertex   -2.807470e+002 2.856892e+002 1.590000e+001
      vertex   -2.812258e+002 2.864293e+002 1.590000e+001
      vertex   -2.813638e+002 2.863060e+002 1.590000e+001
    endloop
  endfacet
  facet normal 0.000000e+000 0.000000e+000 2.095910e+000
    outer loop
      vertex   -2.807470e+002 2.856892e+002 1.590000e+001
      vertex   -2.813638e+002 2.863060e+002 1.590000e+001
      vertex   -2.814871e+002 2.861680e+002 1.590000e+001
    endloop
  endfacet
  facet normal 0.000000e+000 0.000000e+000 9.990791e+000
    outer loop
      vertex   -2.814871e+002 2.861680e+002 1.590000e+001
      vertex   -2.815941e+002 2.860171e+002 1.590000e+001
      vertex   -2.807470e+002 2.856892e+002 1.590000e+001
    endloop
  endfacet
  facet normal 0.000000e+000 0.000000e+000 1.927480e+000
    outer loop
      vertex   -2.807470e+002 2.856892e+002 1.590000e+001
      vertex   -2.815941e+002 2.860171e+002 1.590000e+001
      vertex   -2.816837e+002 2.858551e+002 1.590000e+001
    endloop
  endfacet
  facet normal 0.000000e+000 0.000000e+000 1.793334e+000
    outer loop
      vertex   -2.807470e+002 2.856892e+002 1.590000e+001
      vertex   -2.816837e+002 2.858551e+002 1.590000e+001
      vertex   -2.817545e+002 2.856842e+002 1.590000e+001
    endloop
  endfacet
  facet normal 0.000000e+000 0.000000e+000 9.594971e+000
    outer loop
      vertex   -2.817545e+002 2.856842e+002 1.590000e+001
      vertex   -2.818057e+002 2.855064e+002 1.590000e+001
      vertex   -2.807470e+002 2.856892e+002 1.590000e+001
    endloop
  endfacet
  facet normal 0.000000e+000 0.000000e+000 1.518299e+000
    outer loop
      vertex   -2.807470e+002 2.856892e+002 1.590000e+001
      vertex   -2.818057e+002 2.855064e+002 1.590000e+001
      vertex   -2.818367e+002 2.853240e+002 1.590000e+001
    endloop
  endfacet
  facet normal 0.000000e+000 0.000000e+000 1.397344e+000
    outer loop
      vertex   -2.807470e+002 2.856892e+002 1.590000e+001
      vertex   -2.818367e+002 2.853240e+002 1.590000e+001
      vertex   -2.818470e+002 2.851393e+002 1.590000e+001
    endloop
  endfacet
  facet normal 0.000000e+000 0.000000e+000 8.944334e+000
    outer loop
      vertex   -2.818470e+002 2.851393e+002 1.590000e+001
      vertex   -2.818470e+002 2.739892e+002 1.590000e+001
      vertex   -2.807470e+002 2.856892e+002 1.590000e+001
    endloop
  endfacet
  facet normal 0.000000e+000 0.000000e+000 5.254240e-001
    outer loop
      vertex   -2.807470e+002 2.856892e+002 1.590000e+001
      vertex   -2.818470e+002 2.739892e+002 1.590000e+001
      vertex   -2.818470e+002 2.589892e+002 1.590000e+001
    endloop
  endfacet
  facet normal 0.000000e+000 0.000000e+000 4.116381e-001
    outer loop
      vertex   -2.807470e+002 2.856892e+002 1.590000e+001
      vertex   -2.818470e+002 2.589892e+002 1.590000e+001
      vertex   -2.807470e+002 2.472892e+002 1.590000e+001
    endloop
  endfacet
  facet normal 0.000000e+000 0.000000e+000 8.486387e+000
    outer loop
      vertex   -2.807470e+002 2.472892e+002 1.590000e+001
      vertex   -2.818470e+002 2.589892e+002 1.590000e+001
      vertex   -2.818470e+002 2.478392e+002 1.590000e+001
    endloop
  endfacet
  facet normal 0.000000e+000 0.000000e+000 1.397482e+000
    outer loop
      vertex   -2.807470e+002 2.472892e+002 1.590000e+001
      vertex   -2.818470e+002 2.478392e+002 1.590000e+001
      vertex   -2.818367e+002 2.476545e+002 1.590000e+001
    endloop
  endfacet
  facet normal 0.000000e+000 0.000000e+000 1.000000e+001
    outer loop
      vertex   -2.818470e+002 2.739892e+002 1.590000e+001
      vertex   -2.821721e+002 2.739892e+002 1.590000e+001
      vertex   -2.818470e+002 2.589892e+002 1.590000e+001
    endloop
  endfacet
  facet normal 0.000000e+000 0.000000e+000 9.997653e+000
    outer loop
      vertex   -2.818470e+002 2.589892e+002 1.590000e+001
      vertex   -2.821721e+002 2.739892e+002 1.590000e+001
      vertex   -2.821721e+002 2.589892e+002 1.590000e+001
    endloop
  endfacet
  facet normal 0.000000e+000 0.000000e+000 8.815600e+000
    outer loop
      vertex   -2.818367e+002 2.476545e+002 1.590000e+001
      vertex   -2.818057e+002 2.474721e+002 1.590000e+001
      vertex   -2.807470e+002 2.472892e+002 1.590000e+001
    endloop
  endfacet
  facet normal 0.000000e+000 0.000000e+000 1.652612e+000
    outer loop
      vertex   -2.807470e+002 2.472892e+002 1.590000e+001
      vertex   -2.818057e+002 2.474721e+002 1.590000e+001
      vertex   -2.817545e+002 2.472943e+002 1.590000e+001
    endloop
  endfacet
  facet normal 0.000000e+000 0.000000e+000 1.793431e+000
    outer loop
      vertex   -2.807470e+002 2.472892e+002 1.590000e+001
      vertex   -2.817545e+002 2.472943e+002 1.590000e+001
      vertex   -2.816837e+002 2.471233e+002 1.590000e+001
    endloop
  endfacet
  facet normal 0.000000e+000 0.000000e+000 9.461798e+000
    outer loop
      vertex   -2.816837e+002 2.471233e+002 1.590000e+001
      vertex   -2.815941e+002 2.469614e+002 1.590000e+001
      vertex   -2.807470e+002 2.472892e+002 1.590000e+001
    endloop
  endfacet
  facet normal 0.000000e+000 0.000000e+000 2.035293e+000
    outer loop
      vertex   -2.807470e+002 2.472892e+002 1.590000e+001
      vertex   -2.815941e+002 2.469614e+002 1.590000e+001
      vertex   -2.814871e+002 2.468105e+002 1.590000e+001
    endloop
  endfacet
  facet normal 0.000000e+000 0.000000e+000 2.095986e+000
    outer loop
      vertex   -2.807470e+002 2.472892e+002 1.590000e+001
      vertex   -2.814871e+002 2.468105e+002 1.590000e+001
      vertex   -2.813638e+002 2.466725e+002 1.590000e+001
    endloop
  endfacet
  facet normal 0.000000e+000 0.000000e+000 9.984257e+000
    outer loop
      vertex   -2.813638e+002 2.466725e+002 1.590000e+001
      vertex   -2.812258e+002 2.465492e+002 1.590000e+001
      vertex   -2.807470e+002 2.472892e+002 1.590000e+001
    endloop
  endfacet
  facet normal 0.000000e+000 0.000000e+000 2.034932e+000
    outer loop
      vertex   -2.807470e+002 2.472892e+002 1.590000e+001
      vertex   -2.812258e+002 2.465492e+002 1.590000e+001
      vertex   -2.810749e+002 2.464422e+002 1.590000e+001
    endloop
  endfacet
  facet normal 0.000000e+000 0.000000e+000 1.927632e+000
    outer loop
      vertex   -2.807470e+002 2.472892e+002 1.590000e+001
      vertex   -2.810749e+002 2.464422e+002 1.590000e+001
      vertex   -2.809130e+002 2.463526e+002 1.590000e+001
    endloop
  endfacet
  facet normal 0.000000e+000 0.000000e+000 9.764604e+000
    outer loop
      vertex   -2.809130e+002 2.463526e+002 1.590000e+001
      vertex   -2.807420e+002 2.462818e+002 1.590000e+001
      vertex   -2.807470e+002 2.472892e+002 1.590000e+001
    endloop
  endfacet
  facet normal 0.000000e+000 0.000000e+000 1.652541e+000
    outer loop
      vertex   -2.807470e+002 2.472892e+002 1.590000e+001
      vertex   -2.807420e+002 2.462818e+002 1.590000e+001
      vertex   -2.805642e+002 2.462306e+002 1.590000e+001
    endloop
  endfacet
  facet normal 0.000000e+000 0.000000e+000 1.518215e+000
    outer loop
      vertex   -2.807470e+002 2.472892e+002 1.590000e+001
      vertex   -2.805642e+002 2.462306e+002 1.590000e+001
      vertex   -2.803818e+002 2.461996e+002 1.590000e+001
    endloop
  endfacet
  facet normal 0.000000e+000 0.000000e+000 9.288391e+000
    outer loop
      vertex   -2.803818e+002 2.461996e+002 1.590000e+001
      vertex   -2.801971e+002 2.461892e+002 1.590000e+001
      vertex   -2.807470e+002 2.472892e+002 1.590000e+001
    endloop
  endfacet
  facet normal 0.000000e+000 0.000000e+000 8.944334e+000
    outer loop
      vertex   -2.807470e+002 2.472892e+002 1.590000e+001
      vertex   -2.801971e+002 2.461892e+002 1.590000e+001
      vertex   -2.557887e+002 2.472892e+002 1.590000e+001
    endloop
  endfacet
  facet normal 0.000000e+000 0.000000e+000 9.989861e+000
    outer loop
      vertex   -2.557887e+002 2.472892e+002 1.590000e+001
      vertex   -2.801971e+002 2.461892e+002 1.590000e+001
      vertex   -2.557887e+002 2.461892e+002 1.590000e+001
    endloop
  endfacet
  facet normal 0.000000e+000 -8.599524e+000 0.000000e+000
    outer loop
      vertex   -2.562887e+002 2.452892e+002 1.840000e+001
      vertex   -2.754970e+002 2.452892e+002 7.000000e+000
      vertex   -2.562887e+002 2.452892e+002 7.055643e+000
    endloop
  endfacet
  facet normal 0.000000e+000 -1.123320e-001 0.000000e+000
    outer loop
      vertex   -2.562887e+002 2.452892e+002 7.055643e+000
      vertex   -2.754970e+002 2.452892e+002 7.000000e+000
      vertex   -2.754893e+002 2.452892e+002 6.784315e+000
    endloop
  endfacet
  facet normal 0.000000e+000 -1.123110e-001 0.000000e+000
    outer loop
      vertex   -2.562887e+002 2.452892e+002 7.055643e+000
      vertex   -2.754893e+002 2.452892e+002 6.784315e+000
      vertex   -2.754663e+002 2.452892e+002 6.569164e+000
    endloop
  endfacet
  facet normal 0.000000e+000 -5.103744e+000 0.000000e+000
    outer loop
      vertex   -2.562887e+002 2.452892e+002 1.840000e+001
      vertex   -2.817470e+002 2.452892e+002 1.840000e+001
      vertex   -2.754970e+002 2.452892e+002 7.000000e+000
    endloop
  endfacet
  facet normal 0.000000e+000 -8.768647e+000 0.000000e+000
    outer loop
      vertex   -2.754970e+002 2.452892e+002 7.000000e+000
      vertex   -2.817470e+002 2.452892e+002 1.840000e+001
      vertex   -2.794970e+002 2.452892e+002 7.000000e+000
    endloop
  endfacet
  facet normal 0.000000e+000 -4.487936e+000 0.000000e+000
    outer loop
      vertex   -2.794970e+002 2.452892e+002 7.000000e+000
      vertex   -2.817470e+002 2.452892e+002 1.840000e+001
      vertex   -2.799970e+002 2.452892e+002 5.197224e+000
    endloop
  endfacet
  facet normal 0.000000e+000 -3.133439e-001 0.000000e+000
    outer loop
      vertex   -2.794970e+002 2.452892e+002 7.000000e+000
      vertex   -2.799970e+002 2.452892e+002 5.197224e+000
      vertex   -2.798765e+002 2.452892e+002 5.444203e+000
    endloop
  endfacet
  facet normal 0.000000e+000 -1.313988e+000 0.000000e+000
    outer loop
      vertex   -2.817470e+002 2.452892e+002 1.840000e+001
      vertex   -2.817470e+002 2.452892e+002 5.000000e-001
      vertex   -2.799970e+002 2.452892e+002 5.197224e+000
    endloop
  endfacet
  facet normal 0.000000e+000 -3.491188e+000 0.000000e+000
    outer loop
      vertex   -2.799970e+002 2.452892e+002 5.197224e+000
      vertex   -2.817470e+002 2.452892e+002 5.000000e-001
      vertex   -2.799970e+002 2.452892e+002 5.000000e-001
    endloop
  endfacet
  facet normal 0.000000e+000 -1.676651e+000 0.000000e+000
    outer loop
      vertex   -2.798765e+002 2.452892e+002 5.444203e+000
      vertex   -2.797740e+002 2.452892e+002 5.681371e+000
      vertex   -2.794970e+002 2.452892e+002 7.000000e+000
    endloop
  endfacet
  facet normal 0.000000e+000 -3.289786e-001 0.000000e+000
    outer loop
      vertex   -2.794970e+002 2.452892e+002 7.000000e+000
      vertex   -2.797740e+002 2.452892e+002 5.681371e+000
      vertex   -2.796887e+002 2.452892e+002 5.910692e+000
    endloop
  endfacet
  facet normal 0.000000e+000 -3.363099e-001 0.000000e+000
    outer loop
      vertex   -2.794970e+002 2.452892e+002 7.000000e+000
      vertex   -2.796887e+002 2.452892e+002 5.910692e+000
      vertex   -2.796195e+002 2.452892e+002 6.133975e+000
    endloop
  endfacet
  facet normal 0.000000e+000 -9.898111e-001 0.000000e+000
    outer loop
      vertex   -2.796195e+002 2.452892e+002 6.133975e+000
      vertex   -2.795660e+002 2.452892e+002 6.352921e+000
      vertex   -2.794970e+002 2.452892e+002 7.000000e+000
    endloop
  endfacet
  facet normal 0.000000e+000 -3.486788e-001 0.000000e+000
    outer loop
      vertex   -2.794970e+002 2.452892e+002 7.000000e+000
      vertex   -2.795660e+002 2.452892e+002 6.352921e+000
      vertex   -2.795278e+002 2.452892e+002 6.569164e+000
    endloop
  endfacet
  facet normal 0.000000e+000 -3.541443e-001 0.000000e+000
    outer loop
      vertex   -2.794970e+002 2.452892e+002 7.000000e+000
      vertex   -2.795278e+002 2.452892e+002 6.569164e+000
      vertex   -2.795048e+002 2.452892e+002 6.784315e+000
    endloop
  endfacet
  facet normal 0.000000e+000 -9.888448e+000 0.000000e+000
    outer loop
      vertex   -2.754663e+002 2.452892e+002 6.569164e+000
      vertex   -2.754281e+002 2.452892e+002 6.352921e+000
      vertex   -2.562887e+002 2.452892e+002 7.055643e+000
    endloop
  endfacet
  facet normal 0.000000e+000 -1.155334e-001 0.000000e+000
    outer loop
      vertex   -2.562887e+002 2.452892e+002 7.055643e+000
      vertex   -2.754281e+002 2.452892e+002 6.352921e+000
      vertex   -2.753745e+002 2.452892e+002 6.133975e+000
    endloop
  endfacet
  facet normal 0.000000e+000 -1.188154e-001 0.000000e+000
    outer loop
      vertex   -2.562887e+002 2.452892e+002 7.055643e+000
      vertex   -2.753745e+002 2.452892e+002 6.133975e+000
      vertex   -2.753054e+002 2.452892e+002 5.910692e+000
    endloop
  endfacet
  facet normal 0.000000e+000 -9.564153e+000 0.000000e+000
    outer loop
      vertex   -2.753054e+002 2.452892e+002 5.910692e+000
      vertex   -2.752200e+002 2.452892e+002 5.681371e+000
      vertex   -2.562887e+002 2.452892e+002 7.055643e+000
    endloop
  endfacet
  facet normal 0.000000e+000 -1.290947e-001 0.000000e+000
    outer loop
      vertex   -2.562887e+002 2.452892e+002 7.055643e+000
      vertex   -2.752200e+002 2.452892e+002 5.681371e+000
      vertex   -2.751176e+002 2.452892e+002 5.444203e+000
    endloop
  endfacet
  facet normal 0.000000e+000 -1.363593e-001 0.000000e+000
    outer loop
      vertex   -2.562887e+002 2.452892e+002 7.055643e+000
      vertex   -2.751176e+002 2.452892e+002 5.444203e+000
      vertex   -2.749970e+002 2.452892e+002 5.197224e+000
    endloop
  endfacet
  facet normal 0.000000e+000 -9.951023e+000 0.000000e+000
    outer loop
      vertex   -2.749970e+002 2.452892e+002 5.197224e+000
      vertex   -2.749970e+002 2.452892e+002 5.000000e-001
      vertex   -2.562887e+002 2.452892e+002 7.055643e+000
    endloop
  endfacet
  facet normal 0.000000e+000 -3.306972e+000 0.000000e+000
    outer loop
      vertex   -2.562887e+002 2.452892e+002 7.055643e+000
      vertex   -2.749970e+002 2.452892e+002 5.000000e-001
      vertex   -2.424956e+002 2.452892e+002 7.055643e+000
    endloop
  endfacet
  facet normal 0.000000e+000 -4.998031e+000 0.000000e+000
    outer loop
      vertex   -2.424956e+002 2.452892e+002 7.055643e+000
      vertex   -2.749970e+002 2.452892e+002 5.000000e-001
      vertex   -2.229971e+002 2.452892e+002 5.000000e-001
    endloop
  endfacet
  facet normal 0.000000e+000 -5.513019e+000 0.000000e+000
    outer loop
      vertex   -2.424956e+002 2.452892e+002 7.055643e+000
      vertex   -2.229971e+002 2.452892e+002 5.000000e-001
      vertex   -2.396562e+002 2.452892e+002 7.809722e+000
    endloop
  endfacet
  facet normal 0.000000e+000 -2.550807e+000 0.000000e+000
    outer loop
      vertex   -2.396562e+002 2.452892e+002 7.809722e+000
      vertex   -2.229971e+002 2.452892e+002 5.000000e-001
      vertex   -2.229971e+002 2.452892e+002 5.197224e+000
    endloop
  endfacet
  facet normal 0.000000e+000 -1.549268e+000 0.000000e+000
    outer loop
      vertex   -2.396562e+002 2.452892e+002 7.809722e+000
      vertex   -2.229971e+002 2.452892e+002 5.197224e+000
      vertex   -2.265805e+002 2.452892e+002 7.809722e+000
    endloop
  endfacet
  facet normal 0.000000e+000 -6.157320e-001 0.000000e+000
    outer loop
      vertex   -2.265805e+002 2.452892e+002 7.809722e+000
      vertex   -2.229971e+002 2.452892e+002 5.197224e+000
      vertex   -2.228765e+002 2.452892e+002 5.444203e+000
    endloop
  endfacet
  facet normal 0.000000e+000 -5.847280e-001 0.000000e+000
    outer loop
      vertex   -2.265805e+002 2.452892e+002 7.809722e+000
      vertex   -2.228765e+002 2.452892e+002 5.444203e+000
      vertex   -2.227741e+002 2.452892e+002 5.681371e+000
    endloop
  endfacet
  facet normal 0.000000e+000 -9.882493e+000 0.000000e+000
    outer loop
      vertex   -2.227741e+002 2.452892e+002 5.681371e+000
      vertex   -2.226887e+002 2.452892e+002 5.910692e+000
      vertex   -2.265805e+002 2.452892e+002 7.809722e+000
    endloop
  endfacet
  facet normal 0.000000e+000 -5.370815e-001 0.000000e+000
    outer loop
      vertex   -2.265805e+002 2.452892e+002 7.809722e+000
      vertex   -2.226887e+002 2.452892e+002 5.910692e+000
      vertex   -2.226196e+002 2.452892e+002 6.133975e+000
    endloop
  endfacet
  facet normal 0.000000e+000 -5.209948e-001 0.000000e+000
    outer loop
      vertex   -2.265805e+002 2.452892e+002 7.809722e+000
      vertex   -2.226196e+002 2.452892e+002 6.133975e+000
      vertex   -2.225660e+002 2.452892e+002 6.352921e+000
    endloop
  endfacet
  facet normal 0.000000e+000 -9.850306e+000 0.000000e+000
    outer loop
      vertex   -2.225660e+002 2.452892e+002 6.352921e+000
      vertex   -2.225278e+002 2.452892e+002 6.569164e+000
      vertex   -2.265805e+002 2.452892e+002 7.809722e+000
    endloop
  endfacet
  facet normal 0.000000e+000 -5.055613e-001 0.000000e+000
    outer loop
      vertex   -2.265805e+002 2.452892e+002 7.809722e+000
      vertex   -2.225278e+002 2.452892e+002 6.569164e+000
      vertex   -2.225048e+002 2.452892e+002 6.784315e+000
    endloop
  endfacet
  facet normal 0.000000e+000 -5.069795e-001 0.000000e+000
    outer loop
      vertex   -2.265805e+002 2.452892e+002 7.809722e+000
      vertex   -2.225048e+002 2.452892e+002 6.784315e+000
      vertex   -2.224971e+002 2.452892e+002 7.000000e+000
    endloop
  endfacet
  facet normal 0.000000e+000 -9.292589e+000 0.000000e+000
    outer loop
      vertex   -2.265805e+002 2.452892e+002 7.809722e+000
      vertex   -2.224971e+002 2.452892e+002 7.000000e+000
      vertex   -2.197302e+002 2.452892e+002 1.840000e+001
    endloop
  endfacet
  facet normal 0.000000e+000 -3.390019e+000 0.000000e+000
    outer loop
      vertex   -2.197302e+002 2.452892e+002 1.840000e+001
      vertex   -2.224971e+002 2.452892e+002 7.000000e+000
      vertex   -2.184970e+002 2.452892e+002 7.000000e+000
    endloop
  endfacet
  facet normal 0.000000e+000 -9.941999e+000 0.000000e+000
    outer loop
      vertex   -2.197302e+002 2.452892e+002 1.840000e+001
      vertex   -2.184970e+002 2.452892e+002 7.000000e+000
      vertex   -2.162471e+002 2.452892e+002 1.840000e+001
    endloop
  endfacet
  facet normal 0.000000e+000 -6.304163e-001 0.000000e+000
    outer loop
      vertex   -2.162471e+002 2.452892e+002 1.840000e+001
      vertex   -2.184970e+002 2.452892e+002 7.000000e+000
      vertex   -2.179971e+002 2.452892e+002 5.197224e+000
    endloop
  endfacet
  facet normal 0.000000e+000 -1.313981e+000 0.000000e+000
    outer loop
      vertex   -2.162471e+002 2.452892e+002 1.840000e+001
      vertex   -2.179971e+002 2.452892e+002 5.197224e+000
      vertex   -2.162471e+002 2.452892e+002 5.000000e-001
    endloop
  endfacet
  facet normal 0.000000e+000 -9.370790e+000 0.000000e+000
    outer loop
      vertex   -2.162471e+002 2.452892e+002 5.000000e-001
      vertex   -2.179971e+002 2.452892e+002 5.197224e+000
      vertex   -2.179971e+002 2.452892e+002 5.000000e-001
    endloop
  endfacet
  facet normal 0.000000e+000 -7.065009e-001 0.000000e+000
    outer loop
      vertex   -2.184893e+002 2.452892e+002 6.784315e+000
      vertex   -2.184663e+002 2.452892e+002 6.569164e+000
      vertex   -2.184970e+002 2.452892e+002 7.000000e+000
    endloop
  endfacet
  facet normal 0.000000e+000 -3.491935e-001 0.000000e+000
    outer loop
      vertex   -2.184970e+002 2.452892e+002 7.000000e+000
      vertex   -2.184663e+002 2.452892e+002 6.569164e+000
      vertex   -2.184281e+002 2.452892e+002 6.352921e+000
    endloop
  endfacet
  facet normal 0.000000e+000 -3.428607e-001 0.000000e+000
    outer loop
      vertex   -2.184970e+002 2.452892e+002 7.000000e+000
      vertex   -2.184281e+002 2.452892e+002 6.352921e+000
      vertex   -2.183746e+002 2.452892e+002 6.133975e+000
    endloop
  endfacet
  facet normal 0.000000e+000 -1.591841e+000 0.000000e+000
    outer loop
      vertex   -2.183746e+002 2.452892e+002 6.133975e+000
      vertex   -2.183054e+002 2.452892e+002 5.910692e+000
      vertex   -2.184970e+002 2.452892e+002 7.000000e+000
    endloop
  endfacet
  facet normal 0.000000e+000 -3.289786e-001 0.000000e+000
    outer loop
      vertex   -2.184970e+002 2.452892e+002 7.000000e+000
      vertex   -2.183054e+002 2.452892e+002 5.910692e+000
      vertex   -2.182200e+002 2.452892e+002 5.681371e+000
    endloop
  endfacet
  facet normal 0.000000e+000 -3.213493e-001 0.000000e+000
    outer loop
      vertex   -2.184970e+002 2.452892e+002 7.000000e+000
      vertex   -2.182200e+002 2.452892e+002 5.681371e+000
      vertex   -2.181176e+002 2.452892e+002 5.444203e+000
    endloop
  endfacet
  facet normal 0.000000e+000 -2.133346e+000 0.000000e+000
    outer loop
      vertex   -2.181176e+002 2.452892e+002 5.444203e+000
      vertex   -2.179971e+002 2.452892e+002 5.197224e+000
      vertex   -2.184970e+002 2.452892e+002 7.000000e+000
    endloop
  endfacet
  facet normal 0.000000e+000 -8.396538e+000 0.000000e+000
    outer loop
      vertex   -2.197302e+002 2.452892e+002 1.840000e+001
      vertex   -2.265805e+002 2.452892e+002 1.840000e+001
      vertex   -2.265805e+002 2.452892e+002 7.809722e+000
    endloop
  endfacet
  facet normal -0.000000e+000 -1.000000e+001 -0.000000e+000
    outer loop
      vertex   -2.396562e+002 2.452892e+002 1.840000e+001
      vertex   -2.424956e+002 2.452892e+002 1.840000e+001
      vertex   -2.396562e+002 2.452892e+002 7.809722e+000
    endloop
  endfacet
  facet normal 0.000000e+000 -9.999972e+000 0.000000e+000
    outer loop
      vertex   -2.396562e+002 2.452892e+002 7.809722e+000
      vertex   -2.424956e+002 2.452892e+002 1.840000e+001
      vertex   -2.424956e+002 2.452892e+002 7.055643e+000
    endloop
  endfacet
  facet normal 0.000000e+000 1.000000e+001 0.000000e+000
    outer loop
      vertex   -2.391562e+002 2.461892e+002 1.890000e+001
      vertex   -2.391562e+002 2.461892e+002 1.590000e+001
      vertex   -2.429956e+002 2.461892e+002 1.890000e+001
    endloop
  endfacet
  facet normal 0.000000e+000 7.879790e+000 0.000000e+000
    outer loop
      vertex   -2.429956e+002 2.461892e+002 1.890000e+001
      vertex   -2.391562e+002 2.461892e+002 1.590000e+001
      vertex   -2.429956e+002 2.461892e+002 1.590000e+001
    endloop
  endfacet
  facet normal 0.000000e+000 1.000000e+001 0.000000e+000
    outer loop
      vertex   -2.270805e+002 2.461892e+002 1.590000e+001
      vertex   -2.270805e+002 2.461892e+002 1.890000e+001
      vertex   -2.177970e+002 2.461892e+002 1.590000e+001
    endloop
  endfacet
  facet normal 0.000000e+000 9.515482e+000 0.000000e+000
    outer loop
      vertex   -2.177970e+002 2.461892e+002 1.590000e+001
      vertex   -2.270805e+002 2.461892e+002 1.890000e+001
      vertex   -2.177970e+002 2.461892e+002 1.890000e+001
    endloop
  endfacet
  facet normal 0.000000e+000 0.000000e+000 1.000000e+001
    outer loop
      vertex   -2.391562e+002 2.461892e+002 1.890000e+001
      vertex   -2.429956e+002 2.461892e+002 1.890000e+001
      vertex   -2.391562e+002 2.457892e+002 1.890000e+001
    endloop
  endfacet
  facet normal 0.000000e+000 0.000000e+000 1.036216e+000
    outer loop
      vertex   -2.391562e+002 2.457892e+002 1.890000e+001
      vertex   -2.429956e+002 2.461892e+002 1.890000e+001
      vertex   -2.429956e+002 2.457892e+002 1.890000e+001
    endloop
  endfacet
  facet normal 0.000000e+000 -5.773448e+000 5.773475e+000
    outer loop
      vertex   -2.424956e+002 2.452892e+002 1.840000e+001
      vertex   -2.396562e+002 2.452892e+002 1.840000e+001
      vertex   -2.429956e+002 2.457892e+002 1.890000e+001
    endloop
  endfacet
  facet normal 0.000000e+000 -1.464793e+000 1.464800e+000
    outer loop
      vertex   -2.429956e+002 2.457892e+002 1.890000e+001
      vertex   -2.396562e+002 2.452892e+002 1.840000e+001
      vertex   -2.391562e+002 2.457892e+002 1.890000e+001
    endloop
  endfacet
  facet normal -9.914226e+000 0.000000e+000 0.000000e+000
    outer loop
      vertex   -2.429956e+002 2.472892e+002 7.555643e+000
      vertex   -2.429956e+002 2.457892e+002 7.555643e+000
      vertex   -2.429956e+002 2.461892e+002 1.590000e+001
    endloop
  endfacet
  facet normal -1.794736e+000 0.000000e+000 0.000000e+000
    outer loop
      vertex   -2.429956e+002 2.461892e+002 1.590000e+001
      vertex   -2.429956e+002 2.457892e+002 7.555643e+000
      vertex   -2.429956e+002 2.457892e+002 1.890000e+001
    endloop
  endfacet
  facet normal -1.321636e+000 0.000000e+000 0.000000e+000
    outer loop
      vertex   -2.429956e+002 2.461892e+002 1.590000e+001
      vertex   -2.429956e+002 2.457892e+002 1.890000e+001
      vertex   -2.429956e+002 2.461892e+002 1.890000e+001
    endloop
  endfacet
  facet normal -9.914226e+000 0.000000e+000 0.000000e+000
    outer loop
      vertex   -2.429956e+002 2.461892e+002 1.590000e+001
      vertex   -2.429956e+002 2.472892e+002 1.590000e+001
      vertex   -2.429956e+002 2.472892e+002 7.555643e+000
    endloop
  endfacet
  facet normal 0.000000e+000 1.000000e+001 0.000000e+000
    outer loop
      vertex   -2.270805e+002 2.472892e+002 1.590000e+001
      vertex   -2.172470e+002 2.472892e+002 1.590000e+001
      vertex   -2.270805e+002 2.472892e+002 8.309723e+000
    endloop
  endfacet
  facet normal 0.000000e+000 9.509017e+000 0.000000e+000
    outer loop
      vertex   -2.270805e+002 2.472892e+002 8.309723e+000
      vertex   -2.172470e+002 2.472892e+002 1.590000e+001
      vertex   -2.172470e+002 2.472892e+002 1.600000e+000
    endloop
  endfacet
  facet normal 0.000000e+000 5.636306e+000 0.000000e+000
    outer loop
      vertex   -2.270805e+002 2.472892e+002 8.309723e+000
      vertex   -2.172470e+002 2.472892e+002 1.600000e+000
      vertex   -2.391562e+002 2.472892e+002 8.309723e+000
    endloop
  endfacet
  facet normal 0.000000e+000 7.805879e+000 0.000000e+000
    outer loop
      vertex   -2.391562e+002 2.472892e+002 8.309723e+000
      vertex   -2.172470e+002 2.472892e+002 1.600000e+000
      vertex   -2.489971e+002 2.472892e+002 1.600000e+000
    endloop
  endfacet
  facet normal 0.000000e+000 3.935474e+000 0.000000e+000
    outer loop
      vertex   -2.391562e+002 2.472892e+002 8.309723e+000
      vertex   -2.489971e+002 2.472892e+002 1.600000e+000
      vertex   -2.429956e+002 2.472892e+002 7.555643e+000
    endloop
  endfacet
  facet normal 0.000000e+000 7.043948e+000 0.000000e+000
    outer loop
      vertex   -2.429956e+002 2.472892e+002 7.555643e+000
      vertex   -2.489971e+002 2.472892e+002 1.600000e+000
      vertex   -2.557887e+002 2.472892e+002 7.555643e+000
    endloop
  endfacet
  facet normal 0.000000e+000 8.158247e+000 0.000000e+000
    outer loop
      vertex   -2.557887e+002 2.472892e+002 7.555643e+000
      vertex   -2.489971e+002 2.472892e+002 1.600000e+000
      vertex   -2.807470e+002 2.472892e+002 1.600000e+000
    endloop
  endfacet
  facet normal 0.000000e+000 5.285496e+000 0.000000e+000
    outer loop
      vertex   -2.557887e+002 2.472892e+002 7.555643e+000
      vertex   -2.807470e+002 2.472892e+002 1.600000e+000
      vertex   -2.807470e+002 2.472892e+002 1.590000e+001
    endloop
  endfacet
  facet normal 0.000000e+000 3.170793e+000 0.000000e+000
    outer loop
      vertex   -2.807470e+002 2.472892e+002 1.590000e+001
      vertex   -2.557887e+002 2.472892e+002 1.590000e+001
      vertex   -2.557887e+002 2.472892e+002 7.555643e+000
    endloop
  endfacet
  facet normal 0.000000e+000 9.812532e+000 0.000000e+000
    outer loop
      vertex   -2.429956e+002 2.472892e+002 7.555643e+000
      vertex   -2.429956e+002 2.472892e+002 1.590000e+001
      vertex   -2.391562e+002 2.472892e+002 8.309723e+000
    endloop
  endfacet
  facet normal 0.000000e+000 4.513731e+000 0.000000e+000
    outer loop
      vertex   -2.391562e+002 2.472892e+002 8.309723e+000
      vertex   -2.429956e+002 2.472892e+002 1.590000e+001
      vertex   -2.391562e+002 2.472892e+002 1.590000e+001
    endloop
  endfacet
  facet normal 0.000000e+000 1.000000e+001 0.000000e+000
    outer loop
      vertex   -2.557887e+002 2.461892e+002 1.890000e+001
      vertex   -2.557887e+002 2.461892e+002 1.590000e+001
      vertex   -2.801971e+002 2.461892e+002 1.890000e+001
    endloop
  endfacet
  facet normal 0.000000e+000 9.925312e+000 0.000000e+000
    outer loop
      vertex   -2.801971e+002 2.461892e+002 1.890000e+001
      vertex   -2.557887e+002 2.461892e+002 1.590000e+001
      vertex   -2.801971e+002 2.461892e+002 1.590000e+001
    endloop
  endfacet
  facet normal 4.128208e-001 3.584974e-001 1.482171e-002
    outer loop
      vertex   -2.184970e+002 2.876892e+002 7.000000e+000
      vertex   -2.184893e+002 2.876892e+002 6.784315e+000
      vertex   -2.184970e+002 2.876995e+002 6.752262e+000
    endloop
  endfacet
  facet normal 3.432190e+000 3.744206e+000 3.672535e-001
    outer loop
      vertex   -2.184970e+002 2.876995e+002 6.752262e+000
      vertex   -2.184893e+002 2.876892e+002 6.784315e+000
      vertex   -2.184663e+002 2.876892e+002 6.569164e+000
    endloop
  endfacet
  facet normal 1.764839e+000 1.641823e+000 2.046988e-001
    outer loop
      vertex   -2.184970e+002 2.876995e+002 6.752262e+000
      vertex   -2.184663e+002 2.876892e+002 6.569164e+000
      vertex   -2.184970e+002 2.877070e+002 6.691681e+000
    endloop
  endfacet
  facet normal 5.924623e+000 5.514462e+000 6.867736e-001
    outer loop
      vertex   -2.184663e+002 2.876892e+002 6.569164e+000
      vertex   -2.184797e+002 2.877070e+002 6.541783e+000
      vertex   -2.184970e+002 2.877070e+002 6.691681e+000
    endloop
  endfacet
  facet normal 4.965073e+000 5.086140e+000 8.776263e-001
    outer loop
      vertex   -2.184663e+002 2.876892e+002 6.569164e+000
      vertex   -2.184281e+002 2.876892e+002 6.352921e+000
      vertex   -2.184797e+002 2.877070e+002 6.541783e+000
    endloop
  endfacet
  facet normal 1.469671e+000 1.503809e+000 2.599391e-001
    outer loop
      vertex   -2.184281e+002 2.876892e+002 6.352921e+000
      vertex   -2.184581e+002 2.877070e+002 6.419601e+000
      vertex   -2.184797e+002 2.877070e+002 6.541783e+000
    endloop
  endfacet
  facet normal 7.042471e+000 6.648987e+000 1.394264e+000
    outer loop
      vertex   -2.184281e+002 2.876892e+002 6.352921e+000
      vertex   -2.184414e+002 2.877070e+002 6.335592e+000
      vertex   -2.184581e+002 2.877070e+002 6.419601e+000
    endloop
  endfacet
  facet normal 6.128185e+000 6.062548e+000 1.497471e+000
    outer loop
      vertex   -2.184281e+002 2.876892e+002 6.352921e+000
      vertex   -2.183746e+002 2.876892e+002 6.133975e+000
      vertex   -2.184414e+002 2.877070e+002 6.335592e+000
    endloop
  endfacet
  facet normal 3.788636e+000 3.753431e+000 9.253090e-001
    outer loop
      vertex   -2.183746e+002 2.876892e+002 6.133975e+000
      vertex   -2.183983e+002 2.877070e+002 6.159096e+000
      vertex   -2.184414e+002 2.877070e+002 6.335592e+000
    endloop
  endfacet
  facet normal 6.702242e+000 6.299035e+000 1.878418e+000
    outer loop
      vertex   -2.183746e+002 2.876892e+002 6.133975e+000
      vertex   -2.183880e+002 2.877070e+002 6.122142e+000
      vertex   -2.183983e+002 2.877070e+002 6.159096e+000
    endloop
  endfacet
  facet normal 6.737880e+000 6.464587e+000 2.087013e+000
    outer loop
      vertex   -2.183746e+002 2.876892e+002 6.133975e+000
      vertex   -2.183054e+002 2.876892e+002 5.910692e+000
      vertex   -2.183880e+002 2.877070e+002 6.122142e+000
    endloop
  endfacet
  facet normal 5.132339e+000 4.929996e+000 1.589217e+000
    outer loop
      vertex   -2.183054e+002 2.876892e+002 5.910692e+000
      vertex   -2.183264e+002 2.877070e+002 5.923306e+000
      vertex   -2.183880e+002 2.877070e+002 6.122142e+000
    endloop
  endfacet
  facet normal 5.132995e+000 4.744139e+000 1.852509e+000
    outer loop
      vertex   -2.183054e+002 2.876892e+002 5.910692e+000
      vertex   -2.183189e+002 2.877070e+002 5.902536e+000
      vertex   -2.183264e+002 2.877070e+002 5.923306e+000
    endloop
  endfacet
  facet normal 7.012947e+000 6.517995e+000 2.610242e+000
    outer loop
      vertex   -2.183054e+002 2.876892e+002 5.910692e+000
      vertex   -2.182200e+002 2.876892e+002 5.681371e+000
      vertex   -2.183189e+002 2.877070e+002 5.902536e+000
    endloop
  endfacet
  facet normal 5.659720e+000 5.258883e+000 2.106678e+000
    outer loop
      vertex   -2.182200e+002 2.876892e+002 5.681371e+000
      vertex   -2.182395e+002 2.877070e+002 5.689369e+000
      vertex   -2.183189e+002 2.877070e+002 5.902536e+000
    endloop
  endfacet
  facet normal 5.920942e+000 5.343106e+000 2.556579e+000
    outer loop
      vertex   -2.182200e+002 2.876892e+002 5.681371e+000
      vertex   -2.181176e+002 2.876892e+002 5.444203e+000
      vertex   -2.182395e+002 2.877070e+002 5.689369e+000
    endloop
  endfacet
  facet normal 3.529709e+000 3.184550e+000 1.524128e+000
    outer loop
      vertex   -2.181176e+002 2.876892e+002 5.444203e+000
      vertex   -2.181444e+002 2.877070e+002 5.468906e+000
      vertex   -2.182395e+002 2.877070e+002 5.689369e+000
    endloop
  endfacet
  facet normal 3.044905e+000 2.723703e+000 1.331684e+000
    outer loop
      vertex   -2.181176e+002 2.876892e+002 5.444203e+000
      vertex   -2.181363e+002 2.877070e+002 5.450502e+000
      vertex   -2.181444e+002 2.877070e+002 5.468906e+000
    endloop
  endfacet
  facet normal 6.022584e+000 5.278815e+000 2.940400e+000
    outer loop
      vertex   -2.181176e+002 2.876892e+002 5.444203e+000
      vertex   -2.179971e+002 2.876892e+002 5.197224e+000
      vertex   -2.181363e+002 2.877070e+002 5.450502e+000
    endloop
  endfacet
  facet normal 4.060940e+000 3.558488e+000 1.982734e+000
    outer loop
      vertex   -2.179971e+002 2.876892e+002 5.197224e+000
      vertex   -2.180217e+002 2.877070e+002 5.215680e+000
      vertex   -2.181363e+002 2.877070e+002 5.450502e+000
    endloop
  endfacet
  facet normal 2.405476e+000 2.056320e+000 1.224149e+000
    outer loop
      vertex   -2.179971e+002 2.876892e+002 5.197224e+000
      vertex   -2.180153e+002 2.877070e+002 5.203124e+000
      vertex   -2.180217e+002 2.877070e+002 5.215680e+000
    endloop
  endfacet
  facet normal 6.930284e+000 5.826249e+000 3.822708e+000
    outer loop
      vertex   -2.179971e+002 2.876892e+002 5.197224e+000
      vertex   -2.179971e+002 2.877070e+002 5.170102e+000
      vertex   -2.180153e+002 2.877070e+002 5.203124e+000
    endloop
  endfacet
  facet normal -4.499482e+000 3.945437e+000 2.196604e+000
    outer loop
      vertex   -2.799970e+002 2.876892e+002 5.197224e+000
      vertex   -2.798765e+002 2.876892e+002 5.444203e+000
      vertex   -2.799724e+002 2.877070e+002 5.215680e+000
    endloop
  endfacet
  facet normal -6.331783e+000 5.553277e+000 3.091205e+000
    outer loop
      vertex   -2.798765e+002 2.876892e+002 5.444203e+000
      vertex   -2.798578e+002 2.877070e+002 5.450502e+000
      vertex   -2.799724e+002 2.877070e+002 5.215680e+000
    endloop
  endfacet
  facet normal -2.404418e+000 2.056704e+000 1.223611e+000
    outer loop
      vertex   -2.799970e+002 2.876892e+002 5.197224e+000
      vertex   -2.799724e+002 2.877070e+002 5.215680e+000
      vertex   -2.799788e+002 2.877070e+002 5.203124e+000
    endloop
  endfacet
  facet normal -6.928521e+000 5.827817e+000 3.823737e+000
    outer loop
      vertex   -2.799970e+002 2.876892e+002 5.197224e+000
      vertex   -2.799788e+002 2.877070e+002 5.203124e+000
      vertex   -2.799970e+002 2.877070e+002 5.170102e+000
    endloop
  endfacet
  facet normal -3.044136e+000 2.725205e+000 1.329770e+000
    outer loop
      vertex   -2.798765e+002 2.876892e+002 5.444203e+000
      vertex   -2.798498e+002 2.877070e+002 5.468906e+000
      vertex   -2.798578e+002 2.877070e+002 5.450502e+000
    endloop
  endfacet
  facet normal -4.032990e+000 3.638247e+000 1.741712e+000
    outer loop
      vertex   -2.798765e+002 2.876892e+002 5.444203e+000
      vertex   -2.797740e+002 2.876892e+002 5.681371e+000
      vertex   -2.798498e+002 2.877070e+002 5.468906e+000
    endloop
  endfacet
  facet normal -6.287426e+000 5.667046e+000 2.714910e+000
    outer loop
      vertex   -2.797740e+002 2.876892e+002 5.681371e+000
      vertex   -2.797545e+002 2.877070e+002 5.689369e+000
      vertex   -2.798498e+002 2.877070e+002 5.468906e+000
    endloop
  endfacet
  facet normal -6.047175e+000 5.612469e+000 2.250778e+000
    outer loop
      vertex   -2.797740e+002 2.876892e+002 5.681371e+000
      vertex   -2.796887e+002 2.876892e+002 5.910692e+000
      vertex   -2.797545e+002 2.877070e+002 5.689369e+000
    endloop
  endfacet
  facet normal -6.890568e+000 6.396930e+000 2.564828e+000
    outer loop
      vertex   -2.796887e+002 2.876892e+002 5.910692e+000
      vertex   -2.796752e+002 2.877070e+002 5.902536e+000
      vertex   -2.797545e+002 2.877070e+002 5.689369e+000
    endloop
  endfacet
  facet normal -5.137577e+000 4.742867e+000 1.854163e+000
    outer loop
      vertex   -2.796887e+002 2.876892e+002 5.910692e+000
      vertex   -2.796677e+002 2.877070e+002 5.923306e+000
      vertex   -2.796752e+002 2.877070e+002 5.902536e+000
    endloop
  endfacet
  facet normal -5.616647e+000 5.388980e+000 1.739479e+000
    outer loop
      vertex   -2.796887e+002 2.876892e+002 5.910692e+000
      vertex   -2.796195e+002 2.876892e+002 6.133975e+000
      vertex   -2.796677e+002 2.877070e+002 5.923306e+000
    endloop
  endfacet
  facet normal -6.466823e+000 6.207993e+000 2.003057e+000
    outer loop
      vertex   -2.796195e+002 2.876892e+002 6.133975e+000
      vertex   -2.796061e+002 2.877070e+002 6.122142e+000
      vertex   -2.796677e+002 2.877070e+002 5.923306e+000
    endloop
  endfacet
  facet normal -6.702904e+000 6.299798e+000 1.873414e+000
    outer loop
      vertex   -2.796195e+002 2.876892e+002 6.133975e+000
      vertex   -2.795958e+002 2.877070e+002 6.159096e+000
      vertex   -2.796061e+002 2.877070e+002 6.122142e+000
    endloop
  endfacet
  facet normal -4.446248e+000 4.399381e+000 1.086476e+000
    outer loop
      vertex   -2.796195e+002 2.876892e+002 6.133975e+000
      vertex   -2.795660e+002 2.876892e+002 6.352921e+000
      vertex   -2.795958e+002 2.877070e+002 6.159096e+000
    endloop
  endfacet
  facet normal -5.655637e+000 5.591638e+000 1.381597e+000
    outer loop
      vertex   -2.795660e+002 2.876892e+002 6.352921e+000
      vertex   -2.795527e+002 2.877070e+002 6.335592e+000
      vertex   -2.795958e+002 2.877070e+002 6.159096e+000
    endloop
  endfacet
  facet normal -7.043243e+000 6.647499e+000 1.396016e+000
    outer loop
      vertex   -2.795660e+002 2.876892e+002 6.352921e+000
      vertex   -2.795360e+002 2.877070e+002 6.419601e+000
      vertex   -2.795527e+002 2.877070e+002 6.335592e+000
    endloop
  endfacet
  facet normal -2.328565e+000 2.385621e+000 4.113918e-001
    outer loop
      vertex   -2.795660e+002 2.876892e+002 6.352921e+000
      vertex   -2.795278e+002 2.876892e+002 6.569164e+000
      vertex   -2.795360e+002 2.877070e+002 6.419601e+000
    endloop
  endfacet
  facet normal -4.083670e+000 4.185136e+000 7.216365e-001
    outer loop
      vertex   -2.795278e+002 2.876892e+002 6.569164e+000
      vertex   -2.795144e+002 2.877070e+002 6.541783e+000
      vertex   -2.795360e+002 2.877070e+002 6.419601e+000
    endloop
  endfacet
  facet normal -5.391426e+000 5.022354e+000 6.258029e-001
    outer loop
      vertex   -2.795278e+002 2.876892e+002 6.569164e+000
      vertex   -2.794970e+002 2.876995e+002 6.752262e+000
      vertex   -2.795144e+002 2.877070e+002 6.541783e+000
    endloop
  endfacet
  facet normal -8.775482e-001 8.167914e-001 1.018357e-001
    outer loop
      vertex   -2.794970e+002 2.876995e+002 6.752262e+000
      vertex   -2.794970e+002 2.877070e+002 6.691681e+000
      vertex   -2.795144e+002 2.877070e+002 6.541783e+000
    endloop
  endfacet
  facet normal -3.431890e+000 3.748026e+000 3.675256e-001
    outer loop
      vertex   -2.794970e+002 2.876995e+002 6.752262e+000
      vertex   -2.795278e+002 2.876892e+002 6.569164e+000
      vertex   -2.795048e+002 2.876892e+002 6.784315e+000
    endloop
  endfacet
  facet normal -2.580160e+000 2.243395e+000 9.275083e-002
    outer loop
      vertex   -2.794970e+002 2.876995e+002 6.752262e+000
      vertex   -2.795048e+002 2.876892e+002 6.784315e+000
      vertex   -2.794970e+002 2.876892e+002 7.000000e+000
    endloop
  endfacet
  facet normal -3.402672e-001 0.000000e+000 0.000000e+000
    outer loop
      vertex   -2.799970e+002 2.876892e+002 5.000000e-001
      vertex   -2.799970e+002 2.876892e+002 5.197224e+000
      vertex   -2.799970e+002 2.877070e+002 1.022685e+000
    endloop
  endfacet
  facet normal -5.450103e+000 0.000000e+000 0.000000e+000
    outer loop
      vertex   -2.799970e+002 2.876892e+002 5.197224e+000
      vertex   -2.799970e+002 2.877070e+002 5.170102e+000
      vertex   -2.799970e+002 2.877070e+002 1.022685e+000
    endloop
  endfacet
  facet normal -4.161740e-001 0.000000e+000 0.000000e+000
    outer loop
      vertex   -2.799970e+002 2.876892e+002 5.000000e-001
      vertex   -2.799970e+002 2.877070e+002 1.022685e+000
      vertex   -2.799970e+002 2.877070e+002 7.347470e-001
    endloop
  endfacet
  facet normal -4.949616e-001 0.000000e+000 0.000000e+000
    outer loop
      vertex   -2.799970e+002 2.876892e+002 5.000000e-001
      vertex   -2.799970e+002 2.877070e+002 7.347470e-001
      vertex   -2.799970e+002 2.877070e+002 6.414175e-001
    endloop
  endfacet
  facet normal -5.727525e-001 0.000000e+000 0.000000e+000
    outer loop
      vertex   -2.799970e+002 2.876892e+002 5.000000e-001
      vertex   -2.799970e+002 2.877070e+002 6.414175e-001
      vertex   -2.799970e+002 2.877070e+002 5.964327e-001
    endloop
  endfacet
  facet normal -6.441182e-001 0.000000e+000 0.000000e+000
    outer loop
      vertex   -2.799970e+002 2.876892e+002 5.000000e-001
      vertex   -2.799970e+002 2.877070e+002 5.964327e-001
      vertex   -2.799970e+002 2.877070e+002 5.705929e-001
    endloop
  endfacet
  facet normal -7.024634e-001 0.000000e+000 0.000000e+000
    outer loop
      vertex   -2.799970e+002 2.876892e+002 5.000000e-001
      vertex   -2.799970e+002 2.877070e+002 5.705929e-001
      vertex   -2.799970e+002 2.877070e+002 5.541992e-001
    endloop
  endfacet
  facet normal -7.414216e-001 0.000000e+000 0.000000e+000
    outer loop
      vertex   -2.799970e+002 2.876892e+002 5.000000e-001
      vertex   -2.799970e+002 2.877070e+002 5.541992e-001
      vertex   -2.799970e+002 2.877070e+002 5.431137e-001
    endloop
  endfacet
  facet normal -7.557229e-001 0.000000e+000 0.000000e+000
    outer loop
      vertex   -2.799970e+002 2.876892e+002 5.000000e-001
      vertex   -2.799970e+002 2.877070e+002 5.431137e-001
      vertex   -2.799970e+002 2.877070e+002 5.352859e-001
    endloop
  endfacet
  facet normal -7.435837e-001 0.000000e+000 0.000000e+000
    outer loop
      vertex   -2.799970e+002 2.876892e+002 5.000000e-001
      vertex   -2.799970e+002 2.877070e+002 5.352859e-001
      vertex   -2.799970e+002 2.877070e+002 5.295849e-001
    endloop
  endfacet
  facet normal -7.066007e-001 0.000000e+000 0.000000e+000
    outer loop
      vertex   -2.799970e+002 2.876892e+002 5.000000e-001
      vertex   -2.799970e+002 2.877070e+002 5.295849e-001
      vertex   -2.799970e+002 2.877070e+002 5.253401e-001
    endloop
  endfacet
  facet normal -6.494418e-001 0.000000e+000 0.000000e+000
    outer loop
      vertex   -2.799970e+002 2.876892e+002 5.000000e-001
      vertex   -2.799970e+002 2.877070e+002 5.253401e-001
      vertex   -2.799970e+002 2.877070e+002 5.221310e-001
    endloop
  endfacet
  facet normal -5.788565e-001 0.000000e+000 0.000000e+000
    outer loop
      vertex   -2.799970e+002 2.876892e+002 5.000000e-001
      vertex   -2.799970e+002 2.877070e+002 5.221310e-001
      vertex   -2.799970e+002 2.877070e+002 5.196800e-001
    endloop
  endfacet
  facet normal -5.016863e-001 0.000000e+000 0.000000e+000
    outer loop
      vertex   -2.799970e+002 2.876892e+002 5.000000e-001
      vertex   -2.799970e+002 2.877070e+002 5.196800e-001
      vertex   -2.799970e+002 2.877070e+002 5.177975e-001
    endloop
  endfacet
  facet normal -7.071445e+000 0.000000e+000 0.000000e+000
    outer loop
      vertex   -2.799970e+002 2.876892e+002 5.000000e-001
      vertex   -2.799970e+002 2.877070e+002 5.177975e-001
      vertex   -2.799970e+002 2.877070e+002 5.000000e-001
    endloop
  endfacet
  facet normal 7.071445e+000 0.000000e+000 0.000000e+000
    outer loop
      vertex   -2.179971e+002 2.876892e+002 5.000000e-001
      vertex   -2.179971e+002 2.877070e+002 5.000000e-001
      vertex   -2.179971e+002 2.877070e+002 5.177975e-001
    endloop
  endfacet
  facet normal 5.016863e-001 0.000000e+000 0.000000e+000
    outer loop
      vertex   -2.179971e+002 2.876892e+002 5.000000e-001
      vertex   -2.179971e+002 2.877070e+002 5.177975e-001
      vertex   -2.179971e+002 2.877070e+002 5.196800e-001
    endloop
  endfacet
  facet normal 5.788565e-001 0.000000e+000 0.000000e+000
    outer loop
      vertex   -2.179971e+002 2.876892e+002 5.000000e-001
      vertex   -2.179971e+002 2.877070e+002 5.196800e-001
      vertex   -2.179971e+002 2.877070e+002 5.221310e-001
    endloop
  endfacet
  facet normal 6.494418e-001 0.000000e+000 0.000000e+000
    outer loop
      vertex   -2.179971e+002 2.876892e+002 5.000000e-001
      vertex   -2.179971e+002 2.877070e+002 5.221310e-001
      vertex   -2.179971e+002 2.877070e+002 5.253401e-001
    endloop
  endfacet
  facet normal 7.066007e-001 0.000000e+000 0.000000e+000
    outer loop
      vertex   -2.179971e+002 2.876892e+002 5.000000e-001
      vertex   -2.179971e+002 2.877070e+002 5.253401e-001
      vertex   -2.179971e+002 2.877070e+002 5.295849e-001
    endloop
  endfacet
  facet normal 7.435837e-001 0.000000e+000 0.000000e+000
    outer loop
      vertex   -2.179971e+002 2.876892e+002 5.000000e-001
      vertex   -2.179971e+002 2.877070e+002 5.295849e-001
      vertex   -2.179971e+002 2.877070e+002 5.352859e-001
    endloop
  endfacet
  facet normal 7.557229e-001 0.000000e+000 0.000000e+000
    outer loop
      vertex   -2.179971e+002 2.876892e+002 5.000000e-001
      vertex   -2.179971e+002 2.877070e+002 5.352859e-001
      vertex   -2.179971e+002 2.877070e+002 5.431137e-001
    endloop
  endfacet
  facet normal 7.414216e-001 0.000000e+000 0.000000e+000
    outer loop
      vertex   -2.179971e+002 2.876892e+002 5.000000e-001
      vertex   -2.179971e+002 2.877070e+002 5.431137e-001
      vertex   -2.179971e+002 2.877070e+002 5.541992e-001
    endloop
  endfacet
  facet normal 7.024634e-001 0.000000e+000 0.000000e+000
    outer loop
      vertex   -2.179971e+002 2.876892e+002 5.000000e-001
      vertex   -2.179971e+002 2.877070e+002 5.541992e-001
      vertex   -2.179971e+002 2.877070e+002 5.705929e-001
    endloop
  endfacet
  facet normal 6.441182e-001 0.000000e+000 0.000000e+000
    outer loop
      vertex   -2.179971e+002 2.876892e+002 5.000000e-001
      vertex   -2.179971e+002 2.877070e+002 5.705929e-001
      vertex   -2.179971e+002 2.877070e+002 5.964327e-001
    endloop
  endfacet
  facet normal 5.727525e-001 0.000000e+000 0.000000e+000
    outer loop
      vertex   -2.179971e+002 2.876892e+002 5.000000e-001
      vertex   -2.179971e+002 2.877070e+002 5.964327e-001
      vertex   -2.179971e+002 2.877070e+002 6.414175e-001
    endloop
  endfacet
  facet normal 4.949616e-001 0.000000e+000 0.000000e+000
    outer loop
      vertex   -2.179971e+002 2.876892e+002 5.000000e-001
      vertex   -2.179971e+002 2.877070e+002 6.414175e-001
      vertex   -2.179971e+002 2.877070e+002 7.347470e-001
    endloop
  endfacet
  facet normal 4.161740e-001 0.000000e+000 0.000000e+000
    outer loop
      vertex   -2.179971e+002 2.876892e+002 5.000000e-001
      vertex   -2.179971e+002 2.877070e+002 7.347470e-001
      vertex   -2.179971e+002 2.877070e+002 1.022685e+000
    endloop
  endfacet
  facet normal 5.485794e+000 0.000000e+000 0.000000e+000
    outer loop
      vertex   -2.179971e+002 2.876892e+002 5.197224e+000
      vertex   -2.179971e+002 2.876892e+002 5.000000e-001
      vertex   -2.179971e+002 2.877070e+002 5.170102e+000
    endloop
  endfacet
  facet normal 3.021818e-001 0.000000e+000 0.000000e+000
    outer loop
      vertex   -2.179971e+002 2.876892e+002 5.000000e-001
      vertex   -2.179971e+002 2.877070e+002 1.022685e+000
      vertex   -2.179971e+002 2.877070e+002 5.170102e+000
    endloop
  endfacet
  facet normal 4.126692e-001 3.576158e-001 1.477977e-002
    outer loop
      vertex   -2.754970e+002 2.876892e+002 7.000000e+000
      vertex   -2.754893e+002 2.876892e+002 6.784315e+000
      vertex   -2.754970e+002 2.876995e+002 6.752632e+000
    endloop
  endfacet
  facet normal 3.454422e+000 3.756632e+000 3.699385e-001
    outer loop
      vertex   -2.754970e+002 2.876995e+002 6.752632e+000
      vertex   -2.754893e+002 2.876892e+002 6.784315e+000
      vertex   -2.754663e+002 2.876892e+002 6.569164e+000
    endloop
  endfacet
  facet normal 1.759245e+000 1.638701e+000 2.036932e-001
    outer loop
      vertex   -2.754970e+002 2.876995e+002 6.752632e+000
      vertex   -2.754663e+002 2.876892e+002 6.569164e+000
      vertex   -2.754970e+002 2.877070e+002 6.691714e+000
    endloop
  endfacet
  facet normal 5.943515e+000 5.534745e+000 6.883870e-001
    outer loop
      vertex   -2.754663e+002 2.876892e+002 6.569164e+000
      vertex   -2.754797e+002 2.877070e+002 6.542020e+000
      vertex   -2.754970e+002 2.877070e+002 6.691714e+000
    endloop
  endfacet
  facet normal 4.988994e+000 5.108941e+000 8.814144e-001
    outer loop
      vertex   -2.754663e+002 2.876892e+002 6.569164e+000
      vertex   -2.754281e+002 2.876892e+002 6.352921e+000
      vertex   -2.754797e+002 2.877070e+002 6.542020e+000
    endloop
  endfacet
  facet normal 1.454982e+000 1.489045e+000 2.571407e-001
    outer loop
      vertex   -2.754281e+002 2.876892e+002 6.352921e+000
      vertex   -2.754582e+002 2.877070e+002 6.420120e+000
      vertex   -2.754797e+002 2.877070e+002 6.542020e+000
    endloop
  endfacet
  facet normal 7.046297e+000 6.653327e+000 1.393051e+000
    outer loop
      vertex   -2.754281e+002 2.876892e+002 6.352921e+000
      vertex   -2.754415e+002 2.877070e+002 6.335751e+000
      vertex   -2.754582e+002 2.877070e+002 6.420120e+000
    endloop
  endfacet
  facet normal 6.145280e+000 6.079978e+000 1.502451e+000
    outer loop
      vertex   -2.754281e+002 2.876892e+002 6.352921e+000
      vertex   -2.753745e+002 2.876892e+002 6.133975e+000
      vertex   -2.754415e+002 2.877070e+002 6.335751e+000
    endloop
  endfacet
  facet normal 3.762375e+000 3.721373e+000 9.199480e-001
    outer loop
      vertex   -2.753745e+002 2.876892e+002 6.133975e+000
      vertex   -2.753983e+002 2.877070e+002 6.159379e+000
      vertex   -2.754415e+002 2.877070e+002 6.335751e+000
    endloop
  endfacet
  facet normal 6.703429e+000 6.300066e+000 1.870454e+000
    outer loop
      vertex   -2.753745e+002 2.876892e+002 6.133975e+000
      vertex   -2.753880e+002 2.877070e+002 6.122261e+000
      vertex   -2.753983e+002 2.877070e+002 6.159379e+000
    endloop
  endfacet
  facet normal 6.746297e+000 6.475983e+000 2.088468e+000
    outer loop
      vertex   -2.753745e+002 2.876892e+002 6.133975e+000
      vertex   -2.753054e+002 2.876892e+002 5.910692e+000
      vertex   -2.753880e+002 2.877070e+002 6.122261e+000
    endloop
  endfacet
  facet normal 5.109915e+000 4.902514e+000 1.582112e+000
    outer loop
      vertex   -2.753054e+002 2.876892e+002 5.910692e+000
      vertex   -2.753264e+002 2.877070e+002 5.923497e+000
      vertex   -2.753880e+002 2.877070e+002 6.122261e+000
    endloop
  endfacet
  facet normal 5.142031e+000 4.747973e+000 1.849639e+000
    outer loop
      vertex   -2.753054e+002 2.876892e+002 5.910692e+000
      vertex   -2.753190e+002 2.877070e+002 5.902632e+000
      vertex   -2.753264e+002 2.877070e+002 5.923497e+000
    endloop
  endfacet
  facet normal 7.017422e+000 6.519880e+000 2.613075e+000
    outer loop
      vertex   -2.753054e+002 2.876892e+002 5.910692e+000
      vertex   -2.752200e+002 2.876892e+002 5.681371e+000
      vertex   -2.753190e+002 2.877070e+002 5.902632e+000
    endloop
  endfacet
  facet normal 5.637624e+000 5.242419e+000 2.098917e+000
    outer loop
      vertex   -2.752200e+002 2.876892e+002 5.681371e+000
      vertex   -2.752396e+002 2.877070e+002 5.689512e+000
      vertex   -2.753190e+002 2.877070e+002 5.902632e+000
    endloop
  endfacet
  facet normal 5.901824e+000 5.327401e+000 2.548561e+000
    outer loop
      vertex   -2.752200e+002 2.876892e+002 5.681371e+000
      vertex   -2.751176e+002 2.876892e+002 5.444203e+000
      vertex   -2.752396e+002 2.877070e+002 5.689512e+000
    endloop
  endfacet
  facet normal 3.511696e+000 3.168512e+000 1.516542e+000
    outer loop
      vertex   -2.751176e+002 2.876892e+002 5.444203e+000
      vertex   -2.751444e+002 2.877070e+002 5.469099e+000
      vertex   -2.752396e+002 2.877070e+002 5.689512e+000
    endloop
  endfacet
  facet normal 3.036189e+000 2.719605e+000 1.325395e+000
    outer loop
      vertex   -2.751176e+002 2.876892e+002 5.444203e+000
      vertex   -2.751364e+002 2.877070e+002 5.450617e+000
      vertex   -2.751444e+002 2.877070e+002 5.469099e+000
    endloop
  endfacet
  facet normal 6.005833e+000 5.267791e+000 2.931989e+000
    outer loop
      vertex   -2.751176e+002 2.876892e+002 5.444203e+000
      vertex   -2.749970e+002 2.876892e+002 5.197224e+000
      vertex   -2.751364e+002 2.877070e+002 5.450617e+000
    endloop
  endfacet
  facet normal 4.042836e+000 3.545597e+000 1.973703e+000
    outer loop
      vertex   -2.749970e+002 2.876892e+002 5.197224e+000
      vertex   -2.750217e+002 2.877070e+002 5.215831e+000
      vertex   -2.751364e+002 2.877070e+002 5.450617e+000
    endloop
  endfacet
  facet normal 2.400239e+000 2.054767e+000 1.219861e+000
    outer loop
      vertex   -2.749970e+002 2.876892e+002 5.197224e+000
      vertex   -2.750153e+002 2.877070e+002 5.203221e+000
      vertex   -2.750217e+002 2.877070e+002 5.215831e+000
    endloop
  endfacet
  facet normal 6.933132e+000 5.833900e+000 3.824282e+000
    outer loop
      vertex   -2.749970e+002 2.876892e+002 5.197224e+000
      vertex   -2.749970e+002 2.877070e+002 5.170077e+000
      vertex   -2.750153e+002 2.877070e+002 5.203221e+000
    endloop
  endfacet
  facet normal -4.483682e+000 3.929672e+000 2.189063e+000
    outer loop
      vertex   -2.229971e+002 2.876892e+002 5.197224e+000
      vertex   -2.228765e+002 2.876892e+002 5.444203e+000
      vertex   -2.229724e+002 2.877070e+002 5.215831e+000
    endloop
  endfacet
  facet normal -6.323578e+000 5.536399e+000 3.086899e+000
    outer loop
      vertex   -2.228765e+002 2.876892e+002 5.444203e+000
      vertex   -2.228578e+002 2.877070e+002 5.450617e+000
      vertex   -2.229724e+002 2.877070e+002 5.215831e+000
    endloop
  endfacet
  facet normal -2.401293e+000 2.054382e+000 1.220396e+000
    outer loop
      vertex   -2.229971e+002 2.876892e+002 5.197224e+000
      vertex   -2.229724e+002 2.877070e+002 5.215831e+000
      vertex   -2.229788e+002 2.877070e+002 5.203221e+000
    endloop
  endfacet
  facet normal -6.934892e+000 5.832337e+000 3.823257e+000
    outer loop
      vertex   -2.229971e+002 2.876892e+002 5.197224e+000
      vertex   -2.229788e+002 2.877070e+002 5.203221e+000
      vertex   -2.229971e+002 2.877070e+002 5.170077e+000
    endloop
  endfacet
  facet normal -3.039894e+000 2.718036e+000 1.327012e+000
    outer loop
      vertex   -2.228765e+002 2.876892e+002 5.444203e+000
      vertex   -2.228497e+002 2.877070e+002 5.469099e+000
      vertex   -2.228578e+002 2.877070e+002 5.450617e+000
    endloop
  endfacet
  facet normal -4.017665e+000 3.618963e+000 1.734771e+000
    outer loop
      vertex   -2.228765e+002 2.876892e+002 5.444203e+000
      vertex   -2.227741e+002 2.876892e+002 5.681371e+000
      vertex   -2.228497e+002 2.877070e+002 5.469099e+000
    endloop
  endfacet
  facet normal -6.269991e+000 5.656167e+000 2.707997e+000
    outer loop
      vertex   -2.227741e+002 2.876892e+002 5.681371e+000
      vertex   -2.227545e+002 2.877070e+002 5.689512e+000
      vertex   -2.228497e+002 2.877070e+002 5.469099e+000
    endloop
  endfacet
  facet normal -6.026097e+000 5.600482e+000 2.243434e+000
    outer loop
      vertex   -2.227741e+002 2.876892e+002 5.681371e+000
      vertex   -2.226887e+002 2.876892e+002 5.910692e+000
      vertex   -2.227545e+002 2.877070e+002 5.689512e+000
    endloop
  endfacet
  facet normal -6.893658e+000 6.408384e+000 2.566545e+000
    outer loop
      vertex   -2.226887e+002 2.876892e+002 5.910692e+000
      vertex   -2.226752e+002 2.877070e+002 5.902632e+000
      vertex   -2.227545e+002 2.877070e+002 5.689512e+000
    endloop
  endfacet
  facet normal -5.140855e+000 4.748579e+000 1.846866e+000
    outer loop
      vertex   -2.226887e+002 2.876892e+002 5.910692e+000
      vertex   -2.226676e+002 2.877070e+002 5.923497e+000
      vertex   -2.226752e+002 2.877070e+002 5.902632e+000
    endloop
  endfacet
  facet normal -5.594564e+000 5.367324e+000 1.732401e+000
    outer loop
      vertex   -2.226887e+002 2.876892e+002 5.910692e+000
      vertex   -2.226196e+002 2.876892e+002 6.133975e+000
      vertex   -2.226676e+002 2.877070e+002 5.923497e+000
    endloop
  endfacet
  facet normal -6.480848e+000 6.218089e+000 2.006886e+000
    outer loop
      vertex   -2.226196e+002 2.876892e+002 6.133975e+000
      vertex   -2.226061e+002 2.877070e+002 6.122261e+000
      vertex   -2.226676e+002 2.877070e+002 5.923497e+000
    endloop
  endfacet
  facet normal -6.703788e+000 6.299078e+000 1.873999e+000
    outer loop
      vertex   -2.226196e+002 2.876892e+002 6.133975e+000
      vertex   -2.225957e+002 2.877070e+002 6.159379e+000
      vertex   -2.226061e+002 2.877070e+002 6.122261e+000
    endloop
  endfacet
  facet normal -4.420017e+000 4.374642e+000 1.080451e+000
    outer loop
      vertex   -2.226196e+002 2.876892e+002 6.133975e+000
      vertex   -2.225660e+002 2.876892e+002 6.352921e+000
      vertex   -2.225957e+002 2.877070e+002 6.159379e+000
    endloop
  endfacet
  facet normal -5.674975e+000 5.614209e+000 1.386989e+000
    outer loop
      vertex   -2.225660e+002 2.876892e+002 6.352921e+000
      vertex   -2.225526e+002 2.877070e+002 6.335751e+000
      vertex   -2.225957e+002 2.877070e+002 6.159379e+000
    endloop
  endfacet
  facet normal -7.046649e+000 6.652891e+000 1.392324e+000
    outer loop
      vertex   -2.225660e+002 2.876892e+002 6.352921e+000
      vertex   -2.225359e+002 2.877070e+002 6.420120e+000
      vertex   -2.225526e+002 2.877070e+002 6.335751e+000
    endloop
  endfacet
  facet normal -2.313598e+000 2.367042e+000 4.087476e-001
    outer loop
      vertex   -2.225660e+002 2.876892e+002 6.352921e+000
      vertex   -2.225278e+002 2.876892e+002 6.569164e+000
      vertex   -2.225359e+002 2.877070e+002 6.420120e+000
    endloop
  endfacet
  facet normal -4.108332e+000 4.207968e+000 7.263917e-001
    outer loop
      vertex   -2.225278e+002 2.876892e+002 6.569164e+000
      vertex   -2.225144e+002 2.877070e+002 6.542020e+000
      vertex   -2.225359e+002 2.877070e+002 6.420120e+000
    endloop
  endfacet
  facet normal -5.413015e+000 5.040556e+000 6.268296e-001
    outer loop
      vertex   -2.225278e+002 2.876892e+002 6.569164e+000
      vertex   -2.224971e+002 2.876995e+002 6.752632e+000
      vertex   -2.225144e+002 2.877070e+002 6.542020e+000
    endloop
  endfacet
  facet normal -8.732208e-001 8.136480e-001 1.011378e-001
    outer loop
      vertex   -2.224971e+002 2.876995e+002 6.752632e+000
      vertex   -2.224971e+002 2.877070e+002 6.691714e+000
      vertex   -2.225144e+002 2.877070e+002 6.542020e+000
    endloop
  endfacet
  facet normal -3.454422e+000 3.756632e+000 3.699385e-001
    outer loop
      vertex   -2.224971e+002 2.876995e+002 6.752632e+000
      vertex   -2.225278e+002 2.876892e+002 6.569164e+000
      vertex   -2.225048e+002 2.876892e+002 6.784315e+000
    endloop
  endfacet
  facet normal -2.605990e+000 2.258330e+000 9.333369e-002
    outer loop
      vertex   -2.224971e+002 2.876995e+002 6.752632e+000
      vertex   -2.225048e+002 2.876892e+002 6.784315e+000
      vertex   -2.224971e+002 2.876892e+002 7.000000e+000
    endloop
  endfacet
  facet normal 7.666928e-005 9.904274e+000 1.234843e+000
    outer loop
      vertex   -2.794970e+002 2.876995e+002 6.752262e+000
      vertex   -2.785082e+002 2.877070e+002 6.691620e+000
      vertex   -2.794970e+002 2.877070e+002 6.691681e+000
    endloop
  endfacet
  facet normal -4.124873e-006 6.130478e-001 7.628880e-002
    outer loop
      vertex   -2.794970e+002 2.876995e+002 6.752262e+000
      vertex   -2.754970e+002 2.876995e+002 6.752632e+000
      vertex   -2.785082e+002 2.877070e+002 6.691620e+000
    endloop
  endfacet
  facet normal -3.857045e-005 9.921561e+000 1.233266e+000
    outer loop
      vertex   -2.754970e+002 2.876995e+002 6.752632e+000
      vertex   -2.754970e+002 2.877070e+002 6.691714e+000
      vertex   -2.785082e+002 2.877070e+002 6.691620e+000
    endloop
  endfacet
  facet normal 5.864621e-007 6.181620e-001 2.555727e-002
    outer loop
      vertex   -2.754970e+002 2.876995e+002 6.752632e+000
      vertex   -2.794970e+002 2.876995e+002 6.752262e+000
      vertex   -2.794970e+002 2.876892e+002 7.000000e+000
    endloop
  endfacet
  facet normal 0.000000e+000 9.972387e+000 4.121451e-001
    outer loop
      vertex   -2.754970e+002 2.876995e+002 6.752632e+000
      vertex   -2.794970e+002 2.876892e+002 7.000000e+000
      vertex   -2.754970e+002 2.876892e+002 7.000000e+000
    endloop
  endfacet
  facet normal 0.000000e+000 9.991470e+000 4.129338e-001
    outer loop
      vertex   -2.224971e+002 2.876892e+002 7.000000e+000
      vertex   -2.184970e+002 2.876892e+002 7.000000e+000
      vertex   -2.224971e+002 2.876995e+002 6.752632e+000
    endloop
  endfacet
  facet normal -5.864566e-007 6.181591e-001 2.555715e-002
    outer loop
      vertex   -2.224971e+002 2.876995e+002 6.752632e+000
      vertex   -2.184970e+002 2.876892e+002 7.000000e+000
      vertex   -2.184970e+002 2.876995e+002 6.752262e+000
    endloop
  endfacet
  facet normal 6.664196e-005 9.923629e+000 1.233523e+000
    outer loop
      vertex   -2.224971e+002 2.876995e+002 6.752632e+000
      vertex   -2.184970e+002 2.876995e+002 6.752262e+000
      vertex   -2.224971e+002 2.877070e+002 6.691714e+000
    endloop
  endfacet
  facet normal 1.794743e-006 4.609728e-001 5.738562e-002
    outer loop
      vertex   -2.184970e+002 2.876995e+002 6.752262e+000
      vertex   -2.194859e+002 2.877070e+002 6.691620e+000
      vertex   -2.224971e+002 2.877070e+002 6.691714e+000
    endloop
  endfacet
  facet normal -7.666707e-005 9.904276e+000 1.234843e+000
    outer loop
      vertex   -2.184970e+002 2.876995e+002 6.752262e+000
      vertex   -2.184970e+002 2.877070e+002 6.691681e+000
      vertex   -2.194859e+002 2.877070e+002 6.691620e+000
    endloop
  endfacet
  facet normal -5.773451e+000 0.000000e+000 -5.773473e+000
    outer loop
      vertex   -2.794970e+002 2.871892e+002 0.000000e+000
      vertex   -2.799970e+002 2.876892e+002 5.000000e-001
      vertex   -2.794970e+002 2.877070e+002 0.000000e+000
    endloop
  endfacet
  facet normal -6.988275e+000 1.127678e-003 -6.988261e+000
    outer loop
      vertex   -2.799970e+002 2.876892e+002 5.000000e-001
      vertex   -2.799954e+002 2.877070e+002 4.983816e-001
      vertex   -2.794970e+002 2.877070e+002 0.000000e+000
    endloop
  endfacet
  facet normal -9.019852e-001 0.000000e+000 -9.035840e-001
    outer loop
      vertex   -2.799970e+002 2.876892e+002 5.000000e-001
      vertex   -2.799970e+002 2.877070e+002 5.000000e-001
      vertex   -2.799954e+002 2.877070e+002 4.983816e-001
    endloop
  endfacet
  facet normal 6.247011e+000 9.309687e-004 -6.247847e+000
    outer loop
      vertex   -2.179971e+002 2.876892e+002 5.000000e-001
      vertex   -2.184970e+002 2.871892e+002 0.000000e+000
      vertex   -2.179987e+002 2.877070e+002 4.983816e-001
    endloop
  endfacet
  facet normal 5.698555e+000 0.000000e+000 -5.698435e+000
    outer loop
      vertex   -2.184970e+002 2.871892e+002 0.000000e+000
      vertex   -2.184970e+002 2.877070e+002 0.000000e+000
      vertex   -2.179987e+002 2.877070e+002 4.983816e-001
    endloop
  endfacet
  facet normal 9.019852e-001 0.000000e+000 -9.035840e-001
    outer loop
      vertex   -2.179971e+002 2.876892e+002 5.000000e-001
      vertex   -2.179987e+002 2.877070e+002 4.983816e-001
      vertex   -2.179971e+002 2.877070e+002 5.000000e-001
    endloop
  endfacet
  facet normal -5.773488e+000 0.000000e+000 -5.773400e+000
    outer loop
      vertex   -2.224971e+002 2.871892e+002 0.000000e+000
      vertex   -2.229971e+002 2.876892e+002 5.000000e-001
      vertex   -2.224971e+002 2.877070e+002 0.000000e+000
    endloop
  endfacet
  facet normal -6.754341e+000 -4.721403e-003 -6.754405e+000
    outer loop
      vertex   -2.229971e+002 2.876892e+002 5.000000e-001
      vertex   -2.229935e+002 2.877070e+002 4.964399e-001
      vertex   -2.224971e+002 2.877070e+002 0.000000e+000
    endloop
  endfacet
  facet normal -1.925230e+000 0.000000e+000 -1.918522e+000
    outer loop
      vertex   -2.229971e+002 2.876892e+002 5.000000e-001
      vertex   -2.229971e+002 2.877070e+002 5.000000e-001
      vertex   -2.229935e+002 2.877070e+002 4.964399e-001
    endloop
  endfacet
  facet normal 6.666337e+000 2.077324e-003 -6.668439e+000
    outer loop
      vertex   -2.749970e+002 2.876892e+002 5.000000e-001
      vertex   -2.754970e+002 2.871892e+002 0.000000e+000
      vertex   -2.750006e+002 2.877070e+002 4.964399e-001
    endloop
  endfacet
  facet normal 5.690722e+000 0.000000e+000 -5.690667e+000
    outer loop
      vertex   -2.754970e+002 2.871892e+002 0.000000e+000
      vertex   -2.754970e+002 2.877070e+002 0.000000e+000
      vertex   -2.750006e+002 2.877070e+002 4.964399e-001
    endloop
  endfacet
  facet normal 1.924848e+000 0.000000e+000 -1.928454e+000
    outer loop
      vertex   -2.749970e+002 2.876892e+002 5.000000e-001
      vertex   -2.750006e+002 2.877070e+002 4.964399e-001
      vertex   -2.749970e+002 2.877070e+002 5.000000e-001
    endloop
  endfacet
  facet normal 8.956773e+000 0.000000e+000 0.000000e+000
    outer loop
      vertex   -2.749970e+002 2.876892e+002 5.000000e-001
      vertex   -2.749970e+002 2.877070e+002 5.000000e-001
      vertex   -2.749970e+002 2.877070e+002 5.358419e-001
    endloop
  endfacet
  facet normal 7.478333e-001 0.000000e+000 0.000000e+000
    outer loop
      vertex   -2.749970e+002 2.876892e+002 5.000000e-001
      vertex   -2.749970e+002 2.877070e+002 5.358419e-001
      vertex   -2.749970e+002 2.877070e+002 5.437908e-001
    endloop
  endfacet
  facet normal 7.318515e-001 0.000000e+000 0.000000e+000
    outer loop
      vertex   -2.749970e+002 2.876892e+002 5.000000e-001
      vertex   -2.749970e+002 2.877070e+002 5.437908e-001
      vertex   -2.749970e+002 2.877070e+002 5.550346e-001
    endloop
  endfacet
  facet normal 6.924485e-001 0.000000e+000 0.000000e+000
    outer loop
      vertex   -2.749970e+002 2.876892e+002 5.000000e-001
      vertex   -2.749970e+002 2.877070e+002 5.550346e-001
      vertex   -2.749970e+002 2.877070e+002 5.716505e-001
    endloop
  endfacet
  facet normal 6.343608e-001 0.000000e+000 0.000000e+000
    outer loop
      vertex   -2.749970e+002 2.876892e+002 5.000000e-001
      vertex   -2.749970e+002 2.877070e+002 5.716505e-001
      vertex   -2.749970e+002 2.877070e+002 5.978155e-001
    endloop
  endfacet
  facet normal 5.641279e-001 0.000000e+000 0.000000e+000
    outer loop
      vertex   -2.749970e+002 2.876892e+002 5.000000e-001
      vertex   -2.749970e+002 2.877070e+002 5.978155e-001
      vertex   -2.749970e+002 2.877070e+002 6.433382e-001
    endloop
  endfacet
  facet normal 4.877998e-001 0.000000e+000 0.000000e+000
    outer loop
      vertex   -2.749970e+002 2.876892e+002 5.000000e-001
      vertex   -2.749970e+002 2.877070e+002 6.433382e-001
      vertex   -2.749970e+002 2.877070e+002 7.377214e-001
    endloop
  endfacet
  facet normal 4.106593e-001 0.000000e+000 0.000000e+000
    outer loop
      vertex   -2.749970e+002 2.876892e+002 5.000000e-001
      vertex   -2.749970e+002 2.877070e+002 7.377214e-001
      vertex   -2.749970e+002 2.877070e+002 1.028769e+000
    endloop
  endfacet
  facet normal 5.482340e+000 0.000000e+000 0.000000e+000
    outer loop
      vertex   -2.749970e+002 2.876892e+002 5.197224e+000
      vertex   -2.749970e+002 2.876892e+002 5.000000e-001
      vertex   -2.749970e+002 2.877070e+002 5.170077e+000
    endloop
  endfacet
  facet normal 2.982708e-001 0.000000e+000 0.000000e+000
    outer loop
      vertex   -2.749970e+002 2.876892e+002 5.000000e-001
      vertex   -2.749970e+002 2.877070e+002 1.028769e+000
      vertex   -2.749970e+002 2.877070e+002 5.170077e+000
    endloop
  endfacet
  facet normal -8.956773e+000 0.000000e+000 0.000000e+000
    outer loop
      vertex   -2.229971e+002 2.876892e+002 5.000000e-001
      vertex   -2.229971e+002 2.877070e+002 5.358419e-001
      vertex   -2.229971e+002 2.877070e+002 5.000000e-001
    endloop
  endfacet
  facet normal -7.478333e-001 0.000000e+000 0.000000e+000
    outer loop
      vertex   -2.229971e+002 2.876892e+002 5.000000e-001
      vertex   -2.229971e+002 2.877070e+002 5.437908e-001
      vertex   -2.229971e+002 2.877070e+002 5.358419e-001
    endloop
  endfacet
  facet normal -7.318515e-001 0.000000e+000 0.000000e+000
    outer loop
      vertex   -2.229971e+002 2.876892e+002 5.000000e-001
      vertex   -2.229971e+002 2.877070e+002 5.550346e-001
      vertex   -2.229971e+002 2.877070e+002 5.437908e-001
    endloop
  endfacet
  facet normal -6.924485e-001 0.000000e+000 0.000000e+000
    outer loop
      vertex   -2.229971e+002 2.876892e+002 5.000000e-001
      vertex   -2.229971e+002 2.877070e+002 5.716505e-001
      vertex   -2.229971e+002 2.877070e+002 5.550346e-001
    endloop
  endfacet
  facet normal -6.343608e-001 0.000000e+000 0.000000e+000
    outer loop
      vertex   -2.229971e+002 2.876892e+002 5.000000e-001
      vertex   -2.229971e+002 2.877070e+002 5.978155e-001
      vertex   -2.229971e+002 2.877070e+002 5.716505e-001
    endloop
  endfacet
  facet normal -5.641279e-001 0.000000e+000 0.000000e+000
    outer loop
      vertex   -2.229971e+002 2.876892e+002 5.000000e-001
      vertex   -2.229971e+002 2.877070e+002 6.433382e-001
      vertex   -2.229971e+002 2.877070e+002 5.978155e-001
    endloop
  endfacet
  facet normal -4.877998e-001 0.000000e+000 0.000000e+000
    outer loop
      vertex   -2.229971e+002 2.876892e+002 5.000000e-001
      vertex   -2.229971e+002 2.877070e+002 7.377214e-001
      vertex   -2.229971e+002 2.877070e+002 6.433382e-001
    endloop
  endfacet
  facet normal -4.106593e-001 0.000000e+000 0.000000e+000
    outer loop
      vertex   -2.229971e+002 2.876892e+002 5.000000e-001
      vertex   -2.229971e+002 2.877070e+002 1.028769e+000
      vertex   -2.229971e+002 2.877070e+002 7.377214e-001
    endloop
  endfacet
  facet normal -3.363569e-001 0.000000e+000 0.000000e+000
    outer loop
      vertex   -2.229971e+002 2.876892e+002 5.000000e-001
      vertex   -2.229971e+002 2.876892e+002 5.197224e+000
      vertex   -2.229971e+002 2.877070e+002 1.028769e+000
    endloop
  endfacet
  facet normal -5.446587e+000 0.000000e+000 0.000000e+000
    outer loop
      vertex   -2.229971e+002 2.876892e+002 5.197224e+000
      vertex   -2.229971e+002 2.877070e+002 5.170077e+000
      vertex   -2.229971e+002 2.877070e+002 1.028769e+000
    endloop
  endfacet
  facet normal 5.773525e+000 0.000000e+000 -5.773437e+000
    outer loop
      vertex   -2.184970e+002 2.457892e+002 0.000000e+000
      vertex   -2.179971e+002 2.452892e+002 5.000000e-001
      vertex   -2.184970e+002 2.452600e+002 0.000000e+000
    endloop
  endfacet
  facet normal 6.969870e+000 -1.837493e-003 -6.969656e+000
    outer loop
      vertex   -2.179971e+002 2.452892e+002 5.000000e-001
      vertex   -2.179997e+002 2.452600e+002 4.973373e-001
      vertex   -2.184970e+002 2.452600e+002 0.000000e+000
    endloop
  endfacet
  facet normal 9.019928e-001 0.000000e+000 -9.045798e-001
    outer loop
      vertex   -2.179971e+002 2.452892e+002 5.000000e-001
      vertex   -2.179971e+002 2.452600e+002 5.000000e-001
      vertex   -2.179997e+002 2.452600e+002 4.973373e-001
    endloop
  endfacet
  facet normal -6.247135e+000 3.735740e-004 -6.246786e+000
    outer loop
      vertex   -2.799970e+002 2.452892e+002 5.000000e-001
      vertex   -2.794970e+002 2.457892e+002 0.000000e+000
      vertex   -2.799944e+002 2.452600e+002 4.973373e-001
    endloop
  endfacet
  facet normal -5.649993e+000 -0.000000e+000 -5.650037e+000
    outer loop
      vertex   -2.794970e+002 2.457892e+002 0.000000e+000
      vertex   -2.794970e+002 2.452600e+002 0.000000e+000
      vertex   -2.799944e+002 2.452600e+002 4.973373e-001
    endloop
  endfacet
  facet normal -9.020191e-001 -0.000000e+000 -9.013755e-001
    outer loop
      vertex   -2.799970e+002 2.452892e+002 5.000000e-001
      vertex   -2.799944e+002 2.452600e+002 4.973373e-001
      vertex   -2.799970e+002 2.452600e+002 5.000000e-001
    endloop
  endfacet
  facet normal -7.071414e+000 0.000000e+000 0.000000e+000
    outer loop
      vertex   -2.799970e+002 2.452892e+002 5.000000e-001
      vertex   -2.799970e+002 2.452600e+002 5.000000e-001
      vertex   -2.799970e+002 2.452600e+002 5.292807e-001
    endloop
  endfacet
  facet normal -5.012921e-001 0.000000e+000 0.000000e+000
    outer loop
      vertex   -2.799970e+002 2.452892e+002 5.000000e-001
      vertex   -2.799970e+002 2.452600e+002 5.292807e-001
      vertex   -2.799970e+002 2.452600e+002 5.323753e-001
    endloop
  endfacet
  facet normal -5.790069e-001 0.000000e+000 0.000000e+000
    outer loop
      vertex   -2.799970e+002 2.452892e+002 5.000000e-001
      vertex   -2.799970e+002 2.452600e+002 5.323753e-001
      vertex   -2.799970e+002 2.452600e+002 5.364084e-001
    endloop
  endfacet
  facet normal -6.495725e-001 0.000000e+000 0.000000e+000
    outer loop
      vertex   -2.799970e+002 2.452892e+002 5.000000e-001
      vertex   -2.799970e+002 2.452600e+002 5.364084e-001
      vertex   -2.799970e+002 2.452600e+002 5.416889e-001
    endloop
  endfacet
  facet normal -7.065579e-001 0.000000e+000 0.000000e+000
    outer loop
      vertex   -2.799970e+002 2.452892e+002 5.000000e-001
      vertex   -2.799970e+002 2.452600e+002 5.416889e-001
      vertex   -2.799970e+002 2.452600e+002 5.486717e-001
    endloop
  endfacet
  facet normal -7.436177e-001 0.000000e+000 0.000000e+000
    outer loop
      vertex   -2.799970e+002 2.452892e+002 5.000000e-001
      vertex   -2.799970e+002 2.452600e+002 5.486717e-001
      vertex   -2.799970e+002 2.452600e+002 5.580511e-001
    endloop
  endfacet
  facet normal -7.557658e-001 0.000000e+000 0.000000e+000
    outer loop
      vertex   -2.799970e+002 2.452892e+002 5.000000e-001
      vertex   -2.799970e+002 2.452600e+002 5.580511e-001
      vertex   -2.799970e+002 2.452600e+002 5.709295e-001
    endloop
  endfacet
  facet normal -7.414267e-001 0.000000e+000 0.000000e+000
    outer loop
      vertex   -2.799970e+002 2.452892e+002 5.000000e-001
      vertex   -2.799970e+002 2.452600e+002 5.709295e-001
      vertex   -2.799970e+002 2.452600e+002 5.891666e-001
    endloop
  endfacet
  facet normal -7.025182e-001 0.000000e+000 0.000000e+000
    outer loop
      vertex   -2.799970e+002 2.452892e+002 5.000000e-001
      vertex   -2.799970e+002 2.452600e+002 5.891666e-001
      vertex   -2.799970e+002 2.452600e+002 6.161385e-001
    endloop
  endfacet
  facet normal -6.441408e-001 0.000000e+000 0.000000e+000
    outer loop
      vertex   -2.799970e+002 2.452892e+002 5.000000e-001
      vertex   -2.799970e+002 2.452600e+002 6.161385e-001
      vertex   -2.799970e+002 2.452600e+002 6.586504e-001
    endloop
  endfacet
  facet normal -5.727561e-001 0.000000e+000 0.000000e+000
    outer loop
      vertex   -2.799970e+002 2.452892e+002 5.000000e-001
      vertex   -2.799970e+002 2.452600e+002 6.586504e-001
      vertex   -2.799970e+002 2.452600e+002 7.326574e-001
    endloop
  endfacet
  facet normal -4.949900e-001 0.000000e+000 0.000000e+000
    outer loop
      vertex   -2.799970e+002 2.452892e+002 5.000000e-001
      vertex   -2.799970e+002 2.452600e+002 7.326574e-001
      vertex   -2.799970e+002 2.452600e+002 8.862085e-001
    endloop
  endfacet
  facet normal -4.161885e-001 0.000000e+000 0.000000e+000
    outer loop
      vertex   -2.799970e+002 2.452892e+002 5.000000e-001
      vertex   -2.799970e+002 2.452600e+002 8.862085e-001
      vertex   -2.799970e+002 2.452600e+002 1.359953e+000
    endloop
  endfacet
  facet normal -5.485669e+000 0.000000e+000 0.000000e+000
    outer loop
      vertex   -2.799970e+002 2.452892e+002 5.197224e+000
      vertex   -2.799970e+002 2.452892e+002 5.000000e-001
      vertex   -2.799970e+002 2.452600e+002 5.152600e+000
    endloop
  endfacet
  facet normal -2.773641e-001 0.000000e+000 0.000000e+000
    outer loop
      vertex   -2.799970e+002 2.452892e+002 5.000000e-001
      vertex   -2.799970e+002 2.452600e+002 1.359953e+000
      vertex   -2.799970e+002 2.452600e+002 5.152600e+000
    endloop
  endfacet
  facet normal 7.071414e+000 0.000000e+000 0.000000e+000
    outer loop
      vertex   -2.179971e+002 2.452892e+002 5.000000e-001
      vertex   -2.179971e+002 2.452600e+002 5.292807e-001
      vertex   -2.179971e+002 2.452600e+002 5.000000e-001
    endloop
  endfacet
  facet normal 5.012921e-001 0.000000e+000 0.000000e+000
    outer loop
      vertex   -2.179971e+002 2.452892e+002 5.000000e-001
      vertex   -2.179971e+002 2.452600e+002 5.323753e-001
      vertex   -2.179971e+002 2.452600e+002 5.292807e-001
    endloop
  endfacet
  facet normal 5.790069e-001 0.000000e+000 0.000000e+000
    outer loop
      vertex   -2.179971e+002 2.452892e+002 5.000000e-001
      vertex   -2.179971e+002 2.452600e+002 5.364084e-001
      vertex   -2.179971e+002 2.452600e+002 5.323753e-001
    endloop
  endfacet
  facet normal 6.495725e-001 0.000000e+000 0.000000e+000
    outer loop
      vertex   -2.179971e+002 2.452892e+002 5.000000e-001
      vertex   -2.179971e+002 2.452600e+002 5.416889e-001
      vertex   -2.179971e+002 2.452600e+002 5.364084e-001
    endloop
  endfacet
  facet normal 7.065579e-001 0.000000e+000 0.000000e+000
    outer loop
      vertex   -2.179971e+002 2.452892e+002 5.000000e-001
      vertex   -2.179971e+002 2.452600e+002 5.486717e-001
      vertex   -2.179971e+002 2.452600e+002 5.416889e-001
    endloop
  endfacet
  facet normal 7.436177e-001 0.000000e+000 0.000000e+000
    outer loop
      vertex   -2.179971e+002 2.452892e+002 5.000000e-001
      vertex   -2.179971e+002 2.452600e+002 5.580511e-001
      vertex   -2.179971e+002 2.452600e+002 5.486717e-001
    endloop
  endfacet
  facet normal 7.557658e-001 0.000000e+000 0.000000e+000
    outer loop
      vertex   -2.179971e+002 2.452892e+002 5.000000e-001
      vertex   -2.179971e+002 2.452600e+002 5.709295e-001
      vertex   -2.179971e+002 2.452600e+002 5.580511e-001
    endloop
  endfacet
  facet normal 7.414267e-001 0.000000e+000 0.000000e+000
    outer loop
      vertex   -2.179971e+002 2.452892e+002 5.000000e-001
      vertex   -2.179971e+002 2.452600e+002 5.891666e-001
      vertex   -2.179971e+002 2.452600e+002 5.709295e-001
    endloop
  endfacet
  facet normal 7.025182e-001 0.000000e+000 0.000000e+000
    outer loop
      vertex   -2.179971e+002 2.452892e+002 5.000000e-001
      vertex   -2.179971e+002 2.452600e+002 6.161385e-001
      vertex   -2.179971e+002 2.452600e+002 5.891666e-001
    endloop
  endfacet
  facet normal 6.441408e-001 0.000000e+000 0.000000e+000
    outer loop
      vertex   -2.179971e+002 2.452892e+002 5.000000e-001
      vertex   -2.179971e+002 2.452600e+002 6.586504e-001
      vertex   -2.179971e+002 2.452600e+002 6.161385e-001
    endloop
  endfacet
  facet normal 5.727561e-001 0.000000e+000 0.000000e+000
    outer loop
      vertex   -2.179971e+002 2.452892e+002 5.000000e-001
      vertex   -2.179971e+002 2.452600e+002 7.326574e-001
      vertex   -2.179971e+002 2.452600e+002 6.586504e-001
    endloop
  endfacet
  facet normal 4.949900e-001 0.000000e+000 0.000000e+000
    outer loop
      vertex   -2.179971e+002 2.452892e+002 5.000000e-001
      vertex   -2.179971e+002 2.452600e+002 8.862085e-001
      vertex   -2.179971e+002 2.452600e+002 7.326574e-001
    endloop
  endfacet
  facet normal 4.161885e-001 0.000000e+000 0.000000e+000
    outer loop
      vertex   -2.179971e+002 2.452892e+002 5.000000e-001
      vertex   -2.179971e+002 2.452600e+002 1.359953e+000
      vertex   -2.179971e+002 2.452600e+002 8.862085e-001
    endloop
  endfacet
  facet normal 3.402610e-001 0.000000e+000 0.000000e+000
    outer loop
      vertex   -2.179971e+002 2.452892e+002 5.000000e-001
      vertex   -2.179971e+002 2.452892e+002 5.197224e+000
      vertex   -2.179971e+002 2.452600e+002 1.359953e+000
    endloop
  endfacet
  facet normal 5.421718e+000 0.000000e+000 0.000000e+000
    outer loop
      vertex   -2.179971e+002 2.452892e+002 5.197224e+000
      vertex   -2.179971e+002 2.452600e+002 5.152600e+000
      vertex   -2.179971e+002 2.452600e+002 1.359953e+000
    endloop
  endfacet
  facet normal -4.128201e-001 -3.589383e-001 1.483994e-002
    outer loop
      vertex   -2.794970e+002 2.452892e+002 7.000000e+000
      vertex   -2.795048e+002 2.452892e+002 6.784315e+000
      vertex   -2.794970e+002 2.452790e+002 6.752262e+000
    endloop
  endfacet
  facet normal -3.431890e+000 -3.748026e+000 3.675256e-001
    outer loop
      vertex   -2.794970e+002 2.452790e+002 6.752262e+000
      vertex   -2.795048e+002 2.452892e+002 6.784315e+000
      vertex   -2.795278e+002 2.452892e+002 6.569164e+000
    endloop
  endfacet
  facet normal -1.764614e+000 -1.643312e+000 2.048535e-001
    outer loop
      vertex   -2.794970e+002 2.452790e+002 6.752262e+000
      vertex   -2.795278e+002 2.452892e+002 6.569164e+000
      vertex   -2.794970e+002 2.452600e+002 6.599563e+000
    endloop
  endfacet
  facet normal -7.280702e+000 -6.780584e+000 8.448595e-001
    outer loop
      vertex   -2.795278e+002 2.452892e+002 6.569164e+000
      vertex   -2.795058e+002 2.452600e+002 6.524117e+000
      vertex   -2.794970e+002 2.452600e+002 6.599563e+000
    endloop
  endfacet
  facet normal -4.964911e+000 -5.087028e+000 8.771598e-001
    outer loop
      vertex   -2.795278e+002 2.452892e+002 6.569164e+000
      vertex   -2.795660e+002 2.452892e+002 6.352921e+000
      vertex   -2.795058e+002 2.452600e+002 6.524117e+000
    endloop
  endfacet
  facet normal -7.910439e-001 -8.099517e-001 1.398490e-001
    outer loop
      vertex   -2.795660e+002 2.452892e+002 6.352921e+000
      vertex   -2.795167e+002 2.452600e+002 6.462622e+000
      vertex   -2.795058e+002 2.452600e+002 6.524117e+000
    endloop
  endfacet
  facet normal -7.042036e+000 -6.649773e+000 1.394577e+000
    outer loop
      vertex   -2.795660e+002 2.452892e+002 6.352921e+000
      vertex   -2.795440e+002 2.452600e+002 6.324412e+000
      vertex   -2.795167e+002 2.452600e+002 6.462622e+000
    endloop
  endfacet
  facet normal -6.128089e+000 -6.063140e+000 1.497447e+000
    outer loop
      vertex   -2.795660e+002 2.452892e+002 6.352921e+000
      vertex   -2.796195e+002 2.452892e+002 6.133975e+000
      vertex   -2.795440e+002 2.452600e+002 6.324412e+000
    endloop
  endfacet
  facet normal -3.298188e+000 -3.262658e+000 8.060266e-001
    outer loop
      vertex   -2.796195e+002 2.452892e+002 6.133975e+000
      vertex   -2.795805e+002 2.452600e+002 6.175303e+000
      vertex   -2.795440e+002 2.452600e+002 6.324412e+000
    endloop
  endfacet
  facet normal -6.703942e+000 -6.299139e+000 1.873949e+000
    outer loop
      vertex   -2.796195e+002 2.452892e+002 6.133975e+000
      vertex   -2.795975e+002 2.452600e+002 6.114507e+000
      vertex   -2.795805e+002 2.452600e+002 6.175303e+000
    endloop
  endfacet
  facet normal -6.737258e+000 -6.465606e+000 2.086533e+000
    outer loop
      vertex   -2.796195e+002 2.452892e+002 6.133975e+000
      vertex   -2.796887e+002 2.452892e+002 5.910692e+000
      vertex   -2.795975e+002 2.452600e+002 6.114507e+000
    endloop
  endfacet
  facet normal -4.779751e+000 -4.584979e+000 1.480586e+000
    outer loop
      vertex   -2.796887e+002 2.452892e+002 5.910692e+000
      vertex   -2.796542e+002 2.452600e+002 5.931445e+000
      vertex   -2.795975e+002 2.452600e+002 6.114507e+000
    endloop
  endfacet
  facet normal -5.136648e+000 -4.743272e+000 1.850799e+000
    outer loop
      vertex   -2.796887e+002 2.452892e+002 5.910692e+000
      vertex   -2.796665e+002 2.452600e+002 5.897275e+000
      vertex   -2.796542e+002 2.452600e+002 5.931445e+000
    endloop
  endfacet
  facet normal -7.014644e+000 -6.515667e+000 2.610873e+000
    outer loop
      vertex   -2.796887e+002 2.452892e+002 5.910692e+000
      vertex   -2.797740e+002 2.452892e+002 5.681371e+000
      vertex   -2.796665e+002 2.452600e+002 5.897275e+000
    endloop
  endfacet
  facet normal -5.383180e+000 -4.998206e+000 2.003915e+000
    outer loop
      vertex   -2.797740e+002 2.452892e+002 5.681371e+000
      vertex   -2.797420e+002 2.452600e+002 5.694528e+000
      vertex   -2.796665e+002 2.452600e+002 5.897275e+000
    endloop
  endfacet
  facet normal -5.922714e+000 -5.340500e+000 2.557820e+000
    outer loop
      vertex   -2.797740e+002 2.452892e+002 5.681371e+000
      vertex   -2.798765e+002 2.452892e+002 5.444203e+000
      vertex   -2.797420e+002 2.452600e+002 5.694528e+000
    endloop
  endfacet
  facet normal -3.224441e+000 -2.909248e+000 1.392319e+000
    outer loop
      vertex   -2.798765e+002 2.452892e+002 5.444203e+000
      vertex   -2.798325e+002 2.452600e+002 5.484844e+000
      vertex   -2.797420e+002 2.452600e+002 5.694528e+000
    endloop
  endfacet
  facet normal -3.045052e+000 -2.723356e+000 1.332176e+000
    outer loop
      vertex   -2.798765e+002 2.452892e+002 5.444203e+000
      vertex   -2.798458e+002 2.452600e+002 5.454565e+000
      vertex   -2.798325e+002 2.452600e+002 5.484844e+000
    endloop
  endfacet
  facet normal -6.023032e+000 -5.278650e+000 2.940386e+000
    outer loop
      vertex   -2.798765e+002 2.452892e+002 5.444203e+000
      vertex   -2.799970e+002 2.452892e+002 5.197224e+000
      vertex   -2.798458e+002 2.452600e+002 5.454565e+000
    endloop
  endfacet
  facet normal -3.789581e+000 -3.321472e+000 1.850009e+000
    outer loop
      vertex   -2.799970e+002 2.452892e+002 5.197224e+000
      vertex   -2.799566e+002 2.452600e+002 5.227586e+000
      vertex   -2.798458e+002 2.452600e+002 5.454565e+000
    endloop
  endfacet
  facet normal -2.405032e+000 -2.056526e+000 1.223683e+000
    outer loop
      vertex   -2.799970e+002 2.452892e+002 5.197224e+000
      vertex   -2.799671e+002 2.452600e+002 5.206931e+000
      vertex   -2.799566e+002 2.452600e+002 5.227586e+000
    endloop
  endfacet
  facet normal -6.929596e+000 -5.826908e+000 3.823016e+000
    outer loop
      vertex   -2.799970e+002 2.452892e+002 5.197224e+000
      vertex   -2.799970e+002 2.452600e+002 5.152600e+000
      vertex   -2.799671e+002 2.452600e+002 5.206931e+000
    endloop
  endfacet
  facet normal 4.499680e+000 -3.945107e+000 2.196874e+000
    outer loop
      vertex   -2.179971e+002 2.452892e+002 5.197224e+000
      vertex   -2.181176e+002 2.452892e+002 5.444203e+000
      vertex   -2.180376e+002 2.452600e+002 5.227586e+000
    endloop
  endfacet
  facet normal 6.533928e+000 -5.728454e+000 3.190027e+000
    outer loop
      vertex   -2.181176e+002 2.452892e+002 5.444203e+000
      vertex   -2.181484e+002 2.452600e+002 5.454565e+000
      vertex   -2.180376e+002 2.452600e+002 5.227586e+000
    endloop
  endfacet
  facet normal 2.405132e+000 -2.055092e+000 1.225955e+000
    outer loop
      vertex   -2.179971e+002 2.452892e+002 5.197224e+000
      vertex   -2.180376e+002 2.452600e+002 5.227586e+000
      vertex   -2.180270e+002 2.452600e+002 5.206931e+000
    endloop
  endfacet
  facet normal 6.930667e+000 -5.825954e+000 3.822390e+000
    outer loop
      vertex   -2.179971e+002 2.452892e+002 5.197224e+000
      vertex   -2.180270e+002 2.452600e+002 5.206931e+000
      vertex   -2.179971e+002 2.452600e+002 5.152600e+000
    endloop
  endfacet
  facet normal 3.044584e+000 -2.724269e+000 1.331013e+000
    outer loop
      vertex   -2.181176e+002 2.452892e+002 5.444203e+000
      vertex   -2.181616e+002 2.452600e+002 5.484844e+000
      vertex   -2.181484e+002 2.452600e+002 5.454565e+000
    endloop
  endfacet
  facet normal 4.033126e+000 -3.638973e+000 1.741447e+000
    outer loop
      vertex   -2.181176e+002 2.452892e+002 5.444203e+000
      vertex   -2.182200e+002 2.452892e+002 5.681371e+000
      vertex   -2.181616e+002 2.452600e+002 5.484844e+000
    endloop
  endfacet
  facet normal 6.529591e+000 -5.892163e+000 2.819489e+000
    outer loop
      vertex   -2.182200e+002 2.452892e+002 5.681371e+000
      vertex   -2.182521e+002 2.452600e+002 5.694528e+000
      vertex   -2.181616e+002 2.452600e+002 5.484844e+000
    endloop
  endfacet
  facet normal 6.044409e+000 -5.616226e+000 2.249749e+000
    outer loop
      vertex   -2.182200e+002 2.452892e+002 5.681371e+000
      vertex   -2.183054e+002 2.452892e+002 5.910692e+000
      vertex   -2.182521e+002 2.452600e+002 5.694528e+000
    endloop
  endfacet
  facet normal 6.756364e+000 -6.280322e+000 2.515090e+000
    outer loop
      vertex   -2.183054e+002 2.452892e+002 5.910692e+000
      vertex   -2.183276e+002 2.452600e+002 5.897275e+000
      vertex   -2.182521e+002 2.452600e+002 5.694528e+000
    endloop
  endfacet
  facet normal 5.133182e+000 -4.744071e+000 1.850983e+000
    outer loop
      vertex   -2.183054e+002 2.452892e+002 5.910692e+000
      vertex   -2.183399e+002 2.452600e+002 5.931445e+000
      vertex   -2.183276e+002 2.452600e+002 5.897275e+000
    endloop
  endfacet
  facet normal 5.614693e+000 -5.391459e+000 1.739113e+000
    outer loop
      vertex   -2.183054e+002 2.452892e+002 5.910692e+000
      vertex   -2.183746e+002 2.452892e+002 6.133975e+000
      vertex   -2.183399e+002 2.452600e+002 5.931445e+000
    endloop
  endfacet
  facet normal 6.221020e+000 -5.970007e+000 1.926388e+000
    outer loop
      vertex   -2.183746e+002 2.452892e+002 6.133975e+000
      vertex   -2.183966e+002 2.452600e+002 6.114507e+000
      vertex   -2.183399e+002 2.452600e+002 5.931445e+000
    endloop
  endfacet
  facet normal 6.702722e+000 -6.299390e+000 1.875711e+000
    outer loop
      vertex   -2.183746e+002 2.452892e+002 6.133975e+000
      vertex   -2.184136e+002 2.452600e+002 6.175303e+000
      vertex   -2.183966e+002 2.452600e+002 6.114507e+000
    endloop
  endfacet
  facet normal 4.445741e+000 -4.400914e+000 1.086352e+000
    outer loop
      vertex   -2.183746e+002 2.452892e+002 6.133975e+000
      vertex   -2.184281e+002 2.452892e+002 6.352921e+000
      vertex   -2.184136e+002 2.452600e+002 6.175303e+000
    endloop
  endfacet
  facet normal 5.208164e+000 -5.154472e+000 1.272462e+000
    outer loop
      vertex   -2.184281e+002 2.452892e+002 6.352921e+000
      vertex   -2.184501e+002 2.452600e+002 6.324412e+000
      vertex   -2.184136e+002 2.452600e+002 6.175303e+000
    endloop
  endfacet
  facet normal 7.041133e+000 -6.651214e+000 1.394398e+000
    outer loop
      vertex   -2.184281e+002 2.452892e+002 6.352921e+000
      vertex   -2.184774e+002 2.452600e+002 6.462622e+000
      vertex   -2.184501e+002 2.452600e+002 6.324412e+000
    endloop
  endfacet
  facet normal 2.328553e+000 -2.385234e+000 4.115950e-001
    outer loop
      vertex   -2.184281e+002 2.452892e+002 6.352921e+000
      vertex   -2.184663e+002 2.452892e+002 6.569164e+000
      vertex   -2.184774e+002 2.452600e+002 6.462622e+000
    endloop
  endfacet
  facet normal 2.792054e+000 -2.860327e+000 4.936085e-001
    outer loop
      vertex   -2.184663e+002 2.452892e+002 6.569164e+000
      vertex   -2.184883e+002 2.452600e+002 6.524117e+000
      vertex   -2.184774e+002 2.452600e+002 6.462622e+000
    endloop
  endfacet
  facet normal 5.392180e+000 -5.019328e+000 6.252565e-001
    outer loop
      vertex   -2.184663e+002 2.452892e+002 6.569164e+000
      vertex   -2.184970e+002 2.452790e+002 6.752262e+000
      vertex   -2.184883e+002 2.452600e+002 6.524117e+000
    endloop
  endfacet
  facet normal 4.073559e-001 -3.783682e-001 4.716698e-002
    outer loop
      vertex   -2.184970e+002 2.452790e+002 6.752262e+000
      vertex   -2.184970e+002 2.452600e+002 6.599563e+000
      vertex   -2.184883e+002 2.452600e+002 6.524117e+000
    endloop
  endfacet
  facet normal 3.432190e+000 -3.744206e+000 3.672535e-001
    outer loop
      vertex   -2.184970e+002 2.452790e+002 6.752262e+000
      vertex   -2.184663e+002 2.452892e+002 6.569164e+000
      vertex   -2.184893e+002 2.452892e+002 6.784315e+000
    endloop
  endfacet
  facet normal 2.580320e+000 -2.240774e+000 9.264249e-002
    outer loop
      vertex   -2.184970e+002 2.452790e+002 6.752262e+000
      vertex   -2.184893e+002 2.452892e+002 6.784315e+000
      vertex   -2.184970e+002 2.452892e+002 7.000000e+000
    endloop
  endfacet
  facet normal 5.773488e+000 0.000000e+000 -5.773510e+000
    outer loop
      vertex   -2.754970e+002 2.457892e+002 0.000000e+000
      vertex   -2.749970e+002 2.452892e+002 5.000000e-001
      vertex   -2.754970e+002 2.452600e+002 0.000000e+000
    endloop
  endfacet
  facet normal 6.718630e+000 2.300689e-004 -6.718669e+000
    outer loop
      vertex   -2.749970e+002 2.452892e+002 5.000000e-001
      vertex   -2.750029e+002 2.452600e+002 4.941435e-001
      vertex   -2.754970e+002 2.452600e+002 0.000000e+000
    endloop
  endfacet
  facet normal 1.924807e+000 0.000000e+000 -1.924489e+000
    outer loop
      vertex   -2.749970e+002 2.452892e+002 5.000000e-001
      vertex   -2.749970e+002 2.452600e+002 5.000000e-001
      vertex   -2.750029e+002 2.452600e+002 4.941435e-001
    endloop
  endfacet
  facet normal -6.667643e+000 3.786518e-003 -6.663754e+000
    outer loop
      vertex   -2.229971e+002 2.452892e+002 5.000000e-001
      vertex   -2.224971e+002 2.457892e+002 0.000000e+000
      vertex   -2.229912e+002 2.452600e+002 4.941435e-001
    endloop
  endfacet
  facet normal -5.636763e+000 -0.000000e+000 -5.636904e+000
    outer loop
      vertex   -2.224971e+002 2.457892e+002 0.000000e+000
      vertex   -2.224971e+002 2.452600e+002 0.000000e+000
      vertex   -2.229912e+002 2.452600e+002 4.941435e-001
    endloop
  endfacet
  facet normal -1.925039e+000 -0.000000e+000 -1.918452e+000
    outer loop
      vertex   -2.229971e+002 2.452892e+002 5.000000e-001
      vertex   -2.229912e+002 2.452600e+002 4.941435e-001
      vertex   -2.229971e+002 2.452600e+002 5.000000e-001
    endloop
  endfacet
  facet normal -8.956724e+000 0.000000e+000 0.000000e+000
    outer loop
      vertex   -2.229971e+002 2.452892e+002 5.000000e-001
      vertex   -2.229971e+002 2.452600e+002 5.000000e-001
      vertex   -2.229971e+002 2.452600e+002 5.589666e-001
    endloop
  endfacet
  facet normal -7.478180e-001 0.000000e+000 0.000000e+000
    outer loop
      vertex   -2.229971e+002 2.452892e+002 5.000000e-001
      vertex   -2.229971e+002 2.452600e+002 5.589666e-001
      vertex   -2.229971e+002 2.452600e+002 5.720434e-001
    endloop
  endfacet
  facet normal -7.319155e-001 0.000000e+000 0.000000e+000
    outer loop
      vertex   -2.229971e+002 2.452892e+002 5.000000e-001
      vertex   -2.229971e+002 2.452600e+002 5.720434e-001
      vertex   -2.229971e+002 2.452600e+002 5.905428e-001
    endloop
  endfacet
  facet normal -6.924360e-001 0.000000e+000 0.000000e+000
    outer loop
      vertex   -2.229971e+002 2.452892e+002 5.000000e-001
      vertex   -2.229971e+002 2.452600e+002 5.905428e-001
      vertex   -2.229971e+002 2.452600e+002 6.178780e-001
    endloop
  endfacet
  facet normal -6.344094e-001 0.000000e+000 0.000000e+000
    outer loop
      vertex   -2.229971e+002 2.452892e+002 5.000000e-001
      vertex   -2.229971e+002 2.452600e+002 6.178780e-001
      vertex   -2.229971e+002 2.452600e+002 6.609268e-001
    endloop
  endfacet
  facet normal -5.641087e-001 0.000000e+000 0.000000e+000
    outer loop
      vertex   -2.229971e+002 2.452892e+002 5.000000e-001
      vertex   -2.229971e+002 2.452600e+002 6.609268e-001
      vertex   -2.229971e+002 2.452600e+002 7.358160e-001
    endloop
  endfacet
  facet normal -4.878214e-001 0.000000e+000 0.000000e+000
    outer loop
      vertex   -2.229971e+002 2.452892e+002 5.000000e-001
      vertex   -2.229971e+002 2.452600e+002 7.358160e-001
      vertex   -2.229971e+002 2.452600e+002 8.910952e-001
    endloop
  endfacet
  facet normal -4.106879e-001 0.000000e+000 0.000000e+000
    outer loop
      vertex   -2.229971e+002 2.452892e+002 5.000000e-001
      vertex   -2.229971e+002 2.452600e+002 8.910952e-001
      vertex   -2.229971e+002 2.452600e+002 1.369964e+000
    endloop
  endfacet
  facet normal -5.482239e+000 0.000000e+000 0.000000e+000
    outer loop
      vertex   -2.229971e+002 2.452892e+002 5.197224e+000
      vertex   -2.229971e+002 2.452892e+002 5.000000e-001
      vertex   -2.229971e+002 2.452600e+002 5.152560e+000
    endloop
  endfacet
  facet normal -2.734519e-001 0.000000e+000 0.000000e+000
    outer loop
      vertex   -2.229971e+002 2.452892e+002 5.000000e-001
      vertex   -2.229971e+002 2.452600e+002 1.369964e+000
      vertex   -2.229971e+002 2.452600e+002 5.152560e+000
    endloop
  endfacet
  facet normal 8.956724e+000 0.000000e+000 0.000000e+000
    outer loop
      vertex   -2.749970e+002 2.452892e+002 5.000000e-001
      vertex   -2.749970e+002 2.452600e+002 5.589666e-001
      vertex   -2.749970e+002 2.452600e+002 5.000000e-001
    endloop
  endfacet
  facet normal 3.363501e-001 0.000000e+000 0.000000e+000
    outer loop
      vertex   -2.749970e+002 2.452892e+002 5.000000e-001
      vertex   -2.749970e+002 2.452892e+002 5.197224e+000
      vertex   -2.749970e+002 2.452600e+002 1.369964e+000
    endloop
  endfacet
  facet normal 5.418103e+000 0.000000e+000 0.000000e+000
    outer loop
      vertex   -2.749970e+002 2.452892e+002 5.197224e+000
      vertex   -2.749970e+002 2.452600e+002 5.152560e+000
      vertex   -2.749970e+002 2.452600e+002 1.369964e+000
    endloop
  endfacet
  facet normal 4.106879e-001 0.000000e+000 0.000000e+000
    outer loop
      vertex   -2.749970e+002 2.452892e+002 5.000000e-001
      vertex   -2.749970e+002 2.452600e+002 1.369964e+000
      vertex   -2.749970e+002 2.452600e+002 8.910952e-001
    endloop
  endfacet
  facet normal 4.878214e-001 0.000000e+000 0.000000e+000
    outer loop
      vertex   -2.749970e+002 2.452892e+002 5.000000e-001
      vertex   -2.749970e+002 2.452600e+002 8.910952e-001
      vertex   -2.749970e+002 2.452600e+002 7.358160e-001
    endloop
  endfacet
  facet normal 5.641087e-001 0.000000e+000 0.000000e+000
    outer loop
      vertex   -2.749970e+002 2.452892e+002 5.000000e-001
      vertex   -2.749970e+002 2.452600e+002 7.358160e-001
      vertex   -2.749970e+002 2.452600e+002 6.609268e-001
    endloop
  endfacet
  facet normal 6.344094e-001 0.000000e+000 0.000000e+000
    outer loop
      vertex   -2.749970e+002 2.452892e+002 5.000000e-001
      vertex   -2.749970e+002 2.452600e+002 6.609268e-001
      vertex   -2.749970e+002 2.452600e+002 6.178780e-001
    endloop
  endfacet
  facet normal 6.924360e-001 0.000000e+000 0.000000e+000
    outer loop
      vertex   -2.749970e+002 2.452892e+002 5.000000e-001
      vertex   -2.749970e+002 2.452600e+002 6.178780e-001
      vertex   -2.749970e+002 2.452600e+002 5.905428e-001
    endloop
  endfacet
  facet normal 7.319155e-001 0.000000e+000 0.000000e+000
    outer loop
      vertex   -2.749970e+002 2.452892e+002 5.000000e-001
      vertex   -2.749970e+002 2.452600e+002 5.905428e-001
      vertex   -2.749970e+002 2.452600e+002 5.720434e-001
    endloop
  endfacet
  facet normal 7.478180e-001 0.000000e+000 0.000000e+000
    outer loop
      vertex   -2.749970e+002 2.452892e+002 5.000000e-001
      vertex   -2.749970e+002 2.452600e+002 5.720434e-001
      vertex   -2.749970e+002 2.452600e+002 5.589666e-001
    endloop
  endfacet
  facet normal -4.122849e-001 -3.576164e-001 1.476601e-002
    outer loop
      vertex   -2.224971e+002 2.452892e+002 7.000000e+000
      vertex   -2.225048e+002 2.452892e+002 6.784315e+000
      vertex   -2.224971e+002 2.452790e+002 6.752632e+000
    endloop
  endfacet
  facet normal -3.451497e+000 -3.756956e+000 3.696253e-001
    outer loop
      vertex   -2.224971e+002 2.452790e+002 6.752632e+000
      vertex   -2.225048e+002 2.452892e+002 6.784315e+000
      vertex   -2.225278e+002 2.452892e+002 6.569164e+000
    endloop
  endfacet
  facet normal -1.760228e+000 -1.638674e+000 2.039448e-001
    outer loop
      vertex   -2.224971e+002 2.452790e+002 6.752632e+000
      vertex   -2.225278e+002 2.452892e+002 6.569164e+000
      vertex   -2.224971e+002 2.452600e+002 6.599455e+000
    endloop
  endfacet
  facet normal -7.280180e+000 -6.776045e+000 8.448508e-001
    outer loop
      vertex   -2.225278e+002 2.452892e+002 6.569164e+000
      vertex   -2.225058e+002 2.452600e+002 6.524508e+000
      vertex   -2.224971e+002 2.452600e+002 6.599455e+000
    endloop
  endfacet
  facet normal -4.989912e+000 -5.105782e+000 8.815767e-001
    outer loop
      vertex   -2.225278e+002 2.452892e+002 6.569164e+000
      vertex   -2.225660e+002 2.452892e+002 6.352921e+000
      vertex   -2.225058e+002 2.452600e+002 6.524508e+000
    endloop
  endfacet
  facet normal -7.783872e-001 -7.983547e-001 1.371961e-001
    outer loop
      vertex   -2.225660e+002 2.452892e+002 6.352921e+000
      vertex   -2.225165e+002 2.452600e+002 6.463475e+000
      vertex   -2.225058e+002 2.452600e+002 6.524508e+000
    endloop
  endfacet
  facet normal -7.046780e+000 -6.652307e+000 1.394383e+000
    outer loop
      vertex   -2.225660e+002 2.452892e+002 6.352921e+000
      vertex   -2.225440e+002 2.452600e+002 6.324671e+000
      vertex   -2.225165e+002 2.452600e+002 6.463475e+000
    endloop
  endfacet
  facet normal -6.145942e+000 -6.078061e+000 1.502345e+000
    outer loop
      vertex   -2.225660e+002 2.452892e+002 6.352921e+000
      vertex   -2.226196e+002 2.452892e+002 6.133975e+000
      vertex   -2.225440e+002 2.452600e+002 6.324671e+000
    endloop
  endfacet
  facet normal -3.270255e+000 -3.234887e+000 7.992823e-001
    outer loop
      vertex   -2.226196e+002 2.452892e+002 6.133975e+000
      vertex   -2.225804e+002 2.452600e+002 6.175773e+000
      vertex   -2.225440e+002 2.452600e+002 6.324671e+000
    endloop
  endfacet
  facet normal -6.704835e+000 -6.299201e+000 1.872066e+000
    outer loop
      vertex   -2.226196e+002 2.452892e+002 6.133975e+000
      vertex   -2.225974e+002 2.452600e+002 6.114702e+000
      vertex   -2.225804e+002 2.452600e+002 6.175773e+000
    endloop
  endfacet
  facet normal -6.747179e+000 -6.474213e+000 2.089317e+000
    outer loop
      vertex   -2.226196e+002 2.452892e+002 6.133975e+000
      vertex   -2.226887e+002 2.452892e+002 5.910692e+000
      vertex   -2.225974e+002 2.452600e+002 6.114702e+000
    endloop
  endfacet
  facet normal -4.752946e+000 -4.560847e+000 1.471760e+000
    outer loop
      vertex   -2.226887e+002 2.452892e+002 5.910692e+000
      vertex   -2.226541e+002 2.452600e+002 5.931760e+000
      vertex   -2.225974e+002 2.452600e+002 6.114702e+000
    endloop
  endfacet
  facet normal -5.141903e+000 -4.747581e+000 1.851375e+000
    outer loop
      vertex   -2.226887e+002 2.452892e+002 5.910692e+000
      vertex   -2.226664e+002 2.452600e+002 5.897433e+000
      vertex   -2.226541e+002 2.452600e+002 5.931760e+000
    endloop
  endfacet
  facet normal -7.018282e+000 -6.518935e+000 2.612811e+000
    outer loop
      vertex   -2.226887e+002 2.452892e+002 5.910692e+000
      vertex   -2.227741e+002 2.452892e+002 5.681371e+000
      vertex   -2.226664e+002 2.452600e+002 5.897433e+000
    endloop
  endfacet
  facet normal -5.359448e+000 -4.981016e+000 1.994858e+000
    outer loop
      vertex   -2.227741e+002 2.452892e+002 5.681371e+000
      vertex   -2.227419e+002 2.452600e+002 5.694766e+000
      vertex   -2.226664e+002 2.452600e+002 5.897433e+000
    endloop
  endfacet
  facet normal -5.903327e+000 -5.325603e+000 2.548973e+000
    outer loop
      vertex   -2.227741e+002 2.452892e+002 5.681371e+000
      vertex   -2.228765e+002 2.452892e+002 5.444203e+000
      vertex   -2.227419e+002 2.452600e+002 5.694766e+000
    endloop
  endfacet
  facet normal -3.206757e+000 -2.892936e+000 1.384632e+000
    outer loop
      vertex   -2.228765e+002 2.452892e+002 5.444203e+000
      vertex   -2.228324e+002 2.452600e+002 5.485162e+000
      vertex   -2.227419e+002 2.452600e+002 5.694766e+000
    endloop
  endfacet
  facet normal -3.037744e+000 -2.717433e+000 1.328116e+000
    outer loop
      vertex   -2.228765e+002 2.452892e+002 5.444203e+000
      vertex   -2.228457e+002 2.452600e+002 5.454755e+000
      vertex   -2.228324e+002 2.452600e+002 5.485162e+000
    endloop
  endfacet
  facet normal -6.008403e+000 -5.264371e+000 2.933476e+000
    outer loop
      vertex   -2.228765e+002 2.452892e+002 5.444203e+000
      vertex   -2.229971e+002 2.452892e+002 5.197224e+000
      vertex   -2.228457e+002 2.452600e+002 5.454755e+000
    endloop
  endfacet
  facet normal -3.772051e+000 -3.306445e+000 1.841455e+000
    outer loop
      vertex   -2.229971e+002 2.452892e+002 5.197224e+000
      vertex   -2.229565e+002 2.452600e+002 5.227835e+000
      vertex   -2.228457e+002 2.452600e+002 5.454755e+000
    endloop
  endfacet
  facet normal -2.401224e+000 -2.053955e+000 1.220896e+000
    outer loop
      vertex   -2.229971e+002 2.452892e+002 5.197224e+000
      vertex   -2.229670e+002 2.452600e+002 5.207090e+000
      vertex   -2.229565e+002 2.452600e+002 5.227835e+000
    endloop
  endfacet
  facet normal -6.935158e+000 -5.832147e+000 3.823032e+000
    outer loop
      vertex   -2.229971e+002 2.452892e+002 5.197224e+000
      vertex   -2.229971e+002 2.452600e+002 5.152560e+000
      vertex   -2.229670e+002 2.452600e+002 5.207090e+000
    endloop
  endfacet
  facet normal 4.483248e+000 -3.931284e+000 2.188678e+000
    outer loop
      vertex   -2.749970e+002 2.452892e+002 5.197224e+000
      vertex   -2.751176e+002 2.452892e+002 5.444203e+000
      vertex   -2.750377e+002 2.452600e+002 5.227835e+000
    endloop
  endfacet
  facet normal 6.523235e+000 -5.719805e+000 3.184538e+000
    outer loop
      vertex   -2.751176e+002 2.452892e+002 5.444203e+000
      vertex   -2.751484e+002 2.452600e+002 5.454755e+000
      vertex   -2.750377e+002 2.452600e+002 5.227835e+000
    endloop
  endfacet
  facet normal 2.400954e+000 -2.053352e+000 1.221862e+000
    outer loop
      vertex   -2.749970e+002 2.452892e+002 5.197224e+000
      vertex   -2.750377e+002 2.452600e+002 5.227835e+000
      vertex   -2.750271e+002 2.452600e+002 5.207090e+000
    endloop
  endfacet
  facet normal 6.935158e+000 -5.832147e+000 3.823032e+000
    outer loop
      vertex   -2.749970e+002 2.452892e+002 5.197224e+000
      vertex   -2.750271e+002 2.452600e+002 5.207090e+000
      vertex   -2.749970e+002 2.452600e+002 5.152560e+000
    endloop
  endfacet
  facet normal 3.036813e+000 -2.719265e+000 1.325804e+000
    outer loop
      vertex   -2.751176e+002 2.452892e+002 5.444203e+000
      vertex   -2.751617e+002 2.452600e+002 5.485162e+000
      vertex   -2.751484e+002 2.452600e+002 5.454755e+000
    endloop
  endfacet
  facet normal 4.016047e+000 -3.622799e+000 1.734233e+000
    outer loop
      vertex   -2.751176e+002 2.452892e+002 5.444203e+000
      vertex   -2.752200e+002 2.452892e+002 5.681371e+000
      vertex   -2.751617e+002 2.452600e+002 5.485162e+000
    endloop
  endfacet
  facet normal 6.518069e+000 -5.880048e+000 2.814705e+000
    outer loop
      vertex   -2.752200e+002 2.452892e+002 5.681371e+000
      vertex   -2.752522e+002 2.452600e+002 5.694766e+000
      vertex   -2.751617e+002 2.452600e+002 5.485162e+000
    endloop
  endfacet
  facet normal 6.025911e+000 -5.599989e+000 2.243866e+000
    outer loop
      vertex   -2.752200e+002 2.452892e+002 5.681371e+000
      vertex   -2.753054e+002 2.452892e+002 5.910692e+000
      vertex   -2.752522e+002 2.452600e+002 5.694766e+000
    endloop
  endfacet
  facet normal 6.764689e+000 -6.288145e+000 2.519181e+000
    outer loop
      vertex   -2.753054e+002 2.452892e+002 5.910692e+000
      vertex   -2.753277e+002 2.452600e+002 5.897433e+000
      vertex   -2.752522e+002 2.452600e+002 5.694766e+000
    endloop
  endfacet
  facet normal 5.140475e+000 -4.748318e+000 1.848004e+000
    outer loop
      vertex   -2.753054e+002 2.452892e+002 5.910692e+000
      vertex   -2.753400e+002 2.452600e+002 5.931760e+000
      vertex   -2.753277e+002 2.452600e+002 5.897433e+000
    endloop
  endfacet
  facet normal 5.594215e+000 -5.368435e+000 1.731815e+000
    outer loop
      vertex   -2.753054e+002 2.452892e+002 5.910692e+000
      vertex   -2.753745e+002 2.452892e+002 6.133975e+000
      vertex   -2.753400e+002 2.452600e+002 5.931760e+000
    endloop
  endfacet
  facet normal 6.235063e+000 -5.984610e+000 1.930376e+000
    outer loop
      vertex   -2.753745e+002 2.452892e+002 6.133975e+000
      vertex   -2.753967e+002 2.452600e+002 6.114702e+000
      vertex   -2.753400e+002 2.452600e+002 5.931760e+000
    endloop
  endfacet
  facet normal 6.702802e+000 -6.300163e+000 1.872545e+000
    outer loop
      vertex   -2.753745e+002 2.452892e+002 6.133975e+000
      vertex   -2.754137e+002 2.452600e+002 6.175773e+000
      vertex   -2.753967e+002 2.452600e+002 6.114702e+000
    endloop
  endfacet
  facet normal 4.419790e+000 -4.374372e+000 1.080588e+000
    outer loop
      vertex   -2.753745e+002 2.452892e+002 6.133975e+000
      vertex   -2.754281e+002 2.452892e+002 6.352921e+000
      vertex   -2.754137e+002 2.452600e+002 6.175773e+000
    endloop
  endfacet
  facet normal 5.229626e+000 -5.173390e+000 1.278172e+000
    outer loop
      vertex   -2.754281e+002 2.452892e+002 6.352921e+000
      vertex   -2.754501e+002 2.452600e+002 6.324671e+000
      vertex   -2.754137e+002 2.452600e+002 6.175773e+000
    endloop
  endfacet
  facet normal 7.046088e+000 -6.653481e+000 1.393762e+000
    outer loop
      vertex   -2.754281e+002 2.452892e+002 6.352921e+000
      vertex   -2.754776e+002 2.452600e+002 6.463475e+000
      vertex   -2.754501e+002 2.452600e+002 6.324671e+000
    endloop
  endfacet
  facet normal 2.313466e+000 -2.369187e+000 4.087241e-001
    outer loop
      vertex   -2.754281e+002 2.452892e+002 6.352921e+000
      vertex   -2.754663e+002 2.452892e+002 6.569164e+000
      vertex   -2.754776e+002 2.452600e+002 6.463475e+000
    endloop
  endfacet
  facet normal 2.804899e+000 -2.869839e+000 4.948211e-001
    outer loop
      vertex   -2.754663e+002 2.452892e+002 6.569164e+000
      vertex   -2.754883e+002 2.452600e+002 6.524508e+000
      vertex   -2.754776e+002 2.452600e+002 6.463475e+000
    endloop
  endfacet
  facet normal 5.413270e+000 -5.038710e+000 6.272373e-001
    outer loop
      vertex   -2.754663e+002 2.452892e+002 6.569164e+000
      vertex   -2.754970e+002 2.452790e+002 6.752632e+000
      vertex   -2.754883e+002 2.452600e+002 6.524508e+000
    endloop
  endfacet
  facet normal 4.040582e-001 -3.763444e-001 4.683876e-002
    outer loop
      vertex   -2.754970e+002 2.452790e+002 6.752632e+000
      vertex   -2.754970e+002 2.452600e+002 6.599455e+000
      vertex   -2.754883e+002 2.452600e+002 6.524508e+000
    endloop
  endfacet
  facet normal 3.451497e+000 -3.756956e+000 3.696253e-001
    outer loop
      vertex   -2.754970e+002 2.452790e+002 6.752632e+000
      vertex   -2.754663e+002 2.452892e+002 6.569164e+000
      vertex   -2.754893e+002 2.452892e+002 6.784315e+000
    endloop
  endfacet
  facet normal 2.603781e+000 -2.258522e+000 9.325456e-002
    outer loop
      vertex   -2.754970e+002 2.452790e+002 6.752632e+000
      vertex   -2.754893e+002 2.452892e+002 6.784315e+000
      vertex   -2.754970e+002 2.452892e+002 7.000000e+000
    endloop
  endfacet
  facet normal -7.647352e-005 -9.904298e+000 1.234659e+000
    outer loop
      vertex   -2.184970e+002 2.452790e+002 6.752262e+000
      vertex   -2.209894e+002 2.452600e+002 6.599408e+000
      vertex   -2.184970e+002 2.452600e+002 6.599563e+000
    endloop
  endfacet
  facet normal 2.664339e-006 -6.130360e-001 7.629980e-002
    outer loop
      vertex   -2.184970e+002 2.452790e+002 6.752262e+000
      vertex   -2.224971e+002 2.452790e+002 6.752632e+000
      vertex   -2.209894e+002 2.452600e+002 6.599408e+000
    endloop
  endfacet
  facet normal 3.788764e-005 -9.871803e+000 1.228617e+000
    outer loop
      vertex   -2.224971e+002 2.452790e+002 6.752632e+000
      vertex   -2.224971e+002 2.452600e+002 6.599455e+000
      vertex   -2.209894e+002 2.452600e+002 6.599408e+000
    endloop
  endfacet
  facet normal -2.060257e-006 -6.181591e-001 2.555715e-002
    outer loop
      vertex   -2.224971e+002 2.452790e+002 6.752632e+000
      vertex   -2.184970e+002 2.452790e+002 6.752262e+000
      vertex   -2.184970e+002 2.452892e+002 7.000000e+000
    endloop
  endfacet
  facet normal -4.336809e-018 -9.972403e+000 4.117613e-001
    outer loop
      vertex   -2.224971e+002 2.452790e+002 6.752632e+000
      vertex   -2.184970e+002 2.452892e+002 7.000000e+000
      vertex   -2.224971e+002 2.452892e+002 7.000000e+000
    endloop
  endfacet
  facet normal 0.000000e+000 -9.991487e+000 4.125492e-001
    outer loop
      vertex   -2.754970e+002 2.452892e+002 7.000000e+000
      vertex   -2.794970e+002 2.452892e+002 7.000000e+000
      vertex   -2.754970e+002 2.452790e+002 6.752632e+000
    endloop
  endfacet
  facet normal 2.060277e-006 -6.181620e-001 2.555727e-002
    outer loop
      vertex   -2.754970e+002 2.452790e+002 6.752632e+000
      vertex   -2.794970e+002 2.452892e+002 7.000000e+000
      vertex   -2.794970e+002 2.452790e+002 6.752262e+000
    endloop
  endfacet
  facet normal -4.312426e-005 -9.923440e+000 1.235043e+000
    outer loop
      vertex   -2.754970e+002 2.452790e+002 6.752632e+000
      vertex   -2.794970e+002 2.452790e+002 6.752262e+000
      vertex   -2.754970e+002 2.452600e+002 6.599455e+000
    endloop
  endfacet
  facet normal -8.853474e-007 -2.306568e-001 2.870996e-002
    outer loop
      vertex   -2.794970e+002 2.452790e+002 6.752262e+000
      vertex   -2.770047e+002 2.452600e+002 6.599408e+000
      vertex   -2.754970e+002 2.452600e+002 6.599455e+000
    endloop
  endfacet
  facet normal 7.647410e-005 -9.904298e+000 1.234659e+000
    outer loop
      vertex   -2.794970e+002 2.452790e+002 6.752262e+000
      vertex   -2.794970e+002 2.452600e+002 6.599563e+000
      vertex   -2.770047e+002 2.452600e+002 6.599408e+000
    endloop
  endfacet
  facet normal 0.000000e+000 -7.071054e+000 -7.071081e+000
    outer loop
      vertex   -2.817470e+002 2.452892e+002 5.000000e-001
      vertex   -2.817470e+002 2.457892e+002 0.000000e+000
      vertex   -2.799970e+002 2.452892e+002 5.000000e-001
    endloop
  endfacet
  facet normal 0.000000e+000 -6.882458e+000 -6.882484e+000
    outer loop
      vertex   -2.799970e+002 2.452892e+002 5.000000e-001
      vertex   -2.817470e+002 2.457892e+002 0.000000e+000
      vertex   -2.794970e+002 2.457892e+002 0.000000e+000
    endloop
  endfacet
  facet normal 0.000000e+000 -5.773525e+000 -5.773547e+000
    outer loop
      vertex   -2.184970e+002 2.457892e+002 0.000000e+000
      vertex   -2.162471e+002 2.457892e+002 0.000000e+000
      vertex   -2.179971e+002 2.452892e+002 5.000000e-001
    endloop
  endfacet
  facet normal 0.000000e+000 -2.649074e+000 -2.649084e+000
    outer loop
      vertex   -2.179971e+002 2.452892e+002 5.000000e-001
      vertex   -2.162471e+002 2.457892e+002 0.000000e+000
      vertex   -2.162471e+002 2.452892e+002 5.000000e-001
    endloop
  endfacet
  facet normal -0.000000e+000 -5.773525e+000 -5.773547e+000
    outer loop
      vertex   -2.229971e+002 2.452892e+002 5.000000e-001
      vertex   -2.749970e+002 2.452892e+002 5.000000e-001
      vertex   -2.224971e+002 2.457892e+002 0.000000e+000
    endloop
  endfacet
  facet normal -0.000000e+000 -9.522949e-002 -9.522986e-002
    outer loop
      vertex   -2.224971e+002 2.457892e+002 0.000000e+000
      vertex   -2.749970e+002 2.452892e+002 5.000000e-001
      vertex   -2.754970e+002 2.457892e+002 0.000000e+000
    endloop
  endfacet
  facet normal -0.000000e+000 -1.000000e+001 -0.000000e+000
    outer loop
      vertex   -2.555457e+002 2.856892e+002 1.590000e+001
      vertex   -2.807470e+002 2.856892e+002 1.590000e+001
      vertex   -2.555457e+002 2.856892e+002 1.154992e+001
    endloop
  endfacet
  facet normal 0.000000e+000 -5.200921e+000 0.000000e+000
    outer loop
      vertex   -2.555457e+002 2.856892e+002 1.154992e+001
      vertex   -2.807470e+002 2.856892e+002 1.590000e+001
      vertex   -2.807470e+002 2.856892e+002 1.600000e+000
    endloop
  endfacet
  facet normal 0.000000e+000 -9.788448e+000 0.000000e+000
    outer loop
      vertex   -2.555457e+002 2.856892e+002 1.154992e+001
      vertex   -2.807470e+002 2.856892e+002 1.600000e+000
      vertex   -2.489971e+002 2.856892e+002 1.600000e+000
    endloop
  endfacet
  facet normal 0.000000e+000 -8.353159e+000 0.000000e+000
    outer loop
      vertex   -2.555457e+002 2.856892e+002 1.154992e+001
      vertex   -2.489971e+002 2.856892e+002 1.600000e+000
      vertex   -2.409730e+002 2.856892e+002 1.154992e+001
    endloop
  endfacet
  facet normal 0.000000e+000 -9.606216e+000 0.000000e+000
    outer loop
      vertex   -2.409730e+002 2.856892e+002 1.154992e+001
      vertex   -2.489971e+002 2.856892e+002 1.600000e+000
      vertex   -2.172470e+002 2.856892e+002 1.600000e+000
    endloop
  endfacet
  facet normal 0.000000e+000 -5.467044e+000 0.000000e+000
    outer loop
      vertex   -2.409730e+002 2.856892e+002 1.154992e+001
      vertex   -2.172470e+002 2.856892e+002 1.600000e+000
      vertex   -2.172470e+002 2.856892e+002 1.590000e+001
    endloop
  endfacet
  facet normal 0.000000e+000 -1.803406e+000 0.000000e+000
    outer loop
      vertex   -2.172470e+002 2.856892e+002 1.590000e+001
      vertex   -2.409730e+002 2.856892e+002 1.590000e+001
      vertex   -2.409730e+002 2.856892e+002 1.154992e+001
    endloop
  endfacet
  facet normal 0.000000e+000 7.070987e+000 -7.071149e+000
    outer loop
      vertex   -2.162471e+002 2.876892e+002 5.000000e-001
      vertex   -2.162471e+002 2.871892e+002 0.000000e+000
      vertex   -2.179971e+002 2.876892e+002 5.000000e-001
    endloop
  endfacet
  facet normal 0.000000e+000 6.882422e+000 -6.882580e+000
    outer loop
      vertex   -2.179971e+002 2.876892e+002 5.000000e-001
      vertex   -2.162471e+002 2.871892e+002 0.000000e+000
      vertex   -2.184970e+002 2.871892e+002 0.000000e+000
    endloop
  endfacet
  facet normal 0.000000e+000 5.773451e+000 -5.773583e+000
    outer loop
      vertex   -2.794970e+002 2.871892e+002 0.000000e+000
      vertex   -2.817470e+002 2.871892e+002 0.000000e+000
      vertex   -2.799970e+002 2.876892e+002 5.000000e-001
    endloop
  endfacet
  facet normal 0.000000e+000 2.649058e+000 -2.649119e+000
    outer loop
      vertex   -2.799970e+002 2.876892e+002 5.000000e-001
      vertex   -2.817470e+002 2.871892e+002 0.000000e+000
      vertex   -2.817470e+002 2.876892e+002 5.000000e-001
    endloop
  endfacet
  facet normal 0.000000e+000 5.773451e+000 -5.773583e+000
    outer loop
      vertex   -2.749970e+002 2.876892e+002 5.000000e-001
      vertex   -2.229971e+002 2.876892e+002 5.000000e-001
      vertex   -2.754970e+002 2.871892e+002 0.000000e+000
    endloop
  endfacet
  facet normal 0.000000e+000 9.522948e-002 -9.523165e-002
    outer loop
      vertex   -2.754970e+002 2.871892e+002 0.000000e+000
      vertex   -2.229971e+002 2.876892e+002 5.000000e-001
      vertex   -2.224971e+002 2.871892e+002 0.000000e+000
    endloop
  endfacet
  facet normal 3.701077e-001 -7.061358e+000 7.061392e+000
    outer loop
      vertex   -2.162471e+002 2.452892e+002 1.840000e+001
      vertex   -2.160380e+002 2.453002e+002 1.840000e+001
      vertex   -2.162471e+002 2.457892e+002 1.890000e+001
    endloop
  endfacet
  facet normal 4.136091e-001 -6.836991e+000 6.860130e+000
    outer loop
      vertex   -2.162471e+002 2.457892e+002 1.890000e+001
      vertex   -2.160380e+002 2.453002e+002 1.840000e+001
      vertex   -2.160662e+002 2.458002e+002 1.890000e+001
    endloop
  endfacet
  facet normal 3.197939e-001 -2.019153e+000 2.037153e+000
    outer loop
      vertex   -2.160662e+002 2.458002e+002 1.890000e+001
      vertex   -2.160380e+002 2.453002e+002 1.840000e+001
      vertex   -2.158312e+002 2.453329e+002 1.840000e+001
    endloop
  endfacet
  facet normal 1.245394e+000 -6.797094e+000 6.937062e+000
    outer loop
      vertex   -2.160662e+002 2.458002e+002 1.890000e+001
      vertex   -2.158312e+002 2.453329e+002 1.840000e+001
      vertex   -2.158881e+002 2.458328e+002 1.890000e+001
    endloop
  endfacet
  facet normal 5.317847e-001 -1.984855e+000 2.044845e+000
    outer loop
      vertex   -2.158881e+002 2.458328e+002 1.890000e+001
      vertex   -2.158312e+002 2.453329e+002 1.840000e+001
      vertex   -2.156290e+002 2.453871e+002 1.840000e+001
    endloop
  endfacet
  facet normal 2.071329e+000 -6.646874e+000 6.998286e+000
    outer loop
      vertex   -2.158881e+002 2.458328e+002 1.890000e+001
      vertex   -2.156290e+002 2.453871e+002 1.840000e+001
      vertex   -2.157151e+002 2.458867e+002 1.890000e+001
    endloop
  endfacet
  facet normal 7.381462e-001 -1.922482e+000 2.048077e+000
    outer loop
      vertex   -2.157151e+002 2.458867e+002 1.890000e+001
      vertex   -2.156290e+002 2.453871e+002 1.840000e+001
      vertex   -2.154336e+002 2.454622e+002 1.840000e+001
    endloop
  endfacet
  facet normal 2.874769e+000 -6.387556e+000 7.042622e+000
    outer loop
      vertex   -2.157151e+002 2.458867e+002 1.890000e+001
      vertex   -2.154336e+002 2.454622e+002 1.840000e+001
      vertex   -2.155500e+002 2.459611e+002 1.890000e+001
    endloop
  endfacet
  facet normal 9.341010e-001 -1.833515e+000 2.046901e+000
    outer loop
      vertex   -2.155500e+002 2.459611e+002 1.890000e+001
      vertex   -2.154336e+002 2.454622e+002 1.840000e+001
      vertex   -2.152471e+002 2.455572e+002 1.840000e+001
    endloop
  endfacet
  facet normal 3.640495e+000 -6.022044e+000 7.069726e+000
    outer loop
      vertex   -2.155500e+002 2.459611e+002 1.890000e+001
      vertex   -2.152471e+002 2.455572e+002 1.840000e+001
      vertex   -2.153950e+002 2.460548e+002 1.890000e+001
    endloop
  endfacet
  facet normal 1.116703e+000 -1.719513e+000 2.041503e+000
    outer loop
      vertex   -2.153950e+002 2.460548e+002 1.890000e+001
      vertex   -2.152471e+002 2.455572e+002 1.840000e+001
      vertex   -2.150715e+002 2.456712e+002 1.840000e+001
    endloop
  endfacet
  facet normal 4.352993e+000 -5.556727e+000 7.078765e+000
    outer loop
      vertex   -2.153950e+002 2.460548e+002 1.890000e+001
      vertex   -2.150715e+002 2.456712e+002 1.840000e+001
      vertex   -2.152524e+002 2.461665e+002 1.890000e+001
    endloop
  endfacet
  facet normal 1.281757e+000 -1.582943e+000 2.031618e+000
    outer loop
      vertex   -2.152524e+002 2.461665e+002 1.890000e+001
      vertex   -2.150715e+002 2.456712e+002 1.840000e+001
      vertex   -2.149088e+002 2.458029e+002 1.840000e+001
    endloop
  endfacet
  facet normal 1.426743e+000 -1.426652e+000 2.017614e+000
    outer loop
      vertex   -2.152524e+002 2.461665e+002 1.890000e+001
      vertex   -2.149088e+002 2.458029e+002 1.840000e+001
      vertex   -2.147608e+002 2.459510e+002 1.840000e+001
    endloop
  endfacet
  facet normal 4.819901e+000 -4.819542e+000 6.815989e+000
    outer loop
      vertex   -2.152524e+002 2.461665e+002 1.890000e+001
      vertex   -2.147608e+002 2.459510e+002 1.840000e+001
      vertex   -2.151243e+002 2.462946e+002 1.890000e+001
    endloop
  endfacet
  facet normal 1.582845e+000 -1.281753e+000 2.031544e+000
    outer loop
      vertex   -2.151243e+002 2.462946e+002 1.890000e+001
      vertex   -2.147608e+002 2.459510e+002 1.840000e+001
      vertex   -2.146290e+002 2.461137e+002 1.840000e+001
    endloop
  endfacet
  facet normal 5.416634e+000 -4.243609e+000 6.900510e+000
    outer loop
      vertex   -2.151243e+002 2.462946e+002 1.890000e+001
      vertex   -2.146290e+002 2.461137e+002 1.840000e+001
      vertex   -2.150126e+002 2.464371e+002 1.890000e+001
    endloop
  endfacet
  facet normal 1.719526e+000 -1.116711e+000 2.041507e+000
    outer loop
      vertex   -2.150126e+002 2.464371e+002 1.890000e+001
      vertex   -2.146290e+002 2.461137e+002 1.840000e+001
      vertex   -2.145150e+002 2.462892e+002 1.840000e+001
    endloop
  endfacet
  facet normal 5.936884e+000 -3.589013e+000 6.969706e+000
    outer loop
      vertex   -2.150126e+002 2.464371e+002 1.890000e+001
      vertex   -2.145150e+002 2.462892e+002 1.840000e+001
      vertex   -2.149189e+002 2.465922e+002 1.890000e+001
    endloop
  endfacet
  facet normal 1.833532e+000 -9.341094e-001 2.046902e+000
    outer loop
      vertex   -2.149189e+002 2.465922e+002 1.890000e+001
      vertex   -2.145150e+002 2.462892e+002 1.840000e+001
      vertex   -2.144200e+002 2.464758e+002 1.840000e+001
    endloop
  endfacet
  facet normal 6.369534e+000 -2.866291e+000 7.022601e+000
    outer loop
      vertex   -2.149189e+002 2.465922e+002 1.890000e+001
      vertex   -2.144200e+002 2.464758e+002 1.840000e+001
      vertex   -2.148445e+002 2.467573e+002 1.890000e+001
    endloop
  endfacet
  facet normal 1.922566e+000 -7.381423e-001 2.048160e+000
    outer loop
      vertex   -2.148445e+002 2.467573e+002 1.890000e+001
      vertex   -2.144200e+002 2.464758e+002 1.840000e+001
      vertex   -2.143449e+002 2.466712e+002 1.840000e+001
    endloop
  endfacet
  facet normal 6.703891e+000 -2.089582e+000 7.058401e+000
    outer loop
      vertex   -2.148445e+002 2.467573e+002 1.890000e+001
      vertex   -2.143449e+002 2.466712e+002 1.840000e+001
      vertex   -2.147906e+002 2.469303e+002 1.890000e+001
    endloop
  endfacet
  facet normal 1.984979e+000 -5.318863e-001 2.044960e+000
    outer loop
      vertex   -2.147906e+002 2.469303e+002 1.890000e+001
      vertex   -2.143449e+002 2.466712e+002 1.840000e+001
      vertex   -2.142908e+002 2.468734e+002 1.840000e+001
    endloop
  endfacet
  facet normal 6.933836e+000 -1.270010e+000 7.076523e+000
    outer loop
      vertex   -2.147906e+002 2.469303e+002 1.890000e+001
      vertex   -2.142908e+002 2.468734e+002 1.840000e+001
      vertex   -2.147580e+002 2.471084e+002 1.890000e+001
    endloop
  endfacet
  facet normal 2.018938e+000 -3.197894e-001 2.036982e+000
    outer loop
      vertex   -2.147580e+002 2.471084e+002 1.890000e+001
      vertex   -2.142908e+002 2.468734e+002 1.840000e+001
      vertex   -2.142580e+002 2.470802e+002 1.840000e+001
    endloop
  endfacet
  facet normal 7.052562e+000 -4.270447e-001 7.076595e+000
    outer loop
      vertex   -2.147580e+002 2.471084e+002 1.890000e+001
      vertex   -2.142580e+002 2.470802e+002 1.840000e+001
      vertex   -2.147470e+002 2.472892e+002 1.890000e+001
    endloop
  endfacet
  facet normal 2.025149e+000 -1.060520e-001 2.025120e+000
    outer loop
      vertex   -2.147470e+002 2.472892e+002 1.890000e+001
      vertex   -2.142580e+002 2.470802e+002 1.840000e+001
      vertex   -2.142471e+002 2.472892e+002 1.840000e+001
    endloop
  endfacet
  facet normal 7.071118e+000 0.000000e+000 7.071017e+000
    outer loop
      vertex   -2.147470e+002 2.856892e+002 1.890000e+001
      vertex   -2.147470e+002 2.472892e+002 1.890000e+001
      vertex   -2.142471e+002 2.856892e+002 1.840000e+001
    endloop
  endfacet
  facet normal 1.301862e-001 0.000000e+000 1.301843e-001
    outer loop
      vertex   -2.142471e+002 2.856892e+002 1.840000e+001
      vertex   -2.147470e+002 2.472892e+002 1.890000e+001
      vertex   -2.142471e+002 2.472892e+002 1.840000e+001
    endloop
  endfacet
  facet normal 7.061443e+000 3.697900e-001 7.061341e+000
    outer loop
      vertex   -2.142471e+002 2.856892e+002 1.840000e+001
      vertex   -2.142580e+002 2.858983e+002 1.840000e+001
      vertex   -2.147470e+002 2.856892e+002 1.890000e+001
    endloop
  endfacet
  facet normal 6.836969e+000 4.139684e-001 6.860259e+000
    outer loop
      vertex   -2.147470e+002 2.856892e+002 1.890000e+001
      vertex   -2.142580e+002 2.858983e+002 1.840000e+001
      vertex   -2.147580e+002 2.858701e+002 1.890000e+001
    endloop
  endfacet
  facet normal 2.019117e+000 3.197882e-001 2.037155e+000
    outer loop
      vertex   -2.147580e+002 2.858701e+002 1.890000e+001
      vertex   -2.142580e+002 2.858983e+002 1.840000e+001
      vertex   -2.142908e+002 2.861051e+002 1.840000e+001
    endloop
  endfacet
  facet normal 6.797100e+000 1.245031e+000 6.937027e+000
    outer loop
      vertex   -2.147580e+002 2.858701e+002 1.890000e+001
      vertex   -2.142908e+002 2.861051e+002 1.840000e+001
      vertex   -2.147906e+002 2.860482e+002 1.890000e+001
    endloop
  endfacet
  facet normal 1.984703e+000 5.318878e-001 2.044705e+000
    outer loop
      vertex   -2.147906e+002 2.860482e+002 1.890000e+001
      vertex   -2.142908e+002 2.861051e+002 1.840000e+001
      vertex   -2.143449e+002 2.863073e+002 1.840000e+001
    endloop
  endfacet
  facet normal 6.646824e+000 2.071909e+000 6.998336e+000
    outer loop
      vertex   -2.147906e+002 2.860482e+002 1.890000e+001
      vertex   -2.143449e+002 2.863073e+002 1.840000e+001
      vertex   -2.148445e+002 2.862211e+002 1.890000e+001
    endloop
  endfacet
  facet normal 1.922650e+000 7.381384e-001 2.048243e+000
    outer loop
      vertex   -2.148445e+002 2.862211e+002 1.890000e+001
      vertex   -2.143449e+002 2.863073e+002 1.840000e+001
      vertex   -2.144200e+002 2.865027e+002 1.840000e+001
    endloop
  endfacet
  facet normal 6.387626e+000 2.874432e+000 7.042602e+000
    outer loop
      vertex   -2.148445e+002 2.862211e+002 1.890000e+001
      vertex   -2.144200e+002 2.865027e+002 1.840000e+001
      vertex   -2.149189e+002 2.863863e+002 1.890000e+001
    endloop
  endfacet
  facet normal 1.833518e+000 9.341021e-001 2.046904e+000
    outer loop
      vertex   -2.149189e+002 2.863863e+002 1.890000e+001
      vertex   -2.144200e+002 2.865027e+002 1.840000e+001
      vertex   -2.145150e+002 2.866892e+002 1.840000e+001
    endloop
  endfacet
  facet normal 6.022020e+000 3.640481e+000 7.069724e+000
    outer loop
      vertex   -2.149189e+002 2.863863e+002 1.890000e+001
      vertex   -2.145150e+002 2.866892e+002 1.840000e+001
      vertex   -2.150126e+002 2.865413e+002 1.890000e+001
    endloop
  endfacet
  facet normal 1.719511e+000 1.116702e+000 2.041510e+000
    outer loop
      vertex   -2.150126e+002 2.865413e+002 1.890000e+001
      vertex   -2.145150e+002 2.866892e+002 1.840000e+001
      vertex   -2.146290e+002 2.868648e+002 1.840000e+001
    endloop
  endfacet
  facet normal 5.556519e+000 4.353201e+000 7.078800e+000
    outer loop
      vertex   -2.150126e+002 2.865413e+002 1.890000e+001
      vertex   -2.146290e+002 2.868648e+002 1.840000e+001
      vertex   -2.151243e+002 2.866839e+002 1.890000e+001
    endloop
  endfacet
  facet normal 1.582912e+000 1.281732e+000 2.031627e+000
    outer loop
      vertex   -2.151243e+002 2.866839e+002 1.890000e+001
      vertex   -2.146290e+002 2.868648e+002 1.840000e+001
      vertex   -2.147608e+002 2.870275e+002 1.840000e+001
    endloop
  endfacet
  facet normal 1.426603e+000 1.426603e+000 2.017536e+000
    outer loop
      vertex   -2.151243e+002 2.866839e+002 1.890000e+001
      vertex   -2.147608e+002 2.870275e+002 1.840000e+001
      vertex   -2.149088e+002 2.871755e+002 1.840000e+001
    endloop
  endfacet
  facet normal 4.819978e+000 4.819260e+000 6.815823e+000
    outer loop
      vertex   -2.151243e+002 2.866839e+002 1.890000e+001
      vertex   -2.149088e+002 2.871755e+002 1.840000e+001
      vertex   -2.152524e+002 2.868120e+002 1.890000e+001
    endloop
  endfacet
  facet normal 1.281757e+000 1.582943e+000 2.031618e+000
    outer loop
      vertex   -2.152524e+002 2.868120e+002 1.890000e+001
      vertex   -2.149088e+002 2.871755e+002 1.840000e+001
      vertex   -2.150715e+002 2.873073e+002 1.840000e+001
    endloop
  endfacet
  facet normal 4.243174e+000 5.417003e+000 6.900638e+000
    outer loop
      vertex   -2.152524e+002 2.868120e+002 1.890000e+001
      vertex   -2.150715e+002 2.873073e+002 1.840000e+001
      vertex   -2.153950e+002 2.869237e+002 1.890000e+001
    endloop
  endfacet
  facet normal 1.116685e+000 1.719485e+000 2.041502e+000
    outer loop
      vertex   -2.153950e+002 2.869237e+002 1.890000e+001
      vertex   -2.150715e+002 2.873073e+002 1.840000e+001
      vertex   -2.152471e+002 2.874213e+002 1.840000e+001
    endloop
  endfacet
  facet normal 3.588957e+000 5.936791e+000 6.969755e+000
    outer loop
      vertex   -2.153950e+002 2.869237e+002 1.890000e+001
      vertex   -2.152471e+002 2.874213e+002 1.840000e+001
      vertex   -2.155500e+002 2.870174e+002 1.890000e+001
    endloop
  endfacet
  facet normal 9.342554e-001 1.833450e+000 2.046977e+000
    outer loop
      vertex   -2.155500e+002 2.870174e+002 1.890000e+001
      vertex   -2.152471e+002 2.874213e+002 1.840000e+001
      vertex   -2.154336e+002 2.875164e+002 1.840000e+001
    endloop
  endfacet
  facet normal 2.866802e+000 6.369037e+000 7.022654e+000
    outer loop
      vertex   -2.155500e+002 2.870174e+002 1.890000e+001
      vertex   -2.154336e+002 2.875164e+002 1.840000e+001
      vertex   -2.157151e+002 2.870918e+002 1.890000e+001
    endloop
  endfacet
  facet normal 7.379469e-001 1.922452e+000 2.048012e+000
    outer loop
      vertex   -2.157151e+002 2.870918e+002 1.890000e+001
      vertex   -2.154336e+002 2.875164e+002 1.840000e+001
      vertex   -2.156290e+002 2.875914e+002 1.840000e+001
    endloop
  endfacet
  facet normal 2.088803e+000 6.704134e+000 7.058510e+000
    outer loop
      vertex   -2.157151e+002 2.870918e+002 1.890000e+001
      vertex   -2.156290e+002 2.875914e+002 1.840000e+001
      vertex   -2.158881e+002 2.871457e+002 1.890000e+001
    endloop
  endfacet
  facet normal 5.316867e-001 1.984839e+000 2.044817e+000
    outer loop
      vertex   -2.158881e+002 2.871457e+002 1.890000e+001
      vertex   -2.156290e+002 2.875914e+002 1.840000e+001
      vertex   -2.158312e+002 2.876455e+002 1.840000e+001
    endloop
  endfacet
  facet normal 1.270791e+000 6.933678e+000 7.076501e+000
    outer loop
      vertex   -2.158881e+002 2.871457e+002 1.890000e+001
      vertex   -2.158312e+002 2.876455e+002 1.840000e+001
      vertex   -2.160662e+002 2.871783e+002 1.890000e+001
    endloop
  endfacet
  facet normal 3.197997e-001 2.019190e+000 2.037151e+000
    outer loop
      vertex   -2.160662e+002 2.871783e+002 1.890000e+001
      vertex   -2.158312e+002 2.876455e+002 1.840000e+001
      vertex   -2.160380e+002 2.876783e+002 1.840000e+001
    endloop
  endfacet
  facet normal 4.262894e-001 7.052746e+000 7.076459e+000
    outer loop
      vertex   -2.160662e+002 2.871783e+002 1.890000e+001
      vertex   -2.160380e+002 2.876783e+002 1.840000e+001
      vertex   -2.162471e+002 2.871892e+002 1.890000e+001
    endloop
  endfacet
  facet normal 1.062347e-001 2.025110e+000 2.025159e+000
    outer loop
      vertex   -2.162471e+002 2.871892e+002 1.890000e+001
      vertex   -2.160380e+002 2.876783e+002 1.840000e+001
      vertex   -2.162471e+002 2.876892e+002 1.840000e+001
    endloop
  endfacet
  facet normal 5.238603e-001 9.986143e+000 2.353541e-003
    outer loop
      vertex   -2.160380e+002 2.876783e+002 1.840000e+001
      vertex   -2.160610e+002 2.876806e+002 1.380000e+001
      vertex   -2.162471e+002 2.876892e+002 1.840000e+001
    endloop
  endfacet
  facet normal 9.423423e-003 2.020755e-001 6.776264e-020
    outer loop
      vertex   -2.162471e+002 2.876892e+002 1.840000e+001
      vertex   -2.160610e+002 2.876806e+002 1.380000e+001
      vertex   -2.160610e+002 2.876806e+002 9.200000e+000
    endloop
  endfacet
  facet normal 9.431149e-003 2.022412e-001 0.000000e+000
    outer loop
      vertex   -2.162471e+002 2.876892e+002 1.840000e+001
      vertex   -2.160610e+002 2.876806e+002 9.200000e+000
      vertex   -2.162471e+002 2.876892e+002 5.000000e-001
    endloop
  endfacet
  facet normal 1.117761e-002 2.396921e-001 0.000000e+000
    outer loop
      vertex   -2.162471e+002 2.876892e+002 5.000000e-001
      vertex   -2.160610e+002 2.876806e+002 9.200000e+000
      vertex   -2.160610e+002 2.876806e+002 4.600000e+000
    endloop
  endfacet
  facet normal 5.233269e-001 9.975975e+000 -2.637870e-003
    outer loop
      vertex   -2.162471e+002 2.876892e+002 5.000000e-001
      vertex   -2.160610e+002 2.876806e+002 4.600000e+000
      vertex   -2.160380e+002 2.876783e+002 5.000000e-001
    endloop
  endfacet
  facet normal 7.569990e-002 5.131700e-001 1.375258e-004
    outer loop
      vertex   -2.160380e+002 2.876783e+002 5.000000e-001
      vertex   -2.160610e+002 2.876806e+002 4.600000e+000
      vertex   -2.158503e+002 2.876495e+002 4.600000e+000
    endloop
  endfacet
  facet normal 1.562629e+000 9.866317e+000 -2.262949e-003
    outer loop
      vertex   -2.160380e+002 2.876783e+002 5.000000e-001
      vertex   -2.158503e+002 2.876495e+002 4.600000e+000
      vertex   -2.158312e+002 2.876455e+002 5.000000e-001
    endloop
  endfacet
  facet normal 1.297401e-001 5.021387e-001 1.188823e-004
    outer loop
      vertex   -2.158312e+002 2.876455e+002 5.000000e-001
      vertex   -2.158503e+002 2.876495e+002 4.600000e+000
      vertex   -2.156442e+002 2.875963e+002 4.600000e+000
    endloop
  endfacet
  facet normal 2.584639e+000 9.648713e+000 -1.895851e-003
    outer loop
      vertex   -2.158312e+002 2.876455e+002 5.000000e-001
      vertex   -2.156442e+002 2.875963e+002 4.600000e+000
      vertex   -2.156290e+002 2.875914e+002 5.000000e-001
    endloop
  endfacet
  facet normal 1.824750e-001 4.854849e-001 9.923305e-005
    outer loop
      vertex   -2.156290e+002 2.875914e+002 5.000000e-001
      vertex   -2.156442e+002 2.875963e+002 4.600000e+000
      vertex   -2.154449e+002 2.875213e+002 4.600000e+000
    endloop
  endfacet
  facet normal 3.579497e+000 9.325076e+000 -1.441164e-003
    outer loop
      vertex   -2.156290e+002 2.875914e+002 5.000000e-001
      vertex   -2.154449e+002 2.875213e+002 4.600000e+000
      vertex   -2.154336e+002 2.875164e+002 5.000000e-001
    endloop
  endfacet
  facet normal 2.329289e-001 4.633487e-001 8.107752e-005
    outer loop
      vertex   -2.154336e+002 2.875164e+002 5.000000e-001
      vertex   -2.154449e+002 2.875213e+002 4.600000e+000
      vertex   -2.152547e+002 2.874257e+002 4.600000e+000
    endloop
  endfacet
  facet normal 4.534740e+000 8.899303e+000 -1.103182e-003
    outer loop
      vertex   -2.154336e+002 2.875164e+002 5.000000e-001
      vertex   -2.152547e+002 2.874257e+002 4.600000e+000
      vertex   -2.152471e+002 2.874213e+002 5.000000e-001
    endloop
  endfacet
  facet normal 2.809159e-001 4.359168e-001 5.618030e-005
    outer loop
      vertex   -2.152471e+002 2.874213e+002 5.000000e-001
      vertex   -2.152547e+002 2.874257e+002 4.600000e+000
      vertex   -2.150758e+002 2.873104e+002 4.600000e+000
    endloop
  endfacet
  facet normal 5.439789e+000 8.376256e+000 -6.713572e-004
    outer loop
      vertex   -2.152471e+002 2.874213e+002 5.000000e-001
      vertex   -2.150758e+002 2.873104e+002 4.600000e+000
      vertex   -2.150715e+002 2.873073e+002 5.000000e-001
    endloop
  endfacet
  facet normal 3.285196e-001 4.068049e-001 3.502740e-005
    outer loop
      vertex   -2.150715e+002 2.873073e+002 5.000000e-001
      vertex   -2.150758e+002 2.873104e+002 4.600000e+000
      vertex   -2.149088e+002 2.871755e+002 4.600000e+000
    endloop
  endfacet
  facet normal 6.284765e+000 7.761552e+000 -3.469447e-017
    outer loop
      vertex   -2.150715e+002 2.873073e+002 5.000000e-001
      vertex   -2.149088e+002 2.871755e+002 4.600000e+000
      vertex   -2.149088e+002 2.871755e+002 5.000000e-001
    endloop
  endfacet
  facet normal 7.071068e+000 7.071068e+000 0.000000e+000
    outer loop
      vertex   -2.149088e+002 2.871755e+002 5.000000e-001
      vertex   -2.149088e+002 2.871755e+002 4.600000e+000
      vertex   -2.147608e+002 2.870275e+002 5.000000e-001
    endloop
  endfacet
  facet normal 3.605774e-001 3.605774e-001 0.000000e+000
    outer loop
      vertex   -2.147608e+002 2.870275e+002 5.000000e-001
      vertex   -2.149088e+002 2.871755e+002 4.600000e+000
      vertex   -2.147608e+002 2.870275e+002 4.600000e+000
    endloop
  endfacet
  facet normal 7.771664e+000 6.292952e+000 0.000000e+000
    outer loop
      vertex   -2.147608e+002 2.870275e+002 5.000000e-001
      vertex   -2.147608e+002 2.870275e+002 4.600000e+000
      vertex   -2.146290e+002 2.868648e+002 5.000000e-001
    endloop
  endfacet
  facet normal 4.068049e-001 3.285196e-001 3.502740e-005
    outer loop
      vertex   -2.146290e+002 2.868648e+002 5.000000e-001
      vertex   -2.147608e+002 2.870275e+002 4.600000e+000
      vertex   -2.146259e+002 2.868605e+002 4.600000e+000
    endloop
  endfacet
  facet normal 8.386614e+000 5.446516e+000 -6.721874e-004
    outer loop
      vertex   -2.146290e+002 2.868648e+002 5.000000e-001
      vertex   -2.146259e+002 2.868605e+002 4.600000e+000
      vertex   -2.145150e+002 2.866892e+002 5.000000e-001
    endloop
  endfacet
  facet normal 4.359168e-001 2.808694e-001 5.812111e-005
    outer loop
      vertex   -2.145150e+002 2.866892e+002 5.000000e-001
      vertex   -2.146259e+002 2.868605e+002 4.600000e+000
      vertex   -2.145106e+002 2.866815e+002 4.600000e+000
    endloop
  endfacet
  facet normal 8.910284e+000 4.539425e+000 -1.064800e-003
    outer loop
      vertex   -2.145150e+002 2.866892e+002 5.000000e-001
      vertex   -2.145106e+002 2.866815e+002 4.600000e+000
      vertex   -2.144200e+002 2.865027e+002 5.000000e-001
    endloop
  endfacet
  facet normal 4.633487e-001 2.330218e-001 7.702412e-005
    outer loop
      vertex   -2.144200e+002 2.865027e+002 5.000000e-001
      vertex   -2.145106e+002 2.866815e+002 4.600000e+000
      vertex   -2.144149e+002 2.864914e+002 4.600000e+000
    endloop
  endfacet
  facet normal 9.335595e+000 3.584096e+000 -1.528093e-003
    outer loop
      vertex   -2.144200e+002 2.865027e+002 5.000000e-001
      vertex   -2.144149e+002 2.864914e+002 4.600000e+000
      vertex   -2.143449e+002 2.863073e+002 5.000000e-001
    endloop
  endfacet
  facet normal 4.854848e-001 1.824285e-001 9.821187e-005
    outer loop
      vertex   -2.143449e+002 2.863073e+002 5.000000e-001
      vertex   -2.144149e+002 2.864914e+002 4.600000e+000
      vertex   -2.143401e+002 2.862921e+002 4.600000e+000
    endloop
  endfacet
  facet normal 9.659078e+000 2.588571e+000 -1.905641e-003
    outer loop
      vertex   -2.143449e+002 2.863073e+002 5.000000e-001
      vertex   -2.143401e+002 2.862921e+002 4.600000e+000
      vertex   -2.142908e+002 2.861051e+002 5.000000e-001
    endloop
  endfacet
  facet normal 5.021852e-001 1.297866e-001 1.196577e-004
    outer loop
      vertex   -2.142908e+002 2.861051e+002 5.000000e-001
      vertex   -2.143401e+002 2.862921e+002 4.600000e+000
      vertex   -2.142868e+002 2.860859e+002 4.600000e+000
    endloop
  endfacet
  facet normal 9.876778e+000 1.564286e+000 -2.258071e-003
    outer loop
      vertex   -2.142908e+002 2.861051e+002 5.000000e-001
      vertex   -2.142868e+002 2.860859e+002 4.600000e+000
      vertex   -2.142580e+002 2.858983e+002 5.000000e-001
    endloop
  endfacet
  facet normal 5.131237e-001 7.565345e-002 1.396785e-004
    outer loop
      vertex   -2.142580e+002 2.858983e+002 5.000000e-001
      vertex   -2.142868e+002 2.860859e+002 4.600000e+000
      vertex   -2.142557e+002 2.858753e+002 4.600000e+000
    endloop
  endfacet
  facet normal 9.986158e+000 5.229500e-001 -2.599209e-003
    outer loop
      vertex   -2.142580e+002 2.858983e+002 5.000000e-001
      vertex   -2.142557e+002 2.858753e+002 4.600000e+000
      vertex   -2.142471e+002 2.856892e+002 5.000000e-001
    endloop
  endfacet
  facet normal 2.396921e-001 1.117761e-002 0.000000e+000
    outer loop
      vertex   -2.142471e+002 2.856892e+002 5.000000e-001
      vertex   -2.142557e+002 2.858753e+002 4.600000e+000
      vertex   -2.142557e+002 2.858753e+002 9.200000e+000
    endloop
  endfacet
  facet normal 2.138590e-001 9.972928e-003 0.000000e+000
    outer loop
      vertex   -2.142471e+002 2.856892e+002 5.000000e-001
      vertex   -2.142557e+002 2.858753e+002 9.200000e+000
      vertex   -2.142471e+002 2.856892e+002 1.840000e+001
    endloop
  endfacet
  facet normal 2.020755e-001 9.423423e-003 6.776264e-020
    outer loop
      vertex   -2.142471e+002 2.856892e+002 1.840000e+001
      vertex   -2.142557e+002 2.858753e+002 9.200000e+000
      vertex   -2.142557e+002 2.858753e+002 1.380000e+001
    endloop
  endfacet
  facet normal 9.978136e+000 5.225299e-001 2.314825e-003
    outer loop
      vertex   -2.142471e+002 2.856892e+002 1.840000e+001
      vertex   -2.142557e+002 2.858753e+002 1.380000e+001
      vertex   -2.142580e+002 2.858983e+002 1.840000e+001
    endloop
  endfacet
  facet normal 4.574514e-001 6.744529e-002 -1.109887e-004
    outer loop
      vertex   -2.142580e+002 2.858983e+002 1.840000e+001
      vertex   -2.142557e+002 2.858753e+002 1.380000e+001
      vertex   -2.142868e+002 2.860859e+002 1.380000e+001
    endloop
  endfacet
  facet normal 9.868489e+000 1.562973e+000 2.010940e-003
    outer loop
      vertex   -2.142580e+002 2.858983e+002 1.840000e+001
      vertex   -2.142868e+002 2.860859e+002 1.380000e+001
      vertex   -2.142908e+002 2.861051e+002 1.840000e+001
    endloop
  endfacet
  facet normal 4.477030e-001 1.157060e-001 -9.508077e-005
    outer loop
      vertex   -2.142908e+002 2.861051e+002 1.840000e+001
      vertex   -2.142868e+002 2.860859e+002 1.380000e+001
      vertex   -2.143401e+002 2.862921e+002 1.380000e+001
    endloop
  endfacet
  facet normal 9.650626e+000 2.586306e+000 1.697020e-003
    outer loop
      vertex   -2.142908e+002 2.861051e+002 1.840000e+001
      vertex   -2.143401e+002 2.862921e+002 1.380000e+001
      vertex   -2.143449e+002 2.863073e+002 1.840000e+001
    endloop
  endfacet
  facet normal 4.328178e-001 1.626381e-001 -7.804039e-005
    outer loop
      vertex   -2.143449e+002 2.863073e+002 1.840000e+001
      vertex   -2.143401e+002 2.862921e+002 1.380000e+001
      vertex   -2.144149e+002 2.864914e+002 1.380000e+001
    endloop
  endfacet
  facet normal 9.327094e+000 3.580832e+000 1.360756e-003
    outer loop
      vertex   -2.143449e+002 2.863073e+002 1.840000e+001
      vertex   -2.144149e+002 2.864914e+002 1.380000e+001
      vertex   -2.144200e+002 2.865027e+002 1.840000e+001
    endloop
  endfacet
  facet normal 4.130864e-001 2.077445e-001 -6.120482e-005
    outer loop
      vertex   -2.144200e+002 2.865027e+002 1.840000e+001
      vertex   -2.144149e+002 2.864914e+002 1.380000e+001
      vertex   -2.145106e+002 2.866815e+002 1.380000e+001
    endloop
  endfacet
  facet normal 8.901855e+000 4.535131e+000 9.481632e-004
    outer loop
      vertex   -2.144200e+002 2.865027e+002 1.840000e+001
      vertex   -2.145106e+002 2.866815e+002 1.380000e+001
      vertex   -2.145150e+002 2.866892e+002 1.840000e+001
    endloop
  endfacet
  facet normal 3.886333e-001 2.504038e-001 -4.618451e-005
    outer loop
      vertex   -2.145150e+002 2.866892e+002 1.840000e+001
      vertex   -2.145106e+002 2.866815e+002 1.380000e+001
      vertex   -2.146259e+002 2.868605e+002 1.380000e+001
    endloop
  endfacet
  facet normal 8.378384e+000 5.441171e+000 5.985355e-004
    outer loop
      vertex   -2.145150e+002 2.866892e+002 1.840000e+001
      vertex   -2.146259e+002 2.868605e+002 1.380000e+001
      vertex   -2.146290e+002 2.868648e+002 1.840000e+001
    endloop
  endfacet
  facet normal 3.626840e-001 2.928893e-001 -2.783403e-005
    outer loop
      vertex   -2.146290e+002 2.868648e+002 1.840000e+001
      vertex   -2.146259e+002 2.868605e+002 1.380000e+001
      vertex   -2.147608e+002 2.870275e+002 1.380000e+001
    endloop
  endfacet
  facet normal 7.763628e+000 6.286445e+000 0.000000e+000
    outer loop
      vertex   -2.146290e+002 2.868648e+002 1.840000e+001
      vertex   -2.147608e+002 2.870275e+002 1.380000e+001
      vertex   -2.147608e+002 2.870275e+002 1.840000e+001
    endloop
  endfacet
  facet normal 7.071068e+000 7.071068e+000 0.000000e+000
    outer loop
      vertex   -2.147608e+002 2.870275e+002 1.840000e+001
      vertex   -2.147608e+002 2.870275e+002 1.380000e+001
      vertex   -2.149088e+002 2.871755e+002 1.840000e+001
    endloop
  endfacet
  facet normal 3.214701e-001 3.214701e-001 0.000000e+000
    outer loop
      vertex   -2.149088e+002 2.871755e+002 1.840000e+001
      vertex   -2.147608e+002 2.870275e+002 1.380000e+001
      vertex   -2.149088e+002 2.871755e+002 1.380000e+001
    endloop
  endfacet
  facet normal 6.292952e+000 7.771664e+000 0.000000e+000
    outer loop
      vertex   -2.149088e+002 2.871755e+002 1.840000e+001
      vertex   -2.149088e+002 2.871755e+002 1.380000e+001
      vertex   -2.150715e+002 2.873073e+002 1.840000e+001
    endloop
  endfacet
  facet normal 2.928893e-001 3.626840e-001 -2.783403e-005
    outer loop
      vertex   -2.150715e+002 2.873073e+002 1.840000e+001
      vertex   -2.149088e+002 2.871755e+002 1.380000e+001
      vertex   -2.150758e+002 2.873104e+002 1.380000e+001
    endloop
  endfacet
  facet normal 5.446517e+000 8.386616e+000 5.991236e-004
    outer loop
      vertex   -2.150715e+002 2.873073e+002 1.840000e+001
      vertex   -2.150758e+002 2.873104e+002 1.380000e+001
      vertex   -2.152471e+002 2.874213e+002 1.840000e+001
    endloop
  endfacet
  facet normal 2.504452e-001 3.886333e-001 -4.464230e-005
    outer loop
      vertex   -2.152471e+002 2.874213e+002 1.840000e+001
      vertex   -2.150758e+002 2.873104e+002 1.380000e+001
      vertex   -2.152547e+002 2.874257e+002 1.380000e+001
    endloop
  endfacet
  facet normal 4.540150e+000 8.909920e+000 9.844439e-004
    outer loop
      vertex   -2.152471e+002 2.874213e+002 1.840000e+001
      vertex   -2.152547e+002 2.874257e+002 1.380000e+001
      vertex   -2.154336e+002 2.875164e+002 1.840000e+001
    endloop
  endfacet
  facet normal 2.076616e-001 4.130864e-001 -6.442572e-005
    outer loop
      vertex   -2.154336e+002 2.875164e+002 1.840000e+001
      vertex   -2.152547e+002 2.874257e+002 1.380000e+001
      vertex   -2.154449e+002 2.875213e+002 1.380000e+001
    endloop
  endfacet
  facet normal 3.583610e+000 9.335793e+000 1.285992e-003
    outer loop
      vertex   -2.154336e+002 2.875164e+002 1.840000e+001
      vertex   -2.154449e+002 2.875213e+002 1.380000e+001
      vertex   -2.156290e+002 2.875914e+002 1.840000e+001
    endloop
  endfacet
  facet normal 1.626795e-001 4.328178e-001 -7.885182e-005
    outer loop
      vertex   -2.156290e+002 2.875914e+002 1.840000e+001
      vertex   -2.154449e+002 2.875213e+002 1.380000e+001
      vertex   -2.156442e+002 2.875963e+002 1.380000e+001
    endloop
  endfacet
  facet normal 2.587497e+000 9.659382e+000 1.691648e-003
    outer loop
      vertex   -2.156290e+002 2.875914e+002 1.840000e+001
      vertex   -2.156442e+002 2.875963e+002 1.380000e+001
      vertex   -2.158312e+002 2.876455e+002 1.840000e+001
    endloop
  endfacet
  facet normal 1.156646e-001 4.476616e-001 -9.446463e-005
    outer loop
      vertex   -2.158312e+002 2.876455e+002 1.840000e+001
      vertex   -2.156442e+002 2.875963e+002 1.380000e+001
      vertex   -2.158503e+002 2.876495e+002 1.380000e+001
    endloop
  endfacet
  facet normal 1.564290e+000 9.876801e+000 2.019119e-003
    outer loop
      vertex   -2.158312e+002 2.876455e+002 1.840000e+001
      vertex   -2.158503e+002 2.876495e+002 1.380000e+001
      vertex   -2.160380e+002 2.876783e+002 1.840000e+001
    endloop
  endfacet
  facet normal 6.748670e-002 4.574928e-001 -1.092781e-004
    outer loop
      vertex   -2.160380e+002 2.876783e+002 1.840000e+001
      vertex   -2.158503e+002 2.876495e+002 1.380000e+001
      vertex   -2.160610e+002 2.876806e+002 1.380000e+001
    endloop
  endfacet
  facet normal 1.457789e+000 9.882362e+000 -8.673617e-018
    outer loop
      vertex   -2.158503e+002 2.876495e+002 4.600000e+000
      vertex   -2.160610e+002 2.876806e+002 4.600000e+000
      vertex   -2.160610e+002 2.876806e+002 9.200000e+000
    endloop
  endfacet
  facet normal 1.459350e+000 9.892941e+000 0.000000e+000
    outer loop
      vertex   -2.160610e+002 2.876806e+002 9.200000e+000
      vertex   -2.160610e+002 2.876806e+002 1.380000e+001
      vertex   -2.158503e+002 2.876495e+002 9.200000e+000
    endloop
  endfacet
  facet normal 6.747279e-002 4.573984e-001 0.000000e+000
    outer loop
      vertex   -2.158503e+002 2.876495e+002 9.200000e+000
      vertex   -2.160610e+002 2.876806e+002 1.380000e+001
      vertex   -2.158503e+002 2.876495e+002 1.380000e+001
    endloop
  endfacet
  facet normal 2.501598e+000 9.682046e+000 0.000000e+000
    outer loop
      vertex   -2.158503e+002 2.876495e+002 9.200000e+000
      vertex   -2.158503e+002 2.876495e+002 1.380000e+001
      vertex   -2.156442e+002 2.875963e+002 9.200000e+000
    endloop
  endfacet
  facet normal 1.156440e-001 4.475821e-001 0.000000e+000
    outer loop
      vertex   -2.156442e+002 2.875963e+002 9.200000e+000
      vertex   -2.158503e+002 2.876495e+002 1.380000e+001
      vertex   -2.156442e+002 2.875963e+002 1.380000e+001
    endloop
  endfacet
  facet normal 3.518303e+000 9.360639e+000 0.000000e+000
    outer loop
      vertex   -2.156442e+002 2.875963e+002 9.200000e+000
      vertex   -2.156442e+002 2.875963e+002 1.380000e+001
      vertex   -2.154449e+002 2.875213e+002 9.200000e+000
    endloop
  endfacet
  facet normal 1.626554e-001 4.327537e-001 0.000000e+000
    outer loop
      vertex   -2.154449e+002 2.875213e+002 9.200000e+000
      vertex   -2.156442e+002 2.875963e+002 1.380000e+001
      vertex   -2.154449e+002 2.875213e+002 1.380000e+001
    endloop
  endfacet
  facet normal 4.491478e+000 8.934575e+000 0.000000e+000
    outer loop
      vertex   -2.154449e+002 2.875213e+002 9.200000e+000
      vertex   -2.154449e+002 2.875213e+002 1.380000e+001
      vertex   -2.152547e+002 2.874257e+002 9.200000e+000
    endloop
  endfacet
  facet normal 2.076373e-001 4.130380e-001 0.000000e+000
    outer loop
      vertex   -2.152547e+002 2.874257e+002 9.200000e+000
      vertex   -2.154449e+002 2.875213e+002 1.380000e+001
      vertex   -2.152547e+002 2.874257e+002 1.380000e+001
    endloop
  endfacet
  facet normal 5.416901e+000 8.405783e+000 0.000000e+000
    outer loop
      vertex   -2.152547e+002 2.874257e+002 9.200000e+000
      vertex   -2.152547e+002 2.874257e+002 1.380000e+001
      vertex   -2.150758e+002 2.873104e+002 9.200000e+000
    endloop
  endfacet
  facet normal 2.504239e-001 3.886003e-001 0.000000e+000
    outer loop
      vertex   -2.150758e+002 2.873104e+002 9.200000e+000
      vertex   -2.152547e+002 2.874257e+002 1.380000e+001
      vertex   -2.150758e+002 2.873104e+002 1.380000e+001
    endloop
  endfacet
  facet normal 6.282750e+000 7.779913e+000 0.000000e+000
    outer loop
      vertex   -2.150758e+002 2.873104e+002 9.200000e+000
      vertex   -2.150758e+002 2.873104e+002 1.380000e+001
      vertex   -2.149088e+002 2.871755e+002 9.200000e+000
    endloop
  endfacet
  facet normal 2.928739e-001 3.626650e-001 0.000000e+000
    outer loop
      vertex   -2.149088e+002 2.871755e+002 9.200000e+000
      vertex   -2.150758e+002 2.873104e+002 1.380000e+001
      vertex   -2.149088e+002 2.871755e+002 1.380000e+001
    endloop
  endfacet
  facet normal 7.071068e+000 7.071068e+000 0.000000e+000
    outer loop
      vertex   -2.149088e+002 2.871755e+002 9.200000e+000
      vertex   -2.149088e+002 2.871755e+002 1.380000e+001
      vertex   -2.147608e+002 2.870275e+002 9.200000e+000
    endloop
  endfacet
  facet normal 3.214702e-001 3.214702e-001 0.000000e+000
    outer loop
      vertex   -2.147608e+002 2.870275e+002 9.200000e+000
      vertex   -2.149088e+002 2.871755e+002 1.380000e+001
      vertex   -2.147608e+002 2.870275e+002 1.380000e+001
    endloop
  endfacet
  facet normal 7.779913e+000 6.282750e+000 0.000000e+000
    outer loop
      vertex   -2.147608e+002 2.870275e+002 9.200000e+000
      vertex   -2.147608e+002 2.870275e+002 1.380000e+001
      vertex   -2.146259e+002 2.868605e+002 9.200000e+000
    endloop
  endfacet
  facet normal 3.626650e-001 2.928739e-001 0.000000e+000
    outer loop
      vertex   -2.146259e+002 2.868605e+002 9.200000e+000
      vertex   -2.147608e+002 2.870275e+002 1.380000e+001
      vertex   -2.146259e+002 2.868605e+002 1.380000e+001
    endloop
  endfacet
  facet normal 8.406191e+000 5.416267e+000 0.000000e+000
    outer loop
      vertex   -2.146259e+002 2.868605e+002 9.200000e+000
      vertex   -2.146259e+002 2.868605e+002 1.380000e+001
      vertex   -2.145106e+002 2.866815e+002 9.200000e+000
    endloop
  endfacet
  facet normal 3.886003e-001 2.503825e-001 0.000000e+000
    outer loop
      vertex   -2.145106e+002 2.866815e+002 9.200000e+000
      vertex   -2.146259e+002 2.868605e+002 1.380000e+001
      vertex   -2.145106e+002 2.866815e+002 1.380000e+001
    endloop
  endfacet
  facet normal 8.933855e+000 4.492908e+000 0.000000e+000
    outer loop
      vertex   -2.145106e+002 2.866815e+002 9.200000e+000
      vertex   -2.145106e+002 2.866815e+002 1.380000e+001
      vertex   -2.144149e+002 2.864914e+002 9.200000e+000
    endloop
  endfacet
  facet normal 4.130379e-001 2.077201e-001 0.000000e+000
    outer loop
      vertex   -2.144149e+002 2.864914e+002 9.200000e+000
      vertex   -2.145106e+002 2.866815e+002 1.380000e+001
      vertex   -2.144149e+002 2.864914e+002 1.380000e+001
    endloop
  endfacet
  facet normal 9.360933e+000 3.517518e+000 0.000000e+000
    outer loop
      vertex   -2.144149e+002 2.864914e+002 9.200000e+000
      vertex   -2.144149e+002 2.864914e+002 1.380000e+001
      vertex   -2.143401e+002 2.862921e+002 9.200000e+000
    endloop
  endfacet
  facet normal 4.327537e-001 1.626140e-001 0.000000e+000
    outer loop
      vertex   -2.143401e+002 2.862921e+002 9.200000e+000
      vertex   -2.144149e+002 2.864914e+002 1.380000e+001
      vertex   -2.143401e+002 2.862921e+002 1.380000e+001
    endloop
  endfacet
  facet normal 9.681885e+000 2.502221e+000 0.000000e+000
    outer loop
      vertex   -2.143401e+002 2.862921e+002 9.200000e+000
      vertex   -2.143401e+002 2.862921e+002 1.380000e+001
      vertex   -2.142868e+002 2.860859e+002 9.200000e+000
    endloop
  endfacet
  facet normal 4.476234e-001 1.156854e-001 0.000000e+000
    outer loop
      vertex   -2.142868e+002 2.860859e+002 9.200000e+000
      vertex   -2.143401e+002 2.862921e+002 1.380000e+001
      vertex   -2.142868e+002 2.860859e+002 1.380000e+001
    endloop
  endfacet
  facet normal 9.893052e+000 1.458603e+000 0.000000e+000
    outer loop
      vertex   -2.142868e+002 2.860859e+002 9.200000e+000
      vertex   -2.142868e+002 2.860859e+002 1.380000e+001
      vertex   -2.142557e+002 2.858753e+002 9.200000e+000
    endloop
  endfacet
  facet normal 4.573571e-001 6.743139e-002 0.000000e+000
    outer loop
      vertex   -2.142557e+002 2.858753e+002 9.200000e+000
      vertex   -2.142868e+002 2.860859e+002 1.380000e+001
      vertex   -2.142557e+002 2.858753e+002 1.380000e+001
    endloop
  endfacet
  facet normal 2.498924e+000 9.671695e+000 -1.734723e-017
    outer loop
      vertex   -2.156442e+002 2.875963e+002 4.600000e+000
      vertex   -2.158503e+002 2.876495e+002 4.600000e+000
      vertex   -2.158503e+002 2.876495e+002 9.200000e+000
    endloop
  endfacet
  facet normal 1.459350e+000 9.892941e+000 0.000000e+000
    outer loop
      vertex   -2.158503e+002 2.876495e+002 9.200000e+000
      vertex   -2.158503e+002 2.876495e+002 4.600000e+000
      vertex   -2.160610e+002 2.876806e+002 9.200000e+000
    endloop
  endfacet
  facet normal 1.156440e-001 4.475820e-001 0.000000e+000
    outer loop
      vertex   -2.156442e+002 2.875963e+002 4.600000e+000
      vertex   -2.158503e+002 2.876495e+002 9.200000e+000
      vertex   -2.156442e+002 2.875963e+002 9.200000e+000
    endloop
  endfacet
  facet normal 3.514541e+000 9.350630e+000 1.734723e-017
    outer loop
      vertex   -2.154449e+002 2.875213e+002 4.600000e+000
      vertex   -2.156442e+002 2.875963e+002 4.600000e+000
      vertex   -2.156442e+002 2.875963e+002 9.200000e+000
    endloop
  endfacet
  facet normal 1.626554e-001 4.327537e-001 0.000000e+000
    outer loop
      vertex   -2.154449e+002 2.875213e+002 4.600000e+000
      vertex   -2.156442e+002 2.875963e+002 9.200000e+000
      vertex   -2.154449e+002 2.875213e+002 9.200000e+000
    endloop
  endfacet
  facet normal 4.486676e+000 8.925022e+000 -3.469447e-017
    outer loop
      vertex   -2.152547e+002 2.874257e+002 4.600000e+000
      vertex   -2.154449e+002 2.875213e+002 4.600000e+000
      vertex   -2.154449e+002 2.875213e+002 9.200000e+000
    endloop
  endfacet
  facet normal 2.076373e-001 4.130380e-001 0.000000e+000
    outer loop
      vertex   -2.152547e+002 2.874257e+002 4.600000e+000
      vertex   -2.154449e+002 2.875213e+002 9.200000e+000
      vertex   -2.152547e+002 2.874257e+002 9.200000e+000
    endloop
  endfacet
  facet normal 5.411109e+000 8.396795e+000 0.000000e+000
    outer loop
      vertex   -2.150758e+002 2.873104e+002 4.600000e+000
      vertex   -2.152547e+002 2.874257e+002 4.600000e+000
      vertex   -2.152547e+002 2.874257e+002 9.200000e+000
    endloop
  endfacet
  facet normal 2.504239e-001 3.886003e-001 0.000000e+000
    outer loop
      vertex   -2.150758e+002 2.873104e+002 4.600000e+000
      vertex   -2.152547e+002 2.874257e+002 9.200000e+000
      vertex   -2.150758e+002 2.873104e+002 9.200000e+000
    endloop
  endfacet
  facet normal 6.275921e+000 7.771456e+000 -3.469447e-017
    outer loop
      vertex   -2.149088e+002 2.871755e+002 4.600000e+000
      vertex   -2.150758e+002 2.873104e+002 4.600000e+000
      vertex   -2.150758e+002 2.873104e+002 9.200000e+000
    endloop
  endfacet
  facet normal 2.928739e-001 3.626650e-001 0.000000e+000
    outer loop
      vertex   -2.149088e+002 2.871755e+002 4.600000e+000
      vertex   -2.150758e+002 2.873104e+002 9.200000e+000
      vertex   -2.149088e+002 2.871755e+002 9.200000e+000
    endloop
  endfacet
  facet normal 7.063756e+000 7.063756e+000 0.000000e+000
    outer loop
      vertex   -2.147608e+002 2.870275e+002 4.600000e+000
      vertex   -2.149088e+002 2.871755e+002 4.600000e+000
      vertex   -2.149088e+002 2.871755e+002 9.200000e+000
    endloop
  endfacet
  facet normal 3.214702e-001 3.214702e-001 0.000000e+000
    outer loop
      vertex   -2.147608e+002 2.870275e+002 4.600000e+000
      vertex   -2.149088e+002 2.871755e+002 9.200000e+000
      vertex   -2.147608e+002 2.870275e+002 9.200000e+000
    endloop
  endfacet
  facet normal 7.771456e+000 6.275921e+000 3.469447e-017
    outer loop
      vertex   -2.146259e+002 2.868605e+002 4.600000e+000
      vertex   -2.147608e+002 2.870275e+002 4.600000e+000
      vertex   -2.147608e+002 2.870275e+002 9.200000e+000
    endloop
  endfacet
  facet normal 3.626650e-001 2.928739e-001 0.000000e+000
    outer loop
      vertex   -2.146259e+002 2.868605e+002 4.600000e+000
      vertex   -2.147608e+002 2.870275e+002 9.200000e+000
      vertex   -2.146259e+002 2.868605e+002 9.200000e+000
    endloop
  endfacet
  facet normal 8.397203e+000 5.410478e+000 0.000000e+000
    outer loop
      vertex   -2.145106e+002 2.866815e+002 4.600000e+000
      vertex   -2.146259e+002 2.868605e+002 4.600000e+000
      vertex   -2.146259e+002 2.868605e+002 9.200000e+000
    endloop
  endfacet
  facet normal 3.886003e-001 2.503825e-001 0.000000e+000
    outer loop
      vertex   -2.145106e+002 2.866815e+002 4.600000e+000
      vertex   -2.146259e+002 2.868605e+002 9.200000e+000
      vertex   -2.145106e+002 2.866815e+002 9.200000e+000
    endloop
  endfacet
  facet normal 8.924302e+000 4.488104e+000 0.000000e+000
    outer loop
      vertex   -2.144149e+002 2.864914e+002 4.600000e+000
      vertex   -2.145106e+002 2.866815e+002 4.600000e+000
      vertex   -2.145106e+002 2.866815e+002 9.200000e+000
    endloop
  endfacet
  facet normal 4.130379e-001 2.077201e-001 0.000000e+000
    outer loop
      vertex   -2.144149e+002 2.864914e+002 4.600000e+000
      vertex   -2.145106e+002 2.866815e+002 9.200000e+000
      vertex   -2.144149e+002 2.864914e+002 9.200000e+000
    endloop
  endfacet
  facet normal 9.350924e+000 3.513757e+000 -1.734723e-017
    outer loop
      vertex   -2.143401e+002 2.862921e+002 4.600000e+000
      vertex   -2.144149e+002 2.864914e+002 4.600000e+000
      vertex   -2.144149e+002 2.864914e+002 9.200000e+000
    endloop
  endfacet
  facet normal 4.327537e-001 1.626140e-001 0.000000e+000
    outer loop
      vertex   -2.143401e+002 2.862921e+002 4.600000e+000
      vertex   -2.144149e+002 2.864914e+002 9.200000e+000
      vertex   -2.143401e+002 2.862921e+002 9.200000e+000
    endloop
  endfacet
  facet normal 9.671532e+000 2.499546e+000 0.000000e+000
    outer loop
      vertex   -2.142868e+002 2.860859e+002 4.600000e+000
      vertex   -2.143401e+002 2.862921e+002 4.600000e+000
      vertex   -2.143401e+002 2.862921e+002 9.200000e+000
    endloop
  endfacet
  facet normal 4.476234e-001 1.156854e-001 0.000000e+000
    outer loop
      vertex   -2.142868e+002 2.860859e+002 4.600000e+000
      vertex   -2.143401e+002 2.862921e+002 9.200000e+000
      vertex   -2.142868e+002 2.860859e+002 9.200000e+000
    endloop
  endfacet
  facet normal 9.882475e+000 1.457043e+000 -8.673617e-018
    outer loop
      vertex   -2.142557e+002 2.858753e+002 4.600000e+000
      vertex   -2.142868e+002 2.860859e+002 4.600000e+000
      vertex   -2.142868e+002 2.860859e+002 9.200000e+000
    endloop
  endfacet
  facet normal 4.573570e-001 6.743138e-002 0.000000e+000
    outer loop
      vertex   -2.142557e+002 2.858753e+002 4.600000e+000
      vertex   -2.142868e+002 2.860859e+002 9.200000e+000
      vertex   -2.142557e+002 2.858753e+002 9.200000e+000
    endloop
  endfacet
  facet normal 1.000000e+001 0.000000e+000 0.000000e+000
    outer loop
      vertex   -2.142471e+002 2.856892e+002 1.840000e+001
      vertex   -2.142471e+002 2.472892e+002 1.840000e+001
      vertex   -2.142471e+002 2.856892e+002 5.000000e-001
    endloop
  endfacet
  facet normal 4.224978e+000 0.000000e+000 0.000000e+000
    outer loop
      vertex   -2.142471e+002 2.856892e+002 5.000000e-001
      vertex   -2.142471e+002 2.472892e+002 1.840000e+001
      vertex   -2.142471e+002 2.472892e+002 5.000000e-001
    endloop
  endfacet
  facet normal 9.986191e+000 -5.229517e-001 2.316694e-003
    outer loop
      vertex   -2.142580e+002 2.470802e+002 1.840000e+001
      vertex   -2.142557e+002 2.471031e+002 1.380000e+001
      vertex   -2.142471e+002 2.472892e+002 1.840000e+001
    endloop
  endfacet
  facet normal 2.020755e-001 -9.423423e-003 6.776264e-020
    outer loop
      vertex   -2.142471e+002 2.472892e+002 1.840000e+001
      vertex   -2.142557e+002 2.471031e+002 1.380000e+001
      vertex   -2.142557e+002 2.471031e+002 9.200000e+000
    endloop
  endfacet
  facet normal 2.022412e-001 -9.431149e-003 0.000000e+000
    outer loop
      vertex   -2.142471e+002 2.472892e+002 1.840000e+001
      vertex   -2.142557e+002 2.471031e+002 9.200000e+000
      vertex   -2.142471e+002 2.472892e+002 5.000000e-001
    endloop
  endfacet
  facet normal 2.396921e-001 -1.117761e-002 0.000000e+000
    outer loop
      vertex   -2.142471e+002 2.472892e+002 5.000000e-001
      vertex   -2.142557e+002 2.471031e+002 9.200000e+000
      vertex   -2.142557e+002 2.471031e+002 4.600000e+000
    endloop
  endfacet
  facet normal 9.976023e+000 -5.224192e-001 -2.596571e-003
    outer loop
      vertex   -2.142471e+002 2.472892e+002 5.000000e-001
      vertex   -2.142557e+002 2.471031e+002 4.600000e+000
      vertex   -2.142580e+002 2.470802e+002 5.000000e-001
    endloop
  endfacet
  facet normal 5.131469e-001 -7.565343e-002 1.396657e-004
    outer loop
      vertex   -2.142580e+002 2.470802e+002 5.000000e-001
      vertex   -2.142557e+002 2.471031e+002 4.600000e+000
      vertex   -2.142868e+002 2.468925e+002 4.600000e+000
    endloop
  endfacet
  facet normal 9.866296e+000 -1.562770e+000 -2.265907e-003
    outer loop
      vertex   -2.142580e+002 2.470802e+002 5.000000e-001
      vertex   -2.142868e+002 2.468925e+002 4.600000e+000
      vertex   -2.142908e+002 2.468734e+002 5.000000e-001
    endloop
  endfacet
  facet normal 5.021619e-001 -1.297865e-001 1.187745e-004
    outer loop
      vertex   -2.142908e+002 2.468734e+002 5.000000e-001
      vertex   -2.142868e+002 2.468925e+002 4.600000e+000
      vertex   -2.143401e+002 2.466864e+002 4.600000e+000
    endloop
  endfacet
  facet normal 9.648514e+000 -2.585374e+000 -1.898899e-003
    outer loop
      vertex   -2.142908e+002 2.468734e+002 5.000000e-001
      vertex   -2.143401e+002 2.466864e+002 4.600000e+000
      vertex   -2.143449e+002 2.466712e+002 5.000000e-001
    endloop
  endfacet
  facet normal 4.854849e-001 -1.824286e-001 9.863621e-005
    outer loop
      vertex   -2.143449e+002 2.466712e+002 5.000000e-001
      vertex   -2.143401e+002 2.466864e+002 4.600000e+000
      vertex   -2.144149e+002 2.464871e+002 4.600000e+000
    endloop
  endfacet
  facet normal 9.324829e+000 -3.580137e+000 -1.525846e-003
    outer loop
      vertex   -2.143449e+002 2.466712e+002 5.000000e-001
      vertex   -2.144149e+002 2.464871e+002 4.600000e+000
      vertex   -2.144200e+002 2.464758e+002 5.000000e-001
    endloop
  endfacet
  facet normal 4.633487e-001 -2.330218e-001 7.702412e-005
    outer loop
      vertex   -2.144200e+002 2.464758e+002 5.000000e-001
      vertex   -2.144149e+002 2.464871e+002 4.600000e+000
      vertex   -2.145106e+002 2.462969e+002 4.600000e+000
    endloop
  endfacet
  facet normal 8.899672e+000 -4.534018e+000 -1.063532e-003
    outer loop
      vertex   -2.144200e+002 2.464758e+002 5.000000e-001
      vertex   -2.145106e+002 2.462969e+002 4.600000e+000
      vertex   -2.145150e+002 2.462892e+002 5.000000e-001
    endloop
  endfacet
  facet normal 4.359168e-001 -2.808694e-001 5.812111e-005
    outer loop
      vertex   -2.145150e+002 2.462892e+002 5.000000e-001
      vertex   -2.145106e+002 2.462969e+002 4.600000e+000
      vertex   -2.146259e+002 2.461180e+002 4.600000e+000
    endloop
  endfacet
  facet normal 8.376256e+000 -5.439789e+000 -6.713572e-004
    outer loop
      vertex   -2.145150e+002 2.462892e+002 5.000000e-001
      vertex   -2.146259e+002 2.461180e+002 4.600000e+000
      vertex   -2.146290e+002 2.461137e+002 5.000000e-001
    endloop
  endfacet
  facet normal 4.067817e-001 -3.285196e-001 3.504513e-005
    outer loop
      vertex   -2.146290e+002 2.461137e+002 5.000000e-001
      vertex   -2.146259e+002 2.461180e+002 4.600000e+000
      vertex   -2.147608e+002 2.459510e+002 4.600000e+000
    endloop
  endfacet
  facet normal 7.761373e+000 -6.284988e+000 3.469447e-017
    outer loop
      vertex   -2.146290e+002 2.461137e+002 5.000000e-001
      vertex   -2.147608e+002 2.459510e+002 4.600000e+000
      vertex   -2.147608e+002 2.459510e+002 5.000000e-001
    endloop
  endfacet
  facet normal 7.071295e+000 -7.070840e+000 0.000000e+000
    outer loop
      vertex   -2.147608e+002 2.459510e+002 5.000000e-001
      vertex   -2.147608e+002 2.459510e+002 4.600000e+000
      vertex   -2.149088e+002 2.458029e+002 5.000000e-001
    endloop
  endfacet
  facet normal 3.606006e-001 -3.605774e-001 0.000000e+000
    outer loop
      vertex   -2.149088e+002 2.458029e+002 5.000000e-001
      vertex   -2.147608e+002 2.459510e+002 4.600000e+000
      vertex   -2.149088e+002 2.458029e+002 4.600000e+000
    endloop
  endfacet
  facet normal 6.292952e+000 -7.771664e+000 0.000000e+000
    outer loop
      vertex   -2.149088e+002 2.458029e+002 5.000000e-001
      vertex   -2.149088e+002 2.458029e+002 4.600000e+000
      vertex   -2.150715e+002 2.456712e+002 5.000000e-001
    endloop
  endfacet
  facet normal 3.284964e-001 -4.068049e-001 3.594922e-005
    outer loop
      vertex   -2.150715e+002 2.456712e+002 5.000000e-001
      vertex   -2.149088e+002 2.458029e+002 4.600000e+000
      vertex   -2.150758e+002 2.456681e+002 4.600000e+000
    endloop
  endfacet
  facet normal 5.446516e+000 -8.386614e+000 -6.526799e-004
    outer loop
      vertex   -2.150715e+002 2.456712e+002 5.000000e-001
      vertex   -2.150758e+002 2.456681e+002 4.600000e+000
      vertex   -2.152471e+002 2.455572e+002 5.000000e-001
    endloop
  endfacet
  facet normal 2.808926e-001 -4.359168e-001 5.816466e-005
    outer loop
      vertex   -2.152471e+002 2.455572e+002 5.000000e-001
      vertex   -2.150758e+002 2.456681e+002 4.600000e+000
      vertex   -2.152547e+002 2.455528e+002 4.600000e+000
    endloop
  endfacet
  facet normal 4.539425e+000 -8.910284e+000 -1.064800e-003
    outer loop
      vertex   -2.152471e+002 2.455572e+002 5.000000e-001
      vertex   -2.152547e+002 2.455528e+002 4.600000e+000
      vertex   -2.154336e+002 2.454622e+002 5.000000e-001
    endloop
  endfacet
  facet normal 2.329986e-001 -4.633487e-001 7.803747e-005
    outer loop
      vertex   -2.154336e+002 2.454622e+002 5.000000e-001
      vertex   -2.152547e+002 2.455528e+002 4.600000e+000
      vertex   -2.154449e+002 2.454571e+002 4.600000e+000
    endloop
  endfacet
  facet normal 3.584401e+000 -9.335478e+000 -1.505389e-003
    outer loop
      vertex   -2.154336e+002 2.454622e+002 5.000000e-001
      vertex   -2.154449e+002 2.454571e+002 4.600000e+000
      vertex   -2.156290e+002 2.453871e+002 5.000000e-001
    endloop
  endfacet
  facet normal 1.824053e-001 -4.854849e-001 1.012328e-004
    outer loop
      vertex   -2.156290e+002 2.453871e+002 5.000000e-001
      vertex   -2.154449e+002 2.454571e+002 4.600000e+000
      vertex   -2.156442e+002 2.453823e+002 4.600000e+000
    endloop
  endfacet
  facet normal 2.587918e+000 -9.659253e+000 -1.851295e-003
    outer loop
      vertex   -2.156290e+002 2.453871e+002 5.000000e-001
      vertex   -2.156442e+002 2.453823e+002 4.600000e+000
      vertex   -2.158312e+002 2.453329e+002 5.000000e-001
    endloop
  endfacet
  facet normal 1.298098e-001 -5.021387e-001 1.192072e-004
    outer loop
      vertex   -2.158312e+002 2.453329e+002 5.000000e-001
      vertex   -2.156442e+002 2.453823e+002 4.600000e+000
      vertex   -2.158503e+002 2.453290e+002 4.600000e+000
    endloop
  endfacet
  facet normal 1.564286e+000 -9.876778e+000 -2.265349e-003
    outer loop
      vertex   -2.158312e+002 2.453329e+002 5.000000e-001
      vertex   -2.158503e+002 2.453290e+002 4.600000e+000
      vertex   -2.160380e+002 2.453002e+002 5.000000e-001
    endloop
  endfacet
  facet normal 7.565343e-002 -5.131700e-001 1.396528e-004
    outer loop
      vertex   -2.160380e+002 2.453002e+002 5.000000e-001
      vertex   -2.158503e+002 2.453290e+002 4.600000e+000
      vertex   -2.160610e+002 2.452979e+002 4.600000e+000
    endloop
  endfacet
  facet normal 5.234042e-001 -9.986135e+000 -2.596652e-003
    outer loop
      vertex   -2.160380e+002 2.453002e+002 5.000000e-001
      vertex   -2.160610e+002 2.452979e+002 4.600000e+000
      vertex   -2.162471e+002 2.452892e+002 5.000000e-001
    endloop
  endfacet
  facet normal 1.118989e-002 -2.396921e-001 0.000000e+000
    outer loop
      vertex   -2.162471e+002 2.452892e+002 5.000000e-001
      vertex   -2.160610e+002 2.452979e+002 4.600000e+000
      vertex   -2.160610e+002 2.452979e+002 9.200000e+000
    endloop
  endfacet
  facet normal 9.983888e-003 -2.138590e-001 0.000000e+000
    outer loop
      vertex   -2.162471e+002 2.452892e+002 5.000000e-001
      vertex   -2.160610e+002 2.452979e+002 9.200000e+000
      vertex   -2.162471e+002 2.452892e+002 1.840000e+001
    endloop
  endfacet
  facet normal 9.433778e-003 -2.020755e-001 0.000000e+000
    outer loop
      vertex   -2.162471e+002 2.452892e+002 1.840000e+001
      vertex   -2.160610e+002 2.452979e+002 9.200000e+000
      vertex   -2.160610e+002 2.452979e+002 1.380000e+001
    endloop
  endfacet
  facet normal 5.229838e-001 -9.978112e+000 2.312548e-003
    outer loop
      vertex   -2.162471e+002 2.452892e+002 1.840000e+001
      vertex   -2.160610e+002 2.452979e+002 1.380000e+001
      vertex   -2.160380e+002 2.453002e+002 1.840000e+001
    endloop
  endfacet
  facet normal 6.744528e-002 -4.574928e-001 -1.109682e-004
    outer loop
      vertex   -2.160380e+002 2.453002e+002 1.840000e+001
      vertex   -2.160610e+002 2.452979e+002 1.380000e+001
      vertex   -2.158503e+002 2.453290e+002 1.380000e+001
    endloop
  endfacet
  facet normal 1.562973e+000 -9.868487e+000 2.017420e-003
    outer loop
      vertex   -2.160380e+002 2.453002e+002 1.840000e+001
      vertex   -2.158503e+002 2.453290e+002 1.380000e+001
      vertex   -2.158312e+002 2.453329e+002 1.840000e+001
    endloop
  endfacet
  facet normal 1.157267e-001 -4.476616e-001 -9.472280e-005
    outer loop
      vertex   -2.158312e+002 2.453329e+002 1.840000e+001
      vertex   -2.158503e+002 2.453290e+002 1.380000e+001
      vertex   -2.156442e+002 2.453823e+002 1.380000e+001
    endloop
  endfacet
  facet normal 2.585654e+000 -9.650801e+000 1.648623e-003
    outer loop
      vertex   -2.158312e+002 2.453329e+002 1.840000e+001
      vertex   -2.156442e+002 2.453823e+002 1.380000e+001
      vertex   -2.156290e+002 2.453871e+002 1.840000e+001
    endloop
  endfacet
  facet normal 1.626174e-001 -4.328179e-001 -8.044086e-005
    outer loop
      vertex   -2.156290e+002 2.453871e+002 1.840000e+001
      vertex   -2.156442e+002 2.453823e+002 1.380000e+001
      vertex   -2.154449e+002 2.454571e+002 1.380000e+001
    endloop
  endfacet
  facet normal 3.581137e+000 -9.326979e+000 1.340538e-003
    outer loop
      vertex   -2.156290e+002 2.453871e+002 1.840000e+001
      vertex   -2.154449e+002 2.454571e+002 1.380000e+001
      vertex   -2.154336e+002 2.454622e+002 1.840000e+001
    endloop
  endfacet
  facet normal 2.077238e-001 -4.130864e-001 -6.201005e-005
    outer loop
      vertex   -2.154336e+002 2.454622e+002 1.840000e+001
      vertex   -2.154449e+002 2.454571e+002 1.380000e+001
      vertex   -2.152547e+002 2.455528e+002 1.380000e+001
    endloop
  endfacet
  facet normal 4.535131e+000 -8.901855e+000 9.481632e-004
    outer loop
      vertex   -2.154336e+002 2.454622e+002 1.840000e+001
      vertex   -2.152547e+002 2.455528e+002 1.380000e+001
      vertex   -2.152471e+002 2.455572e+002 1.840000e+001
    endloop
  endfacet
  facet normal 2.504245e-001 -3.886333e-001 -4.621912e-005
    outer loop
      vertex   -2.152471e+002 2.455572e+002 1.840000e+001
      vertex   -2.152547e+002 2.455528e+002 1.380000e+001
      vertex   -2.150758e+002 2.456681e+002 1.380000e+001
    endloop
  endfacet
  facet normal 5.441171e+000 -8.378384e+000 5.811654e-004
    outer loop
      vertex   -2.152471e+002 2.455572e+002 1.840000e+001
      vertex   -2.150758e+002 2.456681e+002 1.380000e+001
      vertex   -2.150715e+002 2.456712e+002 1.840000e+001
    endloop
  endfacet
  facet normal 2.928686e-001 -3.626840e-001 -2.856654e-005
    outer loop
      vertex   -2.150715e+002 2.456712e+002 1.840000e+001
      vertex   -2.150758e+002 2.456681e+002 1.380000e+001
      vertex   -2.149088e+002 2.458029e+002 1.380000e+001
    endloop
  endfacet
  facet normal 6.286445e+000 -7.763628e+000 0.000000e+000
    outer loop
      vertex   -2.150715e+002 2.456712e+002 1.840000e+001
      vertex   -2.149088e+002 2.458029e+002 1.380000e+001
      vertex   -2.149088e+002 2.458029e+002 1.840000e+001
    endloop
  endfacet
  facet normal 7.071295e+000 -7.070840e+000 0.000000e+000
    outer loop
      vertex   -2.149088e+002 2.458029e+002 1.840000e+001
      vertex   -2.149088e+002 2.458029e+002 1.380000e+001
      vertex   -2.147608e+002 2.459510e+002 1.840000e+001
    endloop
  endfacet
  facet normal 3.214908e-001 -3.214701e-001 0.000000e+000
    outer loop
      vertex   -2.147608e+002 2.459510e+002 1.840000e+001
      vertex   -2.149088e+002 2.458029e+002 1.380000e+001
      vertex   -2.147608e+002 2.459510e+002 1.380000e+001
    endloop
  endfacet
  facet normal 7.771483e+000 -6.293175e+000 0.000000e+000
    outer loop
      vertex   -2.147608e+002 2.459510e+002 1.840000e+001
      vertex   -2.147608e+002 2.459510e+002 1.380000e+001
      vertex   -2.146290e+002 2.461137e+002 1.840000e+001
    endloop
  endfacet
  facet normal 3.626633e-001 -2.928893e-001 -2.784811e-005
    outer loop
      vertex   -2.146290e+002 2.461137e+002 1.840000e+001
      vertex   -2.147608e+002 2.459510e+002 1.380000e+001
      vertex   -2.146259e+002 2.461180e+002 1.380000e+001
    endloop
  endfacet
  facet normal 8.386616e+000 -5.446517e+000 5.991236e-004
    outer loop
      vertex   -2.146290e+002 2.461137e+002 1.840000e+001
      vertex   -2.146259e+002 2.461180e+002 1.380000e+001
      vertex   -2.145150e+002 2.462892e+002 1.840000e+001
    endloop
  endfacet
  facet normal 3.886333e-001 -2.504038e-001 -4.618451e-005
    outer loop
      vertex   -2.145150e+002 2.462892e+002 1.840000e+001
      vertex   -2.146259e+002 2.461180e+002 1.380000e+001
      vertex   -2.145106e+002 2.462969e+002 1.380000e+001
    endloop
  endfacet
  facet normal 8.910288e+000 -4.539427e+000 9.490614e-004
    outer loop
      vertex   -2.145150e+002 2.462892e+002 1.840000e+001
      vertex   -2.145106e+002 2.462969e+002 1.380000e+001
      vertex   -2.144200e+002 2.464758e+002 1.840000e+001
    endloop
  endfacet
  facet normal 4.130864e-001 -2.077445e-001 -6.120482e-005
    outer loop
      vertex   -2.144200e+002 2.464758e+002 1.840000e+001
      vertex   -2.145106e+002 2.462969e+002 1.380000e+001
      vertex   -2.144149e+002 2.464871e+002 1.380000e+001
    endloop
  endfacet
  facet normal 9.335546e+000 -3.584252e+000 1.361556e-003
    outer loop
      vertex   -2.144200e+002 2.464758e+002 1.840000e+001
      vertex   -2.144149e+002 2.464871e+002 1.380000e+001
      vertex   -2.143449e+002 2.466712e+002 1.840000e+001
    endloop
  endfacet
  facet normal 4.328178e-001 -1.626381e-001 -7.837757e-005
    outer loop
      vertex   -2.143449e+002 2.466712e+002 1.840000e+001
      vertex   -2.144149e+002 2.464871e+002 1.380000e+001
      vertex   -2.143401e+002 2.466864e+002 1.380000e+001
    endloop
  endfacet
  facet normal 9.659184e+000 -2.588233e+000 1.694369e-003
    outer loop
      vertex   -2.143449e+002 2.466712e+002 1.840000e+001
      vertex   -2.143401e+002 2.466864e+002 1.380000e+001
      vertex   -2.142908e+002 2.468734e+002 1.840000e+001
    endloop
  endfacet
  facet normal 4.476822e-001 -1.157060e-001 -9.437899e-005
    outer loop
      vertex   -2.142908e+002 2.468734e+002 1.840000e+001
      vertex   -2.143401e+002 2.466864e+002 1.380000e+001
      vertex   -2.142868e+002 2.468925e+002 1.380000e+001
    endloop
  endfacet
  facet normal 9.876779e+000 -1.564431e+000 2.021759e-003
    outer loop
      vertex   -2.142908e+002 2.468734e+002 1.840000e+001
      vertex   -2.142868e+002 2.468925e+002 1.380000e+001
      vertex   -2.142580e+002 2.470802e+002 1.840000e+001
    endloop
  endfacet
  facet normal 4.574721e-001 -6.744529e-002 -1.109784e-004
    outer loop
      vertex   -2.142580e+002 2.470802e+002 1.840000e+001
      vertex   -2.142868e+002 2.468925e+002 1.380000e+001
      vertex   -2.142557e+002 2.471031e+002 1.380000e+001
    endloop
  endfacet
  facet normal 9.882483e+000 -1.456978e+000 8.673617e-018
    outer loop
      vertex   -2.142868e+002 2.468925e+002 4.600000e+000
      vertex   -2.142557e+002 2.471031e+002 4.600000e+000
      vertex   -2.142557e+002 2.471031e+002 9.200000e+000
    endloop
  endfacet
  facet normal 9.893062e+000 -1.458538e+000 0.000000e+000
    outer loop
      vertex   -2.142557e+002 2.471031e+002 9.200000e+000
      vertex   -2.142557e+002 2.471031e+002 1.380000e+001
      vertex   -2.142868e+002 2.468925e+002 9.200000e+000
    endloop
  endfacet
  facet normal 4.573778e-001 -6.743138e-002 0.000000e+000
    outer loop
      vertex   -2.142868e+002 2.468925e+002 9.200000e+000
      vertex   -2.142557e+002 2.471031e+002 1.380000e+001
      vertex   -2.142868e+002 2.468925e+002 1.380000e+001
    endloop
  endfacet
  facet normal 9.681856e+000 -2.502330e+000 0.000000e+000
    outer loop
      vertex   -2.142868e+002 2.468925e+002 9.200000e+000
      vertex   -2.142868e+002 2.468925e+002 1.380000e+001
      vertex   -2.143401e+002 2.466864e+002 9.200000e+000
    endloop
  endfacet
  facet normal 4.476027e-001 -1.156854e-001 0.000000e+000
    outer loop
      vertex   -2.143401e+002 2.466864e+002 9.200000e+000
      vertex   -2.142868e+002 2.468925e+002 1.380000e+001
      vertex   -2.143401e+002 2.466864e+002 1.380000e+001
    endloop
  endfacet
  facet normal 9.360933e+000 -3.517518e+000 0.000000e+000
    outer loop
      vertex   -2.143401e+002 2.466864e+002 9.200000e+000
      vertex   -2.143401e+002 2.466864e+002 1.380000e+001
      vertex   -2.144149e+002 2.464871e+002 9.200000e+000
    endloop
  endfacet
  facet normal 4.327537e-001 -1.626140e-001 0.000000e+000
    outer loop
      vertex   -2.144149e+002 2.464871e+002 9.200000e+000
      vertex   -2.143401e+002 2.466864e+002 1.380000e+001
      vertex   -2.144149e+002 2.464871e+002 1.380000e+001
    endloop
  endfacet
  facet normal 8.933855e+000 -4.492908e+000 0.000000e+000
    outer loop
      vertex   -2.144149e+002 2.464871e+002 9.200000e+000
      vertex   -2.144149e+002 2.464871e+002 1.380000e+001
      vertex   -2.145106e+002 2.462969e+002 9.200000e+000
    endloop
  endfacet
  facet normal 4.130379e-001 -2.077201e-001 0.000000e+000
    outer loop
      vertex   -2.145106e+002 2.462969e+002 9.200000e+000
      vertex   -2.144149e+002 2.464871e+002 1.380000e+001
      vertex   -2.145106e+002 2.462969e+002 1.380000e+001
    endloop
  endfacet
  facet normal 8.406191e+000 -5.416267e+000 0.000000e+000
    outer loop
      vertex   -2.145106e+002 2.462969e+002 9.200000e+000
      vertex   -2.145106e+002 2.462969e+002 1.380000e+001
      vertex   -2.146259e+002 2.461180e+002 9.200000e+000
    endloop
  endfacet
  facet normal 3.886003e-001 -2.503825e-001 0.000000e+000
    outer loop
      vertex   -2.146259e+002 2.461180e+002 9.200000e+000
      vertex   -2.145106e+002 2.462969e+002 1.380000e+001
      vertex   -2.146259e+002 2.461180e+002 1.380000e+001
    endloop
  endfacet
  facet normal 7.779737e+000 -6.282968e+000 0.000000e+000
    outer loop
      vertex   -2.146259e+002 2.461180e+002 9.200000e+000
      vertex   -2.146259e+002 2.461180e+002 1.380000e+001
      vertex   -2.147608e+002 2.459510e+002 9.200000e+000
    endloop
  endfacet
  facet normal 3.626443e-001 -2.928739e-001 0.000000e+000
    outer loop
      vertex   -2.147608e+002 2.459510e+002 9.200000e+000
      vertex   -2.146259e+002 2.461180e+002 1.380000e+001
      vertex   -2.147608e+002 2.459510e+002 1.380000e+001
    endloop
  endfacet
  facet normal 7.071295e+000 -7.070840e+000 0.000000e+000
    outer loop
      vertex   -2.147608e+002 2.459510e+002 9.200000e+000
      vertex   -2.147608e+002 2.459510e+002 1.380000e+001
      vertex   -2.149088e+002 2.458029e+002 9.200000e+000
    endloop
  endfacet
  facet normal 3.214908e-001 -3.214702e-001 0.000000e+000
    outer loop
      vertex   -2.149088e+002 2.458029e+002 9.200000e+000
      vertex   -2.147608e+002 2.459510e+002 1.380000e+001
      vertex   -2.149088e+002 2.458029e+002 1.380000e+001
    endloop
  endfacet
  facet normal 6.282482e+000 -7.780130e+000 0.000000e+000
    outer loop
      vertex   -2.149088e+002 2.458029e+002 9.200000e+000
      vertex   -2.149088e+002 2.458029e+002 1.380000e+001
      vertex   -2.150758e+002 2.456681e+002 9.200000e+000
    endloop
  endfacet
  facet normal 2.928532e-001 -3.626650e-001 0.000000e+000
    outer loop
      vertex   -2.150758e+002 2.456681e+002 9.200000e+000
      vertex   -2.149088e+002 2.458029e+002 1.380000e+001
      vertex   -2.150758e+002 2.456681e+002 1.380000e+001
    endloop
  endfacet
  facet normal 5.416584e+000 -8.405987e+000 0.000000e+000
    outer loop
      vertex   -2.150758e+002 2.456681e+002 9.200000e+000
      vertex   -2.150758e+002 2.456681e+002 1.380000e+001
      vertex   -2.152547e+002 2.455528e+002 9.200000e+000
    endloop
  endfacet
  facet normal 2.504032e-001 -3.886003e-001 0.000000e+000
    outer loop
      vertex   -2.152547e+002 2.455528e+002 9.200000e+000
      vertex   -2.150758e+002 2.456681e+002 1.380000e+001
      vertex   -2.152547e+002 2.455528e+002 1.380000e+001
    endloop
  endfacet
  facet normal 4.492551e+000 -8.934035e+000 0.000000e+000
    outer loop
      vertex   -2.152547e+002 2.455528e+002 9.200000e+000
      vertex   -2.152547e+002 2.455528e+002 1.380000e+001
      vertex   -2.154449e+002 2.454571e+002 9.200000e+000
    endloop
  endfacet
  facet normal 2.076994e-001 -4.130379e-001 0.000000e+000
    outer loop
      vertex   -2.154449e+002 2.454571e+002 9.200000e+000
      vertex   -2.152547e+002 2.455528e+002 1.380000e+001
      vertex   -2.154449e+002 2.454571e+002 1.380000e+001
    endloop
  endfacet
  facet normal 3.517125e+000 -9.361080e+000 0.000000e+000
    outer loop
      vertex   -2.154449e+002 2.454571e+002 9.200000e+000
      vertex   -2.154449e+002 2.454571e+002 1.380000e+001
      vertex   -2.156442e+002 2.453823e+002 9.200000e+000
    endloop
  endfacet
  facet normal 1.625933e-001 -4.327538e-001 0.000000e+000
    outer loop
      vertex   -2.156442e+002 2.453823e+002 9.200000e+000
      vertex   -2.154449e+002 2.454571e+002 1.380000e+001
      vertex   -2.156442e+002 2.453823e+002 1.380000e+001
    endloop
  endfacet
  facet normal 2.502858e+000 -9.681720e+000 0.000000e+000
    outer loop
      vertex   -2.156442e+002 2.453823e+002 9.200000e+000
      vertex   -2.156442e+002 2.453823e+002 1.380000e+001
      vertex   -2.158503e+002 2.453290e+002 9.200000e+000
    endloop
  endfacet
  facet normal 1.157061e-001 -4.475820e-001 0.000000e+000
    outer loop
      vertex   -2.158503e+002 2.453290e+002 9.200000e+000
      vertex   -2.156442e+002 2.453823e+002 1.380000e+001
      vertex   -2.158503e+002 2.453290e+002 1.380000e+001
    endloop
  endfacet
  facet normal 1.458473e+000 -9.893071e+000 0.000000e+000
    outer loop
      vertex   -2.158503e+002 2.453290e+002 9.200000e+000
      vertex   -2.158503e+002 2.453290e+002 1.380000e+001
      vertex   -2.160610e+002 2.452979e+002 9.200000e+000
    endloop
  endfacet
  facet normal 6.743138e-002 -4.573984e-001 0.000000e+000
    outer loop
      vertex   -2.160610e+002 2.452979e+002 9.200000e+000
      vertex   -2.158503e+002 2.453290e+002 1.380000e+001
      vertex   -2.160610e+002 2.452979e+002 1.380000e+001
    endloop
  endfacet
  facet normal 9.671505e+000 -2.499654e+000 0.000000e+000
    outer loop
      vertex   -2.143401e+002 2.466864e+002 4.600000e+000
      vertex   -2.142868e+002 2.468925e+002 4.600000e+000
      vertex   -2.142868e+002 2.468925e+002 9.200000e+000
    endloop
  endfacet
  facet normal 9.893062e+000 -1.458538e+000 0.000000e+000
    outer loop
      vertex   -2.142868e+002 2.468925e+002 9.200000e+000
      vertex   -2.142868e+002 2.468925e+002 4.600000e+000
      vertex   -2.142557e+002 2.471031e+002 9.200000e+000
    endloop
  endfacet
  facet normal 4.476027e-001 -1.156854e-001 0.000000e+000
    outer loop
      vertex   -2.143401e+002 2.466864e+002 4.600000e+000
      vertex   -2.142868e+002 2.468925e+002 9.200000e+000
      vertex   -2.143401e+002 2.466864e+002 9.200000e+000
    endloop
  endfacet
  facet normal 9.350924e+000 -3.513757e+000 1.734723e-017
    outer loop
      vertex   -2.144149e+002 2.464871e+002 4.600000e+000
      vertex   -2.143401e+002 2.466864e+002 4.600000e+000
      vertex   -2.143401e+002 2.466864e+002 9.200000e+000
    endloop
  endfacet
  facet normal 4.327537e-001 -1.626140e-001 0.000000e+000
    outer loop
      vertex   -2.144149e+002 2.464871e+002 4.600000e+000
      vertex   -2.143401e+002 2.466864e+002 9.200000e+000
      vertex   -2.144149e+002 2.464871e+002 9.200000e+000
    endloop
  endfacet
  facet normal 8.924302e+000 -4.488104e+000 0.000000e+000
    outer loop
      vertex   -2.145106e+002 2.462969e+002 4.600000e+000
      vertex   -2.144149e+002 2.464871e+002 4.600000e+000
      vertex   -2.144149e+002 2.464871e+002 9.200000e+000
    endloop
  endfacet
  facet normal 4.130379e-001 -2.077201e-001 0.000000e+000
    outer loop
      vertex   -2.145106e+002 2.462969e+002 4.600000e+000
      vertex   -2.144149e+002 2.464871e+002 9.200000e+000
      vertex   -2.145106e+002 2.462969e+002 9.200000e+000
    endloop
  endfacet
  facet normal 8.397203e+000 -5.410478e+000 0.000000e+000
    outer loop
      vertex   -2.146259e+002 2.461180e+002 4.600000e+000
      vertex   -2.145106e+002 2.462969e+002 4.600000e+000
      vertex   -2.145106e+002 2.462969e+002 9.200000e+000
    endloop
  endfacet
  facet normal 3.886003e-001 -2.503825e-001 0.000000e+000
    outer loop
      vertex   -2.146259e+002 2.461180e+002 4.600000e+000
      vertex   -2.145106e+002 2.462969e+002 9.200000e+000
      vertex   -2.146259e+002 2.461180e+002 9.200000e+000
    endloop
  endfacet
  facet normal 7.771281e+000 -6.276138e+000 0.000000e+000
    outer loop
      vertex   -2.147608e+002 2.459510e+002 4.600000e+000
      vertex   -2.146259e+002 2.461180e+002 4.600000e+000
      vertex   -2.146259e+002 2.461180e+002 9.200000e+000
    endloop
  endfacet
  facet normal 3.626443e-001 -2.928739e-001 0.000000e+000
    outer loop
      vertex   -2.147608e+002 2.459510e+002 4.600000e+000
      vertex   -2.146259e+002 2.461180e+002 9.200000e+000
      vertex   -2.147608e+002 2.459510e+002 9.200000e+000
    endloop
  endfacet
  facet normal 7.063984e+000 -7.063528e+000 0.000000e+000
    outer loop
      vertex   -2.149088e+002 2.458029e+002 4.600000e+000
      vertex   -2.147608e+002 2.459510e+002 4.600000e+000
      vertex   -2.147608e+002 2.459510e+002 9.200000e+000
    endloop
  endfacet
  facet normal 3.214908e-001 -3.214701e-001 0.000000e+000
    outer loop
      vertex   -2.149088e+002 2.458029e+002 4.600000e+000
      vertex   -2.147608e+002 2.459510e+002 9.200000e+000
      vertex   -2.149088e+002 2.458029e+002 9.200000e+000
    endloop
  endfacet
  facet normal 6.275653e+000 -7.771673e+000 0.000000e+000
    outer loop
      vertex   -2.150758e+002 2.456681e+002 4.600000e+000
      vertex   -2.149088e+002 2.458029e+002 4.600000e+000
      vertex   -2.149088e+002 2.458029e+002 9.200000e+000
    endloop
  endfacet
  facet normal 2.928532e-001 -3.626650e-001 0.000000e+000
    outer loop
      vertex   -2.150758e+002 2.456681e+002 4.600000e+000
      vertex   -2.149088e+002 2.458029e+002 9.200000e+000
      vertex   -2.150758e+002 2.456681e+002 9.200000e+000
    endloop
  endfacet
  facet normal 5.410793e+000 -8.396999e+000 -3.469447e-017
    outer loop
      vertex   -2.152547e+002 2.455528e+002 4.600000e+000
      vertex   -2.150758e+002 2.456681e+002 4.600000e+000
      vertex   -2.150758e+002 2.456681e+002 9.200000e+000
    endloop
  endfacet
  facet normal 2.504032e-001 -3.886003e-001 0.000000e+000
    outer loop
      vertex   -2.152547e+002 2.455528e+002 4.600000e+000
      vertex   -2.150758e+002 2.456681e+002 9.200000e+000
      vertex   -2.152547e+002 2.455528e+002 9.200000e+000
    endloop
  endfacet
  facet normal 4.487747e+000 -8.924482e+000 3.469447e-017
    outer loop
      vertex   -2.154449e+002 2.454571e+002 4.600000e+000
      vertex   -2.152547e+002 2.455528e+002 4.600000e+000
      vertex   -2.152547e+002 2.455528e+002 9.200000e+000
    endloop
  endfacet
  facet normal 2.076994e-001 -4.130379e-001 0.000000e+000
    outer loop
      vertex   -2.154449e+002 2.454571e+002 4.600000e+000
      vertex   -2.152547e+002 2.455528e+002 9.200000e+000
      vertex   -2.154449e+002 2.454571e+002 9.200000e+000
    endloop
  endfacet
  facet normal 3.513365e+000 -9.351072e+000 1.734723e-017
    outer loop
      vertex   -2.156442e+002 2.453823e+002 4.600000e+000
      vertex   -2.154449e+002 2.454571e+002 4.600000e+000
      vertex   -2.154449e+002 2.454571e+002 9.200000e+000
    endloop
  endfacet
  facet normal 1.625933e-001 -4.327537e-001 0.000000e+000
    outer loop
      vertex   -2.156442e+002 2.453823e+002 4.600000e+000
      vertex   -2.154449e+002 2.454571e+002 9.200000e+000
      vertex   -2.156442e+002 2.453823e+002 9.200000e+000
    endloop
  endfacet
  facet normal 2.500182e+000 -9.671369e+000 1.734723e-017
    outer loop
      vertex   -2.158503e+002 2.453290e+002 4.600000e+000
      vertex   -2.156442e+002 2.453823e+002 4.600000e+000
      vertex   -2.156442e+002 2.453823e+002 9.200000e+000
    endloop
  endfacet
  facet normal 1.157061e-001 -4.475820e-001 0.000000e+000
    outer loop
      vertex   -2.158503e+002 2.453290e+002 4.600000e+000
      vertex   -2.156442e+002 2.453823e+002 9.200000e+000
      vertex   -2.158503e+002 2.453290e+002 9.200000e+000
    endloop
  endfacet
  facet normal 1.456913e+000 -9.882492e+000 0.000000e+000
    outer loop
      vertex   -2.160610e+002 2.452979e+002 4.600000e+000
      vertex   -2.158503e+002 2.453290e+002 4.600000e+000
      vertex   -2.158503e+002 2.453290e+002 9.200000e+000
    endloop
  endfacet
  facet normal 6.743137e-002 -4.573984e-001 0.000000e+000
    outer loop
      vertex   -2.160610e+002 2.452979e+002 4.600000e+000
      vertex   -2.158503e+002 2.453290e+002 9.200000e+000
      vertex   -2.160610e+002 2.452979e+002 9.200000e+000
    endloop
  endfacet
  facet normal -3.704085e-001 7.061275e+000 7.061443e+000
    outer loop
      vertex   -2.817470e+002 2.876892e+002 1.840000e+001
      vertex   -2.819561e+002 2.876783e+002 1.840000e+001
      vertex   -2.817470e+002 2.871892e+002 1.890000e+001
    endloop
  endfacet
  facet normal -4.132483e-001 6.836987e+000 6.859983e+000
    outer loop
      vertex   -2.817470e+002 2.871892e+002 1.890000e+001
      vertex   -2.819561e+002 2.876783e+002 1.840000e+001
      vertex   -2.819279e+002 2.871783e+002 1.890000e+001
    endloop
  endfacet
  facet normal -3.198009e-001 2.019011e+000 2.036979e+000
    outer loop
      vertex   -2.819279e+002 2.871783e+002 1.890000e+001
      vertex   -2.819561e+002 2.876783e+002 1.840000e+001
      vertex   -2.821629e+002 2.876455e+002 1.840000e+001
    endloop
  endfacet
  facet normal -1.245827e+000 6.797104e+000 6.937122e+000
    outer loop
      vertex   -2.819279e+002 2.871783e+002 1.890000e+001
      vertex   -2.821629e+002 2.876455e+002 1.840000e+001
      vertex   -2.821060e+002 2.871457e+002 1.890000e+001
    endloop
  endfacet
  facet normal -5.316892e-001 1.984755e+000 2.044734e+000
    outer loop
      vertex   -2.821060e+002 2.871457e+002 1.890000e+001
      vertex   -2.821629e+002 2.876455e+002 1.840000e+001
      vertex   -2.823651e+002 2.875914e+002 1.840000e+001
    endloop
  endfacet
  facet normal -2.070884e+000 6.646988e+000 6.998244e+000
    outer loop
      vertex   -2.821060e+002 2.871457e+002 1.890000e+001
      vertex   -2.823651e+002 2.875914e+002 1.840000e+001
      vertex   -2.822790e+002 2.870918e+002 1.890000e+001
    endloop
  endfacet
  facet normal -7.379531e-001 1.922562e+000 2.048095e+000
    outer loop
      vertex   -2.822790e+002 2.870918e+002 1.890000e+001
      vertex   -2.823651e+002 2.875914e+002 1.840000e+001
      vertex   -2.825605e+002 2.875164e+002 1.840000e+001
    endloop
  endfacet
  facet normal -2.874907e+000 6.387411e+000 7.042766e+000
    outer loop
      vertex   -2.822790e+002 2.870918e+002 1.890000e+001
      vertex   -2.825605e+002 2.875164e+002 1.840000e+001
      vertex   -2.824442e+002 2.870174e+002 1.890000e+001
    endloop
  endfacet
  facet normal -9.342701e-001 1.833479e+000 2.046973e+000
    outer loop
      vertex   -2.824442e+002 2.870174e+002 1.890000e+001
      vertex   -2.825605e+002 2.875164e+002 1.840000e+001
      vertex   -2.827470e+002 2.874213e+002 1.840000e+001
    endloop
  endfacet
  facet normal -3.640673e+000 6.021967e+000 7.069749e+000
    outer loop
      vertex   -2.824442e+002 2.870174e+002 1.890000e+001
      vertex   -2.827470e+002 2.874213e+002 1.840000e+001
      vertex   -2.825992e+002 2.869237e+002 1.890000e+001
    endloop
  endfacet
  facet normal -1.116674e+000 1.719749e+000 2.041740e+000
    outer loop
      vertex   -2.825992e+002 2.869237e+002 1.890000e+001
      vertex   -2.827470e+002 2.874213e+002 1.840000e+001
      vertex   -2.829226e+002 2.873073e+002 1.840000e+001
    endloop
  endfacet
  facet normal -4.353038e+000 5.556516e+000 7.078905e+000
    outer loop
      vertex   -2.825992e+002 2.869237e+002 1.890000e+001
      vertex   -2.829226e+002 2.873073e+002 1.840000e+001
      vertex   -2.827417e+002 2.868120e+002 1.890000e+001
    endloop
  endfacet
  facet normal -1.281715e+000 1.582798e+000 2.031557e+000
    outer loop
      vertex   -2.827417e+002 2.868120e+002 1.890000e+001
      vertex   -2.829226e+002 2.873073e+002 1.840000e+001
      vertex   -2.830853e+002 2.871755e+002 1.840000e+001
    endloop
  endfacet
  facet normal -1.426606e+000 1.426422e+000 2.017434e+000
    outer loop
      vertex   -2.827417e+002 2.868120e+002 1.890000e+001
      vertex   -2.830853e+002 2.871755e+002 1.840000e+001
      vertex   -2.832333e+002 2.870275e+002 1.840000e+001
    endloop
  endfacet
  facet normal -4.819840e+000 4.819481e+000 6.816087e+000
    outer loop
      vertex   -2.827417e+002 2.868120e+002 1.890000e+001
      vertex   -2.832333e+002 2.870275e+002 1.840000e+001
      vertex   -2.828698e+002 2.866839e+002 1.890000e+001
    endloop
  endfacet
  facet normal -1.582897e+000 1.281813e+000 2.031672e+000
    outer loop
      vertex   -2.828698e+002 2.866839e+002 1.890000e+001
      vertex   -2.832333e+002 2.870275e+002 1.840000e+001
      vertex   -2.833651e+002 2.868648e+002 1.840000e+001
    endloop
  endfacet
  facet normal -5.416391e+000 4.243782e+000 6.900517e+000
    outer loop
      vertex   -2.828698e+002 2.866839e+002 1.890000e+001
      vertex   -2.833651e+002 2.868648e+002 1.840000e+001
      vertex   -2.829815e+002 2.865413e+002 1.890000e+001
    endloop
  endfacet
  facet normal -1.719527e+000 1.116618e+000 2.041468e+000
    outer loop
      vertex   -2.829815e+002 2.865413e+002 1.890000e+001
      vertex   -2.833651e+002 2.868648e+002 1.840000e+001
      vertex   -2.834791e+002 2.866892e+002 1.840000e+001
    endloop
  endfacet
  facet normal -5.937245e+000 3.588501e+000 6.969869e+000
    outer loop
      vertex   -2.829815e+002 2.865413e+002 1.890000e+001
      vertex   -2.834791e+002 2.866892e+002 1.840000e+001
      vertex   -2.830752e+002 2.863863e+002 1.890000e+001
    endloop
  endfacet
  facet normal -1.833418e+000 9.344265e-001 2.047055e+000
    outer loop
      vertex   -2.830752e+002 2.863863e+002 1.890000e+001
      vertex   -2.834791e+002 2.866892e+002 1.840000e+001
      vertex   -2.835742e+002 2.865027e+002 1.840000e+001
    endloop
  endfacet
  facet normal -6.369088e+000 2.866457e+000 7.022855e+000
    outer loop
      vertex   -2.830752e+002 2.863863e+002 1.890000e+001
      vertex   -2.835742e+002 2.865027e+002 1.840000e+001
      vertex   -2.831496e+002 2.862211e+002 1.890000e+001
    endloop
  endfacet
  facet normal -1.922571e+000 7.378266e-001 2.048146e+000
    outer loop
      vertex   -2.831496e+002 2.862211e+002 1.890000e+001
      vertex   -2.835742e+002 2.865027e+002 1.840000e+001
      vertex   -2.836492e+002 2.863073e+002 1.840000e+001
    endloop
  endfacet
  facet normal -6.703901e+000 2.089331e+000 7.058495e+000
    outer loop
      vertex   -2.831496e+002 2.862211e+002 1.890000e+001
      vertex   -2.836492e+002 2.863073e+002 1.840000e+001
      vertex   -2.832035e+002 2.860482e+002 1.890000e+001
    endloop
  endfacet
  facet normal -1.984670e+000 5.316918e-001 2.044650e+000
    outer loop
      vertex   -2.832035e+002 2.860482e+002 1.890000e+001
      vertex   -2.836492e+002 2.863073e+002 1.840000e+001
      vertex   -2.837033e+002 2.861051e+002 1.840000e+001
    endloop
  endfacet
  facet normal -6.933678e+000 1.270791e+000 7.076501e+000
    outer loop
      vertex   -2.832035e+002 2.860482e+002 1.890000e+001
      vertex   -2.837033e+002 2.861051e+002 1.840000e+001
      vertex   -2.832361e+002 2.858701e+002 1.890000e+001
    endloop
  endfacet
  facet normal -2.019190e+000 3.197997e-001 2.037151e+000
    outer loop
      vertex   -2.832361e+002 2.858701e+002 1.890000e+001
      vertex   -2.837033e+002 2.861051e+002 1.840000e+001
      vertex   -2.837361e+002 2.858983e+002 1.840000e+001
    endloop
  endfacet
  facet normal -7.052746e+000 4.262894e-001 7.076459e+000
    outer loop
      vertex   -2.832361e+002 2.858701e+002 1.890000e+001
      vertex   -2.837361e+002 2.858983e+002 1.840000e+001
      vertex   -2.832470e+002 2.856892e+002 1.890000e+001
    endloop
  endfacet
  facet normal -2.025130e+000 1.061433e-001 2.025140e+000
    outer loop
      vertex   -2.832470e+002 2.856892e+002 1.890000e+001
      vertex   -2.837361e+002 2.858983e+002 1.840000e+001
      vertex   -2.837470e+002 2.856892e+002 1.840000e+001
    endloop
  endfacet
  facet normal -7.071051e+000 0.000000e+000 7.071084e+000
    outer loop
      vertex   -2.832470e+002 2.472892e+002 1.890000e+001
      vertex   -2.832470e+002 2.856892e+002 1.890000e+001
      vertex   -2.837470e+002 2.472892e+002 1.840000e+001
    endloop
  endfacet
  facet normal -1.301862e-001 0.000000e+000 1.301868e-001
    outer loop
      vertex   -2.837470e+002 2.472892e+002 1.840000e+001
      vertex   -2.832470e+002 2.856892e+002 1.890000e+001
      vertex   -2.837470e+002 2.856892e+002 1.840000e+001
    endloop
  endfacet
  facet normal -7.061358e+000 -3.701077e-001 7.061392e+000
    outer loop
      vertex   -2.837470e+002 2.472892e+002 1.840000e+001
      vertex   -2.837361e+002 2.470802e+002 1.840000e+001
      vertex   -2.832470e+002 2.472892e+002 1.890000e+001
    endloop
  endfacet
  facet normal -6.837011e+000 -4.132715e-001 6.860009e+000
    outer loop
      vertex   -2.832470e+002 2.472892e+002 1.890000e+001
      vertex   -2.837361e+002 2.470802e+002 1.840000e+001
      vertex   -2.832361e+002 2.471084e+002 1.890000e+001
    endloop
  endfacet
  facet normal -2.019011e+000 -3.198009e-001 2.036979e+000
    outer loop
      vertex   -2.832361e+002 2.471084e+002 1.890000e+001
      vertex   -2.837361e+002 2.470802e+002 1.840000e+001
      vertex   -2.837033e+002 2.468734e+002 1.840000e+001
    endloop
  endfacet
  facet normal -6.797128e+000 -1.245697e+000 6.937084e+000
    outer loop
      vertex   -2.832361e+002 2.471084e+002 1.890000e+001
      vertex   -2.837033e+002 2.468734e+002 1.840000e+001
      vertex   -2.832035e+002 2.469303e+002 1.890000e+001
    endloop
  endfacet
  facet normal -1.984946e+000 -5.316904e-001 2.044905e+000
    outer loop
      vertex   -2.832035e+002 2.469303e+002 1.890000e+001
      vertex   -2.837033e+002 2.468734e+002 1.840000e+001
      vertex   -2.836492e+002 2.466712e+002 1.840000e+001
    endloop
  endfacet
  facet normal -6.646819e+000 -2.071426e+000 6.998374e+000
    outer loop
      vertex   -2.832035e+002 2.469303e+002 1.890000e+001
      vertex   -2.836492e+002 2.466712e+002 1.840000e+001
      vertex   -2.831496e+002 2.467573e+002 1.890000e+001
    endloop
  endfacet
  facet normal -1.922487e+000 -7.378305e-001 2.048064e+000
    outer loop
      vertex   -2.831496e+002 2.467573e+002 1.890000e+001
      vertex   -2.836492e+002 2.466712e+002 1.840000e+001
      vertex   -2.835742e+002 2.464758e+002 1.840000e+001
    endloop
  endfacet
  facet normal -6.387319e+000 -2.874662e+000 7.042903e+000
    outer loop
      vertex   -2.831496e+002 2.467573e+002 1.890000e+001
      vertex   -2.835742e+002 2.464758e+002 1.840000e+001
      vertex   -2.830752e+002 2.465922e+002 1.890000e+001
    endloop
  endfacet
  facet normal -1.833433e+000 -9.344339e-001 2.047054e+000
    outer loop
      vertex   -2.830752e+002 2.465922e+002 1.890000e+001
      vertex   -2.835742e+002 2.464758e+002 1.840000e+001
      vertex   -2.834791e+002 2.462892e+002 1.840000e+001
    endloop
  endfacet
  facet normal -6.022337e+000 -3.639931e+000 7.069692e+000
    outer loop
      vertex   -2.830752e+002 2.465922e+002 1.890000e+001
      vertex   -2.834791e+002 2.462892e+002 1.840000e+001
      vertex   -2.829815e+002 2.464371e+002 1.890000e+001
    endloop
  endfacet
  facet normal -1.719542e+000 -1.116628e+000 2.041465e+000
    outer loop
      vertex   -2.829815e+002 2.464371e+002 1.890000e+001
      vertex   -2.834791e+002 2.462892e+002 1.840000e+001
      vertex   -2.833651e+002 2.461137e+002 1.840000e+001
    endloop
  endfacet
  facet normal -5.556373e+000 -4.353458e+000 7.078772e+000
    outer loop
      vertex   -2.829815e+002 2.464371e+002 1.890000e+001
      vertex   -2.833651e+002 2.461137e+002 1.840000e+001
      vertex   -2.828698e+002 2.462946e+002 1.890000e+001
    endloop
  endfacet
  facet normal -1.582831e+000 -1.281834e+000 2.031589e+000
    outer loop
      vertex   -2.828698e+002 2.462946e+002 1.890000e+001
      vertex   -2.833651e+002 2.461137e+002 1.840000e+001
      vertex   -2.832333e+002 2.459510e+002 1.840000e+001
    endloop
  endfacet
  facet normal -1.426715e+000 -1.426439e+000 2.017450e+000
    outer loop
      vertex   -2.828698e+002 2.462946e+002 1.890000e+001
      vertex   -2.832333e+002 2.459510e+002 1.840000e+001
      vertex   -2.830853e+002 2.458029e+002 1.840000e+001
    endloop
  endfacet
  facet normal -4.819624e+000 -4.819624e+000 6.816120e+000
    outer loop
      vertex   -2.828698e+002 2.462946e+002 1.890000e+001
      vertex   -2.830853e+002 2.458029e+002 1.840000e+001
      vertex   -2.827417e+002 2.461665e+002 1.890000e+001
    endloop
  endfacet
  facet normal -1.281715e+000 -1.582798e+000 2.031557e+000
    outer loop
      vertex   -2.827417e+002 2.461665e+002 1.890000e+001
      vertex   -2.830853e+002 2.458029e+002 1.840000e+001
      vertex   -2.829226e+002 2.456712e+002 1.840000e+001
    endloop
  endfacet
  facet normal -4.243694e+000 -5.416480e+000 6.900633e+000
    outer loop
      vertex   -2.827417e+002 2.461665e+002 1.890000e+001
      vertex   -2.829226e+002 2.456712e+002 1.840000e+001
      vertex   -2.825992e+002 2.460548e+002 1.890000e+001
    endloop
  endfacet
  facet normal -1.116692e+000 -1.719777e+000 2.041741e+000
    outer loop
      vertex   -2.825992e+002 2.460548e+002 1.890000e+001
      vertex   -2.829226e+002 2.456712e+002 1.840000e+001
      vertex   -2.827470e+002 2.455572e+002 1.840000e+001
    endloop
  endfacet
  facet normal -3.589161e+000 -5.936764e+000 6.969607e+000
    outer loop
      vertex   -2.825992e+002 2.460548e+002 1.890000e+001
      vertex   -2.827470e+002 2.455572e+002 1.840000e+001
      vertex   -2.824442e+002 2.459611e+002 1.890000e+001
    endloop
  endfacet
  facet normal -9.341157e-001 -1.833544e+000 2.046898e+000
    outer loop
      vertex   -2.824442e+002 2.459611e+002 1.890000e+001
      vertex   -2.827470e+002 2.455572e+002 1.840000e+001
      vertex   -2.825605e+002 2.454622e+002 1.840000e+001
    endloop
  endfacet
  facet normal -2.866451e+000 -6.369441e+000 7.022502e+000
    outer loop
      vertex   -2.824442e+002 2.459611e+002 1.890000e+001
      vertex   -2.825605e+002 2.454622e+002 1.840000e+001
      vertex   -2.822790e+002 2.458867e+002 1.890000e+001
    endloop
  endfacet
  facet normal -7.381525e-001 -1.922593e+000 2.048160e+000
    outer loop
      vertex   -2.822790e+002 2.458867e+002 1.890000e+001
      vertex   -2.825605e+002 2.454622e+002 1.840000e+001
      vertex   -2.823651e+002 2.453871e+002 1.840000e+001
    endloop
  endfacet
  facet normal -2.089042e+000 -6.704083e+000 7.058420e+000
    outer loop
      vertex   -2.822790e+002 2.458867e+002 1.890000e+001
      vertex   -2.823651e+002 2.453871e+002 1.840000e+001
      vertex   -2.821060e+002 2.458328e+002 1.890000e+001
    endloop
  endfacet
  facet normal -5.317872e-001 -1.984771e+000 2.044761e+000
    outer loop
      vertex   -2.821060e+002 2.458328e+002 1.890000e+001
      vertex   -2.823651e+002 2.453871e+002 1.840000e+001
      vertex   -2.821629e+002 2.453329e+002 1.840000e+001
    endloop
  endfacet
  facet normal -1.270497e+000 -6.933732e+000 7.076521e+000
    outer loop
      vertex   -2.821060e+002 2.458328e+002 1.890000e+001
      vertex   -2.821629e+002 2.453329e+002 1.840000e+001
      vertex   -2.819279e+002 2.458002e+002 1.890000e+001
    endloop
  endfacet
  facet normal -3.197951e-001 -2.018975e+000 2.036980e+000
    outer loop
      vertex   -2.819279e+002 2.458002e+002 1.890000e+001
      vertex   -2.821629e+002 2.453329e+002 1.840000e+001
      vertex   -2.819561e+002 2.453002e+002 1.840000e+001
    endloop
  endfacet
  facet normal -4.266557e-001 -7.052652e+000 7.076530e+000
    outer loop
      vertex   -2.819279e+002 2.458002e+002 1.890000e+001
      vertex   -2.819561e+002 2.453002e+002 1.840000e+001
      vertex   -2.817470e+002 2.457892e+002 1.890000e+001
    endloop
  endfacet
  facet normal -1.061429e-001 -2.025215e+000 2.025224e+000
    outer loop
      vertex   -2.817470e+002 2.457892e+002 1.890000e+001
      vertex   -2.819561e+002 2.453002e+002 1.840000e+001
      vertex   -2.817470e+002 2.452892e+002 1.840000e+001
    endloop
  endfacet
  facet normal -5.233822e-001 -9.986168e+000 2.312364e-003
    outer loop
      vertex   -2.819561e+002 2.453002e+002 1.840000e+001
      vertex   -2.819331e+002 2.452979e+002 1.380000e+001
      vertex   -2.817470e+002 2.452892e+002 1.840000e+001
    endloop
  endfacet
  facet normal -9.433779e-003 -2.020651e-001 0.000000e+000
    outer loop
      vertex   -2.817470e+002 2.452892e+002 1.840000e+001
      vertex   -2.819331e+002 2.452979e+002 1.380000e+001
      vertex   -2.819331e+002 2.452979e+002 9.200000e+000
    endloop
  endfacet
  facet normal -9.441514e-003 -2.022308e-001 -0.000000e+000
    outer loop
      vertex   -2.817470e+002 2.452892e+002 1.840000e+001
      vertex   -2.819331e+002 2.452979e+002 9.200000e+000
      vertex   -2.817470e+002 2.452892e+002 5.000000e-001
    endloop
  endfacet
  facet normal -1.118989e-002 -2.396798e-001 -1.355253e-019
    outer loop
      vertex   -2.817470e+002 2.452892e+002 5.000000e-001
      vertex   -2.819331e+002 2.452979e+002 9.200000e+000
      vertex   -2.819331e+002 2.452979e+002 4.600000e+000
    endloop
  endfacet
  facet normal -5.228493e-001 -9.976002e+000 -2.591718e-003
    outer loop
      vertex   -2.817470e+002 2.452892e+002 5.000000e-001
      vertex   -2.819331e+002 2.452979e+002 4.600000e+000
      vertex   -2.819561e+002 2.453002e+002 5.000000e-001
    endloop
  endfacet
  facet normal -7.565343e-002 -5.131933e-001 1.399919e-004
    outer loop
      vertex   -2.819561e+002 2.453002e+002 5.000000e-001
      vertex   -2.819331e+002 2.452979e+002 4.600000e+000
      vertex   -2.821438e+002 2.453290e+002 4.600000e+000
    endloop
  endfacet
  facet normal -1.562770e+000 -9.866296e+000 -2.265907e-003
    outer loop
      vertex   -2.819561e+002 2.453002e+002 5.000000e-001
      vertex   -2.821438e+002 2.453290e+002 4.600000e+000
      vertex   -2.821629e+002 2.453329e+002 5.000000e-001
    endloop
  endfacet
  facet normal -1.298098e-001 -5.021387e-001 1.189052e-004
    outer loop
      vertex   -2.821629e+002 2.453329e+002 5.000000e-001
      vertex   -2.821438e+002 2.453290e+002 4.600000e+000
      vertex   -2.823499e+002 2.453823e+002 4.600000e+000
    endloop
  endfacet
  facet normal -2.585177e+000 -9.648567e+000 -1.860821e-003
    outer loop
      vertex   -2.821629e+002 2.453329e+002 5.000000e-001
      vertex   -2.823499e+002 2.453823e+002 4.600000e+000
      vertex   -2.823651e+002 2.453871e+002 5.000000e-001
    endloop
  endfacet
  facet normal -1.824053e-001 -4.854848e-001 1.003842e-004
    outer loop
      vertex   -2.823651e+002 2.453871e+002 5.000000e-001
      vertex   -2.823499e+002 2.453823e+002 4.600000e+000
      vertex   -2.825492e+002 2.454571e+002 4.600000e+000
    endloop
  endfacet
  facet normal -3.580137e+000 -9.324828e+000 -1.512484e-003
    outer loop
      vertex   -2.823651e+002 2.453871e+002 5.000000e-001
      vertex   -2.825492e+002 2.454571e+002 4.600000e+000
      vertex   -2.825605e+002 2.454622e+002 5.000000e-001
    endloop
  endfacet
  facet normal -2.329986e-001 -4.633254e-001 7.752398e-005
    outer loop
      vertex   -2.825605e+002 2.454622e+002 5.000000e-001
      vertex   -2.825492e+002 2.454571e+002 4.600000e+000
      vertex   -2.827393e+002 2.455528e+002 4.600000e+000
    endloop
  endfacet
  facet normal -4.534018e+000 -8.899672e+000 -1.063532e-003
    outer loop
      vertex   -2.825605e+002 2.454622e+002 5.000000e-001
      vertex   -2.827393e+002 2.455528e+002 4.600000e+000
      vertex   -2.827470e+002 2.455572e+002 5.000000e-001
    endloop
  endfacet
  facet normal -2.808926e-001 -4.359399e-001 5.813969e-005
    outer loop
      vertex   -2.827470e+002 2.455572e+002 5.000000e-001
      vertex   -2.827393e+002 2.455528e+002 4.600000e+000
      vertex   -2.829183e+002 2.456681e+002 4.600000e+000
    endloop
  endfacet
  facet normal -5.439165e+000 -8.376659e+000 -6.275336e-004
    outer loop
      vertex   -2.827470e+002 2.455572e+002 5.000000e-001
      vertex   -2.829183e+002 2.456681e+002 4.600000e+000
      vertex   -2.829226e+002 2.456712e+002 5.000000e-001
    endloop
  endfacet
  facet normal -3.284964e-001 -4.068282e-001 3.745974e-005
    outer loop
      vertex   -2.829226e+002 2.456712e+002 5.000000e-001
      vertex   -2.829183e+002 2.456681e+002 4.600000e+000
      vertex   -2.830853e+002 2.458029e+002 4.600000e+000
    endloop
  endfacet
  facet normal -6.284988e+000 -7.761373e+000 3.469447e-017
    outer loop
      vertex   -2.829226e+002 2.456712e+002 5.000000e-001
      vertex   -2.830853e+002 2.458029e+002 4.600000e+000
      vertex   -2.830853e+002 2.458029e+002 5.000000e-001
    endloop
  endfacet
  facet normal -7.071752e+000 -7.070385e+000 0.000000e+000
    outer loop
      vertex   -2.830853e+002 2.458029e+002 5.000000e-001
      vertex   -2.830853e+002 2.458029e+002 4.600000e+000
      vertex   -2.832333e+002 2.459510e+002 5.000000e-001
    endloop
  endfacet
  facet normal -3.606007e-001 -3.605310e-001 0.000000e+000
    outer loop
      vertex   -2.832333e+002 2.459510e+002 5.000000e-001
      vertex   -2.830853e+002 2.458029e+002 4.600000e+000
      vertex   -2.832333e+002 2.459510e+002 4.600000e+000
    endloop
  endfacet
  facet normal -7.771260e+000 -6.293450e+000 0.000000e+000
    outer loop
      vertex   -2.832333e+002 2.459510e+002 5.000000e-001
      vertex   -2.832333e+002 2.459510e+002 4.600000e+000
      vertex   -2.833651e+002 2.461137e+002 5.000000e-001
    endloop
  endfacet
  facet normal -4.067817e-001 -3.285661e-001 3.414778e-005
    outer loop
      vertex   -2.833651e+002 2.461137e+002 5.000000e-001
      vertex   -2.832333e+002 2.459510e+002 4.600000e+000
      vertex   -2.833682e+002 2.461180e+002 4.600000e+000
    endloop
  endfacet
  facet normal -8.386823e+000 -5.446196e+000 -6.921911e-004
    outer loop
      vertex   -2.833651e+002 2.461137e+002 5.000000e-001
      vertex   -2.833682e+002 2.461180e+002 4.600000e+000
      vertex   -2.834791e+002 2.462892e+002 5.000000e-001
    endloop
  endfacet
  facet normal -4.359168e-001 -2.808695e-001 5.609320e-005
    outer loop
      vertex   -2.834791e+002 2.462892e+002 5.000000e-001
      vertex   -2.833682e+002 2.461180e+002 4.600000e+000
      vertex   -2.834835e+002 2.462969e+002 4.600000e+000
    endloop
  endfacet
  facet normal -8.909547e+000 -4.540872e+000 -1.102744e-003
    outer loop
      vertex   -2.834791e+002 2.462892e+002 5.000000e-001
      vertex   -2.834835e+002 2.462969e+002 4.600000e+000
      vertex   -2.835742e+002 2.464758e+002 5.000000e-001
    endloop
  endfacet
  facet normal -4.633486e-001 -2.329986e-001 8.019299e-005
    outer loop
      vertex   -2.835742e+002 2.464758e+002 5.000000e-001
      vertex   -2.834835e+002 2.462969e+002 4.600000e+000
      vertex   -2.835792e+002 2.464871e+002 4.600000e+000
    endloop
  endfacet
  facet normal -9.335994e+000 -3.583057e+000 -1.466315e-003
    outer loop
      vertex   -2.835742e+002 2.464758e+002 5.000000e-001
      vertex   -2.835792e+002 2.464871e+002 4.600000e+000
      vertex   -2.836492e+002 2.466712e+002 5.000000e-001
    endloop
  endfacet
  facet normal -4.854849e-001 -1.824286e-001 9.863621e-005
    outer loop
      vertex   -2.836492e+002 2.466712e+002 5.000000e-001
      vertex   -2.835792e+002 2.464871e+002 4.600000e+000
      vertex   -2.836541e+002 2.466864e+002 4.600000e+000
    endloop
  endfacet
  facet normal -9.659397e+000 -2.587379e+000 -1.904421e-003
    outer loop
      vertex   -2.836492e+002 2.466712e+002 5.000000e-001
      vertex   -2.836541e+002 2.466864e+002 4.600000e+000
      vertex   -2.837033e+002 2.468734e+002 5.000000e-001
    endloop
  endfacet
  facet normal -5.021619e-001 -1.297401e-001 1.185580e-004
    outer loop
      vertex   -2.837033e+002 2.468734e+002 5.000000e-001
      vertex   -2.836541e+002 2.466864e+002 4.600000e+000
      vertex   -2.837073e+002 2.468925e+002 4.600000e+000
    endloop
  endfacet
  facet normal -9.876756e+000 -1.564427e+000 -2.268310e-003
    outer loop
      vertex   -2.837033e+002 2.468734e+002 5.000000e-001
      vertex   -2.837073e+002 2.468925e+002 4.600000e+000
      vertex   -2.837361e+002 2.470802e+002 5.000000e-001
    endloop
  endfacet
  facet normal -5.131469e-001 -7.569990e-002 1.375388e-004
    outer loop
      vertex   -2.837361e+002 2.470802e+002 5.000000e-001
      vertex   -2.837073e+002 2.468925e+002 4.600000e+000
      vertex   -2.837384e+002 2.471031e+002 4.600000e+000
    endloop
  endfacet
  facet normal -9.986135e+000 -5.234042e-001 -2.643108e-003
    outer loop
      vertex   -2.837361e+002 2.470802e+002 5.000000e-001
      vertex   -2.837384e+002 2.471031e+002 4.600000e+000
      vertex   -2.837470e+002 2.472892e+002 5.000000e-001
    endloop
  endfacet
  facet normal -2.396921e-001 -1.116532e-002 6.776264e-020
    outer loop
      vertex   -2.837470e+002 2.472892e+002 5.000000e-001
      vertex   -2.837384e+002 2.471031e+002 4.600000e+000
      vertex   -2.837384e+002 2.471031e+002 9.200000e+000
    endloop
  endfacet
  facet normal -2.138590e-001 -9.961968e-003 0.000000e+000
    outer loop
      vertex   -2.837470e+002 2.472892e+002 5.000000e-001
      vertex   -2.837384e+002 2.471031e+002 9.200000e+000
      vertex   -2.837470e+002 2.472892e+002 1.840000e+001
    endloop
  endfacet
  facet normal -2.020755e-001 -9.413067e-003 0.000000e+000
    outer loop
      vertex   -2.837470e+002 2.472892e+002 1.840000e+001
      vertex   -2.837384e+002 2.471031e+002 9.200000e+000
      vertex   -2.837384e+002 2.471031e+002 1.380000e+001
    endloop
  endfacet
  facet normal -9.978112e+000 -5.229838e-001 2.353921e-003
    outer loop
      vertex   -2.837470e+002 2.472892e+002 1.840000e+001
      vertex   -2.837384e+002 2.471031e+002 1.380000e+001
      vertex   -2.837361e+002 2.470802e+002 1.840000e+001
    endloop
  endfacet
  facet normal -4.574721e-001 -6.748671e-002 -1.092884e-004
    outer loop
      vertex   -2.837361e+002 2.470802e+002 1.840000e+001
      vertex   -2.837384e+002 2.471031e+002 1.380000e+001
      vertex   -2.837073e+002 2.468925e+002 1.380000e+001
    endloop
  endfacet
  facet normal -9.868466e+000 -1.563114e+000 2.020057e-003
    outer loop
      vertex   -2.837361e+002 2.470802e+002 1.840000e+001
      vertex   -2.837073e+002 2.468925e+002 1.380000e+001
      vertex   -2.837033e+002 2.468734e+002 1.840000e+001
    endloop
  endfacet
  facet normal -4.476822e-001 -1.156645e-001 -9.420695e-005
    outer loop
      vertex   -2.837033e+002 2.468734e+002 1.840000e+001
      vertex   -2.837073e+002 2.468925e+002 1.380000e+001
      vertex   -2.836541e+002 2.466864e+002 1.380000e+001
    endloop
  endfacet
  facet normal -9.650945e+000 -2.585115e+000 1.695934e-003
    outer loop
      vertex   -2.837033e+002 2.468734e+002 1.840000e+001
      vertex   -2.836541e+002 2.466864e+002 1.380000e+001
      vertex   -2.836492e+002 2.466712e+002 1.840000e+001
    endloop
  endfacet
  facet normal -4.328178e-001 -1.626381e-001 -7.837757e-005
    outer loop
      vertex   -2.836492e+002 2.466712e+002 1.840000e+001
      vertex   -2.836541e+002 2.466864e+002 1.380000e+001
      vertex   -2.835792e+002 2.464871e+002 1.380000e+001
    endloop
  endfacet
  facet normal -9.327494e+000 -3.579795e+000 1.305743e-003
    outer loop
      vertex   -2.836492e+002 2.466712e+002 1.840000e+001
      vertex   -2.835792e+002 2.464871e+002 1.380000e+001
      vertex   -2.835742e+002 2.464758e+002 1.840000e+001
    endloop
  endfacet
  facet normal -4.130863e-001 -2.077238e-001 -6.372287e-005
    outer loop
      vertex   -2.835742e+002 2.464758e+002 1.840000e+001
      vertex   -2.835792e+002 2.464871e+002 1.380000e+001
      vertex   -2.834835e+002 2.462969e+002 1.380000e+001
    endloop
  endfacet
  facet normal -8.901117e+000 -4.536575e+000 9.819503e-004
    outer loop
      vertex   -2.835742e+002 2.464758e+002 1.840000e+001
      vertex   -2.834835e+002 2.462969e+002 1.380000e+001
      vertex   -2.834791e+002 2.462892e+002 1.840000e+001
    endloop
  endfacet
  facet normal -3.886334e-001 -2.504039e-001 -4.457308e-005
    outer loop
      vertex   -2.834791e+002 2.462892e+002 1.840000e+001
      vertex   -2.834835e+002 2.462969e+002 1.380000e+001
      vertex   -2.833682e+002 2.461180e+002 1.380000e+001
    endloop
  endfacet
  facet normal -8.378592e+000 -5.440851e+000 6.163475e-004
    outer loop
      vertex   -2.834791e+002 2.462892e+002 1.840000e+001
      vertex   -2.833682e+002 2.461180e+002 1.380000e+001
      vertex   -2.833651e+002 2.461137e+002 1.840000e+001
    endloop
  endfacet
  facet normal -3.626633e-001 -2.929307e-001 -2.713505e-005
    outer loop
      vertex   -2.833651e+002 2.461137e+002 1.840000e+001
      vertex   -2.833682e+002 2.461180e+002 1.380000e+001
      vertex   -2.832333e+002 2.459510e+002 1.380000e+001
    endloop
  endfacet
  facet normal -7.763226e+000 -6.286943e+000 -3.469447e-017
    outer loop
      vertex   -2.833651e+002 2.461137e+002 1.840000e+001
      vertex   -2.832333e+002 2.459510e+002 1.380000e+001
      vertex   -2.832333e+002 2.459510e+002 1.840000e+001
    endloop
  endfacet
  facet normal -7.071752e+000 -7.070385e+000 -0.000000e+000
    outer loop
      vertex   -2.832333e+002 2.459510e+002 1.840000e+001
      vertex   -2.832333e+002 2.459510e+002 1.380000e+001
      vertex   -2.830853e+002 2.458029e+002 1.840000e+001
    endloop
  endfacet
  facet normal -3.214909e-001 -3.214287e-001 -0.000000e+000
    outer loop
      vertex   -2.830853e+002 2.458029e+002 1.840000e+001
      vertex   -2.832333e+002 2.459510e+002 1.380000e+001
      vertex   -2.830853e+002 2.458029e+002 1.380000e+001
    endloop
  endfacet
  facet normal -6.293175e+000 -7.771483e+000 -0.000000e+000
    outer loop
      vertex   -2.830853e+002 2.458029e+002 1.840000e+001
      vertex   -2.830853e+002 2.458029e+002 1.380000e+001
      vertex   -2.829226e+002 2.456712e+002 1.840000e+001
    endloop
  endfacet
  facet normal -2.928686e-001 -3.627047e-001 -2.976685e-005
    outer loop
      vertex   -2.829226e+002 2.456712e+002 1.840000e+001
      vertex   -2.830853e+002 2.458029e+002 1.380000e+001
      vertex   -2.829183e+002 2.456681e+002 1.380000e+001
    endloop
  endfacet
  facet normal -5.445893e+000 -8.387021e+000 5.600153e-004
    outer loop
      vertex   -2.829226e+002 2.456712e+002 1.840000e+001
      vertex   -2.829183e+002 2.456681e+002 1.380000e+001
      vertex   -2.827470e+002 2.455572e+002 1.840000e+001
    endloop
  endfacet
  facet normal -2.504245e-001 -3.886540e-001 -4.619927e-005
    outer loop
      vertex   -2.827470e+002 2.455572e+002 1.840000e+001
      vertex   -2.829183e+002 2.456681e+002 1.380000e+001
      vertex   -2.827393e+002 2.455528e+002 1.380000e+001
    endloop
  endfacet
  facet normal -4.539427e+000 -8.910288e+000 9.490614e-004
    outer loop
      vertex   -2.827470e+002 2.455572e+002 1.840000e+001
      vertex   -2.827393e+002 2.455528e+002 1.380000e+001
      vertex   -2.825605e+002 2.454622e+002 1.840000e+001
    endloop
  endfacet
  facet normal -2.077238e-001 -4.130656e-001 -6.160202e-005
    outer loop
      vertex   -2.825605e+002 2.454622e+002 1.840000e+001
      vertex   -2.827393e+002 2.455528e+002 1.380000e+001
      vertex   -2.825492e+002 2.454571e+002 1.380000e+001
    endloop
  endfacet
  facet normal -3.584252e+000 -9.335546e+000 1.349633e-003
    outer loop
      vertex   -2.825605e+002 2.454622e+002 1.840000e+001
      vertex   -2.825492e+002 2.454571e+002 1.380000e+001
      vertex   -2.823651e+002 2.453871e+002 1.840000e+001
    endloop
  endfacet
  facet normal -1.626174e-001 -4.328178e-001 -7.976657e-005
    outer loop
      vertex   -2.823651e+002 2.453871e+002 1.840000e+001
      vertex   -2.825492e+002 2.454571e+002 1.380000e+001
      vertex   -2.823499e+002 2.453823e+002 1.380000e+001
    endloop
  endfacet
  facet normal -2.588036e+000 -9.659237e+000 1.660392e-003
    outer loop
      vertex   -2.823651e+002 2.453871e+002 1.840000e+001
      vertex   -2.823499e+002 2.453823e+002 1.380000e+001
      vertex   -2.821629e+002 2.453329e+002 1.840000e+001
    endloop
  endfacet
  facet normal -1.157267e-001 -4.476615e-001 -9.448286e-005
    outer loop
      vertex   -2.821629e+002 2.453329e+002 1.840000e+001
      vertex   -2.823499e+002 2.453823e+002 1.380000e+001
      vertex   -2.821438e+002 2.453290e+002 1.380000e+001
    endloop
  endfacet
  facet normal -1.564431e+000 -9.876779e+000 2.021759e-003
    outer loop
      vertex   -2.821629e+002 2.453329e+002 1.840000e+001
      vertex   -2.821438e+002 2.453290e+002 1.380000e+001
      vertex   -2.819561e+002 2.453002e+002 1.840000e+001
    endloop
  endfacet
  facet normal -6.744528e-002 -4.575135e-001 -1.112376e-004
    outer loop
      vertex   -2.819561e+002 2.453002e+002 1.840000e+001
      vertex   -2.821438e+002 2.453290e+002 1.380000e+001
      vertex   -2.819331e+002 2.452979e+002 1.380000e+001
    endloop
  endfacet
  facet normal -1.456849e+000 -9.882500e+000 -1.734723e-017
    outer loop
      vertex   -2.821438e+002 2.453290e+002 4.600000e+000
      vertex   -2.819331e+002 2.452979e+002 4.600000e+000
      vertex   -2.819331e+002 2.452979e+002 9.200000e+000
    endloop
  endfacet
  facet normal -1.458409e+000 -9.893081e+000 0.000000e+000
    outer loop
      vertex   -2.819331e+002 2.452979e+002 9.200000e+000
      vertex   -2.819331e+002 2.452979e+002 1.380000e+001
      vertex   -2.821438e+002 2.453290e+002 9.200000e+000
    endloop
  endfacet
  facet normal -6.743137e-002 -4.574191e-001 0.000000e+000
    outer loop
      vertex   -2.821438e+002 2.453290e+002 9.200000e+000
      vertex   -2.819331e+002 2.452979e+002 1.380000e+001
      vertex   -2.821438e+002 2.453290e+002 1.380000e+001
    endloop
  endfacet
  facet normal -2.502858e+000 -9.681720e+000 0.000000e+000
    outer loop
      vertex   -2.821438e+002 2.453290e+002 9.200000e+000
      vertex   -2.821438e+002 2.453290e+002 1.380000e+001
      vertex   -2.823499e+002 2.453823e+002 9.200000e+000
    endloop
  endfacet
  facet normal -1.157061e-001 -4.475820e-001 0.000000e+000
    outer loop
      vertex   -2.823499e+002 2.453823e+002 9.200000e+000
      vertex   -2.821438e+002 2.453290e+002 1.380000e+001
      vertex   -2.823499e+002 2.453823e+002 1.380000e+001
    endloop
  endfacet
  facet normal -3.517125e+000 -9.361080e+000 0.000000e+000
    outer loop
      vertex   -2.823499e+002 2.453823e+002 9.200000e+000
      vertex   -2.823499e+002 2.453823e+002 1.380000e+001
      vertex   -2.825492e+002 2.454571e+002 9.200000e+000
    endloop
  endfacet
  facet normal -1.625933e-001 -4.327538e-001 0.000000e+000
    outer loop
      vertex   -2.825492e+002 2.454571e+002 9.200000e+000
      vertex   -2.823499e+002 2.453823e+002 1.380000e+001
      vertex   -2.825492e+002 2.454571e+002 1.380000e+001
    endloop
  endfacet
  facet normal -4.492731e+000 -8.933945e+000 0.000000e+000
    outer loop
      vertex   -2.825492e+002 2.454571e+002 9.200000e+000
      vertex   -2.825492e+002 2.454571e+002 1.380000e+001
      vertex   -2.827393e+002 2.455528e+002 9.200000e+000
    endloop
  endfacet
  facet normal -2.076994e-001 -4.130172e-001 0.000000e+000
    outer loop
      vertex   -2.827393e+002 2.455528e+002 9.200000e+000
      vertex   -2.825492e+002 2.454571e+002 1.380000e+001
      vertex   -2.827393e+002 2.455528e+002 1.380000e+001
    endloop
  endfacet
  facet normal -5.416380e+000 -8.406118e+000 0.000000e+000
    outer loop
      vertex   -2.827393e+002 2.455528e+002 9.200000e+000
      vertex   -2.827393e+002 2.455528e+002 1.380000e+001
      vertex   -2.829183e+002 2.456681e+002 9.200000e+000
    endloop
  endfacet
  facet normal -2.504032e-001 -3.886210e-001 0.000000e+000
    outer loop
      vertex   -2.829183e+002 2.456681e+002 9.200000e+000
      vertex   -2.827393e+002 2.455528e+002 1.380000e+001
      vertex   -2.829183e+002 2.456681e+002 1.380000e+001
    endloop
  endfacet
  facet normal -6.282265e+000 -7.780305e+000 0.000000e+000
    outer loop
      vertex   -2.829183e+002 2.456681e+002 9.200000e+000
      vertex   -2.829183e+002 2.456681e+002 1.380000e+001
      vertex   -2.830853e+002 2.458029e+002 9.200000e+000
    endloop
  endfacet
  facet normal -2.928532e-001 -3.626857e-001 0.000000e+000
    outer loop
      vertex   -2.830853e+002 2.458029e+002 9.200000e+000
      vertex   -2.829183e+002 2.456681e+002 1.380000e+001
      vertex   -2.830853e+002 2.458029e+002 1.380000e+001
    endloop
  endfacet
  facet normal -7.071752e+000 -7.070385e+000 0.000000e+000
    outer loop
      vertex   -2.830853e+002 2.458029e+002 9.200000e+000
      vertex   -2.830853e+002 2.458029e+002 1.380000e+001
      vertex   -2.832333e+002 2.459510e+002 9.200000e+000
    endloop
  endfacet
  facet normal -3.214909e-001 -3.214288e-001 0.000000e+000
    outer loop
      vertex   -2.832333e+002 2.459510e+002 9.200000e+000
      vertex   -2.830853e+002 2.458029e+002 1.380000e+001
      vertex   -2.832333e+002 2.459510e+002 1.380000e+001
    endloop
  endfacet
  facet normal -7.779303e+000 -6.283505e+000 0.000000e+000
    outer loop
      vertex   -2.832333e+002 2.459510e+002 9.200000e+000
      vertex   -2.832333e+002 2.459510e+002 1.380000e+001
      vertex   -2.833682e+002 2.461180e+002 9.200000e+000
    endloop
  endfacet
  facet normal -3.626443e-001 -2.929153e-001 0.000000e+000
    outer loop
      vertex   -2.833682e+002 2.461180e+002 9.200000e+000
      vertex   -2.832333e+002 2.459510e+002 1.380000e+001
      vertex   -2.833682e+002 2.461180e+002 1.380000e+001
    endloop
  endfacet
  facet normal -8.406191e+000 -5.416267e+000 0.000000e+000
    outer loop
      vertex   -2.833682e+002 2.461180e+002 9.200000e+000
      vertex   -2.833682e+002 2.461180e+002 1.380000e+001
      vertex   -2.834835e+002 2.462969e+002 9.200000e+000
    endloop
  endfacet
  facet normal -3.886003e-001 -2.503825e-001 0.000000e+000
    outer loop
      vertex   -2.834835e+002 2.462969e+002 9.200000e+000
      vertex   -2.833682e+002 2.461180e+002 1.380000e+001
      vertex   -2.834835e+002 2.462969e+002 1.380000e+001
    endloop
  endfacet
  facet normal -8.934035e+000 -4.492551e+000 0.000000e+000
    outer loop
      vertex   -2.834835e+002 2.462969e+002 9.200000e+000
      vertex   -2.834835e+002 2.462969e+002 1.380000e+001
      vertex   -2.835792e+002 2.464871e+002 9.200000e+000
    endloop
  endfacet
  facet normal -4.130379e-001 -2.076994e-001 0.000000e+000
    outer loop
      vertex   -2.835792e+002 2.464871e+002 9.200000e+000
      vertex   -2.834835e+002 2.462969e+002 1.380000e+001
      vertex   -2.835792e+002 2.464871e+002 1.380000e+001
    endloop
  endfacet
  facet normal -9.360933e+000 -3.517518e+000 0.000000e+000
    outer loop
      vertex   -2.835792e+002 2.464871e+002 9.200000e+000
      vertex   -2.835792e+002 2.464871e+002 1.380000e+001
      vertex   -2.836541e+002 2.466864e+002 9.200000e+000
    endloop
  endfacet
  facet normal -4.327537e-001 -1.626140e-001 0.000000e+000
    outer loop
      vertex   -2.836541e+002 2.466864e+002 9.200000e+000
      vertex   -2.835792e+002 2.464871e+002 1.380000e+001
      vertex   -2.836541e+002 2.466864e+002 1.380000e+001
    endloop
  endfacet
  facet normal -9.682074e+000 -2.501490e+000 0.000000e+000
    outer loop
      vertex   -2.836541e+002 2.466864e+002 9.200000e+000
      vertex   -2.836541e+002 2.466864e+002 1.380000e+001
      vertex   -2.837073e+002 2.468925e+002 9.200000e+000
    endloop
  endfacet
  facet normal -4.476027e-001 -1.156440e-001 0.000000e+000
    outer loop
      vertex   -2.837073e+002 2.468925e+002 9.200000e+000
      vertex   -2.836541e+002 2.466864e+002 1.380000e+001
      vertex   -2.837073e+002 2.468925e+002 1.380000e+001
    endloop
  endfacet
  facet normal -9.892932e+000 -1.459415e+000 0.000000e+000
    outer loop
      vertex   -2.837073e+002 2.468925e+002 9.200000e+000
      vertex   -2.837073e+002 2.468925e+002 1.380000e+001
      vertex   -2.837384e+002 2.471031e+002 9.200000e+000
    endloop
  endfacet
  facet normal -4.573778e-001 -6.747280e-002 0.000000e+000
    outer loop
      vertex   -2.837384e+002 2.471031e+002 9.200000e+000
      vertex   -2.837073e+002 2.468925e+002 1.380000e+001
      vertex   -2.837384e+002 2.471031e+002 1.380000e+001
    endloop
  endfacet
  facet normal -2.500182e+000 -9.671369e+000 -1.734723e-017
    outer loop
      vertex   -2.823499e+002 2.453823e+002 4.600000e+000
      vertex   -2.821438e+002 2.453290e+002 4.600000e+000
      vertex   -2.821438e+002 2.453290e+002 9.200000e+000
    endloop
  endfacet
  facet normal -1.458409e+000 -9.893081e+000 -0.000000e+000
    outer loop
      vertex   -2.821438e+002 2.453290e+002 9.200000e+000
      vertex   -2.821438e+002 2.453290e+002 4.600000e+000
      vertex   -2.819331e+002 2.452979e+002 9.200000e+000
    endloop
  endfacet
  facet normal -1.157061e-001 -4.475820e-001 0.000000e+000
    outer loop
      vertex   -2.823499e+002 2.453823e+002 4.600000e+000
      vertex   -2.821438e+002 2.453290e+002 9.200000e+000
      vertex   -2.823499e+002 2.453823e+002 9.200000e+000
    endloop
  endfacet
  facet normal -3.513365e+000 -9.351072e+000 -1.734723e-017
    outer loop
      vertex   -2.825492e+002 2.454571e+002 4.600000e+000
      vertex   -2.823499e+002 2.453823e+002 4.600000e+000
      vertex   -2.823499e+002 2.453823e+002 9.200000e+000
    endloop
  endfacet
  facet normal -1.625933e-001 -4.327537e-001 0.000000e+000
    outer loop
      vertex   -2.825492e+002 2.454571e+002 4.600000e+000
      vertex   -2.823499e+002 2.453823e+002 9.200000e+000
      vertex   -2.825492e+002 2.454571e+002 9.200000e+000
    endloop
  endfacet
  facet normal -4.487927e+000 -8.924393e+000 0.000000e+000
    outer loop
      vertex   -2.827393e+002 2.455528e+002 4.600000e+000
      vertex   -2.825492e+002 2.454571e+002 4.600000e+000
      vertex   -2.825492e+002 2.454571e+002 9.200000e+000
    endloop
  endfacet
  facet normal -2.076994e-001 -4.130172e-001 0.000000e+000
    outer loop
      vertex   -2.827393e+002 2.455528e+002 4.600000e+000
      vertex   -2.825492e+002 2.454571e+002 9.200000e+000
      vertex   -2.827393e+002 2.455528e+002 9.200000e+000
    endloop
  endfacet
  facet normal -5.410589e+000 -8.397130e+000 -3.469447e-017
    outer loop
      vertex   -2.829183e+002 2.456681e+002 4.600000e+000
      vertex   -2.827393e+002 2.455528e+002 4.600000e+000
      vertex   -2.827393e+002 2.455528e+002 9.200000e+000
    endloop
  endfacet
  facet normal -2.504032e-001 -3.886209e-001 0.000000e+000
    outer loop
      vertex   -2.829183e+002 2.456681e+002 4.600000e+000
      vertex   -2.827393e+002 2.455528e+002 9.200000e+000
      vertex   -2.829183e+002 2.456681e+002 9.200000e+000
    endloop
  endfacet
  facet normal -6.275435e+000 -7.771847e+000 0.000000e+000
    outer loop
      vertex   -2.830853e+002 2.458029e+002 4.600000e+000
      vertex   -2.829183e+002 2.456681e+002 4.600000e+000
      vertex   -2.829183e+002 2.456681e+002 9.200000e+000
    endloop
  endfacet
  facet normal -2.928532e-001 -3.626857e-001 0.000000e+000
    outer loop
      vertex   -2.830853e+002 2.458029e+002 4.600000e+000
      vertex   -2.829183e+002 2.456681e+002 9.200000e+000
      vertex   -2.830853e+002 2.458029e+002 9.200000e+000
    endloop
  endfacet
  facet normal -7.064440e+000 -7.063074e+000 -6.938894e-017
    outer loop
      vertex   -2.832333e+002 2.459510e+002 4.600000e+000
      vertex   -2.830853e+002 2.458029e+002 4.600000e+000
      vertex   -2.830853e+002 2.458029e+002 9.200000e+000
    endloop
  endfacet
  facet normal -3.214909e-001 -3.214287e-001 0.000000e+000
    outer loop
      vertex   -2.832333e+002 2.459510e+002 4.600000e+000
      vertex   -2.830853e+002 2.458029e+002 9.200000e+000
      vertex   -2.832333e+002 2.459510e+002 9.200000e+000
    endloop
  endfacet
  facet normal -7.770846e+000 -6.276674e+000 -3.469447e-017
    outer loop
      vertex   -2.833682e+002 2.461180e+002 4.600000e+000
      vertex   -2.832333e+002 2.459510e+002 4.600000e+000
      vertex   -2.832333e+002 2.459510e+002 9.200000e+000
    endloop
  endfacet
  facet normal -3.626443e-001 -2.929153e-001 0.000000e+000
    outer loop
      vertex   -2.833682e+002 2.461180e+002 4.600000e+000
      vertex   -2.832333e+002 2.459510e+002 9.200000e+000
      vertex   -2.833682e+002 2.461180e+002 9.200000e+000
    endloop
  endfacet
  facet normal -8.397203e+000 -5.410478e+000 0.000000e+000
    outer loop
      vertex   -2.834835e+002 2.462969e+002 4.600000e+000
      vertex   -2.833682e+002 2.461180e+002 4.600000e+000
      vertex   -2.833682e+002 2.461180e+002 9.200000e+000
    endloop
  endfacet
  facet normal -3.886003e-001 -2.503825e-001 0.000000e+000
    outer loop
      vertex   -2.834835e+002 2.462969e+002 4.600000e+000
      vertex   -2.833682e+002 2.461180e+002 9.200000e+000
      vertex   -2.834835e+002 2.462969e+002 9.200000e+000
    endloop
  endfacet
  facet normal -8.924482e+000 -4.487747e+000 3.469447e-017
    outer loop
      vertex   -2.835792e+002 2.464871e+002 4.600000e+000
      vertex   -2.834835e+002 2.462969e+002 4.600000e+000
      vertex   -2.834835e+002 2.462969e+002 9.200000e+000
    endloop
  endfacet
  facet normal -4.130379e-001 -2.076994e-001 0.000000e+000
    outer loop
      vertex   -2.835792e+002 2.464871e+002 4.600000e+000
      vertex   -2.834835e+002 2.462969e+002 9.200000e+000
      vertex   -2.835792e+002 2.464871e+002 9.200000e+000
    endloop
  endfacet
  facet normal -9.350924e+000 -3.513757e+000 -1.734723e-017
    outer loop
      vertex   -2.836541e+002 2.466864e+002 4.600000e+000
      vertex   -2.835792e+002 2.464871e+002 4.600000e+000
      vertex   -2.835792e+002 2.464871e+002 9.200000e+000
    endloop
  endfacet
  facet normal -4.327537e-001 -1.626140e-001 0.000000e+000
    outer loop
      vertex   -2.836541e+002 2.466864e+002 4.600000e+000
      vertex   -2.835792e+002 2.464871e+002 9.200000e+000
      vertex   -2.836541e+002 2.466864e+002 9.200000e+000
    endloop
  endfacet
  facet normal -9.671721e+000 -2.498815e+000 1.734723e-017
    outer loop
      vertex   -2.837073e+002 2.468925e+002 4.600000e+000
      vertex   -2.836541e+002 2.466864e+002 4.600000e+000
      vertex   -2.836541e+002 2.466864e+002 9.200000e+000
    endloop
  endfacet
  facet normal -4.476027e-001 -1.156440e-001 0.000000e+000
    outer loop
      vertex   -2.837073e+002 2.468925e+002 4.600000e+000
      vertex   -2.836541e+002 2.466864e+002 9.200000e+000
      vertex   -2.837073e+002 2.468925e+002 9.200000e+000
    endloop
  endfacet
  facet normal -9.882354e+000 -1.457854e+000 0.000000e+000
    outer loop
      vertex   -2.837384e+002 2.471031e+002 4.600000e+000
      vertex   -2.837073e+002 2.468925e+002 4.600000e+000
      vertex   -2.837073e+002 2.468925e+002 9.200000e+000
    endloop
  endfacet
  facet normal -4.573777e-001 -6.747279e-002 0.000000e+000
    outer loop
      vertex   -2.837384e+002 2.471031e+002 4.600000e+000
      vertex   -2.837073e+002 2.468925e+002 9.200000e+000
      vertex   -2.837384e+002 2.471031e+002 9.200000e+000
    endloop
  endfacet
  facet normal -1.000000e+001 0.000000e+000 0.000000e+000
    outer loop
      vertex   -2.837470e+002 2.472892e+002 1.840000e+001
      vertex   -2.837470e+002 2.856892e+002 1.840000e+001
      vertex   -2.837470e+002 2.472892e+002 5.000000e-001
    endloop
  endfacet
  facet normal -4.224978e+000 0.000000e+000 0.000000e+000
    outer loop
      vertex   -2.837470e+002 2.472892e+002 5.000000e-001
      vertex   -2.837470e+002 2.856892e+002 1.840000e+001
      vertex   -2.837470e+002 2.856892e+002 5.000000e-001
    endloop
  endfacet
  facet normal -9.986167e+000 5.234060e-001 2.355821e-003
    outer loop
      vertex   -2.837361e+002 2.858983e+002 1.840000e+001
      vertex   -2.837384e+002 2.858753e+002 1.380000e+001
      vertex   -2.837470e+002 2.856892e+002 1.840000e+001
    endloop
  endfacet
  facet normal -2.020755e-001 9.413067e-003 0.000000e+000
    outer loop
      vertex   -2.837470e+002 2.856892e+002 1.840000e+001
      vertex   -2.837384e+002 2.858753e+002 1.380000e+001
      vertex   -2.837384e+002 2.858753e+002 9.200000e+000
    endloop
  endfacet
  facet normal -2.022412e-001 9.420785e-003 0.000000e+000
    outer loop
      vertex   -2.837470e+002 2.856892e+002 1.840000e+001
      vertex   -2.837384e+002 2.858753e+002 9.200000e+000
      vertex   -2.837470e+002 2.856892e+002 5.000000e-001
    endloop
  endfacet
  facet normal -2.396921e-001 1.116532e-002 6.776264e-020
    outer loop
      vertex   -2.837470e+002 2.856892e+002 5.000000e-001
      vertex   -2.837384e+002 2.858753e+002 9.200000e+000
      vertex   -2.837384e+002 2.858753e+002 4.600000e+000
    endloop
  endfacet
  facet normal -9.975999e+000 5.228730e-001 -2.640425e-003
    outer loop
      vertex   -2.837470e+002 2.856892e+002 5.000000e-001
      vertex   -2.837384e+002 2.858753e+002 4.600000e+000
      vertex   -2.837361e+002 2.858983e+002 5.000000e-001
    endloop
  endfacet
  facet normal -5.131237e-001 7.569992e-002 1.375517e-004
    outer loop
      vertex   -2.837361e+002 2.858983e+002 5.000000e-001
      vertex   -2.837384e+002 2.858753e+002 4.600000e+000
      vertex   -2.837073e+002 2.860859e+002 4.600000e+000
    endloop
  endfacet
  facet normal -9.866320e+000 1.562630e+000 -2.255680e-003
    outer loop
      vertex   -2.837361e+002 2.858983e+002 5.000000e-001
      vertex   -2.837073e+002 2.860859e+002 4.600000e+000
      vertex   -2.837033e+002 2.861051e+002 5.000000e-001
    endloop
  endfacet
  facet normal -5.021852e-001 1.297401e-001 1.194409e-004
    outer loop
      vertex   -2.837033e+002 2.861051e+002 5.000000e-001
      vertex   -2.837073e+002 2.860859e+002 4.600000e+000
      vertex   -2.836541e+002 2.862921e+002 4.600000e+000
    endloop
  endfacet
  facet normal -9.648652e+000 2.584867e+000 -1.906959e-003
    outer loop
      vertex   -2.837033e+002 2.861051e+002 5.000000e-001
      vertex   -2.836541e+002 2.862921e+002 4.600000e+000
      vertex   -2.836492e+002 2.863073e+002 5.000000e-001
    endloop
  endfacet
  facet normal -4.854848e-001 1.824285e-001 9.821187e-005
    outer loop
      vertex   -2.836492e+002 2.863073e+002 5.000000e-001
      vertex   -2.836541e+002 2.862921e+002 4.600000e+000
      vertex   -2.835792e+002 2.864914e+002 4.600000e+000
    endloop
  endfacet
  facet normal -9.325343e+000 3.578795e+000 -1.465127e-003
    outer loop
      vertex   -2.836492e+002 2.863073e+002 5.000000e-001
      vertex   -2.835792e+002 2.864914e+002 4.600000e+000
      vertex   -2.835742e+002 2.865027e+002 5.000000e-001
    endloop
  endfacet
  facet normal -4.633486e-001 2.329986e-001 8.019299e-005
    outer loop
      vertex   -2.835742e+002 2.865027e+002 5.000000e-001
      vertex   -2.835792e+002 2.864914e+002 4.600000e+000
      vertex   -2.834835e+002 2.866815e+002 4.600000e+000
    endloop
  endfacet
  facet normal -8.898934e+000 4.535462e+000 -1.101430e-003
    outer loop
      vertex   -2.835742e+002 2.865027e+002 5.000000e-001
      vertex   -2.834835e+002 2.866815e+002 4.600000e+000
      vertex   -2.834791e+002 2.866892e+002 5.000000e-001
    endloop
  endfacet
  facet normal -4.359168e-001 2.808695e-001 5.609320e-005
    outer loop
      vertex   -2.834791e+002 2.866892e+002 5.000000e-001
      vertex   -2.834835e+002 2.866815e+002 4.600000e+000
      vertex   -2.833682e+002 2.868605e+002 4.600000e+000
    endloop
  endfacet
  facet normal -8.376465e+000 5.439470e+000 -6.913363e-004
    outer loop
      vertex   -2.834791e+002 2.866892e+002 5.000000e-001
      vertex   -2.833682e+002 2.868605e+002 4.600000e+000
      vertex   -2.833651e+002 2.868648e+002 5.000000e-001
    endloop
  endfacet
  facet normal -4.068049e-001 3.285661e-001 3.413000e-005
    outer loop
      vertex   -2.833651e+002 2.868648e+002 5.000000e-001
      vertex   -2.833682e+002 2.868605e+002 4.600000e+000
      vertex   -2.832333e+002 2.870275e+002 4.600000e+000
    endloop
  endfacet
  facet normal -7.761330e+000 6.285039e+000 0.000000e+000
    outer loop
      vertex   -2.833651e+002 2.868648e+002 5.000000e-001
      vertex   -2.832333e+002 2.870275e+002 4.600000e+000
      vertex   -2.832333e+002 2.870275e+002 5.000000e-001
    endloop
  endfacet
  facet normal -7.071524e+000 7.070612e+000 0.000000e+000
    outer loop
      vertex   -2.832333e+002 2.870275e+002 5.000000e-001
      vertex   -2.832333e+002 2.870275e+002 4.600000e+000
      vertex   -2.830853e+002 2.871755e+002 5.000000e-001
    endloop
  endfacet
  facet normal -3.605775e-001 3.605310e-001 0.000000e+000
    outer loop
      vertex   -2.830853e+002 2.871755e+002 5.000000e-001
      vertex   -2.832333e+002 2.870275e+002 4.600000e+000
      vertex   -2.830853e+002 2.871755e+002 4.600000e+000
    endloop
  endfacet
  facet normal -6.293175e+000 7.771483e+000 0.000000e+000
    outer loop
      vertex   -2.830853e+002 2.871755e+002 5.000000e-001
      vertex   -2.830853e+002 2.871755e+002 4.600000e+000
      vertex   -2.829226e+002 2.873073e+002 5.000000e-001
    endloop
  endfacet
  facet normal -3.285196e-001 4.068282e-001 3.653797e-005
    outer loop
      vertex   -2.829226e+002 2.873073e+002 5.000000e-001
      vertex   -2.830853e+002 2.871755e+002 4.600000e+000
      vertex   -2.829183e+002 2.873104e+002 4.600000e+000
    endloop
  endfacet
  facet normal -5.445891e+000 8.387020e+000 -6.478182e-004
    outer loop
      vertex   -2.829226e+002 2.873073e+002 5.000000e-001
      vertex   -2.829183e+002 2.873104e+002 4.600000e+000
      vertex   -2.827470e+002 2.874213e+002 5.000000e-001
    endloop
  endfacet
  facet normal -2.809159e-001 4.359400e-001 5.615522e-005
    outer loop
      vertex   -2.827470e+002 2.874213e+002 5.000000e-001
      vertex   -2.829183e+002 2.873104e+002 4.600000e+000
      vertex   -2.827393e+002 2.874257e+002 4.600000e+000
    endloop
  endfacet
  facet normal -4.540148e+000 8.909915e+000 -1.104498e-003
    outer loop
      vertex   -2.827470e+002 2.874213e+002 5.000000e-001
      vertex   -2.827393e+002 2.874257e+002 4.600000e+000
      vertex   -2.825605e+002 2.875164e+002 5.000000e-001
    endloop
  endfacet
  facet normal -2.329289e-001 4.633254e-001 8.056403e-005
    outer loop
      vertex   -2.825605e+002 2.875164e+002 5.000000e-001
      vertex   -2.827393e+002 2.874257e+002 4.600000e+000
      vertex   -2.825492e+002 2.875213e+002 4.600000e+000
    endloop
  endfacet
  facet normal -3.583455e+000 9.335841e+000 -1.451648e-003
    outer loop
      vertex   -2.825605e+002 2.875164e+002 5.000000e-001
      vertex   -2.825492e+002 2.875213e+002 4.600000e+000
      vertex   -2.823651e+002 2.875914e+002 5.000000e-001
    endloop
  endfacet
  facet normal -1.824750e-001 4.854848e-001 9.838415e-005
    outer loop
      vertex   -2.823651e+002 2.875914e+002 5.000000e-001
      vertex   -2.825492e+002 2.875213e+002 4.600000e+000
      vertex   -2.823499e+002 2.875963e+002 4.600000e+000
    endloop
  endfacet
  facet normal -2.587607e+000 9.659336e+000 -1.909523e-003
    outer loop
      vertex   -2.823651e+002 2.875914e+002 5.000000e-001
      vertex   -2.823499e+002 2.875963e+002 4.600000e+000
      vertex   -2.821629e+002 2.876455e+002 5.000000e-001
    endloop
  endfacet
  facet normal -1.297401e-001 5.021387e-001 1.185805e-004
    outer loop
      vertex   -2.821629e+002 2.876455e+002 5.000000e-001
      vertex   -2.823499e+002 2.875963e+002 4.600000e+000
      vertex   -2.821438e+002 2.876495e+002 4.600000e+000
    endloop
  endfacet
  facet normal -1.564427e+000 9.876756e+000 -2.268310e-003
    outer loop
      vertex   -2.821629e+002 2.876455e+002 5.000000e-001
      vertex   -2.821438e+002 2.876495e+002 4.600000e+000
      vertex   -2.819561e+002 2.876783e+002 5.000000e-001
    endloop
  endfacet
  facet normal -7.569990e-002 5.131933e-001 1.378650e-004
    outer loop
      vertex   -2.819561e+002 2.876783e+002 5.000000e-001
      vertex   -2.821438e+002 2.876495e+002 4.600000e+000
      vertex   -2.819331e+002 2.876806e+002 4.600000e+000
    endloop
  endfacet
  facet normal -5.238347e-001 9.986112e+000 -2.638247e-003
    outer loop
      vertex   -2.819561e+002 2.876783e+002 5.000000e-001
      vertex   -2.819331e+002 2.876806e+002 4.600000e+000
      vertex   -2.817470e+002 2.876892e+002 5.000000e-001
    endloop
  endfacet
  facet normal -1.117761e-002 2.396798e-001 0.000000e+000
    outer loop
      vertex   -2.817470e+002 2.876892e+002 5.000000e-001
      vertex   -2.819331e+002 2.876806e+002 4.600000e+000
      vertex   -2.819331e+002 2.876806e+002 9.200000e+000
    endloop
  endfacet
  facet normal -9.972928e-003 2.138481e-001 0.000000e+000
    outer loop
      vertex   -2.817470e+002 2.876892e+002 5.000000e-001
      vertex   -2.819331e+002 2.876806e+002 9.200000e+000
      vertex   -2.817470e+002 2.876892e+002 1.840000e+001
    endloop
  endfacet
  facet normal -9.423424e-003 2.020651e-001 0.000000e+000
    outer loop
      vertex   -2.817470e+002 2.876892e+002 1.840000e+001
      vertex   -2.819331e+002 2.876806e+002 9.200000e+000
      vertex   -2.819331e+002 2.876806e+002 1.380000e+001
    endloop
  endfacet
  facet normal -5.234140e-001 9.978090e+000 2.349592e-003
    outer loop
      vertex   -2.817470e+002 2.876892e+002 1.840000e+001
      vertex   -2.819331e+002 2.876806e+002 1.380000e+001
      vertex   -2.819561e+002 2.876783e+002 1.840000e+001
    endloop
  endfacet
  facet normal -6.748671e-002 4.575135e-001 -1.095476e-004
    outer loop
      vertex   -2.819561e+002 2.876783e+002 1.840000e+001
      vertex   -2.819331e+002 2.876806e+002 1.380000e+001
      vertex   -2.821438e+002 2.876495e+002 1.380000e+001
    endloop
  endfacet
  facet normal -1.563114e+000 9.868466e+000 2.020057e-003
    outer loop
      vertex   -2.819561e+002 2.876783e+002 1.840000e+001
      vertex   -2.821438e+002 2.876495e+002 1.380000e+001
      vertex   -2.821629e+002 2.876455e+002 1.840000e+001
    endloop
  endfacet
  facet normal -1.156645e-001 4.476615e-001 -9.422482e-005
    outer loop
      vertex   -2.821629e+002 2.876455e+002 1.840000e+001
      vertex   -2.821438e+002 2.876495e+002 1.380000e+001
      vertex   -2.823499e+002 2.875963e+002 1.380000e+001
    endloop
  endfacet
  facet normal -2.585343e+000 9.650885e+000 1.700477e-003
    outer loop
      vertex   -2.821629e+002 2.876455e+002 1.840000e+001
      vertex   -2.823499e+002 2.875963e+002 1.380000e+001
      vertex   -2.823651e+002 2.875914e+002 1.840000e+001
    endloop
  endfacet
  facet normal -1.626795e-001 4.328178e-001 -7.817728e-005
    outer loop
      vertex   -2.823651e+002 2.875914e+002 1.840000e+001
      vertex   -2.823499e+002 2.875963e+002 1.380000e+001
      vertex   -2.825492e+002 2.875213e+002 1.380000e+001
    endloop
  endfacet
  facet normal -3.580191e+000 9.327339e+000 1.292682e-003
    outer loop
      vertex   -2.823651e+002 2.875914e+002 1.840000e+001
      vertex   -2.825492e+002 2.875213e+002 1.380000e+001
      vertex   -2.825605e+002 2.875164e+002 1.840000e+001
    endloop
  endfacet
  facet normal -2.076616e-001 4.130656e-001 -6.401770e-005
    outer loop
      vertex   -2.825605e+002 2.875164e+002 1.840000e+001
      vertex   -2.825492e+002 2.875213e+002 1.380000e+001
      vertex   -2.827393e+002 2.874257e+002 1.380000e+001
    endloop
  endfacet
  facet normal -4.535852e+000 8.901485e+000 9.835120e-004
    outer loop
      vertex   -2.825605e+002 2.875164e+002 1.840000e+001
      vertex   -2.827393e+002 2.874257e+002 1.380000e+001
      vertex   -2.827470e+002 2.874213e+002 1.840000e+001
    endloop
  endfacet
  facet normal -2.504452e-001 3.886540e-001 -4.462237e-005
    outer loop
      vertex   -2.827470e+002 2.874213e+002 1.840000e+001
      vertex   -2.827393e+002 2.874257e+002 1.380000e+001
      vertex   -2.829183e+002 2.873104e+002 1.380000e+001
    endloop
  endfacet
  facet normal -5.440547e+000 8.378788e+000 5.768365e-004
    outer loop
      vertex   -2.827470e+002 2.874213e+002 1.840000e+001
      vertex   -2.829183e+002 2.873104e+002 1.380000e+001
      vertex   -2.829226e+002 2.873073e+002 1.840000e+001
    endloop
  endfacet
  facet normal -2.928893e-001 3.627047e-001 -2.903439e-005
    outer loop
      vertex   -2.829226e+002 2.873073e+002 1.840000e+001
      vertex   -2.829183e+002 2.873104e+002 1.380000e+001
      vertex   -2.830853e+002 2.871755e+002 1.380000e+001
    endloop
  endfacet
  facet normal -6.286668e+000 7.763448e+000 0.000000e+000
    outer loop
      vertex   -2.829226e+002 2.873073e+002 1.840000e+001
      vertex   -2.830853e+002 2.871755e+002 1.380000e+001
      vertex   -2.830853e+002 2.871755e+002 1.840000e+001
    endloop
  endfacet
  facet normal -7.071524e+000 7.070612e+000 0.000000e+000
    outer loop
      vertex   -2.830853e+002 2.871755e+002 1.840000e+001
      vertex   -2.830853e+002 2.871755e+002 1.380000e+001
      vertex   -2.832333e+002 2.870275e+002 1.840000e+001
    endloop
  endfacet
  facet normal -3.214702e-001 3.214287e-001 0.000000e+000
    outer loop
      vertex   -2.832333e+002 2.870275e+002 1.840000e+001
      vertex   -2.830853e+002 2.871755e+002 1.380000e+001
      vertex   -2.832333e+002 2.870275e+002 1.380000e+001
    endloop
  endfacet
  facet normal -7.771441e+000 6.293227e+000 0.000000e+000
    outer loop
      vertex   -2.832333e+002 2.870275e+002 1.840000e+001
      vertex   -2.832333e+002 2.870275e+002 1.380000e+001
      vertex   -2.833651e+002 2.868648e+002 1.840000e+001
    endloop
  endfacet
  facet normal -3.626840e-001 2.929307e-001 -2.712092e-005
    outer loop
      vertex   -2.833651e+002 2.868648e+002 1.840000e+001
      vertex   -2.832333e+002 2.870275e+002 1.380000e+001
      vertex   -2.833682e+002 2.868605e+002 1.380000e+001
    endloop
  endfacet
  facet normal -8.386824e+000 5.446196e+000 6.169530e-004
    outer loop
      vertex   -2.833651e+002 2.868648e+002 1.840000e+001
      vertex   -2.833682e+002 2.868605e+002 1.380000e+001
      vertex   -2.834791e+002 2.866892e+002 1.840000e+001
    endloop
  endfacet
  facet normal -3.886334e-001 2.504039e-001 -4.457308e-005
    outer loop
      vertex   -2.834791e+002 2.866892e+002 1.840000e+001
      vertex   -2.833682e+002 2.868605e+002 1.380000e+001
      vertex   -2.834835e+002 2.866815e+002 1.380000e+001
    endloop
  endfacet
  facet normal -8.909551e+000 4.540874e+000 9.828807e-004
    outer loop
      vertex   -2.834791e+002 2.866892e+002 1.840000e+001
      vertex   -2.834835e+002 2.866815e+002 1.380000e+001
      vertex   -2.835742e+002 2.865027e+002 1.840000e+001
    endloop
  endfacet
  facet normal -4.130863e-001 2.077238e-001 -6.372287e-005
    outer loop
      vertex   -2.835742e+002 2.865027e+002 1.840000e+001
      vertex   -2.834835e+002 2.866815e+002 1.380000e+001
      vertex   -2.835792e+002 2.864914e+002 1.380000e+001
    endloop
  endfacet
  facet normal -9.336061e+000 3.582908e+000 1.307374e-003
    outer loop
      vertex   -2.835742e+002 2.865027e+002 1.840000e+001
      vertex   -2.835792e+002 2.864914e+002 1.380000e+001
      vertex   -2.836492e+002 2.863073e+002 1.840000e+001
    endloop
  endfacet
  facet normal -4.328178e-001 1.626381e-001 -7.804039e-005
    outer loop
      vertex   -2.836492e+002 2.863073e+002 1.840000e+001
      vertex   -2.835792e+002 2.864914e+002 1.380000e+001
      vertex   -2.836541e+002 2.862921e+002 1.380000e+001
    endloop
  endfacet
  facet normal -9.659321e+000 2.587725e+000 1.701560e-003
    outer loop
      vertex   -2.836492e+002 2.863073e+002 1.840000e+001
      vertex   -2.836541e+002 2.862921e+002 1.380000e+001
      vertex   -2.837033e+002 2.861051e+002 1.840000e+001
    endloop
  endfacet
  facet normal -4.477030e-001 1.156646e-001 -9.490849e-005
    outer loop
      vertex   -2.837033e+002 2.861051e+002 1.840000e+001
      vertex   -2.836541e+002 2.862921e+002 1.380000e+001
      vertex   -2.837073e+002 2.860859e+002 1.380000e+001
    endloop
  endfacet
  facet normal -9.876801e+000 1.564290e+000 2.012633e-003
    outer loop
      vertex   -2.837033e+002 2.861051e+002 1.840000e+001
      vertex   -2.837073e+002 2.860859e+002 1.380000e+001
      vertex   -2.837361e+002 2.858983e+002 1.840000e+001
    endloop
  endfacet
  facet normal -4.574514e-001 6.748672e-002 -1.092987e-004
    outer loop
      vertex   -2.837361e+002 2.858983e+002 1.840000e+001
      vertex   -2.837073e+002 2.860859e+002 1.380000e+001
      vertex   -2.837384e+002 2.858753e+002 1.380000e+001
    endloop
  endfacet
  facet normal -9.882345e+000 1.457919e+000 0.000000e+000
    outer loop
      vertex   -2.837073e+002 2.860859e+002 4.600000e+000
      vertex   -2.837384e+002 2.858753e+002 4.600000e+000
      vertex   -2.837384e+002 2.858753e+002 9.200000e+000
    endloop
  endfacet
  facet normal -9.892922e+000 1.459479e+000 0.000000e+000
    outer loop
      vertex   -2.837384e+002 2.858753e+002 9.200000e+000
      vertex   -2.837384e+002 2.858753e+002 1.380000e+001
      vertex   -2.837073e+002 2.860859e+002 9.200000e+000
    endloop
  endfacet
  facet normal -4.573571e-001 6.747280e-002 0.000000e+000
    outer loop
      vertex   -2.837073e+002 2.860859e+002 9.200000e+000
      vertex   -2.837384e+002 2.858753e+002 1.380000e+001
      vertex   -2.837073e+002 2.860859e+002 1.380000e+001
    endloop
  endfacet
  facet normal -9.682101e+000 2.501381e+000 0.000000e+000
    outer loop
      vertex   -2.837073e+002 2.860859e+002 9.200000e+000
      vertex   -2.837073e+002 2.860859e+002 1.380000e+001
      vertex   -2.836541e+002 2.862921e+002 9.200000e+000
    endloop
  endfacet
  facet normal -4.476234e-001 1.156440e-001 0.000000e+000
    outer loop
      vertex   -2.836541e+002 2.862921e+002 9.200000e+000
      vertex   -2.837073e+002 2.860859e+002 1.380000e+001
      vertex   -2.836541e+002 2.862921e+002 1.380000e+001
    endloop
  endfacet
  facet normal -9.360933e+000 3.517518e+000 0.000000e+000
    outer loop
      vertex   -2.836541e+002 2.862921e+002 9.200000e+000
      vertex   -2.836541e+002 2.862921e+002 1.380000e+001
      vertex   -2.835792e+002 2.864914e+002 9.200000e+000
    endloop
  endfacet
  facet normal -4.327537e-001 1.626140e-001 0.000000e+000
    outer loop
      vertex   -2.835792e+002 2.864914e+002 9.200000e+000
      vertex   -2.836541e+002 2.862921e+002 1.380000e+001
      vertex   -2.835792e+002 2.864914e+002 1.380000e+001
    endloop
  endfacet
  facet normal -8.934035e+000 4.492551e+000 0.000000e+000
    outer loop
      vertex   -2.835792e+002 2.864914e+002 9.200000e+000
      vertex   -2.835792e+002 2.864914e+002 1.380000e+001
      vertex   -2.834835e+002 2.866815e+002 9.200000e+000
    endloop
  endfacet
  facet normal -4.130379e-001 2.076994e-001 0.000000e+000
    outer loop
      vertex   -2.834835e+002 2.866815e+002 9.200000e+000
      vertex   -2.835792e+002 2.864914e+002 1.380000e+001
      vertex   -2.834835e+002 2.866815e+002 1.380000e+001
    endloop
  endfacet
  facet normal -8.406191e+000 5.416267e+000 0.000000e+000
    outer loop
      vertex   -2.834835e+002 2.866815e+002 9.200000e+000
      vertex   -2.834835e+002 2.866815e+002 1.380000e+001
      vertex   -2.833682e+002 2.868605e+002 9.200000e+000
    endloop
  endfacet
  facet normal -3.886003e-001 2.503825e-001 0.000000e+000
    outer loop
      vertex   -2.833682e+002 2.868605e+002 9.200000e+000
      vertex   -2.834835e+002 2.866815e+002 1.380000e+001
      vertex   -2.833682e+002 2.868605e+002 1.380000e+001
    endloop
  endfacet
  facet normal -7.779479e+000 6.283288e+000 0.000000e+000
    outer loop
      vertex   -2.833682e+002 2.868605e+002 9.200000e+000
      vertex   -2.833682e+002 2.868605e+002 1.380000e+001
      vertex   -2.832333e+002 2.870275e+002 9.200000e+000
    endloop
  endfacet
  facet normal -3.626649e-001 2.929153e-001 0.000000e+000
    outer loop
      vertex   -2.832333e+002 2.870275e+002 9.200000e+000
      vertex   -2.833682e+002 2.868605e+002 1.380000e+001
      vertex   -2.832333e+002 2.870275e+002 1.380000e+001
    endloop
  endfacet
  facet normal -7.071524e+000 7.070612e+000 0.000000e+000
    outer loop
      vertex   -2.832333e+002 2.870275e+002 9.200000e+000
      vertex   -2.832333e+002 2.870275e+002 1.380000e+001
      vertex   -2.830853e+002 2.871755e+002 9.200000e+000
    endloop
  endfacet
  facet normal -3.214702e-001 3.214288e-001 0.000000e+000
    outer loop
      vertex   -2.830853e+002 2.871755e+002 9.200000e+000
      vertex   -2.832333e+002 2.870275e+002 1.380000e+001
      vertex   -2.830853e+002 2.871755e+002 1.380000e+001
    endloop
  endfacet
  facet normal -6.282534e+000 7.780088e+000 0.000000e+000
    outer loop
      vertex   -2.830853e+002 2.871755e+002 9.200000e+000
      vertex   -2.830853e+002 2.871755e+002 1.380000e+001
      vertex   -2.829183e+002 2.873104e+002 9.200000e+000
    endloop
  endfacet
  facet normal -2.928739e-001 3.626857e-001 0.000000e+000
    outer loop
      vertex   -2.829183e+002 2.873104e+002 9.200000e+000
      vertex   -2.830853e+002 2.871755e+002 1.380000e+001
      vertex   -2.829183e+002 2.873104e+002 1.380000e+001
    endloop
  endfacet
  facet normal -5.416697e+000 8.405914e+000 0.000000e+000
    outer loop
      vertex   -2.829183e+002 2.873104e+002 9.200000e+000
      vertex   -2.829183e+002 2.873104e+002 1.380000e+001
      vertex   -2.827393e+002 2.874257e+002 9.200000e+000
    endloop
  endfacet
  facet normal -2.504239e-001 3.886209e-001 0.000000e+000
    outer loop
      vertex   -2.827393e+002 2.874257e+002 9.200000e+000
      vertex   -2.829183e+002 2.873104e+002 1.380000e+001
      vertex   -2.827393e+002 2.874257e+002 1.380000e+001
    endloop
  endfacet
  facet normal -4.491658e+000 8.934484e+000 0.000000e+000
    outer loop
      vertex   -2.827393e+002 2.874257e+002 9.200000e+000
      vertex   -2.827393e+002 2.874257e+002 1.380000e+001
      vertex   -2.825492e+002 2.875213e+002 9.200000e+000
    endloop
  endfacet
  facet normal -2.076373e-001 4.130173e-001 0.000000e+000
    outer loop
      vertex   -2.825492e+002 2.875213e+002 9.200000e+000
      vertex   -2.827393e+002 2.874257e+002 1.380000e+001
      vertex   -2.825492e+002 2.875213e+002 1.380000e+001
    endloop
  endfacet
  facet normal -3.518303e+000 9.360639e+000 0.000000e+000
    outer loop
      vertex   -2.825492e+002 2.875213e+002 9.200000e+000
      vertex   -2.825492e+002 2.875213e+002 1.380000e+001
      vertex   -2.823499e+002 2.875963e+002 9.200000e+000
    endloop
  endfacet
  facet normal -1.626554e-001 4.327537e-001 0.000000e+000
    outer loop
      vertex   -2.823499e+002 2.875963e+002 9.200000e+000
      vertex   -2.825492e+002 2.875213e+002 1.380000e+001
      vertex   -2.823499e+002 2.875963e+002 1.380000e+001
    endloop
  endfacet
  facet normal -2.501598e+000 9.682046e+000 0.000000e+000
    outer loop
      vertex   -2.823499e+002 2.875963e+002 9.200000e+000
      vertex   -2.823499e+002 2.875963e+002 1.380000e+001
      vertex   -2.821438e+002 2.876495e+002 9.200000e+000
    endloop
  endfacet
  facet normal -1.156440e-001 4.475821e-001 0.000000e+000
    outer loop
      vertex   -2.821438e+002 2.876495e+002 9.200000e+000
      vertex   -2.823499e+002 2.875963e+002 1.380000e+001
      vertex   -2.821438e+002 2.876495e+002 1.380000e+001
    endloop
  endfacet
  facet normal -1.459285e+000 9.892951e+000 0.000000e+000
    outer loop
      vertex   -2.821438e+002 2.876495e+002 9.200000e+000
      vertex   -2.821438e+002 2.876495e+002 1.380000e+001
      vertex   -2.819331e+002 2.876806e+002 9.200000e+000
    endloop
  endfacet
  facet normal -6.747279e-002 4.574191e-001 0.000000e+000
    outer loop
      vertex   -2.819331e+002 2.876806e+002 9.200000e+000
      vertex   -2.821438e+002 2.876495e+002 1.380000e+001
      vertex   -2.819331e+002 2.876806e+002 1.380000e+001
    endloop
  endfacet
  facet normal -9.671749e+000 2.498707e+000 -1.734723e-017
    outer loop
      vertex   -2.836541e+002 2.862921e+002 4.600000e+000
      vertex   -2.837073e+002 2.860859e+002 4.600000e+000
      vertex   -2.837073e+002 2.860859e+002 9.200000e+000
    endloop
  endfacet
  facet normal -9.892922e+000 1.459479e+000 0.000000e+000
    outer loop
      vertex   -2.837073e+002 2.860859e+002 9.200000e+000
      vertex   -2.837073e+002 2.860859e+002 4.600000e+000
      vertex   -2.837384e+002 2.858753e+002 9.200000e+000
    endloop
  endfacet
  facet normal -4.476234e-001 1.156440e-001 0.000000e+000
    outer loop
      vertex   -2.836541e+002 2.862921e+002 4.600000e+000
      vertex   -2.837073e+002 2.860859e+002 9.200000e+000
      vertex   -2.836541e+002 2.862921e+002 9.200000e+000
    endloop
  endfacet
  facet normal -9.350924e+000 3.513757e+000 1.734723e-017
    outer loop
      vertex   -2.835792e+002 2.864914e+002 4.600000e+000
      vertex   -2.836541e+002 2.862921e+002 4.600000e+000
      vertex   -2.836541e+002 2.862921e+002 9.200000e+000
    endloop
  endfacet
  facet normal -4.327537e-001 1.626140e-001 0.000000e+000
    outer loop
      vertex   -2.835792e+002 2.864914e+002 4.600000e+000
      vertex   -2.836541e+002 2.862921e+002 9.200000e+000
      vertex   -2.835792e+002 2.864914e+002 9.200000e+000
    endloop
  endfacet
  facet normal -8.924482e+000 4.487747e+000 -3.469447e-017
    outer loop
      vertex   -2.834835e+002 2.866815e+002 4.600000e+000
      vertex   -2.835792e+002 2.864914e+002 4.600000e+000
      vertex   -2.835792e+002 2.864914e+002 9.200000e+000
    endloop
  endfacet
  facet normal -4.130379e-001 2.076994e-001 0.000000e+000
    outer loop
      vertex   -2.834835e+002 2.866815e+002 4.600000e+000
      vertex   -2.835792e+002 2.864914e+002 9.200000e+000
      vertex   -2.834835e+002 2.866815e+002 9.200000e+000
    endloop
  endfacet
  facet normal -8.397203e+000 5.410478e+000 0.000000e+000
    outer loop
      vertex   -2.833682e+002 2.868605e+002 4.600000e+000
      vertex   -2.834835e+002 2.866815e+002 4.600000e+000
      vertex   -2.834835e+002 2.866815e+002 9.200000e+000
    endloop
  endfacet
  facet normal -3.886003e-001 2.503825e-001 0.000000e+000
    outer loop
      vertex   -2.833682e+002 2.868605e+002 4.600000e+000
      vertex   -2.834835e+002 2.866815e+002 9.200000e+000
      vertex   -2.833682e+002 2.868605e+002 9.200000e+000
    endloop
  endfacet
  facet normal -7.771020e+000 6.276457e+000 3.469447e-017
    outer loop
      vertex   -2.832333e+002 2.870275e+002 4.600000e+000
      vertex   -2.833682e+002 2.868605e+002 4.600000e+000
      vertex   -2.833682e+002 2.868605e+002 9.200000e+000
    endloop
  endfacet
  facet normal -3.626649e-001 2.929153e-001 0.000000e+000
    outer loop
      vertex   -2.832333e+002 2.870275e+002 4.600000e+000
      vertex   -2.833682e+002 2.868605e+002 9.200000e+000
      vertex   -2.832333e+002 2.870275e+002 9.200000e+000
    endloop
  endfacet
  facet normal -7.064213e+000 7.063303e+000 3.469447e-017
    outer loop
      vertex   -2.830853e+002 2.871755e+002 4.600000e+000
      vertex   -2.832333e+002 2.870275e+002 4.600000e+000
      vertex   -2.832333e+002 2.870275e+002 9.200000e+000
    endloop
  endfacet
  facet normal -3.214702e-001 3.214288e-001 0.000000e+000
    outer loop
      vertex   -2.830853e+002 2.871755e+002 4.600000e+000
      vertex   -2.832333e+002 2.870275e+002 9.200000e+000
      vertex   -2.830853e+002 2.871755e+002 9.200000e+000
    endloop
  endfacet
  facet normal -6.275703e+000 7.771630e+000 -6.938894e-017
    outer loop
      vertex   -2.829183e+002 2.873104e+002 4.600000e+000
      vertex   -2.830853e+002 2.871755e+002 4.600000e+000
      vertex   -2.830853e+002 2.871755e+002 9.200000e+000
    endloop
  endfacet
  facet normal -2.928739e-001 3.626857e-001 0.000000e+000
    outer loop
      vertex   -2.829183e+002 2.873104e+002 4.600000e+000
      vertex   -2.830853e+002 2.871755e+002 9.200000e+000
      vertex   -2.829183e+002 2.873104e+002 9.200000e+000
    endloop
  endfacet
  facet normal -5.410905e+000 8.396926e+000 -3.469447e-017
    outer loop
      vertex   -2.827393e+002 2.874257e+002 4.600000e+000
      vertex   -2.829183e+002 2.873104e+002 4.600000e+000
      vertex   -2.829183e+002 2.873104e+002 9.200000e+000
    endloop
  endfacet
  facet normal -2.504239e-001 3.886209e-001 0.000000e+000
    outer loop
      vertex   -2.827393e+002 2.874257e+002 4.600000e+000
      vertex   -2.829183e+002 2.873104e+002 9.200000e+000
      vertex   -2.827393e+002 2.874257e+002 9.200000e+000
    endloop
  endfacet
  facet normal -4.486856e+000 8.924932e+000 0.000000e+000
    outer loop
      vertex   -2.825492e+002 2.875213e+002 4.600000e+000
      vertex   -2.827393e+002 2.874257e+002 4.600000e+000
      vertex   -2.827393e+002 2.874257e+002 9.200000e+000
    endloop
  endfacet
  facet normal -2.076373e-001 4.130173e-001 0.000000e+000
    outer loop
      vertex   -2.825492e+002 2.875213e+002 4.600000e+000
      vertex   -2.827393e+002 2.874257e+002 9.200000e+000
      vertex   -2.825492e+002 2.875213e+002 9.200000e+000
    endloop
  endfacet
  facet normal -3.514541e+000 9.350630e+000 -1.734723e-017
    outer loop
      vertex   -2.823499e+002 2.875963e+002 4.600000e+000
      vertex   -2.825492e+002 2.875213e+002 4.600000e+000
      vertex   -2.825492e+002 2.875213e+002 9.200000e+000
    endloop
  endfacet
  facet normal -1.626554e-001 4.327537e-001 0.000000e+000
    outer loop
      vertex   -2.823499e+002 2.875963e+002 4.600000e+000
      vertex   -2.825492e+002 2.875213e+002 9.200000e+000
      vertex   -2.823499e+002 2.875963e+002 9.200000e+000
    endloop
  endfacet
  facet normal -2.498924e+000 9.671695e+000 1.734723e-017
    outer loop
      vertex   -2.821438e+002 2.876495e+002 4.600000e+000
      vertex   -2.823499e+002 2.875963e+002 4.600000e+000
      vertex   -2.823499e+002 2.875963e+002 9.200000e+000
    endloop
  endfacet
  facet normal -1.156440e-001 4.475820e-001 0.000000e+000
    outer loop
      vertex   -2.821438e+002 2.876495e+002 4.600000e+000
      vertex   -2.823499e+002 2.875963e+002 9.200000e+000
      vertex   -2.821438e+002 2.876495e+002 9.200000e+000
    endloop
  endfacet
  facet normal -1.457725e+000 9.882371e+000 8.673617e-018
    outer loop
      vertex   -2.819331e+002 2.876806e+002 4.600000e+000
      vertex   -2.821438e+002 2.876495e+002 4.600000e+000
      vertex   -2.821438e+002 2.876495e+002 9.200000e+000
    endloop
  endfacet
  facet normal -6.747278e-002 4.574190e-001 0.000000e+000
    outer loop
      vertex   -2.819331e+002 2.876806e+002 4.600000e+000
      vertex   -2.821438e+002 2.876495e+002 9.200000e+000
      vertex   -2.819331e+002 2.876806e+002 9.200000e+000
    endloop
  endfacet
  facet normal 0.000000e+000 -7.071051e+000 7.071084e+000
    outer loop
      vertex   -2.818470e+002 2.739892e+002 1.840000e+001
      vertex   -2.818470e+002 2.744892e+002 1.890000e+001
      vertex   -2.821721e+002 2.739892e+002 1.840000e+001
    endloop
  endfacet
  facet normal -5.551115e-016 -6.120602e+000 6.120631e+000
    outer loop
      vertex   -2.821721e+002 2.739892e+002 1.840000e+001
      vertex   -2.818470e+002 2.744892e+002 1.890000e+001
      vertex   -2.826721e+002 2.744892e+002 1.890000e+001
    endloop
  endfacet
  facet normal 0.000000e+000 5.773484e+000 5.773512e+000
    outer loop
      vertex   -2.826721e+002 2.584892e+002 1.890000e+001
      vertex   -2.818470e+002 2.584892e+002 1.890000e+001
      vertex   -2.821721e+002 2.589892e+002 1.840000e+001
    endloop
  endfacet
  facet normal 0.000000e+000 6.424870e+000 6.424900e+000
    outer loop
      vertex   -2.821721e+002 2.589892e+002 1.840000e+001
      vertex   -2.818470e+002 2.584892e+002 1.890000e+001
      vertex   -2.818470e+002 2.589892e+002 1.840000e+001
    endloop
  endfacet
  facet normal 5.773484e+000 0.000000e+000 5.773512e+000
    outer loop
      vertex   -2.826721e+002 2.744892e+002 1.890000e+001
      vertex   -2.826721e+002 2.584892e+002 1.890000e+001
      vertex   -2.821721e+002 2.739892e+002 1.840000e+001
    endloop
  endfacet
  facet normal 3.222451e-001 0.000000e+000 3.222467e-001
    outer loop
      vertex   -2.821721e+002 2.739892e+002 1.840000e+001
      vertex   -2.826721e+002 2.584892e+002 1.890000e+001
      vertex   -2.821721e+002 2.589892e+002 1.840000e+001
    endloop
  endfacet
  facet normal 7.071051e+000 0.000000e+000 0.000000e+000
    outer loop
      vertex   -2.818470e+002 2.744892e+002 1.890000e+001
      vertex   -2.818470e+002 2.739892e+002 1.840000e+001
      vertex   -2.818470e+002 2.851393e+002 1.890000e+001
    endloop
  endfacet
  facet normal 9.989961e+000 0.000000e+000 0.000000e+000
    outer loop
      vertex   -2.818470e+002 2.851393e+002 1.890000e+001
      vertex   -2.818470e+002 2.739892e+002 1.840000e+001
      vertex   -2.818470e+002 2.851393e+002 1.590000e+001
    endloop
  endfacet
  facet normal 2.187830e+000 0.000000e+000 0.000000e+000
    outer loop
      vertex   -2.818470e+002 2.851393e+002 1.590000e+001
      vertex   -2.818470e+002 2.739892e+002 1.840000e+001
      vertex   -2.818470e+002 2.739892e+002 1.590000e+001
    endloop
  endfacet
  facet normal -0.000000e+000 -1.000000e+001 -0.000000e+000
    outer loop
      vertex   -2.818470e+002 2.739892e+002 1.840000e+001
      vertex   -2.821721e+002 2.739892e+002 1.840000e+001
      vertex   -2.818470e+002 2.739892e+002 1.590000e+001
    endloop
  endfacet
  facet normal 0.000000e+000 -9.916550e+000 0.000000e+000
    outer loop
      vertex   -2.818470e+002 2.739892e+002 1.590000e+001
      vertex   -2.821721e+002 2.739892e+002 1.840000e+001
      vertex   -2.821721e+002 2.739892e+002 1.590000e+001
    endloop
  endfacet
  facet normal 1.000000e+001 0.000000e+000 0.000000e+000
    outer loop
      vertex   -2.821721e+002 2.739892e+002 1.840000e+001
      vertex   -2.821721e+002 2.589892e+002 1.840000e+001
      vertex   -2.821721e+002 2.739892e+002 1.590000e+001
    endloop
  endfacet
  facet normal 1.643990e+000 0.000000e+000 0.000000e+000
    outer loop
      vertex   -2.821721e+002 2.739892e+002 1.590000e+001
      vertex   -2.821721e+002 2.589892e+002 1.840000e+001
      vertex   -2.821721e+002 2.589892e+002 1.590000e+001
    endloop
  endfacet
  facet normal 0.000000e+000 1.000000e+001 0.000000e+000
    outer loop
      vertex   -2.821721e+002 2.589892e+002 1.840000e+001
      vertex   -2.818470e+002 2.589892e+002 1.840000e+001
      vertex   -2.821721e+002 2.589892e+002 1.590000e+001
    endloop
  endfacet
  facet normal 0.000000e+000 9.916550e+000 0.000000e+000
    outer loop
      vertex   -2.821721e+002 2.589892e+002 1.590000e+001
      vertex   -2.818470e+002 2.589892e+002 1.840000e+001
      vertex   -2.818470e+002 2.589892e+002 1.590000e+001
    endloop
  endfacet
  facet normal 7.071051e+000 0.000000e+000 0.000000e+000
    outer loop
      vertex   -2.818470e+002 2.584892e+002 1.890000e+001
      vertex   -2.818470e+002 2.478392e+002 1.890000e+001
      vertex   -2.818470e+002 2.589892e+002 1.840000e+001
    endloop
  endfacet
  facet normal 2.622766e+000 0.000000e+000 0.000000e+000
    outer loop
      vertex   -2.818470e+002 2.589892e+002 1.840000e+001
      vertex   -2.818470e+002 2.478392e+002 1.890000e+001
      vertex   -2.818470e+002 2.478392e+002 1.590000e+001
    endloop
  endfacet
  facet normal 9.757734e+000 0.000000e+000 0.000000e+000
    outer loop
      vertex   -2.818470e+002 2.589892e+002 1.840000e+001
      vertex   -2.818470e+002 2.478392e+002 1.590000e+001
      vertex   -2.818470e+002 2.589892e+002 1.590000e+001
    endloop
  endfacet
  facet normal -3.700910e-001 -7.061363e+000 -7.061390e+000
    outer loop
      vertex   -2.817470e+002 2.452892e+002 5.000000e-001
      vertex   -2.819561e+002 2.453002e+002 5.000000e-001
      vertex   -2.817470e+002 2.457892e+002 0.000000e+000
    endloop
  endfacet
  facet normal -4.136078e-001 -6.836969e+000 -6.860109e+000
    outer loop
      vertex   -2.817470e+002 2.457892e+002 0.000000e+000
      vertex   -2.819561e+002 2.453002e+002 5.000000e-001
      vertex   -2.819279e+002 2.458002e+002 0.000000e+000
    endloop
  endfacet
  facet normal -3.197952e-001 -2.018975e+000 -2.036978e+000
    outer loop
      vertex   -2.819279e+002 2.458002e+002 0.000000e+000
      vertex   -2.819561e+002 2.453002e+002 5.000000e-001
      vertex   -2.821629e+002 2.453329e+002 5.000000e-001
    endloop
  endfacet
  facet normal -1.245465e+000 -6.797114e+000 -6.937084e+000
    outer loop
      vertex   -2.819279e+002 2.458002e+002 0.000000e+000
      vertex   -2.821629e+002 2.453329e+002 5.000000e-001
      vertex   -2.821060e+002 2.458328e+002 0.000000e+000
    endloop
  endfacet
  facet normal -5.317872e-001 -1.984771e+000 -2.044759e+000
    outer loop
      vertex   -2.821060e+002 2.458328e+002 0.000000e+000
      vertex   -2.821629e+002 2.453329e+002 5.000000e-001
      vertex   -2.823651e+002 2.453871e+002 5.000000e-001
    endloop
  endfacet
  facet normal -2.071236e+000 -6.646942e+000 -6.998252e+000
    outer loop
      vertex   -2.821060e+002 2.458328e+002 0.000000e+000
      vertex   -2.823651e+002 2.453871e+002 5.000000e-001
      vertex   -2.822790e+002 2.458867e+002 0.000000e+000
    endloop
  endfacet
  facet normal -7.381525e-001 -1.922593e+000 -2.048158e+000
    outer loop
      vertex   -2.822790e+002 2.458867e+002 0.000000e+000
      vertex   -2.823651e+002 2.453871e+002 5.000000e-001
      vertex   -2.825605e+002 2.454622e+002 5.000000e-001
    endloop
  endfacet
  facet normal -2.874647e+000 -6.387654e+000 -7.042576e+000
    outer loop
      vertex   -2.822790e+002 2.458867e+002 0.000000e+000
      vertex   -2.825605e+002 2.454622e+002 5.000000e-001
      vertex   -2.824442e+002 2.459611e+002 0.000000e+000
    endloop
  endfacet
  facet normal -9.341157e-001 -1.833544e+000 -2.046896e+000
    outer loop
      vertex   -2.824442e+002 2.459611e+002 0.000000e+000
      vertex   -2.825605e+002 2.454622e+002 5.000000e-001
      vertex   -2.827470e+002 2.455572e+002 5.000000e-001
    endloop
  endfacet
  facet normal -3.640702e+000 -6.022017e+000 -7.069684e+000
    outer loop
      vertex   -2.824442e+002 2.459611e+002 0.000000e+000
      vertex   -2.827470e+002 2.455572e+002 5.000000e-001
      vertex   -2.825992e+002 2.460548e+002 0.000000e+000
    endloop
  endfacet
  facet normal -1.116692e+000 -1.719777e+000 -2.041739e+000
    outer loop
      vertex   -2.825992e+002 2.460548e+002 0.000000e+000
      vertex   -2.827470e+002 2.455572e+002 5.000000e-001
      vertex   -2.829226e+002 2.456712e+002 5.000000e-001
    endloop
  endfacet
  facet normal -4.353302e+000 -5.556379e+000 -7.078857e+000
    outer loop
      vertex   -2.825992e+002 2.460548e+002 0.000000e+000
      vertex   -2.829226e+002 2.456712e+002 5.000000e-001
      vertex   -2.827417e+002 2.461665e+002 0.000000e+000
    endloop
  endfacet
  facet normal -1.281715e+000 -1.582798e+000 -2.031555e+000
    outer loop
      vertex   -2.827417e+002 2.461665e+002 0.000000e+000
      vertex   -2.829226e+002 2.456712e+002 5.000000e-001
      vertex   -2.830853e+002 2.458029e+002 5.000000e-001
    endloop
  endfacet
  facet normal -1.426703e+000 -1.426427e+000 -2.017503e+000
    outer loop
      vertex   -2.827417e+002 2.461665e+002 0.000000e+000
      vertex   -2.830853e+002 2.458029e+002 5.000000e-001
      vertex   -2.832333e+002 2.459510e+002 5.000000e-001
    endloop
  endfacet
  facet normal -4.819682e+000 -4.819682e+000 -6.815919e+000
    outer loop
      vertex   -2.827417e+002 2.461665e+002 0.000000e+000
      vertex   -2.832333e+002 2.459510e+002 5.000000e-001
      vertex   -2.828698e+002 2.462946e+002 0.000000e+000
    endloop
  endfacet
  facet normal -1.582831e+000 -1.281834e+000 -2.031587e+000
    outer loop
      vertex   -2.828698e+002 2.462946e+002 0.000000e+000
      vertex   -2.832333e+002 2.459510e+002 5.000000e-001
      vertex   -2.833651e+002 2.461137e+002 5.000000e-001
    endloop
  endfacet
  facet normal -5.416412e+000 -4.243798e+000 -6.900456e+000
    outer loop
      vertex   -2.828698e+002 2.462946e+002 0.000000e+000
      vertex   -2.833651e+002 2.461137e+002 5.000000e-001
      vertex   -2.829815e+002 2.464371e+002 0.000000e+000
    endloop
  endfacet
  facet normal -1.719542e+000 -1.116628e+000 -2.041463e+000
    outer loop
      vertex   -2.829815e+002 2.464371e+002 0.000000e+000
      vertex   -2.833651e+002 2.461137e+002 5.000000e-001
      vertex   -2.834791e+002 2.462892e+002 5.000000e-001
    endloop
  endfacet
  facet normal -5.937264e+000 -3.588512e+000 -6.969817e+000
    outer loop
      vertex   -2.829815e+002 2.464371e+002 0.000000e+000
      vertex   -2.834791e+002 2.462892e+002 5.000000e-001
      vertex   -2.830752e+002 2.465922e+002 0.000000e+000
    endloop
  endfacet
  facet normal -1.833433e+000 -9.344339e-001 -2.047052e+000
    outer loop
      vertex   -2.830752e+002 2.465922e+002 0.000000e+000
      vertex   -2.834791e+002 2.462892e+002 5.000000e-001
      vertex   -2.835742e+002 2.464758e+002 5.000000e-001
    endloop
  endfacet
  facet normal -6.369104e+000 -2.866465e+000 -7.022812e+000
    outer loop
      vertex   -2.830752e+002 2.465922e+002 0.000000e+000
      vertex   -2.835742e+002 2.464758e+002 5.000000e-001
      vertex   -2.831496e+002 2.467573e+002 0.000000e+000
    endloop
  endfacet
  facet normal -1.922487e+000 -7.378305e-001 -2.048062e+000
    outer loop
      vertex   -2.831496e+002 2.467573e+002 0.000000e+000
      vertex   -2.835742e+002 2.464758e+002 5.000000e-001
      vertex   -2.836492e+002 2.466712e+002 5.000000e-001
    endloop
  endfacet
  facet normal -6.703937e+000 -2.089226e+000 -7.058506e+000
    outer loop
      vertex   -2.831496e+002 2.467573e+002 0.000000e+000
      vertex   -2.836492e+002 2.466712e+002 5.000000e-001
      vertex   -2.832035e+002 2.469303e+002 0.000000e+000
    endloop
  endfacet
  facet normal -1.984946e+000 -5.316904e-001 -2.044903e+000
    outer loop
      vertex   -2.832035e+002 2.469303e+002 0.000000e+000
      vertex   -2.836492e+002 2.466712e+002 5.000000e-001
      vertex   -2.837033e+002 2.468734e+002 5.000000e-001
    endloop
  endfacet
  facet normal -6.933708e+000 -1.270728e+000 -7.076469e+000
    outer loop
      vertex   -2.832035e+002 2.469303e+002 0.000000e+000
      vertex   -2.837033e+002 2.468734e+002 5.000000e-001
      vertex   -2.832361e+002 2.471084e+002 0.000000e+000
    endloop
  endfacet
  facet normal -2.019011e+000 -3.198009e-001 -2.036977e+000
    outer loop
      vertex   -2.832361e+002 2.471084e+002 0.000000e+000
      vertex   -2.837033e+002 2.468734e+002 5.000000e-001
      vertex   -2.837361e+002 2.470802e+002 5.000000e-001
    endloop
  endfacet
  facet normal -7.052744e+000 -4.263118e-001 -7.076460e+000
    outer loop
      vertex   -2.832361e+002 2.471084e+002 0.000000e+000
      vertex   -2.837361e+002 2.470802e+002 5.000000e-001
      vertex   -2.832470e+002 2.472892e+002 0.000000e+000
    endloop
  endfacet
  facet normal -2.025130e+000 -1.061433e-001 -2.025138e+000
    outer loop
      vertex   -2.832470e+002 2.472892e+002 0.000000e+000
      vertex   -2.837361e+002 2.470802e+002 5.000000e-001
      vertex   -2.837470e+002 2.472892e+002 5.000000e-001
    endloop
  endfacet
  facet normal -7.071054e+000 -0.000000e+000 -7.071081e+000
    outer loop
      vertex   -2.832470e+002 2.856892e+002 0.000000e+000
      vertex   -2.832470e+002 2.472892e+002 0.000000e+000
      vertex   -2.837470e+002 2.856892e+002 5.000000e-001
    endloop
  endfacet
  facet normal -1.301863e-001 -0.000000e+000 -1.301868e-001
    outer loop
      vertex   -2.837470e+002 2.856892e+002 5.000000e-001
      vertex   -2.832470e+002 2.472892e+002 0.000000e+000
      vertex   -2.837470e+002 2.472892e+002 5.000000e-001
    endloop
  endfacet
  facet normal -7.061362e+000 3.701079e-001 -7.061388e+000
    outer loop
      vertex   -2.837470e+002 2.856892e+002 5.000000e-001
      vertex   -2.837361e+002 2.858983e+002 5.000000e-001
      vertex   -2.832470e+002 2.856892e+002 0.000000e+000
    endloop
  endfacet
  facet normal -6.837016e+000 4.132500e-001 -6.859998e+000
    outer loop
      vertex   -2.832470e+002 2.856892e+002 0.000000e+000
      vertex   -2.837361e+002 2.858983e+002 5.000000e-001
      vertex   -2.832361e+002 2.858701e+002 0.000000e+000
    endloop
  endfacet
  facet normal -2.019190e+000 3.197997e-001 -2.037149e+000
    outer loop
      vertex   -2.832361e+002 2.858701e+002 0.000000e+000
      vertex   -2.837361e+002 2.858983e+002 5.000000e-001
      vertex   -2.837033e+002 2.861051e+002 5.000000e-001
    endloop
  endfacet
  facet normal -6.797091e+000 1.245757e+000 -6.937094e+000
    outer loop
      vertex   -2.832361e+002 2.858701e+002 0.000000e+000
      vertex   -2.837033e+002 2.861051e+002 5.000000e-001
      vertex   -2.832035e+002 2.860482e+002 0.000000e+000
    endloop
  endfacet
  facet normal -1.984671e+000 5.316918e-001 -2.044648e+000
    outer loop
      vertex   -2.832035e+002 2.860482e+002 0.000000e+000
      vertex   -2.837033e+002 2.861051e+002 5.000000e-001
      vertex   -2.836492e+002 2.863073e+002 5.000000e-001
    endloop
  endfacet
  facet normal -6.646821e+000 2.071541e+000 -6.998390e+000
    outer loop
      vertex   -2.832035e+002 2.860482e+002 0.000000e+000
      vertex   -2.836492e+002 2.863073e+002 5.000000e-001
      vertex   -2.831496e+002 2.862211e+002 0.000000e+000
    endloop
  endfacet
  facet normal -1.922571e+000 7.378266e-001 -2.048145e+000
    outer loop
      vertex   -2.831496e+002 2.862211e+002 0.000000e+000
      vertex   -2.836492e+002 2.863073e+002 5.000000e-001
      vertex   -2.835742e+002 2.865027e+002 5.000000e-001
    endloop
  endfacet
  facet normal -6.387288e+000 2.874649e+000 -7.042918e+000
    outer loop
      vertex   -2.831496e+002 2.862211e+002 0.000000e+000
      vertex   -2.835742e+002 2.865027e+002 5.000000e-001
      vertex   -2.830752e+002 2.863863e+002 0.000000e+000
    endloop
  endfacet
  facet normal -1.833418e+000 9.344265e-001 -2.047054e+000
    outer loop
      vertex   -2.830752e+002 2.863863e+002 0.000000e+000
      vertex   -2.835742e+002 2.865027e+002 5.000000e-001
      vertex   -2.834791e+002 2.866892e+002 5.000000e-001
    endloop
  endfacet
  facet normal -6.022305e+000 3.639912e+000 -7.069717e+000
    outer loop
      vertex   -2.830752e+002 2.863863e+002 0.000000e+000
      vertex   -2.834791e+002 2.866892e+002 5.000000e-001
      vertex   -2.829815e+002 2.865413e+002 0.000000e+000
    endloop
  endfacet
  facet normal -1.719527e+000 1.116618e+000 -2.041466e+000
    outer loop
      vertex   -2.829815e+002 2.865413e+002 0.000000e+000
      vertex   -2.834791e+002 2.866892e+002 5.000000e-001
      vertex   -2.833651e+002 2.868648e+002 5.000000e-001
    endloop
  endfacet
  facet normal -5.556341e+000 4.353434e+000 -7.078807e+000
    outer loop
      vertex   -2.829815e+002 2.865413e+002 0.000000e+000
      vertex   -2.833651e+002 2.868648e+002 5.000000e-001
      vertex   -2.828698e+002 2.866839e+002 0.000000e+000
    endloop
  endfacet
  facet normal -1.582897e+000 1.281813e+000 -2.031671e+000
    outer loop
      vertex   -2.828698e+002 2.866839e+002 0.000000e+000
      vertex   -2.833651e+002 2.868648e+002 5.000000e-001
      vertex   -2.832333e+002 2.870275e+002 5.000000e-001
    endloop
  endfacet
  facet normal -1.426592e+000 1.426408e+000 -2.017392e+000
    outer loop
      vertex   -2.828698e+002 2.866839e+002 0.000000e+000
      vertex   -2.832333e+002 2.870275e+002 5.000000e-001
      vertex   -2.830853e+002 2.871755e+002 5.000000e-001
    endloop
  endfacet
  facet normal -4.819764e+000 4.819405e+000 -6.816051e+000
    outer loop
      vertex   -2.828698e+002 2.866839e+002 0.000000e+000
      vertex   -2.830853e+002 2.871755e+002 5.000000e-001
      vertex   -2.827417e+002 2.868120e+002 0.000000e+000
    endloop
  endfacet
  facet normal -1.281715e+000 1.582798e+000 -2.031555e+000
    outer loop
      vertex   -2.827417e+002 2.868120e+002 0.000000e+000
      vertex   -2.830853e+002 2.871755e+002 5.000000e-001
      vertex   -2.829226e+002 2.873073e+002 5.000000e-001
    endloop
  endfacet
  facet normal -4.243472e+000 5.416659e+000 -6.900723e+000
    outer loop
      vertex   -2.827417e+002 2.868120e+002 0.000000e+000
      vertex   -2.829226e+002 2.873073e+002 5.000000e-001
      vertex   -2.825992e+002 2.869237e+002 0.000000e+000
    endloop
  endfacet
  facet normal -1.116674e+000 1.719749e+000 -2.041738e+000
    outer loop
      vertex   -2.825992e+002 2.869237e+002 0.000000e+000
      vertex   -2.829226e+002 2.873073e+002 5.000000e-001
      vertex   -2.827470e+002 2.874213e+002 5.000000e-001
    endloop
  endfacet
  facet normal -3.589130e+000 5.936713e+000 -6.969653e+000
    outer loop
      vertex   -2.825992e+002 2.869237e+002 0.000000e+000
      vertex   -2.827470e+002 2.874213e+002 5.000000e-001
      vertex   -2.824442e+002 2.870174e+002 0.000000e+000
    endloop
  endfacet
  facet normal -9.342701e-001 1.833479e+000 -2.046972e+000
    outer loop
      vertex   -2.824442e+002 2.870174e+002 0.000000e+000
      vertex   -2.827470e+002 2.874213e+002 5.000000e-001
      vertex   -2.825605e+002 2.875164e+002 5.000000e-001
    endloop
  endfacet
  facet normal -2.866678e+000 6.369129e+000 -7.022601e+000
    outer loop
      vertex   -2.824442e+002 2.870174e+002 0.000000e+000
      vertex   -2.825605e+002 2.875164e+002 5.000000e-001
      vertex   -2.822790e+002 2.870918e+002 0.000000e+000
    endloop
  endfacet
  facet normal -7.379531e-001 1.922562e+000 -2.048093e+000
    outer loop
      vertex   -2.822790e+002 2.870918e+002 0.000000e+000
      vertex   -2.825605e+002 2.875164e+002 5.000000e-001
      vertex   -2.823651e+002 2.875914e+002 5.000000e-001
    endloop
  endfacet
  facet normal -2.088706e+000 6.704192e+000 -7.058464e+000
    outer loop
      vertex   -2.822790e+002 2.870918e+002 0.000000e+000
      vertex   -2.823651e+002 2.875914e+002 5.000000e-001
      vertex   -2.821060e+002 2.871457e+002 0.000000e+000
    endloop
  endfacet
  facet normal -5.316892e-001 1.984755e+000 -2.044732e+000
    outer loop
      vertex   -2.821060e+002 2.871457e+002 0.000000e+000
      vertex   -2.823651e+002 2.875914e+002 5.000000e-001
      vertex   -2.821629e+002 2.876455e+002 5.000000e-001
    endloop
  endfacet
  facet normal -1.270857e+000 6.933669e+000 -7.076493e+000
    outer loop
      vertex   -2.821060e+002 2.871457e+002 0.000000e+000
      vertex   -2.821629e+002 2.876455e+002 5.000000e-001
      vertex   -2.819279e+002 2.871783e+002 0.000000e+000
    endloop
  endfacet
  facet normal -3.198009e-001 2.019011e+000 -2.036977e+000
    outer loop
      vertex   -2.819279e+002 2.871783e+002 0.000000e+000
      vertex   -2.821629e+002 2.876455e+002 5.000000e-001
      vertex   -2.819561e+002 2.876783e+002 5.000000e-001
    endloop
  endfacet
  facet normal -4.262894e-001 7.052746e+000 -7.076460e+000
    outer loop
      vertex   -2.819279e+002 2.871783e+002 0.000000e+000
      vertex   -2.819561e+002 2.876783e+002 5.000000e-001
      vertex   -2.817470e+002 2.871892e+002 0.000000e+000
    endloop
  endfacet
  facet normal -1.062343e-001 2.025196e+000 -2.025242e+000
    outer loop
      vertex   -2.817470e+002 2.871892e+002 0.000000e+000
      vertex   -2.819561e+002 2.876783e+002 5.000000e-001
      vertex   -2.817470e+002 2.876892e+002 5.000000e-001
    endloop
  endfacet
  facet normal 3.704256e-001 7.061277e+000 -7.061439e+000
    outer loop
      vertex   -2.162471e+002 2.876892e+002 5.000000e-001
      vertex   -2.160380e+002 2.876783e+002 5.000000e-001
      vertex   -2.162471e+002 2.871892e+002 0.000000e+000
    endloop
  endfacet
  facet normal 4.132500e-001 6.837016e+000 -6.859998e+000
    outer loop
      vertex   -2.162471e+002 2.871892e+002 0.000000e+000
      vertex   -2.160380e+002 2.876783e+002 5.000000e-001
      vertex   -2.160662e+002 2.871783e+002 0.000000e+000
    endloop
  endfacet
  facet normal 3.197997e-001 2.019190e+000 -2.037149e+000
    outer loop
      vertex   -2.160662e+002 2.871783e+002 0.000000e+000
      vertex   -2.160380e+002 2.876783e+002 5.000000e-001
      vertex   -2.158312e+002 2.876455e+002 5.000000e-001
    endloop
  endfacet
  facet normal 1.245757e+000 6.797091e+000 -6.937094e+000
    outer loop
      vertex   -2.160662e+002 2.871783e+002 0.000000e+000
      vertex   -2.158312e+002 2.876455e+002 5.000000e-001
      vertex   -2.158881e+002 2.871457e+002 0.000000e+000
    endloop
  endfacet
  facet normal 5.316867e-001 1.984839e+000 -2.044816e+000
    outer loop
      vertex   -2.158881e+002 2.871457e+002 0.000000e+000
      vertex   -2.158312e+002 2.876455e+002 5.000000e-001
      vertex   -2.156290e+002 2.875914e+002 5.000000e-001
    endloop
  endfacet
  facet normal 2.070979e+000 6.646927e+000 -6.998272e+000
    outer loop
      vertex   -2.158881e+002 2.871457e+002 0.000000e+000
      vertex   -2.156290e+002 2.875914e+002 5.000000e-001
      vertex   -2.157151e+002 2.870918e+002 0.000000e+000
    endloop
  endfacet
  facet normal 7.379469e-001 1.922452e+000 -2.048010e+000
    outer loop
      vertex   -2.157151e+002 2.870918e+002 0.000000e+000
      vertex   -2.156290e+002 2.875914e+002 5.000000e-001
      vertex   -2.154336e+002 2.875164e+002 5.000000e-001
    endloop
  endfacet
  facet normal 2.875031e+000 6.387319e+000 -7.042806e+000
    outer loop
      vertex   -2.157151e+002 2.870918e+002 0.000000e+000
      vertex   -2.154336e+002 2.875164e+002 5.000000e-001
      vertex   -2.155500e+002 2.870174e+002 0.000000e+000
    endloop
  endfacet
  facet normal 9.342554e-001 1.833450e+000 -2.046975e+000
    outer loop
      vertex   -2.155500e+002 2.870174e+002 0.000000e+000
      vertex   -2.154336e+002 2.875164e+002 5.000000e-001
      vertex   -2.152471e+002 2.874213e+002 5.000000e-001
    endloop
  endfacet
  facet normal 3.640469e+000 6.022000e+000 -7.069784e+000
    outer loop
      vertex   -2.155500e+002 2.870174e+002 0.000000e+000
      vertex   -2.152471e+002 2.874213e+002 5.000000e-001
      vertex   -2.153950e+002 2.869237e+002 0.000000e+000
    endloop
  endfacet
  facet normal 1.116685e+000 1.719485e+000 -2.041500e+000
    outer loop
      vertex   -2.153950e+002 2.869237e+002 0.000000e+000
      vertex   -2.152471e+002 2.874213e+002 5.000000e-001
      vertex   -2.150715e+002 2.873073e+002 5.000000e-001
    endloop
  endfacet
  facet normal 4.352733e+000 5.556870e+000 -7.078805e+000
    outer loop
      vertex   -2.153950e+002 2.869237e+002 0.000000e+000
      vertex   -2.150715e+002 2.873073e+002 5.000000e-001
      vertex   -2.152524e+002 2.868120e+002 0.000000e+000
    endloop
  endfacet
  facet normal 1.281757e+000 1.582943e+000 -2.031616e+000
    outer loop
      vertex   -2.152524e+002 2.868120e+002 0.000000e+000
      vertex   -2.150715e+002 2.873073e+002 5.000000e-001
      vertex   -2.149088e+002 2.871755e+002 5.000000e-001
    endloop
  endfacet
  facet normal 1.426646e+000 1.426646e+000 -2.017541e+000
    outer loop
      vertex   -2.152524e+002 2.868120e+002 0.000000e+000
      vertex   -2.149088e+002 2.871755e+002 5.000000e-001
      vertex   -2.147608e+002 2.870275e+002 5.000000e-001
    endloop
  endfacet
  facet normal 4.820064e+000 4.819346e+000 -6.816151e+000
    outer loop
      vertex   -2.152524e+002 2.868120e+002 0.000000e+000
      vertex   -2.147608e+002 2.870275e+002 5.000000e-001
      vertex   -2.151243e+002 2.866839e+002 0.000000e+000
    endloop
  endfacet
  facet normal 1.582912e+000 1.281732e+000 -2.031625e+000
    outer loop
      vertex   -2.151243e+002 2.866839e+002 0.000000e+000
      vertex   -2.147608e+002 2.870275e+002 5.000000e-001
      vertex   -2.146290e+002 2.868648e+002 5.000000e-001
    endloop
  endfacet
  facet normal 5.416618e+000 4.243598e+000 -6.900566e+000
    outer loop
      vertex   -2.151243e+002 2.866839e+002 0.000000e+000
      vertex   -2.146290e+002 2.868648e+002 5.000000e-001
      vertex   -2.150126e+002 2.865413e+002 0.000000e+000
    endloop
  endfacet
  facet normal 1.719511e+000 1.116702e+000 -2.041508e+000
    outer loop
      vertex   -2.150126e+002 2.865413e+002 0.000000e+000
      vertex   -2.146290e+002 2.868648e+002 5.000000e-001
      vertex   -2.145150e+002 2.866892e+002 5.000000e-001
    endloop
  endfacet
  facet normal 5.936871e+000 3.589005e+000 -6.969752e+000
    outer loop
      vertex   -2.150126e+002 2.865413e+002 0.000000e+000
      vertex   -2.145150e+002 2.866892e+002 5.000000e-001
      vertex   -2.149189e+002 2.863863e+002 0.000000e+000
    endloop
  endfacet
  facet normal 1.833518e+000 9.341021e-001 -2.046902e+000
    outer loop
      vertex   -2.149189e+002 2.863863e+002 0.000000e+000
      vertex   -2.145150e+002 2.866892e+002 5.000000e-001
      vertex   -2.144200e+002 2.865027e+002 5.000000e-001
    endloop
  endfacet
  facet normal 6.369524e+000 2.866286e+000 -7.022636e+000
    outer loop
      vertex   -2.149189e+002 2.863863e+002 0.000000e+000
      vertex   -2.144200e+002 2.865027e+002 5.000000e-001
      vertex   -2.148445e+002 2.862211e+002 0.000000e+000
    endloop
  endfacet
  facet normal 1.922650e+000 7.381384e-001 -2.048241e+000
    outer loop
      vertex   -2.148445e+002 2.862211e+002 0.000000e+000
      vertex   -2.144200e+002 2.865027e+002 5.000000e-001
      vertex   -2.143449e+002 2.863073e+002 5.000000e-001
    endloop
  endfacet
  facet normal 6.703862e+000 2.089688e+000 -7.058383e+000
    outer loop
      vertex   -2.148445e+002 2.862211e+002 0.000000e+000
      vertex   -2.143449e+002 2.863073e+002 5.000000e-001
      vertex   -2.147906e+002 2.860482e+002 0.000000e+000
    endloop
  endfacet
  facet normal 1.984703e+000 5.318878e-001 -2.044703e+000
    outer loop
      vertex   -2.147906e+002 2.860482e+002 0.000000e+000
      vertex   -2.143449e+002 2.863073e+002 5.000000e-001
      vertex   -2.142908e+002 2.861051e+002 5.000000e-001
    endloop
  endfacet
  facet normal 6.933813e+000 1.270073e+000 -7.076548e+000
    outer loop
      vertex   -2.147906e+002 2.860482e+002 0.000000e+000
      vertex   -2.142908e+002 2.861051e+002 5.000000e-001
      vertex   -2.147580e+002 2.858701e+002 0.000000e+000
    endloop
  endfacet
  facet normal 2.019117e+000 3.197882e-001 -2.037153e+000
    outer loop
      vertex   -2.147580e+002 2.858701e+002 0.000000e+000
      vertex   -2.142908e+002 2.861051e+002 5.000000e-001
      vertex   -2.142580e+002 2.858983e+002 5.000000e-001
    endloop
  endfacet
  facet normal 7.052570e+000 4.270227e-001 -7.076588e+000
    outer loop
      vertex   -2.147580e+002 2.858701e+002 0.000000e+000
      vertex   -2.142580e+002 2.858983e+002 5.000000e-001
      vertex   -2.147470e+002 2.856892e+002 0.000000e+000
    endloop
  endfacet
  facet normal 2.025149e+000 1.060520e-001 -2.025118e+000
    outer loop
      vertex   -2.147470e+002 2.856892e+002 0.000000e+000
      vertex   -2.142580e+002 2.858983e+002 5.000000e-001
      vertex   -2.142471e+002 2.856892e+002 5.000000e-001
    endloop
  endfacet
  facet normal 7.071122e+000 0.000000e+000 -7.071014e+000
    outer loop
      vertex   -2.147470e+002 2.472892e+002 0.000000e+000
      vertex   -2.147470e+002 2.856892e+002 0.000000e+000
      vertex   -2.142471e+002 2.472892e+002 5.000000e-001
    endloop
  endfacet
  facet normal 1.301863e-001 0.000000e+000 -1.301843e-001
    outer loop
      vertex   -2.142471e+002 2.472892e+002 5.000000e-001
      vertex   -2.147470e+002 2.856892e+002 0.000000e+000
      vertex   -2.142471e+002 2.856892e+002 5.000000e-001
    endloop
  endfacet
  facet normal 7.061446e+000 -3.697902e-001 -7.061338e+000
    outer loop
      vertex   -2.142471e+002 2.472892e+002 5.000000e-001
      vertex   -2.142580e+002 2.470802e+002 5.000000e-001
      vertex   -2.147470e+002 2.472892e+002 0.000000e+000
    endloop
  endfacet
  facet normal 6.836972e+000 -4.139903e-001 -6.860263e+000
    outer loop
      vertex   -2.147470e+002 2.472892e+002 0.000000e+000
      vertex   -2.142580e+002 2.470802e+002 5.000000e-001
      vertex   -2.147580e+002 2.471084e+002 0.000000e+000
    endloop
  endfacet
  facet normal 2.018938e+000 -3.197894e-001 -2.036980e+000
    outer loop
      vertex   -2.147580e+002 2.471084e+002 0.000000e+000
      vertex   -2.142580e+002 2.470802e+002 5.000000e-001
      vertex   -2.142908e+002 2.468734e+002 5.000000e-001
    endloop
  endfacet
  facet normal 6.797145e+000 -1.244973e+000 -6.937012e+000
    outer loop
      vertex   -2.147580e+002 2.471084e+002 0.000000e+000
      vertex   -2.142908e+002 2.468734e+002 5.000000e-001
      vertex   -2.147906e+002 2.469303e+002 0.000000e+000
    endloop
  endfacet
  facet normal 1.984979e+000 -5.318863e-001 -2.044958e+000
    outer loop
      vertex   -2.147906e+002 2.469303e+002 0.000000e+000
      vertex   -2.142908e+002 2.468734e+002 5.000000e-001
      vertex   -2.143449e+002 2.466712e+002 5.000000e-001
    endloop
  endfacet
  facet normal 6.646828e+000 -2.071796e+000 -6.998313e+000
    outer loop
      vertex   -2.147906e+002 2.469303e+002 0.000000e+000
      vertex   -2.143449e+002 2.466712e+002 5.000000e-001
      vertex   -2.148445e+002 2.467573e+002 0.000000e+000
    endloop
  endfacet
  facet normal 1.922566e+000 -7.381424e-001 -2.048158e+000
    outer loop
      vertex   -2.148445e+002 2.467573e+002 0.000000e+000
      vertex   -2.143449e+002 2.466712e+002 5.000000e-001
      vertex   -2.144200e+002 2.464758e+002 5.000000e-001
    endloop
  endfacet
  facet normal 6.387663e+000 -2.874448e+000 -7.042581e+000
    outer loop
      vertex   -2.148445e+002 2.467573e+002 0.000000e+000
      vertex   -2.144200e+002 2.464758e+002 5.000000e-001
      vertex   -2.149189e+002 2.465922e+002 0.000000e+000
    endloop
  endfacet
  facet normal 1.833532e+000 -9.341094e-001 -2.046900e+000
    outer loop
      vertex   -2.149189e+002 2.465922e+002 0.000000e+000
      vertex   -2.144200e+002 2.464758e+002 5.000000e-001
      vertex   -2.145150e+002 2.462892e+002 5.000000e-001
    endloop
  endfacet
  facet normal 6.022058e+000 -3.640503e+000 -7.069691e+000
    outer loop
      vertex   -2.149189e+002 2.465922e+002 0.000000e+000
      vertex   -2.145150e+002 2.462892e+002 5.000000e-001
      vertex   -2.150126e+002 2.464371e+002 0.000000e+000
    endloop
  endfacet
  facet normal 1.719527e+000 -1.116711e+000 -2.041505e+000
    outer loop
      vertex   -2.150126e+002 2.464371e+002 0.000000e+000
      vertex   -2.145150e+002 2.462892e+002 5.000000e-001
      vertex   -2.146290e+002 2.461137e+002 5.000000e-001
    endloop
  endfacet
  facet normal 5.556556e+000 -4.353230e+000 -7.078757e+000
    outer loop
      vertex   -2.150126e+002 2.464371e+002 0.000000e+000
      vertex   -2.146290e+002 2.461137e+002 5.000000e-001
      vertex   -2.151243e+002 2.462946e+002 0.000000e+000
    endloop
  endfacet
  facet normal 1.582845e+000 -1.281753e+000 -2.031542e+000
    outer loop
      vertex   -2.151243e+002 2.462946e+002 0.000000e+000
      vertex   -2.146290e+002 2.461137e+002 5.000000e-001
      vertex   -2.147608e+002 2.459510e+002 5.000000e-001
    endloop
  endfacet
  facet normal 1.426726e+000 -1.426634e+000 -2.017590e+000
    outer loop
      vertex   -2.151243e+002 2.462946e+002 0.000000e+000
      vertex   -2.147608e+002 2.459510e+002 5.000000e-001
      vertex   -2.149088e+002 2.458029e+002 5.000000e-001
    endloop
  endfacet
  facet normal 4.819843e+000 -4.819484e+000 -6.815886e+000
    outer loop
      vertex   -2.151243e+002 2.462946e+002 0.000000e+000
      vertex   -2.149088e+002 2.458029e+002 5.000000e-001
      vertex   -2.152524e+002 2.461665e+002 0.000000e+000
    endloop
  endfacet
  facet normal 1.281757e+000 -1.582943e+000 -2.031616e+000
    outer loop
      vertex   -2.152524e+002 2.461665e+002 0.000000e+000
      vertex   -2.149088e+002 2.458029e+002 5.000000e-001
      vertex   -2.150715e+002 2.456712e+002 5.000000e-001
    endloop
  endfacet
  facet normal 4.243401e+000 -5.416830e+000 -6.900542e+000
    outer loop
      vertex   -2.152524e+002 2.461665e+002 0.000000e+000
      vertex   -2.150715e+002 2.456712e+002 5.000000e-001
      vertex   -2.153950e+002 2.460548e+002 0.000000e+000
    endloop
  endfacet
  facet normal 1.116703e+000 -1.719513e+000 -2.041501e+000
    outer loop
      vertex   -2.153950e+002 2.460548e+002 0.000000e+000
      vertex   -2.150715e+002 2.456712e+002 5.000000e-001
      vertex   -2.152471e+002 2.455572e+002 5.000000e-001
    endloop
  endfacet
  facet normal 3.588992e+000 -5.936849e+000 -6.969703e+000
    outer loop
      vertex   -2.153950e+002 2.460548e+002 0.000000e+000
      vertex   -2.152471e+002 2.455572e+002 5.000000e-001
      vertex   -2.155500e+002 2.459611e+002 0.000000e+000
    endloop
  endfacet
  facet normal 9.341010e-001 -1.833515e+000 -2.046899e+000
    outer loop
      vertex   -2.155500e+002 2.459611e+002 0.000000e+000
      vertex   -2.152471e+002 2.455572e+002 5.000000e-001
      vertex   -2.154336e+002 2.454622e+002 5.000000e-001
    endloop
  endfacet
  facet normal 2.866578e+000 -6.369355e+000 -7.022548e+000
    outer loop
      vertex   -2.155500e+002 2.459611e+002 0.000000e+000
      vertex   -2.154336e+002 2.454622e+002 5.000000e-001
      vertex   -2.157151e+002 2.458867e+002 0.000000e+000
    endloop
  endfacet
  facet normal 7.381462e-001 -1.922482e+000 -2.048075e+000
    outer loop
      vertex   -2.157151e+002 2.458867e+002 0.000000e+000
      vertex   -2.154336e+002 2.454622e+002 5.000000e-001
      vertex   -2.156290e+002 2.453871e+002 5.000000e-001
    endloop
  endfacet
  facet normal 2.089141e+000 -6.704032e+000 -7.058459e+000
    outer loop
      vertex   -2.157151e+002 2.458867e+002 0.000000e+000
      vertex   -2.156290e+002 2.453871e+002 5.000000e-001
      vertex   -2.158881e+002 2.458328e+002 0.000000e+000
    endloop
  endfacet
  facet normal 5.317847e-001 -1.984855e+000 -2.044843e+000
    outer loop
      vertex   -2.158881e+002 2.458328e+002 0.000000e+000
      vertex   -2.156290e+002 2.453871e+002 5.000000e-001
      vertex   -2.158312e+002 2.453329e+002 5.000000e-001
    endloop
  endfacet
  facet normal 1.270432e+000 -6.933747e+000 -7.076523e+000
    outer loop
      vertex   -2.158881e+002 2.458328e+002 0.000000e+000
      vertex   -2.158312e+002 2.453329e+002 5.000000e-001
      vertex   -2.160662e+002 2.458002e+002 0.000000e+000
    endloop
  endfacet
  facet normal 3.197939e-001 -2.019153e+000 -2.037151e+000
    outer loop
      vertex   -2.160662e+002 2.458002e+002 0.000000e+000
      vertex   -2.158312e+002 2.453329e+002 5.000000e-001
      vertex   -2.160380e+002 2.453002e+002 5.000000e-001
    endloop
  endfacet
  facet normal 4.266562e-001 -7.052660e+000 -7.076521e+000
    outer loop
      vertex   -2.160662e+002 2.458002e+002 0.000000e+000
      vertex   -2.160380e+002 2.453002e+002 5.000000e-001
      vertex   -2.162471e+002 2.457892e+002 0.000000e+000
    endloop
  endfacet
  facet normal 1.061433e-001 -2.025130e+000 -2.025138e+000
    outer loop
      vertex   -2.162471e+002 2.457892e+002 0.000000e+000
      vertex   -2.160380e+002 2.453002e+002 5.000000e-001
      vertex   -2.162471e+002 2.452892e+002 5.000000e-001
    endloop
  endfacet
  facet normal -0.000000e+000 -0.000000e+000 -7.071023e+000
    outer loop
      vertex   -2.162471e+002 2.871892e+002 0.000000e+000
      vertex   -2.147470e+002 2.856892e+002 0.000000e+000
      vertex   -2.184970e+002 2.871892e+002 0.000000e+000
    endloop
  endfacet
  facet normal 0.000000e+000 0.000000e+000 -8.896514e+000
    outer loop
      vertex   -2.184970e+002 2.871892e+002 0.000000e+000
      vertex   -2.147470e+002 2.856892e+002 0.000000e+000
      vertex   -2.147470e+002 2.472892e+002 0.000000e+000
    endloop
  endfacet
  facet normal 0.000000e+000 0.000000e+000 -9.357262e-001
    outer loop
      vertex   -2.184970e+002 2.871892e+002 0.000000e+000
      vertex   -2.147470e+002 2.472892e+002 0.000000e+000
      vertex   -2.184970e+002 2.457892e+002 0.000000e+000
    endloop
  endfacet
  facet normal 0.000000e+000 0.000000e+000 -3.713919e+000
    outer loop
      vertex   -2.184970e+002 2.457892e+002 0.000000e+000
      vertex   -2.147470e+002 2.472892e+002 0.000000e+000
      vertex   -2.162471e+002 2.457892e+002 0.000000e+000
    endloop
  endfacet
  facet normal 0.000000e+000 0.000000e+000 -6.631151e+000
    outer loop
      vertex   -2.162471e+002 2.457892e+002 0.000000e+000
      vertex   -2.147470e+002 2.472892e+002 0.000000e+000
      vertex   -2.160662e+002 2.458002e+002 0.000000e+000
    endloop
  endfacet
  facet normal 0.000000e+000 0.000000e+000 -6.167434e+000
    outer loop
      vertex   -2.160662e+002 2.458002e+002 0.000000e+000
      vertex   -2.147470e+002 2.472892e+002 0.000000e+000
      vertex   -2.158881e+002 2.458328e+002 0.000000e+000
    endloop
  endfacet
  facet normal 0.000000e+000 0.000000e+000 -5.680562e+000
    outer loop
      vertex   -2.158881e+002 2.458328e+002 0.000000e+000
      vertex   -2.147470e+002 2.472892e+002 0.000000e+000
      vertex   -2.157151e+002 2.458867e+002 0.000000e+000
    endloop
  endfacet
  facet normal 0.000000e+000 0.000000e+000 -5.173432e+000
    outer loop
      vertex   -2.157151e+002 2.458867e+002 0.000000e+000
      vertex   -2.147470e+002 2.472892e+002 0.000000e+000
      vertex   -2.155500e+002 2.459611e+002 0.000000e+000
    endloop
  endfacet
  facet normal 0.000000e+000 0.000000e+000 -4.647198e+000
    outer loop
      vertex   -2.155500e+002 2.459611e+002 0.000000e+000
      vertex   -2.147470e+002 2.472892e+002 0.000000e+000
      vertex   -2.153950e+002 2.460548e+002 0.000000e+000
    endloop
  endfacet
  facet normal 0.000000e+000 0.000000e+000 -4.104559e+000
    outer loop
      vertex   -2.153950e+002 2.460548e+002 0.000000e+000
      vertex   -2.147470e+002 2.472892e+002 0.000000e+000
      vertex   -2.152524e+002 2.461665e+002 0.000000e+000
    endloop
  endfacet
  facet normal 0.000000e+000 0.000000e+000 -3.545758e+000
    outer loop
      vertex   -2.152524e+002 2.461665e+002 0.000000e+000
      vertex   -2.147470e+002 2.472892e+002 0.000000e+000
      vertex   -2.151243e+002 2.462946e+002 0.000000e+000
    endloop
  endfacet
  facet normal 0.000000e+000 0.000000e+000 -2.974986e+000
    outer loop
      vertex   -2.151243e+002 2.462946e+002 0.000000e+000
      vertex   -2.147470e+002 2.472892e+002 0.000000e+000
      vertex   -2.150126e+002 2.464371e+002 0.000000e+000
    endloop
  endfacet
  facet normal 0.000000e+000 0.000000e+000 -2.393234e+000
    outer loop
      vertex   -2.150126e+002 2.464371e+002 0.000000e+000
      vertex   -2.147470e+002 2.472892e+002 0.000000e+000
      vertex   -2.149189e+002 2.465922e+002 0.000000e+000
    endloop
  endfacet
  facet normal 0.000000e+000 0.000000e+000 -1.802069e+000
    outer loop
      vertex   -2.149189e+002 2.465922e+002 0.000000e+000
      vertex   -2.147470e+002 2.472892e+002 0.000000e+000
      vertex   -2.148445e+002 2.467573e+002 0.000000e+000
    endloop
  endfacet
  facet normal 0.000000e+000 0.000000e+000 -1.205983e+000
    outer loop
      vertex   -2.148445e+002 2.467573e+002 0.000000e+000
      vertex   -2.147470e+002 2.472892e+002 0.000000e+000
      vertex   -2.147906e+002 2.469303e+002 0.000000e+000
    endloop
  endfacet
  facet normal 0.000000e+000 0.000000e+000 -6.030093e-001
    outer loop
      vertex   -2.147906e+002 2.469303e+002 0.000000e+000
      vertex   -2.147470e+002 2.472892e+002 0.000000e+000
      vertex   -2.147580e+002 2.471084e+002 0.000000e+000
    endloop
  endfacet
  facet normal 0.000000e+000 0.000000e+000 -6.631521e+000
    outer loop
      vertex   -2.162471e+002 2.871892e+002 0.000000e+000
      vertex   -2.160662e+002 2.871783e+002 0.000000e+000
      vertex   -2.147470e+002 2.856892e+002 0.000000e+000
    endloop
  endfacet
  facet normal 0.000000e+000 0.000000e+000 -6.037595e-001
    outer loop
      vertex   -2.147470e+002 2.856892e+002 0.000000e+000
      vertex   -2.160662e+002 2.871783e+002 0.000000e+000
      vertex   -2.158881e+002 2.871457e+002 0.000000e+000
    endloop
  endfacet
  facet normal 0.000000e+000 0.000000e+000 -6.038267e-001
    outer loop
      vertex   -2.147470e+002 2.856892e+002 0.000000e+000
      vertex   -2.158881e+002 2.871457e+002 0.000000e+000
      vertex   -2.157151e+002 2.870918e+002 0.000000e+000
    endloop
  endfacet
  facet normal 0.000000e+000 0.000000e+000 -5.173021e+000
    outer loop
      vertex   -2.157151e+002 2.870918e+002 0.000000e+000
      vertex   -2.155500e+002 2.870174e+002 0.000000e+000
      vertex   -2.147470e+002 2.856892e+002 0.000000e+000
    endloop
  endfacet
  facet normal 0.000000e+000 0.000000e+000 -6.037702e-001
    outer loop
      vertex   -2.147470e+002 2.856892e+002 0.000000e+000
      vertex   -2.155500e+002 2.870174e+002 0.000000e+000
      vertex   -2.153950e+002 2.869237e+002 0.000000e+000
    endloop
  endfacet
  facet normal 0.000000e+000 0.000000e+000 -6.038796e-001
    outer loop
      vertex   -2.147470e+002 2.856892e+002 0.000000e+000
      vertex   -2.153950e+002 2.869237e+002 0.000000e+000
      vertex   -2.152524e+002 2.868120e+002 0.000000e+000
    endloop
  endfacet
  facet normal 0.000000e+000 0.000000e+000 -3.545410e+000
    outer loop
      vertex   -2.152524e+002 2.868120e+002 0.000000e+000
      vertex   -2.151243e+002 2.866839e+002 0.000000e+000
      vertex   -2.147470e+002 2.856892e+002 0.000000e+000
    endloop
  endfacet
  facet normal 0.000000e+000 0.000000e+000 -6.038002e-001
    outer loop
      vertex   -2.147470e+002 2.856892e+002 0.000000e+000
      vertex   -2.151243e+002 2.866839e+002 0.000000e+000
      vertex   -2.150126e+002 2.865413e+002 0.000000e+000
    endloop
  endfacet
  facet normal 0.000000e+000 0.000000e+000 -6.037956e-001
    outer loop
      vertex   -2.147470e+002 2.856892e+002 0.000000e+000
      vertex   -2.150126e+002 2.865413e+002 0.000000e+000
      vertex   -2.149189e+002 2.863863e+002 0.000000e+000
    endloop
  endfacet
  facet normal 0.000000e+000 0.000000e+000 -1.802038e+000
    outer loop
      vertex   -2.149189e+002 2.863863e+002 0.000000e+000
      vertex   -2.148445e+002 2.862211e+002 0.000000e+000
      vertex   -2.147470e+002 2.856892e+002 0.000000e+000
    endloop
  endfacet
  facet normal 0.000000e+000 0.000000e+000 -6.041122e-001
    outer loop
      vertex   -2.147470e+002 2.856892e+002 0.000000e+000
      vertex   -2.148445e+002 2.862211e+002 0.000000e+000
      vertex   -2.147906e+002 2.860482e+002 0.000000e+000
    endloop
  endfacet
  facet normal 0.000000e+000 0.000000e+000 -6.030436e-001
    outer loop
      vertex   -2.147470e+002 2.856892e+002 0.000000e+000
      vertex   -2.147906e+002 2.860482e+002 0.000000e+000
      vertex   -2.147580e+002 2.858701e+002 0.000000e+000
    endloop
  endfacet
  facet normal 0.000000e+000 0.000000e+000 -8.000051e+000
    outer loop
      vertex   -2.184970e+002 2.457892e+002 0.000000e+000
      vertex   -2.184970e+002 2.452600e+002 0.000000e+000
      vertex   -2.192028e+002 2.452600e+002 0.000000e+000
    endloop
  endfacet
  facet normal 0.000000e+000 0.000000e+000 -1.000000e+001
    outer loop
      vertex   -2.224971e+002 2.457892e+002 0.000000e+000
      vertex   -2.184970e+002 2.457892e+002 0.000000e+000
      vertex   -2.224971e+002 2.452600e+002 0.000000e+000
    endloop
  endfacet
  facet normal 0.000000e+000 0.000000e+000 -4.898671e+000
    outer loop
      vertex   -2.184970e+002 2.457892e+002 0.000000e+000
      vertex   -2.192028e+002 2.452600e+002 0.000000e+000
      vertex   -2.224971e+002 2.452600e+002 0.000000e+000
    endloop
  endfacet
  facet normal 0.000000e+000 0.000000e+000 -1.000000e+001
    outer loop
      vertex   -2.184970e+002 2.457892e+002 0.000000e+000
      vertex   -2.224971e+002 2.457892e+002 0.000000e+000
      vertex   -2.184970e+002 2.871892e+002 0.000000e+000
    endloop
  endfacet
  facet normal 0.000000e+000 0.000000e+000 -9.953649e+000
    outer loop
      vertex   -2.184970e+002 2.871892e+002 0.000000e+000
      vertex   -2.224971e+002 2.457892e+002 0.000000e+000
      vertex   -2.224971e+002 2.871892e+002 0.000000e+000
    endloop
  endfacet
  facet normal 0.000000e+000 0.000000e+000 -6.000035e+000
    outer loop
      vertex   -2.184970e+002 2.871892e+002 0.000000e+000
      vertex   -2.224971e+002 2.871892e+002 0.000000e+000
      vertex   -2.191875e+002 2.877070e+002 0.000000e+000
    endloop
  endfacet
  facet normal 0.000000e+000 0.000000e+000 -9.879810e+000
    outer loop
      vertex   -2.224971e+002 2.871892e+002 0.000000e+000
      vertex   -2.224971e+002 2.877070e+002 0.000000e+000
      vertex   -2.191875e+002 2.877070e+002 0.000000e+000
    endloop
  endfacet
  facet normal 0.000000e+000 0.000000e+000 -7.999974e+000
    outer loop
      vertex   -2.794970e+002 2.457892e+002 0.000000e+000
      vertex   -2.787914e+002 2.452600e+002 0.000000e+000
      vertex   -2.794970e+002 2.452600e+002 0.000000e+000
    endloop
  endfacet
  facet normal 0.000000e+000 0.000000e+000 -6.000035e+000
    outer loop
      vertex   -2.794970e+002 2.457892e+002 0.000000e+000
      vertex   -2.754970e+002 2.457892e+002 0.000000e+000
      vertex   -2.787914e+002 2.452600e+002 0.000000e+000
    endloop
  endfacet
  facet normal 0.000000e+000 0.000000e+000 -9.873380e+000
    outer loop
      vertex   -2.754970e+002 2.457892e+002 0.000000e+000
      vertex   -2.754970e+002 2.452600e+002 0.000000e+000
      vertex   -2.787914e+002 2.452600e+002 0.000000e+000
    endloop
  endfacet
  facet normal 0.000000e+000 0.000000e+000 -1.000000e+001
    outer loop
      vertex   -2.754970e+002 2.457892e+002 0.000000e+000
      vertex   -2.794970e+002 2.457892e+002 0.000000e+000
      vertex   -2.754970e+002 2.871892e+002 0.000000e+000
    endloop
  endfacet
  facet normal 0.000000e+000 0.000000e+000 -7.880694e+000
    outer loop
      vertex   -2.754970e+002 2.457892e+002 0.000000e+000
      vertex   -2.754970e+002 2.871892e+002 0.000000e+000
      vertex   -2.224971e+002 2.871892e+002 0.000000e+000
    endloop
  endfacet
  facet normal 0.000000e+000 0.000000e+000 -7.071090e+000
    outer loop
      vertex   -2.817470e+002 2.457892e+002 0.000000e+000
      vertex   -2.832470e+002 2.472892e+002 0.000000e+000
      vertex   -2.794970e+002 2.457892e+002 0.000000e+000
    endloop
  endfacet
  facet normal 0.000000e+000 0.000000e+000 -8.896503e+000
    outer loop
      vertex   -2.794970e+002 2.457892e+002 0.000000e+000
      vertex   -2.832470e+002 2.472892e+002 0.000000e+000
      vertex   -2.832470e+002 2.856892e+002 0.000000e+000
    endloop
  endfacet
  facet normal 0.000000e+000 0.000000e+000 -9.357260e-001
    outer loop
      vertex   -2.794970e+002 2.457892e+002 0.000000e+000
      vertex   -2.832470e+002 2.856892e+002 0.000000e+000
      vertex   -2.794970e+002 2.871892e+002 0.000000e+000
    endloop
  endfacet
  facet normal 0.000000e+000 0.000000e+000 -3.713899e+000
    outer loop
      vertex   -2.794970e+002 2.871892e+002 0.000000e+000
      vertex   -2.832470e+002 2.856892e+002 0.000000e+000
      vertex   -2.817470e+002 2.871892e+002 0.000000e+000
    endloop
  endfacet
  facet normal 0.000000e+000 0.000000e+000 -6.631568e+000
    outer loop
      vertex   -2.817470e+002 2.871892e+002 0.000000e+000
      vertex   -2.832470e+002 2.856892e+002 0.000000e+000
      vertex   -2.819279e+002 2.871783e+002 0.000000e+000
    endloop
  endfacet
  facet normal 0.000000e+000 0.000000e+000 -6.167008e+000
    outer loop
      vertex   -2.819279e+002 2.871783e+002 0.000000e+000
      vertex   -2.832470e+002 2.856892e+002 0.000000e+000
      vertex   -2.821060e+002 2.871457e+002 0.000000e+000
    endloop
  endfacet
  facet normal 0.000000e+000 0.000000e+000 -5.681112e+000
    outer loop
      vertex   -2.821060e+002 2.871457e+002 0.000000e+000
      vertex   -2.832470e+002 2.856892e+002 0.000000e+000
      vertex   -2.822790e+002 2.870918e+002 0.000000e+000
    endloop
  endfacet
  facet normal 0.000000e+000 0.000000e+000 -5.173285e+000
    outer loop
      vertex   -2.822790e+002 2.870918e+002 0.000000e+000
      vertex   -2.832470e+002 2.856892e+002 0.000000e+000
      vertex   -2.824442e+002 2.870174e+002 0.000000e+000
    endloop
  endfacet
  facet normal 0.000000e+000 0.000000e+000 -4.647069e+000
    outer loop
      vertex   -2.824442e+002 2.870174e+002 0.000000e+000
      vertex   -2.832470e+002 2.856892e+002 0.000000e+000
      vertex   -2.825992e+002 2.869237e+002 0.000000e+000
    endloop
  endfacet
  facet normal 0.000000e+000 0.000000e+000 -4.104426e+000
    outer loop
      vertex   -2.825992e+002 2.869237e+002 0.000000e+000
      vertex   -2.832470e+002 2.856892e+002 0.000000e+000
      vertex   -2.827417e+002 2.868120e+002 0.000000e+000
    endloop
  endfacet
  facet normal 0.000000e+000 0.000000e+000 -3.545758e+000
    outer loop
      vertex   -2.827417e+002 2.868120e+002 0.000000e+000
      vertex   -2.832470e+002 2.856892e+002 0.000000e+000
      vertex   -2.828698e+002 2.866839e+002 0.000000e+000
    endloop
  endfacet
  facet normal 0.000000e+000 0.000000e+000 -2.975431e+000
    outer loop
      vertex   -2.828698e+002 2.866839e+002 0.000000e+000
      vertex   -2.832470e+002 2.856892e+002 0.000000e+000
      vertex   -2.829815e+002 2.865413e+002 0.000000e+000
    endloop
  endfacet
  facet normal 0.000000e+000 0.000000e+000 -2.392526e+000
    outer loop
      vertex   -2.829815e+002 2.865413e+002 0.000000e+000
      vertex   -2.832470e+002 2.856892e+002 0.000000e+000
      vertex   -2.830752e+002 2.863863e+002 0.000000e+000
    endloop
  endfacet
  facet normal 0.000000e+000 0.000000e+000 -1.802510e+000
    outer loop
      vertex   -2.830752e+002 2.863863e+002 0.000000e+000
      vertex   -2.832470e+002 2.856892e+002 0.000000e+000
      vertex   -2.831496e+002 2.862211e+002 0.000000e+000
    endloop
  endfacet
  facet normal 0.000000e+000 0.000000e+000 -1.205780e+000
    outer loop
      vertex   -2.831496e+002 2.862211e+002 0.000000e+000
      vertex   -2.832470e+002 2.856892e+002 0.000000e+000
      vertex   -2.832035e+002 2.860482e+002 0.000000e+000
    endloop
  endfacet
  facet normal 0.000000e+000 0.000000e+000 -6.041379e-001
    outer loop
      vertex   -2.832035e+002 2.860482e+002 0.000000e+000
      vertex   -2.832470e+002 2.856892e+002 0.000000e+000
      vertex   -2.832361e+002 2.858701e+002 0.000000e+000
    endloop
  endfacet
  facet normal 0.000000e+000 0.000000e+000 -6.631198e+000
    outer loop
      vertex   -2.817470e+002 2.457892e+002 0.000000e+000
      vertex   -2.819279e+002 2.458002e+002 0.000000e+000
      vertex   -2.832470e+002 2.472892e+002 0.000000e+000
    endloop
  endfacet
  facet normal 0.000000e+000 0.000000e+000 -6.037601e-001
    outer loop
      vertex   -2.832470e+002 2.472892e+002 0.000000e+000
      vertex   -2.819279e+002 2.458002e+002 0.000000e+000
      vertex   -2.821060e+002 2.458328e+002 0.000000e+000
    endloop
  endfacet
  facet normal 0.000000e+000 0.000000e+000 -6.038464e-001
    outer loop
      vertex   -2.832470e+002 2.472892e+002 0.000000e+000
      vertex   -2.821060e+002 2.458328e+002 0.000000e+000
      vertex   -2.822790e+002 2.458867e+002 0.000000e+000
    endloop
  endfacet
  facet normal 0.000000e+000 0.000000e+000 -5.173696e+000
    outer loop
      vertex   -2.822790e+002 2.458867e+002 0.000000e+000
      vertex   -2.824442e+002 2.459611e+002 0.000000e+000
      vertex   -2.832470e+002 2.472892e+002 0.000000e+000
    endloop
  endfacet
  facet normal 0.000000e+000 0.000000e+000 -6.037337e-001
    outer loop
      vertex   -2.832470e+002 2.472892e+002 0.000000e+000
      vertex   -2.824442e+002 2.459611e+002 0.000000e+000
      vertex   -2.825992e+002 2.460548e+002 0.000000e+000
    endloop
  endfacet
  facet normal 0.000000e+000 0.000000e+000 -6.037269e-001
    outer loop
      vertex   -2.832470e+002 2.472892e+002 0.000000e+000
      vertex   -2.825992e+002 2.460548e+002 0.000000e+000
      vertex   -2.827417e+002 2.461665e+002 0.000000e+000
    endloop
  endfacet
  facet normal 0.000000e+000 0.000000e+000 -3.546107e+000
    outer loop
      vertex   -2.827417e+002 2.461665e+002 0.000000e+000
      vertex   -2.828698e+002 2.462946e+002 0.000000e+000
      vertex   -2.832470e+002 2.472892e+002 0.000000e+000
    endloop
  endfacet
  facet normal 0.000000e+000 0.000000e+000 -6.039202e-001
    outer loop
      vertex   -2.832470e+002 2.472892e+002 0.000000e+000
      vertex   -2.828698e+002 2.462946e+002 0.000000e+000
      vertex   -2.829815e+002 2.464371e+002 0.000000e+000
    endloop
  endfacet
  facet normal 0.000000e+000 0.000000e+000 -6.035919e-001
    outer loop
      vertex   -2.832470e+002 2.472892e+002 0.000000e+000
      vertex   -2.829815e+002 2.464371e+002 0.000000e+000
      vertex   -2.830752e+002 2.465922e+002 0.000000e+000
    endloop
  endfacet
  facet normal 0.000000e+000 0.000000e+000 -1.802541e+000
    outer loop
      vertex   -2.830752e+002 2.465922e+002 0.000000e+000
      vertex   -2.831496e+002 2.467573e+002 0.000000e+000
      vertex   -2.832470e+002 2.472892e+002 0.000000e+000
    endloop
  endfacet
  facet normal 0.000000e+000 0.000000e+000 -6.039073e-001
    outer loop
      vertex   -2.832470e+002 2.472892e+002 0.000000e+000
      vertex   -2.831496e+002 2.467573e+002 0.000000e+000
      vertex   -2.832035e+002 2.469303e+002 0.000000e+000
    endloop
  endfacet
  facet normal 0.000000e+000 0.000000e+000 -6.040609e-001
    outer loop
      vertex   -2.832470e+002 2.472892e+002 0.000000e+000
      vertex   -2.832035e+002 2.469303e+002 0.000000e+000
      vertex   -2.832361e+002 2.471084e+002 0.000000e+000
    endloop
  endfacet
  facet normal 0.000000e+000 0.000000e+000 -7.999973e+000
    outer loop
      vertex   -2.794970e+002 2.871892e+002 0.000000e+000
      vertex   -2.794970e+002 2.877070e+002 0.000000e+000
      vertex   -2.788066e+002 2.877070e+002 0.000000e+000
    endloop
  endfacet
  facet normal 0.000000e+000 0.000000e+000 -1.000000e+001
    outer loop
      vertex   -2.754970e+002 2.871892e+002 0.000000e+000
      vertex   -2.794970e+002 2.871892e+002 0.000000e+000
      vertex   -2.754970e+002 2.877070e+002 0.000000e+000
    endloop
  endfacet
  facet normal 0.000000e+000 0.000000e+000 -4.923343e+000
    outer loop
      vertex   -2.794970e+002 2.871892e+002 0.000000e+000
      vertex   -2.788066e+002 2.877070e+002 0.000000e+000
      vertex   -2.754970e+002 2.877070e+002 0.000000e+000
    endloop
  endfacet
  facet normal 0.000000e+000 0.000000e+000 -1.000000e+001
    outer loop
      vertex   -2.794970e+002 2.871892e+002 0.000000e+000
      vertex   -2.754970e+002 2.871892e+002 0.000000e+000
      vertex   -2.794970e+002 2.457892e+002 0.000000e+000
    endloop
  endfacet
  facet normal 0.000000e+000 0.000000e+000 -7.999973e+000
    outer loop
      vertex   -2.184970e+002 2.871892e+002 0.000000e+000
      vertex   -2.191875e+002 2.877070e+002 0.000000e+000
      vertex   -2.184970e+002 2.877070e+002 0.000000e+000
    endloop
  endfacet
  facet normal 0.000000e+000 0.000000e+000 -1.000000e+001
    outer loop
      vertex   -2.224971e+002 2.457892e+002 0.000000e+000
      vertex   -2.754970e+002 2.457892e+002 0.000000e+000
      vertex   -2.224971e+002 2.871892e+002 0.000000e+000
    endloop
  endfacet
  facet normal 2.472759e-002 5.657702e-001 0.000000e+000
    outer loop
      vertex   -2.801971e+002 2.461892e+002 1.890000e+001
      vertex   -2.801971e+002 2.461892e+002 1.590000e+001
      vertex   -2.803409e+002 2.461955e+002 1.636250e+001
    endloop
  endfacet
  facet normal 2.133696e-001 3.799076e+000 1.471436e-002
    outer loop
      vertex   -2.803409e+002 2.461955e+002 1.636250e+001
      vertex   -2.801971e+002 2.461892e+002 1.590000e+001
      vertex   -2.803818e+002 2.461996e+002 1.590000e+001
    endloop
  endfacet
  facet normal 1.443156e+000 9.855543e+000 -4.059848e-002
    outer loop
      vertex   -2.803409e+002 2.461955e+002 1.636250e+001
      vertex   -2.803818e+002 2.461996e+002 1.590000e+001
      vertex   -2.805307e+002 2.462233e+002 1.636250e+001
    endloop
  endfacet
  facet normal 6.352102e-001 3.739509e+000 1.280746e-002
    outer loop
      vertex   -2.805307e+002 2.462233e+002 1.636250e+001
      vertex   -2.803818e+002 2.461996e+002 1.590000e+001
      vertex   -2.805642e+002 2.462306e+002 1.590000e+001
    endloop
  endfacet
  facet normal 2.581046e+000 9.632831e+000 -3.546533e-002
    outer loop
      vertex   -2.805307e+002 2.462233e+002 1.636250e+001
      vertex   -2.805642e+002 2.462306e+002 1.590000e+001
      vertex   -2.807161e+002 2.462730e+002 1.636250e+001
    endloop
  endfacet
  facet normal 1.046435e+000 3.632226e+000 1.066342e-002
    outer loop
      vertex   -2.807161e+002 2.462730e+002 1.636250e+001
      vertex   -2.805642e+002 2.462306e+002 1.590000e+001
      vertex   -2.807420e+002 2.462818e+002 1.590000e+001
    endloop
  endfacet
  facet normal 3.685924e+000 9.277078e+000 -2.959265e-002
    outer loop
      vertex   -2.807161e+002 2.462730e+002 1.636250e+001
      vertex   -2.807420e+002 2.462818e+002 1.590000e+001
      vertex   -2.808944e+002 2.463438e+002 1.636250e+001
    endloop
  endfacet
  facet normal 1.441268e+000 3.479150e+000 8.323603e-003
    outer loop
      vertex   -2.808944e+002 2.463438e+002 1.636250e+001
      vertex   -2.807420e+002 2.462818e+002 1.590000e+001
      vertex   -2.809130e+002 2.463526e+002 1.590000e+001
    endloop
  endfacet
  facet normal 4.741681e+000 8.793139e+000 -2.310944e-002
    outer loop
      vertex   -2.808944e+002 2.463438e+002 1.636250e+001
      vertex   -2.809130e+002 2.463526e+002 1.590000e+001
      vertex   -2.810633e+002 2.464349e+002 1.636250e+001
    endloop
  endfacet
  facet normal 1.814061e+000 3.282357e+000 5.691017e-003
    outer loop
      vertex   -2.810633e+002 2.464349e+002 1.636250e+001
      vertex   -2.809130e+002 2.463526e+002 1.590000e+001
      vertex   -2.810749e+002 2.464422e+002 1.590000e+001
    endloop
  endfacet
  facet normal 5.733098e+000 8.188010e+000 -1.626284e-002
    outer loop
      vertex   -2.810633e+002 2.464349e+002 1.636250e+001
      vertex   -2.810749e+002 2.464422e+002 1.590000e+001
      vertex   -2.812204e+002 2.465450e+002 1.636250e+001
    endloop
  endfacet
  facet normal 2.160049e+000 3.043925e+000 2.998368e-003
    outer loop
      vertex   -2.812204e+002 2.465450e+002 1.636250e+001
      vertex   -2.810749e+002 2.464422e+002 1.590000e+001
      vertex   -2.812258e+002 2.465492e+002 1.590000e+001
    endloop
  endfacet
  facet normal 6.647100e+000 7.469539e+000 -8.301850e-003
    outer loop
      vertex   -2.812204e+002 2.465450e+002 1.636250e+001
      vertex   -2.812258e+002 2.465492e+002 1.590000e+001
      vertex   -2.813638e+002 2.466725e+002 1.636250e+001
    endloop
  endfacet
  facet normal 2.475040e+000 2.769679e+000 0.000000e+000
    outer loop
      vertex   -2.813638e+002 2.466725e+002 1.636250e+001
      vertex   -2.812258e+002 2.465492e+002 1.590000e+001
      vertex   -2.813638e+002 2.466725e+002 1.590000e+001
    endloop
  endfacet
  facet normal 2.769679e+000 2.475040e+000 0.000000e+000
    outer loop
      vertex   -2.813638e+002 2.466725e+002 1.636250e+001
      vertex   -2.813638e+002 2.466725e+002 1.590000e+001
      vertex   -2.814871e+002 2.468105e+002 1.590000e+001
    endloop
  endfacet
  facet normal 6.935699e+000 6.172450e+000 -7.586026e-003
    outer loop
      vertex   -2.813638e+002 2.466725e+002 1.636250e+001
      vertex   -2.814871e+002 2.468105e+002 1.590000e+001
      vertex   -2.814913e+002 2.468159e+002 1.636250e+001
    endloop
  endfacet
  facet normal 3.044410e+000 2.160369e+000 3.043681e-003
    outer loop
      vertex   -2.814913e+002 2.468159e+002 1.636250e+001
      vertex   -2.814871e+002 2.468105e+002 1.590000e+001
      vertex   -2.815941e+002 2.469614e+002 1.590000e+001
    endloop
  endfacet
  facet normal 7.643547e+000 5.352616e+000 -1.482179e-002
    outer loop
      vertex   -2.814913e+002 2.468159e+002 1.636250e+001
      vertex   -2.815941e+002 2.469614e+002 1.590000e+001
      vertex   -2.816014e+002 2.469730e+002 1.636250e+001
    endloop
  endfacet
  facet normal 3.281994e+000 1.813881e+000 5.832354e-003
    outer loop
      vertex   -2.816014e+002 2.469730e+002 1.636250e+001
      vertex   -2.815941e+002 2.469614e+002 1.590000e+001
      vertex   -2.816837e+002 2.471233e+002 1.590000e+001
    endloop
  endfacet
  facet normal 8.253801e+000 4.450593e+000 -2.143328e-002
    outer loop
      vertex   -2.816014e+002 2.469730e+002 1.636250e+001
      vertex   -2.816837e+002 2.471233e+002 1.590000e+001
      vertex   -2.816925e+002 2.471419e+002 1.636250e+001
    endloop
  endfacet
  facet normal 3.479027e+000 1.440909e+000 8.449434e-003
    outer loop
      vertex   -2.816925e+002 2.471419e+002 1.636250e+001
      vertex   -2.816837e+002 2.471233e+002 1.590000e+001
      vertex   -2.817545e+002 2.472943e+002 1.590000e+001
    endloop
  endfacet
  facet normal 8.756477e+000 3.477959e+000 -2.772307e-002
    outer loop
      vertex   -2.816925e+002 2.471419e+002 1.636250e+001
      vertex   -2.817545e+002 2.472943e+002 1.590000e+001
      vertex   -2.817633e+002 2.473203e+002 1.636250e+001
    endloop
  endfacet
  facet normal 3.632449e+000 1.046833e+000 1.073041e-002
    outer loop
      vertex   -2.817633e+002 2.473203e+002 1.636250e+001
      vertex   -2.817545e+002 2.472943e+002 1.590000e+001
      vertex   -2.818057e+002 2.474721e+002 1.590000e+001
    endloop
  endfacet
  facet normal 9.142768e+000 2.449770e+000 -3.375100e-002
    outer loop
      vertex   -2.817633e+002 2.473203e+002 1.636250e+001
      vertex   -2.818057e+002 2.474721e+002 1.590000e+001
      vertex   -2.818130e+002 2.475056e+002 1.636250e+001
    endloop
  endfacet
  facet normal 3.739650e+000 6.350054e-001 1.277359e-002
    outer loop
      vertex   -2.818130e+002 2.475056e+002 1.636250e+001
      vertex   -2.818057e+002 2.474721e+002 1.590000e+001
      vertex   -2.818367e+002 2.476545e+002 1.590000e+001
    endloop
  endfacet
  facet normal 9.407073e+000 1.377417e+000 -3.868814e-002
    outer loop
      vertex   -2.818130e+002 2.475056e+002 1.636250e+001
      vertex   -2.818367e+002 2.476545e+002 1.590000e+001
      vertex   -2.818408e+002 2.476954e+002 1.636250e+001
    endloop
  endfacet
  facet normal 3.799046e+000 2.133678e-001 1.472304e-002
    outer loop
      vertex   -2.818408e+002 2.476954e+002 1.636250e+001
      vertex   -2.818367e+002 2.476545e+002 1.590000e+001
      vertex   -2.818470e+002 2.478392e+002 1.590000e+001
    endloop
  endfacet
  facet normal 3.504529e+000 1.531489e-001 1.084202e-018
    outer loop
      vertex   -2.818408e+002 2.476954e+002 1.636250e+001
      vertex   -2.818470e+002 2.478392e+002 1.590000e+001
      vertex   -2.818470e+002 2.478392e+002 1.890000e+001
    endloop
  endfacet
  facet normal 9.968239e+000 5.598515e-001 -7.041183e-003
    outer loop
      vertex   -2.818470e+002 2.478392e+002 1.890000e+001
      vertex   -2.818367e+002 2.476545e+002 1.890000e+001
      vertex   -2.818408e+002 2.476954e+002 1.636250e+001
    endloop
  endfacet
  facet normal 9.893194e+000 1.448597e+000 7.415906e-003
    outer loop
      vertex   -2.818408e+002 2.476954e+002 1.636250e+001
      vertex   -2.818367e+002 2.476545e+002 1.890000e+001
      vertex   -2.818130e+002 2.475056e+002 1.636250e+001
    endloop
  endfacet
  facet normal 9.841515e+000 1.671123e+000 -6.127005e-003
    outer loop
      vertex   -2.818367e+002 2.476545e+002 1.890000e+001
      vertex   -2.818057e+002 2.474721e+002 1.890000e+001
      vertex   -2.818130e+002 2.475056e+002 1.636250e+001
    endloop
  endfacet
  facet normal 9.658384e+000 2.587928e+000 6.498569e-003
    outer loop
      vertex   -2.818130e+002 2.475056e+002 1.636250e+001
      vertex   -2.818057e+002 2.474721e+002 1.890000e+001
      vertex   -2.817633e+002 2.473203e+002 1.636250e+001
    endloop
  endfacet
  facet normal 9.590444e+000 2.763863e+000 -5.163685e-003
    outer loop
      vertex   -2.818057e+002 2.474721e+002 1.890000e+001
      vertex   -2.817545e+002 2.472943e+002 1.890000e+001
      vertex   -2.817633e+002 2.473203e+002 1.636250e+001
    endloop
  endfacet
  facet normal 9.293211e+000 3.691143e+000 5.362681e-003
    outer loop
      vertex   -2.817633e+002 2.473203e+002 1.636250e+001
      vertex   -2.817545e+002 2.472943e+002 1.890000e+001
      vertex   -2.816925e+002 2.471419e+002 1.636250e+001
    endloop
  endfacet
  facet normal 9.219588e+000 3.818478e+000 -4.081179e-003
    outer loop
      vertex   -2.817545e+002 2.472943e+002 1.890000e+001
      vertex   -2.816837e+002 2.471233e+002 1.890000e+001
      vertex   -2.816925e+002 2.471419e+002 1.636250e+001
    endloop
  endfacet
  facet normal 8.801643e+000 4.745999e+000 4.165842e-003
    outer loop
      vertex   -2.816925e+002 2.471419e+002 1.636250e+001
      vertex   -2.816837e+002 2.471233e+002 1.890000e+001
      vertex   -2.816014e+002 2.469730e+002 1.636250e+001
    endloop
  endfacet
  facet normal 8.732367e+000 4.826174e+000 -2.828409e-003
    outer loop
      vertex   -2.816837e+002 2.471233e+002 1.890000e+001
      vertex   -2.815941e+002 2.469614e+002 1.890000e+001
      vertex   -2.816014e+002 2.469730e+002 1.636250e+001
    endloop
  endfacet
  facet normal 8.191126e+000 5.736074e+000 2.895034e-003
    outer loop
      vertex   -2.816014e+002 2.469730e+002 1.636250e+001
      vertex   -2.815941e+002 2.469614e+002 1.890000e+001
      vertex   -2.814913e+002 2.468159e+002 1.636250e+001
    endloop
  endfacet
  facet normal 8.135264e+000 5.772933e+000 -1.482423e-003
    outer loop
      vertex   -2.815941e+002 2.469614e+002 1.890000e+001
      vertex   -2.814871e+002 2.468105e+002 1.890000e+001
      vertex   -2.814913e+002 2.468159e+002 1.636250e+001
    endloop
  endfacet
  facet normal 7.470116e+000 6.648055e+000 1.489209e-003
    outer loop
      vertex   -2.814913e+002 2.468159e+002 1.636250e+001
      vertex   -2.814871e+002 2.468105e+002 1.890000e+001
      vertex   -2.813638e+002 2.466725e+002 1.636250e+001
    endloop
  endfacet
  facet normal 7.436805e+000 6.645678e+000 0.000000e+000
    outer loop
      vertex   -2.814871e+002 2.468105e+002 1.890000e+001
      vertex   -2.813638e+002 2.466725e+002 1.890000e+001
      vertex   -2.813638e+002 2.466725e+002 1.636250e+001
    endloop
  endfacet
  facet normal 4.845892e-001 5.422766e-001 0.000000e+000
    outer loop
      vertex   -2.813638e+002 2.466725e+002 1.636250e+001
      vertex   -2.813638e+002 2.466725e+002 1.890000e+001
      vertex   -2.812258e+002 2.465492e+002 1.890000e+001
    endloop
  endfacet
  facet normal 6.630229e+000 7.450582e+000 1.509300e-003
    outer loop
      vertex   -2.813638e+002 2.466725e+002 1.636250e+001
      vertex   -2.812258e+002 2.465492e+002 1.890000e+001
      vertex   -2.812204e+002 2.465450e+002 1.636250e+001
    endloop
  endfacet
  facet normal 4.209091e-001 5.931418e-001 -1.064912e-004
    outer loop
      vertex   -2.812204e+002 2.465450e+002 1.636250e+001
      vertex   -2.812258e+002 2.465492e+002 1.890000e+001
      vertex   -2.810749e+002 2.464422e+002 1.890000e+001
    endloop
  endfacet
  facet normal 5.721540e+000 8.171504e+000 2.958178e-003
    outer loop
      vertex   -2.812204e+002 2.465450e+002 1.636250e+001
      vertex   -2.810749e+002 2.464422e+002 1.890000e+001
      vertex   -2.810633e+002 2.464349e+002 1.636250e+001
    endloop
  endfacet
  facet normal 3.519495e-001 6.368163e-001 -2.012438e-004
    outer loop
      vertex   -2.810633e+002 2.464349e+002 1.636250e+001
      vertex   -2.810749e+002 2.464422e+002 1.890000e+001
      vertex   -2.809130e+002 2.463526e+002 1.890000e+001
    endloop
  endfacet
  facet normal 4.735579e+000 8.781823e+000 4.206631e-003
    outer loop
      vertex   -2.810633e+002 2.464349e+002 1.636250e+001
      vertex   -2.809130e+002 2.463526e+002 1.890000e+001
      vertex   -2.808944e+002 2.463438e+002 1.636250e+001
    endloop
  endfacet
  facet normal 2.784991e-001 6.722831e-001 -2.931533e-004
    outer loop
      vertex   -2.808944e+002 2.463438e+002 1.636250e+001
      vertex   -2.809130e+002 2.463526e+002 1.890000e+001
      vertex   -2.807420e+002 2.462818e+002 1.890000e+001
    endloop
  endfacet
  facet normal 3.684652e+000 9.273875e+000 5.391854e-003
    outer loop
      vertex   -2.808944e+002 2.463438e+002 1.636250e+001
      vertex   -2.807420e+002 2.462818e+002 1.890000e+001
      vertex   -2.807161e+002 2.462730e+002 1.636250e+001
    endloop
  endfacet
  facet normal 2.014592e-001 6.992745e-001 -3.741756e-004
    outer loop
      vertex   -2.807161e+002 2.462730e+002 1.636250e+001
      vertex   -2.807420e+002 2.462818e+002 1.890000e+001
      vertex   -2.805642e+002 2.462306e+002 1.890000e+001
    endloop
  endfacet
  facet normal 2.583150e+000 9.640684e+000 6.469373e-003
    outer loop
      vertex   -2.807161e+002 2.462730e+002 1.636250e+001
      vertex   -2.805642e+002 2.462306e+002 1.890000e+001
      vertex   -2.805307e+002 2.462233e+002 1.636250e+001
    endloop
  endfacet
  facet normal 1.218817e-001 7.175230e-001 -4.479076e-004
    outer loop
      vertex   -2.805307e+002 2.462233e+002 1.636250e+001
      vertex   -2.805642e+002 2.462306e+002 1.890000e+001
      vertex   -2.803818e+002 2.461996e+002 1.890000e+001
    endloop
  endfacet
  facet normal 1.446307e+000 9.877064e+000 7.415857e-003
    outer loop
      vertex   -2.805307e+002 2.462233e+002 1.636250e+001
      vertex   -2.803818e+002 2.461996e+002 1.890000e+001
      vertex   -2.803409e+002 2.461955e+002 1.636250e+001
    endloop
  endfacet
  facet normal 4.081954e-002 7.267979e-001 -5.130756e-004
    outer loop
      vertex   -2.803409e+002 2.461955e+002 1.636250e+001
      vertex   -2.803818e+002 2.461996e+002 1.890000e+001
      vertex   -2.801971e+002 2.461892e+002 1.890000e+001
    endloop
  endfacet
  facet normal -9.984265e+000 5.607516e-001 0.000000e+000
    outer loop
      vertex   -2.161470e+002 2.478392e+002 1.590000e+001
      vertex   -2.161574e+002 2.476545e+002 1.590000e+001
      vertex   -2.161470e+002 2.478392e+002 1.890000e+001
    endloop
  endfacet
  facet normal -9.965328e+000 5.596881e-001 0.000000e+000
    outer loop
      vertex   -2.161470e+002 2.478392e+002 1.890000e+001
      vertex   -2.161574e+002 2.476545e+002 1.590000e+001
      vertex   -2.161574e+002 2.476545e+002 1.890000e+001
    endloop
  endfacet
  facet normal -6.069095e-001 1.031188e-001 0.000000e+000
    outer loop
      vertex   -2.161574e+002 2.476545e+002 1.890000e+001
      vertex   -2.161574e+002 2.476545e+002 1.590000e+001
      vertex   -2.161884e+002 2.474721e+002 1.590000e+001
    endloop
  endfacet
  facet normal -9.840010e+000 1.671896e+000 0.000000e+000
    outer loop
      vertex   -2.161574e+002 2.476545e+002 1.890000e+001
      vertex   -2.161884e+002 2.474721e+002 1.590000e+001
      vertex   -2.161884e+002 2.474721e+002 1.890000e+001
    endloop
  endfacet
  facet normal -5.915527e-001 1.704474e-001 0.000000e+000
    outer loop
      vertex   -2.161884e+002 2.474721e+002 1.890000e+001
      vertex   -2.161884e+002 2.474721e+002 1.590000e+001
      vertex   -2.162396e+002 2.472943e+002 1.590000e+001
    endloop
  endfacet
  facet normal -9.590844e+000 2.763463e+000 0.000000e+000
    outer loop
      vertex   -2.161884e+002 2.474721e+002 1.890000e+001
      vertex   -2.162396e+002 2.472943e+002 1.590000e+001
      vertex   -2.162396e+002 2.472943e+002 1.890000e+001
    endloop
  endfacet
  facet normal -5.687397e-001 2.356185e-001 0.000000e+000
    outer loop
      vertex   -2.162396e+002 2.472943e+002 1.890000e+001
      vertex   -2.162396e+002 2.472943e+002 1.590000e+001
      vertex   -2.163105e+002 2.471233e+002 1.590000e+001
    endloop
  endfacet
  facet normal -9.221049e+000 3.820112e+000 0.000000e+000
    outer loop
      vertex   -2.162396e+002 2.472943e+002 1.890000e+001
      vertex   -2.163105e+002 2.471233e+002 1.590000e+001
      vertex   -2.163105e+002 2.471233e+002 1.890000e+001
    endloop
  endfacet
  facet normal -5.387878e-001 2.977436e-001 0.000000e+000
    outer loop
      vertex   -2.163105e+002 2.471233e+002 1.890000e+001
      vertex   -2.163105e+002 2.471233e+002 1.590000e+001
      vertex   -2.163999e+002 2.469614e+002 1.590000e+001
    endloop
  endfacet
  facet normal -8.735868e+000 4.827594e+000 3.469447e-017
    outer loop
      vertex   -2.163105e+002 2.471233e+002 1.890000e+001
      vertex   -2.163999e+002 2.469614e+002 1.590000e+001
      vertex   -2.163999e+002 2.469614e+002 1.890000e+001
    endloop
  endfacet
  facet normal -5.020773e-001 3.562516e-001 0.000000e+000
    outer loop
      vertex   -2.163999e+002 2.469614e+002 1.890000e+001
      vertex   -2.163999e+002 2.469614e+002 1.590000e+001
      vertex   -2.165070e+002 2.468105e+002 1.590000e+001
    endloop
  endfacet
  facet normal -8.140073e+000 5.775830e+000 3.469447e-017
    outer loop
      vertex   -2.163999e+002 2.469614e+002 1.890000e+001
      vertex   -2.165070e+002 2.468105e+002 1.590000e+001
      vertex   -2.165070e+002 2.468105e+002 1.890000e+001
    endloop
  endfacet
  facet normal -7.456550e+000 6.663322e+000 0.000000e+000
    outer loop
      vertex   -2.165070e+002 2.468105e+002 1.890000e+001
      vertex   -2.165070e+002 2.468105e+002 1.590000e+001
      vertex   -2.166303e+002 2.466725e+002 1.890000e+001
    endloop
  endfacet
  facet normal -4.590214e-001 4.101907e-001 0.000000e+000
    outer loop
      vertex   -2.166303e+002 2.466725e+002 1.890000e+001
      vertex   -2.165070e+002 2.468105e+002 1.590000e+001
      vertex   -2.166303e+002 2.466725e+002 1.590000e+001
    endloop
  endfacet
  facet normal -6.663066e+000 7.456779e+000 0.000000e+000
    outer loop
      vertex   -2.166303e+002 2.466725e+002 1.890000e+001
      vertex   -2.166303e+002 2.466725e+002 1.590000e+001
      vertex   -2.167683e+002 2.465492e+002 1.890000e+001
    endloop
  endfacet
  facet normal -4.101906e-001 4.590531e-001 0.000000e+000
    outer loop
      vertex   -2.167683e+002 2.465492e+002 1.890000e+001
      vertex   -2.166303e+002 2.466725e+002 1.590000e+001
      vertex   -2.167683e+002 2.465492e+002 1.590000e+001
    endloop
  endfacet
  facet normal -3.562199e-001 5.020774e-001 0.000000e+000
    outer loop
      vertex   -2.167683e+002 2.465492e+002 1.890000e+001
      vertex   -2.167683e+002 2.465492e+002 1.590000e+001
      vertex   -2.169192e+002 2.464422e+002 1.590000e+001
    endloop
  endfacet
  facet normal -5.775489e+000 8.140317e+000 -3.469447e-017
    outer loop
      vertex   -2.167683e+002 2.465492e+002 1.890000e+001
      vertex   -2.169192e+002 2.464422e+002 1.590000e+001
      vertex   -2.169192e+002 2.464422e+002 1.890000e+001
    endloop
  endfacet
  facet normal -2.978071e-001 5.387560e-001 0.000000e+000
    outer loop
      vertex   -2.169192e+002 2.464422e+002 1.890000e+001
      vertex   -2.169192e+002 2.464422e+002 1.590000e+001
      vertex   -2.170811e+002 2.463526e+002 1.590000e+001
    endloop
  endfacet
  facet normal -4.828600e+000 8.735312e+000 3.469447e-017
    outer loop
      vertex   -2.169192e+002 2.464422e+002 1.890000e+001
      vertex   -2.170811e+002 2.463526e+002 1.590000e+001
      vertex   -2.170811e+002 2.463526e+002 1.890000e+001
    endloop
  endfacet
  facet normal -2.356185e-001 5.687081e-001 0.000000e+000
    outer loop
      vertex   -2.170811e+002 2.463526e+002 1.890000e+001
      vertex   -2.170811e+002 2.463526e+002 1.590000e+001
      vertex   -2.172521e+002 2.462818e+002 1.590000e+001
    endloop
  endfacet
  facet normal -3.820295e+000 9.220976e+000 3.469447e-017
    outer loop
      vertex   -2.170811e+002 2.463526e+002 1.890000e+001
      vertex   -2.172521e+002 2.462818e+002 1.590000e+001
      vertex   -2.172521e+002 2.462818e+002 1.890000e+001
    endloop
  endfacet
  facet normal -1.704156e-001 5.916160e-001 0.000000e+000
    outer loop
      vertex   -2.172521e+002 2.462818e+002 1.890000e+001
      vertex   -2.172521e+002 2.462818e+002 1.590000e+001
      vertex   -2.174299e+002 2.462306e+002 1.590000e+001
    endloop
  endfacet
  facet normal -2.762714e+000 9.591056e+000 0.000000e+000
    outer loop
      vertex   -2.172521e+002 2.462818e+002 1.890000e+001
      vertex   -2.174299e+002 2.462306e+002 1.590000e+001
      vertex   -2.174299e+002 2.462306e+002 1.890000e+001
    endloop
  endfacet
  facet normal -1.030871e-001 6.068463e-001 0.000000e+000
    outer loop
      vertex   -2.174299e+002 2.462306e+002 1.890000e+001
      vertex   -2.174299e+002 2.462306e+002 1.590000e+001
      vertex   -2.176123e+002 2.461996e+002 1.590000e+001
    endloop
  endfacet
  facet normal -1.671567e+000 9.840070e+000 0.000000e+000
    outer loop
      vertex   -2.174299e+002 2.462306e+002 1.890000e+001
      vertex   -2.176123e+002 2.461996e+002 1.590000e+001
      vertex   -2.176123e+002 2.461996e+002 1.890000e+001
    endloop
  endfacet
  facet normal -3.452099e-002 6.146513e-001 0.000000e+000
    outer loop
      vertex   -2.176123e+002 2.461996e+002 1.890000e+001
      vertex   -2.176123e+002 2.461996e+002 1.590000e+001
      vertex   -2.177970e+002 2.461892e+002 1.590000e+001
    endloop
  endfacet
  facet normal -5.596881e-001 9.965328e+000 0.000000e+000
    outer loop
      vertex   -2.176123e+002 2.461996e+002 1.890000e+001
      vertex   -2.177970e+002 2.461892e+002 1.590000e+001
      vertex   -2.177970e+002 2.461892e+002 1.890000e+001
    endloop
  endfacet
  facet normal -1.000000e+001 0.000000e+000 0.000000e+000
    outer loop
      vertex   -2.161470e+002 2.478392e+002 1.590000e+001
      vertex   -2.161470e+002 2.478392e+002 1.890000e+001
      vertex   -2.161470e+002 2.851393e+002 1.590000e+001
    endloop
  endfacet
  facet normal -9.967813e+000 0.000000e+000 0.000000e+000
    outer loop
      vertex   -2.161470e+002 2.851393e+002 1.590000e+001
      vertex   -2.161470e+002 2.478392e+002 1.890000e+001
      vertex   -2.161470e+002 2.851393e+002 1.890000e+001
    endloop
  endfacet
  facet normal -5.607516e-001 -9.984265e+000 0.000000e+000
    outer loop
      vertex   -2.177970e+002 2.867892e+002 1.590000e+001
      vertex   -2.176123e+002 2.867789e+002 1.590000e+001
      vertex   -2.177970e+002 2.867892e+002 1.890000e+001
    endloop
  endfacet
  facet normal -5.596881e-001 -9.965328e+000 0.000000e+000
    outer loop
      vertex   -2.177970e+002 2.867892e+002 1.890000e+001
      vertex   -2.176123e+002 2.867789e+002 1.590000e+001
      vertex   -2.176123e+002 2.867789e+002 1.890000e+001
    endloop
  endfacet
  facet normal -1.031188e-001 -6.068463e-001 -0.000000e+000
    outer loop
      vertex   -2.176123e+002 2.867789e+002 1.890000e+001
      vertex   -2.176123e+002 2.867789e+002 1.590000e+001
      vertex   -2.174299e+002 2.867479e+002 1.590000e+001
    endloop
  endfacet
  facet normal -1.672067e+000 -9.839985e+000 0.000000e+000
    outer loop
      vertex   -2.176123e+002 2.867789e+002 1.890000e+001
      vertex   -2.174299e+002 2.867479e+002 1.590000e+001
      vertex   -2.174299e+002 2.867479e+002 1.890000e+001
    endloop
  endfacet
  facet normal -1.703839e-001 -5.916160e-001 -0.000000e+000
    outer loop
      vertex   -2.174299e+002 2.867479e+002 1.890000e+001
      vertex   -2.174299e+002 2.867479e+002 1.590000e+001
      vertex   -2.172521e+002 2.866967e+002 1.590000e+001
    endloop
  endfacet
  facet normal -2.762239e+000 -9.591194e+000 0.000000e+000
    outer loop
      vertex   -2.174299e+002 2.867479e+002 1.890000e+001
      vertex   -2.172521e+002 2.866967e+002 1.590000e+001
      vertex   -2.172521e+002 2.866967e+002 1.890000e+001
    endloop
  endfacet
  facet normal -2.356185e-001 -5.687081e-001 -0.000000e+000
    outer loop
      vertex   -2.172521e+002 2.866967e+002 1.890000e+001
      vertex   -2.172521e+002 2.866967e+002 1.590000e+001
      vertex   -2.170811e+002 2.866259e+002 1.590000e+001
    endloop
  endfacet
  facet normal -3.820295e+000 -9.220976e+000 -3.469447e-017
    outer loop
      vertex   -2.172521e+002 2.866967e+002 1.890000e+001
      vertex   -2.170811e+002 2.866259e+002 1.590000e+001
      vertex   -2.170811e+002 2.866259e+002 1.890000e+001
    endloop
  endfacet
  facet normal -2.977437e-001 -5.387561e-001 -0.000000e+000
    outer loop
      vertex   -2.170811e+002 2.866259e+002 1.890000e+001
      vertex   -2.170811e+002 2.866259e+002 1.590000e+001
      vertex   -2.169192e+002 2.865363e+002 1.590000e+001
    endloop
  endfacet
  facet normal -4.827813e+000 -8.735749e+000 -3.469447e-017
    outer loop
      vertex   -2.170811e+002 2.866259e+002 1.890000e+001
      vertex   -2.169192e+002 2.865363e+002 1.590000e+001
      vertex   -2.169192e+002 2.865363e+002 1.890000e+001
    endloop
  endfacet
  facet normal -3.563149e-001 -5.020772e-001 -0.000000e+000
    outer loop
      vertex   -2.169192e+002 2.865363e+002 1.890000e+001
      vertex   -2.169192e+002 2.865363e+002 1.590000e+001
      vertex   -2.167683e+002 2.864293e+002 1.590000e+001
    endloop
  endfacet
  facet normal -5.776513e+000 -8.139585e+000 -3.469447e-017
    outer loop
      vertex   -2.169192e+002 2.865363e+002 1.890000e+001
      vertex   -2.167683e+002 2.864293e+002 1.590000e+001
      vertex   -2.167683e+002 2.864293e+002 1.890000e+001
    endloop
  endfacet
  facet normal -6.663066e+000 -7.456779e+000 -0.000000e+000
    outer loop
      vertex   -2.167683e+002 2.864293e+002 1.890000e+001
      vertex   -2.167683e+002 2.864293e+002 1.590000e+001
      vertex   -2.166303e+002 2.863060e+002 1.890000e+001
    endloop
  endfacet
  facet normal -4.101906e-001 -4.590531e-001 -0.000000e+000
    outer loop
      vertex   -2.166303e+002 2.863060e+002 1.890000e+001
      vertex   -2.167683e+002 2.864293e+002 1.590000e+001
      vertex   -2.166303e+002 2.863060e+002 1.590000e+001
    endloop
  endfacet
  facet normal -7.456321e+000 -6.663578e+000 -0.000000e+000
    outer loop
      vertex   -2.166303e+002 2.863060e+002 1.890000e+001
      vertex   -2.166303e+002 2.863060e+002 1.590000e+001
      vertex   -2.165070e+002 2.861680e+002 1.890000e+001
    endloop
  endfacet
  facet normal -4.589897e-001 -4.101908e-001 -0.000000e+000
    outer loop
      vertex   -2.165070e+002 2.861680e+002 1.890000e+001
      vertex   -2.166303e+002 2.863060e+002 1.590000e+001
      vertex   -2.165070e+002 2.861680e+002 1.590000e+001
    endloop
  endfacet
  facet normal -5.020773e-001 -3.562516e-001 -0.000000e+000
    outer loop
      vertex   -2.165070e+002 2.861680e+002 1.890000e+001
      vertex   -2.165070e+002 2.861680e+002 1.590000e+001
      vertex   -2.163999e+002 2.860171e+002 1.590000e+001
    endloop
  endfacet
  facet normal -8.140073e+000 -5.775830e+000 -3.469447e-017
    outer loop
      vertex   -2.165070e+002 2.861680e+002 1.890000e+001
      vertex   -2.163999e+002 2.860171e+002 1.590000e+001
      vertex   -2.163999e+002 2.860171e+002 1.890000e+001
    endloop
  endfacet
  facet normal -5.388194e-001 -2.977436e-001 -0.000000e+000
    outer loop
      vertex   -2.163999e+002 2.860171e+002 1.890000e+001
      vertex   -2.163999e+002 2.860171e+002 1.590000e+001
      vertex   -2.163105e+002 2.858551e+002 1.590000e+001
    endloop
  endfacet
  facet normal -8.735987e+000 -4.827376e+000 -3.469447e-017
    outer loop
      vertex   -2.163999e+002 2.860171e+002 1.890000e+001
      vertex   -2.163105e+002 2.858551e+002 1.590000e+001
      vertex   -2.163105e+002 2.858551e+002 1.890000e+001
    endloop
  endfacet
  facet normal -5.687081e-001 -2.356185e-001 -0.000000e+000
    outer loop
      vertex   -2.163105e+002 2.858551e+002 1.890000e+001
      vertex   -2.163105e+002 2.858551e+002 1.590000e+001
      vertex   -2.162396e+002 2.856842e+002 1.590000e+001
    endloop
  endfacet
  facet normal -9.220976e+000 -3.820295e+000 3.469447e-017
    outer loop
      vertex   -2.163105e+002 2.858551e+002 1.890000e+001
      vertex   -2.162396e+002 2.856842e+002 1.590000e+001
      vertex   -2.162396e+002 2.856842e+002 1.890000e+001
    endloop
  endfacet
  facet normal -5.915527e-001 -1.704474e-001 -0.000000e+000
    outer loop
      vertex   -2.162396e+002 2.856842e+002 1.890000e+001
      vertex   -2.162396e+002 2.856842e+002 1.590000e+001
      vertex   -2.161884e+002 2.855064e+002 1.590000e+001
    endloop
  endfacet
  facet normal -9.590844e+000 -2.763463e+000 0.000000e+000
    outer loop
      vertex   -2.162396e+002 2.856842e+002 1.890000e+001
      vertex   -2.161884e+002 2.855064e+002 1.590000e+001
      vertex   -2.161884e+002 2.855064e+002 1.890000e+001
    endloop
  endfacet
  facet normal -6.069095e-001 -1.031188e-001 -0.000000e+000
    outer loop
      vertex   -2.161884e+002 2.855064e+002 1.890000e+001
      vertex   -2.161884e+002 2.855064e+002 1.590000e+001
      vertex   -2.161574e+002 2.853240e+002 1.590000e+001
    endloop
  endfacet
  facet normal -9.840010e+000 -1.671896e+000 0.000000e+000
    outer loop
      vertex   -2.161884e+002 2.855064e+002 1.890000e+001
      vertex   -2.161574e+002 2.853240e+002 1.590000e+001
      vertex   -2.161574e+002 2.853240e+002 1.890000e+001
    endloop
  endfacet
  facet normal -6.145881e-001 -3.452101e-002 -0.000000e+000
    outer loop
      vertex   -2.161574e+002 2.853240e+002 1.890000e+001
      vertex   -2.161574e+002 2.853240e+002 1.590000e+001
      vertex   -2.161470e+002 2.851393e+002 1.590000e+001
    endloop
  endfacet
  facet normal -9.965328e+000 -5.597459e-001 4.336809e-018
    outer loop
      vertex   -2.161574e+002 2.853240e+002 1.890000e+001
      vertex   -2.161470e+002 2.851393e+002 1.590000e+001
      vertex   -2.161470e+002 2.851393e+002 1.890000e+001
    endloop
  endfacet
  facet normal 9.984262e+000 -5.608094e-001 0.000000e+000
    outer loop
      vertex   -2.818470e+002 2.851393e+002 1.590000e+001
      vertex   -2.818367e+002 2.853240e+002 1.590000e+001
      vertex   -2.818470e+002 2.851393e+002 1.890000e+001
    endloop
  endfacet
  facet normal 9.965328e+000 -5.597459e-001 -4.336809e-018
    outer loop
      vertex   -2.818470e+002 2.851393e+002 1.890000e+001
      vertex   -2.818367e+002 2.853240e+002 1.590000e+001
      vertex   -2.818367e+002 2.853240e+002 1.890000e+001
    endloop
  endfacet
  facet normal 6.069096e-001 -1.030553e-001 0.000000e+000
    outer loop
      vertex   -2.818367e+002 2.853240e+002 1.890000e+001
      vertex   -2.818367e+002 2.853240e+002 1.590000e+001
      vertex   -2.818057e+002 2.855064e+002 1.590000e+001
    endloop
  endfacet
  facet normal 9.840180e+000 -1.670896e+000 0.000000e+000
    outer loop
      vertex   -2.818367e+002 2.853240e+002 1.890000e+001
      vertex   -2.818057e+002 2.855064e+002 1.590000e+001
      vertex   -2.818057e+002 2.855064e+002 1.890000e+001
    endloop
  endfacet
  facet normal 5.915527e-001 -1.704791e-001 0.000000e+000
    outer loop
      vertex   -2.818057e+002 2.855064e+002 1.890000e+001
      vertex   -2.818057e+002 2.855064e+002 1.590000e+001
      vertex   -2.817545e+002 2.856842e+002 1.590000e+001
    endloop
  endfacet
  facet normal 9.590706e+000 -2.763938e+000 0.000000e+000
    outer loop
      vertex   -2.818057e+002 2.855064e+002 1.890000e+001
      vertex   -2.817545e+002 2.856842e+002 1.590000e+001
      vertex   -2.817545e+002 2.856842e+002 1.890000e+001
    endloop
  endfacet
  facet normal 5.687082e-001 -2.355551e-001 0.000000e+000
    outer loop
      vertex   -2.817545e+002 2.856842e+002 1.890000e+001
      vertex   -2.817545e+002 2.856842e+002 1.590000e+001
      vertex   -2.816837e+002 2.858551e+002 1.590000e+001
    endloop
  endfacet
  facet normal 9.221341e+000 -3.819417e+000 0.000000e+000
    outer loop
      vertex   -2.817545e+002 2.856842e+002 1.890000e+001
      vertex   -2.816837e+002 2.858551e+002 1.590000e+001
      vertex   -2.816837e+002 2.858551e+002 1.890000e+001
    endloop
  endfacet
  facet normal 5.388194e-001 -2.977753e-001 0.000000e+000
    outer loop
      vertex   -2.816837e+002 2.858551e+002 1.890000e+001
      vertex   -2.816837e+002 2.858551e+002 1.590000e+001
      vertex   -2.815941e+002 2.860171e+002 1.590000e+001
    endloop
  endfacet
  facet normal 8.735768e+000 -4.827770e+000 0.000000e+000
    outer loop
      vertex   -2.816837e+002 2.858551e+002 1.890000e+001
      vertex   -2.815941e+002 2.860171e+002 1.590000e+001
      vertex   -2.815941e+002 2.860171e+002 1.890000e+001
    endloop
  endfacet
  facet normal 5.020773e-001 -3.562832e-001 0.000000e+000
    outer loop
      vertex   -2.815941e+002 2.860171e+002 1.890000e+001
      vertex   -2.815941e+002 2.860171e+002 1.590000e+001
      vertex   -2.814871e+002 2.861680e+002 1.590000e+001
    endloop
  endfacet
  facet normal 8.139829e+000 -5.776172e+000 -3.469447e-017
    outer loop
      vertex   -2.815941e+002 2.860171e+002 1.890000e+001
      vertex   -2.814871e+002 2.861680e+002 1.590000e+001
      vertex   -2.814871e+002 2.861680e+002 1.890000e+001
    endloop
  endfacet
  facet normal 7.456321e+000 -6.663578e+000 0.000000e+000
    outer loop
      vertex   -2.814871e+002 2.861680e+002 1.890000e+001
      vertex   -2.814871e+002 2.861680e+002 1.590000e+001
      vertex   -2.813638e+002 2.863060e+002 1.890000e+001
    endloop
  endfacet
  facet normal 4.589897e-001 -4.101908e-001 0.000000e+000
    outer loop
      vertex   -2.813638e+002 2.863060e+002 1.890000e+001
      vertex   -2.814871e+002 2.861680e+002 1.590000e+001
      vertex   -2.813638e+002 2.863060e+002 1.590000e+001
    endloop
  endfacet
  facet normal 6.663322e+000 -7.456550e+000 0.000000e+000
    outer loop
      vertex   -2.813638e+002 2.863060e+002 1.890000e+001
      vertex   -2.813638e+002 2.863060e+002 1.590000e+001
      vertex   -2.812258e+002 2.864293e+002 1.890000e+001
    endloop
  endfacet
  facet normal 4.101907e-001 -4.590214e-001 0.000000e+000
    outer loop
      vertex   -2.812258e+002 2.864293e+002 1.890000e+001
      vertex   -2.813638e+002 2.863060e+002 1.590000e+001
      vertex   -2.812258e+002 2.864293e+002 1.590000e+001
    endloop
  endfacet
  facet normal 3.563151e-001 -5.019823e-001 0.000000e+000
    outer loop
      vertex   -2.812258e+002 2.864293e+002 1.890000e+001
      vertex   -2.812258e+002 2.864293e+002 1.590000e+001
      vertex   -2.810749e+002 2.865363e+002 1.590000e+001
    endloop
  endfacet
  facet normal 5.777245e+000 -8.139072e+000 -3.469447e-017
    outer loop
      vertex   -2.812258e+002 2.864293e+002 1.890000e+001
      vertex   -2.810749e+002 2.865363e+002 1.590000e+001
      vertex   -2.810749e+002 2.865363e+002 1.890000e+001
    endloop
  endfacet
  facet normal 2.977435e-001 -5.388511e-001 0.000000e+000
    outer loop
      vertex   -2.810749e+002 2.865363e+002 1.890000e+001
      vertex   -2.810749e+002 2.865363e+002 1.590000e+001
      vertex   -2.809130e+002 2.866259e+002 1.590000e+001
    endloop
  endfacet
  facet normal 4.827157e+000 -8.736106e+000 3.469447e-017
    outer loop
      vertex   -2.810749e+002 2.865363e+002 1.890000e+001
      vertex   -2.809130e+002 2.866259e+002 1.590000e+001
      vertex   -2.809130e+002 2.866259e+002 1.890000e+001
    endloop
  endfacet
  facet normal 2.356184e-001 -5.687713e-001 0.000000e+000
    outer loop
      vertex   -2.809130e+002 2.866259e+002 1.890000e+001
      vertex   -2.809130e+002 2.866259e+002 1.590000e+001
      vertex   -2.807420e+002 2.866967e+002 1.590000e+001
    endloop
  endfacet
  facet normal 3.819930e+000 -9.221124e+000 3.469447e-017
    outer loop
      vertex   -2.809130e+002 2.866259e+002 1.890000e+001
      vertex   -2.807420e+002 2.866967e+002 1.590000e+001
      vertex   -2.807420e+002 2.866967e+002 1.890000e+001
    endloop
  endfacet
  facet normal 1.703840e-001 -5.915212e-001 0.000000e+000
    outer loop
      vertex   -2.807420e+002 2.866967e+002 1.890000e+001
      vertex   -2.807420e+002 2.866967e+002 1.590000e+001
      vertex   -2.805642e+002 2.867479e+002 1.590000e+001
    endloop
  endfacet
  facet normal 2.762651e+000 -9.591081e+000 0.000000e+000
    outer loop
      vertex   -2.807420e+002 2.866967e+002 1.890000e+001
      vertex   -2.805642e+002 2.867479e+002 1.590000e+001
      vertex   -2.805642e+002 2.867479e+002 1.890000e+001
    endloop
  endfacet
  facet normal 1.031188e-001 -6.068779e-001 0.000000e+000
    outer loop
      vertex   -2.805642e+002 2.867479e+002 1.890000e+001
      vertex   -2.805642e+002 2.867479e+002 1.590000e+001
      vertex   -2.803818e+002 2.867789e+002 1.590000e+001
    endloop
  endfacet
  facet normal 1.671982e+000 -9.839997e+000 0.000000e+000
    outer loop
      vertex   -2.805642e+002 2.867479e+002 1.890000e+001
      vertex   -2.803818e+002 2.867789e+002 1.590000e+001
      vertex   -2.803818e+002 2.867789e+002 1.890000e+001
    endloop
  endfacet
  facet normal 3.452099e-002 -6.146513e-001 0.000000e+000
    outer loop
      vertex   -2.803818e+002 2.867789e+002 1.890000e+001
      vertex   -2.803818e+002 2.867789e+002 1.590000e+001
      vertex   -2.801971e+002 2.867892e+002 1.590000e+001
    endloop
  endfacet
  facet normal 5.596881e-001 -9.965328e+000 0.000000e+000
    outer loop
      vertex   -2.803818e+002 2.867789e+002 1.890000e+001
      vertex   -2.801971e+002 2.867892e+002 1.590000e+001
      vertex   -2.801971e+002 2.867892e+002 1.890000e+001
    endloop
  endfacet
  facet normal -1.000000e+001 0.000000e+000 0.000000e+000
    outer loop
      vertex   -2.172470e+002 2.472892e+002 1.590000e+001
      vertex   -2.172470e+002 2.856892e+002 1.590000e+001
      vertex   -2.172470e+002 2.472892e+002 1.600000e+000
    endloop
  endfacet
  facet normal -3.489830e+000 0.000000e+000 0.000000e+000
    outer loop
      vertex   -2.172470e+002 2.472892e+002 1.600000e+000
      vertex   -2.172470e+002 2.856892e+002 1.590000e+001
      vertex   -2.172470e+002 2.856892e+002 1.600000e+000
    endloop
  endfacet
  facet normal 1.000000e+001 0.000000e+000 0.000000e+000
    outer loop
      vertex   -2.807470e+002 2.856892e+002 1.590000e+001
      vertex   -2.807470e+002 2.472892e+002 1.590000e+001
      vertex   -2.807470e+002 2.856892e+002 1.600000e+000
    endloop
  endfacet
  facet normal 3.489830e+000 0.000000e+000 0.000000e+000
    outer loop
      vertex   -2.807470e+002 2.856892e+002 1.600000e+000
      vertex   -2.807470e+002 2.472892e+002 1.590000e+001
      vertex   -2.807470e+002 2.472892e+002 1.600000e+000
    endloop
  endfacet
  facet normal 0.000000e+000 0.000000e+000 1.000000e+001
    outer loop
      vertex   -2.172470e+002 2.856892e+002 1.600000e+000
      vertex   -2.489971e+002 2.856892e+002 1.600000e+000
      vertex   -2.172470e+002 2.472892e+002 1.600000e+000
    endloop
  endfacet
  facet normal 0.000000e+000 0.000000e+000 7.706830e+000
    outer loop
      vertex   -2.172470e+002 2.472892e+002 1.600000e+000
      vertex   -2.489971e+002 2.856892e+002 1.600000e+000
      vertex   -2.489971e+002 2.472892e+002 1.600000e+000
    endloop
  endfacet
  facet normal 0.000000e+000 0.000000e+000 6.372184e+000
    outer loop
      vertex   -2.489971e+002 2.472892e+002 1.600000e+000
      vertex   -2.489971e+002 2.856892e+002 1.600000e+000
      vertex   -2.807470e+002 2.856892e+002 1.600000e+000
    endloop
  endfacet
  facet normal 0.000000e+000 0.000000e+000 7.706833e+000
    outer loop
      vertex   -2.489971e+002 2.472892e+002 1.600000e+000
      vertex   -2.807470e+002 2.856892e+002 1.600000e+000
      vertex   -2.807470e+002 2.472892e+002 1.600000e+000
    endloop
  endfacet
  facet normal 0.000000e+000 -3.833392e+000 0.000000e+000
    outer loop
      vertex   -2.179997e+002 2.452600e+002 4.973373e-001
      vertex   -2.192028e+002 2.452600e+002 0.000000e+000
      vertex   -2.184970e+002 2.452600e+002 0.000000e+000
    endloop
  endfacet
  facet normal 0.000000e+000 -2.781497e+000 0.000000e+000
    outer loop
      vertex   -2.179997e+002 2.452600e+002 4.973373e-001
      vertex   -2.224971e+002 2.452600e+002 0.000000e+000
      vertex   -2.192028e+002 2.452600e+002 0.000000e+000
    endloop
  endfacet
  facet normal 0.000000e+000 -1.092788e+000 0.000000e+000
    outer loop
      vertex   -2.179997e+002 2.452600e+002 4.973373e-001
      vertex   -2.229912e+002 2.452600e+002 4.941435e-001
      vertex   -2.224971e+002 2.452600e+002 0.000000e+000
    endloop
  endfacet
  facet normal 0.000000e+000 -1.172679e-002 0.000000e+000
    outer loop
      vertex   -2.179997e+002 2.452600e+002 4.973373e-001
      vertex   -2.229971e+002 2.452600e+002 5.000000e-001
      vertex   -2.229912e+002 2.452600e+002 4.941435e-001
    endloop
  endfacet
  facet normal 0.000000e+000 -1.179873e-001 0.000000e+000
    outer loop
      vertex   -2.179997e+002 2.452600e+002 4.973373e-001
      vertex   -2.229971e+002 2.452600e+002 5.589666e-001
      vertex   -2.229971e+002 2.452600e+002 5.000000e-001
    endloop
  endfacet
  facet normal 0.000000e+000 -2.616261e-002 0.000000e+000
    outer loop
      vertex   -2.179997e+002 2.452600e+002 4.973373e-001
      vertex   -2.229971e+002 2.452600e+002 5.720434e-001
      vertex   -2.229971e+002 2.452600e+002 5.589666e-001
    endloop
  endfacet
  facet normal 0.000000e+000 -3.700796e-002 0.000000e+000
    outer loop
      vertex   -2.179997e+002 2.452600e+002 4.973373e-001
      vertex   -2.229971e+002 2.452600e+002 5.905428e-001
      vertex   -2.229971e+002 2.452600e+002 5.720434e-001
    endloop
  endfacet
  facet normal 0.000000e+000 -5.467407e-002 0.000000e+000
    outer loop
      vertex   -2.179997e+002 2.452600e+002 4.973373e-001
      vertex   -2.229971e+002 2.452600e+002 6.178780e-001
      vertex   -2.229971e+002 2.452600e+002 5.905428e-001
    endloop
  endfacet
  facet normal 0.000000e+000 -8.607265e-002 0.000000e+000
    outer loop
      vertex   -2.179997e+002 2.452600e+002 4.973373e-001
      vertex   -2.229971e+002 2.452600e+002 6.609268e-001
      vertex   -2.229971e+002 2.452600e+002 6.178780e-001
    endloop
  endfacet
  facet normal 0.000000e+000 -1.496078e-001 0.000000e+000
    outer loop
      vertex   -2.179997e+002 2.452600e+002 4.973373e-001
      vertex   -2.229971e+002 2.452600e+002 7.358160e-001
      vertex   -2.229971e+002 2.452600e+002 6.609268e-001
    endloop
  endfacet
  facet normal 0.000000e+000 -3.094121e-001 0.000000e+000
    outer loop
      vertex   -2.179997e+002 2.452600e+002 4.973373e-001
      vertex   -2.229971e+002 2.452600e+002 8.910952e-001
      vertex   -2.229971e+002 2.452600e+002 7.358160e-001
    endloop
  endfacet
  facet normal 0.000000e+000 -9.410487e-001 0.000000e+000
    outer loop
      vertex   -2.179997e+002 2.452600e+002 4.973373e-001
      vertex   -2.229971e+002 2.452600e+002 1.369964e+000
      vertex   -2.229971e+002 2.452600e+002 8.910952e-001
    endloop
  endfacet
  facet normal 0.000000e+000 -5.455920e+000 0.000000e+000
    outer loop
      vertex   -2.179997e+002 2.452600e+002 4.973373e-001
      vertex   -2.229971e+002 2.452600e+002 5.152560e+000
      vertex   -2.229971e+002 2.452600e+002 1.369964e+000
    endloop
  endfacet
  facet normal 0.000000e+000 -8.822254e-002 0.000000e+000
    outer loop
      vertex   -2.179997e+002 2.452600e+002 4.973373e-001
      vertex   -2.229670e+002 2.452600e+002 5.207090e+000
      vertex   -2.229971e+002 2.452600e+002 5.152560e+000
    endloop
  endfacet
  facet normal 0.000000e+000 -3.256252e-002 0.000000e+000
    outer loop
      vertex   -2.179997e+002 2.452600e+002 4.973373e-001
      vertex   -2.229565e+002 2.452600e+002 5.227835e+000
      vertex   -2.229670e+002 2.452600e+002 5.207090e+000
    endloop
  endfacet
  facet normal 0.000000e+000 -3.471223e-001 0.000000e+000
    outer loop
      vertex   -2.179997e+002 2.452600e+002 4.973373e-001
      vertex   -2.228457e+002 2.452600e+002 5.454755e+000
      vertex   -2.229565e+002 2.452600e+002 5.227835e+000
    endloop
  endfacet
  facet normal 0.000000e+000 -4.429388e-002 0.000000e+000
    outer loop
      vertex   -2.179997e+002 2.452600e+002 4.973373e-001
      vertex   -2.228324e+002 2.452600e+002 5.485162e+000
      vertex   -2.228457e+002 2.452600e+002 5.454755e+000
    endloop
  endfacet
  facet normal 0.000000e+000 -2.996861e-001 0.000000e+000
    outer loop
      vertex   -2.179997e+002 2.452600e+002 4.973373e-001
      vertex   -2.227419e+002 2.452600e+002 5.694766e+000
      vertex   -2.228324e+002 2.452600e+002 5.485162e+000
    endloop
  endfacet
  facet normal 0.000000e+000 -2.694712e-001 0.000000e+000
    outer loop
      vertex   -2.179997e+002 2.452600e+002 4.973373e-001
      vertex   -2.226664e+002 2.452600e+002 5.897433e+000
      vertex   -2.227419e+002 2.452600e+002 5.694766e+000
    endloop
  endfacet
  facet normal 0.000000e+000 -4.443869e-002 0.000000e+000
    outer loop
      vertex   -2.179997e+002 2.452600e+002 4.973373e-001
      vertex   -2.226541e+002 2.452600e+002 5.931760e+000
      vertex   -2.226664e+002 2.452600e+002 5.897433e+000
    endloop
  endfacet
  facet normal 0.000000e+000 -2.232072e-001 0.000000e+000
    outer loop
      vertex   -2.179997e+002 2.452600e+002 4.973373e-001
      vertex   -2.225974e+002 2.452600e+002 6.114702e+000
      vertex   -2.226541e+002 2.452600e+002 5.931760e+000
    endloop
  endfacet
  facet normal 0.000000e+000 -7.110537e-002 0.000000e+000
    outer loop
      vertex   -2.179997e+002 2.452600e+002 4.973373e-001
      vertex   -2.225804e+002 2.452600e+002 6.175773e+000
      vertex   -2.225974e+002 2.452600e+002 6.114702e+000
    endloop
  endfacet
  facet normal 0.000000e+000 -1.648397e-001 0.000000e+000
    outer loop
      vertex   -2.179997e+002 2.452600e+002 4.973373e-001
      vertex   -2.225440e+002 2.452600e+002 6.324671e+000
      vertex   -2.225804e+002 2.452600e+002 6.175773e+000
    endloop
  endfacet
  facet normal 0.000000e+000 -1.430098e-001 0.000000e+000
    outer loop
      vertex   -2.179997e+002 2.452600e+002 4.973373e-001
      vertex   -2.225165e+002 2.452600e+002 6.463475e+000
      vertex   -2.225440e+002 2.452600e+002 6.324671e+000
    endloop
  endfacet
  facet normal 0.000000e+000 -6.035092e-002 0.000000e+000
    outer loop
      vertex   -2.179997e+002 2.452600e+002 4.973373e-001
      vertex   -2.225058e+002 2.452600e+002 6.524508e+000
      vertex   -2.225165e+002 2.452600e+002 6.463475e+000
    endloop
  endfacet
  facet normal 0.000000e+000 -6.839116e-002 0.000000e+000
    outer loop
      vertex   -2.179997e+002 2.452600e+002 4.973373e-001
      vertex   -2.224971e+002 2.452600e+002 6.599455e+000
      vertex   -2.225058e+002 2.452600e+002 6.524508e+000
    endloop
  endfacet
  facet normal 0.000000e+000 -1.785982e+000 0.000000e+000
    outer loop
      vertex   -2.179997e+002 2.452600e+002 4.973373e-001
      vertex   -2.209894e+002 2.452600e+002 6.599408e+000
      vertex   -2.224971e+002 2.452600e+002 6.599455e+000
    endloop
  endfacet
  facet normal 0.000000e+000 -3.655809e+000 0.000000e+000
    outer loop
      vertex   -2.179997e+002 2.452600e+002 4.973373e-001
      vertex   -2.184970e+002 2.452600e+002 6.599563e+000
      vertex   -2.209894e+002 2.452600e+002 6.599408e+000
    endloop
  endfacet
  facet normal 0.000000e+000 -4.264316e-003 0.000000e+000
    outer loop
      vertex   -2.179997e+002 2.452600e+002 4.973373e-001
      vertex   -2.184883e+002 2.452600e+002 6.524117e+000
      vertex   -2.184970e+002 2.452600e+002 6.599563e+000
    endloop
  endfacet
  facet normal 0.000000e+000 -9.804210e-003 0.000000e+000
    outer loop
      vertex   -2.179997e+002 2.452600e+002 4.973373e-001
      vertex   -2.184774e+002 2.452600e+002 6.462622e+000
      vertex   -2.184883e+002 2.452600e+002 6.524117e+000
    endloop
  endfacet
  facet normal 0.000000e+000 -2.780462e-002 0.000000e+000
    outer loop
      vertex   -2.179997e+002 2.452600e+002 4.973373e-001
      vertex   -2.184501e+002 2.452600e+002 6.324412e+000
      vertex   -2.184774e+002 2.452600e+002 6.462622e+000
    endloop
  endfacet
  facet normal 0.000000e+000 -4.361906e-002 0.000000e+000
    outer loop
      vertex   -2.179997e+002 2.452600e+002 4.973373e-001
      vertex   -2.184136e+002 2.452600e+002 6.175303e+000
      vertex   -2.184501e+002 2.452600e+002 6.324412e+000
    endloop
  endfacet
  facet normal 0.000000e+000 -2.228359e-002 0.000000e+000
    outer loop
      vertex   -2.179997e+002 2.452600e+002 4.973373e-001
      vertex   -2.183966e+002 2.452600e+002 6.114507e+000
      vertex   -2.184136e+002 2.452600e+002 6.175303e+000
    endloop
  endfacet
  facet normal 0.000000e+000 -8.015573e-002 0.000000e+000
    outer loop
      vertex   -2.179997e+002 2.452600e+002 4.973373e-001
      vertex   -2.183399e+002 2.452600e+002 5.931445e+000
      vertex   -2.183966e+002 2.452600e+002 6.114507e+000
    endloop
  endfacet
  facet normal 0.000000e+000 -1.878466e-002 0.000000e+000
    outer loop
      vertex   -2.179997e+002 2.452600e+002 4.973373e-001
      vertex   -2.183276e+002 2.452600e+002 5.897275e+000
      vertex   -2.183399e+002 2.452600e+002 5.931445e+000
    endloop
  endfacet
  facet normal 0.000000e+000 -1.211660e-001 0.000000e+000
    outer loop
      vertex   -2.179997e+002 2.452600e+002 4.973373e-001
      vertex   -2.182521e+002 2.452600e+002 5.694528e+000
      vertex   -2.183276e+002 2.452600e+002 5.897275e+000
    endloop
  endfacet
  facet normal 0.000000e+000 -1.608440e-001 0.000000e+000
    outer loop
      vertex   -2.179997e+002 2.452600e+002 4.973373e-001
      vertex   -2.181616e+002 2.452600e+002 5.484844e+000
      vertex   -2.182521e+002 2.452600e+002 5.694528e+000
    endloop
  endfacet
  facet normal 0.000000e+000 -2.469588e-002 0.000000e+000
    outer loop
      vertex   -2.179997e+002 2.452600e+002 4.973373e-001
      vertex   -2.181484e+002 2.452600e+002 5.454565e+000
      vertex   -2.181616e+002 2.452600e+002 5.484844e+000
    endloop
  endfacet
  facet normal 0.000000e+000 -2.197793e-001 0.000000e+000
    outer loop
      vertex   -2.179997e+002 2.452600e+002 4.973373e-001
      vertex   -2.180376e+002 2.452600e+002 5.227586e+000
      vertex   -2.181484e+002 2.452600e+002 5.454565e+000
    endloop
  endfacet
  facet normal 0.000000e+000 -2.200381e-002 0.000000e+000
    outer loop
      vertex   -2.179997e+002 2.452600e+002 4.973373e-001
      vertex   -2.180270e+002 2.452600e+002 5.206931e+000
      vertex   -2.180376e+002 2.452600e+002 5.227586e+000
    endloop
  endfacet
  facet normal 0.000000e+000 -6.368937e-002 0.000000e+000
    outer loop
      vertex   -2.179997e+002 2.452600e+002 4.973373e-001
      vertex   -2.179971e+002 2.452600e+002 5.152600e+000
      vertex   -2.180270e+002 2.452600e+002 5.206931e+000
    endloop
  endfacet
  facet normal 0.000000e+000 -2.521952e-002 0.000000e+000
    outer loop
      vertex   -2.179997e+002 2.452600e+002 4.973373e-001
      vertex   -2.179971e+002 2.452600e+002 1.359953e+000
      vertex   -2.179971e+002 2.452600e+002 5.152600e+000
    endloop
  endfacet
  facet normal 0.000000e+000 -3.771089e-002 0.000000e+000
    outer loop
      vertex   -2.179997e+002 2.452600e+002 4.973373e-001
      vertex   -2.179971e+002 2.452600e+002 8.862085e-001
      vertex   -2.179971e+002 2.452600e+002 1.359953e+000
    endloop
  endfacet
  facet normal 0.000000e+000 -4.480310e-002 0.000000e+000
    outer loop
      vertex   -2.179997e+002 2.452600e+002 4.973373e-001
      vertex   -2.179971e+002 2.452600e+002 7.326574e-001
      vertex   -2.179971e+002 2.452600e+002 8.862085e-001
    endloop
  endfacet
  facet normal 0.000000e+000 -5.204935e-002 0.000000e+000
    outer loop
      vertex   -2.179997e+002 2.452600e+002 4.973373e-001
      vertex   -2.179971e+002 2.452600e+002 6.586504e-001
      vertex   -2.179971e+002 2.452600e+002 7.326574e-001
    endloop
  endfacet
  facet normal 0.000000e+000 -5.921201e-002 0.000000e+000
    outer loop
      vertex   -2.179997e+002 2.452600e+002 4.973373e-001
      vertex   -2.179971e+002 2.452600e+002 6.161385e-001
      vertex   -2.179971e+002 2.452600e+002 6.586504e-001
    endloop
  endfacet
  facet normal 0.000000e+000 -6.597406e-002 0.000000e+000
    outer loop
      vertex   -2.179997e+002 2.452600e+002 4.973373e-001
      vertex   -2.179971e+002 2.452600e+002 5.891666e-001
      vertex   -2.179971e+002 2.452600e+002 6.161385e-001
    endloop
  endfacet
  facet normal 0.000000e+000 -7.198338e-002 0.000000e+000
    outer loop
      vertex   -2.179997e+002 2.452600e+002 4.973373e-001
      vertex   -2.179971e+002 2.452600e+002 5.709295e-001
      vertex   -2.179971e+002 2.452600e+002 5.891666e-001
    endloop
  endfacet
  facet normal 0.000000e+000 -7.684150e-002 0.000000e+000
    outer loop
      vertex   -2.179997e+002 2.452600e+002 4.973373e-001
      vertex   -2.179971e+002 2.452600e+002 5.580511e-001
      vertex   -2.179971e+002 2.452600e+002 5.709295e-001
    endloop
  endfacet
  facet normal 0.000000e+000 -8.017345e-002 0.000000e+000
    outer loop
      vertex   -2.179997e+002 2.452600e+002 4.973373e-001
      vertex   -2.179971e+002 2.452600e+002 5.486717e-001
      vertex   -2.179971e+002 2.452600e+002 5.580511e-001
    endloop
  endfacet
  facet normal 0.000000e+000 -8.163945e-002 0.000000e+000
    outer loop
      vertex   -2.179997e+002 2.452600e+002 4.973373e-001
      vertex   -2.179971e+002 2.452600e+002 5.416889e-001
      vertex   -2.179971e+002 2.452600e+002 5.486717e-001
    endloop
  endfacet
  facet normal 0.000000e+000 -8.103457e-002 0.000000e+000
    outer loop
      vertex   -2.179997e+002 2.452600e+002 4.973373e-001
      vertex   -2.179971e+002 2.452600e+002 5.364084e-001
      vertex   -2.179971e+002 2.452600e+002 5.416889e-001
    endloop
  endfacet
  facet normal 0.000000e+000 -7.825828e-002 0.000000e+000
    outer loop
      vertex   -2.179997e+002 2.452600e+002 4.973373e-001
      vertex   -2.179971e+002 2.452600e+002 5.323753e-001
      vertex   -2.179971e+002 2.452600e+002 5.364084e-001
    endloop
  endfacet
  facet normal 0.000000e+000 -7.336415e-002 0.000000e+000
    outer loop
      vertex   -2.179997e+002 2.452600e+002 4.973373e-001
      vertex   -2.179971e+002 2.452600e+002 5.292807e-001
      vertex   -2.179971e+002 2.452600e+002 5.323753e-001
    endloop
  endfacet
  facet normal 0.000000e+000 -6.468369e+000 0.000000e+000
    outer loop
      vertex   -2.179997e+002 2.452600e+002 4.973373e-001
      vertex   -2.179971e+002 2.452600e+002 5.000000e-001
      vertex   -2.179971e+002 2.452600e+002 5.292807e-001
    endloop
  endfacet
  facet normal 0.000000e+000 -1.920231e-005 0.000000e+000
    outer loop
      vertex   -2.794970e+002 2.452600e+002 0.000000e+000
      vertex   -2.799970e+002 2.452600e+002 5.000000e-001
      vertex   -2.799944e+002 2.452600e+002 4.973373e-001
    endloop
  endfacet
  facet normal 0.000000e+000 -2.843620e-001 0.000000e+000
    outer loop
      vertex   -2.794970e+002 2.452600e+002 0.000000e+000
      vertex   -2.799970e+002 2.452600e+002 5.292807e-001
      vertex   -2.799970e+002 2.452600e+002 5.000000e-001
    endloop
  endfacet
  facet normal 0.000000e+000 -2.909741e-002 0.000000e+000
    outer loop
      vertex   -2.794970e+002 2.452600e+002 0.000000e+000
      vertex   -2.799970e+002 2.452600e+002 5.323753e-001
      vertex   -2.799970e+002 2.452600e+002 5.292807e-001
    endloop
  endfacet
  facet normal 0.000000e+000 -3.765186e-002 0.000000e+000
    outer loop
      vertex   -2.794970e+002 2.452600e+002 0.000000e+000
      vertex   -2.799970e+002 2.452600e+002 5.364084e-001
      vertex   -2.799970e+002 2.452600e+002 5.323753e-001
    endloop
  endfacet
  facet normal 0.000000e+000 -4.884159e-002 0.000000e+000
    outer loop
      vertex   -2.794970e+002 2.452600e+002 0.000000e+000
      vertex   -2.799970e+002 2.452600e+002 5.416889e-001
      vertex   -2.799970e+002 2.452600e+002 5.364084e-001
    endloop
  endfacet
  facet normal 0.000000e+000 -6.380276e-002 0.000000e+000
    outer loop
      vertex   -2.794970e+002 2.452600e+002 0.000000e+000
      vertex   -2.799970e+002 2.452600e+002 5.486717e-001
      vertex   -2.799970e+002 2.452600e+002 5.416889e-001
    endloop
  endfacet
  facet normal 0.000000e+000 -8.431569e-002 0.000000e+000
    outer loop
      vertex   -2.794970e+002 2.452600e+002 0.000000e+000
      vertex   -2.799970e+002 2.452600e+002 5.580511e-001
      vertex   -2.799970e+002 2.452600e+002 5.486717e-001
    endloop
  endfacet
  facet normal 0.000000e+000 -1.132378e-001 0.000000e+000
    outer loop
      vertex   -2.794970e+002 2.452600e+002 0.000000e+000
      vertex   -2.799970e+002 2.452600e+002 5.709295e-001
      vertex   -2.799970e+002 2.452600e+002 5.580511e-001
    endloop
  endfacet
  facet normal 0.000000e+000 -1.554892e-001 0.000000e+000
    outer loop
      vertex   -2.794970e+002 2.452600e+002 0.000000e+000
      vertex   -2.799970e+002 2.452600e+002 5.891666e-001
      vertex   -2.799970e+002 2.452600e+002 5.709295e-001
    endloop
  endfacet
  facet normal 0.000000e+000 -2.199424e-001 0.000000e+000
    outer loop
      vertex   -2.794970e+002 2.452600e+002 0.000000e+000
      vertex   -2.799970e+002 2.452600e+002 6.161385e-001
      vertex   -2.799970e+002 2.452600e+002 5.891666e-001
    endloop
  endfacet
  facet normal 0.000000e+000 -3.239431e-001 0.000000e+000
    outer loop
      vertex   -2.794970e+002 2.452600e+002 0.000000e+000
      vertex   -2.799970e+002 2.452600e+002 6.586504e-001
      vertex   -2.799970e+002 2.452600e+002 6.161385e-001
    endloop
  endfacet
  facet normal 0.000000e+000 -5.044802e-001 0.000000e+000
    outer loop
      vertex   -2.794970e+002 2.452600e+002 0.000000e+000
      vertex   -2.799970e+002 2.452600e+002 7.326574e-001
      vertex   -2.799970e+002 2.452600e+002 6.586504e-001
    endloop
  endfacet
  facet normal 0.000000e+000 -8.506448e-001 0.000000e+000
    outer loop
      vertex   -2.794970e+002 2.452600e+002 0.000000e+000
      vertex   -2.799970e+002 2.452600e+002 8.862085e-001
      vertex   -2.799970e+002 2.452600e+002 7.326574e-001
    endloop
  endfacet
  facet normal 0.000000e+000 -1.606620e+000 0.000000e+000
    outer loop
      vertex   -2.794970e+002 2.452600e+002 0.000000e+000
      vertex   -2.799970e+002 2.452600e+002 1.359953e+000
      vertex   -2.799970e+002 2.452600e+002 8.862085e-001
    endloop
  endfacet
  facet normal 0.000000e+000 -2.528117e+000 0.000000e+000
    outer loop
      vertex   -2.794970e+002 2.452600e+002 0.000000e+000
      vertex   -2.799970e+002 2.452600e+002 5.152600e+000
      vertex   -2.799970e+002 2.452600e+002 1.359953e+000
    endloop
  endfacet
  facet normal 0.000000e+000 -6.710158e-002 0.000000e+000
    outer loop
      vertex   -2.794970e+002 2.452600e+002 0.000000e+000
      vertex   -2.799671e+002 2.452600e+002 5.206931e+000
      vertex   -2.799970e+002 2.452600e+002 5.152600e+000
    endloop
  endfacet
  facet normal 0.000000e+000 -2.348426e-002 0.000000e+000
    outer loop
      vertex   -2.794970e+002 2.452600e+002 0.000000e+000
      vertex   -2.799566e+002 2.452600e+002 5.227586e+000
      vertex   -2.799671e+002 2.452600e+002 5.206931e+000
    endloop
  endfacet
  facet normal 0.000000e+000 -2.383175e-001 0.000000e+000
    outer loop
      vertex   -2.794970e+002 2.452600e+002 0.000000e+000
      vertex   -2.798458e+002 2.452600e+002 5.454565e+000
      vertex   -2.799566e+002 2.452600e+002 5.227586e+000
    endloop
  endfacet
  facet normal 0.000000e+000 -2.757245e-002 0.000000e+000
    outer loop
      vertex   -2.794970e+002 2.452600e+002 0.000000e+000
      vertex   -2.798325e+002 2.452600e+002 5.484844e+000
      vertex   -2.798458e+002 2.452600e+002 5.454565e+000
    endloop
  endfacet
  facet normal 0.000000e+000 -1.810132e-001 0.000000e+000
    outer loop
      vertex   -2.794970e+002 2.452600e+002 0.000000e+000
      vertex   -2.797420e+002 2.452600e+002 5.694528e+000
      vertex   -2.798325e+002 2.452600e+002 5.484844e+000
    endloop
  endfacet
  facet normal 0.000000e+000 -1.425769e-001 0.000000e+000
    outer loop
      vertex   -2.794970e+002 2.452600e+002 0.000000e+000
      vertex   -2.796665e+002 2.452600e+002 5.897275e+000
      vertex   -2.797420e+002 2.452600e+002 5.694528e+000
    endloop
  endfacet
  facet normal 0.000000e+000 -2.239524e-002 0.000000e+000
    outer loop
      vertex   -2.794970e+002 2.452600e+002 0.000000e+000
      vertex   -2.796542e+002 2.452600e+002 5.931445e+000
      vertex   -2.796665e+002 2.452600e+002 5.897275e+000
    endloop
  endfacet
  facet normal 0.000000e+000 -1.006218e-001 0.000000e+000
    outer loop
      vertex   -2.794970e+002 2.452600e+002 0.000000e+000
      vertex   -2.795975e+002 2.452600e+002 6.114507e+000
      vertex   -2.796542e+002 2.452600e+002 5.931445e+000
    endloop
  endfacet
  facet normal 0.000000e+000 -2.913055e-002 0.000000e+000
    outer loop
      vertex   -2.794970e+002 2.452600e+002 0.000000e+000
      vertex   -2.795805e+002 2.452600e+002 6.175303e+000
      vertex   -2.795975e+002 2.452600e+002 6.114507e+000
    endloop
  endfacet
  facet normal 0.000000e+000 -6.079615e-002 0.000000e+000
    outer loop
      vertex   -2.794970e+002 2.452600e+002 0.000000e+000
      vertex   -2.795440e+002 2.452600e+002 6.324412e+000
      vertex   -2.795805e+002 2.452600e+002 6.175303e+000
    endloop
  endfacet
  facet normal 0.000000e+000 -4.393972e-002 0.000000e+000
    outer loop
      vertex   -2.794970e+002 2.452600e+002 0.000000e+000
      vertex   -2.795167e+002 2.452600e+002 6.462622e+000
      vertex   -2.795440e+002 2.452600e+002 6.324412e+000
    endloop
  endfacet
  facet normal 0.000000e+000 -1.695032e-002 0.000000e+000
    outer loop
      vertex   -2.794970e+002 2.452600e+002 0.000000e+000
      vertex   -2.795058e+002 2.452600e+002 6.524117e+000
      vertex   -2.795167e+002 2.452600e+002 6.462622e+000
    endloop
  endfacet
  facet normal 0.000000e+000 -1.341901e-002 0.000000e+000
    outer loop
      vertex   -2.794970e+002 2.452600e+002 0.000000e+000
      vertex   -2.794970e+002 2.452600e+002 6.599563e+000
      vertex   -2.795058e+002 2.452600e+002 6.524117e+000
    endloop
  endfacet
  facet normal 0.000000e+000 -3.533089e+000 0.000000e+000
    outer loop
      vertex   -2.794970e+002 2.452600e+002 0.000000e+000
      vertex   -2.770047e+002 2.452600e+002 6.599408e+000
      vertex   -2.794970e+002 2.452600e+002 6.599563e+000
    endloop
  endfacet
  facet normal 0.000000e+000 -1.827614e+000 0.000000e+000
    outer loop
      vertex   -2.794970e+002 2.452600e+002 0.000000e+000
      vertex   -2.754970e+002 2.452600e+002 6.599455e+000
      vertex   -2.770047e+002 2.452600e+002 6.599408e+000
    endloop
  endfacet
  facet normal 0.000000e+000 -6.043347e-002 0.000000e+000
    outer loop
      vertex   -2.794970e+002 2.452600e+002 0.000000e+000
      vertex   -2.754883e+002 2.452600e+002 6.524508e+000
      vertex   -2.754970e+002 2.452600e+002 6.599455e+000
    endloop
  endfacet
  facet normal 0.000000e+000 -5.402982e-002 0.000000e+000
    outer loop
      vertex   -2.794970e+002 2.452600e+002 0.000000e+000
      vertex   -2.754776e+002 2.452600e+002 6.463475e+000
      vertex   -2.754883e+002 2.452600e+002 6.524508e+000
    endloop
  endfacet
  facet normal 0.000000e+000 -1.286741e-001 0.000000e+000
    outer loop
      vertex   -2.794970e+002 2.452600e+002 0.000000e+000
      vertex   -2.754501e+002 2.452600e+002 6.324671e+000
      vertex   -2.754776e+002 2.452600e+002 6.463475e+000
    endloop
  endfacet
  facet normal 0.000000e+000 -1.497996e-001 0.000000e+000
    outer loop
      vertex   -2.794970e+002 2.452600e+002 0.000000e+000
      vertex   -2.754137e+002 2.452600e+002 6.175773e+000
      vertex   -2.754501e+002 2.452600e+002 6.324671e+000
    endloop
  endfacet
  facet normal 0.000000e+000 -6.508084e-002 0.000000e+000
    outer loop
      vertex   -2.794970e+002 2.452600e+002 0.000000e+000
      vertex   -2.753967e+002 2.452600e+002 6.114702e+000
      vertex   -2.754137e+002 2.452600e+002 6.175773e+000
    endloop
  endfacet
  facet normal 0.000000e+000 -2.056082e-001 0.000000e+000
    outer loop
      vertex   -2.794970e+002 2.452600e+002 0.000000e+000
      vertex   -2.753400e+002 2.452600e+002 5.931760e+000
      vertex   -2.753967e+002 2.452600e+002 6.114702e+000
    endloop
  endfacet
  facet normal 0.000000e+000 -4.126923e-002 0.000000e+000
    outer loop
      vertex   -2.794970e+002 2.452600e+002 0.000000e+000
      vertex   -2.753277e+002 2.452600e+002 5.897433e+000
      vertex   -2.753400e+002 2.452600e+002 5.931760e+000
    endloop
  endfacet
  facet normal 0.000000e+000 -2.514859e-001 0.000000e+000
    outer loop
      vertex   -2.794970e+002 2.452600e+002 0.000000e+000
      vertex   -2.752522e+002 2.452600e+002 5.694766e+000
      vertex   -2.753277e+002 2.452600e+002 5.897433e+000
    endloop
  endfacet
  facet normal 0.000000e+000 -2.829641e-001 0.000000e+000
    outer loop
      vertex   -2.794970e+002 2.452600e+002 0.000000e+000
      vertex   -2.751617e+002 2.452600e+002 5.485162e+000
      vertex   -2.752522e+002 2.452600e+002 5.694766e+000
    endloop
  endfacet
  facet normal 0.000000e+000 -4.195783e-002 0.000000e+000
    outer loop
      vertex   -2.794970e+002 2.452600e+002 0.000000e+000
      vertex   -2.751484e+002 2.452600e+002 5.454755e+000
      vertex   -2.751617e+002 2.452600e+002 5.485162e+000
    endloop
  endfacet
  facet normal 0.000000e+000 -3.319194e-001 0.000000e+000
    outer loop
      vertex   -2.794970e+002 2.452600e+002 0.000000e+000
      vertex   -2.750377e+002 2.452600e+002 5.227835e+000
      vertex   -2.751484e+002 2.452600e+002 5.454755e+000
    endloop
  endfacet
  facet normal 0.000000e+000 -3.132214e-002 0.000000e+000
    outer loop
      vertex   -2.794970e+002 2.452600e+002 0.000000e+000
      vertex   -2.750271e+002 2.452600e+002 5.207090e+000
      vertex   -2.750377e+002 2.452600e+002 5.227835e+000
    endloop
  endfacet
  facet normal 0.000000e+000 -8.526120e-002 0.000000e+000
    outer loop
      vertex   -2.794970e+002 2.452600e+002 0.000000e+000
      vertex   -2.749970e+002 2.452600e+002 5.152560e+000
      vertex   -2.750271e+002 2.452600e+002 5.207090e+000
    endloop
  endfacet
  facet normal 0.000000e+000 -5.289633e+000 0.000000e+000
    outer loop
      vertex   -2.794970e+002 2.452600e+002 0.000000e+000
      vertex   -2.749970e+002 2.452600e+002 1.369964e+000
      vertex   -2.749970e+002 2.452600e+002 5.152560e+000
    endloop
  endfacet
  facet normal 0.000000e+000 -9.986310e-001 0.000000e+000
    outer loop
      vertex   -2.794970e+002 2.452600e+002 0.000000e+000
      vertex   -2.749970e+002 2.452600e+002 8.910952e-001
      vertex   -2.749970e+002 2.452600e+002 1.369964e+000
    endloop
  endfacet
  facet normal 0.000000e+000 -3.340559e-001 0.000000e+000
    outer loop
      vertex   -2.794970e+002 2.452600e+002 0.000000e+000
      vertex   -2.749970e+002 2.452600e+002 7.358160e-001
      vertex   -2.749970e+002 2.452600e+002 8.910952e-001
    endloop
  endfacet
  facet normal 0.000000e+000 -1.624959e-001 0.000000e+000
    outer loop
      vertex   -2.794970e+002 2.452600e+002 0.000000e+000
      vertex   -2.749970e+002 2.452600e+002 6.609268e-001
      vertex   -2.749970e+002 2.452600e+002 7.358160e-001
    endloop
  endfacet
  facet normal 0.000000e+000 -9.376905e-002 0.000000e+000
    outer loop
      vertex   -2.794970e+002 2.452600e+002 0.000000e+000
      vertex   -2.749970e+002 2.452600e+002 6.178780e-001
      vertex   -2.749970e+002 2.452600e+002 6.609268e-001
    endloop
  endfacet
  facet normal 0.000000e+000 -5.966853e-002 0.000000e+000
    outer loop
      vertex   -2.794970e+002 2.452600e+002 0.000000e+000
      vertex   -2.749970e+002 2.452600e+002 5.905428e-001
      vertex   -2.749970e+002 2.452600e+002 6.178780e-001
    endloop
  endfacet
  facet normal 0.000000e+000 -4.043487e-002 0.000000e+000
    outer loop
      vertex   -2.794970e+002 2.452600e+002 0.000000e+000
      vertex   -2.749970e+002 2.452600e+002 5.720434e-001
      vertex   -2.749970e+002 2.452600e+002 5.905428e-001
    endloop
  endfacet
  facet normal 0.000000e+000 -2.860767e-002 0.000000e+000
    outer loop
      vertex   -2.794970e+002 2.452600e+002 0.000000e+000
      vertex   -2.749970e+002 2.452600e+002 5.589666e-001
      vertex   -2.749970e+002 2.452600e+002 5.720434e-001
    endloop
  endfacet
  facet normal 0.000000e+000 -1.292424e-001 0.000000e+000
    outer loop
      vertex   -2.794970e+002 2.452600e+002 0.000000e+000
      vertex   -2.749970e+002 2.452600e+002 5.000000e-001
      vertex   -2.749970e+002 2.452600e+002 5.589666e-001
    endloop
  endfacet
  facet normal 0.000000e+000 -1.144395e-002 0.000000e+000
    outer loop
      vertex   -2.794970e+002 2.452600e+002 0.000000e+000
      vertex   -2.750029e+002 2.452600e+002 4.941435e-001
      vertex   -2.749970e+002 2.452600e+002 5.000000e-001
    endloop
  endfacet
  facet normal 0.000000e+000 -1.092941e+000 0.000000e+000
    outer loop
      vertex   -2.794970e+002 2.452600e+002 0.000000e+000
      vertex   -2.754970e+002 2.452600e+002 0.000000e+000
      vertex   -2.750029e+002 2.452600e+002 4.941435e-001
    endloop
  endfacet
  facet normal 0.000000e+000 0.000000e+000 0.000000e+000
    outer loop
      vertex   -2.794970e+002 2.452600e+002 0.000000e+000
      vertex   -2.787914e+002 2.452600e+002 0.000000e+000
      vertex   -2.754970e+002 2.452600e+002 0.000000e+000
    endloop
  endfacet
  facet normal 0.000000e+000 7.077326e+000 0.000000e+000
    outer loop
      vertex   -2.179971e+002 2.877070e+002 5.000000e-001
      vertex   -2.179987e+002 2.877070e+002 4.983816e-001
      vertex   -2.179971e+002 2.877070e+002 5.170102e+000
    endloop
  endfacet
  facet normal 0.000000e+000 0.000000e+000 0.000000e+000
    outer loop
      vertex   -2.179971e+002 2.877070e+002 5.000000e-001
      vertex   -2.179971e+002 2.877070e+002 5.170102e+000
      vertex   -2.179971e+002 2.877070e+002 1.022685e+000
    endloop
  endfacet
  facet normal 0.000000e+000 0.000000e+000 0.000000e+000
    outer loop
      vertex   -2.179971e+002 2.877070e+002 5.000000e-001
      vertex   -2.179971e+002 2.877070e+002 1.022685e+000
      vertex   -2.179971e+002 2.877070e+002 7.347470e-001
    endloop
  endfacet
  facet normal 0.000000e+000 0.000000e+000 0.000000e+000
    outer loop
      vertex   -2.179971e+002 2.877070e+002 5.000000e-001
      vertex   -2.179971e+002 2.877070e+002 7.347470e-001
      vertex   -2.179971e+002 2.877070e+002 6.414175e-001
    endloop
  endfacet
  facet normal 0.000000e+000 0.000000e+000 0.000000e+000
    outer loop
      vertex   -2.179971e+002 2.877070e+002 5.000000e-001
      vertex   -2.179971e+002 2.877070e+002 6.414175e-001
      vertex   -2.179971e+002 2.877070e+002 5.964327e-001
    endloop
  endfacet
  facet normal 0.000000e+000 0.000000e+000 0.000000e+000
    outer loop
      vertex   -2.179971e+002 2.877070e+002 5.000000e-001
      vertex   -2.179971e+002 2.877070e+002 5.964327e-001
      vertex   -2.179971e+002 2.877070e+002 5.705929e-001
    endloop
  endfacet
  facet normal 0.000000e+000 0.000000e+000 0.000000e+000
    outer loop
      vertex   -2.179971e+002 2.877070e+002 5.000000e-001
      vertex   -2.179971e+002 2.877070e+002 5.705929e-001
      vertex   -2.179971e+002 2.877070e+002 5.541992e-001
    endloop
  endfacet
  facet normal 0.000000e+000 0.000000e+000 0.000000e+000
    outer loop
      vertex   -2.179971e+002 2.877070e+002 5.000000e-001
      vertex   -2.179971e+002 2.877070e+002 5.541992e-001
      vertex   -2.179971e+002 2.877070e+002 5.431137e-001
    endloop
  endfacet
  facet normal 0.000000e+000 0.000000e+000 0.000000e+000
    outer loop
      vertex   -2.179971e+002 2.877070e+002 5.000000e-001
      vertex   -2.179971e+002 2.877070e+002 5.431137e-001
      vertex   -2.179971e+002 2.877070e+002 5.352859e-001
    endloop
  endfacet
  facet normal 0.000000e+000 0.000000e+000 0.000000e+000
    outer loop
      vertex   -2.179971e+002 2.877070e+002 5.000000e-001
      vertex   -2.179971e+002 2.877070e+002 5.352859e-001
      vertex   -2.179971e+002 2.877070e+002 5.295849e-001
    endloop
  endfacet
  facet normal 0.000000e+000 0.000000e+000 0.000000e+000
    outer loop
      vertex   -2.179971e+002 2.877070e+002 5.000000e-001
      vertex   -2.179971e+002 2.877070e+002 5.295849e-001
      vertex   -2.179971e+002 2.877070e+002 5.253401e-001
    endloop
  endfacet
  facet normal 0.000000e+000 0.000000e+000 0.000000e+000
    outer loop
      vertex   -2.179971e+002 2.877070e+002 5.000000e-001
      vertex   -2.179971e+002 2.877070e+002 5.253401e-001
      vertex   -2.179971e+002 2.877070e+002 5.221310e-001
    endloop
  endfacet
  facet normal 0.000000e+000 0.000000e+000 0.000000e+000
    outer loop
      vertex   -2.179971e+002 2.877070e+002 5.000000e-001
      vertex   -2.179971e+002 2.877070e+002 5.221310e-001
      vertex   -2.179971e+002 2.877070e+002 5.196800e-001
    endloop
  endfacet
  facet normal 0.000000e+000 0.000000e+000 0.000000e+000
    outer loop
      vertex   -2.179971e+002 2.877070e+002 5.000000e-001
      vertex   -2.179971e+002 2.877070e+002 5.196800e-001
      vertex   -2.179971e+002 2.877070e+002 5.177975e-001
    endloop
  endfacet
  facet normal 0.000000e+000 7.609723e+000 0.000000e+000
    outer loop
      vertex   -2.179987e+002 2.877070e+002 4.983816e-001
      vertex   -2.184970e+002 2.877070e+002 0.000000e+000
      vertex   -2.184797e+002 2.877070e+002 6.541783e+000
    endloop
  endfacet
  facet normal 0.000000e+000 1.994992e-002 0.000000e+000
    outer loop
      vertex   -2.179987e+002 2.877070e+002 4.983816e-001
      vertex   -2.184797e+002 2.877070e+002 6.541783e+000
      vertex   -2.184581e+002 2.877070e+002 6.419601e+000
    endloop
  endfacet
  facet normal 0.000000e+000 1.722608e-002 0.000000e+000
    outer loop
      vertex   -2.179987e+002 2.877070e+002 4.983816e-001
      vertex   -2.184581e+002 2.877070e+002 6.419601e+000
      vertex   -2.184414e+002 2.877070e+002 6.335592e+000
    endloop
  endfacet
  facet normal 0.000000e+000 5.221982e-002 0.000000e+000
    outer loop
      vertex   -2.179987e+002 2.877070e+002 4.983816e-001
      vertex   -2.184414e+002 2.877070e+002 6.335592e+000
      vertex   -2.183983e+002 2.877070e+002 6.159096e+000
    endloop
  endfacet
  facet normal 0.000000e+000 1.371019e-002 0.000000e+000
    outer loop
      vertex   -2.179987e+002 2.877070e+002 4.983816e-001
      vertex   -2.183983e+002 2.877070e+002 6.159096e+000
      vertex   -2.183880e+002 2.877070e+002 6.122142e+000
    endloop
  endfacet
  facet normal 0.000000e+000 8.775125e-002 0.000000e+000
    outer loop
      vertex   -2.179987e+002 2.877070e+002 4.983816e-001
      vertex   -2.183880e+002 2.877070e+002 6.122142e+000
      vertex   -2.183264e+002 2.877070e+002 5.923306e+000
    endloop
  endfacet
  facet normal 0.000000e+000 1.150764e-002 0.000000e+000
    outer loop
      vertex   -2.179987e+002 2.877070e+002 4.983816e-001
      vertex   -2.183264e+002 2.877070e+002 5.923306e+000
      vertex   -2.183189e+002 2.877070e+002 5.902536e+000
    endloop
  endfacet
  facet normal 0.000000e+000 1.281568e-001 0.000000e+000
    outer loop
      vertex   -2.179987e+002 2.877070e+002 4.983816e-001
      vertex   -2.183189e+002 2.877070e+002 5.902536e+000
      vertex   -2.182395e+002 2.877070e+002 5.689369e+000
    endloop
  endfacet
  facet normal 0.000000e+000 1.706818e-001 0.000000e+000
    outer loop
      vertex   -2.179987e+002 2.877070e+002 4.983816e-001
      vertex   -2.182395e+002 2.877070e+002 5.689369e+000
      vertex   -2.181444e+002 2.877070e+002 5.468906e+000
    endloop
  endfacet
  facet normal 0.000000e+000 1.515205e-002 0.000000e+000
    outer loop
      vertex   -2.179987e+002 2.877070e+002 4.983816e-001
      vertex   -2.181444e+002 2.877070e+002 5.468906e+000
      vertex   -2.181363e+002 2.877070e+002 5.450502e+000
    endloop
  endfacet
  facet normal 0.000000e+000 2.291169e-001 0.000000e+000
    outer loop
      vertex   -2.179987e+002 2.877070e+002 4.983816e-001
      vertex   -2.181363e+002 2.877070e+002 5.450502e+000
      vertex   -2.180217e+002 2.877070e+002 5.215680e+000
    endloop
  endfacet
  facet normal 0.000000e+000 1.345096e-002 0.000000e+000
    outer loop
      vertex   -2.179987e+002 2.877070e+002 4.983816e-001
      vertex   -2.180217e+002 2.877070e+002 5.215680e+000
      vertex   -2.180153e+002 2.877070e+002 5.203124e+000
    endloop
  endfacet
  facet normal 0.000000e+000 3.874075e-002 0.000000e+000
    outer loop
      vertex   -2.179987e+002 2.877070e+002 4.983816e-001
      vertex   -2.180153e+002 2.877070e+002 5.203124e+000
      vertex   -2.179971e+002 2.877070e+002 5.170102e+000
    endloop
  endfacet
  facet normal 0.000000e+000 1.176846e+000 0.000000e+000
    outer loop
      vertex   -2.225144e+002 2.877070e+002 6.542020e+000
      vertex   -2.224971e+002 2.877070e+002 6.691714e+000
      vertex   -2.224971e+002 2.877070e+002 0.000000e+000
    endloop
  endfacet
  facet normal 0.000000e+000 1.000000e+001 0.000000e+000
    outer loop
      vertex   -2.224971e+002 2.877070e+002 6.691714e+000
      vertex   -2.194859e+002 2.877070e+002 6.691620e+000
      vertex   -2.224971e+002 2.877070e+002 0.000000e+000
    endloop
  endfacet
  facet normal 0.000000e+000 9.119236e+000 0.000000e+000
    outer loop
      vertex   -2.224971e+002 2.877070e+002 0.000000e+000
      vertex   -2.194859e+002 2.877070e+002 6.691620e+000
      vertex   -2.191875e+002 2.877070e+002 0.000000e+000
    endloop
  endfacet
  facet normal 0.000000e+000 9.990098e+000 0.000000e+000
    outer loop
      vertex   -2.194859e+002 2.877070e+002 6.691620e+000
      vertex   -2.184970e+002 2.877070e+002 6.691681e+000
      vertex   -2.191875e+002 2.877070e+002 0.000000e+000
    endloop
  endfacet
  facet normal 0.000000e+000 9.947197e+000 0.000000e+000
    outer loop
      vertex   -2.191875e+002 2.877070e+002 0.000000e+000
      vertex   -2.184970e+002 2.877070e+002 6.691681e+000
      vertex   -2.184970e+002 2.877070e+002 0.000000e+000
    endloop
  endfacet
  facet normal 0.000000e+000 1.151475e+000 0.000000e+000
    outer loop
      vertex   -2.184970e+002 2.877070e+002 6.691681e+000
      vertex   -2.184797e+002 2.877070e+002 6.541783e+000
      vertex   -2.184970e+002 2.877070e+002 0.000000e+000
    endloop
  endfacet
  facet normal 0.000000e+000 6.389134e+000 0.000000e+000
    outer loop
      vertex   -2.224971e+002 2.877070e+002 0.000000e+000
      vertex   -2.229935e+002 2.877070e+002 4.964399e-001
      vertex   -2.229788e+002 2.877070e+002 5.203221e+000
    endloop
  endfacet
  facet normal 0.000000e+000 1.440373e-002 0.000000e+000
    outer loop
      vertex   -2.224971e+002 2.877070e+002 0.000000e+000
      vertex   -2.229788e+002 2.877070e+002 5.203221e+000
      vertex   -2.229724e+002 2.877070e+002 5.215831e+000
    endloop
  endfacet
  facet normal 0.000000e+000 2.479563e-001 0.000000e+000
    outer loop
      vertex   -2.224971e+002 2.877070e+002 0.000000e+000
      vertex   -2.229724e+002 2.877070e+002 5.215831e+000
      vertex   -2.228578e+002 2.877070e+002 5.450617e+000
    endloop
  endfacet
  facet normal 0.000000e+000 1.691626e-002 0.000000e+000
    outer loop
      vertex   -2.224971e+002 2.877070e+002 0.000000e+000
      vertex   -2.228578e+002 2.877070e+002 5.450617e+000
      vertex   -2.228497e+002 2.877070e+002 5.469099e+000
    endloop
  endfacet
  facet normal 0.000000e+000 1.917018e-001 0.000000e+000
    outer loop
      vertex   -2.224971e+002 2.877070e+002 0.000000e+000
      vertex   -2.228497e+002 2.877070e+002 5.469099e+000
      vertex   -2.227545e+002 2.877070e+002 5.689512e+000
    endloop
  endfacet
  facet normal 0.000000e+000 1.505386e-001 0.000000e+000
    outer loop
      vertex   -2.224971e+002 2.877070e+002 0.000000e+000
      vertex   -2.227545e+002 2.877070e+002 5.689512e+000
      vertex   -2.226752e+002 2.877070e+002 5.902632e+000
    endloop
  endfacet
  facet normal 0.000000e+000 1.370533e-002 0.000000e+000
    outer loop
      vertex   -2.224971e+002 2.877070e+002 0.000000e+000
      vertex   -2.226752e+002 2.877070e+002 5.902632e+000
      vertex   -2.226676e+002 2.877070e+002 5.923497e+000
    endloop
  endfacet
  facet normal 0.000000e+000 1.098220e-001 0.000000e+000
    outer loop
      vertex   -2.224971e+002 2.877070e+002 0.000000e+000
      vertex   -2.226676e+002 2.877070e+002 5.923497e+000
      vertex   -2.226061e+002 2.877070e+002 6.122261e+000
    endloop
  endfacet
  facet normal 0.000000e+000 1.791400e-002 0.000000e+000
    outer loop
      vertex   -2.224971e+002 2.877070e+002 0.000000e+000
      vertex   -2.226061e+002 2.877070e+002 6.122261e+000
      vertex   -2.225957e+002 2.877070e+002 6.159379e+000
    endloop
  endfacet
  facet normal 0.000000e+000 7.248348e-002 0.000000e+000
    outer loop
      vertex   -2.224971e+002 2.877070e+002 0.000000e+000
      vertex   -2.225957e+002 2.877070e+002 6.159379e+000
      vertex   -2.225526e+002 2.877070e+002 6.335751e+000
    endloop
  endfacet
  facet normal 0.000000e+000 2.711648e-002 0.000000e+000
    outer loop
      vertex   -2.224971e+002 2.877070e+002 0.000000e+000
      vertex   -2.225526e+002 2.877070e+002 6.335751e+000
      vertex   -2.225359e+002 2.877070e+002 6.420120e+000
    endloop
  endfacet
  facet normal 0.000000e+000 3.407354e-002 0.000000e+000
    outer loop
      vertex   -2.224971e+002 2.877070e+002 0.000000e+000
      vertex   -2.225359e+002 2.877070e+002 6.420120e+000
      vertex   -2.225144e+002 2.877070e+002 6.542020e+000
    endloop
  endfacet
  facet normal 0.000000e+000 7.566649e-003 0.000000e+000
    outer loop
      vertex   -2.229788e+002 2.877070e+002 5.203221e+000
      vertex   -2.229935e+002 2.877070e+002 4.964399e-001
      vertex   -2.229971e+002 2.877070e+002 5.000000e-001
    endloop
  endfacet
  facet normal 0.000000e+000 2.983389e-004 0.000000e+000
    outer loop
      vertex   -2.229788e+002 2.877070e+002 5.203221e+000
      vertex   -2.229971e+002 2.877070e+002 5.000000e-001
      vertex   -2.229971e+002 2.877070e+002 5.358419e-001
    endloop
  endfacet
  facet normal 0.000000e+000 6.678651e-005 0.000000e+000
    outer loop
      vertex   -2.229788e+002 2.877070e+002 5.203221e+000
      vertex   -2.229971e+002 2.877070e+002 5.358419e-001
      vertex   -2.229971e+002 2.877070e+002 5.437908e-001
    endloop
  endfacet
  facet normal 0.000000e+000 9.486073e-005 0.000000e+000
    outer loop
      vertex   -2.229788e+002 2.877070e+002 5.203221e+000
      vertex   -2.229971e+002 2.877070e+002 5.437908e-001
      vertex   -2.229971e+002 2.877070e+002 5.550346e-001
    endloop
  endfacet
  facet normal 0.000000e+000 1.410273e-004 0.000000e+000
    outer loop
      vertex   -2.229788e+002 2.877070e+002 5.203221e+000
      vertex   -2.229971e+002 2.877070e+002 5.550346e-001
      vertex   -2.229971e+002 2.877070e+002 5.716505e-001
    endloop
  endfacet
  facet normal 0.000000e+000 2.241365e-004 0.000000e+000
    outer loop
      vertex   -2.229788e+002 2.877070e+002 5.203221e+000
      vertex   -2.229971e+002 2.877070e+002 5.716505e-001
      vertex   -2.229971e+002 2.877070e+002 5.978155e-001
    endloop
  endfacet
  facet normal 0.000000e+000 3.960916e-004 0.000000e+000
    outer loop
      vertex   -2.229788e+002 2.877070e+002 5.203221e+000
      vertex   -2.229971e+002 2.877070e+002 5.978155e-001
      vertex   -2.229971e+002 2.877070e+002 6.433382e-001
    endloop
  endfacet
  facet normal 0.000000e+000 8.469520e-004 0.000000e+000
    outer loop
      vertex   -2.229788e+002 2.877070e+002 5.203221e+000
      vertex   -2.229971e+002 2.877070e+002 6.433382e-001
      vertex   -2.229971e+002 2.877070e+002 7.377214e-001
    endloop
  endfacet
  facet normal 0.000000e+000 2.852867e-003 0.000000e+000
    outer loop
      vertex   -2.229788e+002 2.877070e+002 5.203221e+000
      vertex   -2.229971e+002 2.877070e+002 7.377214e-001
      vertex   -2.229971e+002 2.877070e+002 1.028769e+000
    endloop
  endfacet
  facet normal 0.000000e+000 4.789597e+000 0.000000e+000
    outer loop
      vertex   -2.229788e+002 2.877070e+002 5.203221e+000
      vertex   -2.229971e+002 2.877070e+002 1.028769e+000
      vertex   -2.229971e+002 2.877070e+002 5.170077e+000
    endloop
  endfacet
  facet normal 0.000000e+000 7.077681e+000 0.000000e+000
    outer loop
      vertex   -2.749970e+002 2.877070e+002 5.000000e-001
      vertex   -2.750006e+002 2.877070e+002 4.964399e-001
      vertex   -2.749970e+002 2.877070e+002 5.170077e+000
    endloop
  endfacet
  facet normal 0.000000e+000 0.000000e+000 0.000000e+000
    outer loop
      vertex   -2.749970e+002 2.877070e+002 5.000000e-001
      vertex   -2.749970e+002 2.877070e+002 5.170077e+000
      vertex   -2.749970e+002 2.877070e+002 1.028769e+000
    endloop
  endfacet
  facet normal 0.000000e+000 0.000000e+000 0.000000e+000
    outer loop
      vertex   -2.749970e+002 2.877070e+002 5.000000e-001
      vertex   -2.749970e+002 2.877070e+002 1.028769e+000
      vertex   -2.749970e+002 2.877070e+002 7.377214e-001
    endloop
  endfacet
  facet normal 0.000000e+000 0.000000e+000 0.000000e+000
    outer loop
      vertex   -2.749970e+002 2.877070e+002 5.000000e-001
      vertex   -2.749970e+002 2.877070e+002 7.377214e-001
      vertex   -2.749970e+002 2.877070e+002 6.433382e-001
    endloop
  endfacet
  facet normal 0.000000e+000 0.000000e+000 0.000000e+000
    outer loop
      vertex   -2.749970e+002 2.877070e+002 5.000000e-001
      vertex   -2.749970e+002 2.877070e+002 6.433382e-001
      vertex   -2.749970e+002 2.877070e+002 5.978155e-001
    endloop
  endfacet
  facet normal 0.000000e+000 0.000000e+000 0.000000e+000
    outer loop
      vertex   -2.749970e+002 2.877070e+002 5.000000e-001
      vertex   -2.749970e+002 2.877070e+002 5.978155e-001
      vertex   -2.749970e+002 2.877070e+002 5.716505e-001
    endloop
  endfacet
  facet normal 0.000000e+000 0.000000e+000 0.000000e+000
    outer loop
      vertex   -2.749970e+002 2.877070e+002 5.000000e-001
      vertex   -2.749970e+002 2.877070e+002 5.716505e-001
      vertex   -2.749970e+002 2.877070e+002 5.550346e-001
    endloop
  endfacet
  facet normal 0.000000e+000 0.000000e+000 0.000000e+000
    outer loop
      vertex   -2.749970e+002 2.877070e+002 5.000000e-001
      vertex   -2.749970e+002 2.877070e+002 5.550346e-001
      vertex   -2.749970e+002 2.877070e+002 5.437908e-001
    endloop
  endfacet
  facet normal 0.000000e+000 0.000000e+000 0.000000e+000
    outer loop
      vertex   -2.749970e+002 2.877070e+002 5.000000e-001
      vertex   -2.749970e+002 2.877070e+002 5.437908e-001
      vertex   -2.749970e+002 2.877070e+002 5.358419e-001
    endloop
  endfacet
  facet normal 0.000000e+000 7.607551e+000 0.000000e+000
    outer loop
      vertex   -2.750006e+002 2.877070e+002 4.964399e-001
      vertex   -2.754970e+002 2.877070e+002 0.000000e+000
      vertex   -2.754797e+002 2.877070e+002 6.542020e+000
    endloop
  endfacet
  facet normal 0.000000e+000 1.993848e-002 0.000000e+000
    outer loop
      vertex   -2.750006e+002 2.877070e+002 4.964399e-001
      vertex   -2.754797e+002 2.877070e+002 6.542020e+000
      vertex   -2.754582e+002 2.877070e+002 6.420120e+000
    endloop
  endfacet
  facet normal 0.000000e+000 1.730345e-002 0.000000e+000
    outer loop
      vertex   -2.750006e+002 2.877070e+002 4.964399e-001
      vertex   -2.754582e+002 2.877070e+002 6.420120e+000
      vertex   -2.754415e+002 2.877070e+002 6.335751e+000
    endloop
  endfacet
  facet normal 0.000000e+000 5.236015e-002 0.000000e+000
    outer loop
      vertex   -2.750006e+002 2.877070e+002 4.964399e-001
      vertex   -2.754415e+002 2.877070e+002 6.335751e+000
      vertex   -2.753983e+002 2.877070e+002 6.159379e+000
    endloop
  endfacet
  facet normal 0.000000e+000 1.370921e-002 0.000000e+000
    outer loop
      vertex   -2.750006e+002 2.877070e+002 4.964399e-001
      vertex   -2.753983e+002 2.877070e+002 6.159379e+000
      vertex   -2.753880e+002 2.877070e+002 6.122261e+000
    endloop
  endfacet
  facet normal 0.000000e+000 8.780983e-002 0.000000e+000
    outer loop
      vertex   -2.750006e+002 2.877070e+002 4.964399e-001
      vertex   -2.753880e+002 2.877070e+002 6.122261e+000
      vertex   -2.753264e+002 2.877070e+002 5.923497e+000
    endloop
  endfacet
  facet normal 0.000000e+000 1.152492e-002 0.000000e+000
    outer loop
      vertex   -2.750006e+002 2.877070e+002 4.964399e-001
      vertex   -2.753264e+002 2.877070e+002 5.923497e+000
      vertex   -2.753190e+002 2.877070e+002 5.902632e+000
    endloop
  endfacet
  facet normal 0.000000e+000 1.282671e-001 0.000000e+000
    outer loop
      vertex   -2.750006e+002 2.877070e+002 4.964399e-001
      vertex   -2.753190e+002 2.877070e+002 5.902632e+000
      vertex   -2.752396e+002 2.877070e+002 5.689512e+000
    endloop
  endfacet
  facet normal 0.000000e+000 1.707673e-001 0.000000e+000
    outer loop
      vertex   -2.750006e+002 2.877070e+002 4.964399e-001
      vertex   -2.752396e+002 2.877070e+002 5.689512e+000
      vertex   -2.751444e+002 2.877070e+002 5.469099e+000
    endloop
  endfacet
  facet normal 0.000000e+000 1.519443e-002 0.000000e+000
    outer loop
      vertex   -2.750006e+002 2.877070e+002 4.964399e-001
      vertex   -2.751444e+002 2.877070e+002 5.469099e+000
      vertex   -2.751364e+002 2.877070e+002 5.450617e+000
    endloop
  endfacet
  facet normal 0.000000e+000 2.291550e-001 0.000000e+000
    outer loop
      vertex   -2.750006e+002 2.877070e+002 4.964399e-001
      vertex   -2.751364e+002 2.877070e+002 5.450617e+000
      vertex   -2.750217e+002 2.877070e+002 5.215831e+000
    endloop
  endfacet
  facet normal 0.000000e+000 1.349575e-002 0.000000e+000
    outer loop
      vertex   -2.750006e+002 2.877070e+002 4.964399e-001
      vertex   -2.750217e+002 2.877070e+002 5.215831e+000
      vertex   -2.750153e+002 2.877070e+002 5.203221e+000
    endloop
  endfacet
  facet normal 0.000000e+000 3.889524e-002 0.000000e+000
    outer loop
      vertex   -2.750006e+002 2.877070e+002 4.964399e-001
      vertex   -2.750153e+002 2.877070e+002 5.203221e+000
      vertex   -2.749970e+002 2.877070e+002 5.170077e+000
    endloop
  endfacet
  facet normal 0.000000e+000 9.119230e+000 0.000000e+000
    outer loop
      vertex   -2.754970e+002 2.877070e+002 0.000000e+000
      vertex   -2.788066e+002 2.877070e+002 0.000000e+000
      vertex   -2.785082e+002 2.877070e+002 6.691620e+000
    endloop
  endfacet
  facet normal 0.000000e+000 4.103612e+000 0.000000e+000
    outer loop
      vertex   -2.754970e+002 2.877070e+002 0.000000e+000
      vertex   -2.785082e+002 2.877070e+002 6.691620e+000
      vertex   -2.754970e+002 2.877070e+002 6.691714e+000
    endloop
  endfacet
  facet normal 0.000000e+000 2.650212e-002 0.000000e+000
    outer loop
      vertex   -2.754970e+002 2.877070e+002 0.000000e+000
      vertex   -2.754970e+002 2.877070e+002 6.691714e+000
      vertex   -2.754797e+002 2.877070e+002 6.542020e+000
    endloop
  endfacet
  facet normal 0.000000e+000 6.388993e+000 0.000000e+000
    outer loop
      vertex   -2.794970e+002 2.877070e+002 0.000000e+000
      vertex   -2.799954e+002 2.877070e+002 4.983816e-001
      vertex   -2.799788e+002 2.877070e+002 5.203124e+000
    endloop
  endfacet
  facet normal 0.000000e+000 1.435860e-002 0.000000e+000
    outer loop
      vertex   -2.794970e+002 2.877070e+002 0.000000e+000
      vertex   -2.799788e+002 2.877070e+002 5.203124e+000
      vertex   -2.799724e+002 2.877070e+002 5.215680e+000
    endloop
  endfacet
  facet normal 0.000000e+000 2.480265e-001 0.000000e+000
    outer loop
      vertex   -2.794970e+002 2.877070e+002 0.000000e+000
      vertex   -2.799724e+002 2.877070e+002 5.215680e+000
      vertex   -2.798578e+002 2.877070e+002 5.450502e+000
    endloop
  endfacet
  facet normal 0.000000e+000 1.685567e-002 0.000000e+000
    outer loop
      vertex   -2.794970e+002 2.877070e+002 0.000000e+000
      vertex   -2.798578e+002 2.877070e+002 5.450502e+000
      vertex   -2.798498e+002 2.877070e+002 5.468906e+000
    endloop
  endfacet
  facet normal 0.000000e+000 1.917183e-001 0.000000e+000
    outer loop
      vertex   -2.794970e+002 2.877070e+002 0.000000e+000
      vertex   -2.798498e+002 2.877070e+002 5.468906e+000
      vertex   -2.797545e+002 2.877070e+002 5.689369e+000
    endloop
  endfacet
  facet normal 0.000000e+000 1.505498e-001 0.000000e+000
    outer loop
      vertex   -2.794970e+002 2.877070e+002 0.000000e+000
      vertex   -2.797545e+002 2.877070e+002 5.689369e+000
      vertex   -2.796752e+002 2.877070e+002 5.902536e+000
    endloop
  endfacet
  facet normal 0.000000e+000 1.370137e-002 0.000000e+000
    outer loop
      vertex   -2.794970e+002 2.877070e+002 0.000000e+000
      vertex   -2.796752e+002 2.877070e+002 5.902536e+000
      vertex   -2.796677e+002 2.877070e+002 5.923306e+000
    endloop
  endfacet
  facet normal 0.000000e+000 1.098942e-001 0.000000e+000
    outer loop
      vertex   -2.794970e+002 2.877070e+002 0.000000e+000
      vertex   -2.796677e+002 2.877070e+002 5.923306e+000
      vertex   -2.796061e+002 2.877070e+002 6.122142e+000
    endloop
  endfacet
  facet normal 0.000000e+000 1.783307e-002 0.000000e+000
    outer loop
      vertex   -2.794970e+002 2.877070e+002 0.000000e+000
      vertex   -2.796061e+002 2.877070e+002 6.122142e+000
      vertex   -2.795958e+002 2.877070e+002 6.159096e+000
    endloop
  endfacet
  facet normal 0.000000e+000 7.250755e-002 0.000000e+000
    outer loop
      vertex   -2.794970e+002 2.877070e+002 0.000000e+000
      vertex   -2.795958e+002 2.877070e+002 6.159096e+000
      vertex   -2.795527e+002 2.877070e+002 6.335592e+000
    endloop
  endfacet
  facet normal 0.000000e+000 2.708565e-002 0.000000e+000
    outer loop
      vertex   -2.794970e+002 2.877070e+002 0.000000e+000
      vertex   -2.795527e+002 2.877070e+002 6.335592e+000
      vertex   -2.795360e+002 2.877070e+002 6.419601e+000
    endloop
  endfacet
  facet normal 0.000000e+000 3.413856e-002 0.000000e+000
    outer loop
      vertex   -2.794970e+002 2.877070e+002 0.000000e+000
      vertex   -2.795360e+002 2.877070e+002 6.419601e+000
      vertex   -2.795144e+002 2.877070e+002 6.541783e+000
    endloop
  endfacet
  facet normal 0.000000e+000 2.659054e-002 0.000000e+000
    outer loop
      vertex   -2.794970e+002 2.877070e+002 0.000000e+000
      vertex   -2.795144e+002 2.877070e+002 6.541783e+000
      vertex   -2.794970e+002 2.877070e+002 6.691681e+000
    endloop
  endfacet
  facet normal 0.000000e+000 1.461793e+000 0.000000e+000
    outer loop
      vertex   -2.794970e+002 2.877070e+002 0.000000e+000
      vertex   -2.794970e+002 2.877070e+002 6.691681e+000
      vertex   -2.785082e+002 2.877070e+002 6.691620e+000
    endloop
  endfacet
  facet normal 0.000000e+000 9.892581e+000 0.000000e+000
    outer loop
      vertex   -2.794970e+002 2.877070e+002 0.000000e+000
      vertex   -2.785082e+002 2.877070e+002 6.691620e+000
      vertex   -2.788066e+002 2.877070e+002 0.000000e+000
    endloop
  endfacet
  facet normal 0.000000e+000 3.459267e-003 0.000000e+000
    outer loop
      vertex   -2.799788e+002 2.877070e+002 5.203124e+000
      vertex   -2.799954e+002 2.877070e+002 4.983816e-001
      vertex   -2.799970e+002 2.877070e+002 5.000000e-001
    endloop
  endfacet
  facet normal 0.000000e+000 1.471917e-004 0.000000e+000
    outer loop
      vertex   -2.799788e+002 2.877070e+002 5.203124e+000
      vertex   -2.799970e+002 2.877070e+002 5.000000e-001
      vertex   -2.799970e+002 2.877070e+002 5.177975e-001
    endloop
  endfacet
  facet normal 0.000000e+000 1.563543e-005 0.000000e+000
    outer loop
      vertex   -2.799788e+002 2.877070e+002 5.203124e+000
      vertex   -2.799970e+002 2.877070e+002 5.177975e-001
      vertex   -2.799970e+002 2.877070e+002 5.196800e-001
    endloop
  endfacet
  facet normal 0.000000e+000 2.037436e-005 0.000000e+000
    outer loop
      vertex   -2.799788e+002 2.877070e+002 5.203124e+000
      vertex   -2.799970e+002 2.877070e+002 5.196800e-001
      vertex   -2.799970e+002 2.877070e+002 5.221310e-001
    endloop
  endfacet
  facet normal 0.000000e+000 2.670922e-005 0.000000e+000
    outer loop
      vertex   -2.799788e+002 2.877070e+002 5.203124e+000
      vertex   -2.799970e+002 2.877070e+002 5.221310e-001
      vertex   -2.799970e+002 2.877070e+002 5.253401e-001
    endloop
  endfacet
  facet normal 0.000000e+000 3.538504e-005 0.000000e+000
    outer loop
      vertex   -2.799788e+002 2.877070e+002 5.203124e+000
      vertex   -2.799970e+002 2.877070e+002 5.253401e-001
      vertex   -2.799970e+002 2.877070e+002 5.295849e-001
    endloop
  endfacet
  facet normal 0.000000e+000 4.762747e-005 0.000000e+000
    outer loop
      vertex   -2.799788e+002 2.877070e+002 5.203124e+000
      vertex   -2.799970e+002 2.877070e+002 5.295849e-001
      vertex   -2.799970e+002 2.877070e+002 5.352859e-001
    endloop
  endfacet
  facet normal 0.000000e+000 6.558114e-005 0.000000e+000
    outer loop
      vertex   -2.799788e+002 2.877070e+002 5.203124e+000
      vertex   -2.799970e+002 2.877070e+002 5.352859e-001
      vertex   -2.799970e+002 2.877070e+002 5.431137e-001
    endloop
  endfacet
  facet normal 0.000000e+000 9.325512e-005 0.000000e+000
    outer loop
      vertex   -2.799788e+002 2.877070e+002 5.203124e+000
      vertex   -2.799970e+002 2.877070e+002 5.431137e-001
      vertex   -2.799970e+002 2.877070e+002 5.541992e-001
    endloop
  endfacet
  facet normal 0.000000e+000 1.387264e-004 0.000000e+000
    outer loop
      vertex   -2.799788e+002 2.877070e+002 5.203124e+000
      vertex   -2.799970e+002 2.877070e+002 5.541992e-001
      vertex   -2.799970e+002 2.877070e+002 5.705929e-001
    endloop
  endfacet
  facet normal 0.000000e+000 2.206662e-004 0.000000e+000
    outer loop
      vertex   -2.799788e+002 2.877070e+002 5.203124e+000
      vertex   -2.799970e+002 2.877070e+002 5.705929e-001
      vertex   -2.799970e+002 2.877070e+002 5.964327e-001
    endloop
  endfacet
  facet normal 0.000000e+000 3.901246e-004 0.000000e+000
    outer loop
      vertex   -2.799788e+002 2.877070e+002 5.203124e+000
      vertex   -2.799970e+002 2.877070e+002 5.964327e-001
      vertex   -2.799970e+002 2.877070e+002 6.414175e-001
    endloop
  endfacet
  facet normal 0.000000e+000 8.344411e-004 0.000000e+000
    outer loop
      vertex   -2.799788e+002 2.877070e+002 5.203124e+000
      vertex   -2.799970e+002 2.877070e+002 6.414175e-001
      vertex   -2.799970e+002 2.877070e+002 7.347470e-001
    endloop
  endfacet
  facet normal 0.000000e+000 2.809186e-003 0.000000e+000
    outer loop
      vertex   -2.799788e+002 2.877070e+002 5.203124e+000
      vertex   -2.799970e+002 2.877070e+002 7.347470e-001
      vertex   -2.799970e+002 2.877070e+002 1.022685e+000
    endloop
  endfacet
  facet normal 0.000000e+000 4.793629e+000 0.000000e+000
    outer loop
      vertex   -2.799788e+002 2.877070e+002 5.203124e+000
      vertex   -2.799970e+002 2.877070e+002 1.022685e+000
      vertex   -2.799970e+002 2.877070e+002 5.170102e+000
    endloop
  endfacet
endsolid
