ISO-10303-21;
HEADER;
FILE_DESCRIPTION (( 'STEP AP214' ),
    '1' );
FILE_NAME ('GoPro Harness Adapter.STEP',
    '2025-04-22T17:41:52',
    ( '' ),
    ( '' ),
    'SwSTEP 2.0',
    'SolidWorks 2023',
    '' );
FILE_SCHEMA (( 'AUTOMOTIVE_DESIGN' ));
ENDSEC;

DATA;
#1 = ORIENTED_EDGE ( 'NONE', *, *, #441, .T. ) ;
#2 = FACE_OUTER_BOUND ( 'NONE', #3586, .T. ) ;
#3 = ORIENTED_EDGE ( 'NONE', *, *, #583, .T. ) ;
#4 = DIRECTION ( 'NONE',  ( -3.469446951953609456E-15, 0.2881879483511564088, 0.9575738647358496003 ) ) ;
#5 = DIRECTION ( 'NONE',  ( 2.182042108146926802E-16, -1.000000000000000000, 0.000000000000000000 ) ) ;
#6 = DIRECTION ( 'NONE',  ( 0.000000000000000000, -1.000000000000000000, 0.000000000000000000 ) ) ;
#7 = VERTEX_POINT ( 'NONE', #6194 ) ;
#8 = VERTEX_POINT ( 'NONE', #321 ) ;
#9 = ORIENTED_EDGE ( 'NONE', *, *, #3424, .F. ) ;
#10 = EDGE_CURVE ( 'NONE', #4402, #1930, #2279, .T. ) ;
#11 = LINE ( 'NONE', #3754, #3201 ) ;
#12 = CARTESIAN_POINT ( 'NONE',  ( 233.1464285714397704, -62.00000000000056843, 2.250000000000000000 ) ) ;
#13 = CARTESIAN_POINT ( 'NONE',  ( 10.45000000000000639, -61.99999999999999289, -4.549999999999999822 ) ) ;
#14 = CARTESIAN_POINT ( 'NONE',  ( -25.75000000000001066, -21.50000000000000000, 2.250000000000000000 ) ) ;
#15 = EDGE_LOOP ( 'NONE', ( #3242, #3997, #1508, #239 ) ) ;
#16 = EDGE_CURVE ( 'NONE', #4056, #5181, #2559, .T. ) ;
#17 = EDGE_CURVE ( 'NONE', #4250, #5317, #787, .T. ) ;
#18 = CARTESIAN_POINT ( 'NONE',  ( -20.00000000000000000, -22.74999999999999645, 0.000000000000000000 ) ) ;
#19 = DIRECTION ( 'NONE',  ( 1.000000000000000000, 0.000000000000000000, 0.000000000000000000 ) ) ;
#20 = DIRECTION ( 'NONE',  ( 1.000000000000000000, 0.000000000000000000, 0.000000000000000000 ) ) ;
#21 = CARTESIAN_POINT ( 'NONE',  ( 25.29305373930174383, 18.04305373930159107, -2.852596106570153722 ) ) ;
#22 = CARTESIAN_POINT ( 'NONE',  ( 1.549999999999999822, -24.99999999999998579, 0.2499999999999997780 ) ) ;
#23 = VERTEX_POINT ( 'NONE', #2309 ) ;
#24 = EDGE_LOOP ( 'NONE', ( #4821, #3925, #1293, #988, #4850 ) ) ;
#25 = EDGE_CURVE ( 'NONE', #743, #4712, #3290, .T. ) ;
#26 = AXIS2_PLACEMENT_3D ( 'NONE', #2726, #774, #4777 ) ;
#27 = AXIS2_PLACEMENT_3D ( 'NONE', #5936, #2467, #2945 ) ;
#28 = CARTESIAN_POINT ( 'NONE',  ( -10.80293098512997574, -61.96986997381925732, -1.692892955326163351 ) ) ;
#29 = CARTESIAN_POINT ( 'NONE',  ( 24.10000000000000497, 17.15000000000000213, -3.000000000000000000 ) ) ;
#30 = AXIS2_PLACEMENT_3D ( 'NONE', #4326, #2821, #6291 ) ;
#31 = CARTESIAN_POINT ( 'NONE',  ( 25.68886800734573228, -18.43886800734557596, -2.614074611183985208 ) ) ;
#32 = DIRECTION ( 'NONE',  ( 2.182042108146926802E-16, -1.000000000000000000, -0.000000000000000000 ) ) ;
#33 = AXIS2_PLACEMENT_3D ( 'NONE', #1944, #4895, #3438 ) ;
#34 = ORIENTED_EDGE ( 'NONE', *, *, #1210, .F. ) ;
#35 = DIRECTION ( 'NONE',  ( 0.000000000000000000, 0.000000000000000000, 1.000000000000000000 ) ) ;
#36 = ORIENTED_EDGE ( 'NONE', *, *, #2749, .T. ) ;
#37 = VECTOR ( 'NONE', #1214, 1000.000000000000000 ) ;
#38 = DIRECTION ( 'NONE',  ( 0.000000000000000000, -1.000000000000000000, 0.000000000000000000 ) ) ;
#39 = CARTESIAN_POINT ( 'NONE',  ( 2.519999999999991136, -22.74999999999999289, -5.920000000000008811 ) ) ;
#40 = PLANE ( 'NONE',  #3600 ) ;
#41 = PRODUCT_CONTEXT ( 'NONE', #4376, 'mechanical' ) ;
#42 = DIRECTION ( 'NONE',  ( 0.000000000000000000, 1.000000000000000000, 0.000000000000000000 ) ) ;
#43 = ORIENTED_EDGE ( 'NONE', *, *, #5601, .T. ) ;
#44 = EDGE_LOOP ( 'NONE', ( #3428, #2155, #2554, #6310 ) ) ;
#45 = ORIENTED_EDGE ( 'NONE', *, *, #1616, .F. ) ;
#46 = AXIS2_PLACEMENT_3D ( 'NONE', #2633, #1641, #1229 ) ;
#47 = DIRECTION ( 'NONE',  ( 0.000000000000000000, 0.000000000000000000, 1.000000000000000000 ) ) ;
#48 = CARTESIAN_POINT ( 'NONE',  ( 14.38974437103079218, 22.68569138717328926, -0.8010518698063842091 ) ) ;
#49 = CARTESIAN_POINT ( 'NONE',  ( -23.57650417086913563, 17.30704874873928389, -2.947945328313032576 ) ) ;
#50 = EDGE_CURVE ( 'NONE', #4742, #272, #4256, .T. ) ;
#51 = VECTOR ( 'NONE', #417, 1000.000000000000000 ) ;
#52 = CARTESIAN_POINT ( 'NONE',  ( -3.012339100162039429, 26.50000000000000355, 2.250000000000000000 ) ) ;
#53 = ORIENTED_EDGE ( 'NONE', *, *, #2624, .F. ) ;
#54 = VECTOR ( 'NONE', #5750, 1000.000000000000000 ) ;
#55 = CARTESIAN_POINT ( 'NONE',  ( 23.79782862990116499, 18.15723790032951968, -2.747572801732100611 ) ) ;
#56 = CARTESIAN_POINT ( 'NONE',  ( 0.000000000000000000, -53.99999999999999289, -8.400000000000003908 ) ) ;
#57 = DIRECTION ( 'NONE',  ( -1.000000000000000000, -6.033820786006280787E-16, -0.000000000000000000 ) ) ;
#58 = CARTESIAN_POINT ( 'NONE',  ( -2.519999999999994245, 22.75000000000000000, -6.380000000000024762 ) ) ;
#59 = B_SPLINE_CURVE_WITH_KNOTS ( 'NONE', 3,
 ( #3206, #5173, #777, #295, #2251, #4936, #2880, #2973, #1952, #5325, #1988, #931, #3897, #2942, #964, #3354, #2504, #997 ),
 .UNSPECIFIED., .F., .F.,
 ( 4, 2, 2, 2, 2, 2, 2, 2, 4 ),
 ( 0.000000000000000000, 0.0003274407504162741189, 0.0006548815008325480211, 0.0009823222512488217605, 0.001309763001665095608, 0.001964644502497646990, 0.002619526003330197722, 0.003929289004995293114, 0.005239052006660388505 ),
 .UNSPECIFIED. ) ;
#60 = DIRECTION ( 'NONE',  ( 0.000000000000000000, 0.000000000000000000, 1.000000000000000000 ) ) ;
#61 = DIRECTION ( 'NONE',  ( -3.016910393003147592E-15, -1.000000000000000000, 0.000000000000000000 ) ) ;
#62 = EDGE_CURVE ( 'NONE', #2406, #3479, #4678, .T. ) ;
#63 = VERTEX_POINT ( 'NONE', #1263 ) ;
#64 = ORIENTED_EDGE ( 'NONE', *, *, #3995, .T. ) ;
#65 = CARTESIAN_POINT ( 'NONE',  ( 22.59322640498323409, -17.60203207850499751, -2.321653529729422960 ) ) ;
#66 = CARTESIAN_POINT ( 'NONE',  ( 24.74465896972077772, -17.49465896972076706, -2.985108054652951814 ) ) ;
#67 = EDGE_CURVE ( 'NONE', #4147, #3665, #59, .T. ) ;
#68 = PLANE ( 'NONE',  #6171 ) ;
#69 = ADVANCED_FACE ( 'NONE', ( #2 ), #4417, .F. ) ;
#70 = ORIENTED_EDGE ( 'NONE', *, *, #4764, .T. ) ;
#71 = ORIENTED_EDGE ( 'NONE', *, *, #3219, .T. ) ;
#72 = DIRECTION ( 'NONE',  ( 1.000000000000000000, 2.403139825818710681E-16, 0.000000000000000000 ) ) ;
#73 = CARTESIAN_POINT ( 'NONE',  ( -19.30553904358385964, -21.70635371092708610, -0.009318781391014309412 ) ) ;
#74 = CARTESIAN_POINT ( 'NONE',  ( -8.765423875202548842, 25.25000000000000000, -8.400000000000003908 ) ) ;
#75 = CARTESIAN_POINT ( 'NONE',  ( 0.5949730773744684731, 22.74999999491029712, -8.844275902926273858 ) ) ;
#76 = EDGE_CURVE ( 'NONE', #5674, #1979, #2399, .T. ) ;
#77 = VERTEX_POINT ( 'NONE', #2112 ) ;
#78 = VECTOR ( 'NONE', #3933, 1000.000000000000000 ) ;
#79 = ORIENTED_EDGE ( 'NONE', *, *, #2779, .T. ) ;
#80 = CARTESIAN_POINT ( 'NONE',  ( -26.40000000000000568, 17.75000000000000711, -3.000000000000000000 ) ) ;
#81 = CARTESIAN_POINT ( 'NONE',  ( -7.948326093704751294, -39.99999999999999289, -5.550000000000000711 ) ) ;
#82 = LINE ( 'NONE', #659, #4857 ) ;
#83 = CYLINDRICAL_SURFACE ( 'NONE', #5097, 2.000000000000000000 ) ;
#84 = ORIENTED_EDGE ( 'NONE', *, *, #3653, .F. ) ;
#85 = CARTESIAN_POINT ( 'NONE',  ( -2.770070464751050862E-15, 22.75000000000000000, -5.920000000000007923 ) ) ;
#86 = CARTESIAN_POINT ( 'NONE',  ( -10.44999999999999041, -61.85193392241708921, -2.229099791690333454 ) ) ;
#87 = CARTESIAN_POINT ( 'NONE',  ( 9.975266182186931729, -62.85093797532530147, -1.250000000000000222 ) ) ;
#88 = CARTESIAN_POINT ( 'NONE',  ( 0.5524329214719417847, -22.87076453181429514, -8.899999999999787192 ) ) ;
#89 = FACE_OUTER_BOUND ( 'NONE', #2861, .T. ) ;
#90 = VECTOR ( 'NONE', #2900, 1000.000000000000000 ) ;
#91 = FACE_OUTER_BOUND ( 'NONE', #5801, .T. ) ;
#92 = VERTEX_POINT ( 'NONE', #1890 ) ;
#93 = ORIENTED_EDGE ( 'NONE', *, *, #2052, .T. ) ;
#94 = AXIS2_PLACEMENT_3D ( 'NONE', #4492, #101, #2975 ) ;
#95 = CARTESIAN_POINT ( 'NONE',  ( 23.50000000000000355, 19.14999999999999858, 0.000000000000000000 ) ) ;
#96 = CARTESIAN_POINT ( 'NONE',  ( 10.75067503738214114, -62.07070015331455437, -1.660332098760606279 ) ) ;
#97 = CARTESIAN_POINT ( 'NONE',  ( 8.450000000000013500, -62.00000000000000000, -5.050000000000000711 ) ) ;
#98 = FACE_OUTER_BOUND ( 'NONE', #2922, .T. ) ;
#99 = VERTEX_POINT ( 'NONE', #2915 ) ;
#100 = ORIENTED_EDGE ( 'NONE', *, *, #183, .T. ) ;
#101 = DIRECTION ( 'NONE',  ( 0.000000000000000000, 1.000000000000000000, 0.000000000000000000 ) ) ;
#102 = EDGE_CURVE ( 'NONE', #3474, #350, #1718, .T. ) ;
#103 =( BOUNDED_CURVE ( )  B_SPLINE_CURVE ( 3, ( #4796, #5437, #5404, #3916 ),
 .UNSPECIFIED., .F., .T. ) 
 B_SPLINE_CURVE_WITH_KNOTS ( ( 4, 4 ),
 ( 3.141592653589793116, 4.712388980384689674 ),
 .UNSPECIFIED. ) 
 CURVE ( )  GEOMETRIC_REPRESENTATION_ITEM ( )  RATIONAL_B_SPLINE_CURVE ( ( 1.000000000000000000, 0.8047378541243649375, 0.8047378541243649375, 1.000000000000000000 ) ) 
 REPRESENTATION_ITEM ( '' )  );
#104 = DIRECTION ( 'NONE',  ( -0.9098396906015789876, 0.4149599226503967175, 0.000000000000000000 ) ) ;
#105 = DIRECTION ( 'NONE',  ( 0.000000000000000000, 1.000000000000000000, 0.000000000000000000 ) ) ;
#106 = CARTESIAN_POINT ( 'NONE',  ( 0.2992693023541567188, 22.75000000000000000, -8.900000000000011013 ) ) ;
#107 = EDGE_LOOP ( 'NONE', ( #824, #1300, #149, #684 ) ) ;
#108 = ORIENTED_EDGE ( 'NONE', *, *, #1888, .T. ) ;
#109 = ADVANCED_FACE ( 'NONE', ( #4872 ), #5419, .F. ) ;
#110 = DIRECTION ( 'NONE',  ( 0.000000000000000000, 0.000000000000000000, 1.000000000000000000 ) ) ;
#111 = DIRECTION ( 'NONE',  ( 1.000000000000000000, 0.000000000000000000, -0.000000000000000000 ) ) ;
#112 = DIRECTION ( 'NONE',  ( 0.000000000000000000, -0.000000000000000000, -1.000000000000000000 ) ) ;
#113 = LINE ( 'NONE', #3979, #4337 ) ;
#114 = DIRECTION ( 'NONE',  ( 1.555805808050947011E-16, -0.000000000000000000, -1.000000000000000000 ) ) ;
#115 = ORIENTED_EDGE ( 'NONE', *, *, #4731, .T. ) ;
#116 = CARTESIAN_POINT ( 'NONE',  ( 23.62293541693277987, 18.74021527689064825, -2.219979545272424915 ) ) ;
#117 = CARTESIAN_POINT ( 'NONE',  ( 8.765423875202550619, 25.25000000000000000, 2.250000000000000000 ) ) ;
#118 = CARTESIAN_POINT ( 'NONE',  ( 10.45000000000000639, -61.99999999999999289, -2.184538389453066110 ) ) ;
#119 = DIRECTION ( 'NONE',  ( -1.000000000000000000, -1.217613391099363125E-16, 0.000000000000000000 ) ) ;
#120 = VECTOR ( 'NONE', #686, 1000.000000000000000 ) ;
#121 = DIRECTION ( 'NONE',  ( -0.000000000000000000, -0.000000000000000000, 1.000000000000000000 ) ) ;
#122 = CARTESIAN_POINT ( 'NONE',  ( -23.20694626069849065, -18.04305373930150580, -2.852596106570210122 ) ) ;
#123 = EDGE_LOOP ( 'NONE', ( #5956, #6078, #5045, #6099 ) ) ;
#124 = CARTESIAN_POINT ( 'NONE',  ( 23.50386765614451434, -19.13710781285181639, -1.261796208304253319 ) ) ;
#125 = AXIS2_PLACEMENT_3D ( 'NONE', #1593, #2192, #6113 ) ;
#126 = CARTESIAN_POINT ( 'NONE',  ( -15.00000000000000355, 12.50000000000000000, 2.250000000000000000 ) ) ;
#127 = SPHERICAL_SURFACE ( 'NONE', #332, 0.5000000000000000000 ) ;
#128 = EDGE_CURVE ( 'NONE', #3355, #6115, #1030, .T. ) ;
#129 = ORIENTED_EDGE ( 'NONE', *, *, #3259, .T. ) ;
#130 = EDGE_LOOP ( 'NONE', ( #814, #2612, #5632 ) ) ;
#131 = CARTESIAN_POINT ( 'NONE',  ( -2.433630889136431505E-15, -21.35000000000000142, -6.380000000000024762 ) ) ;
#132 = CARTESIAN_POINT ( 'NONE',  ( -18.74779483128756752, -22.70346892902294300, -0.8184123517206952636 ) ) ;
#133 = CARTESIAN_POINT ( 'NONE',  ( -10.44999999999999929, -26.75000000000000000, -8.400000000000003908 ) ) ;
#134 = VECTOR ( 'NONE', #220, 1000.000000000000000 ) ;
#135 = B_SPLINE_CURVE_WITH_KNOTS ( 'NONE', 3,
 ( #118, #3884, #982, #4404, #4019, #5989, #1590, #2487 ),
 .UNSPECIFIED., .F., .F.,
 ( 4, 2, 2, 4 ),
 ( 0.000000000000000000, 0.0003458492589054094966, 0.0006916985178108189932, 0.001383397035621638637 ),
 .UNSPECIFIED. ) ;
#136 = CARTESIAN_POINT ( 'NONE',  ( -9.975266182186931729, -62.85093797532530147, -1.250000000000000222 ) ) ;
#137 = EDGE_CURVE ( 'NONE', #3640, #2673, #5802, .T. ) ;
#138 = EDGE_CURVE ( 'NONE', #1698, #6015, #5897, .T. ) ;
#139 = EDGE_LOOP ( 'NONE', ( #4137, #2699, #889, #890 ) ) ;
#140 = VECTOR ( 'NONE', #1357, 1000.000000000000000 ) ;
#141 = ORIENTED_EDGE ( 'NONE', *, *, #4397, .T. ) ;
#142 = CARTESIAN_POINT ( 'NONE',  ( -5.000000000000000000, -54.49999999999999289, -8.400000000000003908 ) ) ;
#143 = PLANE ( 'NONE',  #5650 ) ;
#144 = CARTESIAN_POINT ( 'NONE',  ( -25.75000000000001066, -21.49999999999999645, 2.250000000000000000 ) ) ;
#145 = LINE ( 'NONE', #6075, #1691 ) ;
#146 = VECTOR ( 'NONE', #533, 1000.000000000000000 ) ;
#147 = EDGE_CURVE ( 'NONE', #369, #208, #4889, .T. ) ;
#148 = VERTEX_POINT ( 'NONE', #1631 ) ;
#149 = ORIENTED_EDGE ( 'NONE', *, *, #970, .F. ) ;
#150 = AXIS2_PLACEMENT_3D ( 'NONE', #1118, #3062, #697 ) ;
#151 = FACE_OUTER_BOUND ( 'NONE', #1080, .T. ) ;
#152 = LINE ( 'NONE', #1693, #2187 ) ;
#153 = CARTESIAN_POINT ( 'NONE',  ( -25.00000000000000711, -19.14999999999999858, -1.000000000000000000 ) ) ;
#154 = CARTESIAN_POINT ( 'NONE',  ( -18.75000000000000711, -23.89999999999999503, -8.400000000000003908 ) ) ;
#155 = VECTOR ( 'NONE', #2314, 1000.000000000000000 ) ;
#156 = DIRECTION ( 'NONE',  ( 0.000000000000000000, 0.000000000000000000, 1.000000000000000000 ) ) ;
#157 = VECTOR ( 'NONE', #1076, 1000.000000000000000 ) ;
#158 = ORIENTED_EDGE ( 'NONE', *, *, #970, .T. ) ;
#159 = CARTESIAN_POINT ( 'NONE',  ( -13.87500000000000000, -26.74999999999999645, -2.250000000000003109 ) ) ;
#160 = CARTESIAN_POINT ( 'NONE',  ( -10.33539793924566652, -62.59518443454111036, -1.426081070660441874 ) ) ;
#161 = DIRECTION ( 'NONE',  ( -0.000000000000000000, -0.000000000000000000, 1.000000000000000000 ) ) ;
#162 = CARTESIAN_POINT ( 'NONE',  ( -24.40000000000000568, 17.15000000000000568, -3.000000000000000000 ) ) ;
#163 = CARTESIAN_POINT ( 'NONE',  ( -25.75000000000001066, -18.49999999999999645, 2.250000000000000000 ) ) ;
#164 = ORIENTED_EDGE ( 'NONE', *, *, #2986, .F. ) ;
#165 = ORIENTED_EDGE ( 'NONE', *, *, #1787, .T. ) ;
#166 = CARTESIAN_POINT ( 'NONE',  ( -10.94999999999999396, -51.25000000000000000, -1.750000000000000222 ) ) ;
#167 = DIRECTION ( 'NONE',  ( 1.000000000000000000, 0.000000000000000000, 0.000000000000000000 ) ) ;
#168 = CARTESIAN_POINT ( 'NONE',  ( 2.519999999999989360, 22.75000000000000000, -6.380000000000024762 ) ) ;
#169 = EDGE_CURVE ( 'NONE', #1840, #2103, #2729, .T. ) ;
#170 = CARTESIAN_POINT ( 'NONE',  ( -10.35315320451403487, -62.43726296740359061, -1.863778338870811568 ) ) ;
#171 = VERTEX_POINT ( 'NONE', #3450 ) ;
#172 = ORIENTED_EDGE ( 'NONE', *, *, #4567, .T. ) ;
#173 = CARTESIAN_POINT ( 'NONE',  ( -23.50000000000000355, 19.15000000000000568, -3.000000000000000000 ) ) ;
#174 = CARTESIAN_POINT ( 'NONE',  ( 5.000000000000000000, -54.49999999999999289, -8.400000000000003908 ) ) ;
#175 = EDGE_CURVE ( 'NONE', #5965, #2927, #3420, .T. ) ;
#176 = CARTESIAN_POINT ( 'NONE',  ( 2.782103687887331604E-15, -38.99999999999999289, -8.400000000000003908 ) ) ;
#177 = LINE ( 'NONE', #4011, #2100 ) ;
#178 = VECTOR ( 'NONE', #4228, 1000.000000000000000 ) ;
#179 = ORIENTED_EDGE ( 'NONE', *, *, #2324, .F. ) ;
#180 = VERTEX_POINT ( 'NONE', #2431 ) ;
#181 = CARTESIAN_POINT ( 'NONE',  ( 23.92985033109662751, 17.32014966890318419, -3.000000011189122517 ) ) ;
#182 = DIRECTION ( 'NONE',  ( -2.403139825818710681E-16, -1.000000000000000000, -0.000000000000000000 ) ) ;
#183 = EDGE_CURVE ( 'NONE', #1024, #92, #6286, .T. ) ;
#184 = DIRECTION ( 'NONE',  ( 1.000000000000000000, 1.217613391099363125E-16, -0.000000000000000000 ) ) ;
#185 = VECTOR ( 'NONE', #3435, 1000.000000000000000 ) ;
#186 = ORIENTED_EDGE ( 'NONE', *, *, #3005, .T. ) ;
#187 = CARTESIAN_POINT ( 'NONE',  ( 25.00000000000000000, 19.14999999999999858, -1.000000000000000000 ) ) ;
#188 = DIRECTION ( 'NONE',  ( 1.387778780781444256E-14, 1.000000000000000000, -4.814824860968084588E-29 ) ) ;
#189 = EDGE_CURVE ( 'NONE', #3353, #1144, #3651, .T. ) ;
#190 = CIRCLE ( 'NONE', #2545, 0.5000000000000004441 ) ;
#191 = DIRECTION ( 'NONE',  ( 1.000000000000000000, 0.000000000000000000, 0.000000000000000000 ) ) ;
#192 = CARTESIAN_POINT ( 'NONE',  ( -15.00000000000000711, -52.50000000000000000, -1.750000000000000222 ) ) ;
#193 = DIRECTION ( 'NONE',  ( 1.000000000000000000, 0.000000000000000000, 0.000000000000000000 ) ) ;
#194 = CIRCLE ( 'NONE', #6332, 0.5000000000000004441 ) ;
#195 = ORIENTED_EDGE ( 'NONE', *, *, #1902, .T. ) ;
#196 = ORIENTED_EDGE ( 'NONE', *, *, #2175, .T. ) ;
#197 = DIRECTION ( 'NONE',  ( -1.000000000000000000, -2.500502307714316137E-16, -1.250251153857158069E-16 ) ) ;
#198 = CARTESIAN_POINT ( 'NONE',  ( 2.782103687887331604E-15, -39.49999999999999289, -5.550000000000000711 ) ) ;
#199 = CYLINDRICAL_SURFACE ( 'NONE', #4551, 0.5000000000000004441 ) ;
#200 = CARTESIAN_POINT ( 'NONE',  ( -10.43377671069436197, -62.23773250664399370, -1.730293437558072078 ) ) ;
#201 = ORIENTED_EDGE ( 'NONE', *, *, #4874, .T. ) ;
#202 = ORIENTED_EDGE ( 'NONE', *, *, #6059, .T. ) ;
#203 = LINE ( 'NONE', #4199, #864 ) ;
#204 = FACE_OUTER_BOUND ( 'NONE', #3427, .T. ) ;
#205 = CARTESIAN_POINT ( 'NONE',  ( -24.93929978232826983, -18.94766594109432134, -1.886302363899363232 ) ) ;
#206 = CARTESIAN_POINT ( 'NONE',  ( 10.45000000000000284, -39.49999999999999289, 2.250000000000000000 ) ) ;
#207 = EDGE_CURVE ( 'NONE', #974, #6224, #3385, .T. ) ;
#208 = VERTEX_POINT ( 'NONE', #187 ) ;
#209 = ORIENTED_EDGE ( 'NONE', *, *, #5003, .T. ) ;
#210 = CARTESIAN_POINT ( 'NONE',  ( -7.442068080861745649, -39.95437510388313029, -4.615580702367435784 ) ) ;
#211 = CARTESIAN_POINT ( 'NONE',  ( -10.94999999999998863, -61.54553470576541230, -1.750000000000000222 ) ) ;
#212 = CARTESIAN_POINT ( 'NONE',  ( 26.40000000000000213, -17.74999999999999645, -2.171572875253809709 ) ) ;
#213 = LINE ( 'NONE', #667, #3720 ) ;
#214 = CARTESIAN_POINT ( 'NONE',  ( -2.519999999999994245, -22.75000000000000000, -6.380000000000024762 ) ) ;
#215 = EDGE_CURVE ( 'NONE', #3262, #5420, #1304, .T. ) ;
#216 = ADVANCED_FACE ( 'NONE', ( #6053 ), #4781, .F. ) ;
#217 = EDGE_LOOP ( 'NONE', ( #2763, #3111, #3221, #907 ) ) ;
#218 = CARTESIAN_POINT ( 'NONE',  ( -1.506651917331951473, -23.24999999999999645, -8.900000000000005684 ) ) ;
#219 = CARTESIAN_POINT ( 'NONE',  ( -6.944154063330265636, -39.49999999999999289, -4.549999999999999822 ) ) ;
#220 = DIRECTION ( 'NONE',  ( 8.673617379884036458E-16, 0.000000000000000000, -1.000000000000000000 ) ) ;
#221 = EDGE_CURVE ( 'NONE', #171, #3474, #888, .T. ) ;
#222 = ORIENTED_EDGE ( 'NONE', *, *, #2519, .T. ) ;
#223 = EDGE_LOOP ( 'NONE', ( #6287, #6137, #6326, #5591 ) ) ;
#224 = CIRCLE ( 'NONE', #1045, 13.36419377152116716 ) ;
#225 = CYLINDRICAL_SURFACE ( 'NONE', #4074, 0.5000000000000004441 ) ;
#226 = DIRECTION ( 'NONE',  ( -0.000000000000000000, -0.000000000000000000, 1.000000000000000000 ) ) ;
#227 = CARTESIAN_POINT ( 'NONE',  ( 15.90000000000000036, -26.74999999999999645, 2.250000000000000000 ) ) ;
#228 = FACE_OUTER_BOUND ( 'NONE', #898, .T. ) ;
#229 = CIRCLE ( 'NONE', #2170, 1.400000000000005462 ) ;
#230 = ORIENTED_EDGE ( 'NONE', *, *, #3653, .T. ) ;
#231 = ORIENTED_EDGE ( 'NONE', *, *, #5003, .F. ) ;
#232 = CIRCLE ( 'NONE', #2478, 11.66415094339659930 ) ;
#233 = CARTESIAN_POINT ( 'NONE',  ( 28.75000000000000711, -18.49999999999999645, 0.000000000000000000 ) ) ;
#234 = CARTESIAN_POINT ( 'NONE',  ( -24.85203207850509344, -18.65677359501671617, -2.321653529729465593 ) ) ;
#235 = DIRECTION ( 'NONE',  ( 0.000000000000000000, 0.000000000000000000, 1.000000000000000000 ) ) ;
#236 = CARTESIAN_POINT ( 'NONE',  ( 24.40000000000000568, -17.14999999999999858, -3.000000000000000000 ) ) ;
#237 = CIRCLE ( 'NONE', #4640, 0.5000000000000004441 ) ;
#238 = AXIS2_PLACEMENT_3D ( 'NONE', #1157, #3101, #641 ) ;
#239 = ORIENTED_EDGE ( 'NONE', *, *, #1286, .F. ) ;
#240 = ORIENTED_EDGE ( 'NONE', *, *, #3741, .F. ) ;
#241 = ORIENTED_EDGE ( 'NONE', *, *, #2446, .F. ) ;
#242 = CARTESIAN_POINT ( 'NONE',  ( -7.332052827929468997, -39.49999999999999289, -5.350237402931740327 ) ) ;
#243 = CARTESIAN_POINT ( 'NONE',  ( 14.24691522495944973, 22.75000000000000711, -8.692893218813464884 ) ) ;
#244 = VECTOR ( 'NONE', #4822, 1000.000000000000000 ) ;
#245 = CARTESIAN_POINT ( 'NONE',  ( -1.549999999999999822, -24.99999999999998579, -0.2500000000000002220 ) ) ;
#246 = ADVANCED_FACE ( 'NONE', ( #3464 ), #83, .T. ) ;
#247 = FACE_OUTER_BOUND ( 'NONE', #1750, .T. ) ;
#248 = VERTEX_POINT ( 'NONE', #5984 ) ;
#249 = AXIS2_PLACEMENT_3D ( 'NONE', #1087, #3156, #2678 ) ;
#250 = CARTESIAN_POINT ( 'NONE',  ( 24.10000000000000142, -17.14999999999999858, -3.000000000000000000 ) ) ;
#251 = DIRECTION ( 'NONE',  ( -1.000000000000000000, -0.000000000000000000, -2.532443030623075608E-16 ) ) ;
#252 = DIRECTION ( 'NONE',  ( -1.000000000000000000, 0.000000000000000000, 0.000000000000000000 ) ) ;
#253 = VECTOR ( 'NONE', #5785, 1000.000000000000000 ) ;
#254 = CARTESIAN_POINT ( 'NONE',  ( -14.37500000000000000, -26.74999999999999645, -1.250000000000003997 ) ) ;
#255 = VERTEX_POINT ( 'NONE', #14 ) ;
#256 = ORIENTED_EDGE ( 'NONE', *, *, #1787, .F. ) ;
#257 = CIRCLE ( 'NONE', #2204, 12.16415094339659930 ) ;
#258 = CARTESIAN_POINT ( 'NONE',  ( -15.00000000000000355, 12.50000000000000000, 0.000000000000000000 ) ) ;
#259 = CYLINDRICAL_SURFACE ( 'NONE', #5880, 1.199999999999999734 ) ;
#260 = PLANE ( 'NONE',  #4131 ) ;
#261 = EDGE_CURVE ( 'NONE', #4392, #3433, #5295, .T. ) ;
#262 = CARTESIAN_POINT ( 'NONE',  ( 20.00000000000000000, -12.50000000000000000, 2.250000000000000000 ) ) ;
#263 = VERTEX_POINT ( 'NONE', #52 ) ;
#264 = ORIENTED_EDGE ( 'NONE', *, *, #1712, .T. ) ;
#265 = CARTESIAN_POINT ( 'NONE',  ( 14.24691522495949059, 22.75000000000000000, -8.400000000000003908 ) ) ;
#266 = CARTESIAN_POINT ( 'NONE',  ( 13.87500000000000000, -27.24999999999999645, 2.250000000000000444 ) ) ;
#267 = CARTESIAN_POINT ( 'NONE',  ( -24.76872804912563808, -18.37909349708583662, -2.599333627660346480 ) ) ;
#268 = EDGE_CURVE ( 'NONE', #974, #3954, #3539, .T. ) ;
#269 = LINE ( 'NONE', #5477, #2980 ) ;
#270 = EDGE_LOOP ( 'NONE', ( #2341, #728, #5659, #2226, #4418, #1957, #2270, #5332, #654, #1487, #2045, #5646, #3679, #3587, #505, #1425 ) ) ;
#271 = ORIENTED_EDGE ( 'NONE', *, *, #339, .F. ) ;
#272 = VERTEX_POINT ( 'NONE', #5434 ) ;
#273 = DIRECTION ( 'NONE',  ( -1.000000000000000000, -0.000000000000000000, 0.000000000000000000 ) ) ;
#274 = CARTESIAN_POINT ( 'NONE',  ( 4.830469627704724545, 26.49510759629041345, -8.900000000000005684 ) ) ;
#275 = DIRECTION ( 'NONE',  ( 0.000000000000000000, 1.000000000000000000, 0.000000000000000000 ) ) ;
#276 = VERTEX_POINT ( 'NONE', #3980 ) ;
#277 = CARTESIAN_POINT ( 'NONE',  ( -0.8532147888992653861, -23.13067330232440355, -8.900000000000003908 ) ) ;
#278 = CARTESIAN_POINT ( 'NONE',  ( 7.442068080674657082, -39.95437510184128627, -5.050000000000000711 ) ) ;
#279 = AXIS2_PLACEMENT_3D ( 'NONE', #2936, #5413, #5926 ) ;
#280 = CARTESIAN_POINT ( 'NONE',  ( -25.57157287525381761, -17.50147186257612475, -3.000000000000000000 ) ) ;
#281 = CARTESIAN_POINT ( 'NONE',  ( -24.70217137009882791, 18.15723790032949125, -2.747572801732114822 ) ) ;
#282 = ORIENTED_EDGE ( 'NONE', *, *, #5593, .F. ) ;
#283 = ORIENTED_EDGE ( 'NONE', *, *, #1072, .F. ) ;
#284 = EDGE_CURVE ( 'NONE', #3579, #2212, #5946, .T. ) ;
#285 = VECTOR ( 'NONE', #161, 1000.000000000000000 ) ;
#286 = EDGE_CURVE ( 'NONE', #869, #913, #5906, .T. ) ;
#287 = DIRECTION ( 'NONE',  ( 0.000000000000000000, 0.000000000000000000, 1.000000000000000000 ) ) ;
#288 = CARTESIAN_POINT ( 'NONE',  ( 25.75000000000001066, 21.50000000000000000, 2.250000000000000000 ) ) ;
#289 = CARTESIAN_POINT ( 'NONE',  ( 1.239311984604902550, -23.23104693503419327, -8.900000000000005684 ) ) ;
#290 = DIRECTION ( 'NONE',  ( -0.000000000000000000, -0.000000000000000000, -1.000000000000000000 ) ) ;
#291 = AXIS2_PLACEMENT_3D ( 'NONE', #6212, #794, #6185 ) ;
#292 = VECTOR ( 'NONE', #4234, 1000.000000000000000 ) ;
#293 = ORIENTED_EDGE ( 'NONE', *, *, #3800, .F. ) ;
#294 = EDGE_CURVE ( 'NONE', #1240, #4760, #475, .T. ) ;
#295 = CARTESIAN_POINT ( 'NONE',  ( -14.39093718354263451, 22.68516201467203430, -0.7995290976663546045 ) ) ;
#296 = ADVANCED_FACE ( 'NONE', ( #3495 ), #3945, .T. ) ;
#297 = CIRCLE ( 'NONE', #2339, 0.5000000000000004441 ) ;
#298 = CARTESIAN_POINT ( 'NONE',  ( 10.91216640768993251, -61.65360863818613524, -1.750000000000000000 ) ) ;
#299 = DIRECTION ( 'NONE',  ( -1.000000000000000000, 6.033820786006280787E-16, -0.000000000000000000 ) ) ;
#300 = CARTESIAN_POINT ( 'NONE',  ( -10.45000000000000639, -51.75000000000000000, 2.250000000000000000 ) ) ;
#301 = DIRECTION ( 'NONE',  ( 1.000000000000000000, 0.000000000000000000, 0.000000000000000000 ) ) ;
#302 = ORIENTED_EDGE ( 'NONE', *, *, #5030, .T. ) ;
#303 = EDGE_CURVE ( 'NONE', #4096, #5753, #3745, .T. ) ;
#304 = PRODUCT_RELATED_PRODUCT_CATEGORY ( 'part', '', ( #3366 ) ) ;
#305 = ORIENTED_EDGE ( 'NONE', *, *, #2650, .F. ) ;
#306 = CARTESIAN_POINT ( 'NONE',  ( -7.684146676290726674, -39.49999999999999289, -5.006802153134870537 ) ) ;
#307 = CARTESIAN_POINT ( 'NONE',  ( -2.519999999999994245, -22.75000000000000000, -5.920000000000007923 ) ) ;
#308 = CARTESIAN_POINT ( 'NONE',  ( -7.683691428208427432, -39.49999999999999289, -5.549999999999998934 ) ) ;
#309 = ORIENTED_EDGE ( 'NONE', *, *, #1236, .F. ) ;
#310 = DIRECTION ( 'NONE',  ( 0.000000000000000000, 0.000000000000000000, 1.000000000000000000 ) ) ;
#311 = DIRECTION ( 'NONE',  ( -1.000000000000000000, 0.000000000000000000, 0.000000000000000000 ) ) ;
#312 = CARTESIAN_POINT ( 'NONE',  ( -20.00000000000000000, -21.49999999999999645, 0.000000000000000000 ) ) ;
#313 = DIRECTION ( 'NONE',  ( 0.000000000000000000, -1.000000000000000000, -0.000000000000000000 ) ) ;
#314 = ORIENTED_EDGE ( 'NONE', *, *, #3848, .T. ) ;
#315 = ORIENTED_EDGE ( 'NONE', *, *, #365, .T. ) ;
#316 = CYLINDRICAL_SURFACE ( 'NONE', #707, 1.400000000000001910 ) ;
#317 = CARTESIAN_POINT ( 'NONE',  ( 15.00000000000000711, -52.25000000000000000, -1.250000000000000222 ) ) ;
#318 = EDGE_CURVE ( 'NONE', #3593, #248, #4504, .T. ) ;
#319 = CARTESIAN_POINT ( 'NONE',  ( -2.049999999999999822, -22.99999999999998934, 2.250000000000000000 ) ) ;
#320 = VERTEX_POINT ( 'NONE', #4401 ) ;
#321 = CARTESIAN_POINT ( 'NONE',  ( -2.519999999999994245, 22.74999999999999645, -5.920000000000008811 ) ) ;
#322 = VERTEX_POINT ( 'NONE', #6333 ) ;
#323 = FACE_OUTER_BOUND ( 'NONE', #5858, .T. ) ;
#324 = DIRECTION ( 'NONE',  ( 0.000000000000000000, 0.000000000000000000, 1.000000000000000000 ) ) ;
#325 = DIRECTION ( 'NONE',  ( 1.000000000000000000, 0.000000000000000000, 0.000000000000000000 ) ) ;
#326 = DIRECTION ( 'NONE',  ( -0.9098396906015795427, 0.4149599226503953298, -0.000000000000000000 ) ) ;
#327 = CIRCLE ( 'NONE', #423, 13.86419377152116006 ) ;
#328 = EDGE_CURVE ( 'NONE', #937, #4056, #3630, .T. ) ;
#329 = DIRECTION ( 'NONE',  ( 0.000000000000000000, -1.000000000000000000, 0.000000000000000000 ) ) ;
#330 = EDGE_CURVE ( 'NONE', #2212, #3553, #789, .T. ) ;
#331 = ORIENTED_EDGE ( 'NONE', *, *, #2519, .F. ) ;
#332 = AXIS2_PLACEMENT_3D ( 'NONE', #4094, #3039, #2629 ) ;
#333 = CIRCLE ( 'NONE', #27, 13.86419377152115295 ) ;
#334 = ORIENTED_EDGE ( 'NONE', *, *, #5778, .F. ) ;
#335 = CARTESIAN_POINT ( 'NONE',  ( 18.75000000000000711, -22.74999999999999289, -1.199999999999999734 ) ) ;
#336 = CARTESIAN_POINT ( 'NONE',  ( 18.24999999999981171, 9.545306638761674733, -8.900000000000005684 ) ) ;
#337 = CYLINDRICAL_SURFACE ( 'NONE', #4758, 0.5000000000000004441 ) ;
#338 = CIRCLE ( 'NONE', #3904, 0.5000000000000000000 ) ;
#339 = EDGE_CURVE ( 'NONE', #3592, #409, #1491, .T. ) ;
#340 = AXIS2_PLACEMENT_3D ( 'NONE', #4963, #6308, #1433 ) ;
#341 = ORIENTED_EDGE ( 'NONE', *, *, #3382, .F. ) ;
#342 = AXIS2_PLACEMENT_3D ( 'NONE', #1837, #395, #1519 ) ;
#343 =( BOUNDED_SURFACE ( )  B_SPLINE_SURFACE ( 3, 2, ( 
 ( #6340, #5852, #1942 ),
 ( #1463, #3404, #3209 ),
 ( #5656, #5085, #6199 ),
 ( #3749, #5205, #2643 ),
 ( #267, #3175, #4663 ),
 ( #234, #1805, #2670 ),
 ( #3628, #4597, #3659 ),
 ( #4201, #1715, #2190 ),
 ( #205, #2224, #4171 ),
 ( #6142, #748, #1266 ),
 ( #3689, #3145, #4142 ),
 ( #5688, #6167, #1685 ),
 ( #2159, #5627, #5177 ),
 ( #2732, #3718, #1205 ) ),
 .UNSPECIFIED., .F., .F., .T. ) 
 B_SPLINE_SURFACE_WITH_KNOTS ( ( 4, 2, 2, 2, 2, 2, 4 ),
 ( 3, 3 ),
 ( 1.570796326794896558, 1.963495408493620697, 2.356194490192344837, 2.552544031041707129, 2.748893571891068976, 2.945243112740430824, 3.141592653589793116 ),
 ( 0.000000000000000000, 1.000000000000000000 ),
 .UNSPECIFIED. ) 
 GEOMETRIC_REPRESENTATION_ITEM ( )  RATIONAL_B_SPLINE_SURFACE ( (
 ( 1.000000000000000000, 1.000000000000000000, 1.000000000000000000),
 ( 1.000000000000000000, 1.000158593443232435, 1.000000000000000000),
 ( 1.000000000000000000, 0.9867291723804246795, 1.000000000000000000),
 ( 1.000000000000000000, 0.9386556673818876595, 1.000000000000000000),
 ( 1.000000000000000000, 0.9038128477757005896, 1.000000000000000000),
 ( 1.000000000000000000, 0.8471316817888063788, 1.000000000000000000),
 ( 1.000000000000000000, 0.8275942398610038886, 1.000000000000000000),
 ( 1.000000000000000000, 0.7902180383823365073, 1.000000000000000000),
 ( 1.000000000000000000, 0.7723967875196920962, 1.000000000000000000),
 ( 1.000000000000000000, 0.7418334521775128421, 1.000000000000000000),
 ( 1.000000000000000000, 0.7291288685920368495, 1.000000000000000000),
 ( 1.000000000000000000, 0.7117460279512798360, 1.000000000000000000),
 ( 1.000000000000000000, 0.7070717092840030915, 1.000000000000000000),
 ( 1.000000000000000000, 0.7071067811865475727, 1.000000000000000000) ) ) 
 REPRESENTATION_ITEM ( '' )  SURFACE ( )  );
#344 = CYLINDRICAL_SURFACE ( 'NONE', #1514, 0.5000000000000004441 ) ;
#345 = CARTESIAN_POINT ( 'NONE',  ( 18.75000000000001066, -23.89999999999999147, 2.250000000000000000 ) ) ;
#346 = ADVANCED_FACE ( 'NONE', ( #3528 ), #5504, .T. ) ;
#347 = LINE ( 'NONE', #2301, #1319 ) ;
#348 = CARTESIAN_POINT ( 'NONE',  ( -24.75147186257614251, 18.32157287525381406, -3.000000000000000000 ) ) ;
#349 = ORIENTED_EDGE ( 'NONE', *, *, #4167, .F. ) ;
#350 = VERTEX_POINT ( 'NONE', #497 ) ;
#351 = CYLINDRICAL_SURFACE ( 'NONE', #2837, 1.400000000000001910 ) ;
#352 = LINE ( 'NONE', #3444, #1821 ) ;
#353 = VECTOR ( 'NONE', #2693, 1000.000000000000000 ) ;
#354 = CARTESIAN_POINT ( 'NONE',  ( -10.21726610651417566, -62.66176174378494323, -1.601377548627413994 ) ) ;
#355 = EDGE_LOOP ( 'NONE', ( #2156, #597, #2515, #3547 ) ) ;
#356 = ORIENTED_EDGE ( 'NONE', *, *, #2725, .T. ) ;
#357 = VERTEX_POINT ( 'NONE', #4886 ) ;
#358 = FACE_OUTER_BOUND ( 'NONE', #540, .T. ) ;
#359 = CARTESIAN_POINT ( 'NONE',  ( 25.75000000000001066, -18.49999999999999645, 0.000000000000000000 ) ) ;
#360 = CARTESIAN_POINT ( 'NONE',  ( -15.00000000000000711, -52.50000000000000000, 2.250000000000000000 ) ) ;
#361 = CARTESIAN_POINT ( 'NONE',  ( 25.75000000000001066, 21.50000000000000000, 2.250000000000000000 ) ) ;
#362 = CARTESIAN_POINT ( 'NONE',  ( 25.57157287525381051, 17.50147186257613896, -2.999999999999998668 ) ) ;
#363 = VERTEX_POINT ( 'NONE', #3432 ) ;
#364 = VERTEX_POINT ( 'NONE', #1014 ) ;
#365 = EDGE_CURVE ( 'NONE', #4812, #2630, #6250, .T. ) ;
#366 = CYLINDRICAL_SURFACE ( 'NONE', #342, 3.000000000000002665 ) ;
#367 = CARTESIAN_POINT ( 'NONE',  ( 9.949999999999992184, 9.545306638761550388, -8.900000000000005684 ) ) ;
#368 = CARTESIAN_POINT ( 'NONE',  ( -6.970373614864955769, -39.50000000000000000, -4.812199259919980321 ) ) ;
#369 = VERTEX_POINT ( 'NONE', #5877 ) ;
#370 = EDGE_CURVE ( 'NONE', #2162, #1434, #867, .T. ) ;
#371 = ADVANCED_FACE ( 'NONE', ( #4396 ), #2378, .T. ) ;
#372 = CARTESIAN_POINT ( 'NONE',  ( 0.2750055679356273597, -23.85000000000000142, -6.380000000000024762 ) ) ;
#373 = CARTESIAN_POINT ( 'NONE',  ( -25.00000000000001066, -19.14999999999998792, -2.171572875253809709 ) ) ;
#374 = CYLINDRICAL_SURFACE ( 'NONE', #1734, 0.5000000000000000000 ) ;
#375 = DIRECTION ( 'NONE',  ( -0.000000000000000000, -0.000000000000000000, -1.000000000000000000 ) ) ;
#376 = VECTOR ( 'NONE', #4289, 1000.000000000000000 ) ;
#377 = ORIENTED_EDGE ( 'NONE', *, *, #878, .T. ) ;
#378 = EDGE_LOOP ( 'NONE', ( #1836, #3684, #3563, #2093 ) ) ;
#379 = EDGE_CURVE ( 'NONE', #3592, #322, #257, .T. ) ;
#380 = DIRECTION ( 'NONE',  ( 0.000000000000000000, 0.000000000000000000, 1.000000000000000000 ) ) ;
#381 = CARTESIAN_POINT ( 'NONE',  ( -22.10000000000000142, 17.75000000000000711, 0.000000000000000000 ) ) ;
#382 = AXIS2_PLACEMENT_3D ( 'NONE', #4867, #1822, #2423 ) ;
#383 = AXIS2_PLACEMENT_3D ( 'NONE', #5609, #2658, #4092 ) ;
#384 = ORIENTED_EDGE ( 'NONE', *, *, #3172, .F. ) ;
#385 = DIRECTION ( 'NONE',  ( -0.000000000000000000, -0.000000000000000000, -1.000000000000000000 ) ) ;
#386 = ORIENTED_EDGE ( 'NONE', *, *, #3967, .T. ) ;
#387 = DIRECTION ( 'NONE',  ( -0.000000000000000000, -0.000000000000000000, -1.000000000000000000 ) ) ;
#388 = DIRECTION ( 'NONE',  ( -0.000000000000000000, -0.000000000000000000, -1.000000000000000000 ) ) ;
#389 = DIRECTION ( 'NONE',  ( -0.000000000000000000, -0.000000000000000000, -1.000000000000000000 ) ) ;
#390 = VECTOR ( 'NONE', #4115, 1000.000000000000000 ) ;
#391 = DIRECTION ( 'NONE',  ( 2.182042108146926802E-16, -1.000000000000000000, 0.000000000000000000 ) ) ;
#392 = VECTOR ( 'NONE', #5491, 1000.000000000000000 ) ;
#393 = ORIENTED_EDGE ( 'NONE', *, *, #1277, .F. ) ;
#394 = VERTEX_POINT ( 'NONE', #1962 ) ;
#395 = DIRECTION ( 'NONE',  ( -0.000000000000000000, -0.000000000000000000, -1.000000000000000000 ) ) ;
#396 = CARTESIAN_POINT ( 'NONE',  ( 15.46121620359914317, 22.26226355795699519, -0.2310240199434940023 ) ) ;
#397 = LINE ( 'NONE', #426, #253 ) ;
#398 = ADVANCED_FACE ( 'NONE', ( #5399 ), #2891, .F. ) ;
#399 = ORIENTED_EDGE ( 'NONE', *, *, #4448, .F. ) ;
#400 = CARTESIAN_POINT ( 'NONE',  ( -2.519999999999994245, 22.75000000000000000, -6.380000000000024762 ) ) ;
#401 = LINE ( 'NONE', #2354, #3958 ) ;
#402 = FACE_OUTER_BOUND ( 'NONE', #5109, .T. ) ;
#403 = DIRECTION ( 'NONE',  ( -0.000000000000000000, -0.000000000000000000, -1.000000000000000000 ) ) ;
#404 = DIRECTION ( 'NONE',  ( 1.000000000000000000, 0.000000000000000000, 0.000000000000000000 ) ) ;
#405 = ADVANCED_FACE ( 'NONE', ( #5783 ), #1423, .T. ) ;
#406 = LINE ( 'NONE', #5758, #3098 ) ;
#407 = EDGE_CURVE ( 'NONE', #3094, #637, #3332, .T. ) ;
#408 = ORIENTED_EDGE ( 'NONE', *, *, #2580, .F. ) ;
#409 = VERTEX_POINT ( 'NONE', #4333 ) ;
#410 = DIRECTION ( 'NONE',  ( 0.9098396906015789876, 0.4149599226503967175, 0.000000000000000000 ) ) ;
#411 = DIRECTION ( 'NONE',  ( -1.000000000000000000, 0.000000000000000000, 0.000000000000000000 ) ) ;
#412 = DIRECTION ( 'NONE',  ( 1.000000000000000000, 0.000000000000000000, 0.000000000000000000 ) ) ;
#413 = EDGE_CURVE ( 'NONE', #77, #4658, #4364, .T. ) ;
#414 = ORIENTED_EDGE ( 'NONE', *, *, #5512, .F. ) ;
#415 = CARTESIAN_POINT ( 'NONE',  ( 1.549999999999999822, -54.49999999999999289, 0.2499999999999997780 ) ) ;
#416 = ORIENTED_EDGE ( 'NONE', *, *, #5893, .T. ) ;
#417 = DIRECTION ( 'NONE',  ( -0.000000000000000000, -0.000000000000000000, 1.000000000000000000 ) ) ;
#418 = PLANE ( 'NONE',  #3391 ) ;
#419 = DIRECTION ( 'NONE',  ( 1.000000000000000000, 0.000000000000000000, 0.000000000000000000 ) ) ;
#420 = CARTESIAN_POINT ( 'NONE',  ( -4.792893218813452982, -54.29289321881344677, -8.900000000000005684 ) ) ;
#421 = VERTEX_POINT ( 'NONE', #524 ) ;
#422 = EDGE_LOOP ( 'NONE', ( #4919, #4805, #2905, #264 ) ) ;
#423 = AXIS2_PLACEMENT_3D ( 'NONE', #467, #2866, #404 ) ;
#424 = CARTESIAN_POINT ( 'NONE',  ( 3.012339100162039873, 12.63580622847883639, 2.250000000000000000 ) ) ;
#425 = LINE ( 'NONE', #4883, #1996 ) ;
#426 = CARTESIAN_POINT ( 'NONE',  ( -2.049999999999999822, -54.49999999999999289, 2.250000000000000000 ) ) ;
#427 = AXIS2_PLACEMENT_3D ( 'NONE', #5963, #4870, #3894 ) ;
#428 = VERTEX_POINT ( 'NONE', #5304 ) ;
#429 = CYLINDRICAL_SURFACE ( 'NONE', #5672, 0.5000000000000004441 ) ;
#430 = EDGE_CURVE ( 'NONE', #1670, #6164, #5486, .T. ) ;
#431 = CARTESIAN_POINT ( 'NONE',  ( 15.90000000000000391, -23.89999999999999147, -8.400000000000003908 ) ) ;
#432 = FACE_OUTER_BOUND ( 'NONE', #5736, .T. ) ;
#433 = CIRCLE ( 'NONE', #2282, 0.2499999999999985012 ) ;
#434 = DIRECTION ( 'NONE',  ( -1.000000000000000000, 0.000000000000000000, 0.000000000000000000 ) ) ;
#435 = ADVANCED_BREP_SHAPE_REPRESENTATION ( 'GoPro Harness Adapter', ( #3214, #4693 ), #5204 ) ;
#436 = CARTESIAN_POINT ( 'NONE',  ( 24.93929978232834088, 18.94766594109438884, -1.886302363899244661 ) ) ;
#437 = CARTESIAN_POINT ( 'NONE',  ( -24.93929978232833378, 18.94766594109437108, -1.886302363899291068 ) ) ;
#438 = VECTOR ( 'NONE', #4670, 1000.000000000000000 ) ;
#439 = ORIENTED_EDGE ( 'NONE', *, *, #2680, .T. ) ;
#440 = EDGE_LOOP ( 'NONE', ( #4937, #4109, #3678 ) ) ;
#441 = EDGE_CURVE ( 'NONE', #5599, #4816, #3315, .T. ) ;
#442 = FACE_OUTER_BOUND ( 'NONE', #963, .T. ) ;
#443 = AXIS2_PLACEMENT_3D ( 'NONE', #1583, #6043, #235 ) ;
#444 = CARTESIAN_POINT ( 'NONE',  ( 24.92349582913085371, -17.30704874873926968, -2.947945328313042346 ) ) ;
#445 = CARTESIAN_POINT ( 'NONE',  ( -24.40000000000000568, 17.15000000000000568, -3.000000000000000000 ) ) ;
#446 = ORIENTED_EDGE ( 'NONE', *, *, #1042, .T. ) ;
#447 = DIRECTION ( 'NONE',  ( -0.000000000000000000, -0.000000000000000000, -1.000000000000000000 ) ) ;
#448 = ORIENTED_EDGE ( 'NONE', *, *, #76, .T. ) ;
#449 = CIRCLE ( 'NONE', #760, 0.7500000000000006661 ) ;
#450 = EDGE_CURVE ( 'NONE', #4158, #3433, #425, .T. ) ;
#451 = DIRECTION ( 'NONE',  ( 1.000000000000000000, 0.000000000000000000, 0.000000000000000000 ) ) ;
#452 = DIRECTION ( 'NONE',  ( 1.000000000000000000, 0.000000000000000000, 0.000000000000000000 ) ) ;
#453 = VECTOR ( 'NONE', #3167, 1000.000000000000000 ) ;
#454 = CYLINDRICAL_SURFACE ( 'NONE', #5558, 0.5000000000000004441 ) ;
#455 = AXIS2_PLACEMENT_3D ( 'NONE', #3431, #1454, #6330 ) ;
#456 = ORIENTED_EDGE ( 'NONE', *, *, #4203, .F. ) ;
#457 = EDGE_LOOP ( 'NONE', ( #2562, #1569, #4615, #2728 ) ) ;
#458 = EDGE_CURVE ( 'NONE', #3121, #4128, #4433, .T. ) ;
#459 = CARTESIAN_POINT ( 'NONE',  ( 0.2750055679356273597, -23.85000000000000142, -5.920000000000007923 ) ) ;
#460 = CARTESIAN_POINT ( 'NONE',  ( 14.24691522495949059, 22.75000000000000000, -1.200000000000013500 ) ) ;
#461 = LINE ( 'NONE', #4915, #1883 ) ;
#462 = ORIENTED_EDGE ( 'NONE', *, *, #2756, .F. ) ;
#463 = CARTESIAN_POINT ( 'NONE',  ( 10.45000000000000639, -52.25000000000000000, -2.250000000000000444 ) ) ;
#464 = CARTESIAN_POINT ( 'NONE',  ( 20.00000000000000000, -12.50000000000000000, 2.250000000000000000 ) ) ;
#465 = CARTESIAN_POINT ( 'NONE',  ( -10.44999999999999574, -38.99999999999999289, -5.550000000000000711 ) ) ;
#466 = FACE_OUTER_BOUND ( 'NONE', #5442, .T. ) ;
#467 = CARTESIAN_POINT ( 'NONE',  ( -20.00000000000000000, 35.36419377152115828, 0.000000000000000000 ) ) ;
#468 = CARTESIAN_POINT ( 'NONE',  ( -24.99999999999999645, 19.15000000000000568, -0.9999999999999985567 ) ) ;
#469 =( BOUNDED_CURVE ( )  B_SPLINE_CURVE ( 3, ( #6155, #280, #2239, #1368 ),
 .UNSPECIFIED., .F., .T. ) 
 B_SPLINE_CURVE_WITH_KNOTS ( ( 4, 4 ),
 ( 1.570796326794896558, 3.141592653589793116 ),
 .UNSPECIFIED. ) 
 CURVE ( )  GEOMETRIC_REPRESENTATION_ITEM ( )  RATIONAL_B_SPLINE_CURVE ( ( 1.000000000000000000, 0.8047378541243649375, 0.8047378541243649375, 1.000000000000000000 ) ) 
 REPRESENTATION_ITEM ( '' )  );
#470 = VERTEX_POINT ( 'NONE', #5813 ) ;
#471 = ORIENTED_EDGE ( 'NONE', *, *, #3502, .F. ) ;
#472 = CYLINDRICAL_SURFACE ( 'NONE', #4384, 0.5000000000000000000 ) ;
#473 = PLANE ( 'NONE',  #3147 ) ;
#474 = FACE_OUTER_BOUND ( 'NONE', #5253, .T. ) ;
#475 = CIRCLE ( 'NONE', #4058, 2.519999999999992024 ) ;
#476 = CARTESIAN_POINT ( 'NONE',  ( -0.2750055679356304128, 23.85000000000000142, -5.920000000000007923 ) ) ;
#477 = EDGE_CURVE ( 'NONE', #6164, #692, #5334, .T. ) ;
#478 = EDGE_LOOP ( 'NONE', ( #2538, #2400, #4945 ) ) ;
#479 = ADVANCED_FACE ( 'NONE', ( #2550 ), #2001, .T. ) ;
#480 = CARTESIAN_POINT ( 'NONE',  ( 25.00000000000000000, 19.14999999999999858, -2.171572875253810153 ) ) ;
#481 = EDGE_LOOP ( 'NONE', ( #1515, #2825, #506, #6031, #3966, #4897, #4561 ) ) ;
#482 = CYLINDRICAL_SURFACE ( 'NONE', #3722, 2.999999999999999112 ) ;
#483 = CARTESIAN_POINT ( 'NONE',  ( 9.950000000000008171, -61.99999999999999289, -5.050000000000000711 ) ) ;
#484 = LINE ( 'NONE', #2920, #2587 ) ;
#485 = CIRCLE ( 'NONE', #3341, 0.5000000000000000000 ) ;
#486 = EDGE_CURVE ( 'NONE', #3554, #1338, #569, .T. ) ;
#487 = EDGE_CURVE ( 'NONE', #669, #3799, #3021, .T. ) ;
#488 = ORIENTED_EDGE ( 'NONE', *, *, #5973, .T. ) ;
#489 = ORIENTED_EDGE ( 'NONE', *, *, #2295, .F. ) ;
#490 = VERTEX_POINT ( 'NONE', #2097 ) ;
#491 = AXIS2_PLACEMENT_3D ( 'NONE', #5384, #2969, #5485 ) ;
#492 = CARTESIAN_POINT ( 'NONE',  ( -8.950000000000004619, -61.99999999999999289, -5.050000000000000711 ) ) ;
#493 = DIRECTION ( 'NONE',  ( 0.000000000000000000, -0.000000000000000000, 1.000000000000000000 ) ) ;
#494 = CARTESIAN_POINT ( 'NONE',  ( -23.20694626069842315, 18.04305373930158751, -2.852596106570133294 ) ) ;
#495 = AXIS2_PLACEMENT_3D ( 'NONE', #1065, #586, #553 ) ;
#496 = EDGE_CURVE ( 'NONE', #5139, #3799, #2128, .T. ) ;
#497 = CARTESIAN_POINT ( 'NONE',  ( 1.506651917331941704, 23.24999999999999645, -8.900000000000005684 ) ) ;
#498 = ORIENTED_EDGE ( 'NONE', *, *, #3033, .F. ) ;
#499 = CARTESIAN_POINT ( 'NONE',  ( 24.10000000000000497, 17.15000000000000213, -3.000000000000000000 ) ) ;
#500 = CARTESIAN_POINT ( 'NONE',  ( 9.975266182186931729, -62.85093797532530147, -1.250000000000000222 ) ) ;
#501 = CARTESIAN_POINT ( 'NONE',  ( -3.599102779592774954E-15, -22.74999999999999645, -8.900000000000012790 ) ) ;
#502 = CARTESIAN_POINT ( 'NONE',  ( -10.44999999999999929, -26.75000000000000000, -2.250000000000002220 ) ) ;
#503 = CARTESIAN_POINT ( 'NONE',  ( 15.00000000000000711, -52.25000000000000000, -1.750000000000000222 ) ) ;
#504 = DIRECTION ( 'NONE',  ( 1.000000000000000000, 0.000000000000000000, 0.000000000000000000 ) ) ;
#505 = ORIENTED_EDGE ( 'NONE', *, *, #4331, .F. ) ;
#506 = ORIENTED_EDGE ( 'NONE', *, *, #2401, .F. ) ;
#507 = CARTESIAN_POINT ( 'NONE',  ( 22.32442800095488522, -18.92557199904510767, -2.015003415308032064 ) ) ;
#508 = CARTESIAN_POINT ( 'NONE',  ( 15.75000000000000711, -52.50000000000000000, -1.250000000000000222 ) ) ;
#509 = CARTESIAN_POINT ( 'NONE',  ( 26.40000000000000568, -19.14999999999999858, -1.000000000000000000 ) ) ;
#510 = CARTESIAN_POINT ( 'NONE',  ( -9.450000000000004619, -61.99999999999999289, -5.050000000000000711 ) ) ;
#511 = ORIENTED_EDGE ( 'NONE', *, *, #1977, .T. ) ;
#512 = DIRECTION ( 'NONE',  ( -0.000000000000000000, -0.000000000000000000, -1.000000000000000000 ) ) ;
#513 = ORIENTED_EDGE ( 'NONE', *, *, #4484, .T. ) ;
#514 = PLANE ( 'NONE',  #3972 ) ;
#515 = DIRECTION ( 'NONE',  ( -0.000000000000000000, -0.000000000000000000, -1.000000000000000000 ) ) ;
#516 = FACE_OUTER_BOUND ( 'NONE', #4120, .T. ) ;
#517 = DIRECTION ( 'NONE',  ( -1.000000000000000000, 0.000000000000000000, 0.000000000000000000 ) ) ;
#518 = ADVANCED_FACE ( 'NONE', ( #5430 ), #657, .F. ) ;
#519 = CARTESIAN_POINT ( 'NONE',  ( 6.944154063330257642, -39.99999999999999289, -4.549999999999999822 ) ) ;
#520 = ORIENTED_EDGE ( 'NONE', *, *, #5846, .F. ) ;
#521 = ORIENTED_EDGE ( 'NONE', *, *, #3531, .T. ) ;
#522 = ORIENTED_EDGE ( 'NONE', *, *, #698, .T. ) ;
#523 = CARTESIAN_POINT ( 'NONE',  ( 22.10000000000000142, 17.74999999999999645, -2.171572875253809709 ) ) ;
#524 = CARTESIAN_POINT ( 'NONE',  ( -8.450000000000013500, -62.00000000000000000, -4.549999999999999822 ) ) ;
#525 = B_SPLINE_CURVE_WITH_KNOTS ( 'NONE', 3,
 ( #3207, #4691, #2283, #6258, #6227, #5264 ),
 .UNSPECIFIED., .F., .F.,
 ( 4, 2, 4 ),
 ( 0.000000000000000000, 0.0003937255978052897425, 0.0007874511956105794850 ),
 .UNSPECIFIED. ) ;
#526 = EDGE_CURVE ( 'NONE', #2188, #4981, #4043, .T. ) ;
#527 = ADVANCED_FACE ( 'NONE', ( #5084, #562, #4949, #1106 ), #143, .F. ) ;
#528 = CARTESIAN_POINT ( 'NONE',  ( -22.30233405890561826, 17.68929978232833378, -1.886302363899252876 ) ) ;
#529 = CARTESIAN_POINT ( 'NONE',  ( 8.557943913877352315, 24.79508015469921389, -8.400000000000003908 ) ) ;
#530 = ORIENTED_EDGE ( 'NONE', *, *, #3182, .T. ) ;
#531 = AXIS2_PLACEMENT_3D ( 'NONE', #3017, #6, #2438 ) ;
#532 = CARTESIAN_POINT ( 'NONE',  ( 22.87090650291441563, 17.51872804912562742, -2.599333627660605384 ) ) ;
#533 = DIRECTION ( 'NONE',  ( 1.000000000000000000, 0.000000000000000000, 0.000000000000000000 ) ) ;
#534 = EDGE_CURVE ( 'NONE', #1795, #2774, #4009, .T. ) ;
#535 = CARTESIAN_POINT ( 'NONE',  ( -18.74999999999999289, -22.75000000000000711, -8.692893218813464884 ) ) ;
#536 = LINE ( 'NONE', #2838, #737 ) ;
#537 = VECTOR ( 'NONE', #32, 1000.000000000000000 ) ;
#538 = CARTESIAN_POINT ( 'NONE',  ( 9.950000000000002842, -39.99999999999999289, -5.050000000000000711 ) ) ;
#539 = ORIENTED_EDGE ( 'NONE', *, *, #5087, .T. ) ;
#540 = EDGE_LOOP ( 'NONE', ( #675, #591, #3204, #2503 ) ) ;
#541 = AXIS2_PLACEMENT_3D ( 'NONE', #4152, #1058, #1885 ) ;
#542 = CARTESIAN_POINT ( 'NONE',  ( 15.00000000000000711, -52.25000000000000000, -1.750000000000000222 ) ) ;
#543 = ADVANCED_FACE ( 'NONE', ( #5049 ), #6041, .F. ) ;
#544 = CARTESIAN_POINT ( 'NONE',  ( 25.58621449537916348, -18.33621449537924519, -2.686370562400841155 ) ) ;
#545 = VECTOR ( 'NONE', #4297, 1000.000000000000000 ) ;
#546 = DIRECTION ( 'NONE',  ( -1.000000000000000000, -2.182042108146926802E-16, 0.000000000000000000 ) ) ;
#547 = CIRCLE ( 'NONE', #3805, 2.999999999999999112 ) ;
#548 = ORIENTED_EDGE ( 'NONE', *, *, #5709, .F. ) ;
#549 = CIRCLE ( 'NONE', #4452, 0.5000000000000000000 ) ;
#550 = CARTESIAN_POINT ( 'NONE',  ( 1.506651917331938817, 23.25000000000004619, -8.400000000000003908 ) ) ;
#551 = ORIENTED_EDGE ( 'NONE', *, *, #6059, .F. ) ;
#552 = AXIS2_PLACEMENT_3D ( 'NONE', #4403, #914, #5340 ) ;
#553 = DIRECTION ( 'NONE',  ( -1.000000000000000000, 0.000000000000000000, 0.000000000000000000 ) ) ;
#554 = CARTESIAN_POINT ( 'NONE',  ( -0.2750055679356311344, -21.35000000000000142, -5.920000000000007923 ) ) ;
#555 = CARTESIAN_POINT ( 'NONE',  ( -11.94568131494328966, 23.24999999999999645, -8.900000000000005684 ) ) ;
#556 = CARTESIAN_POINT ( 'NONE',  ( -14.24691522495949059, 22.74999999999999645, -8.400000000000018119 ) ) ;
#557 = AXIS2_PLACEMENT_3D ( 'NONE', #4891, #6339, #3885 ) ;
#558 = ORIENTED_EDGE ( 'NONE', *, *, #1550, .T. ) ;
#559 = ORIENTED_EDGE ( 'NONE', *, *, #6260, .T. ) ;
#560 = AXIS2_PLACEMENT_3D ( 'NONE', #4099, #1196, #1706 ) ;
#561 = DIRECTION ( 'NONE',  ( 0.000000000000000000, 0.000000000000000000, -1.000000000000000000 ) ) ;
#562 = FACE_BOUND ( 'NONE', #2111, .T. ) ;
#563 = CARTESIAN_POINT ( 'NONE',  ( 25.00000000000000000, -17.75000000000000000, -1.000000000000000000 ) ) ;
#564 = AXIS2_PLACEMENT_3D ( 'NONE', #1839, #1754, #5184 ) ;
#565 = VECTOR ( 'NONE', #4104, 1000.000000000000000 ) ;
#566 = EDGE_CURVE ( 'NONE', #1987, #2952, #3081, .T. ) ;
#567 = CARTESIAN_POINT ( 'NONE',  ( 23.50000000000000000, -17.75000000000000000, -1.000000000000000000 ) ) ;
#568 = ORIENTED_EDGE ( 'NONE', *, *, #5122, .F. ) ;
#569 = CIRCLE ( 'NONE', #4971, 0.5000000000000004441 ) ;
#570 = CARTESIAN_POINT ( 'NONE',  ( 23.73127195087437613, 18.37909349708559148, -2.599333627660605384 ) ) ;
#571 = CARTESIAN_POINT ( 'NONE',  ( -2.770070464751050862E-15, -22.75000000000000000, -6.380000000000024762 ) ) ;
#572 = CARTESIAN_POINT ( 'NONE',  ( -25.75000000000001066, 21.50000000000000000, 0.000000000000000000 ) ) ;
#573 = CARTESIAN_POINT ( 'NONE',  ( -10.84098914198901653, -61.85937236226357072, -1.717269194726536607 ) ) ;
#574 = FACE_OUTER_BOUND ( 'NONE', #1254, .T. ) ;
#575 = CARTESIAN_POINT ( 'NONE',  ( -25.58621449537917059, 18.33621449537916348, -2.686370562400831385 ) ) ;
#576 = ADVANCED_FACE ( 'NONE', ( #2034 ), #5018, .T. ) ;
#577 = VERTEX_POINT ( 'NONE', #3491 ) ;
#578 = VERTEX_POINT ( 'NONE', #4076 ) ;
#579 = DIRECTION ( 'NONE',  ( 0.000000000000000000, 0.000000000000000000, 1.000000000000000000 ) ) ;
#580 = CARTESIAN_POINT ( 'NONE',  ( 1.549999999999999822, -22.99999999999998934, 2.250000000000000000 ) ) ;
#581 = DIRECTION ( 'NONE',  ( -1.000000000000000000, -1.387778780781445676E-16, 0.000000000000000000 ) ) ;
#582 = CARTESIAN_POINT ( 'NONE',  ( -9.949999999999993960, -38.99999999999999289, -8.400000000000003908 ) ) ;
#583 = EDGE_CURVE ( 'NONE', #3554, #2741, #5499, .T. ) ;
#584 = ORIENTED_EDGE ( 'NONE', *, *, #3854, .T. ) ;
#585 = VERTEX_POINT ( 'NONE', #2582 ) ;
#586 = DIRECTION ( 'NONE',  ( 0.000000000000000000, 0.000000000000000000, -1.000000000000000000 ) ) ;
#587 = CARTESIAN_POINT ( 'NONE',  ( -25.00000000000000711, -19.14999999999999858, 0.000000000000000000 ) ) ;
#588 = DIRECTION ( 'NONE',  ( 0.000000000000000000, -1.000000000000000000, 0.000000000000000000 ) ) ;
#589 = CARTESIAN_POINT ( 'NONE',  ( 0.2392288822233304413, 22.86901962757260165, -8.900000000000011013 ) ) ;
#590 = ORIENTED_EDGE ( 'NONE', *, *, #2323, .T. ) ;
#591 = ORIENTED_EDGE ( 'NONE', *, *, #5654, .F. ) ;
#592 = CARTESIAN_POINT ( 'NONE',  ( -23.50000000000000355, -19.14999999999999503, -1.000000000000000000 ) ) ;
#593 = DIRECTION ( 'NONE',  ( -0.000000000000000000, 0.000000000000000000, -1.000000000000000000 ) ) ;
#594 = CARTESIAN_POINT ( 'NONE',  ( -22.10000000000000497, 17.75000000000000000, -0.9999999999999985567 ) ) ;
#595 = VECTOR ( 'NONE', #2265, 1000.000000000000000 ) ;
#596 = CARTESIAN_POINT ( 'NONE',  ( -5.000000000000000000, -39.49999999999999289, -8.900000000000007461 ) ) ;
#597 = ORIENTED_EDGE ( 'NONE', *, *, #1664, .F. ) ;
#598 = AXIS2_PLACEMENT_3D ( 'NONE', #1814, #1791, #820 ) ;
#599 = CARTESIAN_POINT ( 'NONE',  ( 22.10000000000000853, 19.15000000000000213, -1.000000000000000000 ) ) ;
#600 = CARTESIAN_POINT ( 'NONE',  ( 13.87500000000000000, -27.24999999999999645, 2.250000000000000444 ) ) ;
#601 = CARTESIAN_POINT ( 'NONE',  ( 10.57411557956185533, -62.33183232870101875, -1.556889170420041157 ) ) ;
#602 = DIRECTION ( 'NONE',  ( -0.000000000000000000, -0.000000000000000000, -1.000000000000000000 ) ) ;
#603 = ADVANCED_FACE ( 'NONE', ( #3589 ), #5339, .T. ) ;
#604 = CARTESIAN_POINT ( 'NONE',  ( -10.94999999999999574, -38.99999999999999289, -1.250000000000002665 ) ) ;
#605 = CIRCLE ( 'NONE', #4178, 1.400000000000001910 ) ;
#606 = CARTESIAN_POINT ( 'NONE',  ( 24.10000000000000497, 17.75000000000000711, -3.000000000000000000 ) ) ;
#607 = VERTEX_POINT ( 'NONE', #2759 ) ;
#608 = ORIENTED_EDGE ( 'NONE', *, *, #3833, .F. ) ;
#609 = CIRCLE ( 'NONE', #4183, 0.5000000000000004441 ) ;
#610 = DIRECTION ( 'NONE',  ( -0.000000000000000000, -0.000000000000000000, -1.000000000000000000 ) ) ;
#611 =( NAMED_UNIT ( * ) SI_UNIT ( $, .STERADIAN. ) SOLID_ANGLE_UNIT ( ) );
#612 = ADVANCED_FACE ( 'NONE', ( #3238 ), #5202, .T. ) ;
#613 = EDGE_CURVE ( 'NONE', #5410, #669, #779, .T. ) ;
#614 = DIRECTION ( 'NONE',  ( -0.000000000000000000, -0.000000000000000000, -1.000000000000000000 ) ) ;
#615 = DIRECTION ( 'NONE',  ( 0.000000000000000000, 0.000000000000000000, 1.000000000000000000 ) ) ;
#616 = VERTEX_POINT ( 'NONE', #4232 ) ;
#617 = ORIENTED_EDGE ( 'NONE', *, *, #4323, .T. ) ;
#618 = CARTESIAN_POINT ( 'NONE',  ( 28.75000000000000711, -18.49999999999999645, 2.250000000000000000 ) ) ;
#619 = CARTESIAN_POINT ( 'NONE',  ( 3.012339100162038985, 26.00000000000000355, -8.900000000000005684 ) ) ;
#620 = DIRECTION ( 'NONE',  ( 1.000000000000000000, 0.000000000000000000, 0.000000000000000000 ) ) ;
#621 = EDGE_CURVE ( 'NONE', #5725, #3515, #2872, .T. ) ;
#622 = DIRECTION ( 'NONE',  ( 1.000000000000000000, 0.000000000000000000, 0.000000000000000000 ) ) ;
#623 = EDGE_LOOP ( 'NONE', ( #4427, #2972, #3693, #5186 ) ) ;
#624 = ORIENTED_EDGE ( 'NONE', *, *, #534, .T. ) ;
#625 = DIRECTION ( 'NONE',  ( 0.000000000000000000, 0.000000000000000000, 1.000000000000000000 ) ) ;
#626 = CARTESIAN_POINT ( 'NONE',  ( 2.782103687887331604E-15, -39.49999999999999289, -5.550000000000000711 ) ) ;
#627 = DIRECTION ( 'NONE',  ( 0.000000000000000000, 1.000000000000000000, 0.000000000000000000 ) ) ;
#628 = PLANE ( 'NONE',  #4657 ) ;
#629 = VERTEX_POINT ( 'NONE', #266 ) ;
#630 = EDGE_LOOP ( 'NONE', ( #3873, #3400, #1720, #2769 ) ) ;
#631 = CARTESIAN_POINT ( 'NONE',  ( 23.75534103027923294, 17.49465896972076706, -2.985108054652951814 ) ) ;
#632 = DIRECTION ( 'NONE',  ( -0.4149599226503953298, -0.9098396906015795427, 0.000000000000000000 ) ) ;
#633 = CARTESIAN_POINT ( 'NONE',  ( 13.37500000000000000, -27.24999999999999645, -1.249999999999999778 ) ) ;
#634 = CARTESIAN_POINT ( 'NONE',  ( -5.000000000000000000, -53.99999999999999289, -8.900000000000005684 ) ) ;
#635 = AXIS2_PLACEMENT_3D ( 'NONE', #6166, #1295, #1265 ) ;
#636 = CARTESIAN_POINT ( 'NONE',  ( -23.92985033109678739, -17.32014966890301366, -3.000000011190278926 ) ) ;
#637 = VERTEX_POINT ( 'NONE', #233 ) ;
#638 = EDGE_CURVE ( 'NONE', #148, #5410, #1249, .T. ) ;
#639 = CARTESIAN_POINT ( 'NONE',  ( 22.24489407786768780, -19.00510592213230510, -1.839873476193774282 ) ) ;
#640 = CARTESIAN_POINT ( 'NONE',  ( -5.000000000000000000, -54.49999999999999289, -8.900000000000007461 ) ) ;
#641 = DIRECTION ( 'NONE',  ( 0.000000000000000000, 0.000000000000000000, -1.000000000000000000 ) ) ;
#642 = CARTESIAN_POINT ( 'NONE',  ( -15.00000000000000355, -17.50000000000000000, 0.000000000000000000 ) ) ;
#643 = AXIS2_PLACEMENT_3D ( 'NONE', #163, #6029, #193 ) ;
#644 = EDGE_LOOP ( 'NONE', ( #5090, #4529, #1103, #590 ) ) ;
#645 = CIRCLE ( 'NONE', #3809, 0.5000000000000004441 ) ;
#646 = EDGE_CURVE ( 'NONE', #4166, #6008, #2284, .T. ) ;
#647 =( BOUNDED_SURFACE ( )  B_SPLINE_SURFACE ( 3, 2, ( 
 ( #2210, #3102, #2147 ),
 ( #5101, #5550, #2174 ),
 ( #6000, #5004, #3163 ),
 ( #3133, #4030, #2568 ),
 ( #5519, #4157, #3512 ),
 ( #5488, #5070, #3609 ),
 ( #4518, #5611, #1224 ),
 ( #5582, #1191, #4127 ) ),
 .UNSPECIFIED., .F., .F., .F. ) 
 B_SPLINE_SURFACE_WITH_KNOTS ( ( 4, 2, 2, 4 ),
 ( 3, 3 ),
 ( 0.0009866607942050167369, 0.001388926107379963824, 0.001791191420554910695, 0.002595722046904804653 ),
 ( 0.000000000000000000, 1.000000000000000000 ),
 .UNSPECIFIED. ) 
 GEOMETRIC_REPRESENTATION_ITEM ( )  RATIONAL_B_SPLINE_SURFACE ( (
 ( 1.000000000000000000, 0.7071067811865523467, 1.000000000000000000),
 ( 1.000000000000000000, 0.7527359485598834610, 1.000000000000000000),
 ( 1.000000000000000000, 0.7938206998581931462, 1.000000000000000000),
 ( 1.000000000000000000, 0.8657937803870715543, 1.000000000000000000),
 ( 1.000000000000000000, 0.8969016210025921865, 1.000000000000000000),
 ( 1.000000000000000000, 0.9730642412102820105, 1.000000000000000000),
 ( 1.000000000000000000, 1.000126706051576608, 1.000000000000000000),
 ( 1.000000000000000000, 1.000000000000000000, 1.000000000000000000) ) ) 
 REPRESENTATION_ITEM ( '' )  SURFACE ( )  );
#648 = DIRECTION ( 'NONE',  ( 1.000000000000000000, -2.403139825818710681E-16, 0.000000000000000000 ) ) ;
#649 = AXIS2_PLACEMENT_3D ( 'NONE', #359, #1859, #5297 ) ;
#650 = DIRECTION ( 'NONE',  ( -0.000000000000000000, -0.000000000000000000, 1.000000000000000000 ) ) ;
#651 = CARTESIAN_POINT ( 'NONE',  ( 10.45000000000000284, -38.99999999999999289, -5.550000000000000711 ) ) ;
#652 = AXIS2_PLACEMENT_3D ( 'NONE', #1089, #4606, #2168 ) ;
#653 = FACE_OUTER_BOUND ( 'NONE', #1800, .T. ) ;
#654 = ORIENTED_EDGE ( 'NONE', *, *, #4303, .F. ) ;
#655 = ORIENTED_EDGE ( 'NONE', *, *, #3265, .F. ) ;
#656 = ADVANCED_FACE ( 'NONE', ( #4169 ), #3208, .T. ) ;
#657 = CYLINDRICAL_SURFACE ( 'NONE', #4204, 0.5000000000000004441 ) ;
#658 = CARTESIAN_POINT ( 'NONE',  ( -13.37499999999999645, -38.99999999999999289, -1.750000000000003109 ) ) ;
#659 = CARTESIAN_POINT ( 'NONE',  ( -5.000000000000001776, -54.49999999999999289, 2.250000000000000444 ) ) ;
#660 = ORIENTED_EDGE ( 'NONE', *, *, #2860, .T. ) ;
#661 = EDGE_LOOP ( 'NONE', ( #6116, #4329, #1173, #2813 ) ) ;
#662 = EDGE_CURVE ( 'NONE', #3729, #4103, #1757, .T. ) ;
#663 = TOROIDAL_SURFACE ( 'NONE', #5069, 13.36419377152116716, 0.5000000000000000000 ) ;
#664 = DIRECTION ( 'NONE',  ( 2.403139825818710681E-16, -1.000000000000000000, 0.000000000000000000 ) ) ;
#665 = LINE ( 'NONE', #3124, #4645 ) ;
#666 = DIRECTION ( 'NONE',  ( 1.000000000000000000, 0.000000000000000000, 0.000000000000000000 ) ) ;
#667 = CARTESIAN_POINT ( 'NONE',  ( 5.000000000000000000, -54.49999999999999289, -8.400000000000003908 ) ) ;
#668 = CARTESIAN_POINT ( 'NONE',  ( -23.79782862990117565, -18.15723790032946283, -2.747572801732119263 ) ) ;
#669 = VERTEX_POINT ( 'NONE', #5113 ) ;
#670 = CARTESIAN_POINT ( 'NONE',  ( 24.75147186257614251, 18.32157287525381051, -3.000000000000000000 ) ) ;
#671 = CARTESIAN_POINT ( 'NONE',  ( 7.543837814438285605, -39.96357823050992408, -4.857675917217978423 ) ) ;
#672 = CARTESIAN_POINT ( 'NONE',  ( -20.00000000000000000, 35.36419377152115828, 2.250000000000000000 ) ) ;
#673 = DIRECTION ( 'NONE',  ( -0.000000000000000000, -0.000000000000000000, -1.000000000000000000 ) ) ;
#674 = DIRECTION ( 'NONE',  ( -0.000000000000000000, -0.000000000000000000, -1.000000000000000000 ) ) ;
#675 = ORIENTED_EDGE ( 'NONE', *, *, #5348, .T. ) ;
#676 = ORIENTED_EDGE ( 'NONE', *, *, #5629, .T. ) ;
#677 = DIRECTION ( 'NONE',  ( -0.000000000000000000, -0.000000000000000000, 1.000000000000000000 ) ) ;
#678 = CARTESIAN_POINT ( 'NONE',  ( 14.24691522495949059, 21.55000000000000071, -1.199999999999999734 ) ) ;
#679 = DIRECTION ( 'NONE',  ( -1.387778780781445676E-16, 1.000000000000000000, 0.000000000000000000 ) ) ;
#680 = EDGE_CURVE ( 'NONE', #3782, #2013, #834, .T. ) ;
#681 = CARTESIAN_POINT ( 'NONE',  ( -10.38778570948971414, -62.35843983802966761, -1.942103062953752124 ) ) ;
#682 =( BOUNDED_CURVE ( )  B_SPLINE_CURVE ( 3, ( #2534, #3162, #3132, #1666 ),
 .UNSPECIFIED., .F., .T. ) 
 B_SPLINE_CURVE_WITH_KNOTS ( ( 4, 4 ),
 ( 3.141592653589793116, 4.712388980384689674 ),
 .UNSPECIFIED. ) 
 CURVE ( )  GEOMETRIC_REPRESENTATION_ITEM ( )  RATIONAL_B_SPLINE_CURVE ( ( 1.000000000000000000, 0.8047378541243649375, 0.8047378541243649375, 1.000000000000000000 ) ) 
 REPRESENTATION_ITEM ( '' )  );
#683 = ORIENTED_EDGE ( 'NONE', *, *, #3523, .T. ) ;
#684 = ORIENTED_EDGE ( 'NONE', *, *, #1550, .F. ) ;
#685 = CARTESIAN_POINT ( 'NONE',  ( -11.94568131494328966, 23.24999999999999645, -8.900000000000005684 ) ) ;
#686 = DIRECTION ( 'NONE',  ( 2.182042108146926802E-16, -1.000000000000000000, -0.000000000000000000 ) ) ;
#687 = CARTESIAN_POINT ( 'NONE',  ( 13.37500000000000355, -39.49999999999999289, -1.249999999999999778 ) ) ;
#688 = CARTESIAN_POINT ( 'NONE',  ( 6.944154063330265636, -39.49999999999999289, -4.549999999999999822 ) ) ;
#689 = EDGE_CURVE ( 'NONE', #3282, #1698, #4200, .T. ) ;
#690 = ADVANCED_FACE ( 'NONE', ( #204 ), #1744, .F. ) ;
#691 = AXIS2_PLACEMENT_3D ( 'NONE', #4904, #35, #4354 ) ;
#692 = VERTEX_POINT ( 'NONE', #2253 ) ;
#693 = ORIENTED_EDGE ( 'NONE', *, *, #2135, .F. ) ;
#694 = CARTESIAN_POINT ( 'NONE',  ( -7.506325978316621850, -39.96018722612780039, -4.802472862977347212 ) ) ;
#695 = CARTESIAN_POINT ( 'NONE',  ( -23.50000000000000355, 19.15000000000000568, -3.000000000000000000 ) ) ;
#696 = DIRECTION ( 'NONE',  ( 0.000000000000000000, -0.000000000000000000, 1.000000000000000000 ) ) ;
#697 = DIRECTION ( 'NONE',  ( -1.000000000000000000, 0.000000000000000000, 0.000000000000000000 ) ) ;
#698 = EDGE_CURVE ( 'NONE', #5841, #4392, #747, .T. ) ;
#699 = LINE ( 'NONE', #5125, #3287 ) ;
#700 = AXIS2_PLACEMENT_3D ( 'NONE', #1374, #410, #2362 ) ;
#701 = ORIENTED_EDGE ( 'NONE', *, *, #2617, .T. ) ;
#702 = CARTESIAN_POINT ( 'NONE',  ( 23.09276209966994742, -17.45217137009902331, -2.747572801731880787 ) ) ;
#703 = AXIS2_PLACEMENT_3D ( 'NONE', #863, #380, #4744 ) ;
#704 = CARTESIAN_POINT ( 'NONE',  ( 15.00000000000000711, -51.75000000000000000, 2.250000000000000000 ) ) ;
#705 = DIRECTION ( 'NONE',  ( 1.000000000000000000, 0.000000000000000000, 0.000000000000000000 ) ) ;
#706 = DIRECTION ( 'NONE',  ( 0.000000000000000000, 0.000000000000000000, 1.000000000000000000 ) ) ;
#707 = AXIS2_PLACEMENT_3D ( 'NONE', #5706, #3709, #2692 ) ;
#708 = ORIENTED_EDGE ( 'NONE', *, *, #6067, .F. ) ;
#709 = VERTEX_POINT ( 'NONE', #3174 ) ;
#710 = CARTESIAN_POINT ( 'NONE',  ( 13.87500000000000355, -39.49999999999999289, -1.749999999999999778 ) ) ;
#711 = CARTESIAN_POINT ( 'NONE',  ( 5.000000000000000000, -54.49999999999999289, -8.400000000000003908 ) ) ;
#712 = DIRECTION ( 'NONE',  ( -0.000000000000000000, -0.000000000000000000, -1.000000000000000000 ) ) ;
#713 = CARTESIAN_POINT ( 'NONE',  ( -25.75000000000001066, -21.49999999999999645, 2.250000000000000000 ) ) ;
#714 = ORIENTED_EDGE ( 'NONE', *, *, #6253, .T. ) ;
#715 = ORIENTED_EDGE ( 'NONE', *, *, #4390, .F. ) ;
#716 = EDGE_CURVE ( 'NONE', #843, #1420, #5142, .T. ) ;
#717 = DIRECTION ( 'NONE',  ( 0.000000000000000000, 0.000000000000000000, 1.000000000000000000 ) ) ;
#718 = CARTESIAN_POINT ( 'NONE',  ( 25.75000000000001066, -21.49999999999999645, 2.250000000000000000 ) ) ;
#719 = DIRECTION ( 'NONE',  ( -1.000000000000000000, 0.000000000000000000, 0.000000000000000000 ) ) ;
#720 = FACE_OUTER_BOUND ( 'NONE', #3667, .T. ) ;
#721 = ORIENTED_EDGE ( 'NONE', *, *, #2332, .F. ) ;
#722 = ORIENTED_EDGE ( 'NONE', *, *, #183, .F. ) ;
#723 = EDGE_CURVE ( 'NONE', #2141, #3867, #5053, .T. ) ;
#724 = EDGE_CURVE ( 'NONE', #3433, #3321, #6321, .T. ) ;
#725 = DIRECTION ( 'NONE',  ( -1.000000000000000000, 0.000000000000000000, -0.000000000000000000 ) ) ;
#726 = CYLINDRICAL_SURFACE ( 'NONE', #5371, 13.86419377152116006 ) ;
#727 = CARTESIAN_POINT ( 'NONE',  ( -22.59322640498312751, -17.60203207850508278, -2.321653529729316379 ) ) ;
#728 = ORIENTED_EDGE ( 'NONE', *, *, #3576, .T. ) ;
#729 = EDGE_CURVE ( 'NONE', #7, #3898, #4426, .T. ) ;
#730 = EDGE_CURVE ( 'NONE', #1853, #6008, #944, .T. ) ;
#731 = CARTESIAN_POINT ( 'NONE',  ( 23.39844150526797506, -17.85155849473202494, -2.912993840311273619 ) ) ;
#732 = LINE ( 'NONE', #1156, #4695 ) ;
#733 = CARTESIAN_POINT ( 'NONE',  ( -13.87499999999999645, -27.24999999999999645, -2.250000000000003109 ) ) ;
#734 = DIRECTION ( 'NONE',  ( 1.000000000000000000, 0.000000000000000000, 0.000000000000000000 ) ) ;
#735 = EDGE_LOOP ( 'NONE', ( #936, #806, #4089, #3019 ) ) ;
#736 = ORIENTED_EDGE ( 'NONE', *, *, #2446, .T. ) ;
#737 = VECTOR ( 'NONE', #3855, 1000.000000000000000 ) ;
#738 = DIRECTION ( 'NONE',  ( 0.000000000000000000, 0.000000000000000000, 1.000000000000000000 ) ) ;
#739 = CARTESIAN_POINT ( 'NONE',  ( 1.549999999999999822, -24.99999999999998579, -0.2500000000000002220 ) ) ;
#740 = CARTESIAN_POINT ( 'NONE',  ( 15.00000000000000711, -51.75000000000000000, -1.250000000000000222 ) ) ;
#741 = CARTESIAN_POINT ( 'NONE',  ( -10.84098914198902719, -61.85937236226357072, -1.717269194726533277 ) ) ;
#742 = AXIS2_PLACEMENT_3D ( 'NONE', #1636, #1158, #3577 ) ;
#743 = VERTEX_POINT ( 'NONE', #5871 ) ;
#744 = ORIENTED_EDGE ( 'NONE', *, *, #261, .F. ) ;
#745 = VECTOR ( 'NONE', #5062, 1000.000000000000000 ) ;
#746 = CARTESIAN_POINT ( 'NONE',  ( -14.24691522495949059, 22.74999999999999645, -8.400000000000018119 ) ) ;
#747 = LINE ( 'NONE', #1204, #2786 ) ;
#748 = CARTESIAN_POINT ( 'NONE',  ( -26.17557199904522136, -18.92557199904519294, -2.015003415307930812 ) ) ;
#749 = FACE_OUTER_BOUND ( 'NONE', #6325, .T. ) ;
#750 = AXIS2_PLACEMENT_3D ( 'NONE', #1652, #1588, #1146 ) ;
#751 = EDGE_LOOP ( 'NONE', ( #3180, #558, #520, #783 ) ) ;
#752 = EDGE_LOOP ( 'NONE', ( #4780, #4206, #3829, #1227 ) ) ;
#753 = ORIENTED_EDGE ( 'NONE', *, *, #5319, .T. ) ;
#754 = CARTESIAN_POINT ( 'NONE',  ( -7.415897815883195854, -39.49999999999999289, -4.692306811420239754 ) ) ;
#755 = DIRECTION ( 'NONE',  ( -0.000000000000000000, -0.000000000000000000, 1.000000000000000000 ) ) ;
#756 = VECTOR ( 'NONE', #4302, 1000.000000000000000 ) ;
#757 = DIRECTION ( 'NONE',  ( -0.000000000000000000, -0.000000000000000000, 1.000000000000000000 ) ) ;
#758 =( BOUNDED_CURVE ( )  B_SPLINE_CURVE ( 3, ( #4635, #243, #6118, #3273 ),
 .UNSPECIFIED., .F., .T. ) 
 B_SPLINE_CURVE_WITH_KNOTS ( ( 4, 4 ),
 ( 3.141592653589820650, 4.712388980384685233 ),
 .UNSPECIFIED. ) 
 CURVE ( )  GEOMETRIC_REPRESENTATION_ITEM ( )  RATIONAL_B_SPLINE_CURVE ( ( 1.000000000000000000, 0.8047378541243725980, 0.8047378541243725980, 1.000000000000000000 ) ) 
 REPRESENTATION_ITEM ( '' )  );
#759 = ORIENTED_EDGE ( 'NONE', *, *, #3484, .F. ) ;
#760 = AXIS2_PLACEMENT_3D ( 'NONE', #2835, #3682, #1874 ) ;
#761 = CARTESIAN_POINT ( 'NONE',  ( 23.73127195087420915, -18.37909349708576201, -2.599333627660429080 ) ) ;
#762 = LINE ( 'NONE', #1598, #1620 ) ;
#763 = LINE ( 'NONE', #3676, #3293 ) ;
#764 = CIRCLE ( 'NONE', #1077, 1.400000000000001910 ) ;
#765 = EDGE_CURVE ( 'NONE', #3521, #5359, #900, .T. ) ;
#766 = CARTESIAN_POINT ( 'NONE',  ( -24.74465896972098378, 17.49465896972098022, -2.985108054653013543 ) ) ;
#767 = ADVANCED_FACE ( 'NONE', ( #968 ), #1416, .T. ) ;
#768 = AXIS2_PLACEMENT_3D ( 'NONE', #4948, #2475, #47 ) ;
#769 = ORIENTED_EDGE ( 'NONE', *, *, #2529, .F. ) ;
#770 = EDGE_LOOP ( 'NONE', ( #4310, #5666, #5157, #5600, #2227, #624, #2258, #2133, #955, #6079, #1132, #559, #314, #1960 ) ) ;
#771 = CARTESIAN_POINT ( 'NONE',  ( -2.049999999999999822, -24.99999999999998579, 2.250000000000000000 ) ) ;
#772 = DIRECTION ( 'NONE',  ( 0.000000000000000000, 1.000000000000000000, 0.000000000000000000 ) ) ;
#773 = CARTESIAN_POINT ( 'NONE',  ( -18.75000000000000355, -22.74999999999999645, -1.200000000000013500 ) ) ;
#774 = DIRECTION ( 'NONE',  ( -1.000000000000000000, 0.000000000000000000, -1.555805808050947751E-16 ) ) ;
#775 = ADVANCED_FACE ( 'NONE', ( #5328 ), #418, .F. ) ;
#776 = ORIENTED_EDGE ( 'NONE', *, *, #413, .F. ) ;
#777 = CARTESIAN_POINT ( 'NONE',  ( -14.28197004761716826, 22.73392990120530399, -0.9825609690000537411 ) ) ;
#778 = CARTESIAN_POINT ( 'NONE',  ( 10.45000000000000817, -61.99999999999999289, -2.184538389453066554 ) ) ;
#779 = LINE ( 'NONE', #2189, #5137 ) ;
#780 = CARTESIAN_POINT ( 'NONE',  ( -2.433630889136432293E-15, -21.35000000000000142, -5.920000000000007923 ) ) ;
#781 = DIRECTION ( 'NONE',  ( 0.000000000000000000, 0.000000000000000000, -1.000000000000000000 ) ) ;
#782 = ORIENTED_EDGE ( 'NONE', *, *, #1986, .T. ) ;
#783 = ORIENTED_EDGE ( 'NONE', *, *, #1902, .F. ) ;
#784 = DIRECTION ( 'NONE',  ( 1.000000000000000000, 0.000000000000000000, 0.000000000000000000 ) ) ;
#785 = DIRECTION ( 'NONE',  ( 0.9098396906015795427, -0.4149599226503953298, -0.000000000000000000 ) ) ;
#786 = DIRECTION ( 'NONE',  ( 0.000000000000000000, 1.000000000000000000, 0.000000000000000000 ) ) ;
#787 = CIRCLE ( 'NONE', #4473, 5.000000000000002665 ) ;
#788 = ORIENTED_EDGE ( 'NONE', *, *, #1276, .F. ) ;
#789 =( BOUNDED_CURVE ( )  B_SPLINE_CURVE ( 3, ( #4918, #5847, #1457, #1079 ),
 .UNSPECIFIED., .F., .T. ) 
 B_SPLINE_CURVE_WITH_KNOTS ( ( 4, 4 ),
 ( 0.000000000000000000, 1.570796326794896558 ),
 .UNSPECIFIED. ) 
 CURVE ( )  GEOMETRIC_REPRESENTATION_ITEM ( )  RATIONAL_B_SPLINE_CURVE ( ( 1.000000000000000000, 0.8047378541243649375, 0.8047378541243649375, 1.000000000000000000 ) ) 
 REPRESENTATION_ITEM ( '' )  );
#790 = EDGE_CURVE ( 'NONE', #4361, #2413, #338, .T. ) ;
#791 = CARTESIAN_POINT ( 'NONE',  ( 7.693511722161180622, -39.97708480939598275, -4.986976697137061265 ) ) ;
#792 = LINE ( 'NONE', #1308, #5621 ) ;
#793 = CIRCLE ( 'NONE', #2544, 13.86419377152116716 ) ;
#794 = DIRECTION ( 'NONE',  ( -0.000000000000000000, -0.000000000000000000, -1.000000000000000000 ) ) ;
#795 = CARTESIAN_POINT ( 'NONE',  ( -24.55704874873928389, 17.67349582913087147, -2.947945328313032576 ) ) ;
#796 = ORIENTED_EDGE ( 'NONE', *, *, #76, .F. ) ;
#797 = ORIENTED_EDGE ( 'NONE', *, *, #5348, .F. ) ;
#798 = AXIS2_PLACEMENT_3D ( 'NONE', #360, #1350, #325 ) ;
#799 = AXIS2_PLACEMENT_3D ( 'NONE', #3991, #3037, #5862 ) ;
#800 = CARTESIAN_POINT ( 'NONE',  ( 6.944154063330265636, -39.99999999999999289, -5.050000000000000711 ) ) ;
#801 = EDGE_CURVE ( 'NONE', #2916, #1506, #1969, .T. ) ;
#802 = LINE ( 'NONE', #1851, #3926 ) ;
#803 = CARTESIAN_POINT ( 'NONE',  ( 10.44999999999999929, -26.74999999999999289, -8.400000000000003908 ) ) ;
#804 = VECTOR ( 'NONE', #812, 1000.000000000000000 ) ;
#805 = ORIENTED_EDGE ( 'NONE', *, *, #365, .F. ) ;
#806 = ORIENTED_EDGE ( 'NONE', *, *, #5080, .T. ) ;
#807 = CIRCLE ( 'NONE', #1632, 0.5000000000000000000 ) ;
#808 = EDGE_CURVE ( 'NONE', #607, #3940, #2403, .T. ) ;
#809 = FACE_OUTER_BOUND ( 'NONE', #3002, .T. ) ;
#810 = DIRECTION ( 'NONE',  ( 1.000000000000000000, 0.000000000000000000, 0.000000000000000000 ) ) ;
#811 = FACE_OUTER_BOUND ( 'NONE', #5613, .T. ) ;
#812 = DIRECTION ( 'NONE',  ( 1.000000000000000000, -0.000000000000000000, -0.000000000000000000 ) ) ;
#813 = DIRECTION ( 'NONE',  ( 1.000000000000000000, 0.000000000000000000, 0.000000000000000000 ) ) ;
#814 = ORIENTED_EDGE ( 'NONE', *, *, #147, .T. ) ;
#815 = DIRECTION ( 'NONE',  ( 0.000000000000000000, 0.000000000000000000, -1.000000000000000000 ) ) ;
#816 = DIRECTION ( 'NONE',  ( 1.000000000000000000, 0.000000000000000000, 0.000000000000000000 ) ) ;
#817 = CARTESIAN_POINT ( 'NONE',  ( 18.75000000000000711, -22.74999999999999289, 2.250000000000000000 ) ) ;
#818 = ORIENTED_EDGE ( 'NONE', *, *, #221, .F. ) ;
#819 = CARTESIAN_POINT ( 'NONE',  ( 7.474079568924715922, -39.49999999999998579, -4.820825834773271090 ) ) ;
#820 = DIRECTION ( 'NONE',  ( 0.000000000000000000, 0.000000000000000000, 1.000000000000000000 ) ) ;
#821 = DIRECTION ( 'NONE',  ( 0.000000000000000000, 1.000000000000000000, 0.000000000000000000 ) ) ;
#822 = LINE ( 'NONE', #2773, #2989 ) ;
#823 = ADVANCED_FACE ( 'NONE', ( #2312 ), #3388, .F. ) ;
#824 = ORIENTED_EDGE ( 'NONE', *, *, #2940, .T. ) ;
#825 = ORIENTED_EDGE ( 'NONE', *, *, #950, .F. ) ;
#826 = CYLINDRICAL_SURFACE ( 'NONE', #3042, 0.5000000000000004441 ) ;
#827 = SURFACE_STYLE_FILL_AREA ( #6190 ) ;
#828 = LINE ( 'NONE', #2780, #1051 ) ;
#829 = EDGE_CURVE ( 'NONE', #6015, #637, #1771, .T. ) ;
#830 = ORIENTED_EDGE ( 'NONE', *, *, #5903, .F. ) ;
#831 = CARTESIAN_POINT ( 'NONE',  ( -15.00000000000000355, -17.50000000000000000, 2.250000000000000000 ) ) ;
#832 = EDGE_LOOP ( 'NONE', ( #1827, #293, #1247, #2783 ) ) ;
#833 = CARTESIAN_POINT ( 'NONE',  ( -22.10000000000000142, 17.75000000000000711, -3.000000000000000000 ) ) ;
#834 = LINE ( 'NONE', #5626, #2361 ) ;
#835 = DIRECTION ( 'NONE',  ( 1.000000000000000000, 0.000000000000000000, 0.000000000000000000 ) ) ;
#836 = CARTESIAN_POINT ( 'NONE',  ( -25.00000000000000711, -17.75000000000000000, -1.000000000000000000 ) ) ;
#837 = VECTOR ( 'NONE', #1909, 1000.000000000000000 ) ;
#838 = DIRECTION ( 'NONE',  ( 0.000000000000000000, 0.000000000000000000, 1.000000000000000000 ) ) ;
#839 = EDGE_CURVE ( 'NONE', #4816, #1840, #2919, .T. ) ;
#840 = ORIENTED_EDGE ( 'NONE', *, *, #2571, .T. ) ;
#841 = CIRCLE ( 'NONE', #4832, 0.5000000000000004441 ) ;
#842 = AXIS2_PLACEMENT_3D ( 'NONE', #5772, #5, #1955 ) ;
#843 = VERTEX_POINT ( 'NONE', #1002 ) ;
#844 = DIRECTION ( 'NONE',  ( -1.000000000000000000, 0.000000000000000000, 3.469446951953614189E-16 ) ) ;
#845 = DIRECTION ( 'NONE',  ( 0.000000000000000000, 0.000000000000000000, 1.000000000000000000 ) ) ;
#846 = CARTESIAN_POINT ( 'NONE',  ( -7.146116655232345849, -39.50000000000000000, -5.165459653464282042 ) ) ;
#847 = VECTOR ( 'NONE', #6259, 1000.000000000000000 ) ;
#848 = CIRCLE ( 'NONE', #3804, 0.2750055679356273597 ) ;
#849 = AXIS2_PLACEMENT_3D ( 'NONE', #4772, #5673, #6213 ) ;
#850 = ADVANCED_FACE ( 'NONE', ( #3839 ), #3807, .F. ) ;
#851 = ORIENTED_EDGE ( 'NONE', *, *, #330, .T. ) ;
#852 = VECTOR ( 'NONE', #1243, 1000.000000000000000 ) ;
#853 = CARTESIAN_POINT ( 'NONE',  ( 7.400432747719115412, -39.50000000000000000, -4.620549066010023687 ) ) ;
#854 = DIRECTION ( 'NONE',  ( -1.000000000000000000, 0.000000000000000000, 0.000000000000000000 ) ) ;
#855 = CARTESIAN_POINT ( 'NONE',  ( -6.944154063330267412, -39.50000000000000000, 2.249999999999997780 ) ) ;
#856 = CARTESIAN_POINT ( 'NONE',  ( -1.506651917331952362, 22.75000000000000000, -8.400000000000003908 ) ) ;
#857 = CIRCLE ( 'NONE', #6289, 0.5000000000000004441 ) ;
#858 = EDGE_LOOP ( 'NONE', ( #4032, #1577, #305, #2068 ) ) ;
#859 = EDGE_LOOP ( 'NONE', ( #1719, #3288, #1187, #2514 ) ) ;
#860 = AXIS2_PLACEMENT_3D ( 'NONE', #5076, #1673, #5588 ) ;
#861 = DIRECTION ( 'NONE',  ( 1.000000000000000000, 2.182042108146926802E-16, 0.000000000000000000 ) ) ;
#862 = AXIS2_PLACEMENT_3D ( 'NONE', #4194, #6133, #5136 ) ;
#863 = CARTESIAN_POINT ( 'NONE',  ( 15.00000000000000711, -52.50000000000000000, 2.250000000000000000 ) ) ;
#864 = VECTOR ( 'NONE', #6165, 1000.000000000000000 ) ;
#865 = CARTESIAN_POINT ( 'NONE',  ( -10.45000000000000284, -62.10729621274045087, -2.136101172407581572 ) ) ;
#866 = ORIENTED_EDGE ( 'NONE', *, *, #4476, .T. ) ;
#867 = CIRCLE ( 'NONE', #4455, 241.5964285714397874 ) ;
#868 = ORIENTED_EDGE ( 'NONE', *, *, #1083, .T. ) ;
#869 = VERTEX_POINT ( 'NONE', #4751 ) ;
#870 = DIRECTION ( 'NONE',  ( 0.000000000000000000, 0.000000000000000000, 1.000000000000000000 ) ) ;
#871 = CARTESIAN_POINT ( 'NONE',  ( -1.549999999999999822, -22.99999999999998934, 2.250000000000000000 ) ) ;
#872 = EDGE_CURVE ( 'NONE', #3579, #5239, #3325, .T. ) ;
#873 = CARTESIAN_POINT ( 'NONE',  ( 23.49999999999999645, -19.14999999999999858, -1.000000000000000000 ) ) ;
#874 = ORIENTED_EDGE ( 'NONE', *, *, #5122, .T. ) ;
#875 = ORIENTED_EDGE ( 'NONE', *, *, #486, .T. ) ;
#876 = CARTESIAN_POINT ( 'NONE',  ( 7.948326093704751294, -39.49999999999999289, -5.550000000000000711 ) ) ;
#877 = DIRECTION ( 'NONE',  ( 9.251858538542971581E-17, -1.000000000000000000, 0.000000000000000000 ) ) ;
#878 = EDGE_CURVE ( 'NONE', #2141, #5848, #2853, .T. ) ;
#879 = EDGE_CURVE ( 'NONE', #1024, #3300, #1831, .T. ) ;
#880 = CARTESIAN_POINT ( 'NONE',  ( -25.00000000000000000, 17.75000000000000000, -3.000000000000000000 ) ) ;
#881 = ORIENTED_EDGE ( 'NONE', *, *, #2294, .T. ) ;
#882 = CARTESIAN_POINT ( 'NONE',  ( 22.10000000000000142, -17.75000000000000000, -2.171572875253809709 ) ) ;
#883 = EDGE_CURVE ( 'NONE', #6302, #2916, #2884, .T. ) ;
#884 = DIRECTION ( 'NONE',  ( -1.000000000000000000, -2.182042108146926802E-16, -0.000000000000000000 ) ) ;
#885 = CARTESIAN_POINT ( 'NONE',  ( 1.549999999999999822, -24.99999999999998579, -0.2500000000000002220 ) ) ;
#886 = CARTESIAN_POINT ( 'NONE',  ( 24.74465896972077772, 17.49465896972076706, -2.985108054652951814 ) ) ;
#887 = DIRECTION ( 'NONE',  ( 1.000000000000000000, 0.000000000000000000, 0.000000000000000000 ) ) ;
#888 = CIRCLE ( 'NONE', #1504, 2.519999999999992024 ) ;
#889 = ORIENTED_EDGE ( 'NONE', *, *, #5425, .F. ) ;
#890 = ORIENTED_EDGE ( 'NONE', *, *, #407, .T. ) ;
#891 = CARTESIAN_POINT ( 'NONE',  ( 2.782103687887331604E-15, -38.99999999999999289, -1.249999999999999778 ) ) ;
#892 = LINE ( 'NONE', #5707, #3757 ) ;
#893 = DIRECTION ( 'NONE',  ( 1.000000000000000000, 0.000000000000000000, 0.000000000000000000 ) ) ;
#894 = AXIS2_PLACEMENT_3D ( 'NONE', #946, #6210, #3759 ) ;
#895 = AXIS2_PLACEMENT_3D ( 'NONE', #640, #2171, #5579 ) ;
#896 = ORIENTED_EDGE ( 'NONE', *, *, #5309, .T. ) ;
#897 = DIRECTION ( 'NONE',  ( 0.000000000000000000, 0.000000000000000000, -1.000000000000000000 ) ) ;
#898 = EDGE_LOOP ( 'NONE', ( #5536, #416, #1306 ) ) ;
#899 = CYLINDRICAL_SURFACE ( 'NONE', #6292, 0.5000000000000004441 ) ;
#900 = LINE ( 'NONE', #3776, #3095 ) ;
#901 = TOROIDAL_SURFACE ( 'NONE', #5306, 1.000000000000000000, 0.5000000000000000000 ) ;
#902 = VECTOR ( 'NONE', #5051, 1000.000000000000000 ) ;
#903 = DIRECTION ( 'NONE',  ( 1.000000000000000000, 2.182042108146926802E-16, 0.000000000000000000 ) ) ;
#904 = ADVANCED_FACE ( 'NONE', ( #5901 ), #1541, .T. ) ;
#905 = VECTOR ( 'NONE', #2245, 1000.000000000000000 ) ;
#906 = EDGE_LOOP ( 'NONE', ( #3151, #45, #53, #3906 ) ) ;
#907 = ORIENTED_EDGE ( 'NONE', *, *, #566, .F. ) ;
#908 = DIRECTION ( 'NONE',  ( 0.000000000000000000, 0.000000000000000000, 1.000000000000000000 ) ) ;
#909 = CARTESIAN_POINT ( 'NONE',  ( 23.50000000000000355, 17.75000000000000000, -1.000000000000000000 ) ) ;
#910 = FACE_OUTER_BOUND ( 'NONE', #3742, .T. ) ;
#911 = ADVANCED_FACE ( 'NONE', ( #4908 ), #1512, .F. ) ;
#912 = ADVANCED_FACE ( 'NONE', ( #516 ), #3937, .F. ) ;
#913 = VERTEX_POINT ( 'NONE', #3971 ) ;
#914 = DIRECTION ( 'NONE',  ( 0.000000000000000000, 0.000000000000000000, 1.000000000000000000 ) ) ;
#915 = DIRECTION ( 'NONE',  ( -1.000000000000000000, 0.000000000000000000, 0.000000000000000000 ) ) ;
#916 = CARTESIAN_POINT ( 'NONE',  ( 0.8533785680671412965, -23.13073010791098483, -8.900000000000005684 ) ) ;
#917 = CARTESIAN_POINT ( 'NONE',  ( -4.500000000000000888, -38.99999999999999289, -8.900000000000005684 ) ) ;
#918 = CARTESIAN_POINT ( 'NONE',  ( 25.89261163991402981, 18.64261163991418613, -2.425648136654462661 ) ) ;
#919 = CARTESIAN_POINT ( 'NONE',  ( -24.98080999262832336, 19.08603330876110959, -1.518565079760256342 ) ) ;
#920 =( BOUNDED_CURVE ( )  B_SPLINE_CURVE ( 3, ( #4278, #3763, #5728, #4676 ),
 .UNSPECIFIED., .F., .T. ) 
 B_SPLINE_CURVE_WITH_KNOTS ( ( 4, 4 ),
 ( 4.712388980384689674, 6.283185307179586232 ),
 .UNSPECIFIED. ) 
 CURVE ( )  GEOMETRIC_REPRESENTATION_ITEM ( )  RATIONAL_B_SPLINE_CURVE ( ( 1.000000000000000000, 0.8047378541243649375, 0.8047378541243649375, 1.000000000000000000 ) ) 
 REPRESENTATION_ITEM ( '' )  );
#921 = EDGE_CURVE ( 'NONE', #2359, #3459, #3092, .T. ) ;
#922 = EDGE_CURVE ( 'NONE', #5239, #3376, #1605, .T. ) ;
#923 = VERTEX_POINT ( 'NONE', #2089 ) ;
#924 = ORIENTED_EDGE ( 'NONE', *, *, #3360, .F. ) ;
#925 = CARTESIAN_POINT ( 'NONE',  ( -10.94999999999999396, -52.25000000000000000, -1.250000000000000222 ) ) ;
#926 = LINE ( 'NONE', #5225, #4759 ) ;
#927 = CARTESIAN_POINT ( 'NONE',  ( 25.62909349708559503, -17.51872804912562387, -2.599333627660605384 ) ) ;
#928 = DIRECTION ( 'NONE',  ( 0.000000000000000000, -1.000000000000000000, -0.000000000000000000 ) ) ;
#929 = EDGE_CURVE ( 'NONE', #2013, #1270, #333, .T. ) ;
#930 = ORIENTED_EDGE ( 'NONE', *, *, #2535, .T. ) ;
#931 = CARTESIAN_POINT ( 'NONE',  ( -15.87036257769036318, 22.12763200215200499, -0.1452727642830514698 ) ) ;
#932 = ORIENTED_EDGE ( 'NONE', *, *, #3076, .F. ) ;
#933 = CARTESIAN_POINT ( 'NONE',  ( -9.949999999999990408, -61.99999999999999289, -4.549999999999999822 ) ) ;
#934 = DIRECTION ( 'NONE',  ( -0.000000000000000000, 1.000000000000000000, -0.000000000000000000 ) ) ;
#935 = DIRECTION ( 'NONE',  ( 1.000000000000000000, 0.000000000000000000, 0.000000000000000000 ) ) ;
#936 = ORIENTED_EDGE ( 'NONE', *, *, #5284, .T. ) ;
#937 = VERTEX_POINT ( 'NONE', #6006 ) ;
#938 = AXIS2_PLACEMENT_3D ( 'NONE', #4327, #838, #935 ) ;
#939 = CARTESIAN_POINT ( 'NONE',  ( 2.049999999999999822, -54.49999999999999289, 0.2499999999999997780 ) ) ;
#940 = CARTESIAN_POINT ( 'NONE',  ( 22.10000000000000142, 17.75000000000000355, -3.000000000000000000 ) ) ;
#941 = DIRECTION ( 'NONE',  ( 1.000000000000000000, 0.000000000000000000, 0.000000000000000000 ) ) ;
#942 = VECTOR ( 'NONE', #4933, 1000.000000000000000 ) ;
#943 = EDGE_LOOP ( 'NONE', ( #5132, #4073, #2521, #6235 ) ) ;
#944 = CIRCLE ( 'NONE', #5567, 0.5000000000000004441 ) ;
#945 = CARTESIAN_POINT ( 'NONE',  ( -14.24691522495949059, 22.74999999999999645, 2.250000000000000000 ) ) ;
#946 = CARTESIAN_POINT ( 'NONE',  ( -15.90000000000000036, -26.24999999999999645, -8.400000000000003908 ) ) ;
#947 = CARTESIAN_POINT ( 'NONE',  ( 14.99999999999999645, 12.50000000000000000, 2.250000000000000000 ) ) ;
#948 = AXIS2_PLACEMENT_3D ( 'NONE', #1094, #581, #2049 ) ;
#949 = CARTESIAN_POINT ( 'NONE',  ( -18.82359897264921855, 21.54999999999999716, 0.000000000000000000 ) ) ;
#950 = EDGE_CURVE ( 'NONE', #2741, #2618, #1162, .T. ) ;
#951 = CARTESIAN_POINT ( 'NONE',  ( 24.85203207850508633, 18.65677359501686183, -2.321653529729332810 ) ) ;
#952 = DIRECTION ( 'NONE',  ( -1.000000000000000000, -2.182042108146926802E-16, -0.000000000000000000 ) ) ;
#953 = VECTOR ( 'NONE', #3566, 1000.000000000000000 ) ;
#954 = VERTEX_POINT ( 'NONE', #555 ) ;
#955 = ORIENTED_EDGE ( 'NONE', *, *, #3265, .T. ) ;
#956 = CARTESIAN_POINT ( 'NONE',  ( 0.2750055679356279703, -21.35000000000000142, -6.380000000000024762 ) ) ;
#957 = DIRECTION ( 'NONE',  ( 0.000000000000000000, 0.000000000000000000, 1.000000000000000000 ) ) ;
#958 = ADVANCED_FACE ( 'NONE', ( #4068 ), #40, .F. ) ;
#959 = EDGE_CURVE ( 'NONE', #5913, #5890, #1749, .T. ) ;
#960 =( BOUNDED_CURVE ( )  B_SPLINE_CURVE ( 3, ( #3053, #523, #5942, #1488 ),
 .UNSPECIFIED., .F., .T. ) 
 B_SPLINE_CURVE_WITH_KNOTS ( ( 4, 4 ),
 ( 0.000000000000000000, 1.570796326794896558 ),
 .UNSPECIFIED. ) 
 CURVE ( )  GEOMETRIC_REPRESENTATION_ITEM ( )  RATIONAL_B_SPLINE_CURVE ( ( 1.000000000000000000, 0.8047378541243649375, 0.8047378541243649375, 1.000000000000000000 ) ) 
 REPRESENTATION_ITEM ( '' )  );
#961 = CARTESIAN_POINT ( 'NONE',  ( 10.45000000000000639, -61.99999999999999289, -2.184538389453066110 ) ) ;
#962 = PLANE ( 'NONE',  #3191 ) ;
#963 = EDGE_LOOP ( 'NONE', ( #5280, #4369, #4903, #998 ) ) ;
#964 = CARTESIAN_POINT ( 'NONE',  ( -17.11360327695996730, 21.79690697786420728, -0.02312236714020770786 ) ) ;
#965 = VERTEX_POINT ( 'NONE', #4525 ) ;
#966 = CIRCLE ( 'NONE', #1479, 0.5000000000000004441 ) ;
#967 = CARTESIAN_POINT ( 'NONE',  ( -9.949999999999995737, -39.49999999999999289, -5.550000000000000711 ) ) ;
#968 = FACE_OUTER_BOUND ( 'NONE', #5690, .T. ) ;
#969 = VECTOR ( 'NONE', #4325, 1000.000000000000000 ) ;
#970 = EDGE_CURVE ( 'NONE', #3593, #2855, #2479, .T. ) ;
#971 = CARTESIAN_POINT ( 'NONE',  ( 1.506651917331940371, 22.75000000000000000, -8.400000000000007461 ) ) ;
#972 = EDGE_LOOP ( 'NONE', ( #5705, #201, #2966, #4749 ) ) ;
#973 = ORIENTED_EDGE ( 'NONE', *, *, #2713, .F. ) ;
#974 = VERTEX_POINT ( 'NONE', #651 ) ;
#975 = CARTESIAN_POINT ( 'NONE',  ( 15.00000000000000711, -51.75000000000000000, -1.750000000000000222 ) ) ;
#976 = DIRECTION ( 'NONE',  ( 1.000000000000000000, 0.000000000000000000, 0.000000000000000000 ) ) ;
#977 = CARTESIAN_POINT ( 'NONE',  ( -23.94295125126072321, 17.67349582913087147, -2.947945328313032576 ) ) ;
#978 = B_SPLINE_CURVE_WITH_KNOTS ( 'NONE', 3,
 ( #5603, #3695, #1302, #1809, #3246, #2677, #4702, #2320 ),
 .UNSPECIFIED., .F., .F.,
 ( 4, 2, 2, 4 ),
 ( 2.168404344971008868E-19, 0.0004036042695942761095, 0.0008072085391885520022, 0.001614417078377103354 ),
 .UNSPECIFIED. ) ;
#979 = CARTESIAN_POINT ( 'NONE',  ( -2.770070464751050862E-15, 22.75000000000000000, -6.380000000000024762 ) ) ;
#980 = ORIENTED_EDGE ( 'NONE', *, *, #4690, .T. ) ;
#981 = LINE ( 'NONE', #2862, #2382 ) ;
#982 = CARTESIAN_POINT ( 'NONE',  ( 10.43375012178584882, -62.20133959226428289, -2.071369247192154983 ) ) ;
#983 = CARTESIAN_POINT ( 'NONE',  ( -10.94999999999999218, -61.54553470576540519, -1.750000000000000222 ) ) ;
#984 = CARTESIAN_POINT ( 'NONE',  ( -0.2750055679356317451, -23.85000000000000142, -5.920000000000007923 ) ) ;
#985 = CARTESIAN_POINT ( 'NONE',  ( 24.40000000000000568, 17.15000000000000213, -3.000000000000000000 ) ) ;
#986 = CARTESIAN_POINT ( 'NONE',  ( 15.90000000000000391, -23.89999999999999147, 2.250000000000000000 ) ) ;
#987 = ORIENTED_EDGE ( 'NONE', *, *, #5739, .T. ) ;
#988 = ORIENTED_EDGE ( 'NONE', *, *, #2657, .F. ) ;
#989 = EDGE_CURVE ( 'NONE', #3353, #4592, #2509, .T. ) ;
#990 = FACE_OUTER_BOUND ( 'NONE', #3164, .T. ) ;
#991 = DIRECTION ( 'NONE',  ( -2.182042108146926802E-16, 1.000000000000000000, 0.000000000000000000 ) ) ;
#992 = CARTESIAN_POINT ( 'NONE',  ( 24.47855396324302291, -17.41184654414307431, -3.000000000000000000 ) ) ;
#993 = VECTOR ( 'NONE', #5544, 1000.000000000000000 ) ;
#994 = CARTESIAN_POINT ( 'NONE',  ( 18.75000000000000711, -22.74999999999999289, -1.199999999999999734 ) ) ;
#995 = ORIENTED_EDGE ( 'NONE', *, *, #2725, .F. ) ;
#996 = ADVANCED_FACE ( 'NONE', ( #3046 ), #2606, .F. ) ;
#997 = CARTESIAN_POINT ( 'NONE',  ( -18.82359897264921855, 21.54999999999999716, 0.000000000000000000 ) ) ;
#998 = ORIENTED_EDGE ( 'NONE', *, *, #5856, .F. ) ;
#999 = EDGE_CURVE ( 'NONE', #1144, #2297, #2121, .T. ) ;
#1000 =( BOUNDED_CURVE ( )  B_SPLINE_CURVE ( 3, ( #3750, #5719, #420, #1327 ),
 .UNSPECIFIED., .F., .T. ) 
 B_SPLINE_CURVE_WITH_KNOTS ( ( 4, 4 ),
 ( 0.000000000000000000, 1.570796326794896558 ),
 .UNSPECIFIED. ) 
 CURVE ( )  GEOMETRIC_REPRESENTATION_ITEM ( )  RATIONAL_B_SPLINE_CURVE ( ( 1.000000000000000000, 0.8047378541243649375, 0.8047378541243649375, 1.000000000000000000 ) ) 
 REPRESENTATION_ITEM ( '' )  );
#1001 = DIRECTION ( 'NONE',  ( -0.000000000000000000, -0.000000000000000000, 1.000000000000000000 ) ) ;
#1002 = CARTESIAN_POINT ( 'NONE',  ( 18.75000000000000711, -22.74999999999999289, -8.400000000000018119 ) ) ;
#1003 =( LENGTH_UNIT ( ) NAMED_UNIT ( * ) SI_UNIT ( .MILLI., .METRE. ) );
#1004 = CARTESIAN_POINT ( 'NONE',  ( 1.371900808595716281, 23.24999996455769491, -8.900000000000005684 ) ) ;
#1005 = EDGE_LOOP ( 'NONE', ( #1332, #1531, #3473, #655 ) ) ;
#1006 = VERTEX_POINT ( 'NONE', #74 ) ;
#1007 = ADVANCED_FACE ( 'NONE', ( #2024 ), #4000, .T. ) ;
#1008 = EDGE_LOOP ( 'NONE', ( #5640, #2531, #2850, #3135 ) ) ;
#1009 = PRESENTATION_LAYER_ASSIGNMENT (  '', '', ( #5811 ) ) ;
#1010 = LINE ( 'NONE', #2096, #6076 ) ;
#1011 = DIRECTION ( 'NONE',  ( 0.000000000000000000, 0.000000000000000000, 1.000000000000000000 ) ) ;
#1012 = CARTESIAN_POINT ( 'NONE',  ( -10.44999999999999041, -61.54553470576540519, -2.250000000000000444 ) ) ;
#1013 = AXIS2_PLACEMENT_3D ( 'NONE', #5677, #4651, #3614 ) ;
#1014 = CARTESIAN_POINT ( 'NONE',  ( 2.519999999999989360, -22.75000000000000000, -6.380000000000024762 ) ) ;
#1015 = VERTEX_POINT ( 'NONE', #133 ) ;
#1016 = EDGE_CURVE ( 'NONE', #1161, #4320, #2181, .T. ) ;
#1017 = CARTESIAN_POINT ( 'NONE',  ( 24.10000000000000497, 17.15000000000000213, -3.000000000000000000 ) ) ;
#1018 = DIRECTION ( 'NONE',  ( 0.000000000000000000, 0.000000000000000000, 1.000000000000000000 ) ) ;
#1019 = CARTESIAN_POINT ( 'NONE',  ( -15.90000000000000036, -26.74999999999999645, 2.250000000000000000 ) ) ;
#1020 = CYLINDRICAL_SURFACE ( 'NONE', #2193, 13.86419377152115295 ) ;
#1021 = CYLINDRICAL_SURFACE ( 'NONE', #5748, 0.5000000000000004441 ) ;
#1022 = CARTESIAN_POINT ( 'NONE',  ( -10.44999999999999574, -38.99999999999999289, -1.250000000000002665 ) ) ;
#1023 = ORIENTED_EDGE ( 'NONE', *, *, #1796, .T. ) ;
#1024 = VERTEX_POINT ( 'NONE', #5077 ) ;
#1025 = CARTESIAN_POINT ( 'NONE',  ( 23.50000000000000000, -19.14999999999999858, -1.000000000000000000 ) ) ;
#1026 = CARTESIAN_POINT ( 'NONE',  ( 10.55970023595051721, -62.34942301033927947, -1.548783532611498703 ) ) ;
#1027 = CARTESIAN_POINT ( 'NONE',  ( 25.40723790032952323, -17.45217137009883501, -2.747572801732100611 ) ) ;
#1028 = DIRECTION ( 'NONE',  ( 3.863536254701660740E-16, 9.215479681812913687E-32, -1.000000000000000000 ) ) ;
#1029 = ORIENTED_EDGE ( 'NONE', *, *, #662, .F. ) ;
#1030 = LINE ( 'NONE', #5064, #78 ) ;
#1031 = EDGE_LOOP ( 'NONE', ( #1802, #4033, #4622, #3215 ) ) ;
#1032 = CARTESIAN_POINT ( 'NONE',  ( -23.50000000000000355, 19.15000000000000568, 0.000000000000000000 ) ) ;
#1033 = CARTESIAN_POINT ( 'NONE',  ( 23.49999999999999645, 17.15000000000000213, -1.000000000000000000 ) ) ;
#1034 = CARTESIAN_POINT ( 'NONE',  ( 10.91305387998995080, -61.65107352031866839, -1.750000000000000222 ) ) ;
#1035 = CARTESIAN_POINT ( 'NONE',  ( 0.9383487668397644255, 22.89639613569153198, -8.899999999999884892 ) ) ;
#1036 = ORIENTED_EDGE ( 'NONE', *, *, #102, .F. ) ;
#1037 = VERTEX_POINT ( 'NONE', #5679 ) ;
#1038 = CARTESIAN_POINT ( 'NONE',  ( -10.44999999999999751, -27.24999999999999645, -1.750000000000002442 ) ) ;
#1039 = CARTESIAN_POINT ( 'NONE',  ( 10.95000000000000284, -39.99999999999999289, -1.749999999999999778 ) ) ;
#1040 = PLANE ( 'NONE',  #5171 ) ;
#1041 = EDGE_CURVE ( 'NONE', #1139, #2359, #2694, .T. ) ;
#1042 = EDGE_CURVE ( 'NONE', #6128, #4633, #4589, .T. ) ;
#1043 = DIRECTION ( 'NONE',  ( -1.000000000000000000, -0.000000000000000000, 0.000000000000000000 ) ) ;
#1044 = EDGE_LOOP ( 'NONE', ( #1561, #4249, #4450 ) ) ;
#1045 = AXIS2_PLACEMENT_3D ( 'NONE', #3903, #1928, #5972 ) ;
#1046 = CARTESIAN_POINT ( 'NONE',  ( 22.36433682768046793, 17.67069895169583305, -2.002301386805983352 ) ) ;
#1047 = LINE ( 'NONE', #600, #2695 ) ;
#1048 = CARTESIAN_POINT ( 'NONE',  ( 10.45000000000000639, -61.88454422783551934, -1.800908780407484588 ) ) ;
#1049 = ADVANCED_FACE ( 'NONE', ( #1230 ), #4305, .T. ) ;
#1050 = DIRECTION ( 'NONE',  ( 0.000000000000000000, 0.000000000000000000, -1.000000000000000000 ) ) ;
#1051 = VECTOR ( 'NONE', #4809, 1000.000000000000000 ) ;
#1052 = CARTESIAN_POINT ( 'NONE',  ( -26.17557199904513610, 18.92557199904513965, -2.015003415308026735 ) ) ;
#1053 = ORIENTED_EDGE ( 'NONE', *, *, #3182, .F. ) ;
#1054 = ORIENTED_EDGE ( 'NONE', *, *, #1818, .T. ) ;
#1055 = CIRCLE ( 'NONE', #33, 0.5000000000000004441 ) ;
#1056 = DIRECTION ( 'NONE',  ( 1.000000000000000000, -0.000000000000000000, -0.000000000000000000 ) ) ;
#1057 = FACE_OUTER_BOUND ( 'NONE', #2085, .T. ) ;
#1058 = DIRECTION ( 'NONE',  ( -1.000000000000000000, 0.000000000000000000, 0.000000000000000000 ) ) ;
#1059 = CIRCLE ( 'NONE', #1675, 2.519999999999992024 ) ;
#1060 = CARTESIAN_POINT ( 'NONE',  ( -26.40000000000000568, 17.75000000000000711, -1.000000000000000000 ) ) ;
#1061 = CIRCLE ( 'NONE', #238, 0.5000000000000004441 ) ;
#1062 = ORIENTED_EDGE ( 'NONE', *, *, #3931, .T. ) ;
#1063 = ORIENTED_EDGE ( 'NONE', *, *, #801, .F. ) ;
#1064 = AXIS2_PLACEMENT_3D ( 'NONE', #3883, #1018, #5916 ) ;
#1065 = CARTESIAN_POINT ( 'NONE',  ( 9.950000000000002842, -38.99999999999999289, 0.000000000000000000 ) ) ;
#1066 = FACE_OUTER_BOUND ( 'NONE', #5361, .T. ) ;
#1067 = CARTESIAN_POINT ( 'NONE',  ( 10.87666983781529240, -61.75577744351726750, -1.740122670964334040 ) ) ;
#1068 = DIRECTION ( 'NONE',  ( 1.000000000000000000, 0.000000000000000000, 0.000000000000000000 ) ) ;
#1069 = AXIS2_PLACEMENT_3D ( 'NONE', #5969, #1573, #620 ) ;
#1070 = ORIENTED_EDGE ( 'NONE', *, *, #2482, .T. ) ;
#1071 = ORIENTED_EDGE ( 'NONE', *, *, #5601, .F. ) ;
#1072 = EDGE_CURVE ( 'NONE', #4748, #1255, #1259, .T. ) ;
#1073 = AXIS2_PLACEMENT_3D ( 'NONE', #4348, #6312, #411 ) ;
#1074 = DIRECTION ( 'NONE',  ( 1.000000000000000000, 0.000000000000000000, 2.532443030623075608E-16 ) ) ;
#1075 = CARTESIAN_POINT ( 'NONE',  ( -1.322194738923210267, 22.75000000273372081, -8.528856278077084241 ) ) ;
#1076 = DIRECTION ( 'NONE',  ( -1.000000000000000000, 0.000000000000000000, 0.000000000000000000 ) ) ;
#1077 = AXIS2_PLACEMENT_3D ( 'NONE', #563, #2518, #2099 ) ;
#1078 = AXIS2_PLACEMENT_3D ( 'NONE', #1579, #625, #5498 ) ;
#1079 = CARTESIAN_POINT ( 'NONE',  ( -4.500000000000000888, -38.99999999999999289, -8.900000000000005684 ) ) ;
#1080 = EDGE_LOOP ( 'NONE', ( #1443, #5938, #1320 ) ) ;
#1081 = AXIS2_PLACEMENT_3D ( 'NONE', #529, #1112, #1937 ) ;
#1082 = ADVANCED_FACE ( 'NONE', ( #4653 ), #260, .F. ) ;
#1083 = EDGE_CURVE ( 'NONE', #3275, #1139, #449, .T. ) ;
#1084 = CARTESIAN_POINT ( 'NONE',  ( 23.20694626069826683, 18.04305373930142409, -2.852596106570153722 ) ) ;
#1085 = PLANE ( 'NONE',  #1871 ) ;
#1086 = CARTESIAN_POINT ( 'NONE',  ( 10.34926720736215344, -62.58311645693588332, -1.433285444633521699 ) ) ;
#1087 = CARTESIAN_POINT ( 'NONE',  ( -15.90000000000000036, -23.89999999999999503, 2.250000000000000000 ) ) ;
#1088 = CARTESIAN_POINT ( 'NONE',  ( 9.950000000000006395, -61.99999999999999289, -4.549999999999999822 ) ) ;
#1089 = CARTESIAN_POINT ( 'NONE',  ( 22.10000000000000142, 17.75000000000000355, -3.000000000000000000 ) ) ;
#1090 = EDGE_LOOP ( 'NONE', ( #1180, #3818, #3939, #3025 ) ) ;
#1091 = ORIENTED_EDGE ( 'NONE', *, *, #1217, .T. ) ;
#1092 = EDGE_CURVE ( 'NONE', #2162, #5239, #857, .T. ) ;
#1093 = CARTESIAN_POINT ( 'NONE',  ( 22.30233405890561826, -17.68929978232833733, -1.886302363899264645 ) ) ;
#1094 = CARTESIAN_POINT ( 'NONE',  ( 20.00000000000000000, -12.50000000000000000, 2.250000000000000000 ) ) ;
#1095 = CARTESIAN_POINT ( 'NONE',  ( -10.45000000000000284, -39.99999999999999289, 2.250000000000000000 ) ) ;
#1096 = VERTEX_POINT ( 'NONE', #3312 ) ;
#1097 = ORIENTED_EDGE ( 'NONE', *, *, #3415, .T. ) ;
#1098 = CYLINDRICAL_SURFACE ( 'NONE', #495, 0.5000000000000004441 ) ;
#1099 = LINE ( 'NONE', #3422, #5991 ) ;
#1100 = DIRECTION ( 'NONE',  ( 0.000000000000000000, 0.000000000000000000, -1.000000000000000000 ) ) ;
#1101 = AXIS2_PLACEMENT_3D ( 'NONE', #1551, #2553, #2067 ) ;
#1102 = LINE ( 'NONE', #3456, #5445 ) ;
#1103 = ORIENTED_EDGE ( 'NONE', *, *, #1269, .T. ) ;
#1104 = VERTEX_POINT ( 'NONE', #773 ) ;
#1105 = FACE_OUTER_BOUND ( 'NONE', #1651, .T. ) ;
#1106 = FACE_OUTER_BOUND ( 'NONE', #270, .T. ) ;
#1107 = AXIS2_PLACEMENT_3D ( 'NONE', #5256, #861, #2814 ) ;
#1108 = CARTESIAN_POINT ( 'NONE',  ( -23.50000000000000355, -19.14999999999999503, 0.000000000000000000 ) ) ;
#1109 = CARTESIAN_POINT ( 'NONE',  ( -2.433630889136431505E-15, 21.35000000000000142, -6.380000000000024762 ) ) ;
#1110 = EDGE_CURVE ( 'NONE', #4981, #585, #6089, .T. ) ;
#1111 = AXIS2_PLACEMENT_3D ( 'NONE', #4752, #3777, #835 ) ;
#1112 = DIRECTION ( 'NONE',  ( -0.9098396906015795427, 0.4149599226503952742, 0.000000000000000000 ) ) ;
#1113 = VERTEX_POINT ( 'NONE', #227 ) ;
#1114 = AXIS2_PLACEMENT_3D ( 'NONE', #6027, #3675, #5099 ) ;
#1115 = DIRECTION ( 'NONE',  ( -2.602085213965208275E-15, -1.000000000000000000, 0.000000000000000000 ) ) ;
#1116 = DIRECTION ( 'NONE',  ( 0.000000000000000000, 0.000000000000000000, -1.000000000000000000 ) ) ;
#1117 = CARTESIAN_POINT ( 'NONE',  ( -10.24289321881345138, -26.54289321881344677, -8.900000000000005684 ) ) ;
#1118 = CARTESIAN_POINT ( 'NONE',  ( -3.012339100162039429, 12.63580622847883639, 2.250000000000000000 ) ) ;
#1119 = VECTOR ( 'NONE', #3136, 1000.000000000000000 ) ;
#1120 = AXIS2_PLACEMENT_3D ( 'NONE', #5314, #403, #4770 ) ;
#1121 = EDGE_CURVE ( 'NONE', #428, #2881, #4029, .T. ) ;
#1122 = LINE ( 'NONE', #3639, #3196 ) ;
#1123 = ORIENTED_EDGE ( 'NONE', *, *, #5521, .F. ) ;
#1124 = CIRCLE ( 'NONE', #5527, 0.5000000000000004441 ) ;
#1125 = CARTESIAN_POINT ( 'NONE',  ( 3.012339100162038985, 26.50000000000000355, 2.250000000000000000 ) ) ;
#1126 = PLANE ( 'NONE',  #5615 ) ;
#1127 = DIRECTION ( 'NONE',  ( -1.000000000000000000, -0.000000000000000000, -0.000000000000000000 ) ) ;
#1128 = ADVANCED_FACE ( 'NONE', ( #402 ), #199, .F. ) ;
#1129 = DIRECTION ( 'NONE',  ( -0.000000000000000000, -0.000000000000000000, -1.000000000000000000 ) ) ;
#1130 = ADVANCED_FACE ( 'NONE', ( #5649 ), #1168, .T. ) ;
#1131 = EDGE_LOOP ( 'NONE', ( #2441, #5229, #456, #2196 ) ) ;
#1132 = ORIENTED_EDGE ( 'NONE', *, *, #207, .T. ) ;
#1133 = CARTESIAN_POINT ( 'NONE',  ( -9.950000000000006395, 9.545306638761545059, -8.400000000000003908 ) ) ;
#1134 = DIRECTION ( 'NONE',  ( 1.000000000000000000, 0.000000000000000000, 0.000000000000000000 ) ) ;
#1135 = DIRECTION ( 'NONE',  ( 0.000000000000000000, 0.000000000000000000, 1.000000000000000000 ) ) ;
#1136 = CARTESIAN_POINT ( 'NONE',  ( -10.43634726810764946, -62.18719033390226514, -2.081209068075955848 ) ) ;
#1137 = EDGE_CURVE ( 'NONE', #148, #3120, #5106, .T. ) ;
#1138 = ORIENTED_EDGE ( 'NONE', *, *, #4160, .T. ) ;
#1139 = VERTEX_POINT ( 'NONE', #740 ) ;
#1140 = CARTESIAN_POINT ( 'NONE',  ( 10.45000000000000462, -51.24999999999999289, 2.250000000000000000 ) ) ;
#1141 = CARTESIAN_POINT ( 'NONE',  ( 10.45000000000000817, -61.99999999999999289, -2.250000000000000444 ) ) ;
#1142 = CARTESIAN_POINT ( 'NONE',  ( -4.500000000000000888, 9.545306638761546836, -8.400000000000003908 ) ) ;
#1143 = CARTESIAN_POINT ( 'NONE',  ( -22.24489407786777306, 19.00510592213223759, -1.839873476193772284 ) ) ;
#1144 = VERTEX_POINT ( 'NONE', #4163 ) ;
#1145 = EDGE_LOOP ( 'NONE', ( #4997, #1486, #1812, #334 ) ) ;
#1146 = DIRECTION ( 'NONE',  ( 0.000000000000000000, 0.000000000000000000, -1.000000000000000000 ) ) ;
#1147 = LINE ( 'NONE', #3088, #953 ) ;
#1148 = FACE_OUTER_BOUND ( 'NONE', #6088, .T. ) ;
#1149 = CARTESIAN_POINT ( 'NONE',  ( 14.24691522495947993, 22.75000000000000711, 2.250000000000000000 ) ) ;
#1150 = CARTESIAN_POINT ( 'NONE',  ( -22.50978472310943701, -17.62706458306713131, -2.219979545272543930 ) ) ;
#1151 = ORIENTED_EDGE ( 'NONE', *, *, #4785, .F. ) ;
#1152 = CARTESIAN_POINT ( 'NONE',  ( -22.10000000000000142, -17.75000000000000000, -3.000000000000000000 ) ) ;
#1153 = ADVANCED_FACE ( 'NONE', ( #3200 ), #1615, .T. ) ;
#1154 = CARTESIAN_POINT ( 'NONE',  ( 7.517351550866300691, -39.49999999999999289, -4.879110921833943237 ) ) ;
#1155 = AXIS2_PLACEMENT_3D ( 'NONE', #5658, #1267, #781 ) ;
#1156 = CARTESIAN_POINT ( 'NONE',  ( -13.87499999999999645, -38.99999999999999289, -1.750000000000003331 ) ) ;
#1157 = CARTESIAN_POINT ( 'NONE',  ( -18.25000000000000711, -23.89999999999999503, -8.400000000000003908 ) ) ;
#1158 = DIRECTION ( 'NONE',  ( -0.000000000000000000, -0.000000000000000000, -1.000000000000000000 ) ) ;
#1159 = ORIENTED_EDGE ( 'NONE', *, *, #2101, .T. ) ;
#1160 = CIRCLE ( 'NONE', #2983, 242.0964285714397874 ) ;
#1161 = VERTEX_POINT ( 'NONE', #5918 ) ;
#1162 = CIRCLE ( 'NONE', #5563, 0.5000000000000004441 ) ;
#1163 = ADVANCED_FACE ( 'NONE', ( #1461 ), #663, .T. ) ;
#1164 = DIRECTION ( 'NONE',  ( -0.000000000000000000, 0.000000000000000000, 1.000000000000000000 ) ) ;
#1165 = EDGE_CURVE ( 'NONE', #2841, #4402, #3129, .T. ) ;
#1166 = AXIS2_PLACEMENT_3D ( 'NONE', #1446, #1349, #4783 ) ;
#1167 = CARTESIAN_POINT ( 'NONE',  ( -25.00000000000000000, 17.75000000000000000, 0.000000000000000000 ) ) ;
#1168 = CYLINDRICAL_SURFACE ( 'NONE', #2388, 2.500000000000000000 ) ;
#1169 = AXIS2_PLACEMENT_3D ( 'NONE', #6028, #2115, #3607 ) ;
#1170 = CARTESIAN_POINT ( 'NONE',  ( -10.57411557956135972, -62.33183232870153034, -1.556889170419833102 ) ) ;
#1171 = VERTEX_POINT ( 'NONE', #2525 ) ;
#1172 = VECTOR ( 'NONE', #4500, 1000.000000000000000 ) ;
#1173 = ORIENTED_EDGE ( 'NONE', *, *, #268, .T. ) ;
#1174 = ADVANCED_FACE ( 'NONE', ( #1941 ), #3616, .T. ) ;
#1175 = DIRECTION ( 'NONE',  ( 1.000000000000000000, 0.000000000000000000, 0.000000000000000000 ) ) ;
#1176 = CARTESIAN_POINT ( 'NONE',  ( -1.420136331858341094, 22.75000000000000000, -8.464529167731647874 ) ) ;
#1177 = PLANE ( 'NONE',  #2845 ) ;
#1178 = CARTESIAN_POINT ( 'NONE',  ( -10.44999999999999574, -39.99999999999999289, -1.750000000000002442 ) ) ;
#1179 = ORIENTED_EDGE ( 'NONE', *, *, #2069, .F. ) ;
#1180 = ORIENTED_EDGE ( 'NONE', *, *, #1857, .F. ) ;
#1181 = AXIS2_PLACEMENT_3D ( 'NONE', #5061, #4085, #5509 ) ;
#1182 = CARTESIAN_POINT ( 'NONE',  ( 18.75105063348003043, -22.69412637308058223, -0.8258908765472273705 ) ) ;
#1183 = CARTESIAN_POINT ( 'NONE',  ( -10.91216640768979218, -61.65360863818604287, -1.749999999999999778 ) ) ;
#1184 = CARTESIAN_POINT ( 'NONE',  ( -25.00000000000000000, 17.75000000000000355, -1.000000000000000000 ) ) ;
#1185 = DIRECTION ( 'NONE',  ( 2.403139825818710681E-16, 1.000000000000000000, 0.000000000000000000 ) ) ;
#1186 = CARTESIAN_POINT ( 'NONE',  ( 8.450000000000013500, -62.00000000000000000, -4.549999999999999822 ) ) ;
#1187 = ORIENTED_EDGE ( 'NONE', *, *, #4710, .F. ) ;
#1188 = CARTESIAN_POINT ( 'NONE',  ( 23.75534103027957755, -17.49465896972040824, -2.985108054652926945 ) ) ;
#1189 = DIRECTION ( 'NONE',  ( 0.000000000000000000, 1.000000000000000000, 0.000000000000000000 ) ) ;
#1190 = LINE ( 'NONE', #5100, #2998 ) ;
#1191 = CARTESIAN_POINT ( 'NONE',  ( -3.317434431276093290E-15, -22.74999999999999289, -8.900000000000012790 ) ) ;
#1192 = EDGE_CURVE ( 'NONE', #6248, #148, #2864, .T. ) ;
#1193 = ORIENTED_EDGE ( 'NONE', *, *, #724, .T. ) ;
#1194 = VERTEX_POINT ( 'NONE', #2008 ) ;
#1195 = CYLINDRICAL_SURFACE ( 'NONE', #6234, 0.5000000000000004441 ) ;
#1196 = DIRECTION ( 'NONE',  ( 0.000000000000000000, 0.000000000000000000, 1.000000000000000000 ) ) ;
#1197 = DIRECTION ( 'NONE',  ( 1.000000000000000000, 0.000000000000000000, -0.000000000000000000 ) ) ;
#1198 = CARTESIAN_POINT ( 'NONE',  ( -1.372043003045217091, 23.24999999999999645, -8.900000000000005684 ) ) ;
#1199 = ADVANCED_FACE ( 'NONE', ( #432 ), #1020, .F. ) ;
#1200 = EDGE_CURVE ( 'NONE', #2012, #3121, #4372, .T. ) ;
#1201 = VERTEX_POINT ( 'NONE', #5823 ) ;
#1202 = ORIENTED_EDGE ( 'NONE', *, *, #1895, .F. ) ;
#1203 = PLANE ( 'NONE',  #5174 ) ;
#1204 = CARTESIAN_POINT ( 'NONE',  ( 23.50000000000000355, 19.14999999999999858, 0.000000000000000000 ) ) ;
#1205 = CARTESIAN_POINT ( 'NONE',  ( -26.40000000000001279, -17.74999999999998934, -0.9999999999999985567 ) ) ;
#1206 = LINE ( 'NONE', #1178, #3012 ) ;
#1207 = CARTESIAN_POINT ( 'NONE',  ( -0.2750055679356311344, -21.35000000000000142, -5.920000000000007923 ) ) ;
#1208 = AXIS2_PLACEMENT_3D ( 'NONE', #4578, #2142, #4090 ) ;
#1209 = ADVANCED_FACE ( 'NONE', ( #5439 ), #1430, .F. ) ;
#1210 = EDGE_CURVE ( 'NONE', #3715, #3867, #5944, .T. ) ;
#1211 = VERTEX_POINT ( 'NONE', #465 ) ;
#1212 = ORIENTED_EDGE ( 'NONE', *, *, #4324, .F. ) ;
#1213 = CARTESIAN_POINT ( 'NONE',  ( -6.944154063330279847, -39.49999999999999289, -4.550000000000006928 ) ) ;
#1214 = DIRECTION ( 'NONE',  ( 1.000000000000000000, -0.000000000000000000, -0.000000000000000000 ) ) ;
#1215 = DIRECTION ( 'NONE',  ( 1.000000000000000000, -0.000000000000000000, 0.000000000000000000 ) ) ;
#1216 = CARTESIAN_POINT ( 'NONE',  ( -23.64796792149491012, -18.65677359501686539, -2.321653529729316379 ) ) ;
#1217 = EDGE_CURVE ( 'NONE', #180, #3592, #3305, .T. ) ;
#1218 = CIRCLE ( 'NONE', #1114, 1.400000000000001910 ) ;
#1219 = ORIENTED_EDGE ( 'NONE', *, *, #128, .T. ) ;
#1220 = CARTESIAN_POINT ( 'NONE',  ( 23.83815345585651713, -17.22855396324314370, -3.000000000000000000 ) ) ;
#1221 = TOROIDAL_SURFACE ( 'NONE', #5006, 2.350000000000007194, 0.5000000000000000000 ) ;
#1222 = DIRECTION ( 'NONE',  ( 0.000000000000000000, 0.000000000000000000, 1.000000000000000000 ) ) ;
#1223 = FACE_OUTER_BOUND ( 'NONE', #5133, .T. ) ;
#1224 = CARTESIAN_POINT ( 'NONE',  ( -0.2392288822250915048, -22.86901962756910578, -8.900000000000014566 ) ) ;
#1225 = AXIS2_PLACEMENT_3D ( 'NONE', #3073, #38, #2572 ) ;
#1226 = VERTEX_POINT ( 'NONE', #2451 ) ;
#1227 = ORIENTED_EDGE ( 'NONE', *, *, #1637, .T. ) ;
#1228 = DIRECTION ( 'NONE',  ( -2.182042108146926802E-16, 1.000000000000000000, -0.000000000000000000 ) ) ;
#1229 = DIRECTION ( 'NONE',  ( 1.000000000000000000, 0.000000000000000000, 0.000000000000000000 ) ) ;
#1230 = FACE_OUTER_BOUND ( 'NONE', #2655, .T. ) ;
#1231 = CARTESIAN_POINT ( 'NONE',  ( -10.34926720736314998, -62.58311645693487435, -1.433285444633942252 ) ) ;
#1232 = EDGE_LOOP ( 'NONE', ( #3771, #1704, #759 ) ) ;
#1233 = EDGE_LOOP ( 'NONE', ( #5126, #2059, #4698, #4047 ) ) ;
#1234 = CARTESIAN_POINT ( 'NONE',  ( 8.765423875202550619, 25.25000000000000000, -8.400000000000003908 ) ) ;
#1235 = DIRECTION ( 'NONE',  ( 1.000000000000000000, 0.000000000000000000, 0.000000000000000000 ) ) ;
#1236 = EDGE_CURVE ( 'NONE', #1682, #2824, #1495, .T. ) ;
#1237 = DIRECTION ( 'NONE',  ( -0.000000000000000000, -0.000000000000000000, 1.000000000000000000 ) ) ;
#1238 = DIRECTION ( 'NONE',  ( -0.000000000000000000, 1.000000000000000000, -0.000000000000000000 ) ) ;
#1239 = ORIENTED_EDGE ( 'NONE', *, *, #808, .F. ) ;
#1240 = VERTEX_POINT ( 'NONE', #58 ) ;
#1241 = ORIENTED_EDGE ( 'NONE', *, *, #4756, .F. ) ;
#1242 = CARTESIAN_POINT ( 'NONE',  ( -7.818265558754394995, -39.49999999999999289, -5.549999992910452207 ) ) ;
#1243 = DIRECTION ( 'NONE',  ( 0.000000000000000000, -1.000000000000000000, 0.000000000000000000 ) ) ;
#1244 = EDGE_CURVE ( 'NONE', #1435, #2819, #1625, .T. ) ;
#1245 = DIRECTION ( 'NONE',  ( 1.000000000000000000, 0.000000000000000000, 0.000000000000000000 ) ) ;
#1246 = CARTESIAN_POINT ( 'NONE',  ( -23.50386765614444684, -19.13710781285180573, -1.261796208304262645 ) ) ;
#1247 = ORIENTED_EDGE ( 'NONE', *, *, #4880, .F. ) ;
#1248 =( BOUNDED_CURVE ( )  B_SPLINE_CURVE ( 3, ( #5232, #4750, #2370, #1858 ),
 .UNSPECIFIED., .F., .T. ) 
 B_SPLINE_CURVE_WITH_KNOTS ( ( 4, 4 ),
 ( 1.570796326794896558, 3.141592653589765582 ),
 .UNSPECIFIED. ) 
 CURVE ( )  GEOMETRIC_REPRESENTATION_ITEM ( )  RATIONAL_B_SPLINE_CURVE ( ( 1.000000000000000000, 0.8047378541243714878, 0.8047378541243714878, 1.000000000000000000 ) ) 
 REPRESENTATION_ITEM ( '' )  );
#1249 = CIRCLE ( 'NONE', #1447, 2.999999999999999112 ) ;
#1250 = FACE_OUTER_BOUND ( 'NONE', #4795, .T. ) ;
#1251 = ADVANCED_FACE ( 'NONE', ( #5094 ), #726, .F. ) ;
#1252 = DIRECTION ( 'NONE',  ( -1.000000000000000000, 0.000000000000000000, 0.000000000000000000 ) ) ;
#1253 = CARTESIAN_POINT ( 'NONE',  ( -24.57014966890313445, 17.32014966890312735, -3.000000011188544313 ) ) ;
#1254 = EDGE_LOOP ( 'NONE', ( #2220, #3041, #4179, #5633, #5367, #4064 ) ) ;
#1255 = VERTEX_POINT ( 'NONE', #5475 ) ;
#1256 = TOROIDAL_SURFACE ( 'NONE', #4828, 1.000000000000000000, 0.5000000000000000000 ) ;
#1257 = CARTESIAN_POINT ( 'NONE',  ( 9.450000000000004619, -39.99999999999999289, -5.050000000000000711 ) ) ;
#1258 = DIRECTION ( 'NONE',  ( 0.000000000000000000, 0.000000000000000000, 1.000000000000000000 ) ) ;
#1259 = LINE ( 'NONE', #3711, #5581 ) ;
#1260 = CARTESIAN_POINT ( 'NONE',  ( -10.45000000000000639, -61.88454422783551934, -1.800908780407484588 ) ) ;
#1261 = AXIS2_PLACEMENT_3D ( 'NONE', #510, #2019, #2913 ) ;
#1262 = VERTEX_POINT ( 'NONE', #2074 ) ;
#1263 = CARTESIAN_POINT ( 'NONE',  ( 28.75000000000000711, 18.49999999999999645, 2.250000000000000000 ) ) ;
#1264 = AXIS2_PLACEMENT_3D ( 'NONE', #4582, #4613, #5487 ) ;
#1265 = DIRECTION ( 'NONE',  ( 1.000000000000000000, 0.000000000000000000, 0.000000000000000000 ) ) ;
#1266 = CARTESIAN_POINT ( 'NONE',  ( -26.29785218895082011, -17.71935565668526991, -1.644431365561000780 ) ) ;
#1267 = DIRECTION ( 'NONE',  ( 1.000000000000000000, 0.000000000000000000, 0.000000000000000000 ) ) ;
#1268 = AXIS2_PLACEMENT_3D ( 'NONE', #4208, #5214, #6205 ) ;
#1269 = EDGE_CURVE ( 'NONE', #2927, #276, #6049, .T. ) ;
#1270 = VERTEX_POINT ( 'NONE', #1149 ) ;
#1271 = ORIENTED_EDGE ( 'NONE', *, *, #5156, .F. ) ;
#1272 = DIRECTION ( 'NONE',  ( 0.000000000000000000, 0.000000000000000000, 1.000000000000000000 ) ) ;
#1273 = LINE ( 'NONE', #367, #438 ) ;
#1274 = CIRCLE ( 'NONE', #4435, 0.5000000000000000000 ) ;
#1275 = DIRECTION ( 'NONE',  ( -0.000000000000000000, -0.000000000000000000, -1.000000000000000000 ) ) ;
#1276 = EDGE_CURVE ( 'NONE', #4330, #6001, #2558, .T. ) ;
#1277 = EDGE_CURVE ( 'NONE', #272, #4879, #3126, .T. ) ;
#1278 = ORIENTED_EDGE ( 'NONE', *, *, #5619, .T. ) ;
#1279 = VECTOR ( 'NONE', #3090, 1000.000000000000000 ) ;
#1280 = AXIS2_PLACEMENT_3D ( 'NONE', #317, #3798, #6281 ) ;
#1281 = CARTESIAN_POINT ( 'NONE',  ( 7.442883527635174801, -39.49999999999999289, -5.423953401034855126 ) ) ;
#1282 = DIRECTION ( 'NONE',  ( -0.000000000000000000, -0.000000000000000000, -1.000000000000000000 ) ) ;
#1283 = CARTESIAN_POINT ( 'NONE',  ( -10.94999999999999396, -52.25000000000000000, -1.250000000000000222 ) ) ;
#1284 = VECTOR ( 'NONE', #2160, 1000.000000000000000 ) ;
#1285 = FACE_OUTER_BOUND ( 'NONE', #5468, .T. ) ;
#1286 = EDGE_CURVE ( 'NONE', #4538, #3545, #3621, .T. ) ;
#1287 = VERTEX_POINT ( 'NONE', #4574 ) ;
#1288 = VERTEX_POINT ( 'NONE', #245 ) ;
#1289 = DIRECTION ( 'NONE',  ( -0.000000000000000000, -0.000000000000000000, -1.000000000000000000 ) ) ;
#1290 = CYLINDRICAL_SURFACE ( 'NONE', #5302, 2.000000000000000000 ) ;
#1291 = DIRECTION ( 'NONE',  ( 1.000000000000000000, 0.000000000000000000, 0.000000000000000000 ) ) ;
#1292 = EDGE_LOOP ( 'NONE', ( #5288, #881, #3034, #1212, #5809 ) ) ;
#1293 = ORIENTED_EDGE ( 'NONE', *, *, #3569, .F. ) ;
#1294 = CARTESIAN_POINT ( 'NONE',  ( 4.500000000000000888, -38.99999999999999289, -8.900000000000005684 ) ) ;
#1295 = DIRECTION ( 'NONE',  ( -0.000000000000000000, -0.000000000000000000, -1.000000000000000000 ) ) ;
#1296 = LINE ( 'NONE', #4604, #4174 ) ;
#1297 = CYLINDRICAL_SURFACE ( 'NONE', #5211, 0.5000000000000004441 ) ;
#1298 = LINE ( 'NONE', #4814, #2366 ) ;
#1299 = ORIENTED_EDGE ( 'NONE', *, *, #4088, .T. ) ;
#1300 = ORIENTED_EDGE ( 'NONE', *, *, #4724, .F. ) ;
#1301 = CARTESIAN_POINT ( 'NONE',  ( -7.621987944100879098, -39.49999999999999289, -4.971855831547427940 ) ) ;
#1302 = CARTESIAN_POINT ( 'NONE',  ( 1.239056725269144010, 23.23100200201275101, -8.900000000000005684 ) ) ;
#1303 = CARTESIAN_POINT ( 'NONE',  ( -3.012339100162039429, 26.00000000000000355, -8.400000000000003908 ) ) ;
#1304 = CIRCLE ( 'NONE', #1208, 2.519999999999992024 ) ;
#1305 = ADVANCED_FACE ( 'NONE', ( #4605 ), #4652, .T. ) ;
#1306 = ORIENTED_EDGE ( 'NONE', *, *, #2832, .F. ) ;
#1307 = DIRECTION ( 'NONE',  ( -2.182042108146926802E-16, 1.000000000000000000, 0.000000000000000000 ) ) ;
#1308 = CARTESIAN_POINT ( 'NONE',  ( -18.75000000000000711, -23.89999999999999503, 2.250000000000000000 ) ) ;
#1309 = VECTOR ( 'NONE', #5341, 1000.000000000000000 ) ;
#1310 = DIRECTION ( 'NONE',  ( 0.000000000000000000, 0.000000000000000000, 1.000000000000000000 ) ) ;
#1311 = DIRECTION ( 'NONE',  ( -0.000000000000000000, 1.000000000000000000, 0.000000000000000000 ) ) ;
#1312 = EDGE_LOOP ( 'NONE', ( #3633, #4220, #448, #5810 ) ) ;
#1313 = ORIENTED_EDGE ( 'NONE', *, *, #2150, .F. ) ;
#1314 = AXIS2_PLACEMENT_3D ( 'NONE', #5248, #5283, #854 ) ;
#1315 = CARTESIAN_POINT ( 'NONE',  ( 10.95000000000000462, -51.75000000000000000, -1.750000000000000222 ) ) ;
#1316 = ADVANCED_FACE ( 'NONE', ( #3985 ), #2653, .F. ) ;
#1317 = ADVANCED_FACE ( 'NONE', ( #4510 ), #1655, .T. ) ;
#1318 = CARTESIAN_POINT ( 'NONE',  ( -15.00000000000000355, 17.50000000000000000, 2.250000000000000000 ) ) ;
#1319 = VECTOR ( 'NONE', #4156, 1000.000000000000000 ) ;
#1320 = ORIENTED_EDGE ( 'NONE', *, *, #2453, .F. ) ;
#1321 = ORIENTED_EDGE ( 'NONE', *, *, #929, .T. ) ;
#1322 = EDGE_LOOP ( 'NONE', ( #4631, #5458, #1998, #6127 ) ) ;
#1323 = CARTESIAN_POINT ( 'NONE',  ( 10.45000000000000817, -61.54553470576539098, -2.250000000000000444 ) ) ;
#1324 = CARTESIAN_POINT ( 'NONE',  ( -0.9383487668397842985, 22.89639613569153198, -8.899999999999886668 ) ) ;
#1325 = DIRECTION ( 'NONE',  ( -1.000000000000000000, 0.000000000000000000, 0.000000000000000000 ) ) ;
#1326 = CARTESIAN_POINT ( 'NONE',  ( -15.90000000000000036, -26.74999999999999645, 2.250000000000000000 ) ) ;
#1327 = CARTESIAN_POINT ( 'NONE',  ( -4.500000000000000888, -53.99999999999999289, -8.900000000000005684 ) ) ;
#1328 = ORIENTED_EDGE ( 'NONE', *, *, #2688, .T. ) ;
#1329 = CARTESIAN_POINT ( 'NONE',  ( -6.944154063330265636, -39.99999999999999289, -4.549999999999999822 ) ) ;
#1330 = FACE_OUTER_BOUND ( 'NONE', #943, .T. ) ;
#1331 = DIRECTION ( 'NONE',  ( 1.000000000000000000, 0.000000000000000000, 0.000000000000000000 ) ) ;
#1332 = ORIENTED_EDGE ( 'NONE', *, *, #3922, .T. ) ;
#1333 = CYLINDRICAL_SURFACE ( 'NONE', #6222, 2.500000000000000000 ) ;
#1334 = DIRECTION ( 'NONE',  ( 0.000000000000000000, 0.000000000000000000, -1.000000000000000000 ) ) ;
#1335 = CARTESIAN_POINT ( 'NONE',  ( 10.44999999999999929, -26.74999999999999289, -8.400000000000003908 ) ) ;
#1336 = DIRECTION ( 'NONE',  ( 1.000000000000000000, -1.844160900051635570E-14, 0.000000000000000000 ) ) ;
#1337 = ORIENTED_EDGE ( 'NONE', *, *, #1517, .T. ) ;
#1338 = VERTEX_POINT ( 'NONE', #1592 ) ;
#1339 = EDGE_CURVE ( 'NONE', #3474, #5577, #5604, .T. ) ;
#1340 = DIRECTION ( 'NONE',  ( -0.000000000000000000, -0.000000000000000000, 1.000000000000000000 ) ) ;
#1341 = LINE ( 'NONE', #5257, #3856 ) ;
#1342 = CARTESIAN_POINT ( 'NONE',  ( 10.44999999999999751, -26.74999999999999645, -8.692893218813456002 ) ) ;
#1343 = ORIENTED_EDGE ( 'NONE', *, *, #4609, .T. ) ;
#1344 = EDGE_CURVE ( 'NONE', #2618, #1338, #3029, .T. ) ;
#1345 = DIRECTION ( 'NONE',  ( 1.000000000000000000, 0.000000000000000000, 0.000000000000000000 ) ) ;
#1346 = VERTEX_POINT ( 'NONE', #154 ) ;
#1347 = EDGE_CURVE ( 'NONE', #5905, #4748, #4855, .T. ) ;
#1348 = LINE ( 'NONE', #554, #3817 ) ;
#1349 = DIRECTION ( 'NONE',  ( -1.000000000000000000, -9.251858538542971581E-17, 0.000000000000000000 ) ) ;
#1350 = DIRECTION ( 'NONE',  ( -0.000000000000000000, -0.000000000000000000, -1.000000000000000000 ) ) ;
#1351 = AXIS2_PLACEMENT_3D ( 'NONE', #5708, #290, #5766 ) ;
#1352 = CARTESIAN_POINT ( 'NONE',  ( 20.00000000000000355, 21.50000000000000355, 0.000000000000000000 ) ) ;
#1353 = ORIENTED_EDGE ( 'NONE', *, *, #3645, .T. ) ;
#1354 = EDGE_CURVE ( 'NONE', #5767, #585, #5879, .T. ) ;
#1355 = AXIS2_PLACEMENT_3D ( 'NONE', #986, #2933, #504 ) ;
#1356 = ORIENTED_EDGE ( 'NONE', *, *, #3673, .T. ) ;
#1357 = DIRECTION ( 'NONE',  ( -0.000000000000000000, -0.000000000000000000, 1.000000000000000000 ) ) ;
#1358 = DIRECTION ( 'NONE',  ( 1.000000000000000000, 0.000000000000000000, 0.000000000000000000 ) ) ;
#1359 = CARTESIAN_POINT ( 'NONE',  ( -26.40000000000000924, -17.74999999999998934, 0.000000000000000000 ) ) ;
#1360 = VECTOR ( 'NONE', #1783, 1000.000000000000000 ) ;
#1361 = AXIS2_PLACEMENT_3D ( 'NONE', #1283, #1732, #5699 ) ;
#1362 = VECTOR ( 'NONE', #2033, 1000.000000000000000 ) ;
#1363 = EDGE_LOOP ( 'NONE', ( #6298, #6319, #4153 ) ) ;
#1364 = AXIS2_PLACEMENT_3D ( 'NONE', #3534, #5988, #6018 ) ;
#1365 = CARTESIAN_POINT ( 'NONE',  ( 24.10000000000000142, -17.14999999999999858, -3.000000000000000000 ) ) ;
#1366 = CARTESIAN_POINT ( 'NONE',  ( 23.49999999999999645, -19.14999999999999858, -3.000000000000000000 ) ) ;
#1367 = LINE ( 'NONE', #2836, #3343 ) ;
#1368 = CARTESIAN_POINT ( 'NONE',  ( -26.40000000000000924, -17.74999999999999289, -1.000000000000000000 ) ) ;
#1369 = DIRECTION ( 'NONE',  ( -0.000000000000000000, -0.000000000000000000, -1.000000000000000000 ) ) ;
#1370 = AXIS2_PLACEMENT_3D ( 'NONE', #4799, #6272, #5282 ) ;
#1371 = EDGE_LOOP ( 'NONE', ( #1485, #3666, #1219, #5730 ) ) ;
#1372 = ORIENTED_EDGE ( 'NONE', *, *, #1591, .T. ) ;
#1373 = AXIS2_PLACEMENT_3D ( 'NONE', #1992, #104, #2056 ) ;
#1374 = CARTESIAN_POINT ( 'NONE',  ( -8.557943913877350539, 24.79508015469921389, -8.400000000000003908 ) ) ;
#1375 = AXIS2_PLACEMENT_3D ( 'NONE', #1303, #3274, #5243 ) ;
#1376 = DIRECTION ( 'NONE',  ( 0.000000000000000000, 1.000000000000000000, 0.000000000000000000 ) ) ;
#1377 = ADVANCED_FACE ( 'NONE', ( #5124 ), #2108, .T. ) ;
#1378 = TOROIDAL_SURFACE ( 'NONE', #3624, 11.66415094339659930, 0.5000000000000000000 ) ;
#1379 = LINE ( 'NONE', #1318, #5351 ) ;
#1380 = ORIENTED_EDGE ( 'NONE', *, *, #1386, .T. ) ;
#1381 = AXIS2_PLACEMENT_3D ( 'NONE', #5532, #3054, #4983 ) ;
#1382 = ORIENTED_EDGE ( 'NONE', *, *, #1344, .F. ) ;
#1383 = ORIENTED_EDGE ( 'NONE', *, *, #1850, .F. ) ;
#1384 = DIRECTION ( 'NONE',  ( -1.000000000000000000, 0.000000000000000000, 0.000000000000000000 ) ) ;
#1385 = CARTESIAN_POINT ( 'NONE',  ( 26.40000000000000213, -17.75000000000000000, 0.000000000000000000 ) ) ;
#1386 = EDGE_CURVE ( 'NONE', #2359, #1441, #2590, .T. ) ;
#1387 = DIRECTION ( 'NONE',  ( 1.000000000000000000, 0.000000000000000000, -0.000000000000000000 ) ) ;
#1388 = EDGE_CURVE ( 'NONE', #2952, #607, #213, .T. ) ;
#1389 = ORIENTED_EDGE ( 'NONE', *, *, #16, .T. ) ;
#1390 = ORIENTED_EDGE ( 'NONE', *, *, #3561, .F. ) ;
#1391 = CARTESIAN_POINT ( 'NONE',  ( 1.372043003045203768, -23.24999999999999289, -8.900000000000007461 ) ) ;
#1392 = DIRECTION ( 'NONE',  ( 0.000000000000000000, 0.000000000000000000, 1.000000000000000000 ) ) ;
#1393 = CARTESIAN_POINT ( 'NONE',  ( -23.53064434331479760, 19.04785218895076682, -1.644431365561110248 ) ) ;
#1394 = EDGE_CURVE ( 'NONE', #5359, #4129, #6119, .T. ) ;
#1395 = ORIENTED_EDGE ( 'NONE', *, *, #4673, .F. ) ;
#1396 = CARTESIAN_POINT ( 'NONE',  ( -3.034415845591109323E-15, -23.85000000000000142, -6.380000000000024762 ) ) ;
#1397 = CARTESIAN_POINT ( 'NONE',  ( -10.44999999999999929, -26.75000000000000000, -2.250000000000002220 ) ) ;
#1398 = CARTESIAN_POINT ( 'NONE',  ( -3.035766082959411232E-15, -22.74999999999999289, -8.900000000000012790 ) ) ;
#1399 = LINE ( 'NONE', #6184, #4699 ) ;
#1400 = EDGE_CURVE ( 'NONE', #2359, #1201, #966, .T. ) ;
#1401 = CARTESIAN_POINT ( 'NONE',  ( -2.049999999999999822, -24.99999999999998579, 0.2499999999999997780 ) ) ;
#1402 = DIRECTION ( 'NONE',  ( 1.000000000000000000, 0.000000000000000000, -0.000000000000000000 ) ) ;
#1403 = EDGE_LOOP ( 'NONE', ( #108, #2894, #1537, #1029, #584 ) ) ;
#1404 = ORIENTED_EDGE ( 'NONE', *, *, #5164, .F. ) ;
#1405 = DIRECTION ( 'NONE',  ( -0.000000000000000000, 1.000000000000000000, -0.000000000000000000 ) ) ;
#1406 = VECTOR ( 'NONE', #1429, 1000.000000000000000 ) ;
#1407 = CYLINDRICAL_SURFACE ( 'NONE', #2095, 0.5000000000000004441 ) ;
#1408 = CARTESIAN_POINT ( 'NONE',  ( 25.90677359501686183, -17.60203207850508278, -2.321653529729332810 ) ) ;
#1409 = DIRECTION ( 'NONE',  ( 1.000000000000000000, 0.000000000000000000, 0.000000000000000000 ) ) ;
#1410 = VECTOR ( 'NONE', #6280, 1000.000000000000000 ) ;
#1411 = CIRCLE ( 'NONE', #5000, 0.5000000000000004441 ) ;
#1412 = ORIENTED_EDGE ( 'NONE', *, *, #2090, .T. ) ;
#1413 = CARTESIAN_POINT ( 'NONE',  ( 24.40000000000000568, 17.15000000000000213, -3.000000000000000000 ) ) ;
#1414 = VERTEX_POINT ( 'NONE', #2712 ) ;
#1415 = CARTESIAN_POINT ( 'NONE',  ( -233.1464285714397704, -62.00000000000056843, -4.549999999999999822 ) ) ;
#1416 = CYLINDRICAL_SURFACE ( 'NONE', #1166, 0.5000000000000004441 ) ;
#1417 = APPLICATION_PROTOCOL_DEFINITION ( 'draft international standard', 'automotive_design', 1998, #4376 ) ;
#1418 = DIRECTION ( 'NONE',  ( 0.000000000000000000, 0.000000000000000000, -1.000000000000000000 ) ) ;
#1419 = VECTOR ( 'NONE', #4713, 1000.000000000000000 ) ;
#1420 = VERTEX_POINT ( 'NONE', #4242 ) ;
#1421 = VERTEX_POINT ( 'NONE', #3218 ) ;
#1422 = CARTESIAN_POINT ( 'NONE',  ( 10.45000000000000639, -61.99999999999999289, -2.184538389453066110 ) ) ;
#1423 = CYLINDRICAL_SURFACE ( 'NONE', #4664, 1.400000000000001910 ) ;
#1424 = DIRECTION ( 'NONE',  ( -1.000000000000000000, -9.251858538542971581E-17, 0.000000000000000000 ) ) ;
#1425 = ORIENTED_EDGE ( 'NONE', *, *, #6176, .F. ) ;
#1426 = EDGE_CURVE ( 'NONE', #3554, #3376, #2907, .T. ) ;
#1427 = ADVANCED_FACE ( 'NONE', ( #6177 ), #2800, .F. ) ;
#1428 = DIRECTION ( 'NONE',  ( 1.000000000000000000, 0.000000000000000000, 0.000000000000000000 ) ) ;
#1429 = DIRECTION ( 'NONE',  ( -1.000000000000000000, 0.000000000000000000, 0.000000000000000000 ) ) ;
#1430 = CYLINDRICAL_SURFACE ( 'NONE', #5263, 5.000000000000000888 ) ;
#1431 = DIRECTION ( 'NONE',  ( 0.000000000000000000, -0.000000000000000000, -1.000000000000000000 ) ) ;
#1432 = CARTESIAN_POINT ( 'NONE',  ( 25.99021527689064825, 17.62706458306722368, -2.219979545272424915 ) ) ;
#1433 = DIRECTION ( 'NONE',  ( 1.000000000000000000, 0.000000000000000000, 0.000000000000000000 ) ) ;
#1434 = VERTEX_POINT ( 'NONE', #4730 ) ;
#1435 = VERTEX_POINT ( 'NONE', #3304 ) ;
#1436 = ADVANCED_FACE ( 'NONE', ( #5693 ), #337, .T. ) ;
#1437 = CARTESIAN_POINT ( 'NONE',  ( -10.94999999999999574, -38.99999999999999289, -2.250000000000002665 ) ) ;
#1438 = CARTESIAN_POINT ( 'NONE',  ( -14.37500000000000355, -26.74999999999999645, 2.250000000000000000 ) ) ;
#1439 = CARTESIAN_POINT ( 'NONE',  ( 24.96935565668521306, -19.04785218895076326, -1.644431365561108471 ) ) ;
#1440 = CARTESIAN_POINT ( 'NONE',  ( -10.44999999999999574, -39.50000000000000000, -8.400000000000003908 ) ) ;
#1441 = VERTEX_POINT ( 'NONE', #2201 ) ;
#1442 = DIRECTION ( 'NONE',  ( -1.000000000000000000, 0.000000000000000000, 0.000000000000000000 ) ) ;
#1443 = ORIENTED_EDGE ( 'NONE', *, *, #430, .F. ) ;
#1444 =( BOUNDED_SURFACE ( )  B_SPLINE_SURFACE ( 3, 2, ( 
 ( #4989, #3498, #4472 ),
 ( #86, #5471, #4508 ),
 ( #2649, #5572, #1183 ),
 ( #1589, #4603, #211 ) ),
 .UNSPECIFIED., .F., .F., .F. ) 
 B_SPLINE_SURFACE_WITH_KNOTS ( ( 4, 4 ),
 ( 3, 3 ),
 ( 7.806255641895631925E-18, 0.0004591556665436351639 ),
 ( 0.000000000000000000, 1.000000000000000000 ),
 .UNSPECIFIED. ) 
 GEOMETRIC_REPRESENTATION_ITEM ( )  RATIONAL_B_SPLINE_SURFACE ( (
 ( 1.000000000000000000, 0.7803914774079605543, 1.000000000000000000),
 ( 1.000000000000000000, 0.7580726969551523364, 1.000000000000000000),
 ( 1.000000000000000000, 0.7338633333757724753, 1.000000000000000000),
 ( 1.000000000000000000, 0.7071067811865500152, 1.000000000000000000) ) ) 
 REPRESENTATION_ITEM ( '' )  SURFACE ( )  );
#1445 = DIRECTION ( 'NONE',  ( 0.000000000000000000, 1.000000000000000000, 0.000000000000000000 ) ) ;
#1446 = CARTESIAN_POINT ( 'NONE',  ( 18.75000000000000711, -23.24999999999999289, -8.400000000000003908 ) ) ;
#1447 = AXIS2_PLACEMENT_3D ( 'NONE', #3658, #324, #810 ) ;
#1448 = CARTESIAN_POINT ( 'NONE',  ( 1.322194738923188062, 22.75000000273371725, -8.528856278077089570 ) ) ;
#1449 = ORIENTED_EDGE ( 'NONE', *, *, #4160, .F. ) ;
#1450 = ORIENTED_EDGE ( 'NONE', *, *, #4947, .T. ) ;
#1451 = TOROIDAL_SURFACE ( 'NONE', #1553, 1.999999999999996225, 0.5000000000000000000 ) ;
#1452 = FACE_OUTER_BOUND ( 'NONE', #1865, .T. ) ;
#1453 = CARTESIAN_POINT ( 'NONE',  ( 14.28140993472038112, 22.73418511762149663, -0.9839904060270747710 ) ) ;
#1454 = DIRECTION ( 'NONE',  ( 0.000000000000000000, 0.000000000000000000, 1.000000000000000000 ) ) ;
#1455 = ADVANCED_FACE ( 'NONE', ( #2296 ), #2321, .T. ) ;
#1456 = AXIS2_PLACEMENT_3D ( 'NONE', #3973, #4942, #42 ) ;
#1457 = CARTESIAN_POINT ( 'NONE',  ( -4.792893218813452982, -39.29289321881344677, -8.900000000000005684 ) ) ;
#1458 = ORIENTED_EDGE ( 'NONE', *, *, #2650, .T. ) ;
#1459 = AXIS2_PLACEMENT_3D ( 'NONE', #3423, #5392, #5364 ) ;
#1460 = CARTESIAN_POINT ( 'NONE',  ( 10.10969518232069042, -62.76795777027749068, -1.431662496071080648 ) ) ;
#1461 = FACE_OUTER_BOUND ( 'NONE', #107, .T. ) ;
#1462 = VECTOR ( 'NONE', #4093, 1000.000000000000000 ) ;
#1463 = CARTESIAN_POINT ( 'NONE',  ( -24.47855396324285238, -17.41184654414298549, -3.000000000000000000 ) ) ;
#1464 = CARTESIAN_POINT ( 'NONE',  ( 24.57014966890367447, 17.32014966890289998, -3.000000011189122517 ) ) ;
#1465 = EDGE_CURVE ( 'NONE', #248, #1262, #1990, .T. ) ;
#1466 = CARTESIAN_POINT ( 'NONE',  ( -26.33603330876110959, 17.73080999262832336, -1.518565079760256342 ) ) ;
#1467 = ADVANCED_FACE ( 'NONE', ( #5215 ), #4671, .T. ) ;
#1468 = AXIS2_PLACEMENT_3D ( 'NONE', #1723, #3669, #816 ) ;
#1469 = ORIENTED_EDGE ( 'NONE', *, *, #1083, .F. ) ;
#1470 = VERTEX_POINT ( 'NONE', #6239 ) ;
#1471 = CARTESIAN_POINT ( 'NONE',  ( -10.44999999999999218, -52.25000000000000000, -2.250000000000000444 ) ) ;
#1472 = CYLINDRICAL_SURFACE ( 'NONE', #5108, 5.000000000000000888 ) ;
#1473 = CARTESIAN_POINT ( 'NONE',  ( 7.948326093704751294, -39.99999999999999289, -5.050000000000000711 ) ) ;
#1474 = DIRECTION ( 'NONE',  ( 1.000000000000000000, 0.000000000000000000, 0.000000000000000000 ) ) ;
#1475 = EDGE_CURVE ( 'NONE', #5036, #3152, #2394, .T. ) ;
#1476 = VERTEX_POINT ( 'NONE', #3785 ) ;
#1477 = DIRECTION ( 'NONE',  ( 0.000000000000000000, 0.000000000000000000, -1.000000000000000000 ) ) ;
#1478 = ORIENTED_EDGE ( 'NONE', *, *, #3502, .T. ) ;
#1479 = AXIS2_PLACEMENT_3D ( 'NONE', #1810, #1275, #1724 ) ;
#1480 = PLANE ( 'NONE',  #3115 ) ;
#1481 = DIRECTION ( 'NONE',  ( -0.000000000000000000, -1.000000000000000000, -0.000000000000000000 ) ) ;
#1482 = CARTESIAN_POINT ( 'NONE',  ( 0.000000000000000000, 0.000000000000000000, 0.000000000000000000 ) ) ;
#1483 = AXIS2_PLACEMENT_3D ( 'NONE', #1033, #4524, #2466 ) ;
#1484 = CARTESIAN_POINT ( 'NONE',  ( 1.424822011039138525, 22.81103416056983590, -8.899999999999780087 ) ) ;
#1485 = ORIENTED_EDGE ( 'NONE', *, *, #4079, .F. ) ;
#1486 = ORIENTED_EDGE ( 'NONE', *, *, #534, .F. ) ;
#1487 = ORIENTED_EDGE ( 'NONE', *, *, #3299, .T. ) ;
#1488 = CARTESIAN_POINT ( 'NONE',  ( 24.10000000000000497, 17.15000000000000213, -3.000000000000000000 ) ) ;
#1489 = CARTESIAN_POINT ( 'NONE',  ( 14.88409378851647702, 22.47680975872596676, -0.4308435479174465010 ) ) ;
#1490 = CARTESIAN_POINT ( 'NONE',  ( -22.50681726654191550, 18.74318273345809160, -2.307588957422660680 ) ) ;
#1491 = LINE ( 'NONE', #5912, #4144 ) ;
#1492 = ORIENTED_EDGE ( 'NONE', *, *, #689, .T. ) ;
#1493 = CARTESIAN_POINT ( 'NONE',  ( 23.74852813742386104, 18.32157287525381051, -3.000000000000000888 ) ) ;
#1494 = CARTESIAN_POINT ( 'NONE',  ( 2.049999999999999822, -54.49999999999999289, -0.2500000000000002220 ) ) ;
#1495 = LINE ( 'NONE', #5851, #2805 ) ;
#1496 = CARTESIAN_POINT ( 'NONE',  ( 24.40000000000000568, 17.15000000000000213, -3.000000000000000000 ) ) ;
#1497 = CARTESIAN_POINT ( 'NONE',  ( 18.82359897264918303, 21.55000000000000071, 0.000000000000000000 ) ) ;
#1498 = ORIENTED_EDGE ( 'NONE', *, *, #929, .F. ) ;
#1499 = ORIENTED_EDGE ( 'NONE', *, *, #137, .F. ) ;
#1500 = ADVANCED_FACE ( 'NONE', ( #5751 ), #3670, .T. ) ;
#1501 = CYLINDRICAL_SURFACE ( 'NONE', #2027, 1.249999999999997558 ) ;
#1502 = DIRECTION ( 'NONE',  ( 1.000000000000000000, 0.000000000000000000, 0.000000000000000000 ) ) ;
#1503 = CARTESIAN_POINT ( 'NONE',  ( 24.57014966890366736, -17.32014966890288576, -3.000000011189122517 ) ) ;
#1504 = AXIS2_PLACEMENT_3D ( 'NONE', #979, #2480, #2990 ) ;
#1505 = CARTESIAN_POINT ( 'NONE',  ( 2.519999999999989360, 22.75000000000000000, -5.920000000000007923 ) ) ;
#1506 = VERTEX_POINT ( 'NONE', #1359 ) ;
#1507 = DIRECTION ( 'NONE',  ( -5.637851296924618324E-15, 1.000000000000000000, 0.000000000000000000 ) ) ;
#1508 = ORIENTED_EDGE ( 'NONE', *, *, #3795, .F. ) ;
#1509 = PLANE ( 'NONE',  #1225 ) ;
#1510 = ADVANCED_FACE ( 'NONE', ( #2232 ), #4791, .T. ) ;
#1511 = CARTESIAN_POINT ( 'NONE',  ( -18.92512398756097269, -22.10567159722151942, -0.1333980150119138397 ) ) ;
#1512 = CYLINDRICAL_SURFACE ( 'NONE', #5249, 0.5000000000000004441 ) ;
#1513 = DIRECTION ( 'NONE',  ( -0.000000000000000000, -0.000000000000000000, -1.000000000000000000 ) ) ;
#1514 = AXIS2_PLACEMENT_3D ( 'NONE', #6271, #3276, #3730 ) ;
#1515 = ORIENTED_EDGE ( 'NONE', *, *, #189, .T. ) ;
#1516 = EDGE_LOOP ( 'NONE', ( #5842, #4842, #3018, #924 ) ) ;
#1517 = EDGE_CURVE ( 'NONE', #6187, #4040, #4182, .T. ) ;
#1518 = VECTOR ( 'NONE', #4611, 1000.000000000000000 ) ;
#1519 = DIRECTION ( 'NONE',  ( -1.000000000000000000, 0.000000000000000000, 0.000000000000000000 ) ) ;
#1520 = DIRECTION ( 'NONE',  ( 1.000000000000000000, 0.000000000000000000, 0.000000000000000000 ) ) ;
#1521 = CARTESIAN_POINT ( 'NONE',  ( -22.50978472310933753, 17.62706458306721657, -2.219979545272396493 ) ) ;
#1522 = VECTOR ( 'NONE', #677, 1000.000000000000000 ) ;
#1523 = DIRECTION ( 'NONE',  ( 0.000000000000000000, 0.000000000000000000, 1.000000000000000000 ) ) ;
#1524 = ORIENTED_EDGE ( 'NONE', *, *, #2206, .T. ) ;
#1525 = CARTESIAN_POINT ( 'NONE',  ( 22.60738836008590624, 18.64261163991411152, -2.425648136654435127 ) ) ;
#1526 = CARTESIAN_POINT ( 'NONE',  ( -10.44999999999999396, -51.25000000000000000, -1.250000000000000222 ) ) ;
#1527 = CARTESIAN_POINT ( 'NONE',  ( 10.43377671069435486, -62.23773250664403633, -1.730293437557953506 ) ) ;
#1528 = DIRECTION ( 'NONE',  ( 1.000000000000000000, 2.182042108146926802E-16, 0.000000000000000000 ) ) ;
#1529 = CYLINDRICAL_SURFACE ( 'NONE', #5240, 0.5000000000000004441 ) ;
#1530 = FACE_OUTER_BOUND ( 'NONE', #3934, .T. ) ;
#1531 = ORIENTED_EDGE ( 'NONE', *, *, #839, .F. ) ;
#1532 = ORIENTED_EDGE ( 'NONE', *, *, #2672, .T. ) ;
#1533 = CARTESIAN_POINT ( 'NONE',  ( 22.60738836008573571, -18.64261163991426073, -2.425648136654382725 ) ) ;
#1534 = CARTESIAN_POINT ( 'NONE',  ( 26.29785218895076682, -17.71935565668520596, -1.644431365561108471 ) ) ;
#1535 = CARTESIAN_POINT ( 'NONE',  ( -26.40000000000000924, -17.74999999999999289, -1.000000000000000000 ) ) ;
#1536 = EDGE_CURVE ( 'NONE', #2697, #5260, #1936, .T. ) ;
#1537 = ORIENTED_EDGE ( 'NONE', *, *, #2897, .F. ) ;
#1538 = EDGE_LOOP ( 'NONE', ( #2390, #5768, #1390, #1644 ) ) ;
#1539 = DIRECTION ( 'NONE',  ( -0.000000000000000000, -0.000000000000000000, -1.000000000000000000 ) ) ;
#1540 = CARTESIAN_POINT ( 'NONE',  ( -10.45000000000000639, -61.99999999999999289, -4.549999999999999822 ) ) ;
#1541 = PLANE ( 'NONE',  #4216 ) ;
#1542 = CARTESIAN_POINT ( 'NONE',  ( 0.4782012621600121305, 22.98842844650554795, -8.900000000000005684 ) ) ;
#1543 = EDGE_CURVE ( 'NONE', #2923, #2188, #1584, .T. ) ;
#1544 = ADVANCED_FACE ( 'NONE', ( #4365 ), #1040, .F. ) ;
#1545 = ORIENTED_EDGE ( 'NONE', *, *, #4646, .F. ) ;
#1546 = ORIENTED_EDGE ( 'NONE', *, *, #407, .F. ) ;
#1547 = AXIS2_PLACEMENT_3D ( 'NONE', #5655, #2669, #4105 ) ;
#1548 = CARTESIAN_POINT ( 'NONE',  ( -28.75000000000001066, 18.50000000000000355, 0.000000000000000000 ) ) ;
#1549 = CARTESIAN_POINT ( 'NONE',  ( -22.13128291657527669, 19.11871708342473042, -1.441882852138909987 ) ) ;
#1550 = EDGE_CURVE ( 'NONE', #2638, #3593, #5479, .T. ) ;
#1551 = CARTESIAN_POINT ( 'NONE',  ( 9.450000000000004619, -61.99999999999999289, 2.250000000000000000 ) ) ;
#1552 = EDGE_LOOP ( 'NONE', ( #1356, #5318, #5292, #240 ) ) ;
#1553 = AXIS2_PLACEMENT_3D ( 'NONE', #1558, #5178, #4665 ) ;
#1554 = DIRECTION ( 'NONE',  ( 1.000000000000000000, 0.000000000000000000, 0.000000000000000000 ) ) ;
#1555 = DIRECTION ( 'NONE',  ( 1.040834085586083310E-14, 1.000000000000000000, 0.000000000000000000 ) ) ;
#1556 = FACE_OUTER_BOUND ( 'NONE', #3457, .T. ) ;
#1557 = DIRECTION ( 'NONE',  ( -1.217613391099363125E-16, 1.000000000000000000, 0.000000000000000000 ) ) ;
#1558 = CARTESIAN_POINT ( 'NONE',  ( 1.549999999999999822, -24.99999999999998579, 2.250000000000000000 ) ) ;
#1559 = AXIS2_PLACEMENT_3D ( 'NONE', #5651, #3683, #1607 ) ;
#1560 = CARTESIAN_POINT ( 'NONE',  ( -22.81113199265453773, -18.43886800734552978, -2.614074611184099783 ) ) ;
#1561 = ORIENTED_EDGE ( 'NONE', *, *, #328, .F. ) ;
#1562 = ORIENTED_EDGE ( 'NONE', *, *, #6315, .T. ) ;
#1563 = AXIS2_PLACEMENT_3D ( 'NONE', #1702, #313, #2358 ) ;
#1564 = LINE ( 'NONE', #2498, #4172 ) ;
#1565 = DIRECTION ( 'NONE',  ( 1.000000000000000000, 0.000000000000000000, -0.000000000000000000 ) ) ;
#1566 = AXIS2_PLACEMENT_3D ( 'NONE', #2738, #845, #3725 ) ;
#1567 = DIRECTION ( 'NONE',  ( 0.000000000000000000, 0.000000000000000000, -1.000000000000000000 ) ) ;
#1568 = ORIENTED_EDGE ( 'NONE', *, *, #4088, .F. ) ;
#1569 = ORIENTED_EDGE ( 'NONE', *, *, #730, .T. ) ;
#1570 = VECTOR ( 'NONE', #5849, 1000.000000000000000 ) ;
#1571 = CARTESIAN_POINT ( 'NONE',  ( -2.770070464751050862E-15, -22.75000000000000000, -6.380000000000024762 ) ) ;
#1572 = DIRECTION ( 'NONE',  ( -1.453882290385873611E-14, -0.9575738647358509326, 0.2881879483511519680 ) ) ;
#1573 = DIRECTION ( 'NONE',  ( 0.000000000000000000, 0.000000000000000000, 1.000000000000000000 ) ) ;
#1574 = ADVANCED_FACE ( 'NONE', ( #5400 ), #3911, .F. ) ;
#1575 = LINE ( 'NONE', #4909, #5345 ) ;
#1576 = VECTOR ( 'NONE', #712, 1000.000000000000000 ) ;
#1577 = ORIENTED_EDGE ( 'NONE', *, *, #2680, .F. ) ;
#1578 = ORIENTED_EDGE ( 'NONE', *, *, #189, .F. ) ;
#1579 = CARTESIAN_POINT ( 'NONE',  ( -15.90000000000000036, -23.89999999999999503, -8.400000000000003908 ) ) ;
#1580 = CARTESIAN_POINT ( 'NONE',  ( -1.506651917331947255, 22.75000000000000000, -8.400000000000007461 ) ) ;
#1581 = EDGE_CURVE ( 'NONE', #3300, #2012, #2709, .T. ) ;
#1582 = CARTESIAN_POINT ( 'NONE',  ( 15.90000000000000391, -23.89999999999999147, -8.400000000000003908 ) ) ;
#1583 = CARTESIAN_POINT ( 'NONE',  ( 13.37500000000000000, -26.74999999999999645, -1.249999999999999778 ) ) ;
#1584 = CIRCLE ( 'NONE', #4964, 2.519999999999992024 ) ;
#1585 = CIRCLE ( 'NONE', #2491, 241.5964285714397874 ) ;
#1586 = DIRECTION ( 'NONE',  ( 0.000000000000000000, -0.000000000000000000, -1.000000000000000000 ) ) ;
#1587 = VERTEX_POINT ( 'NONE', #13 ) ;
#1588 = DIRECTION ( 'NONE',  ( 0.000000000000000000, -1.000000000000000000, -0.000000000000000000 ) ) ;
#1589 = CARTESIAN_POINT ( 'NONE',  ( -10.44999999999999041, -61.54553470576541230, -2.250000000000000444 ) ) ;
#1590 = CARTESIAN_POINT ( 'NONE',  ( 10.10401162831558430, -62.77146610907551150, -1.423981936101220924 ) ) ;
#1591 = EDGE_CURVE ( 'NONE', #5082, #5326, #397, .T. ) ;
#1592 = CARTESIAN_POINT ( 'NONE',  ( -7.948326093704751294, -39.99999999999999289, -5.050000000000000711 ) ) ;
#1593 = CARTESIAN_POINT ( 'NONE',  ( -2.770070464751050862E-15, 22.75000000000000000, -6.380000000000024762 ) ) ;
#1594 = CARTESIAN_POINT ( 'NONE',  ( -23.50000000000000355, 19.15000000000000568, 0.000000000000000000 ) ) ;
#1595 = ORIENTED_EDGE ( 'NONE', *, *, #1092, .T. ) ;
#1596 = CARTESIAN_POINT ( 'NONE',  ( -10.55970023595051721, -62.34942301033927947, -1.548783532611498703 ) ) ;
#1597 = EDGE_CURVE ( 'NONE', #578, #2141, #4054, .T. ) ;
#1598 = CARTESIAN_POINT ( 'NONE',  ( -10.45000000000000639, -61.99999999999999289, -5.050000000000000711 ) ) ;
#1599 = CARTESIAN_POINT ( 'NONE',  ( 23.49999999999999645, -17.14999999999999858, -3.000000000000000000 ) ) ;
#1600 = DIRECTION ( 'NONE',  ( 0.000000000000000000, 0.000000000000000000, 1.000000000000000000 ) ) ;
#1601 = ORIENTED_EDGE ( 'NONE', *, *, #5593, .T. ) ;
#1602 = ORIENTED_EDGE ( 'NONE', *, *, #5156, .T. ) ;
#1603 = CARTESIAN_POINT ( 'NONE',  ( -15.90000000000000036, -23.89999999999999503, -8.900000000000005684 ) ) ;
#1604 = DIRECTION ( 'NONE',  ( -0.000000000000000000, -0.000000000000000000, 1.000000000000000000 ) ) ;
#1605 = LINE ( 'NONE', #4940, #2277 ) ;
#1606 = VECTOR ( 'NONE', #6318, 1000.000000000000000 ) ;
#1607 = DIRECTION ( 'NONE',  ( 1.000000000000000000, 0.000000000000000000, 0.000000000000000000 ) ) ;
#1608 = EDGE_LOOP ( 'NONE', ( #3786, #5192, #4416, #4562 ) ) ;
#1609 = EDGE_LOOP ( 'NONE', ( #851, #1703, #6257, #2974 ) ) ;
#1610 = CARTESIAN_POINT ( 'NONE',  ( -10.94999999999999218, -52.25000000000000000, -2.250000000000000444 ) ) ;
#1611 = DIRECTION ( 'NONE',  ( -1.000000000000000000, 0.000000000000000000, 0.000000000000000000 ) ) ;
#1612 = CIRCLE ( 'NONE', #894, 0.5000000000000004441 ) ;
#1613 = DIRECTION ( 'NONE',  ( 1.000000000000000000, 0.000000000000000000, 0.000000000000000000 ) ) ;
#1614 = DIRECTION ( 'NONE',  ( 0.000000000000000000, 0.000000000000000000, -1.000000000000000000 ) ) ;
#1615 =( BOUNDED_SURFACE ( )  B_SPLINE_SURFACE ( 3, 2, ( 
 ( #4620, #4133, #3650 ),
 ( #5618, #5169, #4685 ),
 ( #289, #2247, #2385 ),
 ( #2041, #6305, #3951 ),
 ( #916, #4475, #2930 ),
 ( #1972, #88, #4923 ),
 ( #5342, #2417, #5791 ),
 ( #1398, #2963, #501 ) ),
 .UNSPECIFIED., .F., .F., .F. ) 
 B_SPLINE_SURFACE_WITH_KNOTS ( ( 4, 2, 2, 4 ),
 ( 3, 3 ),
 ( 0.0009866607942049911498, 0.001388926107379935635, 0.001791191420554880337, 0.002595722046904769525 ),
 ( 0.000000000000000000, 1.000000000000000000 ),
 .UNSPECIFIED. ) 
 GEOMETRIC_REPRESENTATION_ITEM ( )  RATIONAL_B_SPLINE_SURFACE ( (
 ( 1.000000000000000000, 0.7071067811865561215, 1.000000000000000000),
 ( 1.000000000000000000, 0.7527359485600034761, 1.000000000000000000),
 ( 1.000000000000000000, 0.7938206998580383811, 1.000000000000000000),
 ( 1.000000000000000000, 0.8657937803872259863, 1.000000000000000000),
 ( 1.000000000000000000, 0.8969016210026237168, 1.000000000000000000),
 ( 1.000000000000000000, 0.9730642412102240568, 1.000000000000000000),
 ( 1.000000000000000000, 1.000126706051618797, 1.000000000000000000),
 ( 1.000000000000000000, 1.000000000000000000, 1.000000000000000000) ) ) 
 REPRESENTATION_ITEM ( '' )  SURFACE ( )  );
#1616 = EDGE_CURVE ( 'NONE', #1421, #1435, #461, .T. ) ;
#1617 = AXIS2_PLACEMENT_3D ( 'NONE', #1184, #696, #666 ) ;
#1618 = ORIENTED_EDGE ( 'NONE', *, *, #3360, .T. ) ;
#1619 = ORIENTED_EDGE ( 'NONE', *, *, #5973, .F. ) ;
#1620 = VECTOR ( 'NONE', #3131, 1000.000000000000000 ) ;
#1621 = ADVANCED_FACE ( 'NONE', ( #910 ), #5788, .T. ) ;
#1622 = CARTESIAN_POINT ( 'NONE',  ( 23.64796792149492077, 18.65677359501686183, -2.321653529729332810 ) ) ;
#1623 = LINE ( 'NONE', #5024, #2895 ) ;
#1624 = CARTESIAN_POINT ( 'NONE',  ( -10.94999999999999574, -39.50000000000000000, -1.750000000000002665 ) ) ;
#1625 = LINE ( 'NONE', #634, #5770 ) ;
#1626 = VECTOR ( 'NONE', #434, 1000.000000000000000 ) ;
#1627 = CARTESIAN_POINT ( 'NONE',  ( -23.75534103027903399, -17.49465896972095891, -2.985108054653058396 ) ) ;
#1628 = EDGE_CURVE ( 'NONE', #3752, #1144, #5682, .T. ) ;
#1629 = EDGE_CURVE ( 'NONE', #4658, #1414, #1206, .T. ) ;
#1630 = ORIENTED_EDGE ( 'NONE', *, *, #1137, .F. ) ;
#1631 = CARTESIAN_POINT ( 'NONE',  ( -25.75000000000001066, 21.50000000000000000, 2.250000000000000000 ) ) ;
#1632 = AXIS2_PLACEMENT_3D ( 'NONE', #1437, #2336, #4775 ) ;
#1633 = CARTESIAN_POINT ( 'NONE',  ( 7.621688042888363768, -39.49999999999998579, -4.971660516186014789 ) ) ;
#1634 = CARTESIAN_POINT ( 'NONE',  ( 26.40000000000000213, 17.75000000000000000, 0.000000000000000000 ) ) ;
#1635 = CARTESIAN_POINT ( 'NONE',  ( 3.585849056603378493, -52.49999999999977263, -1.750000000000000222 ) ) ;
#1636 = CARTESIAN_POINT ( 'NONE',  ( -9.949999999999995737, -38.99999999999999289, -5.550000000000000711 ) ) ;
#1637 = EDGE_CURVE ( 'NONE', #1879, #1979, #1649, .T. ) ;
#1638 = ORIENTED_EDGE ( 'NONE', *, *, #3696, .T. ) ;
#1639 = ORIENTED_EDGE ( 'NONE', *, *, #1772, .T. ) ;
#1640 = DIRECTION ( 'NONE',  ( 1.000000000000000000, -0.000000000000000000, -0.000000000000000000 ) ) ;
#1641 = DIRECTION ( 'NONE',  ( 0.000000000000000000, 0.000000000000000000, 1.000000000000000000 ) ) ;
#1642 = CARTESIAN_POINT ( 'NONE',  ( 0.2750055679356249727, 21.35000000000000142, -5.920000000000007923 ) ) ;
#1643 = FACE_OUTER_BOUND ( 'NONE', #4184, .T. ) ;
#1644 = ORIENTED_EDGE ( 'NONE', *, *, #2473, .F. ) ;
#1645 = ORIENTED_EDGE ( 'NONE', *, *, #1677, .T. ) ;
#1646 = CARTESIAN_POINT ( 'NONE',  ( -14.24691522495946749, 22.75000000000000000, -8.692893218813464884 ) ) ;
#1647 = DIRECTION ( 'NONE',  ( -1.000000000000000000, -0.000000000000000000, -0.000000000000000000 ) ) ;
#1648 = CARTESIAN_POINT ( 'NONE',  ( 25.75000000000001066, 18.50000000000000355, 2.250000000000000000 ) ) ;
#1649 = LINE ( 'NONE', #3056, #3819 ) ;
#1650 = ORIENTED_EDGE ( 'NONE', *, *, #3891, .F. ) ;
#1651 = EDGE_LOOP ( 'NONE', ( #1, #5922, #5731, #1689 ) ) ;
#1652 = CARTESIAN_POINT ( 'NONE',  ( 2.782103687887331604E-15, -39.49999999999999289, 0.000000000000000000 ) ) ;
#1653 = CARTESIAN_POINT ( 'NONE',  ( 20.00000000000000355, 21.50000000000000355, 2.250000000000000000 ) ) ;
#1654 = CYLINDRICAL_SURFACE ( 'NONE', #1111, 1.999999999999998224 ) ;
#1655 = PLANE ( 'NONE',  #3511 ) ;
#1656 =( BOUNDED_CURVE ( )  B_SPLINE_CURVE ( 3, ( #2762, #362, #5208, #6293 ),
 .UNSPECIFIED., .F., .T. ) 
 B_SPLINE_CURVE_WITH_KNOTS ( ( 4, 4 ),
 ( 4.712388980384689674, 6.283185307179586232 ),
 .UNSPECIFIED. ) 
 CURVE ( )  GEOMETRIC_REPRESENTATION_ITEM ( )  RATIONAL_B_SPLINE_CURVE ( ( 1.000000000000000000, 0.8047378541243649375, 0.8047378541243649375, 1.000000000000000000 ) ) 
 REPRESENTATION_ITEM ( '' )  );
#1657 = EDGE_CURVE ( 'NONE', #6236, #2413, #1686, .T. ) ;
#1658 = CARTESIAN_POINT ( 'NONE',  ( -22.30233405890565024, -17.68929978232825206, -1.886302363899337031 ) ) ;
#1659 = CIRCLE ( 'NONE', #4108, 0.5000000000000004441 ) ;
#1660 = VERTEX_POINT ( 'NONE', #688 ) ;
#1661 = CARTESIAN_POINT ( 'NONE',  ( -0.4781256658655730907, -22.98838913586046218, -8.900000000000009237 ) ) ;
#1662 = CIRCLE ( 'NONE', #2885, 13.86419377152115295 ) ;
#1663 = LINE ( 'NONE', #6055, #285 ) ;
#1664 = EDGE_CURVE ( 'NONE', #1863, #5767, #2644, .T. ) ;
#1665 = EDGE_CURVE ( 'NONE', #2593, #2824, #4535, .T. ) ;
#1666 = CARTESIAN_POINT ( 'NONE',  ( -24.10000000000000497, 17.15000000000000568, -3.000000000000000000 ) ) ;
#1667 = CARTESIAN_POINT ( 'NONE',  ( -20.00000000000000711, 12.50000000000000000, 2.250000000000000000 ) ) ;
#1668 = VERTEX_POINT ( 'NONE', #5052 ) ;
#1669 = VECTOR ( 'NONE', #3261, 1000.000000000000000 ) ;
#1670 = VERTEX_POINT ( 'NONE', #3083 ) ;
#1671 = AXIS2_PLACEMENT_3D ( 'NONE', #2977, #5526, #588 ) ;
#1672 = FACE_OUTER_BOUND ( 'NONE', #972, .T. ) ;
#1673 = DIRECTION ( 'NONE',  ( -0.000000000000000000, -0.000000000000000000, -1.000000000000000000 ) ) ;
#1674 = CARTESIAN_POINT ( 'NONE',  ( -6.944154063330265636, -39.99999999999999289, 2.250000000000000444 ) ) ;
#1675 = AXIS2_PLACEMENT_3D ( 'NONE', #85, #664, #5023 ) ;
#1676 = EDGE_CURVE ( 'NONE', #3735, #1421, #5597, .T. ) ;
#1677 = EDGE_CURVE ( 'NONE', #3521, #3421, #145, .T. ) ;
#1678 = AXIS2_PLACEMENT_3D ( 'NONE', #22, #5409, #2592 ) ;
#1679 = CARTESIAN_POINT ( 'NONE',  ( -10.28024118068761439, -62.59178767470866234, -1.529628268237294808 ) ) ;
#1680 = ORIENTED_EDGE ( 'NONE', *, *, #5732, .F. ) ;
#1681 = CIRCLE ( 'NONE', #443, 1.000000000000000000 ) ;
#1682 = VERTEX_POINT ( 'NONE', #5020 ) ;
#1683 = CARTESIAN_POINT ( 'NONE',  ( -9.949999999999995737, -39.99999999999999289, -5.050000000000000711 ) ) ;
#1684 = CARTESIAN_POINT ( 'NONE',  ( -0.5949730773745713908, 22.74999999491019409, -8.844275902926142408 ) ) ;
#1685 = CARTESIAN_POINT ( 'NONE',  ( -26.38710781285183060, -17.74613234385554250, -1.261796208304262867 ) ) ;
#1687 = EDGE_CURVE ( 'NONE', #3355, #99, #764, .T. ) ;
#1686 = LINE ( 'NONE', #4107, #157 ) ;
#1688 = CIRCLE ( 'NONE', #1280, 0.5000000000000000000 ) ;
#1689 = ORIENTED_EDGE ( 'NONE', *, *, #4004, .T. ) ;
#1690 = ORIENTED_EDGE ( 'NONE', *, *, #4496, .T. ) ;
#1691 = VECTOR ( 'NONE', #4984, 1000.000000000000000 ) ;
#1692 = CARTESIAN_POINT ( 'NONE',  ( -7.517619434730396399, -39.49999999999999289, -4.879418309450495705 ) ) ;
#1693 = CARTESIAN_POINT ( 'NONE',  ( -9.975266182186883768, -62.85093797532528725, -1.750000000000000222 ) ) ;
#1694 = DIRECTION ( 'NONE',  ( 1.000000000000000000, 0.000000000000000000, 2.532443030623075608E-16 ) ) ;
#1695 = VECTOR ( 'NONE', #2063, 1000.000000000000000 ) ;
#1696 = LINE ( 'NONE', #5576, #745 ) ;
#1697 = AXIS2_PLACEMENT_3D ( 'NONE', #5844, #1933, #6300 ) ;
#1698 = VERTEX_POINT ( 'NONE', #3492 ) ;
#1699 = CARTESIAN_POINT ( 'NONE',  ( 24.10000000000000142, -17.14999999999999858, -3.000000000000000000 ) ) ;
#1700 = DIRECTION ( 'NONE',  ( -1.000000000000000000, 0.000000000000000000, 0.000000000000000000 ) ) ;
#1701 = DIRECTION ( 'NONE',  ( 1.000000000000000000, 2.182042108146926802E-16, 0.000000000000000000 ) ) ;
#1702 = CARTESIAN_POINT ( 'NONE',  ( 1.549999999999999822, -54.49999999999999289, 0.2499999999999997780 ) ) ;
#1703 = ORIENTED_EDGE ( 'NONE', *, *, #4731, .F. ) ;
#1704 = ORIENTED_EDGE ( 'NONE', *, *, #5941, .F. ) ;
#1705 = CARTESIAN_POINT ( 'NONE',  ( 13.87500000000000355, -39.49999999999999289, 2.250000000000000444 ) ) ;
#1706 = DIRECTION ( 'NONE',  ( 1.000000000000000000, 0.000000000000000000, 0.000000000000000000 ) ) ;
#1707 = DIRECTION ( 'NONE',  ( -1.000000000000000000, 0.000000000000000000, 0.000000000000000000 ) ) ;
#1708 = DIRECTION ( 'NONE',  ( 0.000000000000000000, 0.000000000000000000, 1.000000000000000000 ) ) ;
#1709 = ORIENTED_EDGE ( 'NONE', *, *, #5778, .T. ) ;
#1710 = ADVANCED_FACE ( 'NONE', ( #2551 ), #628, .T. ) ;
#1711 = ORIENTED_EDGE ( 'NONE', *, *, #5676, .F. ) ;
#1712 = EDGE_CURVE ( 'NONE', #1226, #3579, #82, .T. ) ;
#1713 = DIRECTION ( 'NONE',  ( 1.000000000000000000, 0.000000000000000000, 0.000000000000000000 ) ) ;
#1714 = DIRECTION ( 'NONE',  ( 1.000000000000000000, -0.000000000000000000, -0.000000000000000000 ) ) ;
#1715 = CARTESIAN_POINT ( 'NONE',  ( -25.89261163991414350, -18.64261163991412928, -2.425648136654436016 ) ) ;
#1716 = CARTESIAN_POINT ( 'NONE',  ( -3.034415845591109323E-15, -23.85000000000000142, -5.920000000000007923 ) ) ;
#1717 = LINE ( 'NONE', #4146, #4412 ) ;
#1718 = CIRCLE ( 'NONE', #6214, 0.5000000000000004441 ) ;
#1719 = ORIENTED_EDGE ( 'NONE', *, *, #2054, .T. ) ;
#1720 = ORIENTED_EDGE ( 'NONE', *, *, #3407, .T. ) ;
#1721 = EDGE_CURVE ( 'NONE', #1470, #2638, #113, .T. ) ;
#1722 = CARTESIAN_POINT ( 'NONE',  ( 19.46578414966196036, -21.60372962301526201, 2.669094931570217622E-16 ) ) ;
#1723 = CARTESIAN_POINT ( 'NONE',  ( -23.50000000000000355, 17.75000000000000000, -3.000000000000000000 ) ) ;
#1724 = DIRECTION ( 'NONE',  ( 1.000000000000000000, 0.000000000000000000, 0.000000000000000000 ) ) ;
#1725 = CARTESIAN_POINT ( 'NONE',  ( -22.10000000482516569, -19.14999999517529616, -1.222876090095320167 ) ) ;
#1726 = VECTOR ( 'NONE', #57, 1000.000000000000000 ) ;
#1727 = CIRCLE ( 'NONE', #3661, 0.5000000000000000000 ) ;
#1728 = ORIENTED_EDGE ( 'NONE', *, *, #1664, .T. ) ;
#1729 = DIRECTION ( 'NONE',  ( -0.000000000000000000, 0.000000000000000000, 1.000000000000000000 ) ) ;
#1730 = VECTOR ( 'NONE', #1282, 1000.000000000000000 ) ;
#1731 = CARTESIAN_POINT ( 'NONE',  ( 26.40000000000000213, -17.75000000000000000, -3.000000000000000000 ) ) ;
#1732 = DIRECTION ( 'NONE',  ( 1.000000000000000000, 2.182042108146926802E-16, 0.000000000000000000 ) ) ;
#1733 = CARTESIAN_POINT ( 'NONE',  ( -25.00000000000000000, 19.15000000000000568, -2.171572875253810597 ) ) ;
#1734 = AXIS2_PLACEMENT_3D ( 'NONE', #2329, #821, #5189 ) ;
#1735 = ORIENTED_EDGE ( 'NONE', *, *, #3673, .F. ) ;
#1736 = ORIENTED_EDGE ( 'NONE', *, *, #6050, .T. ) ;
#1737 = CARTESIAN_POINT ( 'NONE',  ( 15.90000000000000036, -26.25000000000000000, -8.400000000000003908 ) ) ;
#1738 = CARTESIAN_POINT ( 'NONE',  ( 23.49999999999999645, -19.14999999999999858, 0.000000000000000000 ) ) ;
#1739 = DIRECTION ( 'NONE',  ( -0.000000000000000000, -0.000000000000000000, -1.000000000000000000 ) ) ;
#1740 = EDGE_CURVE ( 'NONE', #2741, #1828, #177, .T. ) ;
#1741 = ORIENTED_EDGE ( 'NONE', *, *, #638, .T. ) ;
#1742 = ORIENTED_EDGE ( 'NONE', *, *, #1934, .F. ) ;
#1743 = DIRECTION ( 'NONE',  ( 2.182042108146926802E-16, -1.000000000000000000, 0.000000000000000000 ) ) ;
#1744 = CYLINDRICAL_SURFACE ( 'NONE', #4536, 5.000000000000000888 ) ;
#1745 = CARTESIAN_POINT ( 'NONE',  ( -10.44999999999999396, -51.25000000000000000, 2.250000000000000000 ) ) ;
#1746 = EDGE_CURVE ( 'NONE', #4816, #3954, #645, .T. ) ;
#1747 = DIRECTION ( 'NONE',  ( -0.000000000000000000, 0.000000000000000000, 1.000000000000000000 ) ) ;
#1748 = EDGE_CURVE ( 'NONE', #4742, #1853, #1681, .T. ) ;
#1749 = B_SPLINE_CURVE_WITH_KNOTS ( 'NONE', 3,
 ( #3075, #1034, #1067, #1993 ),
 .UNSPECIFIED., .F., .F.,
 ( 4, 4 ),
 ( 0.000000000000000000, 0.0003338394036275659947 ),
 .UNSPECIFIED. ) ;
#1750 = EDGE_LOOP ( 'NONE', ( #158, #4740, #3647, #2148 ) ) ;
#1751 = ORIENTED_EDGE ( 'NONE', *, *, #4323, .F. ) ;
#1752 = CARTESIAN_POINT ( 'NONE',  ( 0.2750055679356249727, 21.35000000000000142, -5.920000000000007923 ) ) ;
#1753 = DIRECTION ( 'NONE',  ( -0.000000000000000000, -0.000000000000000000, -1.000000000000000000 ) ) ;
#1754 = DIRECTION ( 'NONE',  ( -1.000000000000000000, -0.000000000000000000, -0.000000000000000000 ) ) ;
#1755 = ADVANCED_FACE ( 'NONE', ( #6112 ), #3505, .T. ) ;
#1756 = VERTEX_POINT ( 'NONE', #4143 ) ;
#1757 = CIRCLE ( 'NONE', #5336, 1.249999999999997558 ) ;
#1758 = CARTESIAN_POINT ( 'NONE',  ( 7.882181469277977470, -39.99406314273753082, -5.050000000000000711 ) ) ;
#1759 = CARTESIAN_POINT ( 'NONE',  ( 18.75000000000000711, -22.74999999999999289, 2.250000000000000000 ) ) ;
#1760 = CARTESIAN_POINT ( 'NONE',  ( -14.24691522495949059, 22.74999999999999645, 2.250000000000000000 ) ) ;
#1761 = ORIENTED_EDGE ( 'NONE', *, *, #5732, .T. ) ;
#1762 = ORIENTED_EDGE ( 'NONE', *, *, #137, .T. ) ;
#1763 = VECTOR ( 'NONE', #2854, 1000.000000000000000 ) ;
#1764 = DIRECTION ( 'NONE',  ( 2.403139825818710681E-16, -1.000000000000000000, 0.000000000000000000 ) ) ;
#1765 = FACE_OUTER_BOUND ( 'NONE', #3634, .T. ) ;
#1766 = CARTESIAN_POINT ( 'NONE',  ( 20.00000000000000000, -12.50000000000000000, 2.250000000000000000 ) ) ;
#1767 = DIRECTION ( 'NONE',  ( 1.954618001100627820E-16, 1.000000000000000000, 0.000000000000000000 ) ) ;
#1768 = AXIS2_PLACEMENT_3D ( 'NONE', #713, #4039, #2607 ) ;
#1769 = ORIENTED_EDGE ( 'NONE', *, *, #3531, .F. ) ;
#1770 = ORIENTED_EDGE ( 'NONE', *, *, #5933, .F. ) ;
#1771 = CIRCLE ( 'NONE', #649, 2.999999999999999112 ) ;
#1772 = EDGE_CURVE ( 'NONE', #4742, #276, #1274, .T. ) ;
#1773 = AXIS2_PLACEMENT_3D ( 'NONE', #1022, #952, #2902 ) ;
#1774 = CARTESIAN_POINT ( 'NONE',  ( 10.84098914198902897, -61.85937236226357072, -1.717269194726533277 ) ) ;
#1775 = CARTESIAN_POINT ( 'NONE',  ( -1.069243561843612023, 22.89305012932845784, -8.900000000000114042 ) ) ;
#1776 = FACE_OUTER_BOUND ( 'NONE', #3104, .T. ) ;
#1777 = B_SPLINE_CURVE_WITH_KNOTS ( 'NONE', 3,
 ( #5891, #4454, #3379, #1026, #2566, #96, #4516, #2533 ),
 .UNSPECIFIED., .F., .F.,
 ( 4, 2, 2, 4 ),
 ( -7.976120020150837035E-06, 0.0007017356287001401145, 0.001056591503060285656, 0.001411447377420431198 ),
 .UNSPECIFIED. ) ;
#1778 = DIRECTION ( 'NONE',  ( 0.000000000000000000, 0.000000000000000000, 1.000000000000000000 ) ) ;
#1779 = VECTOR ( 'NONE', #2319, 1000.000000000000000 ) ;
#1780 = ORIENTED_EDGE ( 'NONE', *, *, #1339, .F. ) ;
#1781 = EDGE_CURVE ( 'NONE', #63, #3782, #3001, .T. ) ;
#1782 = CARTESIAN_POINT ( 'NONE',  ( -7.883178134226849210, -39.50000000000000000, -5.055847402872070795 ) ) ;
#1783 = DIRECTION ( 'NONE',  ( 6.033820786006295184E-15, -1.000000000000000000, -0.000000000000000000 ) ) ;
#1784 = CARTESIAN_POINT ( 'NONE',  ( -7.071378900772282705, -39.50000000000000000, -5.054526582256729128 ) ) ;
#1785 = ORIENTED_EDGE ( 'NONE', *, *, #1110, .T. ) ;
#1786 = VECTOR ( 'NONE', #1197, 1000.000000000000000 ) ;
#1787 = EDGE_CURVE ( 'NONE', #6001, #1096, #5162, .T. ) ;
#1788 = ADVANCED_FACE ( 'NONE', ( #5373 ), #429, .T. ) ;
#1789 = VECTOR ( 'NONE', #4162, 1000.000000000000000 ) ;
#1790 = CARTESIAN_POINT ( 'NONE',  ( 7.442068080727669788, -39.95437510242012991, -4.615091872124553518 ) ) ;
#1791 = DIRECTION ( 'NONE',  ( -1.000000000000000000, -0.000000000000000000, 0.000000000000000000 ) ) ;
#1792 = FACE_OUTER_BOUND ( 'NONE', #2117, .T. ) ;
#1793 = CARTESIAN_POINT ( 'NONE',  ( -25.29305373930174738, 18.04305373930174738, -2.852596106570174594 ) ) ;
#1794 = ORIENTED_EDGE ( 'NONE', *, *, #3721, .T. ) ;
#1795 = VERTEX_POINT ( 'NONE', #463 ) ;
#1796 = EDGE_CURVE ( 'NONE', #1024, #4522, #103, .T. ) ;
#1797 = CARTESIAN_POINT ( 'NONE',  ( 9.950000000000002842, -39.49999999999999289, -5.050000000000000711 ) ) ;
#1798 = DIRECTION ( 'NONE',  ( 1.000000000000000000, -0.000000000000000000, -0.000000000000000000 ) ) ;
#1799 = DIRECTION ( 'NONE',  ( 1.000000000000000000, 0.000000000000000000, 0.000000000000000000 ) ) ;
#1800 = EDGE_LOOP ( 'NONE', ( #4786, #4355, #2334, #5857 ) ) ;
#1801 = CARTESIAN_POINT ( 'NONE',  ( 23.49999999999999289, -19.14999999999999858, -2.171572875253809709 ) ) ;
#1802 = ORIENTED_EDGE ( 'NONE', *, *, #3578, .T. ) ;
#1803 = CARTESIAN_POINT ( 'NONE',  ( -1.104798575694273088, 22.74999999726627564, -8.648303833442794186 ) ) ;
#1804 = CARTESIAN_POINT ( 'NONE',  ( 24.40000000000000568, -17.14999999999999858, -3.000000000000000000 ) ) ;
#1805 = CARTESIAN_POINT ( 'NONE',  ( -25.58621449537908887, -18.33621449537915282, -2.686370562400876238 ) ) ;
#1806 = EDGE_LOOP ( 'NONE', ( #3781, #3655, #4965, #522 ) ) ;
#1807 = ORIENTED_EDGE ( 'NONE', *, *, #5238, .T. ) ;
#1808 = CARTESIAN_POINT ( 'NONE',  ( 18.74985280739251081, -22.73866954849219368, -1.010138212595332652 ) ) ;
#1809 = CARTESIAN_POINT ( 'NONE',  ( 0.9802593549094317238, 23.17156133929691819, -8.900000000000007461 ) ) ;
#1810 = CARTESIAN_POINT ( 'NONE',  ( 10.95000000000000462, -51.25000000000000000, -1.250000000000000222 ) ) ;
#1811 = AXIS2_PLACEMENT_3D ( 'NONE', #4469, #2447, #3399 ) ;
#1812 = ORIENTED_EDGE ( 'NONE', *, *, #3523, .F. ) ;
#1813 = CARTESIAN_POINT ( 'NONE',  ( 14.99999999999999645, -17.50000000000000000, 0.000000000000000000 ) ) ;
#1814 = CARTESIAN_POINT ( 'NONE',  ( -2.049999999999999822, -24.99999999999998579, 2.250000000000000000 ) ) ;
#1815 = CIRCLE ( 'NONE', #6324, 0.5000000000000004441 ) ;
#1816 = ADVANCED_FACE ( 'NONE', ( #2896 ), #4023, .T. ) ;
#1817 = CYLINDRICAL_SURFACE ( 'NONE', #4013, 0.4999999999999997224 ) ;
#1818 = EDGE_CURVE ( 'NONE', #4840, #2577, #4370, .T. ) ;
#1819 = VERTEX_POINT ( 'NONE', #5819 ) ;
#1820 = ORIENTED_EDGE ( 'NONE', *, *, #3233, .F. ) ;
#1821 = VECTOR ( 'NONE', #2425, 1000.000000000000000 ) ;
#1822 = DIRECTION ( 'NONE',  ( 0.000000000000000000, 1.000000000000000000, -0.000000000000000000 ) ) ;
#1823 = CARTESIAN_POINT ( 'NONE',  ( 28.75000000000000711, -18.49999999999999645, 2.250000000000000000 ) ) ;
#1824 = CARTESIAN_POINT ( 'NONE',  ( -10.38116515062836420, -62.37580990636807599, -1.926012411509466782 ) ) ;
#1825 = CIRCLE ( 'NONE', #5821, 0.5000000000000004441 ) ;
#1826 = EDGE_CURVE ( 'NONE', #4040, #4712, #4849, .T. ) ;
#1827 = ORIENTED_EDGE ( 'NONE', *, *, #5806, .F. ) ;
#1828 = VERTEX_POINT ( 'NONE', #4441 ) ;
#1829 = EDGE_LOOP ( 'NONE', ( #805, #4229, #4491, #4265 ) ) ;
#1830 = DIRECTION ( 'NONE',  ( 1.000000000000000000, -1.554381164903745714E-13, 0.000000000000000000 ) ) ;
#1831 = LINE ( 'NONE', #3357, #5050 ) ;
#1832 = LINE ( 'NONE', #2107, #6230 ) ;
#1833 = DIRECTION ( 'NONE',  ( 1.000000000000000000, 0.000000000000000000, 0.000000000000000000 ) ) ;
#1834 = PLANE ( 'NONE',  #4930 ) ;
#1835 = ORIENTED_EDGE ( 'NONE', *, *, #1400, .F. ) ;
#1836 = ORIENTED_EDGE ( 'NONE', *, *, #3484, .T. ) ;
#1837 = CARTESIAN_POINT ( 'NONE',  ( -25.75000000000001066, -18.49999999999999645, 2.250000000000000000 ) ) ;
#1838 = CYLINDRICAL_SURFACE ( 'NONE', #1468, 1.400000000000005462 ) ;
#1839 = CARTESIAN_POINT ( 'NONE',  ( 7.948326093704751294, -39.99999999999999289, -5.550000000000000711 ) ) ;
#1840 = VERTEX_POINT ( 'NONE', #4858 ) ;
#1841 = EDGE_CURVE ( 'NONE', #5496, #5481, #3368, .T. ) ;
#1842 = DIRECTION ( 'NONE',  ( 1.000000000000000000, 0.000000000000000000, 0.000000000000000000 ) ) ;
#1843 = CARTESIAN_POINT ( 'NONE',  ( -1.506651917331948587, -23.25000000000004263, -8.400000000000003908 ) ) ;
#1844 = CARTESIAN_POINT ( 'NONE',  ( 14.24691522495949059, 22.75000000000000000, -50.11272994626617816 ) ) ;
#1845 = DIRECTION ( 'NONE',  ( -1.000000000000000000, -0.000000000000000000, -0.000000000000000000 ) ) ;
#1846 = ORIENTED_EDGE ( 'NONE', *, *, #2249, .T. ) ;
#1847 = VERTEX_POINT ( 'NONE', #945 ) ;
#1848 = EDGE_CURVE ( 'NONE', #8, #1240, #5310, .T. ) ;
#1849 = LINE ( 'NONE', #4381, #3753 ) ;
#1850 = EDGE_CURVE ( 'NONE', #709, #629, #3820, .T. ) ;
#1851 = CARTESIAN_POINT ( 'NONE',  ( 23.50000000000000355, 19.14999999999999858, -1.000000000000000000 ) ) ;
#1852 = LINE ( 'NONE', #381, #3702 ) ;
#1853 = VERTEX_POINT ( 'NONE', #2961 ) ;
#1854 = DIRECTION ( 'NONE',  ( -0.000000000000000000, 1.000000000000000000, -0.000000000000000000 ) ) ;
#1855 = ORIENTED_EDGE ( 'NONE', *, *, #4079, .T. ) ;
#1856 = EDGE_CURVE ( 'NONE', #5118, #5200, #981, .T. ) ;
#1857 = EDGE_CURVE ( 'NONE', #1670, #3317, #3774, .T. ) ;
#1858 = CARTESIAN_POINT ( 'NONE',  ( 18.75000000000000711, -22.74999999999999289, -8.400000000000018119 ) ) ;
#1859 = DIRECTION ( 'NONE',  ( 0.000000000000000000, 0.000000000000000000, 1.000000000000000000 ) ) ;
#1860 = UNCERTAINTY_MEASURE_WITH_UNIT (LENGTH_MEASURE( 1.000000000000000082E-05 ), #3260, 'distance_accuracy_value', 'NONE');
#1861 = CIRCLE ( 'NONE', #5449, 0.5000000000000004441 ) ;
#1862 = CARTESIAN_POINT ( 'NONE',  ( -10.94999999999999218, -61.99999999999999289, -1.750000000000000222 ) ) ;
#1863 = VERTEX_POINT ( 'NONE', #2449 ) ;
#1864 = CIRCLE ( 'NONE', #5153, 0.5000000000000000000 ) ;
#1865 = EDGE_LOOP ( 'NONE', ( #1735, #5261, #3079, #4980 ) ) ;
#1866 = CARTESIAN_POINT ( 'NONE',  ( 10.65710678118654897, -26.95710678118654258, -1.749999999999999556 ) ) ;
#1867 = CARTESIAN_POINT ( 'NONE',  ( -25.00000000000000000, -17.75000000000000000, -3.000000000000000000 ) ) ;
#1868 = CARTESIAN_POINT ( 'NONE',  ( -25.75000000000001066, -21.49999999999999645, 0.000000000000000000 ) ) ;
#1869 = AXIS2_PLACEMENT_3D ( 'NONE', #5183, #3755, #4269 ) ;
#1870 = ORIENTED_EDGE ( 'NONE', *, *, #872, .T. ) ;
#1871 = AXIS2_PLACEMENT_3D ( 'NONE', #117, #632, #5949 ) ;
#1872 = CARTESIAN_POINT ( 'NONE',  ( -13.87500000000000000, -39.50000000000000000, 2.249999999999996891 ) ) ;
#1873 = FACE_OUTER_BOUND ( 'NONE', #2797, .T. ) ;
#1874 = DIRECTION ( 'NONE',  ( 1.000000000000000000, 0.000000000000000000, 0.000000000000000000 ) ) ;
#1875 = DIRECTION ( 'NONE',  ( -2.403139825818710681E-16, 1.000000000000000000, -0.000000000000000000 ) ) ;
#1876 = CARTESIAN_POINT ( 'NONE',  ( 25.00000000000000000, 19.14999999999999858, -1.000000000000000000 ) ) ;
#1877 = CARTESIAN_POINT ( 'NONE',  ( -26.36871708342473397, 19.11871708342473397, -1.441882852138911764 ) ) ;
#1878 = AXIS2_PLACEMENT_3D ( 'NONE', #6086, #5540, #5951 ) ;
#1879 = VERTEX_POINT ( 'NONE', #1872 ) ;
#1880 = ORIENTED_EDGE ( 'NONE', *, *, #3068, .T. ) ;
#1881 = CIRCLE ( 'NONE', #4135, 0.5000000000000004441 ) ;
#1882 = LINE ( 'NONE', #1315, #5614 ) ;
#1883 = VECTOR ( 'NONE', #3878, 1000.000000000000000 ) ;
#1884 = CARTESIAN_POINT ( 'NONE',  ( -8.765423875202550619, 25.25000000000000000, 2.250000000000000000 ) ) ;
#1885 = DIRECTION ( 'NONE',  ( 0.000000000000000000, 0.000000000000000000, 1.000000000000000000 ) ) ;
#1886 = VECTOR ( 'NONE', #3116, 1000.000000000000000 ) ;
#1887 = DIRECTION ( 'NONE',  ( -0.000000000000000000, 0.000000000000000000, -1.000000000000000000 ) ) ;
#1888 = EDGE_CURVE ( 'NONE', #5260, #3915, #2086, .T. ) ;
#1889 = ORIENTED_EDGE ( 'NONE', *, *, #1848, .F. ) ;
#1890 = CARTESIAN_POINT ( 'NONE',  ( -22.10000000000000142, -17.75000000000000000, 0.000000000000000000 ) ) ;
#1891 = ORIENTED_EDGE ( 'NONE', *, *, #5694, .F. ) ;
#1892 = LINE ( 'NONE', #6290, #3411 ) ;
#1893 = DIRECTION ( 'NONE',  ( -6.033820786006295972E-15, 1.000000000000000000, -0.000000000000000000 ) ) ;
#1894 = CARTESIAN_POINT ( 'NONE',  ( 28.75000000000000711, 18.49999999999999645, 0.000000000000000000 ) ) ;
#1895 = EDGE_CURVE ( 'NONE', #743, #4330, #3434, .T. ) ;
#1896 = EDGE_CURVE ( 'NONE', #1979, #2881, #2485, .T. ) ;
#1897 = VERTEX_POINT ( 'NONE', #1526 ) ;
#1898 = EDGE_LOOP ( 'NONE', ( #71, #2870, #1450, #2967 ) ) ;
#1899 = CARTESIAN_POINT ( 'NONE',  ( 7.815999254648550831, -39.50000000000000000, -5.550000000000001599 ) ) ;
#1900 = DIRECTION ( 'NONE',  ( -0.000000000000000000, 1.000000000000000000, 0.000000000000000000 ) ) ;
#1901 = CARTESIAN_POINT ( 'NONE',  ( -23.09276209967051940, 17.45217137009882791, -2.747572801732114822 ) ) ;
#1902 = EDGE_CURVE ( 'NONE', #1470, #4393, #4328, .T. ) ;
#1903 = ORIENTED_EDGE ( 'NONE', *, *, #379, .T. ) ;
#1904 = FACE_OUTER_BOUND ( 'NONE', #1312, .T. ) ;
#1905 = VECTOR ( 'NONE', #4057, 1000.000000000000000 ) ;
#1906 = DIRECTION ( 'NONE',  ( -0.000000000000000000, -0.000000000000000000, 1.000000000000000000 ) ) ;
#1907 = CARTESIAN_POINT ( 'NONE',  ( -9.949999999999995737, -39.99999999999999289, -5.550000000000000711 ) ) ;
#1908 = CARTESIAN_POINT ( 'NONE',  ( 23.50000000000000355, 19.14999999999999858, -3.000000000000000000 ) ) ;
#1909 = DIRECTION ( 'NONE',  ( -0.000000000000000000, -1.000000000000000000, -0.000000000000000000 ) ) ;
#1910 = CARTESIAN_POINT ( 'NONE',  ( -24.85203207850508278, 18.65677359501686539, -2.321653529729331034 ) ) ;
#1911 = ORIENTED_EDGE ( 'NONE', *, *, #1850, .T. ) ;
#1912 = ORIENTED_EDGE ( 'NONE', *, *, #4003, .T. ) ;
#1913 = CARTESIAN_POINT ( 'NONE',  ( -15.90000000000000036, -26.24999999999999645, -8.400000000000003908 ) ) ;
#1914 = AXIS2_PLACEMENT_3D ( 'NONE', #3605, #188, #4610 ) ;
#1915 = PLANE ( 'NONE',  #6091 ) ;
#1916 = CARTESIAN_POINT ( 'NONE',  ( 24.99999999995463185, -19.14999999999999858, -1.130901135795378432 ) ) ;
#1917 = CARTESIAN_POINT ( 'NONE',  ( -18.75000000000000711, -23.89999999999999503, 2.250000000000000000 ) ) ;
#1918 = CIRCLE ( 'NONE', #3853, 2.519999999999992024 ) ;
#1919 = TOROIDAL_SURFACE ( 'NONE', #5207, 0.2750055679356273597, 2.500000000000000000 ) ;
#1920 = ORIENTED_EDGE ( 'NONE', *, *, #1475, .F. ) ;
#1921 = CARTESIAN_POINT ( 'NONE',  ( 25.75000000000001066, -21.49999999999999645, 2.250000000000000000 ) ) ;
#1922 = ORIENTED_EDGE ( 'NONE', *, *, #1121, .T. ) ;
#1923 = LINE ( 'NONE', #3775, #969 ) ;
#1924 = DIRECTION ( 'NONE',  ( -1.000000000000000000, -0.000000000000000000, 0.000000000000000000 ) ) ;
#1925 = ADVANCED_FACE ( 'NONE', ( #1904 ), #2164, .F. ) ;
#1926 = VECTOR ( 'NONE', #197, 1000.000000000000000 ) ;
#1927 = AXIS2_PLACEMENT_3D ( 'NONE', #4707, #5219, #311 ) ;
#1928 = DIRECTION ( 'NONE',  ( -0.000000000000000000, -0.000000000000000000, -1.000000000000000000 ) ) ;
#1929 = VECTOR ( 'NONE', #4252, 1000.000000000000000 ) ;
#1930 = VERTEX_POINT ( 'NONE', #4114 ) ;
#1931 = ORIENTED_EDGE ( 'NONE', *, *, #3219, .F. ) ;
#1932 = CARTESIAN_POINT ( 'NONE',  ( 13.37500000000000355, -39.49999999999999289, -1.749999999999999778 ) ) ;
#1933 = DIRECTION ( 'NONE',  ( -1.000000000000000000, -9.251858538542971581E-17, 0.000000000000000000 ) ) ;
#1934 = EDGE_CURVE ( 'NONE', #5913, #2774, #3205, .T. ) ;
#1935 = EDGE_CURVE ( 'NONE', #4633, #394, #1623, .T. ) ;
#1936 = LINE ( 'NONE', #1868, #5776 ) ;
#1937 = DIRECTION ( 'NONE',  ( -0.4149599226503967175, -0.9098396906015789876, 0.000000000000000000 ) ) ;
#1938 = EDGE_LOOP ( 'NONE', ( #2125, #1880, #2662, #6334 ) ) ;
#1939 = CARTESIAN_POINT ( 'NONE',  ( -10.94999999999999396, -51.75000000000000000, -1.750000000000000222 ) ) ;
#1940 = EDGE_CURVE ( 'NONE', #322, #2464, #152, .T. ) ;
#1941 = FACE_OUTER_BOUND ( 'NONE', #859, .T. ) ;
#1942 = CARTESIAN_POINT ( 'NONE',  ( -24.40000000000001279, -17.14999999999998792, -3.000000000000000000 ) ) ;
#1943 = CARTESIAN_POINT ( 'NONE',  ( 24.76872804912563097, 18.37909349708559148, -2.599333627660605384 ) ) ;
#1944 = CARTESIAN_POINT ( 'NONE',  ( 8.950000000000013500, -62.00000000000000000, -4.549999999999999822 ) ) ;
#1945 = ORIENTED_EDGE ( 'NONE', *, *, #4835, .T. ) ;
#1946 = EDGE_LOOP ( 'NONE', ( #3103, #4063, #4301, #3367, #4815 ) ) ;
#1947 = LINE ( 'NONE', #5289, #1929 ) ;
#1948 = FACE_OUTER_BOUND ( 'NONE', #2494, .T. ) ;
#1949 = CARTESIAN_POINT ( 'NONE',  ( 25.00000000000000000, -19.14999999999999858, -1.000000000000000000 ) ) ;
#1950 = LINE ( 'NONE', #1440, #537 ) ;
#1951 = ORIENTED_EDGE ( 'NONE', *, *, #1016, .F. ) ;
#1952 = CARTESIAN_POINT ( 'NONE',  ( -14.98254339045264771, 22.43935396888723588, -0.3927078321447635689 ) ) ;
#1953 = ORIENTED_EDGE ( 'NONE', *, *, #3769, .T. ) ;
#1954 = CARTESIAN_POINT ( 'NONE',  ( -19.47074877492126532, -21.61361681751499830, -0.0007831106100468644259 ) ) ;
#1955 = DIRECTION ( 'NONE',  ( 1.000000000000000000, 0.000000000000000000, 0.000000000000000000 ) ) ;
#1956 = CARTESIAN_POINT ( 'NONE',  ( -18.75000000000000355, -22.74999999999999645, 2.250000000000000000 ) ) ;
#1957 = ORIENTED_EDGE ( 'NONE', *, *, #2802, .F. ) ;
#1958 = EDGE_CURVE ( 'NONE', #5427, #1171, #665, .T. ) ;
#1959 = ORIENTED_EDGE ( 'NONE', *, *, #5231, .T. ) ;
#1960 = ORIENTED_EDGE ( 'NONE', *, *, #1277, .T. ) ;
#1961 = CARTESIAN_POINT ( 'NONE',  ( -24.10000000000000497, -17.14999999999998792, -3.000000000000000000 ) ) ;
#1962 = CARTESIAN_POINT ( 'NONE',  ( 19.99999999999999645, 12.50000000000000000, 0.000000000000000000 ) ) ;
#1963 = CARTESIAN_POINT ( 'NONE',  ( -23.57930104830417051, 18.88566317231952141, -2.002301386806014882 ) ) ;
#1964 = AXIS2_PLACEMENT_3D ( 'NONE', #2600, #1129, #3071 ) ;
#1965 = VECTOR ( 'NONE', #5805, 1000.000000000000000 ) ;
#1966 = ADVANCED_FACE ( 'NONE', ( #4050 ), #1085, .F. ) ;
#1967 = CARTESIAN_POINT ( 'NONE',  ( -1.549999999999999822, -24.99999999999998579, 2.250000000000000000 ) ) ;
#1968 = ORIENTED_EDGE ( 'NONE', *, *, #2401, .T. ) ;
#1969 = CIRCLE ( 'NONE', #30, 1.400000000000001910 ) ;
#1970 = DIRECTION ( 'NONE',  ( -0.000000000000000000, -0.000000000000000000, -1.000000000000000000 ) ) ;
#1971 = CARTESIAN_POINT ( 'NONE',  ( -9.949999999999997513, -26.24999999999999645, -8.900000000000005684 ) ) ;
#1972 = CARTESIAN_POINT ( 'NONE',  ( 0.4782012621600671420, -22.98842844650554085, -8.900000000000005684 ) ) ;
#1973 = CIRCLE ( 'NONE', #2489, 0.5000000000000004441 ) ;
#1974 = CARTESIAN_POINT ( 'NONE',  ( 26.40000000000000213, 17.74999999995462829, -1.130901135795378432 ) ) ;
#1975 = CARTESIAN_POINT ( 'NONE',  ( -26.40000000000000213, 17.74999999995442579, -1.130901135795391976 ) ) ;
#1976 = AXIS2_PLACEMENT_3D ( 'NONE', #2953, #110, #4532 ) ;
#1977 = EDGE_CURVE ( 'NONE', #5420, #1420, #2698, .T. ) ;
#1978 = EDGE_CURVE ( 'NONE', #3708, #1420, #5759, .T. ) ;
#1979 = VERTEX_POINT ( 'NONE', #3983 ) ;
#1980 = ORIENTED_EDGE ( 'NONE', *, *, #2869, .T. ) ;
#1981 = CARTESIAN_POINT ( 'NONE',  ( 23.57930104830409235, -18.88566317231961733, -2.002301386805858563 ) ) ;
#1982 = CARTESIAN_POINT ( 'NONE',  ( -1.506651917331951918, -22.75000000000000000, -8.400000000000003908 ) ) ;
#1983 = CARTESIAN_POINT ( 'NONE',  ( 26.36871708342471621, -19.11871708342477660, -1.441882852138942850 ) ) ;
#1984 = DIRECTION ( 'NONE',  ( -1.000000000000000000, 0.000000000000000000, -3.469446951953614189E-16 ) ) ;
#1985 = AXIS2_PLACEMENT_3D ( 'NONE', #2433, #1572, #4 ) ;
#1986 = EDGE_CURVE ( 'NONE', #6008, #629, #1047, .T. ) ;
#1987 = VERTEX_POINT ( 'NONE', #2993 ) ;
#1988 = CARTESIAN_POINT ( 'NONE',  ( -15.46910181049835309, 22.25955969382041744, -0.2291069510091547079 ) ) ;
#1989 = ORIENTED_EDGE ( 'NONE', *, *, #4279, .F. ) ;
#1990 = CIRCLE ( 'NONE', #1375, 0.5000000000000004441 ) ;
#1991 = LINE ( 'NONE', #1032, #2946 ) ;
#1992 = CARTESIAN_POINT ( 'NONE',  ( 8.557943913877352315, 24.79508015469921389, -8.400000000000003908 ) ) ;
#1993 = CARTESIAN_POINT ( 'NONE',  ( 10.84098914198902719, -61.85937236226357072, -1.717269194726533055 ) ) ;
#1994 = AXIS2_PLACEMENT_3D ( 'NONE', #2723, #1258, #4684 ) ;
#1995 = FACE_OUTER_BOUND ( 'NONE', #2343, .T. ) ;
#1996 = VECTOR ( 'NONE', #2954, 1000.000000000000000 ) ;
#1997 = VERTEX_POINT ( 'NONE', #3596 ) ;
#1998 = ORIENTED_EDGE ( 'NONE', *, *, #5206, .F. ) ;
#1999 = ORIENTED_EDGE ( 'NONE', *, *, #1665, .T. ) ;
#2000 = CARTESIAN_POINT ( 'NONE',  ( 7.442068080674646424, -39.95437510184128627, -4.683186883997882077 ) ) ;
#2001 = CYLINDRICAL_SURFACE ( 'NONE', #1381, 12.16415094339659930 ) ;
#2002 = CARTESIAN_POINT ( 'NONE',  ( -10.44999999999999041, -61.85179328473746097, -2.229142143561539502 ) ) ;
#2003 = DIRECTION ( 'NONE',  ( 2.403139825818710681E-16, -1.000000000000000000, 0.000000000000000000 ) ) ;
#2004 = EDGE_LOOP ( 'NONE', ( #4394, #1546, #5008, #2495 ) ) ;
#2005 = CARTESIAN_POINT ( 'NONE',  ( 23.09276209967048743, 17.45217137009883857, -2.747572801732101055 ) ) ;
#2006 = DIRECTION ( 'NONE',  ( 0.000000000000000000, 0.000000000000000000, -1.000000000000000000 ) ) ;
#2007 = CARTESIAN_POINT ( 'NONE',  ( 10.40466866994199258, -62.33353025327458852, -1.685382201256591772 ) ) ;
#2008 = CARTESIAN_POINT ( 'NONE',  ( -15.90000000000000036, -26.25000000000000000, -8.900000000000005684 ) ) ;
#2009 = ADVANCED_FACE ( 'NONE', ( #4959 ), #2137, .T. ) ;
#2010 = CARTESIAN_POINT ( 'NONE',  ( 26.25510592213232286, 19.00510592213218430, -1.839873476193728097 ) ) ;
#2011 = CARTESIAN_POINT ( 'NONE',  ( -25.99318273345801700, 18.74318273345802055, -2.307588957422653131 ) ) ;
#2012 = VERTEX_POINT ( 'NONE', #6047 ) ;
#2013 = VERTEX_POINT ( 'NONE', #1653 ) ;
#2014 = CARTESIAN_POINT ( 'NONE',  ( 22.91378550462084007, -18.33621449537915993, -2.686370562400906881 ) ) ;
#2015 = CARTESIAN_POINT ( 'NONE',  ( -1.549999999999999822, -54.49999999999999289, -0.2500000000000002220 ) ) ;
#2016 = EDGE_CURVE ( 'NONE', #4257, #4147, #1147, .T. ) ;
#2017 = CARTESIAN_POINT ( 'NONE',  ( 25.75000000000001066, -21.49999999999999645, 0.000000000000000000 ) ) ;
#2018 = AXIS2_PLACEMENT_3D ( 'NONE', #1967, #1043, #1523 ) ;
#2019 = DIRECTION ( 'NONE',  ( 0.000000000000000000, 0.000000000000000000, 1.000000000000000000 ) ) ;
#2020 = ORIENTED_EDGE ( 'NONE', *, *, #3696, .F. ) ;
#2021 = ORIENTED_EDGE ( 'NONE', *, *, #5521, .T. ) ;
#2022 = DIRECTION ( 'NONE',  ( -1.000000000000000000, 0.000000000000000000, 0.000000000000000000 ) ) ;
#2023 = DIRECTION ( 'NONE',  ( -0.000000000000000000, -0.000000000000000000, -1.000000000000000000 ) ) ;
#2024 = FACE_OUTER_BOUND ( 'NONE', #5450, .T. ) ;
#2025 = ADVANCED_FACE ( 'NONE', ( #5507 ), #5092, .F. ) ;
#2026 = FACE_OUTER_BOUND ( 'NONE', #2755, .T. ) ;
#2027 = AXIS2_PLACEMENT_3D ( 'NONE', #4998, #610, #5383 ) ;
#2028 = VECTOR ( 'NONE', #5546, 1000.000000000000000 ) ;
#2029 = ORIENTED_EDGE ( 'NONE', *, *, #3956, .T. ) ;
#2030 = VERTEX_POINT ( 'NONE', #2523 ) ;
#2031 = AXIS2_PLACEMENT_3D ( 'NONE', #4422, #389, #517 ) ;
#2032 = AXIS2_PLACEMENT_3D ( 'NONE', #1142, #627, #2583 ) ;
#2033 = DIRECTION ( 'NONE',  ( -0.000000000000000000, -0.000000000000000000, 1.000000000000000000 ) ) ;
#2034 = FACE_OUTER_BOUND ( 'NONE', #4996, .T. ) ;
#2035 = CARTESIAN_POINT ( 'NONE',  ( -22.10000000482517279, 19.14999999517483786, -1.222876090095306179 ) ) ;
#2036 = AXIS2_PLACEMENT_3D ( 'NONE', #2809, #4771, #3254 ) ;
#2037 = DIRECTION ( 'NONE',  ( -1.000000000000000000, 0.000000000000000000, 0.000000000000000000 ) ) ;
#2038 = ORIENTED_EDGE ( 'NONE', *, *, #4656, .T. ) ;
#2039 = CARTESIAN_POINT ( 'NONE',  ( 22.13128291657529800, 19.11871708342463805, -1.441882852138902882 ) ) ;
#2040 = CARTESIAN_POINT ( 'NONE',  ( 10.95000000000000817, -61.54553470576539098, -2.250000000000000444 ) ) ;
#2041 = CARTESIAN_POINT ( 'NONE',  ( 0.9804520138707482069, -23.17161926063820943, -8.900000000000005684 ) ) ;
#2042 = DIRECTION ( 'NONE',  ( 0.000000000000000000, 0.000000000000000000, 1.000000000000000000 ) ) ;
#2043 = CARTESIAN_POINT ( 'NONE',  ( -22.20214781104920476, -17.71935565668527701, -1.644431365561026093 ) ) ;
#2044 = EDGE_LOOP ( 'NONE', ( #1639, #2959, #6256, #2060 ) ) ;
#2045 = ORIENTED_EDGE ( 'NONE', *, *, #1888, .F. ) ;
#2046 = ADVANCED_FACE ( 'NONE', ( #3027 ), #1444, .F. ) ;
#2047 = CARTESIAN_POINT ( 'NONE',  ( 10.84098914198902719, -61.85937236226357072, -1.717269194726533055 ) ) ;
#2048 = DIRECTION ( 'NONE',  ( -0.000000000000000000, -0.000000000000000000, -1.000000000000000000 ) ) ;
#2049 = DIRECTION ( 'NONE',  ( 1.387778780781445676E-16, -1.000000000000000000, 0.000000000000000000 ) ) ;
#2050 = CARTESIAN_POINT ( 'NONE',  ( -10.94999999999999574, -39.99999999999999289, 2.250000000000000000 ) ) ;
#2051 = ORIENTED_EDGE ( 'NONE', *, *, #4560, .F. ) ;
#2052 = EDGE_CURVE ( 'NONE', #6302, #2547, #3217, .T. ) ;
#2053 = ORIENTED_EDGE ( 'NONE', *, *, #526, .T. ) ;
#2054 = EDGE_CURVE ( 'NONE', #2618, #5147, #3398, .T. ) ;
#2055 = FACE_OUTER_BOUND ( 'NONE', #2943, .T. ) ;
#2056 = DIRECTION ( 'NONE',  ( -0.4149599226503967175, -0.9098396906015789876, 0.000000000000000000 ) ) ;
#2057 = CARTESIAN_POINT ( 'NONE',  ( 10.95000000000000284, -39.49999999999999289, -2.250000000000000000 ) ) ;
#2058 = CARTESIAN_POINT ( 'NONE',  ( 26.40000000000000213, 17.75000000000000000, -1.000000000000000000 ) ) ;
#2059 = ORIENTED_EDGE ( 'NONE', *, *, #5270, .T. ) ;
#2060 = ORIENTED_EDGE ( 'NONE', *, *, #50, .F. ) ;
#2061 = ADVANCED_FACE ( 'NONE', ( #1330 ), #1838, .T. ) ;
#2062 = VECTOR ( 'NONE', #2640, 1000.000000000000000 ) ;
#2063 = DIRECTION ( 'NONE',  ( -0.000000000000000000, -0.000000000000000000, 1.000000000000000000 ) ) ;
#2064 = CARTESIAN_POINT ( 'NONE',  ( -1.371900808595705401, 23.24999996455769491, -8.900000000000005684 ) ) ;
#2065 = DIRECTION ( 'NONE',  ( 0.000000000000000000, -1.000000000000000000, 0.000000000000000000 ) ) ;
#2066 = DIRECTION ( 'NONE',  ( -0.000000000000000000, -0.000000000000000000, -1.000000000000000000 ) ) ;
#2067 = DIRECTION ( 'NONE',  ( 1.000000000000000000, 0.000000000000000000, 0.000000000000000000 ) ) ;
#2068 = ORIENTED_EDGE ( 'NONE', *, *, #3114, .F. ) ;
#2069 = EDGE_CURVE ( 'NONE', #7, #1171, #5121, .T. ) ;
#2070 = CIRCLE ( 'NONE', #125, 2.519999999999992024 ) ;
#2071 = CARTESIAN_POINT ( 'NONE',  ( 22.50978472310935885, 17.62706458306722368, -2.219979545272424915 ) ) ;
#2072 = CARTESIAN_POINT ( 'NONE',  ( 1.506651917331935042, -23.25000000000004263, -8.400000000000003908 ) ) ;
#2073 = CARTESIAN_POINT ( 'NONE',  ( 10.45000000000000639, -61.99999999999999289, -2.184538389453066554 ) ) ;
#2074 = CARTESIAN_POINT ( 'NONE',  ( -3.012339100162039429, 26.00000000000000355, -8.900000000000005684 ) ) ;
#2075 = LINE ( 'NONE', #5117, #3594 ) ;
#2076 = CIRCLE ( 'NONE', #3389, 1.000000000000000000 ) ;
#2077 = CARTESIAN_POINT ( 'NONE',  ( -22.16396669123890106, -17.73080999262831625, -1.518565079760253456 ) ) ;
#2078 = ORIENTED_EDGE ( 'NONE', *, *, #5426, .F. ) ;
#2079 = CARTESIAN_POINT ( 'NONE',  ( 23.56070021767166267, -18.94766594109438174, -1.886302363899264645 ) ) ;
#2080 = DIRECTION ( 'NONE',  ( 0.000000000000000000, 0.000000000000000000, 1.000000000000000000 ) ) ;
#2081 = LINE ( 'NONE', #5962, #5568 ) ;
#2082 = AXIS2_PLACEMENT_3D ( 'NONE', #6238, #1753, #5692 ) ;
#2083 = DIRECTION ( 'NONE',  ( 0.9098396906015793206, 0.4149599226503957183, -0.000000000000000000 ) ) ;
#2084 = ORIENTED_EDGE ( 'NONE', *, *, #790, .T. ) ;
#2085 = EDGE_LOOP ( 'NONE', ( #5350, #1380, #973, #4599 ) ) ;
#2086 = CIRCLE ( 'NONE', #4126, 1.249999999999997558 ) ;
#2087 = DIRECTION ( 'NONE',  ( 1.000000000000000000, 0.000000000000000000, 0.000000000000000000 ) ) ;
#2088 = DIRECTION ( 'NONE',  ( -0.000000000000000000, -0.000000000000000000, -1.000000000000000000 ) ) ;
#2089 = CARTESIAN_POINT ( 'NONE',  ( -8.765423875202548842, 25.25000000000000000, 2.250000000000000000 ) ) ;
#2090 = EDGE_CURVE ( 'NONE', #5577, #2707, #758, .T. ) ;
#2091 = CARTESIAN_POINT ( 'NONE',  ( -233.1464285714397704, -62.00000000000056843, -5.050000000000000711 ) ) ;
#2092 = AXIS2_PLACEMENT_3D ( 'NONE', #3536, #1185, #5026 ) ;
#2093 = ORIENTED_EDGE ( 'NONE', *, *, #5268, .F. ) ;
#2094 = ORIENTED_EDGE ( 'NONE', *, *, #6016, .F. ) ;
#2095 = AXIS2_PLACEMENT_3D ( 'NONE', #5321, #6251, #3768 ) ;
#2096 = CARTESIAN_POINT ( 'NONE',  ( -20.00000000000000355, 21.50000000000000000, 2.250000000000000000 ) ) ;
#2097 = CARTESIAN_POINT ( 'NONE',  ( -20.00000000000000355, -12.50000000000000000, 2.250000000000000000 ) ) ;
#2098 = CYLINDRICAL_SURFACE ( 'NONE', #3556, 0.5000000000000004441 ) ;
#2099 = DIRECTION ( 'NONE',  ( 1.000000000000000000, 0.000000000000000000, 0.000000000000000000 ) ) ;
#2100 = VECTOR ( 'NONE', #1614, 1000.000000000000000 ) ;
#2101 = EDGE_CURVE ( 'NONE', #2727, #1756, #2799, .T. ) ;
#2102 = EDGE_CURVE ( 'NONE', #364, #5767, #3608, .T. ) ;
#2103 = VERTEX_POINT ( 'NONE', #2293 ) ;
#2104 = ORIENTED_EDGE ( 'NONE', *, *, #999, .T. ) ;
#2105 = CARTESIAN_POINT ( 'NONE',  ( -23.74852813742386459, 18.32157287525381406, -2.999999999999998668 ) ) ;
#2106 = DIRECTION ( 'NONE',  ( 1.000000000000000000, 0.000000000000000000, 0.000000000000000000 ) ) ;
#2107 = CARTESIAN_POINT ( 'NONE',  ( -18.24999999999990408, 9.545306638761593021, -8.900000000000005684 ) ) ;
#2108 = CYLINDRICAL_SURFACE ( 'NONE', #150, 13.86419377152116539 ) ;
#2109 = EDGE_CURVE ( 'NONE', #3515, #869, #4428, .T. ) ;
#2110 = CARTESIAN_POINT ( 'NONE',  ( -23.39844150526860744, -17.85155849473139256, -2.912993840311139948 ) ) ;
#2111 = EDGE_LOOP ( 'NONE', ( #165, #230, #5522, #5403, #43, #1337, #5923, #866 ) ) ;
#2112 = CARTESIAN_POINT ( 'NONE',  ( -10.45000000000000462, -51.24999999999999289, 2.250000000000000000 ) ) ;
#2113 = DIRECTION ( 'NONE',  ( 0.000000000000000000, 1.000000000000000000, 0.000000000000000000 ) ) ;
#2114 = CARTESIAN_POINT ( 'NONE',  ( 2.519999999999989360, 22.75000000000000000, -6.380000000000024762 ) ) ;
#2115 = DIRECTION ( 'NONE',  ( -0.000000000000000000, -0.000000000000000000, -1.000000000000000000 ) ) ;
#2116 = DIRECTION ( 'NONE',  ( -0.000000000000000000, -0.000000000000000000, -1.000000000000000000 ) ) ;
#2117 = EDGE_LOOP ( 'NONE', ( #202, #241, #6278, #1499 ) ) ;
#2118 = ORIENTED_EDGE ( 'NONE', *, *, #2949, .F. ) ;
#2119 = PLANE ( 'NONE',  #94 ) ;
#2120 = DIRECTION ( 'NONE',  ( -0.000000000000000000, 0.000000000000000000, -1.000000000000000000 ) ) ;
#2121 = LINE ( 'NONE', #1642, #2591 ) ;
#2122 = VECTOR ( 'NONE', #4321, 1000.000000000000000 ) ;
#2123 = CARTESIAN_POINT ( 'NONE',  ( -2.736663982725949735E-15, 22.75000000000000000, -8.900000000000011013 ) ) ;
#2124 = EDGE_LOOP ( 'NONE', ( #2021, #5704, #830, #5007 ) ) ;
#2125 = ORIENTED_EDGE ( 'NONE', *, *, #6207, .F. ) ;
#2126 = EDGE_CURVE ( 'NONE', #350, #171, #978, .T. ) ;
#2127 = CARTESIAN_POINT ( 'NONE',  ( 4.792893218813452982, -39.29289321881344677, -8.900000000000005684 ) ) ;
#2128 = LINE ( 'NONE', #1548, #2062 ) ;
#2129 = AXIS2_PLACEMENT_3D ( 'NONE', #3258, #3318, #5224 ) ;
#2130 = FACE_OUTER_BOUND ( 'NONE', #5818, .T. ) ;
#2131 = DIRECTION ( 'NONE',  ( -1.000000000000000000, -2.182042108146926802E-16, -0.000000000000000000 ) ) ;
#2132 = ORIENTED_EDGE ( 'NONE', *, *, #3227, .T. ) ;
#2133 = ORIENTED_EDGE ( 'NONE', *, *, #4985, .F. ) ;
#2134 = VECTOR ( 'NONE', #3313, 1000.000000000000000 ) ;
#2135 = EDGE_CURVE ( 'NONE', #3843, #470, #5059, .T. ) ;
#2136 = CARTESIAN_POINT ( 'NONE',  ( 23.53064434331479760, 19.04785218895076326, -1.644431365561113134 ) ) ;
#2137 = CYLINDRICAL_SURFACE ( 'NONE', #2182, 2.000000000000000000 ) ;
#2138 = CARTESIAN_POINT ( 'NONE',  ( -10.94999999999999396, -52.49999999999977263, -2.250000000000000444 ) ) ;
#2139 = DIRECTION ( 'NONE',  ( -1.000000000000000000, 0.000000000000000000, 0.000000000000000000 ) ) ;
#2140 = CARTESIAN_POINT ( 'NONE',  ( -22.36433682768039333, -17.67069895169590410, -2.002301386805870553 ) ) ;
#2141 = VERTEX_POINT ( 'NONE', #2767 ) ;
#2142 = DIRECTION ( 'NONE',  ( -2.403139825818710681E-16, -1.000000000000000000, -0.000000000000000000 ) ) ;
#2143 = EDGE_CURVE ( 'NONE', #1006, #4257, #4763, .T. ) ;
#2144 = DIRECTION ( 'NONE',  ( -1.000000000000000000, 0.000000000000000000, -0.000000000000000000 ) ) ;
#2145 = CARTESIAN_POINT ( 'NONE',  ( 10.95000000000000462, -52.25000000000000000, -1.750000000000000222 ) ) ;
#2146 = LINE ( 'NONE', #3543, #5358 ) ;
#2147 = CARTESIAN_POINT ( 'NONE',  ( -1.506651917331944590, -23.24999999999999289, -8.900000000000005684 ) ) ;
#2148 = ORIENTED_EDGE ( 'NONE', *, *, #318, .F. ) ;
#2149 = ORIENTED_EDGE ( 'NONE', *, *, #1848, .T. ) ;
#2150 = EDGE_CURVE ( 'NONE', #5331, #1037, #2231, .T. ) ;
#2151 = CARTESIAN_POINT ( 'NONE',  ( -23.50000000000000355, -19.14999999999999503, -3.000000000000000000 ) ) ;
#2152 = CARTESIAN_POINT ( 'NONE',  ( 9.950000000000002842, -39.49999999999999289, -8.400000000000003908 ) ) ;
#2153 = CARTESIAN_POINT ( 'NONE',  ( 0.2750055679356243621, 23.85000000000000142, -6.380000000000024762 ) ) ;
#2154 = CARTESIAN_POINT ( 'NONE',  ( -10.45000000000000639, -61.99999999999999289, -2.184538389453066554 ) ) ;
#2155 = ORIENTED_EDGE ( 'NONE', *, *, #5556, .T. ) ;
#2156 = ORIENTED_EDGE ( 'NONE', *, *, #2102, .T. ) ;
#2157 = LINE ( 'NONE', #173, #565 ) ;
#2158 = DIRECTION ( 'NONE',  ( 0.000000000000000000, -1.000000000000000000, 0.000000000000000000 ) ) ;
#2159 = CARTESIAN_POINT ( 'NONE',  ( -24.99999999995443645, -19.14999999999999147, -1.130901135795388202 ) ) ;
#2160 = DIRECTION ( 'NONE',  ( -1.000000000000000000, 0.000000000000000000, -0.000000000000000000 ) ) ;
#2161 = ORIENTED_EDGE ( 'NONE', *, *, #5114, .T. ) ;
#2162 = VERTEX_POINT ( 'NONE', #2711 ) ;
#2163 = CARTESIAN_POINT ( 'NONE',  ( -7.071604935633151179, -39.49999999999999289, -5.054945728834532304 ) ) ;
#2164 = PLANE ( 'NONE',  #1364 ) ;
#2165 = CARTESIAN_POINT ( 'NONE',  ( 26.40000000000000213, -17.75000000000000000, -1.000000000000000000 ) ) ;
#2166 = CARTESIAN_POINT ( 'NONE',  ( -20.00000000000000000, 35.36419377152115828, 2.250000000000000000 ) ) ;
#2167 = EDGE_CURVE ( 'NONE', #5200, #4522, #5723, .T. ) ;
#2168 = DIRECTION ( 'NONE',  ( 9.773090005503140331E-17, 1.000000000000000000, 0.000000000000000000 ) ) ;
#2169 = ORIENTED_EDGE ( 'NONE', *, *, #4560, .T. ) ;
#2170 = AXIS2_PLACEMENT_3D ( 'NONE', #2754, #1887, #893 ) ;
#2171 = DIRECTION ( 'NONE',  ( 1.000000000000000000, 0.000000000000000000, 1.555805808050947011E-16 ) ) ;
#2172 = DIRECTION ( 'NONE',  ( 0.000000000000000000, 0.000000000000000000, 1.000000000000000000 ) ) ;
#2173 = EDGE_CURVE ( 'NONE', #320, #3735, #1273, .T. ) ;
#2174 = CARTESIAN_POINT ( 'NONE',  ( -1.371900808595703181, -23.24999996455745332, -8.900000000000005684 ) ) ;
#2175 = EDGE_CURVE ( 'NONE', #843, #4129, #3184, .T. ) ;
#2176 = ORIENTED_EDGE ( 'NONE', *, *, #4038, .F. ) ;
#2177 = CIRCLE ( 'NONE', #1169, 241.5964285714397874 ) ;
#2178 = EDGE_LOOP ( 'NONE', ( #4733, #164, #5366, #3171 ) ) ;
#2179 = DIRECTION ( 'NONE',  ( 0.000000000000000000, 0.000000000000000000, -1.000000000000000000 ) ) ;
#2180 = CARTESIAN_POINT ( 'NONE',  ( 14.99999999999999645, 17.50000000000000000, 2.250000000000000000 ) ) ;
#2181 = LINE ( 'NONE', #6161, #1786 ) ;
#2182 = AXIS2_PLACEMENT_3D ( 'NONE', #4572, #2556, #4017 ) ;
#2183 = AXIS2_PLACEMENT_3D ( 'NONE', #3643, #4708, #3704 ) ;
#2184 = CARTESIAN_POINT ( 'NONE',  ( -10.10969518232027831, -62.76795777027774648, -1.431662496070524648 ) ) ;
#2185 = EDGE_CURVE ( 'NONE', #3480, #2707, #2261, .T. ) ;
#2186 = EDGE_LOOP ( 'NONE', ( #4935, #2804, #4005, #6240 ) ) ;
#2187 = VECTOR ( 'NONE', #3636, 1000.000000000000000 ) ;
#2188 = VERTEX_POINT ( 'NONE', #307 ) ;
#2189 = CARTESIAN_POINT ( 'NONE',  ( -28.75000000000001066, 18.50000000000000355, 2.250000000000000000 ) ) ;
#2190 = CARTESIAN_POINT ( 'NONE',  ( -26.13566317231955338, -17.67069895169582594, -2.002301386805970917 ) ) ;
#2191 = DIRECTION ( 'NONE',  ( -2.403139825818710681E-16, -1.000000000000000000, -0.000000000000000000 ) ) ;
#2192 = DIRECTION ( 'NONE',  ( 2.403139825818710681E-16, -1.000000000000000000, 0.000000000000000000 ) ) ;
#2193 = AXIS2_PLACEMENT_3D ( 'NONE', #3918, #5376, #3470 ) ;
#2194 = AXIS2_PLACEMENT_3D ( 'NONE', #5525, #2918, #2944 ) ;
#2195 = ORIENTED_EDGE ( 'NONE', *, *, #175, .F. ) ;
#2196 = ORIENTED_EDGE ( 'NONE', *, *, #2173, .F. ) ;
#2197 = ORIENTED_EDGE ( 'NONE', *, *, #4793, .T. ) ;
#2198 = AXIS2_PLACEMENT_3D ( 'NONE', #2262, #275, #2830 ) ;
#2199 = CARTESIAN_POINT ( 'NONE',  ( 18.92362709491733241, -22.10822618972715858, -0.1347396511613745684 ) ) ;
#2200 = DIRECTION ( 'NONE',  ( -0.9098396906015793206, -0.4149599226503957183, 0.000000000000000000 ) ) ;
#2201 = CARTESIAN_POINT ( 'NONE',  ( 10.95000000000000462, -51.75000000000000000, 2.250000000000000000 ) ) ;
#2202 = VECTOR ( 'NONE', #5977, 1000.000000000000000 ) ;
#2203 = CYLINDRICAL_SURFACE ( 'NONE', #541, 0.5000000000000004441 ) ;
#2204 = AXIS2_PLACEMENT_3D ( 'NONE', #3430, #1392, #1358 ) ;
#2205 = ORIENTED_EDGE ( 'NONE', *, *, #4351, .T. ) ;
#2206 = EDGE_CURVE ( 'NONE', #3538, #6236, #2795, .T. ) ;
#2207 = CARTESIAN_POINT ( 'NONE',  ( 10.95000000000000284, -38.99999999999999289, -1.749999999999999778 ) ) ;
#2208 = PLANE ( 'NONE',  #4788 ) ;
#2209 = FACE_OUTER_BOUND ( 'NONE', #2178, .T. ) ;
#2210 = CARTESIAN_POINT ( 'NONE',  ( -1.506651917331949253, -22.74999999999999645, -8.400000000000007461 ) ) ;
#2211 = EDGE_LOOP ( 'NONE', ( #4887, #714, #5551, #4499 ) ) ;
#2212 = VERTEX_POINT ( 'NONE', #3947 ) ;
#2213 = EDGE_CURVE ( 'NONE', #2297, #2950, #848, .T. ) ;
#2214 = DIRECTION ( 'NONE',  ( -1.000000000000000000, 0.000000000000000000, 0.000000000000000000 ) ) ;
#2215 = ADVANCED_FACE ( 'NONE', ( #151 ), #3202, .T. ) ;
#2216 = LINE ( 'NONE', #288, #2298 ) ;
#2217 = CARTESIAN_POINT ( 'NONE',  ( -10.94999999999999574, -38.99999999999999289, -1.250000000000002665 ) ) ;
#2218 = CARTESIAN_POINT ( 'NONE',  ( -10.16900285220001976, -62.73134838835396465, -1.340856743862496314 ) ) ;
#2219 = ORIENTED_EDGE ( 'NONE', *, *, #286, .T. ) ;
#2220 = ORIENTED_EDGE ( 'NONE', *, *, #4985, .T. ) ;
#2221 = ADVANCED_FACE ( 'NONE', ( #5987 ), #6046, .T. ) ;
#2222 = FACE_OUTER_BOUND ( 'NONE', #3213, .T. ) ;
#2223 = CARTESIAN_POINT ( 'NONE',  ( -0.5524329214713664671, 22.87076453181518687, -8.900000000000224176 ) ) ;
#2224 = CARTESIAN_POINT ( 'NONE',  ( -25.99318273345795660, -18.74318273345793173, -2.307588957422739284 ) ) ;
#2225 = CARTESIAN_POINT ( 'NONE',  ( -23.49999999999999645, -17.75000000000000000, -1.000000000000000000 ) ) ;
#2226 = ORIENTED_EDGE ( 'NONE', *, *, #4060, .F. ) ;
#2227 = ORIENTED_EDGE ( 'NONE', *, *, #6201, .F. ) ;
#2228 = ORIENTED_EDGE ( 'NONE', *, *, #1781, .F. ) ;
#2229 = AXIS2_PLACEMENT_3D ( 'NONE', #2138, #5539, #1325 ) ;
#2230 = CARTESIAN_POINT ( 'NONE',  ( 18.82011430307214539, -22.32972350993659560, -0.2834131745279220294 ) ) ;
#2231 = LINE ( 'NONE', #4241, #3499 ) ;
#2232 = FACE_OUTER_BOUND ( 'NONE', #4385, .T. ) ;
#2233 = TOROIDAL_SURFACE ( 'NONE', #3552, 1.000000000000000000, 0.5000000000000000000 ) ;
#2234 = ORIENTED_EDGE ( 'NONE', *, *, #724, .F. ) ;
#2235 = CARTESIAN_POINT ( 'NONE',  ( 3.585849056603378493, -52.49999999999977263, -1.250000000000000222 ) ) ;
#2236 = CIRCLE ( 'NONE', #798, 0.7499999999999988898 ) ;
#2237 = VECTOR ( 'NONE', #5019, 1000.000000000000000 ) ;
#2238 = DIRECTION ( 'NONE',  ( 0.000000000000000000, -1.000000000000000000, 0.000000000000000000 ) ) ;
#2239 = CARTESIAN_POINT ( 'NONE',  ( -26.40000000000001279, -17.74999999999998224, -2.171572875253810597 ) ) ;
#2240 = CARTESIAN_POINT ( 'NONE',  ( -14.37500000000000355, -27.24999999999999645, 2.250000000000000000 ) ) ;
#2241 = EDGE_CURVE ( 'NONE', #1819, #4760, #4843, .T. ) ;
#2242 = CIRCLE ( 'NONE', #4898, 2.519999999999992024 ) ;
#2243 = EDGE_LOOP ( 'NONE', ( #6309, #2941, #1709, #5947 ) ) ;
#2244 = ORIENTED_EDGE ( 'NONE', *, *, #1740, .F. ) ;
#2245 = DIRECTION ( 'NONE',  ( 0.000000000000000000, 0.000000000000000000, 1.000000000000000000 ) ) ;
#2246 = DIRECTION ( 'NONE',  ( -0.000000000000000000, -0.000000000000000000, -1.000000000000000000 ) ) ;
#2247 = CARTESIAN_POINT ( 'NONE',  ( 1.311502393832033597, -22.85239831189566218, -8.899999999999764100 ) ) ;
#2248 = CARTESIAN_POINT ( 'NONE',  ( -15.00000000000000355, -17.50000000000000000, 0.000000000000000000 ) ) ;
#2249 = EDGE_CURVE ( 'NONE', #4592, #8, #1059, .T. ) ;
#2250 = ORIENTED_EDGE ( 'NONE', *, *, #5039, .F. ) ;
#2251 = CARTESIAN_POINT ( 'NONE',  ( -14.46359284212881668, 22.65311523768511748, -0.7217365317204104125 ) ) ;
#2252 = CARTESIAN_POINT ( 'NONE',  ( 9.450000000000004619, -61.99999999999999289, -4.549999999999999822 ) ) ;
#2253 = CARTESIAN_POINT ( 'NONE',  ( 22.10000000000000142, 17.75000000000000355, 0.000000000000000000 ) ) ;
#2254 = DIRECTION ( 'NONE',  ( -1.000000000000000000, 0.000000000000000000, 0.000000000000000000 ) ) ;
#2255 = CARTESIAN_POINT ( 'NONE',  ( 2.049999999999999822, -24.99999999999998579, 0.2499999999999997780 ) ) ;
#2256 = EDGE_CURVE ( 'NONE', #2012, #5200, #4025, .T. ) ;
#2257 = ADVANCED_FACE ( 'NONE', ( #3982 ), #6004, .F. ) ;
#2258 = ORIENTED_EDGE ( 'NONE', *, *, #5039, .T. ) ;
#2259 = ORIENTED_EDGE ( 'NONE', *, *, #2573, .F. ) ;
#2260 = CARTESIAN_POINT ( 'NONE',  ( -7.685654323116136943, -39.49999999999999289, -5.523911082345108525 ) ) ;
#2261 = LINE ( 'NONE', #274, #5667 ) ;
#2262 = CARTESIAN_POINT ( 'NONE',  ( 9.950000000000002842, -38.99999999999999289, -8.400000000000003908 ) ) ;
#2263 = EDGE_CURVE ( 'NONE', #4431, #5965, #3245, .T. ) ;
#2264 = ORIENTED_EDGE ( 'NONE', *, *, #4793, .F. ) ;
#2265 = DIRECTION ( 'NONE',  ( 1.000000000000000000, 0.000000000000000000, 0.000000000000000000 ) ) ;
#2266 = CARTESIAN_POINT ( 'NONE',  ( -15.75000000000000711, -52.50000000000000000, -1.250000000000000222 ) ) ;
#2267 = DIRECTION ( 'NONE',  ( -1.000000000000000000, -9.251858538542971581E-17, 0.000000000000000000 ) ) ;
#2268 = CARTESIAN_POINT ( 'NONE',  ( 13.37500000000000000, -26.74999999999999645, -2.250000000000000000 ) ) ;
#2269 =( BOUNDED_CURVE ( )  B_SPLINE_CURVE ( 3, ( #592, #4008, #4982, #1961 ),
 .UNSPECIFIED., .F., .T. ) 
 B_SPLINE_CURVE_WITH_KNOTS ( ( 4, 4 ),
 ( 3.141592653589793116, 4.712388980384689674 ),
 .UNSPECIFIED. ) 
 CURVE ( )  GEOMETRIC_REPRESENTATION_ITEM ( )  RATIONAL_B_SPLINE_CURVE ( ( 1.000000000000000000, 0.8047378541243649375, 0.8047378541243649375, 1.000000000000000000 ) ) 
 REPRESENTATION_ITEM ( '' )  );
#2270 = ORIENTED_EDGE ( 'NONE', *, *, #829, .F. ) ;
#2271 = ORIENTED_EDGE ( 'NONE', *, *, #4449, .T. ) ;
#2272 = VECTOR ( 'NONE', #4021, 1000.000000000000000 ) ;
#2273 = CARTESIAN_POINT ( 'NONE',  ( -14.37500000000000000, -27.24999999999999645, -1.250000000000003997 ) ) ;
#2274 = CARTESIAN_POINT ( 'NONE',  ( -10.44999999999999574, -39.99999999999999289, -5.550000000000000711 ) ) ;
#2275 = CARTESIAN_POINT ( 'NONE',  ( 10.95000000000000462, -51.25000000000000000, 2.250000000000000444 ) ) ;
#2276 = AXIS2_PLACEMENT_3D ( 'NONE', #4647, #615, #734 ) ;
#2277 = VECTOR ( 'NONE', #5555, 1000.000000000000000 ) ;
#2278 = ORIENTED_EDGE ( 'NONE', *, *, #3227, .F. ) ;
#2279 = LINE ( 'NONE', #3772, #178 ) ;
#2280 = ORIENTED_EDGE ( 'NONE', *, *, #1400, .T. ) ;
#2281 = AXIS2_PLACEMENT_3D ( 'NONE', #3871, #1924, #4292 ) ;
#2282 = AXIS2_PLACEMENT_3D ( 'NONE', #192, #614, #705 ) ;
#2283 = CARTESIAN_POINT ( 'NONE',  ( -7.498014537798913359, -39.95944176233641087, -4.813038033651384495 ) ) ;
#2284 = LINE ( 'NONE', #4141, #3994 ) ;
#2285 = PLANE ( 'NONE',  #6135 ) ;
#2286 = CARTESIAN_POINT ( 'NONE',  ( 3.585849056603378493, -52.49999999999977263, -1.250000000000000222 ) ) ;
#2287 = ADVANCED_FACE ( 'NONE', ( #3154 ), #5213, .T. ) ;
#2288 = LINE ( 'NONE', #4235, #2776 ) ;
#2289 = AXIS2_PLACEMENT_3D ( 'NONE', #695, #5538, #1116 ) ;
#2290 = ORIENTED_EDGE ( 'NONE', *, *, #4756, .T. ) ;
#2291 = ORIENTED_EDGE ( 'NONE', *, *, #621, .F. ) ;
#2292 = CARTESIAN_POINT ( 'NONE',  ( -7.400432757105011028, -39.49999999999999289, -4.621076508318301634 ) ) ;
#2293 = CARTESIAN_POINT ( 'NONE',  ( 8.950000000000004619, -62.00000000000000000, -5.050000000000000711 ) ) ;
#2294 = EDGE_CURVE ( 'NONE', #4129, #363, #4953, .T. ) ;
#2295 = EDGE_CURVE ( 'NONE', #1255, #1194, #5635, .T. ) ;
#2296 = FACE_OUTER_BOUND ( 'NONE', #2211, .T. ) ;
#2297 = VERTEX_POINT ( 'NONE', #1752 ) ;
#2298 = VECTOR ( 'NONE', #2246, 1000.000000000000000 ) ;
#2299 = CARTESIAN_POINT ( 'NONE',  ( -10.65710678118654897, -26.95710678118654258, -1.750000000000002442 ) ) ;
#2300 = EDGE_CURVE ( 'NONE', #2889, #421, #4944, .T. ) ;
#2301 = CARTESIAN_POINT ( 'NONE',  ( 2.519999999999989360, -22.75000000000000000, -6.380000000000024762 ) ) ;
#2302 = DIRECTION ( 'NONE',  ( 1.000000000000000000, 0.000000000000000000, 0.000000000000000000 ) ) ;
#2303 = ORIENTED_EDGE ( 'NONE', *, *, #4724, .T. ) ;
#2304 = ORIENTED_EDGE ( 'NONE', *, *, #1935, .F. ) ;
#2305 = DIRECTION ( 'NONE',  ( 0.000000000000000000, 0.000000000000000000, -1.000000000000000000 ) ) ;
#2306 =( BOUNDED_SURFACE ( )  B_SPLINE_SURFACE ( 3, 2, ( 
 ( #971, #2511, #4979 ),
 ( #4877, #1484, #1004 ),
 ( #1448, #4358, #3390 ),
 ( #6323, #4425, #3938 ),
 ( #5424, #1035, #2979 ),
 ( #75, #5937, #1542 ),
 ( #106, #3485, #589 ),
 ( #2543, #2123, #6007 ) ),
 .UNSPECIFIED., .F., .F., .T. ) 
 B_SPLINE_SURFACE_WITH_KNOTS ( ( 4, 2, 2, 4 ),
 ( 3, 3 ),
 ( 0.0009866607942050176043, 0.001388926107379962090, 0.001791191420554906792, 0.002595722046904795979 ),
 ( 0.000000000000000000, 1.000000000000000000 ),
 .UNSPECIFIED. ) 
 GEOMETRIC_REPRESENTATION_ITEM ( )  RATIONAL_B_SPLINE_SURFACE ( (
 ( 1.000000000000000000, 0.7071067811865523467, 1.000000000000000000),
 ( 1.000000000000000000, 0.7527359485599696143, 1.000000000000000000),
 ( 1.000000000000000000, 0.7938206998580821239, 1.000000000000000000),
 ( 1.000000000000000000, 0.8657937803871813554, 1.000000000000000000),
 ( 1.000000000000000000, 0.8969016210026159452, 1.000000000000000000),
 ( 1.000000000000000000, 0.9730642412102384897, 1.000000000000000000),
 ( 1.000000000000000000, 1.000126706051607695, 1.000000000000000000),
 ( 1.000000000000000000, 1.000000000000000000, 1.000000000000000000) ) ) 
 REPRESENTATION_ITEM ( '' )  SURFACE ( )  );
#2307 = LINE ( 'NONE', #6221, #3901 ) ;
#2308 = ORIENTED_EDGE ( 'NONE', *, *, #5037, .F. ) ;
#2309 = CARTESIAN_POINT ( 'NONE',  ( 20.00000000000000355, 21.50000000000000355, 0.000000000000000000 ) ) ;
#2310 = ORIENTED_EDGE ( 'NONE', *, *, #4124, .F. ) ;
#2311 = CARTESIAN_POINT ( 'NONE',  ( 10.45000000000000284, -39.99999999999999289, 2.250000000000000000 ) ) ;
#2312 = FACE_OUTER_BOUND ( 'NONE', #139, .T. ) ;
#2313 = DIRECTION ( 'NONE',  ( 0.000000000000000000, 0.000000000000000000, 1.000000000000000000 ) ) ;
#2314 = DIRECTION ( 'NONE',  ( -0.000000000000000000, -0.000000000000000000, -1.000000000000000000 ) ) ;
#2315 = CYLINDRICAL_SURFACE ( 'NONE', #4732, 0.7500000000000006661 ) ;
#2316 = EDGE_CURVE ( 'NONE', #1139, #3418, #3216, .T. ) ;
#2317 = VERTEX_POINT ( 'NONE', #6328 ) ;
#2318 = ORIENTED_EDGE ( 'NONE', *, *, #1192, .F. ) ;
#2319 = DIRECTION ( 'NONE',  ( 0.000000000000000000, 0.000000000000000000, 1.000000000000000000 ) ) ;
#2320 = CARTESIAN_POINT ( 'NONE',  ( -3.469446951953614189E-15, 22.74999999999999645, -8.900000000000005684 ) ) ;
#2321 = CYLINDRICAL_SURFACE ( 'NONE', #3309, 1.400000000000005462 ) ;
#2322 = AXIS2_PLACEMENT_3D ( 'NONE', #4841, #1477, #3836 ) ;
#2323 = EDGE_CURVE ( 'NONE', #276, #4431, #6299, .T. ) ;
#2324 = EDGE_CURVE ( 'NONE', #5420, #3708, #3789, .T. ) ;
#2325 = ORIENTED_EDGE ( 'NONE', *, *, #2437, .F. ) ;
#2326 = CARTESIAN_POINT ( 'NONE',  ( 6.970595525908418466, -39.49999999999999289, -4.812671440529127764 ) ) ;
#2327 = DIRECTION ( 'NONE',  ( 1.000000000000000000, 1.217613391099363125E-16, -0.000000000000000000 ) ) ;
#2328 = CIRCLE ( 'NONE', #4065, 0.5000000000000004441 ) ;
#2329 = CARTESIAN_POINT ( 'NONE',  ( -1.549999999999999822, -24.99999999999998579, 0.2499999999999997780 ) ) ;
#2330 = DIRECTION ( 'NONE',  ( 0.4149599226503967175, -0.9098396906015789876, 0.000000000000000000 ) ) ;
#2331 = EDGE_CURVE ( 'NONE', #1660, #3152, #5954, .T. ) ;
#2332 = EDGE_CURVE ( 'NONE', #3376, #965, #237, .T. ) ;
#2333 = ORIENTED_EDGE ( 'NONE', *, *, #5548, .F. ) ;
#2334 = ORIENTED_EDGE ( 'NONE', *, *, #3664, .F. ) ;
#2335 = MECHANICAL_DESIGN_GEOMETRIC_PRESENTATION_REPRESENTATION (  '', ( #5811 ), #6327 ) ;
#2336 = DIRECTION ( 'NONE',  ( -0.000000000000000000, -1.000000000000000000, -0.000000000000000000 ) ) ;
#2337 = FILL_AREA_STYLE_COLOUR ( '', #2740 ) ;
#2338 = LINE ( 'NONE', #6254, #5964 ) ;
#2339 = AXIS2_PLACEMENT_3D ( 'NONE', #2273, #2663, #3106 ) ;
#2340 = ADVANCED_FACE ( 'NONE', ( #1452 ), #2377, .T. ) ;
#2341 = ORIENTED_EDGE ( 'NONE', *, *, #3803, .F. ) ;
#2342 = CARTESIAN_POINT ( 'NONE',  ( 10.45000000000000107, -26.74999999999999645, -2.250000000000000000 ) ) ;
#2343 = EDGE_LOOP ( 'NONE', ( #2812, #3874, #3996, #1780 ) ) ;
#2344 = DIRECTION ( 'NONE',  ( -0.000000000000000000, -0.000000000000000000, -1.000000000000000000 ) ) ;
#2345 = CARTESIAN_POINT ( 'NONE',  ( 5.000000000000000000, -39.49999999999999289, -8.900000000000002132 ) ) ;
#2346 = B_SPLINE_CURVE_WITH_KNOTS ( 'NONE', 3,
 ( #3961, #3007, #6313, #961 ),
 .UNSPECIFIED., .F., .F.,
 ( 4, 4 ),
 ( 0.000000000000000000, 0.0004591556665436492585 ),
 .UNSPECIFIED. ) ;
#2347 = ORIENTED_EDGE ( 'NONE', *, *, #4608, .T. ) ;
#2348 = ORIENTED_EDGE ( 'NONE', *, *, #486, .F. ) ;
#2349 = CARTESIAN_POINT ( 'NONE',  ( 10.94999999999999929, -27.24999999999999645, -1.749999999999999778 ) ) ;
#2350 = CARTESIAN_POINT ( 'NONE',  ( 18.82359897264918303, 21.55000000000000071, 0.000000000000000000 ) ) ;
#2351 = CARTESIAN_POINT ( 'NONE',  ( -24.10000000000000497, 17.15000000000000568, -3.000000000000000000 ) ) ;
#2352 = ORIENTED_EDGE ( 'NONE', *, *, #3578, .F. ) ;
#2353 = DIRECTION ( 'NONE',  ( 1.000000000000000000, -2.403139825818710681E-16, 0.000000000000000000 ) ) ;
#2354 = CARTESIAN_POINT ( 'NONE',  ( 26.40000000000000213, -17.75000000000000000, -3.000000000000000000 ) ) ;
#2355 = DIRECTION ( 'NONE',  ( 1.000000000000000000, 0.000000000000000000, 0.000000000000000000 ) ) ;
#2356 = FACE_OUTER_BOUND ( 'NONE', #6032, .T. ) ;
#2357 = CARTESIAN_POINT ( 'NONE',  ( 24.96935565668521306, 19.04785218895076682, -1.644431365561108471 ) ) ;
#2358 = DIRECTION ( 'NONE',  ( 0.000000000000000000, 0.000000000000000000, -1.000000000000000000 ) ) ;
#2359 = VERTEX_POINT ( 'NONE', #6265 ) ;
#2360 = ORIENTED_EDGE ( 'NONE', *, *, #1276, .T. ) ;
#2361 = VECTOR ( 'NONE', #299, 1000.000000000000000 ) ;
#2362 = DIRECTION ( 'NONE',  ( -0.4149599226503967175, 0.9098396906015789876, 0.000000000000000000 ) ) ;
#2363 = DIRECTION ( 'NONE',  ( -1.000000000000000000, 0.000000000000000000, 0.000000000000000000 ) ) ;
#2364 = EDGE_CURVE ( 'NONE', #272, #2927, #2753, .T. ) ;
#2365 = CARTESIAN_POINT ( 'NONE',  ( -13.87500000000000355, -27.24999999999999645, 2.249999999999996891 ) ) ;
#2366 = VECTOR ( 'NONE', #3808, 1000.000000000000000 ) ;
#2367 = ORIENTED_EDGE ( 'NONE', *, *, #4315, .T. ) ;
#2368 = ORIENTED_EDGE ( 'NONE', *, *, #5071, .T. ) ;
#2369 = ORIENTED_EDGE ( 'NONE', *, *, #6201, .T. ) ;
#2370 = CARTESIAN_POINT ( 'NONE',  ( 18.75000000000000000, -22.75000000000000000, -8.692893218813464884 ) ) ;
#2371 = DIRECTION ( 'NONE',  ( 6.033820786006295184E-15, -1.000000000000000000, 0.000000000000000000 ) ) ;
#2372 = EDGE_CURVE ( 'NONE', #1863, #2923, #2893, .T. ) ;
#2373 = CARTESIAN_POINT ( 'NONE',  ( 10.45000000000000284, -39.99999999999999289, -5.550000000000000711 ) ) ;
#2374 = ORIENTED_EDGE ( 'NONE', *, *, #5939, .T. ) ;
#2375 = AXIS2_PLACEMENT_3D ( 'NONE', #4863, #2455, #1402 ) ;
#2376 = EDGE_LOOP ( 'NONE', ( #1807, #302, #5762, #439, #4015, #1889, #6107, #4672, #1650, #3346 ) ) ;
#2377 = CYLINDRICAL_SURFACE ( 'NONE', #5362, 2.500000000000000000 ) ;
#2378 = CYLINDRICAL_SURFACE ( 'NONE', #1697, 0.5000000000000004441 ) ;
#2379 = CARTESIAN_POINT ( 'NONE',  ( -10.45000000000000639, -61.99999999999999289, -2.184538389453069662 ) ) ;
#2380 = VECTOR ( 'NONE', #2890, 1000.000000000000000 ) ;
#2381 = ORIENTED_EDGE ( 'NONE', *, *, #215, .F. ) ;
#2382 = VECTOR ( 'NONE', #2928, 1000.000000000000000 ) ;
#2383 = CARTESIAN_POINT ( 'NONE',  ( 23.50000000000000711, 19.14999999999999858, -2.171572875253810597 ) ) ;
#2384 = DIRECTION ( 'NONE',  ( 0.000000000000000000, 0.000000000000000000, 1.000000000000000000 ) ) ;
#2385 = CARTESIAN_POINT ( 'NONE',  ( 1.322194738923154311, -22.75000000273367817, -8.528856278077011410 ) ) ;
#2386 = CARTESIAN_POINT ( 'NONE',  ( 26.13566317231953917, 17.67069895169583305, -2.002301386805983352 ) ) ;
#2387 = CARTESIAN_POINT ( 'NONE',  ( -24.87706458306721657, 18.74021527689064115, -2.219979545272446231 ) ) ;
#2388 = AXIS2_PLACEMENT_3D ( 'NONE', #2153, #5589, #3137 ) ;
#2389 = VERTEX_POINT ( 'NONE', #1422 ) ;
#2390 = ORIENTED_EDGE ( 'NONE', *, *, #2496, .F. ) ;
#2391 = EDGE_CURVE ( 'NONE', #5905, #1211, #5368, .T. ) ;
#2392 = AXIS2_PLACEMENT_3D ( 'NONE', #3582, #650, #2664 ) ;
#2393 = DIRECTION ( 'NONE',  ( 0.000000000000000000, 0.000000000000000000, -1.000000000000000000 ) ) ;
#2394 = CIRCLE ( 'NONE', #564, 0.5000000000000004441 ) ;
#2395 = DIRECTION ( 'NONE',  ( 0.000000000000000000, 0.000000000000000000, 1.000000000000000000 ) ) ;
#2396 = CARTESIAN_POINT ( 'NONE',  ( -14.24691522495949059, 22.74999999999999645, -1.199999999999999734 ) ) ;
#2397 = FACE_OUTER_BOUND ( 'NONE', #2871, .T. ) ;
#2398 = EDGE_LOOP ( 'NONE', ( #2887, #5873, #3571, #3946 ) ) ;
#2399 = LINE ( 'NONE', #4459, #1606 ) ;
#2400 = ORIENTED_EDGE ( 'NONE', *, *, #1347, .T. ) ;
#2401 = EDGE_CURVE ( 'NONE', #1240, #3752, #6181, .T. ) ;
#2402 = DIRECTION ( 'NONE',  ( 1.954618001100627820E-16, 1.000000000000000000, 0.000000000000000000 ) ) ;
#2403 = LINE ( 'NONE', #2345, #847 ) ;
#2404 = PRODUCT_DEFINITION_SHAPE ( 'NONE', 'NONE',  #5433 ) ;
#2405 = CARTESIAN_POINT ( 'NONE',  ( 2.782103687887331604E-15, -39.99999999999999289, -5.550000000000000711 ) ) ;
#2406 = VERTEX_POINT ( 'NONE', #939 ) ;
#2407 = ADVANCED_FACE ( 'NONE', ( #2409 ), #3395, .T. ) ;
#2408 = VERTEX_POINT ( 'NONE', #492 ) ;
#2409 = FACE_OUTER_BOUND ( 'NONE', #751, .T. ) ;
#2410 = DIRECTION ( 'NONE',  ( -0.000000000000000000, -0.000000000000000000, 1.000000000000000000 ) ) ;
#2411 = CARTESIAN_POINT ( 'NONE',  ( -24.10000000000000497, 17.15000000000000568, -3.000000000000000000 ) ) ;
#2412 = DIRECTION ( 'NONE',  ( 0.000000000000000000, 0.000000000000000000, -1.000000000000000000 ) ) ;
#2413 = VERTEX_POINT ( 'NONE', #2442 ) ;
#2414 = DIRECTION ( 'NONE',  ( -2.403139825818710681E-16, -1.000000000000000000, -0.000000000000000000 ) ) ;
#2415 = VECTOR ( 'NONE', #114, 1000.000000000000000 ) ;
#2416 = CARTESIAN_POINT ( 'NONE',  ( 10.80680599421872046, -61.95861927990009121, -1.695374908890130872 ) ) ;
#2417 = CARTESIAN_POINT ( 'NONE',  ( 0.2682408670350910906, -22.80937797592536853, -8.899999999970873432 ) ) ;
#2418 = CARTESIAN_POINT ( 'NONE',  ( -20.00000000000000355, -12.50000000000000000, 2.250000000000000000 ) ) ;
#2419 = CYLINDRICAL_SURFACE ( 'NONE', #4002, 0.5000000000000004441 ) ;
#2420 = DIRECTION ( 'NONE',  ( 0.000000000000000000, 0.000000000000000000, -1.000000000000000000 ) ) ;
#2421 = ORIENTED_EDGE ( 'NONE', *, *, #477, .F. ) ;
#2422 = ORIENTED_EDGE ( 'NONE', *, *, #5740, .T. ) ;
#2423 = DIRECTION ( 'NONE',  ( 0.000000000000000000, 0.000000000000000000, 1.000000000000000000 ) ) ;
#2424 = VECTOR ( 'NONE', #1056, 1000.000000000000000 ) ;
#2425 = DIRECTION ( 'NONE',  ( 0.000000000000000000, -1.000000000000000000, 0.000000000000000000 ) ) ;
#2426 = CARTESIAN_POINT ( 'NONE',  ( 13.37500000000000355, -38.99999999999999289, -1.749999999999999778 ) ) ;
#2427 = EDGE_CURVE ( 'NONE', #3085, #1997, #4395, .T. ) ;
#2428 = PLANE ( 'NONE',  #3599 ) ;
#2429 = CIRCLE ( 'NONE', #6026, 0.5000000000000000000 ) ;
#2430 = ORIENTED_EDGE ( 'NONE', *, *, #5238, .F. ) ;
#2431 = CARTESIAN_POINT ( 'NONE',  ( -15.24999999999997691, -52.50000000000000000, -1.750000000000000222 ) ) ;
#2432 = ORIENTED_EDGE ( 'NONE', *, *, #3604, .F. ) ;
#2433 = CARTESIAN_POINT ( 'NONE',  ( -10.94999999999999218, -61.99999999999998579, -2.184538389453071883 ) ) ;
#2434 = CARTESIAN_POINT ( 'NONE',  ( -10.94999999999999218, -61.54553470576540519, -2.250000000000000444 ) ) ;
#2435 = CIRCLE ( 'NONE', #5520, 1.000000000000000888 ) ;
#2436 = VECTOR ( 'NONE', #326, 1000.000000000000114 ) ;
#2437 = EDGE_CURVE ( 'NONE', #6164, #937, #11, .T. ) ;
#2438 = DIRECTION ( 'NONE',  ( 0.000000000000000000, 0.000000000000000000, -1.000000000000000000 ) ) ;
#2439 = ORIENTED_EDGE ( 'NONE', *, *, #6285, .T. ) ;
#2440 = ORIENTED_EDGE ( 'NONE', *, *, #1657, .F. ) ;
#2441 = ORIENTED_EDGE ( 'NONE', *, *, #4359, .T. ) ;
#2442 = CARTESIAN_POINT ( 'NONE',  ( -1.549999999999999822, -22.49999999999998934, 2.250000000000000000 ) ) ;
#2443 = CARTESIAN_POINT ( 'NONE',  ( 14.69785070320683751, 22.55277189046481467, -0.5241360426827085250 ) ) ;
#2444 = CARTESIAN_POINT ( 'NONE',  ( -23.64796792149492433, 18.65677359501690091, -2.321653529729294618 ) ) ;
#2445 = ADVANCED_FACE ( 'NONE', ( #4762 ), #366, .T. ) ;
#2446 = EDGE_CURVE ( 'NONE', #5957, #357, #5461, .T. ) ;
#2447 = DIRECTION ( 'NONE',  ( 0.000000000000000000, 0.000000000000000000, 1.000000000000000000 ) ) ;
#2448 = ORIENTED_EDGE ( 'NONE', *, *, #128, .F. ) ;
#2449 = CARTESIAN_POINT ( 'NONE',  ( 0.2750055679356279703, -21.35000000000000142, -5.920000000000007923 ) ) ;
#2450 = LINE ( 'NONE', #1019, #6022 ) ;
#2451 = CARTESIAN_POINT ( 'NONE',  ( -5.000000000000001776, -54.49999999999999289, 2.250000000000000444 ) ) ;
#2452 = CYLINDRICAL_SURFACE ( 'NONE', #2032, 0.5000000000000004441 ) ;
#2453 = EDGE_CURVE ( 'NONE', #6164, #3317, #960, .T. ) ;
#2454 = FACE_OUTER_BOUND ( 'NONE', #3837, .T. ) ;
#2455 = DIRECTION ( 'NONE',  ( 0.000000000000000000, 0.000000000000000000, 1.000000000000000000 ) ) ;
#2456 = ORIENTED_EDGE ( 'NONE', *, *, #4449, .F. ) ;
#2457 = ORIENTED_EDGE ( 'NONE', *, *, #2535, .F. ) ;
#2458 = CARTESIAN_POINT ( 'NONE',  ( -10.62874518856646056, -62.26141859037613813, -1.588146686897186521 ) ) ;
#2459 = DIRECTION ( 'NONE',  ( 1.000000000000000000, 0.000000000000000000, -0.000000000000000000 ) ) ;
#2460 = CARTESIAN_POINT ( 'NONE',  ( 26.25510592213225536, -19.00510592213218075, -1.839873476193724322 ) ) ;
#2461 = CARTESIAN_POINT ( 'NONE',  ( 4.500000000000000888, -53.99999999999999289, -8.900000000000005684 ) ) ;
#2462 = ORIENTED_EDGE ( 'NONE', *, *, #2713, .T. ) ;
#2463 = CARTESIAN_POINT ( 'NONE',  ( 25.00000000000000000, 19.14999999999999858, -1.000000000000000000 ) ) ;
#2464 = VERTEX_POINT ( 'NONE', #3020 ) ;
#2465 = DIRECTION ( 'NONE',  ( 0.000000000000000000, 0.000000000000000000, -1.000000000000000000 ) ) ;
#2466 = DIRECTION ( 'NONE',  ( 0.000000000000000000, 0.000000000000000000, 1.000000000000000000 ) ) ;
#2467 = DIRECTION ( 'NONE',  ( -0.000000000000000000, -0.000000000000000000, -1.000000000000000000 ) ) ;
#2468 = DIRECTION ( 'NONE',  ( -2.182042108146926802E-16, 1.000000000000000000, 0.000000000000000000 ) ) ;
#2469 = AXIS2_PLACEMENT_3D ( 'NONE', #5440, #2526, #4992 ) ;
#2470 = ORIENTED_EDGE ( 'NONE', *, *, #1856, .F. ) ;
#2471 = ORIENTED_EDGE ( 'NONE', *, *, #379, .F. ) ;
#2472 = ORIENTED_EDGE ( 'NONE', *, *, #3779, .F. ) ;
#2473 = EDGE_CURVE ( 'NONE', #4522, #1668, #2549, .T. ) ;
#2474 = VECTOR ( 'NONE', #4164, 1000.000000000000000 ) ;
#2475 = DIRECTION ( 'NONE',  ( -1.000000000000000000, -0.000000000000000000, 0.000000000000000000 ) ) ;
#2476 = CARTESIAN_POINT ( 'NONE',  ( 16.07065288749306120, 22.06673145771028288, -0.1151472309087771956 ) ) ;
#2477 = DIRECTION ( 'NONE',  ( 0.000000000000000000, 0.000000000000000000, 1.000000000000000000 ) ) ;
#2478 = AXIS2_PLACEMENT_3D ( 'NONE', #4802, #375, #1336 ) ;
#2479 = CIRCLE ( 'NONE', #3902, 0.5000000000000004441 ) ;
#2480 = DIRECTION ( 'NONE',  ( 2.403139825818710681E-16, -1.000000000000000000, 0.000000000000000000 ) ) ;
#2481 = ORIENTED_EDGE ( 'NONE', *, *, #6090, .T. ) ;
#2482 = EDGE_CURVE ( 'NONE', #6248, #4346, #1010, .T. ) ;
#2483 = EDGE_CURVE ( 'NONE', #2212, #1987, #4042, .T. ) ;
#2484 = CARTESIAN_POINT ( 'NONE',  ( 22.10000000482516924, 19.14999999517470641, -1.222876090095308399 ) ) ;
#2485 = LINE ( 'NONE', #3948, #244 ) ;
#2486 = AXIS2_PLACEMENT_3D ( 'NONE', #3694, #1272, #784 ) ;
#2487 = CARTESIAN_POINT ( 'NONE',  ( 9.975266182186883768, -62.85093797532528725, -1.250000000000000222 ) ) ;
#2488 = DIRECTION ( 'NONE',  ( -1.000000000000000000, -6.033820786006280787E-16, -0.000000000000000000 ) ) ;
#2489 = AXIS2_PLACEMENT_3D ( 'NONE', #2240, #5286, #887 ) ;
#2490 = DIRECTION ( 'NONE',  ( -1.000000000000000000, 0.000000000000000000, 0.000000000000000000 ) ) ;
#2491 = AXIS2_PLACEMENT_3D ( 'NONE', #1415, #387, #1830 ) ;
#2492 = PLANE ( 'NONE',  #2375 ) ;
#2493 = VECTOR ( 'NONE', #2006, 1000.000000000000000 ) ;
#2494 = EDGE_LOOP ( 'NONE', ( #2539, #5255, #548, #5896 ) ) ;
#2495 = ORIENTED_EDGE ( 'NONE', *, *, #138, .T. ) ;
#2496 = EDGE_CURVE ( 'NONE', #2547, #4522, #2269, .T. ) ;
#2497 = CARTESIAN_POINT ( 'NONE',  ( 22.11289218714819071, -17.74613234385555316, -1.261796208304295730 ) ) ;
#2498 = CARTESIAN_POINT ( 'NONE',  ( 10.45000000000000284, -39.49999999999999289, -4.549999999999999822 ) ) ;
#2499 = CARTESIAN_POINT ( 'NONE',  ( 24.40000000000000568, -17.14999999999999858, -3.000000000000000000 ) ) ;
#2500 = VECTOR ( 'NONE', #679, 1000.000000000000000 ) ;
#2501 = DIRECTION ( 'NONE',  ( -0.000000000000000000, -0.000000000000000000, -1.000000000000000000 ) ) ;
#2502 = CIRCLE ( 'NONE', #4237, 1.400000000000005462 ) ;
#2503 = ORIENTED_EDGE ( 'NONE', *, *, #4398, .F. ) ;
#2504 = CARTESIAN_POINT ( 'NONE',  ( -18.39232633006754369, 21.58672668765131419, 1.558364157750568142E-16 ) ) ;
#2505 = ORIENTED_EDGE ( 'NONE', *, *, #3875, .F. ) ;
#2506 = AXIS2_PLACEMENT_3D ( 'NONE', #1109, #5501, #3560 ) ;
#2507 = DIRECTION ( 'NONE',  ( 1.000000000000000000, 0.000000000000000000, 0.000000000000000000 ) ) ;
#2508 = DIRECTION ( 'NONE',  ( 0.000000000000000000, 0.000000000000000000, 1.000000000000000000 ) ) ;
#2509 = LINE ( 'NONE', #168, #4424 ) ;
#2510 = AXIS2_PLACEMENT_3D ( 'NONE', #5398, #3490, #3461 ) ;
#2511 = CARTESIAN_POINT ( 'NONE',  ( 1.506651917331941037, 22.75000000000000355, -8.900000000000002132 ) ) ;
#2512 = AXIS2_PLACEMENT_3D ( 'NONE', #567, #2926, #3879 ) ;
#2513 = AXIS2_PLACEMENT_3D ( 'NONE', #909, #493, #2858 ) ;
#2514 = ORIENTED_EDGE ( 'NONE', *, *, #950, .T. ) ;
#2515 = ORIENTED_EDGE ( 'NONE', *, *, #2372, .T. ) ;
#2516 = DIRECTION ( 'NONE',  ( -1.000000000000000000, 0.000000000000000000, 0.000000000000000000 ) ) ;
#2517 = DIRECTION ( 'NONE',  ( 0.000000000000000000, 0.000000000000000000, 1.000000000000000000 ) ) ;
#2518 = DIRECTION ( 'NONE',  ( -0.000000000000000000, 0.000000000000000000, 1.000000000000000000 ) ) ;
#2519 = EDGE_CURVE ( 'NONE', #5036, #2708, #3419, .T. ) ;
#2520 = CARTESIAN_POINT ( 'NONE',  ( 14.24691522495949059, 23.25000000000000000, -8.400000000000003908 ) ) ;
#2521 = ORIENTED_EDGE ( 'NONE', *, *, #2652, .T. ) ;
#2522 = CARTESIAN_POINT ( 'NONE',  ( 23.39844150526836941, 17.85155849473163769, -2.912993840311251859 ) ) ;
#2523 = CARTESIAN_POINT ( 'NONE',  ( 20.00000000000000000, -21.49999999999999645, 0.000000000000000000 ) ) ;
#2524 = CARTESIAN_POINT ( 'NONE',  ( 10.46287121136567322, -62.04944260904478881, -1.791314565822042848 ) ) ;
#2525 = CARTESIAN_POINT ( 'NONE',  ( 2.049999999999999822, -54.49999999999999289, 2.250000000000000000 ) ) ;
#2526 = DIRECTION ( 'NONE',  ( 0.000000000000000000, 0.000000000000000000, 1.000000000000000000 ) ) ;
#2527 = ADVANCED_FACE ( 'NONE', ( #3524 ), #4745, .T. ) ;
#2528 = CARTESIAN_POINT ( 'NONE',  ( -1.549999999999999822, -24.99999999999998579, 0.2499999999999997780 ) ) ;
#2529 = EDGE_CURVE ( 'NONE', #1476, #3812, #6011, .T. ) ;
#2530 = EDGE_LOOP ( 'NONE', ( #1794, #1054, #701, #5535 ) ) ;
#2531 = ORIENTED_EDGE ( 'NONE', *, *, #1200, .T. ) ;
#2532 = CARTESIAN_POINT ( 'NONE',  ( 10.95000000000000639, -61.54553470576539098, -1.750000000000000222 ) ) ;
#2533 = CARTESIAN_POINT ( 'NONE',  ( 10.84098914198902719, -61.85937236226357072, -1.717269194726533055 ) ) ;
#2534 = CARTESIAN_POINT ( 'NONE',  ( -22.10000000000000142, 17.75000000000000711, -1.000000000000000000 ) ) ;
#2535 = EDGE_CURVE ( 'NONE', #1660, #5725, #5531, .T. ) ;
#2536 = DIRECTION ( 'NONE',  ( -1.555805808050947751E-16, 0.000000000000000000, 1.000000000000000000 ) ) ;
#2537 = ADVANCED_FACE ( 'NONE', ( #5876 ), #4432, .F. ) ;
#2538 = ORIENTED_EDGE ( 'NONE', *, *, #2756, .T. ) ;
#2539 = ORIENTED_EDGE ( 'NONE', *, *, #5822, .T. ) ;
#2540 = DIRECTION ( 'NONE',  ( 0.000000000000000000, 0.000000000000000000, 1.000000000000000000 ) ) ;
#2541 = CARTESIAN_POINT ( 'NONE',  ( 10.94999999999999929, -27.24999999999999645, -1.749999999999999778 ) ) ;
#2542 = CARTESIAN_POINT ( 'NONE',  ( 3.012339100162038985, 26.00000000000000355, -8.400000000000003908 ) ) ;
#2543 = CARTESIAN_POINT ( 'NONE',  ( -2.437561882492485477E-15, 22.75000000000000000, -8.900000000000011013 ) ) ;
#2544 = AXIS2_PLACEMENT_3D ( 'NONE', #2807, #4768, #1842 ) ;
#2545 = AXIS2_PLACEMENT_3D ( 'NONE', #3642, #4675, #4061 ) ;
#2546 = ORIENTED_EDGE ( 'NONE', *, *, #5079, .T. ) ;
#2547 = VERTEX_POINT ( 'NONE', #5429 ) ;
#2548 = AXIS2_PLACEMENT_3D ( 'NONE', #1648, #4502, #3559 ) ;
#2549 = LINE ( 'NONE', #3942, #4018 ) ;
#2550 = FACE_OUTER_BOUND ( 'NONE', #6037, .T. ) ;
#2551 = FACE_OUTER_BOUND ( 'NONE', #5418, .T. ) ;
#2552 = B_SPLINE_CURVE_WITH_KNOTS ( 'NONE', 3,
 ( #2665, #4621, #6105, #5138, #3584, #4590, #1198, #2696 ),
 .UNSPECIFIED., .F., .F.,
 ( 4, 2, 2, 4 ),
 ( -8.988882023179798982E-06, 0.0007917916019922985891, 0.001192181844000037667, 0.001592572086007776853 ),
 .UNSPECIFIED. ) ;
#2553 = DIRECTION ( 'NONE',  ( 0.000000000000000000, 0.000000000000000000, 1.000000000000000000 ) ) ;
#2554 = ORIENTED_EDGE ( 'NONE', *, *, #839, .T. ) ;
#2555 = CARTESIAN_POINT ( 'NONE',  ( 22.16396669123889751, 17.73080999262832336, -1.518565079760239689 ) ) ;
#2556 = DIRECTION ( 'NONE',  ( 0.000000000000000000, -1.000000000000000000, 0.000000000000000000 ) ) ;
#2557 = CARTESIAN_POINT ( 'NONE',  ( 10.43634726810764768, -62.18719033390227224, -2.081209068075757340 ) ) ;
#2558 = LINE ( 'NONE', #4020, #2610 ) ;
#2559 =( BOUNDED_CURVE ( )  B_SPLINE_CURVE ( 3, ( #5653, #1801, #2818, #4198 ),
 .UNSPECIFIED., .F., .T. ) 
 B_SPLINE_CURVE_WITH_KNOTS ( ( 4, 4 ),
 ( 0.000000000000000000, 1.570796326794896558 ),
 .UNSPECIFIED. ) 
 CURVE ( )  GEOMETRIC_REPRESENTATION_ITEM ( )  RATIONAL_B_SPLINE_CURVE ( ( 1.000000000000000000, 0.8047378541243649375, 0.8047378541243649375, 1.000000000000000000 ) ) 
 REPRESENTATION_ITEM ( '' )  );
#2560 = LINE ( 'NONE', #4511, #6264 ) ;
#2561 = PLANE ( 'NONE',  #652 ) ;
#2562 = ORIENTED_EDGE ( 'NONE', *, *, #1748, .T. ) ;
#2563 = ORIENTED_EDGE ( 'NONE', *, *, #3414, .F. ) ;
#2564 = EDGE_CURVE ( 'NONE', #5848, #4320, #549, .T. ) ;
#2565 = LINE ( 'NONE', #542, #2424 ) ;
#2566 = CARTESIAN_POINT ( 'NONE',  ( 10.62874518856646056, -62.26141859037613813, -1.588146686897186521 ) ) ;
#2567 = PLANE ( 'NONE',  #948 ) ;
#2568 = CARTESIAN_POINT ( 'NONE',  ( -0.9804520138707893961, -23.17161926063867128, -8.900000000000005684 ) ) ;
#2569 = ORIENTED_EDGE ( 'NONE', *, *, #4230, .T. ) ;
#2570 = ORIENTED_EDGE ( 'NONE', *, *, #4710, .T. ) ;
#2571 = EDGE_CURVE ( 'NONE', #2707, #350, #3977, .T. ) ;
#2572 = DIRECTION ( 'NONE',  ( 0.000000000000000000, -0.000000000000000000, -1.000000000000000000 ) ) ;
#2573 = EDGE_CURVE ( 'NONE', #1346, #2674, #5779, .T. ) ;
#2574 = DIRECTION ( 'NONE',  ( 1.000000000000000000, 0.000000000000000000, 0.000000000000000000 ) ) ;
#2575 = DIRECTION ( 'NONE',  ( -8.673617379884036458E-16, 0.000000000000000000, 1.000000000000000000 ) ) ;
#2576 = DIRECTION ( 'NONE',  ( -0.000000000000000000, -0.000000000000000000, -1.000000000000000000 ) ) ;
#2577 = VERTEX_POINT ( 'NONE', #5048 ) ;
#2578 = EDGE_LOOP ( 'NONE', ( #3714, #4197, #6217, #4490, #4243, #4974, #3646, #4112, #3249, #987 ) ) ;
#2579 = VECTOR ( 'NONE', #1714, 1000.000000000000000 ) ;
#2580 = EDGE_CURVE ( 'NONE', #2413, #1288, #3016, .T. ) ;
#2581 = CARTESIAN_POINT ( 'NONE',  ( 7.442068080674625108, -39.95437510184128627, -4.549999999999999822 ) ) ;
#2582 = CARTESIAN_POINT ( 'NONE',  ( -0.2750055679356328553, -21.35000000000000142, -6.380000000000024762 ) ) ;
#2583 = DIRECTION ( 'NONE',  ( 0.000000000000000000, 0.000000000000000000, 1.000000000000000000 ) ) ;
#2584 = DIRECTION ( 'NONE',  ( 8.673617379884035472E-16, -0.000000000000000000, -1.000000000000000000 ) ) ;
#2585 = EDGE_LOOP ( 'NONE', ( #5796, #2304, #3622, #3322 ) ) ;
#2586 = ORIENTED_EDGE ( 'NONE', *, *, #1042, .F. ) ;
#2587 = VECTOR ( 'NONE', #5495, 1000.000000000000000 ) ;
#2588 = DIRECTION ( 'NONE',  ( 1.000000000000000000, -1.040834085585989278E-14, -0.000000000000000000 ) ) ;
#2589 = FACE_OUTER_BOUND ( 'NONE', #2004, .T. ) ;
#2590 = LINE ( 'NONE', #4053, #2903 ) ;
#2591 = VECTOR ( 'NONE', #3455, 1000.000000000000000 ) ;
#2592 = DIRECTION ( 'NONE',  ( 0.000000000000000000, 0.000000000000000000, -1.000000000000000000 ) ) ;
#2593 = VERTEX_POINT ( 'NONE', #1140 ) ;
#2594 = AXIS2_PLACEMENT_3D ( 'NONE', #2434, #3295, #4813 ) ;
#2595 = CIRCLE ( 'NONE', #5865, 5.000000000000000888 ) ;
#2596 = CARTESIAN_POINT ( 'NONE',  ( -9.975266182186883768, -62.85093797532528725, -1.250000000000000222 ) ) ;
#2597 = CARTESIAN_POINT ( 'NONE',  ( 25.00000000000000000, -19.14999999999999858, -1.000000000000000000 ) ) ;
#2598 = LINE ( 'NONE', #2628, #1462 ) ;
#2599 = AXIS2_PLACEMENT_3D ( 'NONE', #459, #2857, #844 ) ;
#2600 = CARTESIAN_POINT ( 'NONE',  ( 3.012339100162039873, 12.63580622847883639, -8.900000000000005684 ) ) ;
#2601 = ADVANCED_FACE ( 'NONE', ( #3080 ), #4950, .T. ) ;
#2602 = ORIENTED_EDGE ( 'NONE', *, *, #2688, .F. ) ;
#2603 = ORIENTED_EDGE ( 'NONE', *, *, #5747, .F. ) ;
#2604 = PLANE ( 'NONE',  #3860 ) ;
#2605 = LINE ( 'NONE', #4619, #2803 ) ;
#2606 = CYLINDRICAL_SURFACE ( 'NONE', #6172, 0.5000000000000004441 ) ;
#2607 = DIRECTION ( 'NONE',  ( 0.000000000000000000, -0.000000000000000000, 1.000000000000000000 ) ) ;
#2608 = ADVANCED_FACE ( 'NONE', ( #1105 ), #4660, .T. ) ;
#2609 = ADVANCED_FACE ( 'NONE', ( #5083 ), #5381, .F. ) ;
#2610 = VECTOR ( 'NONE', #3568, 1000.000000000000000 ) ;
#2611 = ORIENTED_EDGE ( 'NONE', *, *, #5700, .F. ) ;
#2612 = ORIENTED_EDGE ( 'NONE', *, *, #4874, .F. ) ;
#2613 = VECTOR ( 'NONE', #3107, 1000.000000000000000 ) ;
#2614 = CARTESIAN_POINT ( 'NONE',  ( -25.75000000000001421, 18.50000000000000355, 0.000000000000000000 ) ) ;
#2615 = DIRECTION ( 'NONE',  ( 0.000000000000000000, 0.000000000000000000, 1.000000000000000000 ) ) ;
#2616 = DIRECTION ( 'NONE',  ( -1.541976423090495387E-16, 1.000000000000000000, -0.000000000000000000 ) ) ;
#2617 = EDGE_CURVE ( 'NONE', #2577, #5496, #203, .T. ) ;
#2618 = VERTEX_POINT ( 'NONE', #1683 ) ;
#2619 = EDGE_LOOP ( 'NONE', ( #1645, #2422, #196, #5073, #6163 ) ) ;
#2620 = DIRECTION ( 'NONE',  ( -3.469446951953614189E-15, 0.000000000000000000, 1.000000000000000000 ) ) ;
#2621 = DIRECTION ( 'NONE',  ( 0.000000000000000000, 1.000000000000000000, 0.000000000000000000 ) ) ;
#2622 = DIRECTION ( 'NONE',  ( 2.182042108146926802E-16, -1.000000000000000000, -0.000000000000000000 ) ) ;
#2623 = CARTESIAN_POINT ( 'NONE',  ( -22.87090650291445826, -17.51872804912559545, -2.599333627660647572 ) ) ;
#2624 = EDGE_CURVE ( 'NONE', #607, #1421, #4438, .T. ) ;
#2625 = VERTEX_POINT ( 'NONE', #5625 ) ;
#2626 = CARTESIAN_POINT ( 'NONE',  ( 23.94295125126091506, -17.67349582913031369, -2.947945328313263502 ) ) ;
#2627 = CARTESIAN_POINT ( 'NONE',  ( 22.10000000000000142, -17.74999999999999289, 0.000000000000000000 ) ) ;
#2628 = CARTESIAN_POINT ( 'NONE',  ( -2.049999999999999822, -54.49999999999999289, 2.250000000000000000 ) ) ;
#2629 = DIRECTION ( 'NONE',  ( 0.000000000000000000, 0.000000000000000000, 1.000000000000000000 ) ) ;
#2630 = VERTEX_POINT ( 'NONE', #6072 ) ;
#2631 = EDGE_LOOP ( 'NONE', ( #5015, #3529, #4659, #2747, #2842, #4727, #2352 ) ) ;
#2632 = CARTESIAN_POINT ( 'NONE',  ( 14.24691522495947993, 22.75000000000000711, 2.250000000000000000 ) ) ;
#2633 = CARTESIAN_POINT ( 'NONE',  ( 15.00000000000000711, -52.50000000000000000, -1.250000000000000222 ) ) ;
#2634 = CARTESIAN_POINT ( 'NONE',  ( 10.45000000000000817, -51.75000000000000000, -1.250000000000000222 ) ) ;
#2635 = AXIS2_PLACEMENT_3D ( 'NONE', #415, #1854, #897 ) ;
#2636 = DIRECTION ( 'NONE',  ( 0.000000000000000000, 0.000000000000000000, 1.000000000000000000 ) ) ;
#2637 = ORIENTED_EDGE ( 'NONE', *, *, #2978, .T. ) ;
#2638 = VERTEX_POINT ( 'NONE', #1234 ) ;
#2639 = CARTESIAN_POINT ( 'NONE',  ( 10.45000000000000817, -61.70002062428444134, -2.249999996087006071 ) ) ;
#2640 = DIRECTION ( 'NONE',  ( 0.000000000000000000, -1.000000000000000000, 0.000000000000000000 ) ) ;
#2641 = ADVANCED_FACE ( 'NONE', ( #809 ), #4140, .F. ) ;
#2642 = AXIS2_PLACEMENT_3D ( 'NONE', #4154, #2144, #1729 ) ;
#2643 = CARTESIAN_POINT ( 'NONE',  ( -25.40723790032949481, -17.45217137009881370, -2.747572801732115710 ) ) ;
#2644 = LINE ( 'NONE', #4598, #4447 ) ;
#2645 = ORIENTED_EDGE ( 'NONE', *, *, #3460, .F. ) ;
#2646 = EDGE_LOOP ( 'NONE', ( #3229, #1711, #4345 ) ) ;
#2647 = VECTOR ( 'NONE', #957, 1000.000000000000000 ) ;
#2648 = CARTESIAN_POINT ( 'NONE',  ( 18.75000000000001421, -22.74999999999999645, -1.104112789954501794 ) ) ;
#2649 = CARTESIAN_POINT ( 'NONE',  ( -10.44999999999999041, -61.70002062428441292, -2.249999996087006071 ) ) ;
#2650 = EDGE_CURVE ( 'NONE', #954, #4257, #6039, .T. ) ;
#2651 = CARTESIAN_POINT ( 'NONE',  ( -20.00000000000000355, 21.50000000000000000, 2.250000000000000000 ) ) ;
#2652 = EDGE_CURVE ( 'NONE', #2012, #4926, #2157, .T. ) ;
#2653 = PLANE ( 'NONE',  #2704 ) ;
#2654 = CARTESIAN_POINT ( 'NONE',  ( -23.83815345585699319, -17.22855396324283461, -3.000000000000000000 ) ) ;
#2655 = EDGE_LOOP ( 'NONE', ( #172, #2149, #1968, #5826 ) ) ;
#2656 = DIRECTION ( 'NONE',  ( 0.000000000000000000, -1.000000000000000000, 0.000000000000000000 ) ) ;
#2657 = EDGE_CURVE ( 'NONE', #4103, #4538, #4168, .T. ) ;
#2658 = DIRECTION ( 'NONE',  ( 0.000000000000000000, 0.000000000000000000, 1.000000000000000000 ) ) ;
#2659 = CARTESIAN_POINT ( 'NONE',  ( -13.87500000000000000, -27.24999999999999645, -1.750000000000004219 ) ) ;
#2660 = CARTESIAN_POINT ( 'NONE',  ( 20.00000000000000000, 35.36419377152115118, 0.000000000000000000 ) ) ;
#2661 = ORIENTED_EDGE ( 'NONE', *, *, #2323, .F. ) ;
#2662 = ORIENTED_EDGE ( 'NONE', *, *, #6102, .T. ) ;
#2663 = DIRECTION ( 'NONE',  ( 8.673617379884026597E-16, -0.000000000000000000, -1.000000000000000000 ) ) ;
#2664 = DIRECTION ( 'NONE',  ( 1.000000000000000000, 0.000000000000000000, 0.000000000000000000 ) ) ;
#2665 = CARTESIAN_POINT ( 'NONE',  ( -3.469446951953614189E-15, 22.74999999999999645, -8.900000000000005684 ) ) ;
#2666 = EDGE_LOOP ( 'NONE', ( #1023, #5552, #568, #4761 ) ) ;
#2667 = EDGE_LOOP ( 'NONE', ( #3316, #64, #5932, #2104 ) ) ;
#2668 = CARTESIAN_POINT ( 'NONE',  ( 9.950000000000002842, -39.99999999999999289, -5.550000000000000711 ) ) ;
#2669 = DIRECTION ( 'NONE',  ( 1.000000000000000000, 0.000000000000000000, 0.000000000000000000 ) ) ;
#2670 = CARTESIAN_POINT ( 'NONE',  ( -25.90677359501686894, -17.60203207850498686, -2.321653529729335030 ) ) ;
#2671 = CARTESIAN_POINT ( 'NONE',  ( 25.75000000000001066, 18.50000000000000355, 2.250000000000000000 ) ) ;
#2672 = EDGE_CURVE ( 'NONE', #1338, #2408, #3519, .T. ) ;
#2673 = VERTEX_POINT ( 'NONE', #5594 ) ;
#2674 = VERTEX_POINT ( 'NONE', #4661 ) ;
#2675 = ORIENTED_EDGE ( 'NONE', *, *, #4405, .F. ) ;
#2676 = CARTESIAN_POINT ( 'NONE',  ( -7.948326093705567530, -39.49999999999999289, -5.049999999999946532 ) ) ;
#2677 = CARTESIAN_POINT ( 'NONE',  ( 0.4781256658655688163, 22.98838913586049060, -8.900000000000009237 ) ) ;
#2678 = DIRECTION ( 'NONE',  ( 1.000000000000000000, 0.000000000000000000, 0.000000000000000000 ) ) ;
#2679 = CARTESIAN_POINT ( 'NONE',  ( -22.10000000000000497, -19.14999999999998082, -0.9999999999999974465 ) ) ;
#2680 = EDGE_CURVE ( 'NONE', #4257, #4760, #2730, .T. ) ;
#2681 = ADVANCED_FACE ( 'NONE', ( #2222 ), #1203, .F. ) ;
#2682 = ORIENTED_EDGE ( 'NONE', *, *, #2987, .F. ) ;
#2683 = DIRECTION ( 'NONE',  ( -1.000000000000000000, -2.182042108146926802E-16, -0.000000000000000000 ) ) ;
#2684 = VECTOR ( 'NONE', #2536, 1000.000000000000000 ) ;
#2685 = PLANE ( 'NONE',  #895 ) ;
#2686 = DIRECTION ( 'NONE',  ( 0.000000000000000000, 0.000000000000000000, 1.000000000000000000 ) ) ;
#2687 = FACE_OUTER_BOUND ( 'NONE', #478, .T. ) ;
#2688 = EDGE_CURVE ( 'NONE', #965, #1338, #525, .T. ) ;
#2689 = ORIENTED_EDGE ( 'NONE', *, *, #5278, .F. ) ;
#2690 = CIRCLE ( 'NONE', #6077, 2.350000000000008527 ) ;
#2691 = VERTEX_POINT ( 'NONE', #2883 ) ;
#2692 = DIRECTION ( 'NONE',  ( 1.000000000000000000, 0.000000000000000000, 0.000000000000000000 ) ) ;
#2693 = DIRECTION ( 'NONE',  ( 0.000000000000000000, 1.000000000000000000, 0.000000000000000000 ) ) ;
#2694 = LINE ( 'NONE', #2634, #5469 ) ;
#2695 = VECTOR ( 'NONE', #4083, 1000.000000000000000 ) ;
#2696 = CARTESIAN_POINT ( 'NONE',  ( -1.506651917331951473, 23.25000000000000000, -8.900000000000005684 ) ) ;
#2697 = VERTEX_POINT ( 'NONE', #4782 ) ;
#2698 = CIRCLE ( 'NONE', #5466, 2.519999999999992024 ) ;
#2699 = ORIENTED_EDGE ( 'NONE', *, *, #3449, .F. ) ;
#2700 = DIRECTION ( 'NONE',  ( 0.000000000000000000, 0.000000000000000000, 1.000000000000000000 ) ) ;
#2701 = CARTESIAN_POINT ( 'NONE',  ( 18.75000000000000711, -22.74999999999999289, -8.400000000000003908 ) ) ;
#2702 = CARTESIAN_POINT ( 'NONE',  ( -10.44999999999999929, -26.74999999999999645, -2.250000000000002220 ) ) ;
#2703 = CARTESIAN_POINT ( 'NONE',  ( 4.999999999999998224, -39.49999999999999289, 2.250000000000000000 ) ) ;
#2704 = AXIS2_PLACEMENT_3D ( 'NONE', #5575, #1557, #119 ) ;
#2705 = CIRCLE ( 'NONE', #560, 3.000000000000002665 ) ;
#2706 = EDGE_LOOP ( 'NONE', ( #1071, #5787, #3256, #5056 ) ) ;
#2707 = VERTEX_POINT ( 'NONE', #5714 ) ;
#2708 = VERTEX_POINT ( 'NONE', #4231 ) ;
#2709 = CIRCLE ( 'NONE', #455, 1.400000000000005462 ) ;
#2710 = CARTESIAN_POINT ( 'NONE',  ( 10.45000000000000284, -38.99999999999999289, -1.749999999999999778 ) ) ;
#2711 = CARTESIAN_POINT ( 'NONE',  ( -7.442068080674629549, -39.95437510184128627, 2.250000000000000000 ) ) ;
#2712 = CARTESIAN_POINT ( 'NONE',  ( -10.44999999999999574, -39.99999999999999289, -1.250000000000002665 ) ) ;
#2713 = EDGE_CURVE ( 'NONE', #3418, #1441, #5327, .T. ) ;
#2714 = ORIENTED_EDGE ( 'NONE', *, *, #2580, .T. ) ;
#2715 = CARTESIAN_POINT ( 'NONE',  ( 24.02144603675685630, -17.41184654414348287, -3.000000000000000000 ) ) ;
#2716 = CARTESIAN_POINT ( 'NONE',  ( 4.999999999999998224, -54.49999999999999289, 2.250000000000000000 ) ) ;
#2717 = ADVANCED_FACE ( 'NONE', ( #5804 ), #3806, .T. ) ;
#2718 = DIRECTION ( 'NONE',  ( -1.000000000000000000, -2.182042108146926802E-16, -0.000000000000000000 ) ) ;
#2719 = CARTESIAN_POINT ( 'NONE',  ( -25.40723790032948060, 17.45217137009882791, -2.747572801732118819 ) ) ;
#2720 = ORIENTED_EDGE ( 'NONE', *, *, #2324, .T. ) ;
#2721 = ORIENTED_EDGE ( 'NONE', *, *, #2473, .T. ) ;
#2722 = LINE ( 'NONE', #2632, #1419 ) ;
#2723 = CARTESIAN_POINT ( 'NONE',  ( 233.1464285714397704, -62.00000000000056843, -4.549999999999999822 ) ) ;
#2724 = CARTESIAN_POINT ( 'NONE',  ( -25.75000000000001066, 21.50000000000000000, 2.250000000000000000 ) ) ;
#2725 = EDGE_CURVE ( 'NONE', #2727, #843, #1248, .T. ) ;
#2726 = CARTESIAN_POINT ( 'NONE',  ( 5.000000000000000000, -54.49999999999999289, -8.900000000000002132 ) ) ;
#2727 = VERTEX_POINT ( 'NONE', #3387 ) ;
#2728 = ORIENTED_EDGE ( 'NONE', *, *, #1772, .F. ) ;
#2729 = CIRCLE ( 'NONE', #3949, 0.5000000000000004441 ) ;
#2730 = LINE ( 'NONE', #265, #1886 ) ;
#2731 = CARTESIAN_POINT ( 'NONE',  ( -0.2992693023540915487, 22.74999999999860378, -8.900000000000011013 ) ) ;
#2732 = CARTESIAN_POINT ( 'NONE',  ( -25.00000000000001066, -19.14999999999999147, -0.9999999999999985567 ) ) ;
#2733 = ADVANCED_FACE ( 'NONE', ( #2820 ), #1378, .T. ) ;
#2734 = DIRECTION ( 'NONE',  ( 1.000000000000000000, 2.182042108146926802E-16, 0.000000000000000000 ) ) ;
#2735 = EDGE_LOOP ( 'NONE', ( #1091, #3134, #6203, #5675 ) ) ;
#2736 = VECTOR ( 'NONE', #4410, 1000.000000000000000 ) ;
#2737 = CARTESIAN_POINT ( 'NONE',  ( -7.544074668907594372, -39.96359962984929837, -4.857974783169670019 ) ) ;
#2738 = CARTESIAN_POINT ( 'NONE',  ( 0.2750055679356253613, -23.85000000000000142, -6.380000000000024762 ) ) ;
#2739 = CARTESIAN_POINT ( 'NONE',  ( -7.424039691408557573, -39.49999999999999289, -5.441848466413888197 ) ) ;
#2740 = COLOUR_RGB ( '',0.7921568627450980005, 0.8196078431372548767, 0.9333333333333333481 ) ;
#2741 = VERTEX_POINT ( 'NONE', #967 ) ;
#2742 = CARTESIAN_POINT ( 'NONE',  ( 24.10000000000000142, -17.14999999999999858, -3.000000000000000000 ) ) ;
#2743 = CIRCLE ( 'NONE', #1120, 1.000000000000000888 ) ;
#2744 = DIRECTION ( 'NONE',  ( 5.204170427930416550E-15, -1.000000000000000000, 0.000000000000000000 ) ) ;
#2745 = DIRECTION ( 'NONE',  ( -0.000000000000000000, -0.000000000000000000, 1.000000000000000000 ) ) ;
#2746 = FACE_OUTER_BOUND ( 'NONE', #3685, .T. ) ;
#2747 = ORIENTED_EDGE ( 'NONE', *, *, #50, .T. ) ;
#2748 = ORIENTED_EDGE ( 'NONE', *, *, #1426, .T. ) ;
#2749 = EDGE_CURVE ( 'NONE', #2708, #4987, #1585, .T. ) ;
#2750 = EDGE_CURVE ( 'NONE', #4102, #6224, #6080, .T. ) ;
#2751 = LINE ( 'NONE', #1257, #1119 ) ;
#2752 = DIRECTION ( 'NONE',  ( 0.000000000000000000, 0.000000000000000000, -1.000000000000000000 ) ) ;
#2753 =( BOUNDED_CURVE ( )  B_SPLINE_CURVE ( 3, ( #4789, #4882, #1866, #2349 ),
 .UNSPECIFIED., .F., .T. ) 
 B_SPLINE_CURVE_WITH_KNOTS ( ( 4, 4 ),
 ( 3.141592653589793116, 4.712388980384689674 ),
 .UNSPECIFIED. ) 
 CURVE ( )  GEOMETRIC_REPRESENTATION_ITEM ( )  RATIONAL_B_SPLINE_CURVE ( ( 1.000000000000000000, 0.8047378541243649375, 0.8047378541243649375, 1.000000000000000000 ) ) 
 REPRESENTATION_ITEM ( '' )  );
#2754 = CARTESIAN_POINT ( 'NONE',  ( -23.50000000000000355, 17.75000000000000000, 0.000000000000000000 ) ) ;
#2755 = EDGE_LOOP ( 'NONE', ( #818, #3773, #1036 ) ) ;
#2756 = EDGE_CURVE ( 'NONE', #1828, #5905, #4139, .T. ) ;
#2757 = ORIENTED_EDGE ( 'NONE', *, *, #5503, .F. ) ;
#2758 = DIRECTION ( 'NONE',  ( -1.000000000000000000, 0.000000000000000000, 0.000000000000000000 ) ) ;
#2759 = CARTESIAN_POINT ( 'NONE',  ( 5.000000000000000000, -39.49999999999999289, -8.400000000000003908 ) ) ;
#2760 = DIRECTION ( 'NONE',  ( -1.000000000000000000, 0.000000000000000000, 0.000000000000000000 ) ) ;
#2761 = CARTESIAN_POINT ( 'NONE',  ( 8.765423875202550619, 25.25000000000000000, 2.250000000000000000 ) ) ;
#2762 = CARTESIAN_POINT ( 'NONE',  ( 24.40000000000000568, 17.15000000000000213, -3.000000000000000000 ) ) ;
#2763 = ORIENTED_EDGE ( 'NONE', *, *, #4052, .T. ) ;
#2764 = ADVANCED_FACE ( 'NONE', ( #323 ), #899, .T. ) ;
#2765 = ORIENTED_EDGE ( 'NONE', *, *, #4835, .F. ) ;
#2766 = CARTESIAN_POINT ( 'NONE',  ( -7.813821493448497968, -39.49999999999999289, -5.048690797388013074 ) ) ;
#2767 = CARTESIAN_POINT ( 'NONE',  ( -10.44999999999999041, -61.54553470576540519, -2.250000000000000444 ) ) ;
#2768 = CARTESIAN_POINT ( 'NONE',  ( -7.948326093704751294, -39.49999999999999289, -5.550000000000000711 ) ) ;
#2769 = ORIENTED_EDGE ( 'NONE', *, *, #1818, .F. ) ;
#2770 = CYLINDRICAL_SURFACE ( 'NONE', #3849, 0.5000000000000004441 ) ;
#2771 = CARTESIAN_POINT ( 'NONE',  ( 1.549999999999999822, -54.49999999999999289, -0.2500000000000002220 ) ) ;
#2772 = CARTESIAN_POINT ( 'NONE',  ( -10.44999999999999218, -52.25000000000000000, -1.250000000000000222 ) ) ;
#2773 = CARTESIAN_POINT ( 'NONE',  ( -20.00000000000000711, -12.50000000000000000, 2.250000000000000000 ) ) ;
#2774 = VERTEX_POINT ( 'NONE', #1323 ) ;
#2775 = VERTEX_POINT ( 'NONE', #4259 ) ;
#2776 = VECTOR ( 'NONE', #3297, 1000.000000000000000 ) ;
#2777 = FACE_OUTER_BOUND ( 'NONE', #3128, .T. ) ;
#2778 = CYLINDRICAL_SURFACE ( 'NONE', #2906, 0.5000000000000004441 ) ;
#2779 = EDGE_CURVE ( 'NONE', #3300, #2625, #2852, .T. ) ;
#2780 = CARTESIAN_POINT ( 'NONE',  ( -2.899999999999999911, -26.24999999999999645, -8.900000000000005684 ) ) ;
#2781 = CIRCLE ( 'NONE', #1559, 2.999999999999999112 ) ;
#2782 = VECTOR ( 'NONE', #4260, 1000.000000000000000 ) ;
#2783 = ORIENTED_EDGE ( 'NONE', *, *, #5777, .F. ) ;
#2784 = ORIENTED_EDGE ( 'NONE', *, *, #4398, .T. ) ;
#2785 = ORIENTED_EDGE ( 'NONE', *, *, #6176, .T. ) ;
#2786 = VECTOR ( 'NONE', #1235, 1000.000000000000000 ) ;
#2787 = CIRCLE ( 'NONE', #4641, 1.000000000000000888 ) ;
#2788 = CARTESIAN_POINT ( 'NONE',  ( -4.500000000000000888, -53.99999999999999289, -8.900000000000005684 ) ) ;
#2789 = CARTESIAN_POINT ( 'NONE',  ( -0.9846174641381832959, 22.75000000254490118, -8.703787993482782426 ) ) ;
#2790 = PLANE ( 'NONE',  #3144 ) ;
#2791 = CARTESIAN_POINT ( 'NONE',  ( -1.549999999999999822, -54.49999999999999289, -0.2500000000000002220 ) ) ;
#2792 = EDGE_CURVE ( 'NONE', #1262, #2855, #1923, .T. ) ;
#2793 = CARTESIAN_POINT ( 'NONE',  ( 9.950000000000002842, -39.49999999999999289, -8.400000000000003908 ) ) ;
#2794 = EDGE_CURVE ( 'NONE', #923, #1847, #1892, .T. ) ;
#2795 = CIRCLE ( 'NONE', #1268, 2.499999999999995559 ) ;
#2796 = ORIENTED_EDGE ( 'NONE', *, *, #2794, .T. ) ;
#2797 = EDGE_LOOP ( 'NONE', ( #1353, #796, #3514, #3941 ) ) ;
#2798 = DIRECTION ( 'NONE',  ( -9.773090005503140331E-17, -1.000000000000000000, 0.000000000000000000 ) ) ;
#2799 = LINE ( 'NONE', #336, #1360 ) ;
#2800 = PLANE ( 'NONE',  #3110 ) ;
#2801 = ADVANCED_FACE ( 'NONE', ( #358 ), #3356, .T. ) ;
#2802 = EDGE_CURVE ( 'NONE', #637, #4096, #3870, .T. ) ;
#2803 = VECTOR ( 'NONE', #226, 1000.000000000000000 ) ;
#2804 = ORIENTED_EDGE ( 'NONE', *, *, #3374, .F. ) ;
#2805 = VECTOR ( 'NONE', #3436, 1000.000000000000000 ) ;
#2806 = AXIS2_PLACEMENT_3D ( 'NONE', #3626, #2700, #1175 ) ;
#2807 = CARTESIAN_POINT ( 'NONE',  ( -3.012339100162039429, 12.63580622847883639, -8.400000000000003908 ) ) ;
#2808 = CARTESIAN_POINT ( 'NONE',  ( -28.75000000000001066, 18.50000000000000355, 2.250000000000000000 ) ) ;
#2809 = CARTESIAN_POINT ( 'NONE',  ( -3.585849056603378493, -52.49999999999977263, -1.750000000000000222 ) ) ;
#2810 = AXIS2_PLACEMENT_3D ( 'NONE', #4818, #1900, #1011 ) ;
#2811 = CARTESIAN_POINT ( 'NONE',  ( -24.47855396324288080, 17.41184654414311694, -3.000000000000000000 ) ) ;
#2812 = ORIENTED_EDGE ( 'NONE', *, *, #102, .T. ) ;
#2813 = ORIENTED_EDGE ( 'NONE', *, *, #5513, .F. ) ;
#2814 = DIRECTION ( 'NONE',  ( -2.182042108146926802E-16, 1.000000000000000000, 0.000000000000000000 ) ) ;
#2815 = DIRECTION ( 'NONE',  ( -1.000000000000000000, -0.000000000000000000, 0.000000000000000000 ) ) ;
#2816 = PLANE ( 'NONE',  #26 ) ;
#2817 = ORIENTED_EDGE ( 'NONE', *, *, #5474, .F. ) ;
#2818 = CARTESIAN_POINT ( 'NONE',  ( 23.74852813742386104, -18.32157287525380696, -2.999999999999998668 ) ) ;
#2819 = VERTEX_POINT ( 'NONE', #2788 ) ;
#2820 = FACE_OUTER_BOUND ( 'NONE', #6186, .T. ) ;
#2821 = DIRECTION ( 'NONE',  ( -0.000000000000000000, 0.000000000000000000, -1.000000000000000000 ) ) ;
#2822 = DIRECTION ( 'NONE',  ( -0.000000000000000000, -0.000000000000000000, 1.000000000000000000 ) ) ;
#2823 = CYLINDRICAL_SURFACE ( 'NONE', #938, 0.5000000000000004441 ) ;
#2824 = VERTEX_POINT ( 'NONE', #2311 ) ;
#2825 = ORIENTED_EDGE ( 'NONE', *, *, #1628, .F. ) ;
#2826 = EDGE_CURVE ( 'NONE', #585, #3880, #1348, .T. ) ;
#2827 = CARTESIAN_POINT ( 'NONE',  ( 1.239044859070733251, -23.23100034125951652, -8.900000000000007461 ) ) ;
#2828 = DIRECTION ( 'NONE',  ( 1.000000000000000000, 9.251858538542971581E-17, 0.000000000000000000 ) ) ;
#2829 = ADVANCED_FACE ( 'NONE', ( #4977 ), #4388, .T. ) ;
#2830 = DIRECTION ( 'NONE',  ( -1.000000000000000000, 0.000000000000000000, 0.000000000000000000 ) ) ;
#2831 = ORIENTED_EDGE ( 'NONE', *, *, #1895, .T. ) ;
#2832 = EDGE_CURVE ( 'NONE', #578, #3715, #4654, .T. ) ;
#2833 = CARTESIAN_POINT ( 'NONE',  ( 3.012339100162039873, 12.63580622847883639, 2.250000000000000000 ) ) ;
#2834 = FACE_OUTER_BOUND ( 'NONE', #355, .T. ) ;
#2835 = CARTESIAN_POINT ( 'NONE',  ( 15.00000000000000711, -52.50000000000000000, -1.250000000000000222 ) ) ;
#2836 = CARTESIAN_POINT ( 'NONE',  ( 22.10000000000000142, 17.75000000000000355, 0.000000000000000000 ) ) ;
#2837 = AXIS2_PLACEMENT_3D ( 'NONE', #3862, #1340, #4284 ) ;
#2838 = CARTESIAN_POINT ( 'NONE',  ( -5.000000000000000888, -39.49999999999999289, -8.400000000000003908 ) ) ;
#2839 = AXIS2_PLACEMENT_3D ( 'NONE', #672, #4581, #191 ) ;
#2840 = PLANE ( 'NONE',  #849 ) ;
#2841 = VERTEX_POINT ( 'NONE', #5010 ) ;
#2842 = ORIENTED_EDGE ( 'NONE', *, *, #3848, .F. ) ;
#2843 = AXIS2_PLACEMENT_3D ( 'NONE', #5093, #4261, #4544 ) ;
#2844 = ADVANCED_FACE ( 'NONE', ( #2976 ), #1480, .F. ) ;
#2845 = AXIS2_PLACEMENT_3D ( 'NONE', #1908, #3852, #1431 ) ;
#2846 = CARTESIAN_POINT ( 'NONE',  ( 6.944154063330265636, -39.49999999999999289, 2.249999999999999556 ) ) ;
#2847 = SURFACE_STYLE_USAGE ( .BOTH. , #3739 ) ;
#2848 = CARTESIAN_POINT ( 'NONE',  ( -15.90000000000000036, -26.74999999999999645, -8.400000000000003908 ) ) ;
#2849 = ORIENTED_EDGE ( 'NONE', *, *, #729, .T. ) ;
#2850 = ORIENTED_EDGE ( 'NONE', *, *, #458, .T. ) ;
#2851 = ORIENTED_EDGE ( 'NONE', *, *, #6243, .T. ) ;
#2852 = LINE ( 'NONE', #833, #51 ) ;
#2853 = LINE ( 'NONE', #6228, #1965 ) ;
#2854 = DIRECTION ( 'NONE',  ( 1.000000000000000000, 0.000000000000000000, 0.000000000000000000 ) ) ;
#2855 = VERTEX_POINT ( 'NONE', #619 ) ;
#2856 = ORIENTED_EDGE ( 'NONE', *, *, #4038, .T. ) ;
#2857 = DIRECTION ( 'NONE',  ( -3.863536254701662712E-16, 9.215479681812918066E-32, -1.000000000000000000 ) ) ;
#2858 = DIRECTION ( 'NONE',  ( 1.000000000000000000, 0.000000000000000000, 0.000000000000000000 ) ) ;
#2859 = DIRECTION ( 'NONE',  ( -2.403139825818710681E-16, -1.000000000000000000, -0.000000000000000000 ) ) ;
#2860 = EDGE_CURVE ( 'NONE', #923, #1006, #1099, .T. ) ;
#2861 = EDGE_LOOP ( 'NONE', ( #5875, #93, #4110, #6317 ) ) ;
#2862 = CARTESIAN_POINT ( 'NONE',  ( -23.50000000000000355, 17.15000000000000568, -3.000000000000000000 ) ) ;
#2863 = CARTESIAN_POINT ( 'NONE',  ( -10.94999999999999929, -27.24999999999999645, -1.750000000000002665 ) ) ;
#2864 = LINE ( 'NONE', #4824, #4439 ) ;
#2865 = DIRECTION ( 'NONE',  ( -1.000000000000000000, -5.204170427929948756E-15, 0.000000000000000000 ) ) ;
#2866 = DIRECTION ( 'NONE',  ( -0.000000000000000000, -0.000000000000000000, -1.000000000000000000 ) ) ;
#2867 = EDGE_CURVE ( 'NONE', #3915, #1104, #5494, .T. ) ;
#2868 = FACE_OUTER_BOUND ( 'NONE', #5287, .T. ) ;
#2869 = EDGE_CURVE ( 'NONE', #629, #3035, #1881, .T. ) ;
#2870 = ORIENTED_EDGE ( 'NONE', *, *, #5185, .T. ) ;
#2871 = EDGE_LOOP ( 'NONE', ( #3496, #5395, #6262, #4717, #3178, #6070 ) ) ;
#2872 = CIRCLE ( 'NONE', #635, 0.5000000000000004441 ) ;
#2873 = DIRECTION ( 'NONE',  ( 1.000000000000000000, 2.182042108146926802E-16, 0.000000000000000000 ) ) ;
#2874 = DIRECTION ( 'NONE',  ( 0.4149599226503957183, -0.9098396906015793206, 0.000000000000000000 ) ) ;
#2875 = CARTESIAN_POINT ( 'NONE',  ( 24.70217137009884212, -18.15723790032951612, -2.747572801732100611 ) ) ;
#2876 = DIRECTION ( 'NONE',  ( -3.469446951953611033E-15, -1.000000000000000000, 0.000000000000000000 ) ) ;
#2877 = ADVANCED_FACE ( 'NONE', ( #5492 ), #3970, .T. ) ;
#2878 = CIRCLE ( 'NONE', #3698, 0.5000000000000004441 ) ;
#2879 = ORIENTED_EDGE ( 'NONE', *, *, #3803, .T. ) ;
#2880 = CARTESIAN_POINT ( 'NONE',  ( -14.70970446284896305, 22.54865523893130685, -0.5318773976309679741 ) ) ;
#2881 = VERTEX_POINT ( 'NONE', #5935 ) ;
#2882 =( BOUNDED_SURFACE ( )  B_SPLINE_SURFACE ( 3, 2, ( 
 ( #2073, #1048, #3917 ),
 ( #3984, #4990, #2416 ),
 ( #2557, #2524, #4474 ),
 ( #5375, #1527, #3469 ),
 ( #3950, #2007, #601 ),
 ( #5405, #6337, #1086 ),
 ( #1460, #3500, #5950 ),
 ( #4890, #500, #87 ) ),
 .UNSPECIFIED., .F., .F., .F. ) 
 B_SPLINE_SURFACE_WITH_KNOTS ( ( 4, 2, 2, 4 ),
 ( 3, 3 ),
 ( 0.000000000000000000, 0.0004477781958629015483, 0.0008955563917258030967, 0.001791112783451606193 ),
 ( 0.000000000000000000, 1.000000000000000000 ),
 .UNSPECIFIED. ) 
 GEOMETRIC_REPRESENTATION_ITEM ( )  RATIONAL_B_SPLINE_SURFACE ( (
 ( 1.000000000000000000, 0.7803914774079607763, 1.000000000000000000),
 ( 1.000000000000000000, 0.8111359729320177792, 1.000000000000000000),
 ( 1.000000000000000000, 0.8418017433105771108, 1.000000000000000000),
 ( 1.000000000000000000, 0.8973167263097767687, 1.000000000000000000),
 ( 1.000000000000000000, 0.9215079864762025785, 1.000000000000000000),
 ( 1.000000000000000000, 0.9797179386886687436, 1.000000000000000000),
 ( 1.000000000000000000, 1.000273436276651218, 1.000000000000000000),
 ( 1.000000000000000000, 1.000000000000000000, 1.000000000000000000) ) ) 
 REPRESENTATION_ITEM ( '' )  SURFACE ( )  );
#2883 = CARTESIAN_POINT ( 'NONE',  ( -8.557943913877350539, 24.79508015469921389, -8.900000000000005684 ) ) ;
#2884 = LINE ( 'NONE', #4845, #5860 ) ;
#2885 = AXIS2_PLACEMENT_3D ( 'NONE', #2660, #2116, #4552 ) ;
#2886 = FACE_OUTER_BOUND ( 'NONE', #1938, .T. ) ;
#2887 = ORIENTED_EDGE ( 'NONE', *, *, #2867, .F. ) ;
#2888 = CIRCLE ( 'NONE', #4118, 1.000000000000000888 ) ;
#2889 = VERTEX_POINT ( 'NONE', #1540 ) ;
#2890 = DIRECTION ( 'NONE',  ( 2.182042108146926802E-16, -1.000000000000000000, -0.000000000000000000 ) ) ;
#2891 = PLANE ( 'NONE',  #3631 ) ;
#2892 = CARTESIAN_POINT ( 'NONE',  ( -3.012339100162039429, 26.50000000000000355, 2.250000000000000000 ) ) ;
#2893 = CIRCLE ( 'NONE', #2599, 2.500000000000000000 ) ;
#2894 = ORIENTED_EDGE ( 'NONE', *, *, #2867, .T. ) ;
#2895 = VECTOR ( 'NONE', #6083, 1000.000000000000000 ) ;
#2896 = FACE_OUTER_BOUND ( 'NONE', #2991, .T. ) ;
#2897 = EDGE_CURVE ( 'NONE', #4103, #1104, #5453, .T. ) ;
#2898 = LINE ( 'NONE', #4859, #595 ) ;
#2899 = CARTESIAN_POINT ( 'NONE',  ( -10.87666983781528174, -61.75577744351726750, -1.740122670964335372 ) ) ;
#2900 = DIRECTION ( 'NONE',  ( -0.000000000000000000, -0.000000000000000000, -1.000000000000000000 ) ) ;
#2901 = CARTESIAN_POINT ( 'NONE',  ( 24.47855396324302646, 17.41184654414308497, -3.000000000000000000 ) ) ;
#2902 = DIRECTION ( 'NONE',  ( 0.000000000000000000, 1.000000000000000000, 0.000000000000000000 ) ) ;
#2903 = VECTOR ( 'NONE', #4636, 1000.000000000000000 ) ;
#2904 = ORIENTED_EDGE ( 'NONE', *, *, #6315, .F. ) ;
#2905 = ORIENTED_EDGE ( 'NONE', *, *, #2996, .F. ) ;
#2906 = AXIS2_PLACEMENT_3D ( 'NONE', #4776, #2395, #5678 ) ;
#2907 = B_SPLINE_CURVE_WITH_KNOTS ( 'NONE', 3,
 ( #2768, #308, #2739, #846, #1784, #368, #5277, #3185 ),
 .UNSPECIFIED., .F., .F.,
 ( 4, 2, 2, 4 ),
 ( 0.000000000000000000, 0.0007889109172169261972, 0.001183366375825390488, 0.001577821834433854563 ),
 .UNSPECIFIED. ) ;
#2908 = ADVANCED_FACE ( 'NONE', ( #1066 ), #3014, .F. ) ;
#2909 = CARTESIAN_POINT ( 'NONE',  ( 4.999999999999998224, -54.49999999999999289, 2.250000000000000000 ) ) ;
#2910 = VECTOR ( 'NONE', #5664, 1000.000000000000000 ) ;
#2911 = CARTESIAN_POINT ( 'NONE',  ( -22.10000000000000142, 17.75000000000000711, -1.000000000000000000 ) ) ;
#2912 = CARTESIAN_POINT ( 'NONE',  ( 25.99318273345820174, -18.74318273345811647, -2.307588957422629594 ) ) ;
#2913 = DIRECTION ( 'NONE',  ( 1.000000000000000000, 0.000000000000000000, 0.000000000000000000 ) ) ;
#2914 = ORIENTED_EDGE ( 'NONE', *, *, #430, .T. ) ;
#2915 = CARTESIAN_POINT ( 'NONE',  ( 26.40000000000000213, -17.75000000000000000, -1.000000000000000000 ) ) ;
#2916 = VERTEX_POINT ( 'NONE', #587 ) ;
#2917 = ADVANCED_FACE ( 'NONE', ( #4875 ), #482, .T. ) ;
#2918 = DIRECTION ( 'NONE',  ( 6.033820786006280787E-16, -1.000000000000000000, 0.000000000000000000 ) ) ;
#2919 = LINE ( 'NONE', #483, #4219 ) ;
#2920 = CARTESIAN_POINT ( 'NONE',  ( 2.049999999999999822, -54.49999999999999289, 2.250000000000000000 ) ) ;
#2921 = ORIENTED_EDGE ( 'NONE', *, *, #5155, .F. ) ;
#2922 = EDGE_LOOP ( 'NONE', ( #753, #3905, #1389, #5299 ) ) ;
#2923 = VERTEX_POINT ( 'NONE', #39 ) ;
#2924 = CARTESIAN_POINT ( 'NONE',  ( 28.75000000000000711, -18.49999999999999645, 2.250000000000000000 ) ) ;
#2925 = DIRECTION ( 'NONE',  ( 0.000000000000000000, -1.000000000000000000, 0.000000000000000000 ) ) ;
#2926 = DIRECTION ( 'NONE',  ( 0.000000000000000000, 0.000000000000000000, 1.000000000000000000 ) ) ;
#2927 = VERTEX_POINT ( 'NONE', #2541 ) ;
#2928 = DIRECTION ( 'NONE',  ( 1.000000000000000000, 0.000000000000000000, 0.000000000000000000 ) ) ;
#2929 = CARTESIAN_POINT ( 'NONE',  ( -20.00000000000000711, 12.50000000000000000, 0.000000000000000000 ) ) ;
#2930 = CARTESIAN_POINT ( 'NONE',  ( 0.9846174641379185077, -22.75000000254484789, -8.703787993482837493 ) ) ;
#2931 = FACE_OUTER_BOUND ( 'NONE', #623, .T. ) ;
#2932 = CARTESIAN_POINT ( 'NONE',  ( 26.39999999517483786, 19.14999999517436535, -1.222876090095265766 ) ) ;
#2933 = DIRECTION ( 'NONE',  ( 0.000000000000000000, 0.000000000000000000, 1.000000000000000000 ) ) ;
#2934 = ORIENTED_EDGE ( 'NONE', *, *, #138, .F. ) ;
#2935 = ORIENTED_EDGE ( 'NONE', *, *, #3913, .T. ) ;
#2936 = CARTESIAN_POINT ( 'NONE',  ( -3.034415845591108534E-15, 23.85000000000000142, -5.920000000000007923 ) ) ;
#2937 = CIRCLE ( 'NONE', #4995, 1.000000000000000888 ) ;
#2938 = LINE ( 'NONE', #3476, #3153 ) ;
#2939 = CARTESIAN_POINT ( 'NONE',  ( 26.38710781285182350, -17.74613234385555316, -1.261796208304269751 ) ) ;
#2940 = EDGE_CURVE ( 'NONE', #2638, #3480, #5476, .T. ) ;
#2941 = ORIENTED_EDGE ( 'NONE', *, *, #4803, .T. ) ;
#2942 = CARTESIAN_POINT ( 'NONE',  ( -16.69135984017671248, 21.89380487039540313, -0.04362879714282436733 ) ) ;
#2943 = EDGE_LOOP ( 'NONE', ( #1179, #2849, #3308, #349 ) ) ;
#2944 = DIRECTION ( 'NONE',  ( 1.000000000000000000, 6.033820786006280787E-16, 0.000000000000000000 ) ) ;
#2945 = DIRECTION ( 'NONE',  ( 1.000000000000000000, 0.000000000000000000, 0.000000000000000000 ) ) ;
#2946 = VECTOR ( 'NONE', #1640, 1000.000000000000000 ) ;
#2947 = DIRECTION ( 'NONE',  ( 1.000000000000000000, -3.016910393003147592E-15, 0.000000000000000000 ) ) ;
#2948 = ADVANCED_FACE ( 'NONE', ( #3999 ), #5105, .T. ) ;
#2949 = EDGE_CURVE ( 'NONE', #3812, #4128, #2502, .T. ) ;
#2950 = VERTEX_POINT ( 'NONE', #3199 ) ;
#2951 = ORIENTED_EDGE ( 'NONE', *, *, #1517, .F. ) ;
#2952 = VERTEX_POINT ( 'NONE', #711 ) ;
#2953 = CARTESIAN_POINT ( 'NONE',  ( -15.90000000000000036, -23.89999999999999503, -8.400000000000003908 ) ) ;
#2954 = DIRECTION ( 'NONE',  ( -0.000000000000000000, -0.000000000000000000, 1.000000000000000000 ) ) ;
#2955 = DIRECTION ( 'NONE',  ( 0.000000000000000000, -0.000000000000000000, -1.000000000000000000 ) ) ;
#2956 =( BOUNDED_SURFACE ( )  B_SPLINE_SURFACE ( 3, 2, ( 
 ( #741, #1260, #2154 ),
 ( #5107, #4136, #4559 ),
 ( #3652, #4526, #1136 ),
 ( #5078, #200, #681 ),
 ( #1170, #3203, #170 ),
 ( #1231, #1679, #5042 ),
 ( #2218, #4069, #2184 ),
 ( #136, #4655, #3077 ) ),
 .UNSPECIFIED., .F., .F., .T. ) 
 B_SPLINE_SURFACE_WITH_KNOTS ( ( 4, 2, 2, 4 ),
 ( 3, 3 ),
 ( -7.264154555652879708E-18, 0.0004477781958628960731, 0.0008955563917257994104, 0.001791112783451606193 ),
 ( 0.000000000000000000, 1.000000000000000000 ),
 .UNSPECIFIED. ) 
 GEOMETRIC_REPRESENTATION_ITEM ( )  RATIONAL_B_SPLINE_SURFACE ( (
 ( 1.000000000000000000, 0.7803914774079607763, 1.000000000000000000),
 ( 1.000000000000000000, 0.8111359729322082934, 1.000000000000000000),
 ( 1.000000000000000000, 0.8418017433103177627, 1.000000000000000000),
 ( 1.000000000000000000, 0.8973167263100356728, 1.000000000000000000),
 ( 1.000000000000000000, 0.9215079864762937278, 1.000000000000000000),
 ( 1.000000000000000000, 0.9797179386884867780, 1.000000000000000000),
 ( 1.000000000000000000, 1.000273436276787775, 1.000000000000000000),
 ( 1.000000000000000000, 1.000000000000000000, 1.000000000000000000) ) ) 
 REPRESENTATION_ITEM ( '' )  SURFACE ( )  );
#2957 = EDGE_CURVE ( 'NONE', #208, #4392, #2605, .T. ) ;
#2958 = DIRECTION ( 'NONE',  ( 1.000000000000000000, 0.000000000000000000, 0.000000000000000000 ) ) ;
#2959 = ORIENTED_EDGE ( 'NONE', *, *, #1269, .F. ) ;
#2960 = CARTESIAN_POINT ( 'NONE',  ( 22.10000000000000497, 17.75000000000000355, -1.000000000000000000 ) ) ;
#2961 = CARTESIAN_POINT ( 'NONE',  ( 14.37500000000000000, -26.74999999999999645, -1.249999999999999778 ) ) ;
#2962 = LINE ( 'NONE', #572, #1726 ) ;
#2963 = CARTESIAN_POINT ( 'NONE',  ( -3.317434431276093290E-15, -22.74999999999999289, -8.900000000000012790 ) ) ;
#2964 = CARTESIAN_POINT ( 'NONE',  ( 2.782103687887331604E-15, -38.99999999999999289, -8.400000000000003908 ) ) ;
#2965 = CARTESIAN_POINT ( 'NONE',  ( -18.75000000000000355, -22.74999999999999645, -8.400000000000003908 ) ) ;
#2966 = ORIENTED_EDGE ( 'NONE', *, *, #2957, .T. ) ;
#2967 = ORIENTED_EDGE ( 'NONE', *, *, #4251, .T. ) ;
#2968 = CARTESIAN_POINT ( 'NONE',  ( 22.16396669123889041, -17.73080999262831980, -1.518565079760214154 ) ) ;
#2969 = DIRECTION ( 'NONE',  ( -0.000000000000000000, -0.000000000000000000, -1.000000000000000000 ) ) ;
#2970 = CARTESIAN_POINT ( 'NONE',  ( 24.40000000000000568, -17.14999999999999858, -3.000000000000000000 ) ) ;
#2971 = FACE_OUTER_BOUND ( 'NONE', #770, .T. ) ;
#2972 = ORIENTED_EDGE ( 'NONE', *, *, #1676, .F. ) ;
#2973 = CARTESIAN_POINT ( 'NONE',  ( -14.88931756660855932, 22.47597512751454829, -0.4343171927842905400 ) ) ;
#2974 = ORIENTED_EDGE ( 'NONE', *, *, #2483, .F. ) ;
#2975 = DIRECTION ( 'NONE',  ( 0.000000000000000000, -0.000000000000000000, 1.000000000000000000 ) ) ;
#2976 = FACE_OUTER_BOUND ( 'NONE', #4910, .T. ) ;
#2977 = CARTESIAN_POINT ( 'NONE',  ( 10.95000000000000639, -52.25000000000000000, -1.250000000000000222 ) ) ;
#2978 = EDGE_CURVE ( 'NONE', #3799, #2697, #2705, .T. ) ;
#2979 = CARTESIAN_POINT ( 'NONE',  ( 0.8533785680671733820, 23.13073010791099193, -8.900000000000005684 ) ) ;
#2980 = VECTOR ( 'NONE', #3030, 1000.000000000000000 ) ;
#2981 = ORIENTED_EDGE ( 'NONE', *, *, #716, .T. ) ;
#2982 = ORIENTED_EDGE ( 'NONE', *, *, #330, .F. ) ;
#2983 = AXIS2_PLACEMENT_3D ( 'NONE', #2091, #1708, #6066 ) ;
#2984 = CARTESIAN_POINT ( 'NONE',  ( 7.685746159677668388, -39.97638857214330699, -4.996937519552301588 ) ) ;
#2985 = DIRECTION ( 'NONE',  ( -1.000000000000000000, 0.000000000000000000, -2.532443030623075608E-16 ) ) ;
#2986 = EDGE_CURVE ( 'NONE', #4006, #3085, #4067, .T. ) ;
#2987 = EDGE_CURVE ( 'NONE', #1506, #3812, #4132, .T. ) ;
#2988 = CARTESIAN_POINT ( 'NONE',  ( -2.770070464751050862E-15, -22.75000000000000000, -5.920000000000007923 ) ) ;
#2989 = VECTOR ( 'NONE', #5644, 1000.000000000000000 ) ;
#2990 = DIRECTION ( 'NONE',  ( 1.000000000000000000, 0.000000000000000000, 0.000000000000000000 ) ) ;
#2991 = EDGE_LOOP ( 'NONE', ( #1785, #3440, #6195, #414, #5497, #2381, #5217 ) ) ;
#2992 = CARTESIAN_POINT ( 'NONE',  ( 23.57930104830417406, 18.88566317231953917, -2.002301386805983352 ) ) ;
#2993 = CARTESIAN_POINT ( 'NONE',  ( -5.000000000000000000, -54.49999999999999289, -8.400000000000003908 ) ) ;
#2994 = ADVANCED_FACE ( 'NONE', ( #1765 ), #6103, .T. ) ;
#2995 = DIRECTION ( 'NONE',  ( 1.000000000000000000, -1.954618001100627820E-16, 0.000000000000000000 ) ) ;
#2996 = EDGE_CURVE ( 'NONE', #1226, #1987, #3617, .T. ) ;
#2997 = CARTESIAN_POINT ( 'NONE',  ( 3.012339100162039873, 12.63580622847883639, -8.400000000000003908 ) ) ;
#2998 = VECTOR ( 'NONE', #673, 1000.000000000000000 ) ;
#2999 = CARTESIAN_POINT ( 'NONE',  ( -15.90000000000000036, -26.24999999999999645, -8.400000000000003908 ) ) ;
#3000 = CARTESIAN_POINT ( 'NONE',  ( 10.45000000000000462, -51.25000000000000000, -1.749999999999999778 ) ) ;
#3001 = CIRCLE ( 'NONE', #5765, 2.999999999999999112 ) ;
#3002 = EDGE_LOOP ( 'NONE', ( #4352, #1524, #5237, #2714 ) ) ;
#3003 = ORIENTED_EDGE ( 'NONE', *, *, #3458, .T. ) ;
#3004 = CARTESIAN_POINT ( 'NONE',  ( -9.950000000000006395, -61.99999999999999289, -4.549999999999999822 ) ) ;
#3005 = EDGE_CURVE ( 'NONE', #2408, #2317, #3212, .T. ) ;
#3006 = DIRECTION ( 'NONE',  ( 2.182042108146926555E-16, -1.000000000000000000, 0.000000000000000000 ) ) ;
#3007 = CARTESIAN_POINT ( 'NONE',  ( 10.45000000000000817, -61.70016618792965346, -2.250000000000000000 ) ) ;
#3008 = VECTOR ( 'NONE', #1215, 1000.000000000000000 ) ;
#3009 = CYLINDRICAL_SURFACE ( 'NONE', #5244, 2.000000000000000000 ) ;
#3010 = ORIENTED_EDGE ( 'NONE', *, *, #3795, .T. ) ;
#3011 = ORIENTED_EDGE ( 'NONE', *, *, #284, .F. ) ;
#3012 = VECTOR ( 'NONE', #3022, 1000.000000000000000 ) ;
#3013 = DIRECTION ( 'NONE',  ( -1.000000000000000000, -0.000000000000000000, 0.000000000000000000 ) ) ;
#3014 = PLANE ( 'NONE',  #2194 ) ;
#3015 = DIRECTION ( 'NONE',  ( 1.000000000000000000, 0.000000000000000000, 8.673617379884027583E-16 ) ) ;
#3016 = CIRCLE ( 'NONE', #768, 2.499999999999995559 ) ;
#3017 = CARTESIAN_POINT ( 'NONE',  ( 9.950000000000002842, -38.99999999999999289, -8.400000000000003908 ) ) ;
#3018 = ORIENTED_EDGE ( 'NONE', *, *, #808, .T. ) ;
#3019 = ORIENTED_EDGE ( 'NONE', *, *, #4044, .T. ) ;
#3020 = CARTESIAN_POINT ( 'NONE',  ( -9.975266182186942387, -62.85093797532531568, 2.250000000000000000 ) ) ;
#3021 = LINE ( 'NONE', #3462, #3826 ) ;
#3022 = DIRECTION ( 'NONE',  ( -0.000000000000000000, 0.000000000000000000, -1.000000000000000000 ) ) ;
#3023 = ADVANCED_FACE ( 'NONE', ( #5554 ), #259, .F. ) ;
#3024 = CARTESIAN_POINT ( 'NONE',  ( 9.950000000000002842, -38.99999999999999289, -5.550000000000000711 ) ) ;
#3025 = ORIENTED_EDGE ( 'NONE', *, *, #4251, .F. ) ;
#3026 = CARTESIAN_POINT ( 'NONE',  ( 24.10000000000000497, 17.15000000000000213, -3.000000000000000000 ) ) ;
#3027 = FACE_OUTER_BOUND ( 'NONE', #4138, .T. ) ;
#3028 = FACE_OUTER_BOUND ( 'NONE', #2124, .T. ) ;
#3029 = LINE ( 'NONE', #6020, #1279 ) ;
#3030 = DIRECTION ( 'NONE',  ( -0.000000000000000000, -0.000000000000000000, 1.000000000000000000 ) ) ;
#3031 = CARTESIAN_POINT ( 'NONE',  ( -23.53064434331471233, -19.04785218895079879, -1.644431365561000336 ) ) ;
#3032 = ADVANCED_FACE ( 'NONE', ( #3649 ), #3513, .T. ) ;
#3033 = EDGE_CURVE ( 'NONE', #2824, #616, #3619, .T. ) ;
#3034 = ORIENTED_EDGE ( 'NONE', *, *, #4303, .T. ) ;
#3035 = VERTEX_POINT ( 'NONE', #5617 ) ;
#3036 = CARTESIAN_POINT ( 'NONE',  ( 23.50000000004557421, -19.14999999999999858, -1.130901135795390200 ) ) ;
#3037 = DIRECTION ( 'NONE',  ( 0.000000000000000000, 1.000000000000000000, 0.000000000000000000 ) ) ;
#3038 = DIRECTION ( 'NONE',  ( -0.9098396906015795427, 0.4149599226503953298, 0.000000000000000000 ) ) ;
#3039 = DIRECTION ( 'NONE',  ( 0.000000000000000000, 1.000000000000000000, -0.000000000000000000 ) ) ;
#3040 = EDGE_CURVE ( 'NONE', #6115, #5227, #4588, .T. ) ;
#3041 = ORIENTED_EDGE ( 'NONE', *, *, #6183, .T. ) ;
#3042 = AXIS2_PLACEMENT_3D ( 'NONE', #1913, #4743, #2305 ) ;
#3043 = ORIENTED_EDGE ( 'NONE', *, *, #1041, .F. ) ;
#3044 = CARTESIAN_POINT ( 'NONE',  ( 2.049999999999999822, -24.99999999999998579, 2.250000000000000000 ) ) ;
#3045 = CARTESIAN_POINT ( 'NONE',  ( -18.88454709033982226, -22.18022347499654856, -0.1748137253777687361 ) ) ;
#3046 = FACE_OUTER_BOUND ( 'NONE', #6180, .T. ) ;
#3047 = CARTESIAN_POINT ( 'NONE',  ( 14.99999999999999645, -12.50000000000000000, 2.250000000000000000 ) ) ;
#3048 = AXIS2_PLACEMENT_3D ( 'NONE', #1731, #1700, #1222 ) ;
#3049 = ORIENTED_EDGE ( 'NONE', *, *, #3382, .T. ) ;
#3050 = EDGE_LOOP ( 'NONE', ( #4554, #2935, #6138, #1193 ) ) ;
#3051 = AXIS2_PLACEMENT_3D ( 'NONE', #258, #6159, #4161 ) ;
#3052 = CIRCLE ( 'NONE', #4489, 2.500000000000000000 ) ;
#3053 = CARTESIAN_POINT ( 'NONE',  ( 22.10000000000000142, 17.75000000000000355, -1.000000000000000000 ) ) ;
#3054 = DIRECTION ( 'NONE',  ( 0.000000000000000000, 0.000000000000000000, 1.000000000000000000 ) ) ;
#3055 = LINE ( 'NONE', #3590, #2237 ) ;
#3056 = CARTESIAN_POINT ( 'NONE',  ( -13.87499999999999645, -39.50000000000000000, -1.750000000000003331 ) ) ;
#3057 = AXIS2_PLACEMENT_3D ( 'NONE', #1603, #1539, #5452 ) ;
#3058 = DIRECTION ( 'NONE',  ( 0.000000000000000000, 0.000000000000000000, 1.000000000000000000 ) ) ;
#3059 = ORIENTED_EDGE ( 'NONE', *, *, #5426, .T. ) ;
#3060 = CARTESIAN_POINT ( 'NONE',  ( -23.50000000000001066, 19.15000000000000568, -2.171572875253809709 ) ) ;
#3061 = LINE ( 'NONE', #1494, #185 ) ;
#3062 = DIRECTION ( 'NONE',  ( -0.000000000000000000, -0.000000000000000000, -1.000000000000000000 ) ) ;
#3063 = EDGE_CURVE ( 'NONE', #3954, #3152, #5135, .T. ) ;
#3064 = DIRECTION ( 'NONE',  ( 2.182042108146926555E-16, -1.000000000000000000, 0.000000000000000000 ) ) ;
#3065 = ORIENTED_EDGE ( 'NONE', *, *, #5777, .T. ) ;
#3066 = CARTESIAN_POINT ( 'NONE',  ( 23.62293541693285448, -18.74021527689055944, -2.219979545272551924 ) ) ;
#3067 = DIRECTION ( 'NONE',  ( 1.000000000000000000, 0.000000000000000000, 0.000000000000000000 ) ) ;
#3068 = EDGE_CURVE ( 'NONE', #3479, #3538, #6160, .T. ) ;
#3069 = ADVANCED_FACE ( 'NONE', ( #5648 ), #4031, .T. ) ;
#3070 = DIRECTION ( 'NONE',  ( 1.000000000000000000, -0.000000000000000000, -0.000000000000000000 ) ) ;
#3071 = DIRECTION ( 'NONE',  ( 1.000000000000000000, 0.000000000000000000, 0.000000000000000000 ) ) ;
#3072 = ORIENTED_EDGE ( 'NONE', *, *, #621, .T. ) ;
#3073 = CARTESIAN_POINT ( 'NONE',  ( -15.00000000000000355, 17.50000000000000000, 2.250000000000000000 ) ) ;
#3074 = DIRECTION ( 'NONE',  ( -2.182042108146926802E-16, 1.000000000000000000, 0.000000000000000000 ) ) ;
#3075 = CARTESIAN_POINT ( 'NONE',  ( 10.95000000000000639, -61.54553470576539098, -1.750000000000000222 ) ) ;
#3076 = EDGE_CURVE ( 'NONE', #3782, #5753, #2216, .T. ) ;
#3077 = CARTESIAN_POINT ( 'NONE',  ( -9.975266182186931729, -62.85093797532530147, -1.250000000000000222 ) ) ;
#3078 = EDGE_LOOP ( 'NONE', ( #6158, #5140, #4336, #3043 ) ) ;
#3079 = ORIENTED_EDGE ( 'NONE', *, *, #1110, .F. ) ;
#3080 = FACE_OUTER_BOUND ( 'NONE', #3320, .T. ) ;
#3081 = LINE ( 'NONE', #174, #3692 ) ;
#3082 = LINE ( 'NONE', #144, #902 ) ;
#3083 = CARTESIAN_POINT ( 'NONE',  ( 23.50000000000000355, 19.14999999999999858, -1.000000000000000000 ) ) ;
#3084 = ORIENTED_EDGE ( 'NONE', *, *, #5513, .T. ) ;
#3085 = VERTEX_POINT ( 'NONE', #4193 ) ;
#3086 = VECTOR ( 'NONE', #3269, 1000.000000000000000 ) ;
#3087 = CARTESIAN_POINT ( 'NONE',  ( 23.50000000000000711, 19.15000000000000213, -1.000000000000000000 ) ) ;
#3088 = CARTESIAN_POINT ( 'NONE',  ( -14.24691522495949059, 22.74999999999999645, -50.11272994626617816 ) ) ;
#3089 = DIRECTION ( 'NONE',  ( 0.000000000000000000, 0.000000000000000000, 1.000000000000000000 ) ) ;
#3090 = DIRECTION ( 'NONE',  ( 1.000000000000000000, 0.000000000000000000, -0.000000000000000000 ) ) ;
#3091 = VECTOR ( 'NONE', #674, 1000.000000000000000 ) ;
#3092 = CIRCLE ( 'NONE', #1671, 0.5000000000000004441 ) ;
#3093 = CARTESIAN_POINT ( 'NONE',  ( -23.62293541693286159, -18.74021527689055233, -2.219979545272543930 ) ) ;
#3094 = VERTEX_POINT ( 'NONE', #1823 ) ;
#3095 = VECTOR ( 'NONE', #1893, 1000.000000000000000 ) ;
#3096 = CARTESIAN_POINT ( 'NONE',  ( 9.450000000000004619, -61.99999999999999289, -5.050000000000000711 ) ) ;
#3097 = EDGE_CURVE ( 'NONE', #208, #1670, #802, .T. ) ;
#3098 = VECTOR ( 'NONE', #3705, 1000.000000000000000 ) ;
#3099 = CARTESIAN_POINT ( 'NONE',  ( 23.57650417086968631, -17.30704874873908139, -2.947945328313263502 ) ) ;
#3100 = CARTESIAN_POINT ( 'NONE',  ( -20.00000000000000711, -12.50000000000000000, 2.250000000000000000 ) ) ;
#3101 = DIRECTION ( 'NONE',  ( -0.000000000000000000, -1.000000000000000000, -0.000000000000000000 ) ) ;
#3102 = CARTESIAN_POINT ( 'NONE',  ( -1.506651917331949031, -22.75000000000000000, -8.900000000000002132 ) ) ;
#3103 = ORIENTED_EDGE ( 'NONE', *, *, #3769, .F. ) ;
#3104 = EDGE_LOOP ( 'NONE', ( #5781, #3975, #2308, #2661 ) ) ;
#3105 = ADVANCED_FACE ( 'NONE', ( #4834 ), #4808, .T. ) ;
#3106 = DIRECTION ( 'NONE',  ( 1.000000000000000000, 0.000000000000000000, 8.673617379884027583E-16 ) ) ;
#3107 = DIRECTION ( 'NONE',  ( -0.000000000000000000, -0.000000000000000000, -1.000000000000000000 ) ) ;
#3108 = DIRECTION ( 'NONE',  ( -2.182042108146926802E-16, 1.000000000000000000, 0.000000000000000000 ) ) ;
#3109 = PLANE ( 'NONE',  #1768 ) ;
#3110 = AXIS2_PLACEMENT_3D ( 'NONE', #3726, #5152, #6206 ) ;
#3111 = ORIENTED_EDGE ( 'NONE', *, *, #1244, .F. ) ;
#3112 = EDGE_CURVE ( 'NONE', #394, #3085, #5583, .T. ) ;
#3113 = ORIENTED_EDGE ( 'NONE', *, *, #2437, .T. ) ;
#3114 = EDGE_CURVE ( 'NONE', #1819, #954, #926, .T. ) ;
#3115 = AXIS2_PLACEMENT_3D ( 'NONE', #3454, #5422, #2508 ) ;
#3116 = DIRECTION ( 'NONE',  ( 1.000000000000000000, 1.217613391099363125E-16, -0.000000000000000000 ) ) ;
#3117 = CARTESIAN_POINT ( 'NONE',  ( -1.239311984604887895, 23.23104693503420037, -8.900000000000005684 ) ) ;
#3118 = LINE ( 'NONE', #1745, #3861 ) ;
#3119 = CARTESIAN_POINT ( 'NONE',  ( -22.20214781104924384, 17.71935565668521306, -1.644431365561110248 ) ) ;
#3120 = VERTEX_POINT ( 'NONE', #3231 ) ;
#3121 = VERTEX_POINT ( 'NONE', #6220 ) ;
#3122 = EDGE_CURVE ( 'NONE', #1139, #3843, #1688, .T. ) ;
#3123 = CARTESIAN_POINT ( 'NONE',  ( 18.79903750903970661, -22.39761157226705279, -0.3453615928941229374 ) ) ;
#3124 = CARTESIAN_POINT ( 'NONE',  ( 4.999999999999998224, -54.49999999999999289, 2.250000000000000000 ) ) ;
#3125 = LINE ( 'NONE', #1624, #390 ) ;
#3126 = LINE ( 'NONE', #3638, #3816 ) ;
#3127 = DIRECTION ( 'NONE',  ( -1.000000000000000000, -2.182042108146926802E-16, -0.000000000000000000 ) ) ;
#3128 = EDGE_LOOP ( 'NONE', ( #2448, #4458, #1736, #3049 ) ) ;
#3129 =( BOUNDED_CURVE ( )  B_SPLINE_CURVE ( 3, ( #5885, #535, #5313, #4341 ),
 .UNSPECIFIED., .F., .T. ) 
 B_SPLINE_CURVE_WITH_KNOTS ( ( 4, 4 ),
 ( 3.141592653589820650, 4.712388980384689674 ),
 .UNSPECIFIED. ) 
 CURVE ( )  GEOMETRIC_REPRESENTATION_ITEM ( )  RATIONAL_B_SPLINE_CURVE ( ( 1.000000000000000000, 0.8047378541243714878, 0.8047378541243714878, 1.000000000000000000 ) ) 
 REPRESENTATION_ITEM ( '' )  );
#3130 = CARTESIAN_POINT ( 'NONE',  ( -2.770070464751050862E-15, -22.75000000000000000, -8.900000000000005684 ) ) ;
#3131 = DIRECTION ( 'NONE',  ( 0.000000000000000000, 0.000000000000000000, 1.000000000000000000 ) ) ;
#3132 = CARTESIAN_POINT ( 'NONE',  ( -22.92842712474619660, 17.50147186257613896, -2.999999999999998668 ) ) ;
#3133 = CARTESIAN_POINT ( 'NONE',  ( -1.104798575694140084, -22.74999999726628630, -8.648303833442906097 ) ) ;
#3134 = ORIENTED_EDGE ( 'NONE', *, *, #5231, .F. ) ;
#3135 = ORIENTED_EDGE ( 'NONE', *, *, #5474, .T. ) ;
#3136 = DIRECTION ( 'NONE',  ( 1.000000000000000000, -0.000000000000000000, -0.000000000000000000 ) ) ;
#3137 = DIRECTION ( 'NONE',  ( -1.000000000000000000, 0.000000000000000000, 0.000000000000000000 ) ) ;
#3138 = ADVANCED_FACE ( 'NONE', ( #4316 ), #1915, .F. ) ;
#3139 = LINE ( 'NONE', #262, #2474 ) ;
#3140 = ORIENTED_EDGE ( 'NONE', *, *, #6208, .F. ) ;
#3141 = ORIENTED_EDGE ( 'NONE', *, *, #1597, .T. ) ;
#3142 = CARTESIAN_POINT ( 'NONE',  ( 13.87500000000000355, -39.49999999999999289, -1.749999999999999778 ) ) ;
#3143 = CARTESIAN_POINT ( 'NONE',  ( -0.8533785680671832630, 23.13073010791099549, -8.900000000000005684 ) ) ;
#3144 = AXIS2_PLACEMENT_3D ( 'NONE', #3567, #6085, #1694 ) ;
#3145 = CARTESIAN_POINT ( 'NONE',  ( -26.25510592213224825, -19.00510592213229089, -1.839873476193790047 ) ) ;
#3146 = DIRECTION ( 'NONE',  ( 1.000000000000000000, -2.403139825818710681E-16, 0.000000000000000000 ) ) ;
#3147 = AXIS2_PLACEMENT_3D ( 'NONE', #4382, #6347, #2459 ) ;
#3148 = ADVANCED_FACE ( 'NONE', ( #5798 ), #1407, .T. ) ;
#3149 = PLANE ( 'NONE',  #4415 ) ;
#3150 = ADVANCED_FACE ( 'NONE', ( #442 ), #2778, .F. ) ;
#3151 = ORIENTED_EDGE ( 'NONE', *, *, #4485, .T. ) ;
#3152 = VERTEX_POINT ( 'NONE', #3285 ) ;
#3153 = VECTOR ( 'NONE', #2048, 1000.000000000000000 ) ;
#3154 = FACE_OUTER_BOUND ( 'NONE', #5985, .T. ) ;
#3155 = CARTESIAN_POINT ( 'NONE',  ( -9.949999999999995737, -39.99999999999999289, -4.549999999999999822 ) ) ;
#3156 = DIRECTION ( 'NONE',  ( 0.000000000000000000, 0.000000000000000000, 1.000000000000000000 ) ) ;
#3157 = ADVANCED_FACE ( 'NONE', ( #5734 ), #1290, .T. ) ;
#3158 = CARTESIAN_POINT ( 'NONE',  ( -23.57930104830408524, -18.88566317231959601, -2.002301386805870553 ) ) ;
#3159 = EDGE_LOOP ( 'NONE', ( #3842, #408, #4726, #1891 ) ) ;
#3160 = CARTESIAN_POINT ( 'NONE',  ( 23.92985033109643567, -17.32014966890356433, -3.000000011189412064 ) ) ;
#3161 = DIRECTION ( 'NONE',  ( 0.000000000000000000, 0.000000000000000000, -1.000000000000000000 ) ) ;
#3162 = CARTESIAN_POINT ( 'NONE',  ( -22.10000000000000142, 17.75000000000000000, -2.171572875253809709 ) ) ;
#3163 = CARTESIAN_POINT ( 'NONE',  ( -1.239311984604887673, -23.23104693503373142, -8.900000000000005684 ) ) ;
#3164 = EDGE_LOOP ( 'NONE', ( #488, #1846, #5396, #4097 ) ) ;
#3165 = ORIENTED_EDGE ( 'NONE', *, *, #2109, .F. ) ;
#3166 = LINE ( 'NONE', #4618, #3555 ) ;
#3167 = DIRECTION ( 'NONE',  ( -1.000000000000000000, -0.000000000000000000, -0.000000000000000000 ) ) ;
#3168 = DIRECTION ( 'NONE',  ( 1.000000000000000000, 0.000000000000000000, 0.000000000000000000 ) ) ;
#3169 = CARTESIAN_POINT ( 'NONE',  ( 20.00000000000000355, -22.74999999999999289, 0.000000000000000000 ) ) ;
#3170 = ORIENTED_EDGE ( 'NONE', *, *, #1597, .F. ) ;
#3171 = ORIENTED_EDGE ( 'NONE', *, *, #4353, .T. ) ;
#3172 = EDGE_CURVE ( 'NONE', #5147, #1211, #3447, .T. ) ;
#3173 = CARTESIAN_POINT ( 'NONE',  ( -13.29371292923788772, 22.95710678118654258, -8.900000000000005684 ) ) ;
#3174 = CARTESIAN_POINT ( 'NONE',  ( 13.87500000000000355, -39.49999999999999289, 2.250000000000000444 ) ) ;
#3175 = CARTESIAN_POINT ( 'NONE',  ( -25.29305373930191791, -18.04305373930172607, -2.852596106570099099 ) ) ;
#3176 = CARTESIAN_POINT ( 'NONE',  ( -19.65000000000000213, -21.54999999999999716, 0.000000000000000000 ) ) ;
#3177 = AXIS2_PLACEMENT_3D ( 'NONE', #3978, #2985, #5943 ) ;
#3178 = ORIENTED_EDGE ( 'NONE', *, *, #3875, .T. ) ;
#3179 = ORIENTED_EDGE ( 'NONE', *, *, #3969, .T. ) ;
#3180 = ORIENTED_EDGE ( 'NONE', *, *, #1721, .T. ) ;
#3181 = EDGE_CURVE ( 'NONE', #5147, #2889, #1341, .T. ) ;
#3182 = EDGE_CURVE ( 'NONE', #1287, #3418, #5408, .T. ) ;
#3183 = CARTESIAN_POINT ( 'NONE',  ( -2.899999999999999911, -26.24999999999999645, -8.900000000000005684 ) ) ;
#3184 = LINE ( 'NONE', #5151, #3603 ) ;
#3185 = CARTESIAN_POINT ( 'NONE',  ( -6.944154063330265636, -39.49999999999999289, -4.549999999999999822 ) ) ;
#3186 = CARTESIAN_POINT ( 'NONE',  ( -22.10000000000000497, -17.74999999999999289, -0.9999999999999985567 ) ) ;
#3187 = CIRCLE ( 'NONE', #5657, 1.399999999999995026 ) ;
#3188 = ORIENTED_EDGE ( 'NONE', *, *, #5547, .F. ) ;
#3189 = EDGE_CURVE ( 'NONE', #4056, #3355, #892, .T. ) ;
#3190 = CARTESIAN_POINT ( 'NONE',  ( 7.948326093704751294, -39.49999999999999289, -5.050000000000000711 ) ) ;
#3191 = AXIS2_PLACEMENT_3D ( 'NONE', #5832, #5356, #4383 ) ;
#3192 = CARTESIAN_POINT ( 'NONE',  ( 2.049999999999999822, -54.49999999999999289, 0.2499999999999997780 ) ) ;
#3193 = CARTESIAN_POINT ( 'NONE',  ( -26.40000000000000924, -17.74999999999999289, -3.000000000000000000 ) ) ;
#3194 = DIRECTION ( 'NONE',  ( -0.000000000000000000, -0.000000000000000000, -1.000000000000000000 ) ) ;
#3195 = ORIENTED_EDGE ( 'NONE', *, *, #4195, .F. ) ;
#3196 = VECTOR ( 'NONE', #6021, 1000.000000000000000 ) ;
#3197 = ORIENTED_EDGE ( 'NONE', *, *, #5346, .T. ) ;
#3198 = DIRECTION ( 'NONE',  ( -1.000000000000000000, -0.000000000000000000, -0.000000000000000000 ) ) ;
#3199 = CARTESIAN_POINT ( 'NONE',  ( -0.2750055679356298022, 21.35000000000000142, -5.920000000000007923 ) ) ;
#3200 = FACE_OUTER_BOUND ( 'NONE', #5294, .T. ) ;
#3201 = VECTOR ( 'NONE', #2798, 1000.000000000000000 ) ;
#3202 =( BOUNDED_SURFACE ( )  B_SPLINE_SURFACE ( 3, 2, ( 
 ( #3087, #599, #2960 ),
 ( #5915, #2484, #4440 ),
 ( #5436, #2039, #4507 ),
 ( #5057, #3497, #2555 ),
 ( #2136, #5470, #5948 ),
 ( #4571, #4541, #5537 ),
 ( #2992, #1525, #1046 ),
 ( #116, #3467, #2071 ),
 ( #1622, #4016, #4958 ),
 ( #570, #1084, #532 ),
 ( #55, #2522, #2005 ),
 ( #6017, #631, #3595 ),
 ( #4471, #181, #3565 ),
 ( #3026, #4082, #1017 ) ),
 .UNSPECIFIED., .F., .F., .F. ) 
 B_SPLINE_SURFACE_WITH_KNOTS ( ( 4, 2, 2, 2, 2, 2, 4 ),
 ( 3, 3 ),
 ( 6.283185307179586232, 6.479534848028948524, 6.675884388878310816, 6.872233929727672219, 7.068583470577034511, 7.461282552275758206, 7.853981633974482790 ),
 ( 0.000000000000000000, 1.000000000000000000 ),
 .UNSPECIFIED. ) 
 GEOMETRIC_REPRESENTATION_ITEM ( )  RATIONAL_B_SPLINE_SURFACE ( (
 ( 1.000000000000000000, 0.7071067811865475727, 1.000000000000000000),
 ( 1.000000000000000000, 0.7070717092840050899, 1.000000000000000000),
 ( 1.000000000000000000, 0.7117460279512775045, 1.000000000000000000),
 ( 1.000000000000000000, 0.7291288685920387369, 1.000000000000000000),
 ( 1.000000000000000000, 0.7418334521775165058, 1.000000000000000000),
 ( 1.000000000000000000, 0.7723967875196871002, 1.000000000000000000),
 ( 1.000000000000000000, 0.7902180383823398380, 1.000000000000000000),
 ( 1.000000000000000000, 0.8275942398610006689, 1.000000000000000000),
 ( 1.000000000000000000, 0.8471316817887929451, 1.000000000000000000),
 ( 1.000000000000000000, 0.9038128477757272350, 1.000000000000000000),
 ( 1.000000000000000000, 0.9386556673818772234, 1.000000000000000000),
 ( 1.000000000000000000, 0.9867291723804348935, 1.000000000000000000),
 ( 1.000000000000000000, 1.000158593443224664, 1.000000000000000000),
 ( 1.000000000000000000, 1.000000000000000000, 1.000000000000000000) ) ) 
 REPRESENTATION_ITEM ( '' )  SURFACE ( )  );
#3203 = CARTESIAN_POINT ( 'NONE',  ( -10.40466866994212225, -62.33353025327512853, -1.685382201256637291 ) ) ;
#3204 = ORIENTED_EDGE ( 'NONE', *, *, #4609, .F. ) ;
#3205 = CIRCLE ( 'NONE', #6084, 0.5000000000000000000 ) ;
#3206 = CARTESIAN_POINT ( 'NONE',  ( -14.24691522495949059, 22.74999999999999645, -1.199999999999999734 ) ) ;
#3207 = CARTESIAN_POINT ( 'NONE',  ( -7.442068080674625108, -39.95437510184128627, -4.549999999999999822 ) ) ;
#3208 = PLANE ( 'NONE',  #3377 ) ;
#3209 = CARTESIAN_POINT ( 'NONE',  ( -24.66184654414310273, -17.22855396324285593, -3.000000000000000000 ) ) ;
#3210 = DIRECTION ( 'NONE',  ( 0.000000000000000000, 1.000000000000000000, 0.000000000000000000 ) ) ;
#3211 = AXIS2_PLACEMENT_3D ( 'NONE', #2217, #884, #6065 ) ;
#3212 = CIRCLE ( 'NONE', #5072, 0.5000000000000004441 ) ;
#3213 = EDGE_LOOP ( 'NONE', ( #4555, #782, #1383, #3188 ) ) ;
#3214 = MANIFOLD_SOLID_BREP ( 'Clip Body Reinforcement Fillet', #5607 ) ;
#3215 = ORIENTED_EDGE ( 'NONE', *, *, #4888, .F. ) ;
#3216 = LINE ( 'NONE', #975, #1779 ) ;
#3217 = LINE ( 'NONE', #4729, #37 ) ;
#3218 = CARTESIAN_POINT ( 'NONE',  ( 4.500000000000000888, -38.99999999999999289, -8.900000000000005684 ) ) ;
#3219 = EDGE_CURVE ( 'NONE', #369, #3890, #352, .T. ) ;
#3220 = ADVANCED_FACE ( 'NONE', ( #1948 ), #2233, .F. ) ;
#3221 = ORIENTED_EDGE ( 'NONE', *, *, #4485, .F. ) ;
#3222 = CARTESIAN_POINT ( 'NONE',  ( 7.683468264080061338, -39.49999999999999289, -5.006543304406480210 ) ) ;
#3223 = CYLINDRICAL_SURFACE ( 'NONE', #1927, 1.249999999999997558 ) ;
#3224 = CARTESIAN_POINT ( 'NONE',  ( 13.37500000000000000, -27.24999999999999645, -1.249999999999999778 ) ) ;
#3225 = ADVANCED_FACE ( 'NONE', ( #1057 ), #5001, .T. ) ;
#3226 = CARTESIAN_POINT ( 'NONE',  ( -24.40000000000000568, 17.15000000000000568, -3.000000000000000000 ) ) ;
#3227 = EDGE_CURVE ( 'NONE', #6236, #7, #4374, .T. ) ;
#3228 = ORIENTED_EDGE ( 'NONE', *, *, #5503, .T. ) ;
#3229 = ORIENTED_EDGE ( 'NONE', *, *, #4315, .F. ) ;
#3230 = FACE_OUTER_BOUND ( 'NONE', #5974, .T. ) ;
#3231 = CARTESIAN_POINT ( 'NONE',  ( -25.75000000000001066, 21.50000000000000000, 0.000000000000000000 ) ) ;
#3232 = CARTESIAN_POINT ( 'NONE',  ( -10.43375076013242442, -62.20133570326197514, -2.071371865903264275 ) ) ;
#3233 = EDGE_CURVE ( 'NONE', #5489, #5890, #1777, .T. ) ;
#3234 = VERTEX_POINT ( 'NONE', #1438 ) ;
#3235 = ORIENTED_EDGE ( 'NONE', *, *, #3259, .F. ) ;
#3236 = AXIS2_PLACEMENT_3D ( 'NONE', #5021, #2412, #2037 ) ;
#3237 = CARTESIAN_POINT ( 'NONE',  ( 10.95000000000000817, -61.54553470576539098, -1.750000000000000222 ) ) ;
#3238 = FACE_OUTER_BOUND ( 'NONE', #3078, .T. ) ;
#3239 = CARTESIAN_POINT ( 'NONE',  ( 1.549999999999999822, -22.49999999999998934, 2.250000000000000000 ) ) ;
#3240 = CARTESIAN_POINT ( 'NONE',  ( -0.2750055679356298022, 21.35000000000000142, -6.380000000000024762 ) ) ;
#3241 = LINE ( 'NONE', #4263, #5959 ) ;
#3242 = ORIENTED_EDGE ( 'NONE', *, *, #3569, .T. ) ;
#3243 = EDGE_LOOP ( 'NONE', ( #6038, #5451, #721, #3345 ) ) ;
#3244 = VECTOR ( 'NONE', #4314, 1000.000000000000000 ) ;
#3245 = LINE ( 'NONE', #2710, #5459 ) ;
#3246 = CARTESIAN_POINT ( 'NONE',  ( 0.8532147888992600571, 23.13067330232441421, -8.900000000000005684 ) ) ;
#3247 = DIRECTION ( 'NONE',  ( 1.000000000000000000, 0.000000000000000000, 0.000000000000000000 ) ) ;
#3248 = AXIS2_PLACEMENT_3D ( 'NONE', #2808, #6154, #3340 ) ;
#3249 = ORIENTED_EDGE ( 'NONE', *, *, #1591, .F. ) ;
#3250 = ADVANCED_FACE ( 'NONE', ( #4483 ), #1472, .F. ) ;
#3251 = CARTESIAN_POINT ( 'NONE',  ( 7.400432743999574292, -39.49999999999999289, -4.550000000000000711 ) ) ;
#3252 = AXIS2_PLACEMENT_3D ( 'NONE', #166, #1164, #2507 ) ;
#3253 = CARTESIAN_POINT ( 'NONE',  ( -4.999999999999999112, -39.50000000000000000, 2.249999999999998224 ) ) ;
#3254 = DIRECTION ( 'NONE',  ( 1.000000000000000000, 1.784671838759647504E-15, 0.000000000000000000 ) ) ;
#3255 = FACE_OUTER_BOUND ( 'NONE', #4149, .T. ) ;
#3256 = ORIENTED_EDGE ( 'NONE', *, *, #17, .T. ) ;
#3257 = EDGE_LOOP ( 'NONE', ( #4296, #1449, #5833, #5063 ) ) ;
#3258 = CARTESIAN_POINT ( 'NONE',  ( -13.37500000000000000, -27.24999999999999645, -1.250000000000003109 ) ) ;
#3259 = EDGE_CURVE ( 'NONE', #2464, #409, #6232, .T. ) ;
#3260 =( LENGTH_UNIT ( ) NAMED_UNIT ( * ) SI_UNIT ( .MILLI., .METRE. ) );
#3261 = DIRECTION ( 'NONE',  ( 1.000000000000000000, 9.251858538542971581E-17, -0.000000000000000000 ) ) ;
#3262 = VERTEX_POINT ( 'NONE', #1982 ) ;
#3263 = ORIENTED_EDGE ( 'NONE', *, *, #5258, .T. ) ;
#3264 = ORIENTED_EDGE ( 'NONE', *, *, #5319, .F. ) ;
#3265 = EDGE_CURVE ( 'NONE', #1587, #5599, #1564, .T. ) ;
#3266 = DIRECTION ( 'NONE',  ( -1.000000000000000000, 0.000000000000000000, 0.000000000000000000 ) ) ;
#3267 = DIRECTION ( 'NONE',  ( -0.000000000000000000, -0.000000000000000000, -1.000000000000000000 ) ) ;
#3268 = DIRECTION ( 'NONE',  ( 1.000000000000000000, 0.000000000000000000, 0.000000000000000000 ) ) ;
#3269 = DIRECTION ( 'NONE',  ( -1.000000000000000000, 6.033820786006280787E-16, -0.000000000000000000 ) ) ;
#3270 = ORIENTED_EDGE ( 'NONE', *, *, #4765, .F. ) ;
#3271 = EDGE_CURVE ( 'NONE', #2013, #23, #2938, .T. ) ;
#3272 = DIRECTION ( 'NONE',  ( -0.000000000000000000, -0.000000000000000000, -1.000000000000000000 ) ) ;
#3273 = CARTESIAN_POINT ( 'NONE',  ( 11.94568131494329499, 23.24999999999999645, -8.900000000000005684 ) ) ;
#3274 = DIRECTION ( 'NONE',  ( -1.000000000000000000, 0.000000000000000000, 0.000000000000000000 ) ) ;
#3275 = VERTEX_POINT ( 'NONE', #508 ) ;
#3276 = DIRECTION ( 'NONE',  ( -3.016910393003147592E-15, -1.000000000000000000, 0.000000000000000000 ) ) ;
#3277 = PLANE ( 'NONE',  #3248 ) ;
#3278 = LINE ( 'NONE', #3193, #6030 ) ;
#3279 = CIRCLE ( 'NONE', #5043, 0.4999999999999995559 ) ;
#3280 = DIRECTION ( 'NONE',  ( -0.9098396906015793206, -0.4149599226503957738, 0.000000000000000000 ) ) ;
#3281 = ORIENTED_EDGE ( 'NONE', *, *, #6090, .F. ) ;
#3282 = VERTEX_POINT ( 'NONE', #5830 ) ;
#3283 = AXIS2_PLACEMENT_3D ( 'NONE', #5590, #2636, #4101 ) ;
#3284 = PLANE ( 'NONE',  #1107 ) ;
#3285 = CARTESIAN_POINT ( 'NONE',  ( 7.948326093704751294, -39.49999999999999289, -5.550000000000000711 ) ) ;
#3286 = DIRECTION ( 'NONE',  ( -0.000000000000000000, -0.000000000000000000, -1.000000000000000000 ) ) ;
#3287 = VECTOR ( 'NONE', #156, 1000.000000000000000 ) ;
#3288 = ORIENTED_EDGE ( 'NONE', *, *, #3172, .T. ) ;
#3289 = EDGE_CURVE ( 'NONE', #965, #2162, #3863, .T. ) ;
#3290 = LINE ( 'NONE', #831, #5703 ) ;
#3291 = VERTEX_POINT ( 'NONE', #2015 ) ;
#3292 = AXIS2_PLACEMENT_3D ( 'NONE', #3533, #5506, #1115 ) ;
#3293 = VECTOR ( 'NONE', #2267, 1000.000000000000000 ) ;
#3294 = DIRECTION ( 'NONE',  ( -1.000000000000000000, -0.000000000000000000, -0.000000000000000000 ) ) ;
#3295 = DIRECTION ( 'NONE',  ( -0.000000000000000000, -1.000000000000000000, -0.000000000000000000 ) ) ;
#3296 = AXIS2_PLACEMENT_3D ( 'NONE', #4719, #4291, #1384 ) ;
#3297 = DIRECTION ( 'NONE',  ( -2.182042108146926802E-16, 1.000000000000000000, 0.000000000000000000 ) ) ;
#3298 = VECTOR ( 'NONE', #6270, 1000.000000000000000 ) ;
#3299 = EDGE_CURVE ( 'NONE', #363, #3915, #3960, .T. ) ;
#3300 = VERTEX_POINT ( 'NONE', #2911 ) ;
#3301 = EDGE_LOOP ( 'NONE', ( #2637, #708, #6098, #4864 ) ) ;
#3302 = CARTESIAN_POINT ( 'NONE',  ( -15.00000000000000355, 17.50000000000000000, 0.000000000000000000 ) ) ;
#3303 = CARTESIAN_POINT ( 'NONE',  ( 15.86537405441362480, 22.12916441901647602, -0.1460538905307692537 ) ) ;
#3304 = CARTESIAN_POINT ( 'NONE',  ( 4.500000000000000888, -53.99999999999999289, -8.900000000000005684 ) ) ;
#3305 = CIRCLE ( 'NONE', #557, 0.5000000000000000000 ) ;
#3306 = AXIS2_PLACEMENT_3D ( 'NONE', #3349, #4714, #2363 ) ;
#3307 = ADVANCED_FACE ( 'NONE', ( #4868 ), #473, .F. ) ;
#3308 = ORIENTED_EDGE ( 'NONE', *, *, #3374, .T. ) ;
#3309 = AXIS2_PLACEMENT_3D ( 'NONE', #880, #757, #1331 ) ;
#3310 = AXIS2_PLACEMENT_3D ( 'NONE', #2668, #4624, #5175 ) ;
#3311 = CARTESIAN_POINT ( 'NONE',  ( 7.506031515852607860, -39.96016060149976568, -4.801863904349120027 ) ) ;
#3312 = CARTESIAN_POINT ( 'NONE',  ( 20.00000000000000000, -12.50000000000000000, 0.000000000000000000 ) ) ;
#3313 = DIRECTION ( 'NONE',  ( -0.000000000000000000, -0.000000000000000000, -1.000000000000000000 ) ) ;
#3314 = CARTESIAN_POINT ( 'NONE',  ( 24.99999999995463185, 19.14999999999999858, -1.130901135795378432 ) ) ;
#3315 = CIRCLE ( 'NONE', #2810, 0.5000000000000004441 ) ;
#3316 = ORIENTED_EDGE ( 'NONE', *, *, #2213, .T. ) ;
#3317 = VERTEX_POINT ( 'NONE', #29 ) ;
#3318 = DIRECTION ( 'NONE',  ( 0.000000000000000000, 1.000000000000000000, 0.000000000000000000 ) ) ;
#3319 = CARTESIAN_POINT ( 'NONE',  ( -10.45000000000000639, -61.99999999999999289, -2.184538389453069662 ) ) ;
#3320 = EDGE_LOOP ( 'NONE', ( #1945, #6345, #3758, #3889 ) ) ;
#3321 = VERTEX_POINT ( 'NONE', #5446 ) ;
#3322 = ORIENTED_EDGE ( 'NONE', *, *, #2986, .T. ) ;
#3323 =( BOUNDED_CURVE ( )  B_SPLINE_CURVE ( 3, ( #5917, #4922, #1117, #1971 ),
 .UNSPECIFIED., .F., .T. ) 
 B_SPLINE_CURVE_WITH_KNOTS ( ( 4, 4 ),
 ( 3.141592653589793116, 4.712388980384689674 ),
 .UNSPECIFIED. ) 
 CURVE ( )  GEOMETRIC_REPRESENTATION_ITEM ( )  RATIONAL_B_SPLINE_CURVE ( ( 1.000000000000000000, 0.8047378541243649375, 0.8047378541243649375, 1.000000000000000000 ) ) 
 REPRESENTATION_ITEM ( '' )  );
#3324 = DIRECTION ( 'NONE',  ( -1.000000000000000000, 0.000000000000000000, 0.000000000000000000 ) ) ;
#3325 = LINE ( 'NONE', #3900, #2782 ) ;
#3326 =( NAMED_UNIT ( * ) SI_UNIT ( $, .STERADIAN. ) SOLID_ANGLE_UNIT ( ) );
#3327 = EDGE_CURVE ( 'NONE', #1670, #5841, #1663, .T. ) ;
#3328 = LINE ( 'NONE', #5298, #1763 ) ;
#3329 = EDGE_LOOP ( 'NONE', ( #5996, #1568, #1278, #6284 ) ) ;
#3330 = ORIENTED_EDGE ( 'NONE', *, *, #6243, .F. ) ;
#3331 = CARTESIAN_POINT ( 'NONE',  ( 7.686173652583756954, -39.50000000000000000, -5.524149513054367411 ) ) ;
#3332 = LINE ( 'NONE', #2924, #5784 ) ;
#3333 = ADVANCED_FACE ( 'NONE', ( #3606 ), #2685, .F. ) ;
#3334 = EDGE_CURVE ( 'NONE', #5957, #5674, #1727, .T. ) ;
#3335 = CARTESIAN_POINT ( 'NONE',  ( -22.32442800095494206, 18.92557199904506504, -2.015003415308016521 ) ) ;
#3336 = ORIENTED_EDGE ( 'NONE', *, *, #2256, .F. ) ;
#3337 = CARTESIAN_POINT ( 'NONE',  ( -15.00000000000000711, -51.75000000000000000, -1.750000000000000222 ) ) ;
#3338 = CARTESIAN_POINT ( 'NONE',  ( -10.44999999999999929, -26.74999999999999645, -1.957106781186550126 ) ) ;
#3339 = EDGE_CURVE ( 'NONE', #2889, #578, #762, .T. ) ;
#3340 = DIRECTION ( 'NONE',  ( -0.000000000000000000, 0.000000000000000000, -1.000000000000000000 ) ) ;
#3341 = AXIS2_PLACEMENT_3D ( 'NONE', #3830, #1405, #2393 ) ;
#3342 = CARTESIAN_POINT ( 'NONE',  ( 26.38710781285182350, 17.74613234385555671, -1.261796208304269751 ) ) ;
#3343 = VECTOR ( 'NONE', #6242, 1000.000000000000000 ) ;
#3344 = FACE_BOUND ( 'NONE', #6052, .T. ) ;
#3345 = ORIENTED_EDGE ( 'NONE', *, *, #922, .F. ) ;
#3346 = ORIENTED_EDGE ( 'NONE', *, *, #1339, .T. ) ;
#3347 = AXIS2_PLACEMENT_3D ( 'NONE', #780, #4694, #2254 ) ;
#3348 = DIRECTION ( 'NONE',  ( -1.000000000000000000, 0.000000000000000000, 0.000000000000000000 ) ) ;
#3349 = CARTESIAN_POINT ( 'NONE',  ( 14.99999999999999645, 12.50000000000000000, 0.000000000000000000 ) ) ;
#3350 = CARTESIAN_POINT ( 'NONE',  ( 25.29305373930174383, -18.04305373930158751, -2.852596106570153722 ) ) ;
#3351 = CARTESIAN_POINT ( 'NONE',  ( -18.25000000000000355, -23.24999999999999645, -8.900000000000005684 ) ) ;
#3352 = CIRCLE ( 'NONE', #5720, 1.400000000000001910 ) ;
#3353 = VERTEX_POINT ( 'NONE', #2114 ) ;
#3354 = CARTESIAN_POINT ( 'NONE',  ( -17.96402627556926745, 21.64350253610804486, -0.001141670511036047041 ) ) ;
#3355 = VERTEX_POINT ( 'NONE', #2597 ) ;
#3356 = CYLINDRICAL_SURFACE ( 'NONE', #6191, 2.000000000000001776 ) ;
#3357 = CARTESIAN_POINT ( 'NONE',  ( -22.10000000000000142, 17.75000000000000711, -1.000000000000000000 ) ) ;
#3358 = LINE ( 'NONE', #5902, #3963 ) ;
#3359 = DIRECTION ( 'NONE',  ( 1.000000000000000000, 0.000000000000000000, 0.000000000000000000 ) ) ;
#3360 = EDGE_CURVE ( 'NONE', #5427, #3940, #4155, .T. ) ;
#3361 = ORIENTED_EDGE ( 'NONE', *, *, #3033, .T. ) ;
#3362 = ORIENTED_EDGE ( 'NONE', *, *, #6145, .T. ) ;
#3363 = CARTESIAN_POINT ( 'NONE',  ( 6.944154063330265636, -39.49999999999999289, -4.549999999999999822 ) ) ;
#3364 = CARTESIAN_POINT ( 'NONE',  ( -10.45000000000000284, -39.49999999999999289, 2.250000000000000000 ) ) ;
#3365 = CARTESIAN_POINT ( 'NONE',  ( -23.83815345585689727, 17.22855396324287724, -3.000000000000000000 ) ) ;
#3366 = PRODUCT ( 'GoPro Harness Adapter', 'GoPro Harness Adapter', '', ( #41 ) ) ;
#3367 = ORIENTED_EDGE ( 'NONE', *, *, #4803, .F. ) ;
#3368 = LINE ( 'NONE', #3337, #1570 ) ;
#3369 = DIRECTION ( 'NONE',  ( 0.000000000000000000, 0.000000000000000000, -1.000000000000000000 ) ) ;
#3370 = CARTESIAN_POINT ( 'NONE',  ( -23.50000000000000355, 19.15000000000000568, -1.000000000000000000 ) ) ;
#3371 = CARTESIAN_POINT ( 'NONE',  ( -233.1464285714397704, -62.00000000000056843, -5.050000000000000711 ) ) ;
#3372 = CARTESIAN_POINT ( 'NONE',  ( 25.58621449537916348, 18.33621449537925230, -2.686370562400841155 ) ) ;
#3373 = CARTESIAN_POINT ( 'NONE',  ( -10.94999999999999396, -51.75000000000000000, 2.250000000000000000 ) ) ;
#3374 = EDGE_CURVE ( 'NONE', #3898, #2406, #4123, .T. ) ;
#3375 = VERTEX_POINT ( 'NONE', #2627 ) ;
#3376 = VERTEX_POINT ( 'NONE', #219 ) ;
#3377 = AXIS2_PLACEMENT_3D ( 'NONE', #5715, #5176, #6141 ) ;
#3378 = CARTESIAN_POINT ( 'NONE',  ( 10.95000000000000284, -39.99999999999999289, -1.249999999999999778 ) ) ;
#3379 = CARTESIAN_POINT ( 'NONE',  ( 10.33539793924566652, -62.59518443454111036, -1.426081070660441874 ) ) ;
#3380 = CARTESIAN_POINT ( 'NONE',  ( 26.39999999517483786, -19.14999999517435825, -1.222876090095262436 ) ) ;
#3381 = FACE_OUTER_BOUND ( 'NONE', #2530, .T. ) ;
#3382 = EDGE_CURVE ( 'NONE', #3321, #6115, #5914, .T. ) ;
#3383 = CIRCLE ( 'NONE', #531, 0.5000000000000004441 ) ;
#3384 = ORIENTED_EDGE ( 'NONE', *, *, #5739, .F. ) ;
#3385 = LINE ( 'NONE', #5360, #6314 ) ;
#3386 = ORIENTED_EDGE ( 'NONE', *, *, #4947, .F. ) ;
#3387 = CARTESIAN_POINT ( 'NONE',  ( 18.25000000000001066, -23.24999999999999289, -8.900000000000005684 ) ) ;
#3388 = PLANE ( 'NONE',  #1459 ) ;
#3389 = AXIS2_PLACEMENT_3D ( 'NONE', #6316, #5131, #706 ) ;
#3390 = CARTESIAN_POINT ( 'NONE',  ( 1.239311984604849926, 23.23104693503420037, -8.900000000000005684 ) ) ;
#3391 = AXIS2_PLACEMENT_3D ( 'NONE', #4389, #5265, #2371 ) ;
#3392 = ORIENTED_EDGE ( 'NONE', *, *, #4230, .F. ) ;
#3393 = VECTOR ( 'NONE', #3194, 1000.000000000000000 ) ;
#3394 = ORIENTED_EDGE ( 'NONE', *, *, #6223, .F. ) ;
#3395 = CYLINDRICAL_SURFACE ( 'NONE', #5975, 13.86419377152116716 ) ;
#3396 = CARTESIAN_POINT ( 'NONE',  ( 14.46124177720436954, 22.65414308338061744, -0.7241282318738854196 ) ) ;
#3397 = CARTESIAN_POINT ( 'NONE',  ( -10.44999999999999041, -61.70016618792966767, -2.249999999999999556 ) ) ;
#3398 = CIRCLE ( 'NONE', #5573, 0.5000000000000004441 ) ;
#3399 = DIRECTION ( 'NONE',  ( 1.000000000000000000, 0.000000000000000000, 0.000000000000000000 ) ) ;
#3400 = ORIENTED_EDGE ( 'NONE', *, *, #3727, .F. ) ;
#3401 = CARTESIAN_POINT ( 'NONE',  ( 13.87500000000000355, -39.49999999999999289, 2.250000000000000444 ) ) ;
#3402 = CARTESIAN_POINT ( 'NONE',  ( -9.450000000000004619, -61.99999999999999289, -4.549999999999999822 ) ) ;
#3403 = DIRECTION ( 'NONE',  ( -2.182042108146926555E-16, 1.000000000000000000, 0.000000000000000000 ) ) ;
#3404 = CARTESIAN_POINT ( 'NONE',  ( -24.57014966890321972, -17.32014966890300656, -3.000000011189123406 ) ) ;
#3405 = ADVANCED_FACE ( 'NONE', ( #5160 ), #5517, .F. ) ;
#3406 = CARTESIAN_POINT ( 'NONE',  ( 25.68886800734573228, 18.43886800734557596, -2.614074611183985208 ) ) ;
#3407 = EDGE_CURVE ( 'NONE', #1897, #2577, #190, .T. ) ;
#3408 = DIRECTION ( 'NONE',  ( -0.000000000000000000, -1.000000000000000000, -0.000000000000000000 ) ) ;
#3409 = ORIENTED_EDGE ( 'NONE', *, *, #1354, .T. ) ;
#3410 = ORIENTED_EDGE ( 'NONE', *, *, #4888, .T. ) ;
#3411 = VECTOR ( 'NONE', #3838, 1000.000000000000114 ) ;
#3412 = LINE ( 'NONE', #4969, #2736 ) ;
#3413 = DIRECTION ( 'NONE',  ( -0.000000000000000000, -0.000000000000000000, -1.000000000000000000 ) ) ;
#3414 = EDGE_CURVE ( 'NONE', #4633, #4006, #5920, .T. ) ;
#3415 = EDGE_CURVE ( 'NONE', #692, #5841, #1218, .T. ) ;
#3416 = CARTESIAN_POINT ( 'NONE',  ( 25.10155849473164125, -17.85155849473163414, -2.912993840311251414 ) ) ;
#3417 = DIRECTION ( 'NONE',  ( -1.000000000000000000, -2.500502307714316137E-16, -1.250251153857158069E-16 ) ) ;
#3418 = VERTEX_POINT ( 'NONE', #704 ) ;
#3419 = B_SPLINE_CURVE_WITH_KNOTS ( 'NONE', 3,
 ( #3429, #4563, #2984, #5908, #2000, #2581 ),
 .UNSPECIFIED., .F., .F.,
 ( 4, 2, 4 ),
 ( 0.000000000000000000, 0.0003938493438116560550, 0.0007876986876233121101 ),
 .UNSPECIFIED. ) ;
#3420 = LINE ( 'NONE', #3572, #993 ) ;
#3421 = VERTEX_POINT ( 'NONE', #6123 ) ;
#3422 = CARTESIAN_POINT ( 'NONE',  ( -8.765423875202548842, 25.25000000000000000, 2.250000000000000000 ) ) ;
#3423 = CARTESIAN_POINT ( 'NONE',  ( 28.75000000000000711, -18.49999999999999645, 2.250000000000000000 ) ) ;
#3424 = EDGE_CURVE ( 'NONE', #428, #5103, #732, .T. ) ;
#3425 = DIRECTION ( 'NONE',  ( 3.016910393003147592E-15, 1.000000000000000000, 0.000000000000000000 ) ) ;
#3426 = ORIENTED_EDGE ( 'NONE', *, *, #3271, .F. ) ;
#3427 = EDGE_LOOP ( 'NONE', ( #4520, #2020, #539, #3932 ) ) ;
#3428 = ORIENTED_EDGE ( 'NONE', *, *, #4279, .T. ) ;
#3429 = CARTESIAN_POINT ( 'NONE',  ( 7.948326093704751294, -39.99999999999999289, -5.050000000000000711 ) ) ;
#3430 = CARTESIAN_POINT ( 'NONE',  ( -3.585849056603378493, -52.49999999999977263, -1.250000000000000222 ) ) ;
#3431 = CARTESIAN_POINT ( 'NONE',  ( -23.50000000000000711, 17.75000000000000000, -1.000000000000000000 ) ) ;
#3432 = CARTESIAN_POINT ( 'NONE',  ( 19.65000000000001279, -21.54999999999999361, 0.000000000000000000 ) ) ;
#3433 = VERTEX_POINT ( 'NONE', #1634 ) ;
#3434 = LINE ( 'NONE', #3468, #146 ) ;
#3435 = DIRECTION ( 'NONE',  ( -1.000000000000000000, 0.000000000000000000, 0.000000000000000000 ) ) ;
#3436 = DIRECTION ( 'NONE',  ( 0.000000000000000000, 0.000000000000000000, 1.000000000000000000 ) ) ;
#3437 = DIRECTION ( 'NONE',  ( 0.000000000000000000, 1.000000000000000000, 0.000000000000000000 ) ) ;
#3438 = DIRECTION ( 'NONE',  ( 0.000000000000000000, 0.000000000000000000, -1.000000000000000000 ) ) ;
#3439 = ORIENTED_EDGE ( 'NONE', *, *, #5694, .T. ) ;
#3440 = ORIENTED_EDGE ( 'NONE', *, *, #1354, .F. ) ;
#3441 = ADVANCED_FACE ( 'NONE', ( #4027 ), #2208, .F. ) ;
#3442 = CARTESIAN_POINT ( 'NONE',  ( 22.10000000000000142, -17.75000000000000000, -1.000000000000000000 ) ) ;
#3443 = CIRCLE ( 'NONE', #4367, 2.500000000000000000 ) ;
#3444 = CARTESIAN_POINT ( 'NONE',  ( 24.40000000000000568, -17.75000000000000000, -3.000000000000000000 ) ) ;
#3445 = CARTESIAN_POINT ( 'NONE',  ( 24.66184654414308142, -17.22855396324301580, -3.000000000000000000 ) ) ;
#3446 = DIRECTION ( 'NONE',  ( 1.000000000000000000, -3.469446951953610639E-15, -0.000000000000000000 ) ) ;
#3447 = CIRCLE ( 'NONE', #3959, 1.000000000000000888 ) ;
#3448 = ORIENTED_EDGE ( 'NONE', *, *, #339, .T. ) ;
#3449 = EDGE_CURVE ( 'NONE', #63, #4096, #5998, .T. ) ;
#3450 = CARTESIAN_POINT ( 'NONE',  ( -3.469446951953614189E-15, 22.74999999999999645, -8.900000000000005684 ) ) ;
#3451 = ORIENTED_EDGE ( 'NONE', *, *, #5619, .F. ) ;
#3452 = ADVANCED_FACE ( 'NONE', ( #5032 ), #1126, .T. ) ;
#3453 = FACE_OUTER_BOUND ( 'NONE', #5212, .T. ) ;
#3454 = CARTESIAN_POINT ( 'NONE',  ( 25.75000000000001066, -21.49999999999999645, 2.250000000000000000 ) ) ;
#3455 = DIRECTION ( 'NONE',  ( 0.000000000000000000, 0.000000000000000000, 1.000000000000000000 ) ) ;
#3456 = CARTESIAN_POINT ( 'NONE',  ( 25.00000000000000000, 17.15000000000000213, -3.000000000000000000 ) ) ;
#3457 = EDGE_LOOP ( 'NONE', ( #769, #4718, #3197, #4778 ) ) ;
#3458 = EDGE_CURVE ( 'NONE', #1847, #6248, #6130, .T. ) ;
#3459 = VERTEX_POINT ( 'NONE', #2145 ) ;
#3460 = EDGE_CURVE ( 'NONE', #3375, #692, #1367, .T. ) ;
#3461 = DIRECTION ( 'NONE',  ( 1.000000000000000000, 0.000000000000000000, 0.000000000000000000 ) ) ;
#3462 = CARTESIAN_POINT ( 'NONE',  ( -28.75000000000001066, -18.49999999999999645, 2.250000000000000000 ) ) ;
#3463 = CARTESIAN_POINT ( 'NONE',  ( -23.56070021767167688, 18.94766594109438884, -1.886302363899252876 ) ) ;
#3464 = FACE_OUTER_BOUND ( 'NONE', #3858, .T. ) ;
#3465 = ORIENTED_EDGE ( 'NONE', *, *, #5747, .T. ) ;
#3466 = ADVANCED_FACE ( 'NONE', ( #4800 ), #4186, .F. ) ;
#3467 = CARTESIAN_POINT ( 'NONE',  ( 22.81113199265434588, 18.43886800734565767, -2.614074611184015406 ) ) ;
#3468 = CARTESIAN_POINT ( 'NONE',  ( -15.00000000000000355, -17.50000000000000000, 2.250000000000000000 ) ) ;
#3469 = CARTESIAN_POINT ( 'NONE',  ( 10.64236461346373019, -62.24235323382276164, -1.596051529526674395 ) ) ;
#3470 = DIRECTION ( 'NONE',  ( -1.000000000000000000, 0.000000000000000000, 0.000000000000000000 ) ) ;
#3471 = CARTESIAN_POINT ( 'NONE',  ( 10.95000000000000817, -61.99999999999999289, -2.184538389453066110 ) ) ;
#3472 = CARTESIAN_POINT ( 'NONE',  ( -24.96935565668521306, 19.04785218895078103, -1.644431365561073832 ) ) ;
#3473 = ORIENTED_EDGE ( 'NONE', *, *, #441, .F. ) ;
#3474 = VERTEX_POINT ( 'NONE', #3788 ) ;
#3475 = CARTESIAN_POINT ( 'NONE',  ( 22.50978472310943701, -17.62706458306714552, -2.219979545272551924 ) ) ;
#3476 = CARTESIAN_POINT ( 'NONE',  ( 20.00000000000000355, 21.50000000000000355, 2.250000000000000000 ) ) ;
#3477 = CARTESIAN_POINT ( 'NONE',  ( 25.89261163991402981, -18.64261163991418613, -2.425648136654462661 ) ) ;
#3478 = CARTESIAN_POINT ( 'NONE',  ( -25.57157287525381051, 17.50147186257614607, -3.000000000000000888 ) ) ;
#3479 = VERTEX_POINT ( 'NONE', #2771 ) ;
#3480 = VERTEX_POINT ( 'NONE', #4246 ) ;
#3481 = DIRECTION ( 'NONE',  ( 2.403139825818710681E-16, 1.000000000000000000, 0.000000000000000000 ) ) ;
#3482 = CARTESIAN_POINT ( 'NONE',  ( -19.55800580673316347, -21.57683163970283502, 2.258754526011435087E-18 ) ) ;
#3483 = CARTESIAN_POINT ( 'NONE',  ( -14.37500000000000000, -27.24999999999999645, -1.750000000000003775 ) ) ;
#3484 = EDGE_CURVE ( 'NONE', #3262, #1930, #1411, .T. ) ;
#3485 = CARTESIAN_POINT ( 'NONE',  ( 0.2682408670343486845, 22.80937797592994087, -8.899999999970638953 ) ) ;
#3486 = VECTOR ( 'NONE', #1238, 1000.000000000000000 ) ;
#3487 = ORIENTED_EDGE ( 'NONE', *, *, #3833, .T. ) ;
#3488 = ORIENTED_EDGE ( 'NONE', *, *, #2364, .T. ) ;
#3489 = VECTOR ( 'NONE', #2083, 1000.000000000000114 ) ;
#3490 = DIRECTION ( 'NONE',  ( 2.182042108146926802E-16, -1.000000000000000000, 0.000000000000000000 ) ) ;
#3491 = CARTESIAN_POINT ( 'NONE',  ( -10.94999999999999574, -39.50000000000000000, 2.249999999999997335 ) ) ;
#3492 = CARTESIAN_POINT ( 'NONE',  ( 25.75000000000001066, -21.49999999999999645, 2.250000000000000000 ) ) ;
#3493 = ADVANCED_FACE ( 'NONE', ( #3731 ), #1919, .T. ) ;
#3494 = AXIS2_PLACEMENT_3D ( 'NONE', #6087, #3127, #3064 ) ;
#3495 = FACE_OUTER_BOUND ( 'NONE', #858, .T. ) ;
#3496 = ORIENTED_EDGE ( 'NONE', *, *, #1940, .F. ) ;
#3497 = CARTESIAN_POINT ( 'NONE',  ( 22.24489407786775530, 19.00510592213231931, -1.839873476193779833 ) ) ;
#3498 = CARTESIAN_POINT ( 'NONE',  ( -10.44999999999998685, -61.88454422783550513, -1.800908780407486143 ) ) ;
#3499 = VECTOR ( 'NONE', #5663, 1000.000000000000000 ) ;
#3500 = CARTESIAN_POINT ( 'NONE',  ( 10.13913412860814134, -62.74978572552427636, -1.386090983880841954 ) ) ;
#3501 = DIRECTION ( 'NONE',  ( 0.000000000000000000, 0.000000000000000000, -1.000000000000000000 ) ) ;
#3502 = EDGE_CURVE ( 'NONE', #3515, #2708, #3761, .T. ) ;
#3503 = DIRECTION ( 'NONE',  ( -0.000000000000000000, -0.9575738647358476019, 0.2881879483511634588 ) ) ;
#3504 = CARTESIAN_POINT ( 'NONE',  ( -22.32442800095486746, -18.92557199904512544, -2.015003415307885515 ) ) ;
#3505 = TOROIDAL_SURFACE ( 'NONE', #6282, 0.2750055679356304128, 2.500000000000000000 ) ;
#3506 = ORIENTED_EDGE ( 'NONE', *, *, #2657, .T. ) ;
#3507 = ORIENTED_EDGE ( 'NONE', *, *, #2054, .F. ) ;
#3508 = CARTESIAN_POINT ( 'NONE',  ( 22.10000000000000142, -19.14999999999999858, -1.000000000000000000 ) ) ;
#3509 = CARTESIAN_POINT ( 'NONE',  ( -18.75000000000000000, -21.54999999999999716, 0.000000000000000000 ) ) ;
#3510 = LINE ( 'NONE', #97, #3707 ) ;
#3511 = AXIS2_PLACEMENT_3D ( 'NONE', #5990, #4991, #3501 ) ;
#3512 = CARTESIAN_POINT ( 'NONE',  ( -0.8533785680671795992, -23.13073010791099549, -8.900000000000005684 ) ) ;
#3513 = TOROIDAL_SURFACE ( 'NONE', #46, 0.2499999999999989175, 0.5000000000000000000 ) ;
#3514 = ORIENTED_EDGE ( 'NONE', *, *, #3334, .F. ) ;
#3515 = VERTEX_POINT ( 'NONE', #3824 ) ;
#3516 = DIRECTION ( 'NONE',  ( -2.403139825818710681E-16, -1.000000000000000000, -0.000000000000000000 ) ) ;
#3517 = CARTESIAN_POINT ( 'NONE',  ( 14.37500000000000000, -27.24999999999999645, 2.250000000000000444 ) ) ;
#3518 = DIRECTION ( 'NONE',  ( -0.000000000000000000, -0.000000000000000000, 1.000000000000000000 ) ) ;
#3519 = CIRCLE ( 'NONE', #2806, 242.0964285714397874 ) ;
#3520 = CYLINDRICAL_SURFACE ( 'NONE', #1456, 0.5000000000000004441 ) ;
#3521 = VERTEX_POINT ( 'NONE', #345 ) ;
#3522 = ORIENTED_EDGE ( 'NONE', *, *, #3063, .F. ) ;
#3523 = EDGE_CURVE ( 'NONE', #3459, #1795, #2429, .T. ) ;
#3524 = FACE_OUTER_BOUND ( 'NONE', #6170, .T. ) ;
#3525 = DIRECTION ( 'NONE',  ( 0.000000000000000000, 0.000000000000000000, 1.000000000000000000 ) ) ;
#3526 = DIRECTION ( 'NONE',  ( 0.000000000000000000, 0.000000000000000000, 1.000000000000000000 ) ) ;
#3527 = CARTESIAN_POINT ( 'NONE',  ( -22.11289218714818006, 17.74613234385555671, -1.261796208304258204 ) ) ;
#3528 = FACE_OUTER_BOUND ( 'NONE', #4623, .T. ) ;
#3529 = ORIENTED_EDGE ( 'NONE', *, *, #5700, .T. ) ;
#3530 = ADVANCED_FACE ( 'NONE', ( #2356 ), #3277, .F. ) ;
#3531 = EDGE_CURVE ( 'NONE', #263, #923, #4071, .T. ) ;
#3532 =( BOUNDED_SURFACE ( )  B_SPLINE_SURFACE ( 3, 2, ( 
 ( #3442, #3508, #1025 ),
 ( #5958, #5861, #3036 ),
 ( #2497, #5515, #124 ),
 ( #2968, #639, #4929 ),
 ( #5483, #507, #5031 ),
 ( #1093, #4899, #2079 ),
 ( #4026, #1533, #1981 ),
 ( #3475, #4453, #3066 ),
 ( #65, #2014, #5444 ),
 ( #3573, #5127, #761 ),
 ( #702, #731, #5065 ),
 ( #3099, #1188, #2626 ),
 ( #1220, #3160, #2715 ),
 ( #1699, #250, #2742 ) ),
 .UNSPECIFIED., .F., .F., .F. ) 
 B_SPLINE_SURFACE_WITH_KNOTS ( ( 4, 2, 2, 2, 2, 2, 4 ),
 ( 3, 3 ),
 ( 6.283185307179586232, 6.479534848028948524, 6.675884388878310816, 6.872233929727672219, 7.068583470577034511, 7.461282552275758206, 7.853981633974482790 ),
 ( 0.000000000000000000, 1.000000000000000000 ),
 .UNSPECIFIED. ) 
 GEOMETRIC_REPRESENTATION_ITEM ( )  RATIONAL_B_SPLINE_SURFACE ( (
 ( 1.000000000000000000, 0.7071067811865483499, 1.000000000000000000),
 ( 1.000000000000000000, 0.7070717092840016482, 1.000000000000000000),
 ( 1.000000000000000000, 0.7117460279512806132, 1.000000000000000000),
 ( 1.000000000000000000, 0.7291288685920374046, 1.000000000000000000),
 ( 1.000000000000000000, 0.7418334521775253876, 1.000000000000000000),
 ( 1.000000000000000000, 0.7723967875196772193, 1.000000000000000000),
 ( 1.000000000000000000, 0.7902180383823177445, 1.000000000000000000),
 ( 1.000000000000000000, 0.8275942398610235395, 1.000000000000000000),
 ( 1.000000000000000000, 0.8471316817888118189, 1.000000000000000000),
 ( 1.000000000000000000, 0.9038128477756900425, 1.000000000000000000),
 ( 1.000000000000000000, 0.9386556673818239327, 1.000000000000000000),
 ( 1.000000000000000000, 0.9867291723804884063, 1.000000000000000000),
 ( 1.000000000000000000, 1.000158593443184696, 1.000000000000000000),
 ( 1.000000000000000000, 1.000000000000000000, 1.000000000000000000) ) ) 
 REPRESENTATION_ITEM ( '' )  SURFACE ( )  );
#3533 = CARTESIAN_POINT ( 'NONE',  ( -1.506651917331948587, 23.25000000000004619, -8.400000000000003908 ) ) ;
#3534 = CARTESIAN_POINT ( 'NONE',  ( -13.87499999999999645, -39.50000000000000000, -1.750000000000003331 ) ) ;
#3535 = CARTESIAN_POINT ( 'NONE',  ( 10.45000000000000639, -52.25000000000000000, -1.250000000000000222 ) ) ;
#3536 = CARTESIAN_POINT ( 'NONE',  ( -2.433630889136432293E-15, -21.35000000000000142, -6.380000000000024762 ) ) ;
#3537 = FACE_OUTER_BOUND ( 'NONE', #440, .T. ) ;
#3538 = VERTEX_POINT ( 'NONE', #885 ) ;
#3539 = CIRCLE ( 'NONE', #5191, 0.5000000000000004441 ) ;
#3540 = EDGE_CURVE ( 'NONE', #1434, #2464, #2743, .T. ) ;
#3541 = CARTESIAN_POINT ( 'NONE',  ( -10.44999999999999574, -38.99999999999999289, -8.400000000000003908 ) ) ;
#3542 = CARTESIAN_POINT ( 'NONE',  ( 28.75000000000000711, 18.49999999999999645, 2.250000000000000000 ) ) ;
#3543 = CARTESIAN_POINT ( 'NONE',  ( -15.00000000000000355, 17.50000000000000000, 2.250000000000000000 ) ) ;
#3544 = LINE ( 'NONE', #6125, #3489 ) ;
#3545 = VERTEX_POINT ( 'NONE', #5698 ) ;
#3546 = TOROIDAL_SURFACE ( 'NONE', #5511, 11.66415094339659930, 0.5000000000000000000 ) ;
#3547 = ORIENTED_EDGE ( 'NONE', *, *, #5309, .F. ) ;
#3548 = CARTESIAN_POINT ( 'NONE',  ( -2.770070464751050862E-15, -22.75000000000000000, -8.900000000000005684 ) ) ;
#3549 = CARTESIAN_POINT ( 'NONE',  ( -18.75000000000000355, -22.75000000000000711, -1.008119753193309487 ) ) ;
#3550 = DIRECTION ( 'NONE',  ( 0.000000000000000000, 1.000000000000000000, 0.000000000000000000 ) ) ;
#3551 = CARTESIAN_POINT ( 'NONE',  ( -20.00000000000000355, 21.50000000000000000, 0.000000000000000000 ) ) ;
#3552 = AXIS2_PLACEMENT_3D ( 'NONE', #4900, #5960, #3006 ) ;
#3553 = VERTEX_POINT ( 'NONE', #917 ) ;
#3554 = VERTEX_POINT ( 'NONE', #5792 ) ;
#3555 = VECTOR ( 'NONE', #3648, 1000.000000000000000 ) ;
#3556 = AXIS2_PLACEMENT_3D ( 'NONE', #176, #4342, #5564 ) ;
#3557 = DIRECTION ( 'NONE',  ( 0.000000000000000000, -1.000000000000000000, 0.000000000000000000 ) ) ;
#3558 = CARTESIAN_POINT ( 'NONE',  ( -1.424822011038896941, 22.81103416056953392, -8.899999999999778311 ) ) ;
#3559 = DIRECTION ( 'NONE',  ( -1.000000000000000000, 0.000000000000000000, 0.000000000000000000 ) ) ;
#3560 = DIRECTION ( 'NONE',  ( 1.000000000000000000, 0.000000000000000000, 0.000000000000000000 ) ) ;
#3561 = EDGE_CURVE ( 'NONE', #1668, #6302, #4519, .T. ) ;
#3562 = AXIS2_PLACEMENT_3D ( 'NONE', #4192, #1289, #3348 ) ;
#3563 = ORIENTED_EDGE ( 'NONE', *, *, #1165, .F. ) ;
#3564 = ORIENTED_EDGE ( 'NONE', *, *, #3734, .T. ) ;
#3565 = CARTESIAN_POINT ( 'NONE',  ( 23.83815345585691858, 17.22855396324302291, -3.000000000000000000 ) ) ;
#3566 = DIRECTION ( 'NONE',  ( -0.000000000000000000, -0.000000000000000000, 1.000000000000000000 ) ) ;
#3567 = CARTESIAN_POINT ( 'NONE',  ( -13.87499999999999645, -39.50000000000000000, -1.750000000000003331 ) ) ;
#3568 = DIRECTION ( 'NONE',  ( -0.000000000000000000, -0.000000000000000000, -1.000000000000000000 ) ) ;
#3569 = EDGE_CURVE ( 'NONE', #4538, #1346, #792, .T. ) ;
#3570 = CARTESIAN_POINT ( 'NONE',  ( -23.94295125126071966, -17.67349582913086437, -2.947945328313029023 ) ) ;
#3571 = ORIENTED_EDGE ( 'NONE', *, *, #2294, .F. ) ;
#3572 = CARTESIAN_POINT ( 'NONE',  ( 10.94999999999999929, -26.74999999999999645, -1.749999999999999778 ) ) ;
#3573 = CARTESIAN_POINT ( 'NONE',  ( 22.87090650291423799, -17.51872804912579085, -2.599333627660429080 ) ) ;
#3574 = DIRECTION ( 'NONE',  ( 0.000000000000000000, 0.000000000000000000, 1.000000000000000000 ) ) ;
#3575 = CARTESIAN_POINT ( 'NONE',  ( -28.75000000000001066, 18.50000000000000355, 0.000000000000000000 ) ) ;
#3576 = EDGE_CURVE ( 'NONE', #3665, #4812, #1399, .T. ) ;
#3577 = DIRECTION ( 'NONE',  ( 1.000000000000000000, 0.000000000000000000, 0.000000000000000000 ) ) ;
#3578 = EDGE_CURVE ( 'NONE', #1113, #1037, #5756, .T. ) ;
#3579 = VERTEX_POINT ( 'NONE', #3253 ) ;
#3580 = ORIENTED_EDGE ( 'NONE', *, *, #872, .F. ) ;
#3581 = FACE_OUTER_BOUND ( 'NONE', #2631, .T. ) ;
#3582 = CARTESIAN_POINT ( 'NONE',  ( 23.50000000000000355, 17.75000000000000000, -3.000000000000000000 ) ) ;
#3583 = DIRECTION ( 'NONE',  ( 1.000000000000000000, 0.000000000000000000, -0.000000000000000000 ) ) ;
#3584 = CARTESIAN_POINT ( 'NONE',  ( -0.9802363246657291862, 23.17155498488060772, -8.900000000000005684 ) ) ;
#3585 = ADVANCED_FACE ( 'NONE', ( #5188 ), #3223, .F. ) ;
#3586 = EDGE_LOOP ( 'NONE', ( #513, #4080, #5120, #3228, #5685, #3896, #4851, #2720, #4377, #1159, #5737, #2271, #4856, #5866, #5102, #5193, #115 ) ) ;
#3587 = ORIENTED_EDGE ( 'NONE', *, *, #496, .F. ) ;
#3588 = CARTESIAN_POINT ( 'NONE',  ( 10.45000000000000817, -61.85193392241706078, -2.229099791690321020 ) ) ;
#3589 = FACE_OUTER_BOUND ( 'NONE', #2646, .T. ) ;
#3590 = CARTESIAN_POINT ( 'NONE',  ( 20.00000000000000000, -12.50000000000000000, 0.000000000000000000 ) ) ;
#3591 = CARTESIAN_POINT ( 'NONE',  ( -23.50000000004537881, 19.15000000000000213, -1.130901135795393087 ) ) ;
#3592 = VERTEX_POINT ( 'NONE', #2266 ) ;
#3593 = VERTEX_POINT ( 'NONE', #4215 ) ;
#3594 = VECTOR ( 'NONE', #6143, 1000.000000000000000 ) ;
#3595 = CARTESIAN_POINT ( 'NONE',  ( 23.57650417086915340, 17.30704874873927324, -2.947945328313042790 ) ) ;
#3596 = CARTESIAN_POINT ( 'NONE',  ( -15.00000000000000355, 17.50000000000000000, 0.000000000000000000 ) ) ;
#3597 = CARTESIAN_POINT ( 'NONE',  ( -10.44999999999999929, -26.75000000000000000, -1.750000000000002442 ) ) ;
#3598 = CARTESIAN_POINT ( 'NONE',  ( 13.87500000000000178, -27.24999999999999645, -1.749999999999999778 ) ) ;
#3599 = AXIS2_PLACEMENT_3D ( 'NONE', #6349, #928, #1567 ) ;
#3600 = AXIS2_PLACEMENT_3D ( 'NONE', #4558, #1135, #3583 ) ;
#3601 = CARTESIAN_POINT ( 'NONE',  ( -22.50681726654198656, -18.74318273345800634, -2.307588957422785025 ) ) ;
#3602 = ORIENTED_EDGE ( 'NONE', *, *, #1712, .F. ) ;
#3603 = VECTOR ( 'NONE', #755, 1000.000000000000000 ) ;
#3604 = EDGE_CURVE ( 'NONE', #6002, #2916, #4045, .T. ) ;
#3605 = CARTESIAN_POINT ( 'NONE',  ( 15.24999999999997868, -52.49999999999999289, -1.250000000000000222 ) ) ;
#3606 = FACE_OUTER_BOUND ( 'NONE', #422, .T. ) ;
#3607 = DIRECTION ( 'NONE',  ( 1.000000000000000000, 0.000000000000000000, 0.000000000000000000 ) ) ;
#3608 = CIRCLE ( 'NONE', #1566, 2.500000000000000000 ) ;
#3609 = CARTESIAN_POINT ( 'NONE',  ( -0.4782012621600163493, -22.98842844650554795, -8.900000000000005684 ) ) ;
#3610 =( BOUNDED_CURVE ( )  B_SPLINE_CURVE ( 3, ( #5259, #5800, #1342, #803 ),
 .UNSPECIFIED., .F., .T. ) 
 B_SPLINE_CURVE_WITH_KNOTS ( ( 4, 4 ),
 ( 1.570796326794898334, 3.141592653589793116 ),
 .UNSPECIFIED. ) 
 CURVE ( )  GEOMETRIC_REPRESENTATION_ITEM ( )  RATIONAL_B_SPLINE_CURVE ( ( 1.000000000000000000, 0.8047378541243654926, 0.8047378541243654926, 1.000000000000000000 ) ) 
 REPRESENTATION_ITEM ( '' )  );
#3611 = ORIENTED_EDGE ( 'NONE', *, *, #2391, .F. ) ;
#3612 = ORIENTED_EDGE ( 'NONE', *, *, #3460, .T. ) ;
#3613 = ADVANCED_FACE ( 'NONE', ( #2130 ), #4077, .T. ) ;
#3614 = DIRECTION ( 'NONE',  ( 0.000000000000000000, 0.000000000000000000, -1.000000000000000000 ) ) ;
#3615 = ADVANCED_FACE ( 'NONE', ( #4010 ), #5979, .T. ) ;
#3616 = TOROIDAL_SURFACE ( 'NONE', #4334, 1.000000000000000000, 0.5000000000000000000 ) ;
#3617 = LINE ( 'NONE', #6034, #4962 ) ;
#3618 = CARTESIAN_POINT ( 'NONE',  ( -9.450000000000004619, -39.99999999999999289, -5.550000000000000711 ) ) ;
#3619 = CIRCLE ( 'NONE', #860, 0.5000000000000004441 ) ;
#3620 = DIRECTION ( 'NONE',  ( -0.000000000000000000, -0.000000000000000000, -1.000000000000000000 ) ) ;
#3621 = CIRCLE ( 'NONE', #249, 2.850000000000003642 ) ;
#3622 = ORIENTED_EDGE ( 'NONE', *, *, #3414, .T. ) ;
#3623 = EDGE_LOOP ( 'NONE', ( #722, #4238, #79, #4616 ) ) ;
#3624 = AXIS2_PLACEMENT_3D ( 'NONE', #5771, #5363, #451 ) ;
#3625 = ADVANCED_FACE ( 'NONE', ( #466 ), #1221, .T. ) ;
#3626 = CARTESIAN_POINT ( 'NONE',  ( 233.1464285714397704, -62.00000000000056843, -5.050000000000000711 ) ) ;
#3627 = DIRECTION ( 'NONE',  ( -0.000000000000000000, -0.000000000000000000, -1.000000000000000000 ) ) ;
#3628 = CARTESIAN_POINT ( 'NONE',  ( -24.87706458306722723, -18.74021527689062694, -2.219979545272438681 ) ) ;
#3629 = CARTESIAN_POINT ( 'NONE',  ( -23.50000000000001066, 19.15000000000000213, -0.9999999999999985567 ) ) ;
#3630 = CIRCLE ( 'NONE', #2512, 1.399999999999998579 ) ;
#3631 = AXIS2_PLACEMENT_3D ( 'NONE', #6266, #877, #2828 ) ;
#3632 = CARTESIAN_POINT ( 'NONE',  ( -8.450000000000013500, -62.00000000000000000, -5.050000000000000711 ) ) ;
#3633 = ORIENTED_EDGE ( 'NONE', *, *, #5638, .T. ) ;
#3634 = EDGE_LOOP ( 'NONE', ( #6209, #2914, #3859, #1097 ) ) ;
#3635 = CARTESIAN_POINT ( 'NONE',  ( -3.585849056603378493, -52.25000000000000000, -1.250000000000000222 ) ) ;
#3636 = DIRECTION ( 'NONE',  ( 0.000000000000000000, 0.000000000000000000, 1.000000000000000000 ) ) ;
#3637 = DIRECTION ( 'NONE',  ( -2.182042108146926802E-16, 1.000000000000000000, 0.000000000000000000 ) ) ;
#3638 = CARTESIAN_POINT ( 'NONE',  ( 10.45000000000000284, -39.49999999999999289, -2.250000000000000000 ) ) ;
#3639 = CARTESIAN_POINT ( 'NONE',  ( 13.87500000000000355, -39.49999999999999289, 2.250000000000000444 ) ) ;
#3640 = VERTEX_POINT ( 'NONE', #502 ) ;
#3641 = CARTESIAN_POINT ( 'NONE',  ( 7.948326093704751294, -39.99999999999999289, -5.050000000000000711 ) ) ;
#3642 = CARTESIAN_POINT ( 'NONE',  ( -10.94999999999999396, -51.25000000000000000, -1.250000000000000222 ) ) ;
#3643 = CARTESIAN_POINT ( 'NONE',  ( -15.00000000000000711, -52.50000000000000000, -1.250000000000000222 ) ) ;
#3644 = LINE ( 'NONE', #6058, #4111 ) ;
#3645 = EDGE_CURVE ( 'NONE', #5103, #1979, #5179, .T. ) ;
#3646 = ORIENTED_EDGE ( 'NONE', *, *, #6207, .T. ) ;
#3647 = ORIENTED_EDGE ( 'NONE', *, *, #1465, .F. ) ;
#3648 = DIRECTION ( 'NONE',  ( -1.954618001100627820E-16, -1.000000000000000000, -0.000000000000000000 ) ) ;
#3649 = FACE_OUTER_BOUND ( 'NONE', #5769, .T. ) ;
#3650 = CARTESIAN_POINT ( 'NONE',  ( 1.506651917331937041, -22.74999999999999645, -8.400000000000012790 ) ) ;
#3651 = CIRCLE ( 'NONE', #4258, 2.500000000000000000 ) ;
#3652 = CARTESIAN_POINT ( 'NONE',  ( -10.75925782305609602, -62.05457448270545484, -1.665604535988341350 ) ) ;
#3653 = EDGE_CURVE ( 'NONE', #1096, #394, #3055, .T. ) ;
#3654 = ADVANCED_FACE ( 'NONE', ( #4825 ), #5824, .F. ) ;
#3655 = ORIENTED_EDGE ( 'NONE', *, *, #3097, .T. ) ;
#3656 = ORIENTED_EDGE ( 'NONE', *, *, #5846, .T. ) ;
#3657 = CARTESIAN_POINT ( 'NONE',  ( 10.45000000000000817, -61.54553470576539809, -1.750000000000000222 ) ) ;
#3658 = CARTESIAN_POINT ( 'NONE',  ( -25.75000000000001421, 18.50000000000000355, 2.250000000000000000 ) ) ;
#3659 = CARTESIAN_POINT ( 'NONE',  ( -25.99021527689064825, -17.62706458306720236, -2.219979545272438681 ) ) ;
#3660 = CARTESIAN_POINT ( 'NONE',  ( 13.37500000000000000, -27.24999999999999645, -2.250000000000000000 ) ) ;
#3661 = AXIS2_PLACEMENT_3D ( 'NONE', #6093, #1189, #2080 ) ;
#3662 = CARTESIAN_POINT ( 'NONE',  ( -10.94999999999999218, -61.54553470576540519, -1.750000000000000222 ) ) ;
#3663 = ADVANCED_FACE ( 'NONE', ( #6306 ), #2452, .T. ) ;
#3664 = EDGE_CURVE ( 'NONE', #255, #3729, #3082, .T. ) ;
#3665 = VERTEX_POINT ( 'NONE', #949 ) ;
#3666 = ORIENTED_EDGE ( 'NONE', *, *, #3189, .T. ) ;
#3667 = EDGE_LOOP ( 'NONE', ( #5428, #1912, #3988, #1680 ) ) ;
#3668 = CARTESIAN_POINT ( 'NONE',  ( 19.65000000000001279, -21.54999999999999361, 0.000000000000000000 ) ) ;
#3669 = DIRECTION ( 'NONE',  ( -0.000000000000000000, -0.000000000000000000, 1.000000000000000000 ) ) ;
#3670 = SPHERICAL_SURFACE ( 'NONE', #2198, 0.5000000000000000000 ) ;
#3671 = CIRCLE ( 'NONE', #3057, 2.350000000000003197 ) ;
#3672 = CARTESIAN_POINT ( 'NONE',  ( -22.10000000000000497, -17.74999999995462119, -1.130901135795386869 ) ) ;
#3673 = EDGE_CURVE ( 'NONE', #3880, #2188, #3052, .T. ) ;
#3674 = EDGE_LOOP ( 'NONE', ( #6146, #3386, #5795, #2325 ) ) ;
#3675 = DIRECTION ( 'NONE',  ( 0.000000000000000000, 0.000000000000000000, -1.000000000000000000 ) ) ;
#3676 = CARTESIAN_POINT ( 'NONE',  ( 18.75000000000000711, -22.74999999999999289, -8.400000000000003908 ) ) ;
#3677 = CARTESIAN_POINT ( 'NONE',  ( -24.66184654414310984, 17.22855396324287724, -3.000000000000000000 ) ) ;
#3678 = ORIENTED_EDGE ( 'NONE', *, *, #1796, .F. ) ;
#3679 = ORIENTED_EDGE ( 'NONE', *, *, #2978, .F. ) ;
#3680 = CARTESIAN_POINT ( 'NONE',  ( -2.770070464751050862E-15, 22.75000000000000000, -6.380000000000024762 ) ) ;
#3681 = DIRECTION ( 'NONE',  ( -1.000000000000000000, 0.000000000000000000, 0.000000000000000000 ) ) ;
#3682 = DIRECTION ( 'NONE',  ( 0.000000000000000000, 0.000000000000000000, 1.000000000000000000 ) ) ;
#3683 = DIRECTION ( 'NONE',  ( 0.000000000000000000, 0.000000000000000000, 1.000000000000000000 ) ) ;
#3684 = ORIENTED_EDGE ( 'NONE', *, *, #10, .F. ) ;
#3685 = EDGE_LOOP ( 'NONE', ( #2367, #3766, #980, #2569, #6152, #2303, #6045, #840, #4787 ) ) ;
#3686 = DIRECTION ( 'NONE',  ( 0.000000000000000000, 0.000000000000000000, 1.000000000000000000 ) ) ;
#3687 = CARTESIAN_POINT ( 'NONE',  ( -0.2392288822232790380, 22.86901962757271889, -8.900000000000011013 ) ) ;
#3688 = ADVANCED_FACE ( 'NONE', ( #2931 ), #2098, .T. ) ;
#3689 = CARTESIAN_POINT ( 'NONE',  ( -24.98080999262833402, -19.08603330876109538, -1.518565079760252123 ) ) ;
#3690 = ADVANCED_FACE ( 'NONE', ( #6042 ), #1177, .F. ) ;
#3691 = DIRECTION ( 'NONE',  ( 1.000000000000000000, 0.000000000000000000, 0.000000000000000000 ) ) ;
#3692 = VECTOR ( 'NONE', #111, 1000.000000000000000 ) ;
#3693 = ORIENTED_EDGE ( 'NONE', *, *, #5472, .F. ) ;
#3694 = CARTESIAN_POINT ( 'NONE',  ( -9.450000000000004619, -61.99999999999999289, -4.549999999999999822 ) ) ;
#3695 = CARTESIAN_POINT ( 'NONE',  ( 1.372049053036240807, 23.25000000000000355, -8.900000000000005684 ) ) ;
#3696 = EDGE_CURVE ( 'NONE', #490, #4040, #5343, .T. ) ;
#3697 = CARTESIAN_POINT ( 'NONE',  ( 9.950000000000002842, -39.49999999999999289, -4.549999999999999822 ) ) ;
#3698 = AXIS2_PLACEMENT_3D ( 'NONE', #4723, #6200, #813 ) ;
#3699 = ORIENTED_EDGE ( 'NONE', *, *, #5087, .F. ) ;
#3700 = CARTESIAN_POINT ( 'NONE',  ( 7.685930303685080567, -39.49999999999999289, -5.524099792437517920 ) ) ;
#3701 = ADVANCED_FACE ( 'NONE', ( #4861 ), #343, .T. ) ;
#3702 = VECTOR ( 'NONE', #4746, 1000.000000000000000 ) ;
#3703 = CARTESIAN_POINT ( 'NONE',  ( 15.90000000000000036, -26.74999999999999645, 2.250000000000000000 ) ) ;
#3704 = DIRECTION ( 'NONE',  ( 1.000000000000000000, 0.000000000000000000, 0.000000000000000000 ) ) ;
#3705 = DIRECTION ( 'NONE',  ( 0.000000000000000000, 1.000000000000000000, 0.000000000000000000 ) ) ;
#3706 = ORIENTED_EDGE ( 'NONE', *, *, #2331, .T. ) ;
#3707 = VECTOR ( 'NONE', #2172, 1000.000000000000000 ) ;
#3708 = VERTEX_POINT ( 'NONE', #5596 ) ;
#3709 = DIRECTION ( 'NONE',  ( -0.000000000000000000, -0.000000000000000000, 1.000000000000000000 ) ) ;
#3710 = DIRECTION ( 'NONE',  ( -1.000000000000000000, 0.000000000000000000, 0.000000000000000000 ) ) ;
#3711 = CARTESIAN_POINT ( 'NONE',  ( -9.950000000000004619, 9.545306638761545059, -8.900000000000005684 ) ) ;
#3712 = AXIS2_PLACEMENT_3D ( 'NONE', #5812, #3813, #5333 ) ;
#3713 = DIRECTION ( 'NONE',  ( -0.000000000000000000, -0.000000000000000000, -1.000000000000000000 ) ) ;
#3714 = ORIENTED_EDGE ( 'NONE', *, *, #2996, .T. ) ;
#3715 = VERTEX_POINT ( 'NONE', #6074 ) ;
#3716 = CARTESIAN_POINT ( 'NONE',  ( 10.45000000000014495, -61.76516931537157973, -1.805390912119004820 ) ) ;
#3717 = CARTESIAN_POINT ( 'NONE',  ( -2.736663982725949735E-15, 22.75000000000000000, -8.900000000000011013 ) ) ;
#3718 = CARTESIAN_POINT ( 'NONE',  ( -26.40000000000001634, -19.14999999999998792, -0.9999999999999974465 ) ) ;
#3719 = CARTESIAN_POINT ( 'NONE',  ( -14.24691522495949059, 22.74999999999999645, -1.199999999999999734 ) ) ;
#3720 = VECTOR ( 'NONE', #786, 1000.000000000000000 ) ;
#3721 = EDGE_CURVE ( 'NONE', #5481, #4840, #4626, .T. ) ;
#3722 = AXIS2_PLACEMENT_3D ( 'NONE', #4907, #515, #4420 ) ;
#3723 = VERTEX_POINT ( 'NONE', #5717 ) ;
#3724 = CARTESIAN_POINT ( 'NONE',  ( -6.944154085763308615, -39.49999999999999289, -4.681161406865891550 ) ) ;
#3725 = DIRECTION ( 'NONE',  ( 1.000000000000000000, 0.000000000000000000, 0.000000000000000000 ) ) ;
#3726 = CARTESIAN_POINT ( 'NONE',  ( 20.00000000000000355, 21.50000000000000355, 2.250000000000000000 ) ) ;
#3727 = EDGE_CURVE ( 'NONE', #1897, #77, #3118, .T. ) ;
#3728 = ADVANCED_FACE ( 'NONE', ( #1776 ), #1297, .T. ) ;
#3729 = VERTEX_POINT ( 'NONE', #6111 ) ;
#3730 = DIRECTION ( 'NONE',  ( 1.000000000000000000, 0.000000000000000000, 0.000000000000000000 ) ) ;
#3731 = FACE_OUTER_BOUND ( 'NONE', #481, .T. ) ;
#3732 = CARTESIAN_POINT ( 'NONE',  ( 23.49999999999999645, -17.75000000000000000, 0.000000000000000000 ) ) ;
#3733 = CARTESIAN_POINT ( 'NONE',  ( -24.76872804912562742, 18.37909349708557727, -2.599333627660618262 ) ) ;
#3734 = EDGE_CURVE ( 'NONE', #2775, #3640, #5143, .T. ) ;
#3735 = VERTEX_POINT ( 'NONE', #4722 ) ;
#3736 = ORIENTED_EDGE ( 'NONE', *, *, #4195, .T. ) ;
#3737 = LINE ( 'NONE', #710, #5624 ) ;
#3738 =( BOUNDED_SURFACE ( )  B_SPLINE_SURFACE ( 3, 2, ( 
 ( #5251, #4280, #3226 ),
 ( #3677, #1253, #2811 ),
 ( #5163, #766, #795 ),
 ( #2719, #4677, #281 ),
 ( #4709, #1793, #3733 ),
 ( #5701, #575, #1910 ),
 ( #4925, #5379, #2387 ),
 ( #5921, #5825, #5888 ),
 ( #3827, #2011, #437 ),
 ( #5441, #1052, #3472 ),
 ( #1466, #4344, #919 ),
 ( #4446, #1877, #3857 ),
 ( #1975, #3921, #3953 ),
 ( #5794, #4829, #468 ) ),
 .UNSPECIFIED., .F., .F., .T. ) 
 B_SPLINE_SURFACE_WITH_KNOTS ( ( 4, 2, 2, 2, 2, 2, 4 ),
 ( 3, 3 ),
 ( 1.570796326794896558, 1.963495408493620697, 2.356194490192344837, 2.552544031041707129, 2.748893571891068976, 2.945243112740430824, 3.141592653589793116 ),
 ( 0.000000000000000000, 1.000000000000000000 ),
 .UNSPECIFIED. ) 
 GEOMETRIC_REPRESENTATION_ITEM ( )  RATIONAL_B_SPLINE_SURFACE ( (
 ( 1.000000000000000000, 1.000000000000000000, 1.000000000000000000),
 ( 1.000000000000000000, 1.000158593443226884, 1.000000000000000000),
 ( 1.000000000000000000, 0.9867291723804312298, 1.000000000000000000),
 ( 1.000000000000000000, 0.9386556673818822194, 1.000000000000000000),
 ( 1.000000000000000000, 0.9038128477757227941, 1.000000000000000000),
 ( 1.000000000000000000, 0.8471316817887964978, 1.000000000000000000),
 ( 1.000000000000000000, 0.8275942398610020012, 1.000000000000000000),
 ( 1.000000000000000000, 0.7902180383823396159, 1.000000000000000000),
 ( 1.000000000000000000, 0.7723967875196828814, 1.000000000000000000),
 ( 1.000000000000000000, 0.7418334521775222790, 1.000000000000000000),
 ( 1.000000000000000000, 0.7291288685920538359, 1.000000000000000000),
 ( 1.000000000000000000, 0.7117460279512612953, 1.000000000000000000),
 ( 1.000000000000000000, 0.7070717092840174134, 1.000000000000000000),
 ( 1.000000000000000000, 0.7071067811865475727, 1.000000000000000000) ) ) 
 REPRESENTATION_ITEM ( '' )  SURFACE ( )  );
#3739 = SURFACE_SIDE_STYLE ('',( #827 ) ) ;
#3740 = CARTESIAN_POINT ( 'NONE',  ( -2.899999999999996803, -23.24999999999999289, -8.900000000000005684 ) ) ;
#3741 = EDGE_CURVE ( 'NONE', #3880, #1863, #4380, .T. ) ;
#3742 = EDGE_LOOP ( 'NONE', ( #6060, #874, #3336 ) ) ;
#3743 = ORIENTED_EDGE ( 'NONE', *, *, #5128, .T. ) ;
#3744 = ORIENTED_EDGE ( 'NONE', *, *, #2175, .F. ) ;
#3745 = CIRCLE ( 'NONE', #1811, 2.999999999999999112 ) ;
#3746 = DIRECTION ( 'NONE',  ( -1.000000000000000000, 0.000000000000000000, 0.000000000000000000 ) ) ;
#3747 = CARTESIAN_POINT ( 'NONE',  ( -0.2682408670348474522, 22.80937797592777017, -8.899999999970873432 ) ) ;
#3748 = FACE_OUTER_BOUND ( 'NONE', #123, .T. ) ;
#3749 = CARTESIAN_POINT ( 'NONE',  ( -24.70217137009883857, -18.15723790032931007, -2.747572801732182324 ) ) ;
#3750 = CARTESIAN_POINT ( 'NONE',  ( -5.000000000000000000, -54.49999999999999289, -8.400000000000003908 ) ) ;
#3751 = ORIENTED_EDGE ( 'NONE', *, *, #4060, .T. ) ;
#3752 = VERTEX_POINT ( 'NONE', #3240 ) ;
#3753 = VECTOR ( 'NONE', #4807, 1000.000000000000000 ) ;
#3754 = CARTESIAN_POINT ( 'NONE',  ( 22.09999999999999787, -17.74999999999998934, -1.000000000000000000 ) ) ;
#3755 = DIRECTION ( 'NONE',  ( -0.000000000000000000, -0.000000000000000000, -1.000000000000000000 ) ) ;
#3756 = DIRECTION ( 'NONE',  ( -2.182042108146926802E-16, 1.000000000000000000, 0.000000000000000000 ) ) ;
#3757 = VECTOR ( 'NONE', #1798, 1000.000000000000000 ) ;
#3758 = ORIENTED_EDGE ( 'NONE', *, *, #3922, .F. ) ;
#3759 = DIRECTION ( 'NONE',  ( 0.000000000000000000, 0.000000000000000000, -1.000000000000000000 ) ) ;
#3760 = AXIS2_PLACEMENT_3D ( 'NONE', #3680, #1764, #5167 ) ;
#3761 = LINE ( 'NONE', #278, #2134 ) ;
#3762 = EDGE_CURVE ( 'NONE', #1270, #1470, #4106, .T. ) ;
#3763 = CARTESIAN_POINT ( 'NONE',  ( 24.75147186257614251, -18.32157287525380696, -2.999999999999998668 ) ) ;
#3764 = CARTESIAN_POINT ( 'NONE',  ( -24.40000000000000568, 17.15000000000000568, -3.000000000000000000 ) ) ;
#3765 = ORIENTED_EDGE ( 'NONE', *, *, #1629, .T. ) ;
#3766 = ORIENTED_EDGE ( 'NONE', *, *, #3114, .T. ) ;
#3767 = FACE_OUTER_BOUND ( 'NONE', #4322, .T. ) ;
#3768 = DIRECTION ( 'NONE',  ( -1.000000000000000000, -6.938893903907222067E-15, 0.000000000000000000 ) ) ;
#3769 = EDGE_CURVE ( 'NONE', #5489, #3275, #5307, .T. ) ;
#3770 = FACE_OUTER_BOUND ( 'NONE', #1516, .T. ) ;
#3771 = ORIENTED_EDGE ( 'NONE', *, *, #215, .T. ) ;
#3772 = CARTESIAN_POINT ( 'NONE',  ( -2.899999999999996803, -23.24999999999999289, -8.900000000000005684 ) ) ;
#3773 = ORIENTED_EDGE ( 'NONE', *, *, #2126, .F. ) ;
#3774 =( BOUNDED_CURVE ( )  B_SPLINE_CURVE ( 3, ( #5789, #2383, #1493, #499 ),
 .UNSPECIFIED., .F., .T. ) 
 B_SPLINE_CURVE_WITH_KNOTS ( ( 4, 4 ),
 ( 0.000000000000000000, 1.570796326794896558 ),
 .UNSPECIFIED. ) 
 CURVE ( )  GEOMETRIC_REPRESENTATION_ITEM ( )  RATIONAL_B_SPLINE_CURVE ( ( 1.000000000000000000, 0.8047378541243649375, 0.8047378541243649375, 1.000000000000000000 ) ) 
 REPRESENTATION_ITEM ( '' )  );
#3775 = CARTESIAN_POINT ( 'NONE',  ( -2.899999999999999911, 26.00000000000000355, -8.900000000000005684 ) ) ;
#3776 = CARTESIAN_POINT ( 'NONE',  ( 18.75000000000000711, -22.74999999999999289, 2.250000000000000000 ) ) ;
#3777 = DIRECTION ( 'NONE',  ( -9.773090005503141563E-17, -1.000000000000000000, 0.000000000000000000 ) ) ;
#3778 = CARTESIAN_POINT ( 'NONE',  ( -28.75000000000001066, -18.49999999999999645, 0.000000000000000000 ) ) ;
#3779 = EDGE_CURVE ( 'NONE', #4528, #6302, #605, .T. ) ;
#3780 = CARTESIAN_POINT ( 'NONE',  ( 2.049999999999999822, -54.49999999999999289, -0.2500000000000002220 ) ) ;
#3781 = ORIENTED_EDGE ( 'NONE', *, *, #2957, .F. ) ;
#3782 = VERTEX_POINT ( 'NONE', #361 ) ;
#3783 = CARTESIAN_POINT ( 'NONE',  ( 0.9802363246657161966, -23.17155498488060417, -8.900000000000005684 ) ) ;
#3784 = CARTESIAN_POINT ( 'NONE',  ( 17.11498301643213082, 21.79663952118765735, -0.02307718678355046363 ) ) ;
#3785 = CARTESIAN_POINT ( 'NONE',  ( -26.40000000000000568, 17.75000000000000711, -1.000000000000000000 ) ) ;
#3786 = ORIENTED_EDGE ( 'NONE', *, *, #4968, .T. ) ;
#3787 = CARTESIAN_POINT ( 'NONE',  ( 7.455399398569790392, -39.95558178234495017, -4.681335720213101403 ) ) ;
#3788 = CARTESIAN_POINT ( 'NONE',  ( 1.506651917331943480, 22.75000000000000000, -8.400000000000005684 ) ) ;
#3789 = B_SPLINE_CURVE_WITH_KNOTS ( 'NONE', 3,
 ( #3876, #5722, #5749, #4268, #3783, #2827, #1391, #6237 ),
 .UNSPECIFIED., .F., .F.,
 ( 4, 2, 2, 4 ),
 ( -8.988882023178194702E-06, 0.0007917916019922848197, 0.001192181844000016417, 0.001592572086007748230 ),
 .UNSPECIFIED. ) ;
#3790 = CYLINDRICAL_SURFACE ( 'NONE', #291, 2.850000000000001865 ) ;
#3791 = AXIS2_PLACEMENT_3D ( 'NONE', #3047, #3872, #5365 ) ;
#3792 = CARTESIAN_POINT ( 'NONE',  ( 15.90000000000000391, -23.89999999999999147, -8.900000000000005684 ) ) ;
#3793 = ORIENTED_EDGE ( 'NONE', *, *, #3449, .T. ) ;
#3794 = ORIENTED_EDGE ( 'NONE', *, *, #4764, .F. ) ;
#3795 = EDGE_CURVE ( 'NONE', #3545, #2674, #4262, .T. ) ;
#3796 = AXIS2_PLACEMENT_3D ( 'NONE', #2275, #3713, #1291 ) ;
#3797 = CARTESIAN_POINT ( 'NONE',  ( -2.049999999999999822, -24.99999999999998579, 0.2499999999999997780 ) ) ;
#3798 = DIRECTION ( 'NONE',  ( -1.000000000000000000, 0.000000000000000000, 0.000000000000000000 ) ) ;
#3799 = VERTEX_POINT ( 'NONE', #3778 ) ;
#3800 = EDGE_CURVE ( 'NONE', #1288, #3291, #5235, .T. ) ;
#3801 = CARTESIAN_POINT ( 'NONE',  ( -15.00000000000000355, 12.50000000000000000, 2.250000000000000000 ) ) ;
#3802 = ORIENTED_EDGE ( 'NONE', *, *, #3063, .T. ) ;
#3803 = EDGE_CURVE ( 'NONE', #3665, #4346, #327, .T. ) ;
#3804 = AXIS2_PLACEMENT_3D ( 'NONE', #4988, #4049, #1554 ) ;
#3805 = AXIS2_PLACEMENT_3D ( 'NONE', #5161, #6124, #5130 ) ;
#3806 = CYLINDRICAL_SURFACE ( 'NONE', #4339, 2.000000000000000000 ) ;
#3807 = CYLINDRICAL_SURFACE ( 'NONE', #842, 0.5000000000000004441 ) ;
#3808 = DIRECTION ( 'NONE',  ( -0.000000000000000000, -0.000000000000000000, 1.000000000000000000 ) ) ;
#3809 = AXIS2_PLACEMENT_3D ( 'NONE', #4566, #2131, #4078 ) ;
#3810 = VERTEX_POINT ( 'NONE', #1401 ) ;
#3811 = ADVANCED_FACE ( 'NONE', ( #4924 ), #2419, .T. ) ;
#3812 = VERTEX_POINT ( 'NONE', #5919 ) ;
#3813 = DIRECTION ( 'NONE',  ( 0.000000000000000000, 0.000000000000000000, 1.000000000000000000 ) ) ;
#3814 = CARTESIAN_POINT ( 'NONE',  ( 18.39194325412321263, 21.58675930996297154, 1.694065894508587736E-17 ) ) ;
#3815 = CARTESIAN_POINT ( 'NONE',  ( -23.73127195087437968, 18.37909349708550266, -2.599333627660691537 ) ) ;
#3816 = VECTOR ( 'NONE', #2622, 1000.000000000000000 ) ;
#3817 = VECTOR ( 'NONE', #1604, 1000.000000000000000 ) ;
#3818 = ORIENTED_EDGE ( 'NONE', *, *, #3097, .F. ) ;
#3819 = VECTOR ( 'NONE', #2584, 1000.000000000000000 ) ;
#3820 = LINE ( 'NONE', #3401, #3298 ) ;
#3821 = VECTOR ( 'NONE', #4075, 1000.000000000000000 ) ;
#3822 = CARTESIAN_POINT ( 'NONE',  ( 2.049999999999999822, -24.99999999999998579, -0.2500000000000002220 ) ) ;
#3823 = DIRECTION ( 'NONE',  ( 0.000000000000000000, 0.000000000000000000, -1.000000000000000000 ) ) ;
#3824 = CARTESIAN_POINT ( 'NONE',  ( 7.442068080674629549, -39.95437510184128627, 2.250000000000000000 ) ) ;
#3825 = CARTESIAN_POINT ( 'NONE',  ( 25.99318273345820174, 18.74318273345812003, -2.307588957422621156 ) ) ;
#3826 = VECTOR ( 'NONE', #6012, 1000.000000000000000 ) ;
#3827 = CARTESIAN_POINT ( 'NONE',  ( -26.19766594109437108, 17.68929978232833378, -1.886302363899291068 ) ) ;
#3828 = ORIENTED_EDGE ( 'NONE', *, *, #3076, .T. ) ;
#3829 = ORIENTED_EDGE ( 'NONE', *, *, #4568, .T. ) ;
#3830 = CARTESIAN_POINT ( 'NONE',  ( -1.549999999999999822, -54.49999999999999289, 0.2499999999999997780 ) ) ;
#3831 = DIRECTION ( 'NONE',  ( -1.000000000000000000, -1.217613391099363125E-16, 0.000000000000000000 ) ) ;
#3832 = DIRECTION ( 'NONE',  ( -1.000000000000000000, -1.217613391099363125E-16, 0.000000000000000000 ) ) ;
#3833 = EDGE_CURVE ( 'NONE', #1828, #2212, #536, .T. ) ;
#3834 = CARTESIAN_POINT ( 'NONE',  ( 3.012339100162038985, 26.50000000000000355, 2.250000000000000000 ) ) ;
#3835 = ORIENTED_EDGE ( 'NONE', *, *, #4448, .T. ) ;
#3836 = DIRECTION ( 'NONE',  ( -1.000000000000000000, 0.000000000000000000, 0.000000000000000000 ) ) ;
#3837 = EDGE_LOOP ( 'NONE', ( #5529, #5559, #2982, #608 ) ) ;
#3838 = DIRECTION ( 'NONE',  ( -0.9098396906015793206, -0.4149599226503957183, 0.000000000000000000 ) ) ;
#3839 = FACE_OUTER_BOUND ( 'NONE', #1145, .T. ) ;
#3840 = ADVANCED_FACE ( 'NONE', ( #5887 ), #5827, .T. ) ;
#3841 = CARTESIAN_POINT ( 'NONE',  ( -25.00000000000000000, 19.15000000000000568, 0.000000000000000000 ) ) ;
#3842 = ORIENTED_EDGE ( 'NONE', *, *, #4880, .T. ) ;
#3843 = VERTEX_POINT ( 'NONE', #503 ) ;
#3844 = CARTESIAN_POINT ( 'NONE',  ( 7.443301862252618584, -39.49999999999997868, -5.424176186778308484 ) ) ;
#3845 = CARTESIAN_POINT ( 'NONE',  ( -25.00000000000000000, 19.15000000000000568, -3.000000000000000000 ) ) ;
#3846 = CARTESIAN_POINT ( 'NONE',  ( -22.87090650291450444, 17.51872804912562742, -2.599333627660691537 ) ) ;
#3847 = ADVANCED_FACE ( 'NONE', ( #2454 ), #1021, .T. ) ;
#3848 = EDGE_CURVE ( 'NONE', #5331, #272, #1717, .T. ) ;
#3849 = AXIS2_PLACEMENT_3D ( 'NONE', #4823, #1307, #5246 ) ;
#3850 = ORIENTED_EDGE ( 'NONE', *, *, #5709, .T. ) ;
#3851 = DIRECTION ( 'NONE',  ( -1.000000000000000000, -0.000000000000000000, -0.000000000000000000 ) ) ;
#3852 = DIRECTION ( 'NONE',  ( 0.000000000000000000, -1.000000000000000000, 0.000000000000000000 ) ) ;
#3853 = AXIS2_PLACEMENT_3D ( 'NONE', #5234, #6019, #6048 ) ;
#3854 = EDGE_CURVE ( 'NONE', #3729, #5260, #2075, .T. ) ;
#3855 = DIRECTION ( 'NONE',  ( 1.000000000000000000, 0.000000000000000000, 0.000000000000000000 ) ) ;
#3856 = VECTOR ( 'NONE', #4224, 1000.000000000000000 ) ;
#3857 = CARTESIAN_POINT ( 'NONE',  ( -24.99613234385555671, 19.13710781285182705, -1.261796208304258649 ) ) ;
#3858 = EDGE_LOOP ( 'NONE', ( #4607, #5760, #3330, #1931 ) ) ;
#3859 = ORIENTED_EDGE ( 'NONE', *, *, #477, .T. ) ;
#3860 = AXIS2_PLACEMENT_3D ( 'NONE', #3044, #3013, #2540 ) ;
#3861 = VECTOR ( 'NONE', #1237, 1000.000000000000000 ) ;
#3862 = CARTESIAN_POINT ( 'NONE',  ( 25.00000000000000000, -17.75000000000000000, -3.000000000000000000 ) ) ;
#3863 = LINE ( 'NONE', #5353, #2647 ) ;
#3864 = CARTESIAN_POINT ( 'NONE',  ( 24.93929978232834088, -18.94766594109438529, -1.886302363899244661 ) ) ;
#3865 = CARTESIAN_POINT ( 'NONE',  ( 5.000000000000000000, -54.49999999999999289, -8.692893218813457779 ) ) ;
#3866 = CIRCLE ( 'NONE', #3562, 1.249999999999997558 ) ;
#3867 = VERTEX_POINT ( 'NONE', #3662 ) ;
#3868 = DIRECTION ( 'NONE',  ( 1.000000000000000000, 0.000000000000000000, 0.000000000000000000 ) ) ;
#3869 = ORIENTED_EDGE ( 'NONE', *, *, #1746, .F. ) ;
#3870 = LINE ( 'NONE', #5741, #4335 ) ;
#3871 = CARTESIAN_POINT ( 'NONE',  ( 2.049999999999999822, -24.99999999999998579, 2.250000000000000000 ) ) ;
#3872 = DIRECTION ( 'NONE',  ( -0.000000000000000000, -0.000000000000000000, -1.000000000000000000 ) ) ;
#3873 = ORIENTED_EDGE ( 'NONE', *, *, #4351, .F. ) ;
#3874 = ORIENTED_EDGE ( 'NONE', *, *, #2571, .F. ) ;
#3875 = EDGE_CURVE ( 'NONE', #421, #1434, #5598, .T. ) ;
#3876 = CARTESIAN_POINT ( 'NONE',  ( -2.770070464751050862E-15, -22.75000000000000000, -8.900000000000005684 ) ) ;
#3877 = CARTESIAN_POINT ( 'NONE',  ( 14.24691522495950124, 22.75000000000000711, -1.089845493398755361 ) ) ;
#3878 = DIRECTION ( 'NONE',  ( -0.000000000000000000, -1.000000000000000000, -0.000000000000000000 ) ) ;
#3879 = DIRECTION ( 'NONE',  ( 1.000000000000000000, 0.000000000000000000, 0.000000000000000000 ) ) ;
#3880 = VERTEX_POINT ( 'NONE', #1207 ) ;
#3881 = ADVANCED_FACE ( 'NONE', ( #720 ), #1256, .F. ) ;
#3882 = ADVANCED_FACE ( 'NONE', ( #89 ), #3149, .F. ) ;
#3883 = CARTESIAN_POINT ( 'NONE',  ( -15.00000000000000355, -12.50000000000000000, 0.000000000000000000 ) ) ;
#3884 = CARTESIAN_POINT ( 'NONE',  ( 10.45000000000000462, -62.10729841458376654, -2.136100178419453766 ) ) ;
#3885 = DIRECTION ( 'NONE',  ( 0.000000000000000000, 0.000000000000000000, 1.000000000000000000 ) ) ;
#3886 = CARTESIAN_POINT ( 'NONE',  ( -13.87499999999999645, -39.50000000000000000, -1.250000000000003331 ) ) ;
#3887 = CARTESIAN_POINT ( 'NONE',  ( 24.70217137009884212, 18.15723790032951968, -2.747572801732100611 ) ) ;
#3888 = DIRECTION ( 'NONE',  ( 1.000000000000000000, 0.000000000000000000, 0.000000000000000000 ) ) ;
#3889 = ORIENTED_EDGE ( 'NONE', *, *, #5033, .F. ) ;
#3890 = VERTEX_POINT ( 'NONE', #236 ) ;
#3891 = EDGE_CURVE ( 'NONE', #3474, #3353, #2070, .T. ) ;
#3892 = DIRECTION ( 'NONE',  ( 1.000000000000000000, 0.000000000000000000, 0.000000000000000000 ) ) ;
#3893 = CARTESIAN_POINT ( 'NONE',  ( 26.33603330876111315, -17.73080999262831980, -1.518565079760239689 ) ) ;
#3894 = DIRECTION ( 'NONE',  ( 1.000000000000000000, 0.000000000000000000, 0.000000000000000000 ) ) ;
#3895 = AXIS2_PLACEMENT_3D ( 'NONE', #3471, #3503, #3986 ) ;
#3896 = ORIENTED_EDGE ( 'NONE', *, *, #10, .T. ) ;
#3897 = CARTESIAN_POINT ( 'NONE',  ( -16.07387858600334241, 22.06580696871822056, -0.1147386453264113565 ) ) ;
#3898 = VERTEX_POINT ( 'NONE', #2255 ) ;
#3899 = DIRECTION ( 'NONE',  ( -0.000000000000000000, -0.000000000000000000, -1.000000000000000000 ) ) ;
#3900 = CARTESIAN_POINT ( 'NONE',  ( 13.87500000000000355, -39.49999999999999289, 2.250000000000000444 ) ) ;
#3901 = VECTOR ( 'NONE', #1767, 1000.000000000000000 ) ;
#3902 = AXIS2_PLACEMENT_3D ( 'NONE', #2542, #5041, #4978 ) ;
#3903 = CARTESIAN_POINT ( 'NONE',  ( -3.012339100162039429, 12.63580622847883639, -8.900000000000005684 ) ) ;
#3904 = AXIS2_PLACEMENT_3D ( 'NONE', #871, #388, #5742 ) ;
#3905 = ORIENTED_EDGE ( 'NONE', *, *, #3189, .F. ) ;
#3906 = ORIENTED_EDGE ( 'NONE', *, *, #1388, .F. ) ;
#3907 = VECTOR ( 'NONE', #2420, 1000.000000000000000 ) ;
#3908 = ORIENTED_EDGE ( 'NONE', *, *, #4124, .T. ) ;
#3909 = DIRECTION ( 'NONE',  ( -0.000000000000000000, -0.000000000000000000, -1.000000000000000000 ) ) ;
#3910 = DIRECTION ( 'NONE',  ( 1.541976423090495387E-16, 1.000000000000000000, 0.000000000000000000 ) ) ;
#3911 = CYLINDRICAL_SURFACE ( 'NONE', #5995, 1.199999999999999734 ) ;
#3912 = VECTOR ( 'NONE', #1074, 1000.000000000000000 ) ;
#3913 = EDGE_CURVE ( 'NONE', #99, #4158, #5630, .T. ) ;
#3914 = CARTESIAN_POINT ( 'NONE',  ( 24.40000000000000568, -17.75000000000000000, -1.000000000000000000 ) ) ;
#3915 = VERTEX_POINT ( 'NONE', #3176 ) ;
#3916 = CARTESIAN_POINT ( 'NONE',  ( -24.10000000000000497, -17.14999999999998792, -3.000000000000000000 ) ) ;
#3917 = CARTESIAN_POINT ( 'NONE',  ( 10.84098914198902719, -61.85937236226357072, -1.717269194726533277 ) ) ;
#3918 = CARTESIAN_POINT ( 'NONE',  ( 20.00000000000000000, 35.36419377152115118, 2.250000000000000000 ) ) ;
#3919 = CARTESIAN_POINT ( 'NONE',  ( 24.55704874873927679, 17.67349582913085015, -2.947945328313042346 ) ) ;
#3920 = ADVANCED_FACE ( 'NONE', ( #749 ), #1529, .T. ) ;
#3921 = CARTESIAN_POINT ( 'NONE',  ( -26.39999999517484142, 19.14999999517463891, -1.222876090095304180 ) ) ;
#3922 = EDGE_CURVE ( 'NONE', #1587, #1840, #1659, .T. ) ;
#3923 = APPLICATION_CONTEXT ( 'automotive_design' ) ;
#3924 = ORIENTED_EDGE ( 'NONE', *, *, #4769, .T. ) ;
#3925 = ORIENTED_EDGE ( 'NONE', *, *, #4916, .T. ) ;
#3926 = VECTOR ( 'NONE', #2815, 1000.000000000000000 ) ;
#3927 = LINE ( 'NONE', #1125, #4999 ) ;
#3928 = DIRECTION ( 'NONE',  ( 0.000000000000000000, 0.000000000000000000, 1.000000000000000000 ) ) ;
#3929 = ADVANCED_FACE ( 'NONE', ( #4173 ), #1451, .F. ) ;
#3930 = CARTESIAN_POINT ( 'NONE',  ( 13.87500000000000355, -39.49999999999999289, 2.250000000000000444 ) ) ;
#3931 = EDGE_CURVE ( 'NONE', #5890, #2389, #5854, .T. ) ;
#3932 = ORIENTED_EDGE ( 'NONE', *, *, #25, .T. ) ;
#3933 = DIRECTION ( 'NONE',  ( -0.000000000000000000, -0.000000000000000000, 1.000000000000000000 ) ) ;
#3934 = EDGE_LOOP ( 'NONE', ( #5089, #386, #100, #141 ) ) ;
#3935 = DIRECTION ( 'NONE',  ( -2.182042108146926802E-16, 1.000000000000000000, 0.000000000000000000 ) ) ;
#3936 = CARTESIAN_POINT ( 'NONE',  ( 23.49999999999999645, -17.75000000000000000, -3.000000000000000000 ) ) ;
#3937 = PLANE ( 'NONE',  #4737 ) ;
#3938 = CARTESIAN_POINT ( 'NONE',  ( 0.9804520138708109345, 23.17161926063821653, -8.900000000000005684 ) ) ;
#3939 = ORIENTED_EDGE ( 'NONE', *, *, #147, .F. ) ;
#3940 = VERTEX_POINT ( 'NONE', #2703 ) ;
#3941 = ORIENTED_EDGE ( 'NONE', *, *, #4239, .F. ) ;
#3942 = CARTESIAN_POINT ( 'NONE',  ( -23.50000000000000355, -17.14999999999998792, -3.000000000000000000 ) ) ;
#3943 = CARTESIAN_POINT ( 'NONE',  ( -1.311502393831964319, 22.85239831189613113, -8.899999999999881339 ) ) ;
#3944 = CARTESIAN_POINT ( 'NONE',  ( -22.59322640498310619, 17.60203207850508278, -2.321653529729294618 ) ) ;
#3945 = CYLINDRICAL_SURFACE ( 'NONE', #4579, 0.5000000000000004441 ) ;
#3946 = ORIENTED_EDGE ( 'NONE', *, *, #4496, .F. ) ;
#3947 = CARTESIAN_POINT ( 'NONE',  ( -5.000000000000000000, -39.49999999999999289, -8.400000000000003908 ) ) ;
#3948 = CARTESIAN_POINT ( 'NONE',  ( -10.44999999999999574, -39.49999999999999289, -1.250000000000002442 ) ) ;
#3949 = AXIS2_PLACEMENT_3D ( 'NONE', #3096, #447, #3868 ) ;
#3950 = CARTESIAN_POINT ( 'NONE',  ( 10.35315320451445409, -62.43726296740287296, -1.863778338870826223 ) ) ;
#3951 = CARTESIAN_POINT ( 'NONE',  ( 1.104798575694303508, -22.74999999726631472, -8.648303833442875899 ) ) ;
#3952 = CARTESIAN_POINT ( 'NONE',  ( 25.10155849473164125, 17.85155849473163769, -2.912993840311251414 ) ) ;
#3953 = CARTESIAN_POINT ( 'NONE',  ( -24.99999999995462829, 19.15000000000000568, -1.130901135795391976 ) ) ;
#3954 = VERTEX_POINT ( 'NONE', #4202 ) ;
#3955 = EDGE_LOOP ( 'NONE', ( #1870, #4205, #4747, #3, #5274, #3487, #3011 ) ) ;
#3956 = EDGE_CURVE ( 'NONE', #2841, #1104, #269, .T. ) ;
#3957 = CARTESIAN_POINT ( 'NONE',  ( -10.16223538374854130, -62.73552580482806462, -1.337682926624127466 ) ) ;
#3958 = VECTOR ( 'NONE', #1906, 1000.000000000000000 ) ;
#3959 = AXIS2_PLACEMENT_3D ( 'NONE', #2274, #4253, #1376 ) ;
#3960 = LINE ( 'NONE', #3509, #5516 ) ;
#3961 = CARTESIAN_POINT ( 'NONE',  ( 10.45000000000000817, -61.54553470576539098, -2.250000000000000444 ) ) ;
#3962 = FACE_OUTER_BOUND ( 'NONE', #5119, .T. ) ;
#3963 = VECTOR ( 'NONE', #2822, 1000.000000000000000 ) ;
#3964 = AXIS2_PLACEMENT_3D ( 'NONE', #2286, #6231, #1833 ) ;
#3965 = ORIENTED_EDGE ( 'NONE', *, *, #6253, .F. ) ;
#3966 = ORIENTED_EDGE ( 'NONE', *, *, #5676, .T. ) ;
#3967 = EDGE_CURVE ( 'NONE', #2547, #1024, #3187, .T. ) ;
#3968 = CARTESIAN_POINT ( 'NONE',  ( 9.975266182186883768, -62.85093797532528725, -1.250000000000000222 ) ) ;
#3969 = EDGE_CURVE ( 'NONE', #2673, #5957, #4308, .T. ) ;
#3970 = CYLINDRICAL_SURFACE ( 'NONE', #1483, 2.000000000000000000 ) ;
#3971 = CARTESIAN_POINT ( 'NONE',  ( 9.975266182186883768, -62.85093797532528725, 2.250000000000000000 ) ) ;
#3972 = AXIS2_PLACEMENT_3D ( 'NONE', #131, #3481, #648 ) ;
#3973 = CARTESIAN_POINT ( 'NONE',  ( 14.24691522495949059, 23.25000000000000000, -8.400000000000003908 ) ) ;
#3974 = EDGE_LOOP ( 'NONE', ( #5460, #1728, #3409, #4409 ) ) ;
#3975 = ORIENTED_EDGE ( 'NONE', *, *, #646, .F. ) ;
#3976 = ADVANCED_FACE ( 'NONE', ( #574 ), #4696, .T. ) ;
#3977 = LINE ( 'NONE', #4913, #2202 ) ;
#3978 = CARTESIAN_POINT ( 'NONE',  ( 3.098659066715215846E-15, -38.99999999999999289, -1.249999999999999778 ) ) ;
#3979 = CARTESIAN_POINT ( 'NONE',  ( 8.765423875202550619, 25.25000000000000000, 2.250000000000000000 ) ) ;
#3980 = CARTESIAN_POINT ( 'NONE',  ( 13.37500000000000000, -27.24999999999999645, -1.749999999999999778 ) ) ;
#3981 = ORIENTED_EDGE ( 'NONE', *, *, #4360, .F. ) ;
#3982 = FACE_OUTER_BOUND ( 'NONE', #4680, .T. ) ;
#3983 = CARTESIAN_POINT ( 'NONE',  ( -13.87499999999999645, -39.50000000000000000, -1.250000000000003331 ) ) ;
#3984 = CARTESIAN_POINT ( 'NONE',  ( 10.45000000000000639, -62.09698616389588466, -2.140755442502857431 ) ) ;
#3985 = FACE_OUTER_BOUND ( 'NONE', #2376, .T. ) ;
#3986 = DIRECTION ( 'NONE',  ( 0.000000000000000000, 0.2881879483511572970, 0.9575738647358493782 ) ) ;
#3987 = CARTESIAN_POINT ( 'NONE',  ( -24.10000000000000497, -17.14999999999998792, -3.000000000000000000 ) ) ;
#3988 = ORIENTED_EDGE ( 'NONE', *, *, #1121, .F. ) ;
#3989 = ORIENTED_EDGE ( 'NONE', *, *, #2069, .T. ) ;
#3990 = FACE_OUTER_BOUND ( 'NONE', #1044, .T. ) ;
#3991 = CARTESIAN_POINT ( 'NONE',  ( 9.975266182186883768, -51.75000000000000000, -1.750000000000000222 ) ) ;
#3992 = DIRECTION ( 'NONE',  ( 1.000000000000000000, 0.000000000000000000, 0.000000000000000000 ) ) ;
#3993 = CARTESIAN_POINT ( 'NONE',  ( -24.10000000000000497, -17.14999999999998792, -3.000000000000000000 ) ) ;
#3994 = VECTOR ( 'NONE', #6197, 1000.000000000000000 ) ;
#3995 = EDGE_CURVE ( 'NONE', #2950, #3752, #2560, .T. ) ;
#3996 = ORIENTED_EDGE ( 'NONE', *, *, #2090, .F. ) ;
#3997 = ORIENTED_EDGE ( 'NONE', *, *, #2573, .T. ) ;
#3998 = CARTESIAN_POINT ( 'NONE',  ( 9.950000000000002842, -38.99999999999999289, -8.400000000000003908 ) ) ;
#3999 = FACE_OUTER_BOUND ( 'NONE', #1131, .T. ) ;
#4000 = CYLINDRICAL_SURFACE ( 'NONE', #1069, 12.16415094339660108 ) ;
#4001 = FACE_OUTER_BOUND ( 'NONE', #4081, .T. ) ;
#4002 = AXIS2_PLACEMENT_3D ( 'NONE', #4862, #3437, #6275 ) ;
#4003 = EDGE_CURVE ( 'NONE', #1414, #2881, #2878, .T. ) ;
#4004 = EDGE_CURVE ( 'NONE', #974, #5599, #6062, .T. ) ;
#4005 = ORIENTED_EDGE ( 'NONE', *, *, #4917, .F. ) ;
#4006 = VERTEX_POINT ( 'NONE', #5744 ) ;
#4007 = AXIS2_PLACEMENT_3D ( 'NONE', #3169, #3620, #6036 ) ;
#4008 = CARTESIAN_POINT ( 'NONE',  ( -23.49999999999999289, -19.14999999999998792, -2.171572875253809709 ) ) ;
#4009 = LINE ( 'NONE', #1141, #120 ) ;
#4010 = FACE_OUTER_BOUND ( 'NONE', #2578, .T. ) ;
#4011 = CARTESIAN_POINT ( 'NONE',  ( -9.949999999999995737, -39.49999999999999289, -8.900000000000007461 ) ) ;
#4012 = ADVANCED_FACE ( 'NONE', ( #5269 ), #2315, .T. ) ;
#4013 = AXIS2_PLACEMENT_3D ( 'NONE', #5729, #3280, #2330 ) ;
#4014 = DIRECTION ( 'NONE',  ( 0.000000000000000000, 0.000000000000000000, 1.000000000000000000 ) ) ;
#4015 = ORIENTED_EDGE ( 'NONE', *, *, #294, .F. ) ;
#4016 = CARTESIAN_POINT ( 'NONE',  ( 22.91378550462083652, 18.33621449537933401, -2.686370562400841155 ) ) ;
#4017 = DIRECTION ( 'NONE',  ( 0.000000000000000000, 0.000000000000000000, -1.000000000000000000 ) ) ;
#4018 = VECTOR ( 'NONE', #2516, 1000.000000000000000 ) ;
#4019 = CARTESIAN_POINT ( 'NONE',  ( 10.34518637245207451, -62.45309829566621573, -1.846986086071648492 ) ) ;
#4020 = CARTESIAN_POINT ( 'NONE',  ( 14.99999999999999645, -17.50000000000000000, 2.250000000000000000 ) ) ;
#4021 = DIRECTION ( 'NONE',  ( 0.000000000000000000, 0.000000000000000000, 1.000000000000000000 ) ) ;
#4022 = CARTESIAN_POINT ( 'NONE',  ( -22.24489407786777662, -19.00510592213228733, -1.839873476193787605 ) ) ;
#4023 = TOROIDAL_SURFACE ( 'NONE', #5981, 0.2750055679356304128, 2.500000000000000000 ) ;
#4024 = EDGE_LOOP ( 'NONE', ( #3394, #868, #6157, #1053 ) ) ;
#4025 =( BOUNDED_CURVE ( )  B_SPLINE_CURVE ( 3, ( #4920, #3060, #2105, #4150 ),
 .UNSPECIFIED., .F., .T. ) 
 B_SPLINE_CURVE_WITH_KNOTS ( ( 4, 4 ),
 ( 3.141592653589793116, 4.712388980384689674 ),
 .UNSPECIFIED. ) 
 CURVE ( )  GEOMETRIC_REPRESENTATION_ITEM ( )  RATIONAL_B_SPLINE_CURVE ( ( 1.000000000000000000, 0.8047378541243649375, 0.8047378541243649375, 1.000000000000000000 ) ) 
 REPRESENTATION_ITEM ( '' )  );
#4026 = CARTESIAN_POINT ( 'NONE',  ( 22.36433682768038267, -17.67069895169590410, -2.002301386805858563 ) ) ;
#4027 = FACE_OUTER_BOUND ( 'NONE', #735, .T. ) ;
#4028 = CARTESIAN_POINT ( 'NONE',  ( 24.10000000000000142, -17.14999999999999858, -3.000000000000000000 ) ) ;
#4029 = CIRCLE ( 'NONE', #3211, 0.5000000000000004441 ) ;
#4030 = CARTESIAN_POINT ( 'NONE',  ( -1.069243561843528090, -22.89305012932868166, -8.900000000000220624 ) ) ;
#4031 = TOROIDAL_SURFACE ( 'NONE', #1994, 242.0964285714397874, 0.5000000000000000000 ) ;
#4032 = ORIENTED_EDGE ( 'NONE', *, *, #2241, .T. ) ;
#4033 = ORIENTED_EDGE ( 'NONE', *, *, #6100, .T. ) ;
#4034 = AXIS2_PLACEMENT_3D ( 'NONE', #5431, #2477, #4854 ) ;
#4035 = DIRECTION ( 'NONE',  ( 1.000000000000000000, 0.000000000000000000, 0.000000000000000000 ) ) ;
#4036 = CARTESIAN_POINT ( 'NONE',  ( -18.78937047641900193, -22.40014562302088663, -0.3339708295325802823 ) ) ;
#4037 = DIRECTION ( 'NONE',  ( 0.000000000000000000, 0.000000000000000000, 1.000000000000000000 ) ) ;
#4038 = EDGE_CURVE ( 'NONE', #2317, #2618, #2288, .T. ) ;
#4039 = DIRECTION ( 'NONE',  ( 0.000000000000000000, 1.000000000000000000, 0.000000000000000000 ) ) ;
#4040 = VERTEX_POINT ( 'NONE', #5689 ) ;
#4041 = ORIENTED_EDGE ( 'NONE', *, *, #67, .T. ) ;
#4042 = LINE ( 'NONE', #142, #1172 ) ;
#4043 = LINE ( 'NONE', #4533, #4300 ) ;
#4044 = EDGE_CURVE ( 'NONE', #4320, #3867, #6261, .T. ) ;
#4045 = LINE ( 'NONE', #1108, #1626 ) ;
#4046 = DIRECTION ( 'NONE',  ( 0.000000000000000000, 0.000000000000000000, -1.000000000000000000 ) ) ;
#4047 = ORIENTED_EDGE ( 'NONE', *, *, #5278, .T. ) ;
#4048 = ORIENTED_EDGE ( 'NONE', *, *, #5556, .F. ) ;
#4049 = DIRECTION ( 'NONE',  ( 2.403139825818710681E-16, -1.000000000000000000, 0.000000000000000000 ) ) ;
#4050 = FACE_OUTER_BOUND ( 'NONE', #6277, .T. ) ;
#4051 = CYLINDRICAL_SURFACE ( 'NONE', #2229, 0.5000000000000004441 ) ;
#4052 = EDGE_CURVE ( 'NONE', #1987, #2819, #1000, .T. ) ;
#4053 = CARTESIAN_POINT ( 'NONE',  ( 10.95000000000000462, -51.75000000000000000, -1.750000000000000222 ) ) ;
#4054 = B_SPLINE_CURVE_WITH_KNOTS ( 'NONE', 3,
 ( #2379, #2002, #3397, #1012 ),
 .UNSPECIFIED., .F., .F.,
 ( 4, 4 ),
 ( 0.000000000000000000, 0.0004591556665436351639 ),
 .UNSPECIFIED. ) ;
#4055 = CARTESIAN_POINT ( 'NONE',  ( -23.73127195087439389, -18.37909349708553108, -2.599333627660647572 ) ) ;
#4056 = VERTEX_POINT ( 'NONE', #873 ) ;
#4057 = DIRECTION ( 'NONE',  ( -1.000000000000000000, 0.000000000000000000, -2.532443030623075608E-16 ) ) ;
#4058 = AXIS2_PLACEMENT_3D ( 'NONE', #5402, #2003, #2958 ) ;
#4059 = CARTESIAN_POINT ( 'NONE',  ( 7.816043402498947579, -39.98811697125285036, -5.037049899599118419 ) ) ;
#4060 = EDGE_CURVE ( 'NONE', #5753, #23, #5236, .T. ) ;
#4061 = DIRECTION ( 'NONE',  ( 1.000000000000000000, 0.000000000000000000, 0.000000000000000000 ) ) ;
#4062 = PLANE ( 'NONE',  #4839 ) ;
#4063 = ORIENTED_EDGE ( 'NONE', *, *, #3233, .T. ) ;
#4064 = ORIENTED_EDGE ( 'NONE', *, *, #5033, .T. ) ;
#4065 = AXIS2_PLACEMENT_3D ( 'NONE', #3004, #2113, #579 ) ;
#4066 = FACE_OUTER_BOUND ( 'NONE', #2667, .T. ) ;
#4067 = LINE ( 'NONE', #2180, #2613 ) ;
#4068 = FACE_OUTER_BOUND ( 'NONE', #44, .T. ) ;
#4069 = CARTESIAN_POINT ( 'NONE',  ( -10.13913412860801344, -62.74978572552436873, -1.386090983880735816 ) ) ;
#4070 = TOROIDAL_SURFACE ( 'NONE', #2843, 13.36419377152116716, 0.5000000000000000000 ) ;
#4071 = CIRCLE ( 'NONE', #1314, 13.86419377152116539 ) ;
#4072 = ORIENTED_EDGE ( 'NONE', *, *, #4957, .F. ) ;
#4073 = ORIENTED_EDGE ( 'NONE', *, *, #1581, .T. ) ;
#4074 = AXIS2_PLACEMENT_3D ( 'NONE', #5616, #2179, #2214 ) ;
#4075 = DIRECTION ( 'NONE',  ( -3.016910393003147986E-15, -1.000000000000000000, 0.000000000000000000 ) ) ;
#4076 = CARTESIAN_POINT ( 'NONE',  ( -10.45000000000000639, -61.99999999999999289, -2.184538389453069662 ) ) ;
#4077 = CYLINDRICAL_SURFACE ( 'NONE', #2548, 2.999999999999999112 ) ;
#4078 = DIRECTION ( 'NONE',  ( 0.000000000000000000, -1.000000000000000000, 0.000000000000000000 ) ) ;
#4079 = EDGE_CURVE ( 'NONE', #4056, #5227, #1298, .T. ) ;
#4080 = ORIENTED_EDGE ( 'NONE', *, *, #1072, .T. ) ;
#4081 = EDGE_LOOP ( 'NONE', ( #256, #788, #1602, #617 ) ) ;
#4082 = CARTESIAN_POINT ( 'NONE',  ( 24.10000000000000497, 17.15000000000000213, -3.000000000000000000 ) ) ;
#4083 = DIRECTION ( 'NONE',  ( 0.000000000000000000, 0.000000000000000000, 1.000000000000000000 ) ) ;
#4084 = CARTESIAN_POINT ( 'NONE',  ( 15.75000000000000711, -52.50000000000000000, -1.750000000000000222 ) ) ;
#4085 = DIRECTION ( 'NONE',  ( -0.000000000000000000, -1.000000000000000000, -0.000000000000000000 ) ) ;
#4086 = DIRECTION ( 'NONE',  ( -0.000000000000000000, -0.000000000000000000, -1.000000000000000000 ) ) ;
#4087 = ADVANCED_FACE ( 'NONE', ( #5330 ), #2823, .F. ) ;
#4088 = EDGE_CURVE ( 'NONE', #4667, #3234, #3241, .T. ) ;
#4089 = ORIENTED_EDGE ( 'NONE', *, *, #1016, .T. ) ;
#4090 = DIRECTION ( 'NONE',  ( 1.000000000000000000, 0.000000000000000000, 0.000000000000000000 ) ) ;
#4091 = CARTESIAN_POINT ( 'NONE',  ( 0.2750055679356243621, 23.85000000000000142, -5.920000000000007923 ) ) ;
#4092 = DIRECTION ( 'NONE',  ( -1.000000000000000000, 0.000000000000000000, 0.000000000000000000 ) ) ;
#4093 = DIRECTION ( 'NONE',  ( -0.000000000000000000, -1.000000000000000000, -0.000000000000000000 ) ) ;
#4094 = CARTESIAN_POINT ( 'NONE',  ( -9.949999999999995737, -38.99999999999999289, -8.400000000000003908 ) ) ;
#4095 = EDGE_CURVE ( 'NONE', #369, #4158, #1656, .T. ) ;
#4096 = VERTEX_POINT ( 'NONE', #1894 ) ;
#4097 = ORIENTED_EDGE ( 'NONE', *, *, #2213, .F. ) ;
#4098 = LINE ( 'NONE', #1705, #1926 ) ;
#4099 = CARTESIAN_POINT ( 'NONE',  ( -25.75000000000001066, -18.49999999999999645, 0.000000000000000000 ) ) ;
#4100 = DIRECTION ( 'NONE',  ( -0.000000000000000000, 1.000000000000000000, 0.000000000000000000 ) ) ;
#4101 = DIRECTION ( 'NONE',  ( 1.000000000000000000, 0.000000000000000000, 0.000000000000000000 ) ) ;
#4102 = VERTEX_POINT ( 'NONE', #2793 ) ;
#4103 = VERTEX_POINT ( 'NONE', #6233 ) ;
#4104 = DIRECTION ( 'NONE',  ( -0.000000000000000000, -0.000000000000000000, 1.000000000000000000 ) ) ;
#4105 = DIRECTION ( 'NONE',  ( 0.000000000000000000, 0.000000000000000000, -1.000000000000000000 ) ) ;
#4106 = LINE ( 'NONE', #2761, #2436 ) ;
#4107 = CARTESIAN_POINT ( 'NONE',  ( 2.049999999999999822, -22.49999999999998934, 2.250000000000000000 ) ) ;
#4108 = AXIS2_PLACEMENT_3D ( 'NONE', #1088, #4477, #2042 ) ;
#4109 = ORIENTED_EDGE ( 'NONE', *, *, #2496, .T. ) ;
#4110 = ORIENTED_EDGE ( 'NONE', *, *, #5631, .T. ) ;
#4111 = VECTOR ( 'NONE', #1600, 1000.000000000000000 ) ;
#4112 = ORIENTED_EDGE ( 'NONE', *, *, #5806, .T. ) ;
#4113 = CARTESIAN_POINT ( 'NONE',  ( -7.400432743999594720, -39.49999999999999289, -4.550000000000003375 ) ) ;
#4114 = CARTESIAN_POINT ( 'NONE',  ( -1.506651917331951473, -23.24999999999999645, -8.900000000000005684 ) ) ;
#4115 = DIRECTION ( 'NONE',  ( 2.182042108146926802E-16, -1.000000000000000000, -0.000000000000000000 ) ) ;
#4116 = CARTESIAN_POINT ( 'NONE',  ( 14.24691522495949059, 22.75000000000000000, -8.400000000000003908 ) ) ;
#4117 = ADVANCED_FACE ( 'NONE', ( #2886 ), #1834, .T. ) ;
#4118 = AXIS2_PLACEMENT_3D ( 'NONE', #4901, #3928, #4349 ) ;
#4119 = LINE ( 'NONE', #5510, #4319 ) ;
#4120 = EDGE_LOOP ( 'NONE', ( #5592, #1299, #2310, #3010, #3835, #3140, #1762 ) ) ;
#4121 = CIRCLE ( 'NONE', #1361, 0.5000000000000004441 ) ;
#4122 = DIRECTION ( 'NONE',  ( 0.000000000000000000, 0.000000000000000000, 1.000000000000000000 ) ) ;
#4123 = LINE ( 'NONE', #3192, #1518 ) ;
#4124 = EDGE_CURVE ( 'NONE', #3545, #3234, #3328, .T. ) ;
#4125 = DIRECTION ( 'NONE',  ( 0.000000000000000000, -1.000000000000000000, 0.000000000000000000 ) ) ;
#4126 = AXIS2_PLACEMENT_3D ( 'NONE', #18, #1970, #5883 ) ;
#4127 = CARTESIAN_POINT ( 'NONE',  ( -3.035766082959411232E-15, -22.74999999999999289, -8.900000000000012790 ) ) ;
#4128 = VERTEX_POINT ( 'NONE', #3841 ) ;
#4129 = VERTEX_POINT ( 'NONE', #5807 ) ;
#4130 = LINE ( 'NONE', #2151, #1522 ) ;
#4131 = AXIS2_PLACEMENT_3D ( 'NONE', #1366, #4100, #6104 ) ;
#4132 = LINE ( 'NONE', #5040, #1789 ) ;
#4133 = CARTESIAN_POINT ( 'NONE',  ( 1.506651917331937041, -22.75000000000000711, -8.900000000000002132 ) ) ;
#4134 = ADVANCED_FACE ( 'NONE', ( #4848 ), #454, .F. ) ;
#4135 = AXIS2_PLACEMENT_3D ( 'NONE', #3517, #2023, #2574 ) ;
#4136 = CARTESIAN_POINT ( 'NONE',  ( -10.46081020890093072, -61.95865223729351356, -1.805071059338108519 ) ) ;
#4137 = ORIENTED_EDGE ( 'NONE', *, *, #2802, .T. ) ;
#4138 = EDGE_LOOP ( 'NONE', ( #5380, #5721, #4498, #3170 ) ) ;
#4139 = CIRCLE ( 'NONE', #4967, 0.5000000000000004441 ) ;
#4140 = CYLINDRICAL_SURFACE ( 'NONE', #6295, 2.499999999999995559 ) ;
#4141 = CARTESIAN_POINT ( 'NONE',  ( 13.87500000000000355, -39.49999999999999289, -1.249999999999999778 ) ) ;
#4142 = CARTESIAN_POINT ( 'NONE',  ( -26.33603330876112025, -17.73080999262830915, -1.518565079760252123 ) ) ;
#4143 = CARTESIAN_POINT ( 'NONE',  ( 18.25000000000001421, -23.89999999999999147, -8.900000000000005684 ) ) ;
#4144 = VECTOR ( 'NONE', #3058, 1000.000000000000000 ) ;
#4145 = VECTOR ( 'NONE', #2410, 1000.000000000000000 ) ;
#4146 = CARTESIAN_POINT ( 'NONE',  ( 10.44999999999999929, -26.74999999999999289, -1.749999999999999778 ) ) ;
#4147 = VERTEX_POINT ( 'NONE', #3719 ) ;
#4148 = ORIENTED_EDGE ( 'NONE', *, *, #3727, .T. ) ;
#4149 = EDGE_LOOP ( 'NONE', ( #1458, #4911, #2603, #4639 ) ) ;
#4150 = CARTESIAN_POINT ( 'NONE',  ( -24.10000000000000497, 17.15000000000000568, -3.000000000000000000 ) ) ;
#4151 = DIRECTION ( 'NONE',  ( 0.000000000000000000, 1.000000000000000000, 0.000000000000000000 ) ) ;
#4152 = CARTESIAN_POINT ( 'NONE',  ( -3.012339100162039429, 26.00000000000000355, -8.400000000000003908 ) ) ;
#4153 = ORIENTED_EDGE ( 'NONE', *, *, #2750, .F. ) ;
#4154 = CARTESIAN_POINT ( 'NONE',  ( -22.10000000000000142, 17.75000000000000711, -3.000000000000000000 ) ) ;
#4155 = LINE ( 'NONE', #2716, #4273 ) ;
#4156 = DIRECTION ( 'NONE',  ( 0.000000000000000000, 0.000000000000000000, 1.000000000000000000 ) ) ;
#4157 = CARTESIAN_POINT ( 'NONE',  ( -0.9383487668397079151, -22.89639613569200449, -8.900000000000124700 ) ) ;
#4158 = VERTEX_POINT ( 'NONE', #2058 ) ;
#4159 = ORIENTED_EDGE ( 'NONE', *, *, #3181, .F. ) ;
#4160 = EDGE_CURVE ( 'NONE', #5410, #5139, #1575, .T. ) ;
#4161 = DIRECTION ( 'NONE',  ( 1.000000000000000000, 0.000000000000000000, 0.000000000000000000 ) ) ;
#4162 = DIRECTION ( 'NONE',  ( 1.954618001100627820E-16, 1.000000000000000000, 0.000000000000000000 ) ) ;
#4163 = CARTESIAN_POINT ( 'NONE',  ( 0.2750055679356249727, 21.35000000000000142, -6.380000000000024762 ) ) ;
#4164 = DIRECTION ( 'NONE',  ( -0.000000000000000000, -0.000000000000000000, -1.000000000000000000 ) ) ;
#4165 = ORIENTED_EDGE ( 'NONE', *, *, #2940, .F. ) ;
#4166 = VERTEX_POINT ( 'NONE', #4391 ) ;
#4167 = EDGE_CURVE ( 'NONE', #1171, #2406, #484, .T. ) ;
#4168 = LINE ( 'NONE', #5562, #3821 ) ;
#4169 = FACE_OUTER_BOUND ( 'NONE', #5874, .T. ) ;
#4170 = TOROIDAL_SURFACE ( 'NONE', #279, 0.2750055679356273597, 2.500000000000000000 ) ;
#4171 = CARTESIAN_POINT ( 'NONE',  ( -26.19766594109434621, -17.68929978232824496, -1.886302363899363232 ) ) ;
#4172 = VECTOR ( 'NONE', #991, 1000.000000000000000 ) ;
#4173 = FACE_OUTER_BOUND ( 'NONE', #4773, .T. ) ;
#4174 = VECTOR ( 'NONE', #3637, 1000.000000000000000 ) ;
#4175 = ORIENTED_EDGE ( 'NONE', *, *, #989, .T. ) ;
#4176 = ORIENTED_EDGE ( 'NONE', *, *, #3339, .T. ) ;
#4177 = ADVANCED_FACE ( 'NONE', ( #5457 ), #5013, .F. ) ;
#4178 = AXIS2_PLACEMENT_3D ( 'NONE', #836, #4754, #3268 ) ;
#4179 = ORIENTED_EDGE ( 'NONE', *, *, #4646, .T. ) ;
#4180 = CARTESIAN_POINT ( 'NONE',  ( -7.444146072768573319, -39.49999999999999289, -5.424548315137656118 ) ) ;
#4181 = CARTESIAN_POINT ( 'NONE',  ( 2.049999999999999822, -54.49999999999999289, 2.250000000000000000 ) ) ;
#4182 = LINE ( 'NONE', #6150, #2910 ) ;
#4183 = AXIS2_PLACEMENT_3D ( 'NONE', #5075, #5104, #5194 ) ;
#4184 = EDGE_LOOP ( 'NONE', ( #2161, #6061, #5569, #2505 ) ) ;
#4185 = DIRECTION ( 'NONE',  ( 1.000000000000000000, 0.000000000000000000, 0.000000000000000000 ) ) ;
#4186 = PLANE ( 'NONE',  #598 ) ;
#4187 = DIRECTION ( 'NONE',  ( -1.000000000000000000, 0.000000000000000000, -2.532443030623075608E-16 ) ) ;
#4188 = PLANE ( 'NONE',  #5755 ) ;
#4189 = ORIENTED_EDGE ( 'NONE', *, *, #689, .F. ) ;
#4190 = ORIENTED_EDGE ( 'NONE', *, *, #1386, .F. ) ;
#4191 = B_SPLINE_CURVE_WITH_KNOTS ( 'NONE', 3,
 ( #218, #5098, #6153, #4674, #277, #1661, #5187, #3130 ),
 .UNSPECIFIED., .F., .F.,
 ( 4, 2, 2, 4 ),
 ( 0.000000000000000000, 0.0004036042695942775732, 0.0008072085391885551464, 0.001614417078377114196 ),
 .UNSPECIFIED. ) ;
#4192 = CARTESIAN_POINT ( 'NONE',  ( 20.00000000000000355, -22.74999999999999289, 2.250000000000000000 ) ) ;
#4193 = CARTESIAN_POINT ( 'NONE',  ( 14.99999999999999645, 17.50000000000000000, 0.000000000000000000 ) ) ;
#4194 = CARTESIAN_POINT ( 'NONE',  ( -0.2750055679356317451, 23.85000000000000142, -6.380000000000024762 ) ) ;
#4195 = EDGE_CURVE ( 'NONE', #2708, #1660, #3279, .T. ) ;
#4196 = LINE ( 'NONE', #994, #942 ) ;
#4197 = ORIENTED_EDGE ( 'NONE', *, *, #566, .T. ) ;
#4198 = CARTESIAN_POINT ( 'NONE',  ( 24.10000000000000142, -17.14999999999999858, -3.000000000000000000 ) ) ;
#4199 = CARTESIAN_POINT ( 'NONE',  ( -10.45000000000000639, -51.75000000000000000, -1.250000000000000222 ) ) ;
#4200 = LINE ( 'NONE', #718, #2579 ) ;
#4201 = CARTESIAN_POINT ( 'NONE',  ( -24.92069895169584726, -18.88566317231953207, -2.002301386805970917 ) ) ;
#4202 = CARTESIAN_POINT ( 'NONE',  ( 9.950000000000002842, -39.49999999999999289, -5.550000000000000711 ) ) ;
#4203 = EDGE_CURVE ( 'NONE', #3735, #6224, #3383, .T. ) ;
#4204 = AXIS2_PLACEMENT_3D ( 'NONE', #1039, #2517, #1520 ) ;
#4205 = ORIENTED_EDGE ( 'NONE', *, *, #922, .T. ) ;
#4206 = ORIENTED_EDGE ( 'NONE', *, *, #5856, .T. ) ;
#4207 = CARTESIAN_POINT ( 'NONE',  ( 18.76168835939279234, -22.57402078141282331, -0.5673142153061865312 ) ) ;
#4208 = CARTESIAN_POINT ( 'NONE',  ( 1.549999999999999822, -24.99999999999998579, 2.250000000000000000 ) ) ;
#4209 = DIRECTION ( 'NONE',  ( 0.000000000000000000, 0.000000000000000000, 1.000000000000000000 ) ) ;
#4210 = ADVANCED_FACE ( 'NONE', ( #4001 ), #5839, .F. ) ;
#4211 = AXIS2_PLACEMENT_3D ( 'NONE', #2373, #903, #329 ) ;
#4212 = ORIENTED_EDGE ( 'NONE', *, *, #6100, .F. ) ;
#4213 = DIRECTION ( 'NONE',  ( 1.000000000000000000, 0.000000000000000000, 0.000000000000000000 ) ) ;
#4214 = CIRCLE ( 'NONE', #742, 0.5000000000000004441 ) ;
#4215 = CARTESIAN_POINT ( 'NONE',  ( 3.012339100162038985, 26.50000000000000355, -8.400000000000003908 ) ) ;
#4216 = AXIS2_PLACEMENT_3D ( 'NONE', #5011, #1100, #5454 ) ;
#4217 = CARTESIAN_POINT ( 'NONE',  ( -2.049999999999999822, -54.49999999999999289, 0.2499999999999997780 ) ) ;
#4218 = LINE ( 'NONE', #4739, #5254 ) ;
#4219 = VECTOR ( 'NONE', #4357, 1000.000000000000000 ) ;
#4220 = ORIENTED_EDGE ( 'NONE', *, *, #5088, .T. ) ;
#4221 = VECTOR ( 'NONE', #3832, 1000.000000000000000 ) ;
#4222 = ORIENTED_EDGE ( 'NONE', *, *, #5638, .F. ) ;
#4223 = DIRECTION ( 'NONE',  ( 1.000000000000000000, 0.000000000000000000, 0.000000000000000000 ) ) ;
#4224 = DIRECTION ( 'NONE',  ( 2.182042108146926802E-16, -1.000000000000000000, -0.000000000000000000 ) ) ;
#4225 = AXIS2_PLACEMENT_3D ( 'NONE', #2072, #2588, #1555 ) ;
#4226 = CARTESIAN_POINT ( 'NONE',  ( 13.37500000000000355, -38.99999999999999289, -1.749999999999999778 ) ) ;
#4227 = ORIENTED_EDGE ( 'NONE', *, *, #3424, .T. ) ;
#4228 = DIRECTION ( 'NONE',  ( 1.000000000000000000, 9.251858538542971581E-17, -0.000000000000000000 ) ) ;
#4229 = ORIENTED_EDGE ( 'NONE', *, *, #3576, .F. ) ;
#4230 = EDGE_CURVE ( 'NONE', #2691, #1262, #224, .T. ) ;
#4231 = CARTESIAN_POINT ( 'NONE',  ( 7.442068080674625108, -39.95437510184128627, -4.549999999999999822 ) ) ;
#4232 = CARTESIAN_POINT ( 'NONE',  ( 10.95000000000000284, -39.49999999999999289, 2.250000000000000000 ) ) ;
#4233 = CARTESIAN_POINT ( 'NONE',  ( 10.45000000000000284, -38.99999999999999289, -8.400000000000003908 ) ) ;
#4234 = DIRECTION ( 'NONE',  ( -2.182042108146926802E-16, 1.000000000000000000, -0.000000000000000000 ) ) ;
#4235 = CARTESIAN_POINT ( 'NONE',  ( -9.949999999999990408, -61.99999999999999289, -5.050000000000000711 ) ) ;
#4236 = VECTOR ( 'NONE', #3851, 1000.000000000000000 ) ;
#4237 = AXIS2_PLACEMENT_3D ( 'NONE', #1167, #2120, #1134 ) ;
#4238 = ORIENTED_EDGE ( 'NONE', *, *, #879, .T. ) ;
#4239 = EDGE_CURVE ( 'NONE', #5103, #5957, #4497, .T. ) ;
#4240 = CARTESIAN_POINT ( 'NONE',  ( -7.694148234122420327, -39.97714213998001753, -4.987274157593014401 ) ) ;
#4241 = CARTESIAN_POINT ( 'NONE',  ( -15.90000000000000036, -26.74999999999999645, -8.400000000000003908 ) ) ;
#4242 = CARTESIAN_POINT ( 'NONE',  ( 1.506651917331941926, -22.75000000000000000, -8.400000000000007461 ) ) ;
#4243 = ORIENTED_EDGE ( 'NONE', *, *, #4167, .T. ) ;
#4244 = ADVANCED_FACE ( 'NONE', ( #1995 ), #3520, .T. ) ;
#4245 = CARTESIAN_POINT ( 'NONE',  ( -25.75000000000001066, -21.50000000000000000, 2.250000000000000000 ) ) ;
#4246 = CARTESIAN_POINT ( 'NONE',  ( 8.557943913877352315, 24.79508015469921389, -8.900000000000005684 ) ) ;
#4247 = CARTESIAN_POINT ( 'NONE',  ( -20.00000000000000711, 12.50000000000000000, 2.250000000000000000 ) ) ;
#4248 = CARTESIAN_POINT ( 'NONE',  ( -25.00000000000000000, 19.15000000000000568, -1.000000000000000000 ) ) ;
#4249 = ORIENTED_EDGE ( 'NONE', *, *, #5992, .T. ) ;
#4250 = VERTEX_POINT ( 'NONE', #5904 ) ;
#4251 = EDGE_CURVE ( 'NONE', #3317, #369, #1102, .T. ) ;
#4252 = DIRECTION ( 'NONE',  ( 0.000000000000000000, -0.000000000000000000, -1.000000000000000000 ) ) ;
#4253 = DIRECTION ( 'NONE',  ( -1.000000000000000000, -2.182042108146926802E-16, -0.000000000000000000 ) ) ;
#4254 = CARTESIAN_POINT ( 'NONE',  ( -23.49999999999999645, -17.75000000000000000, 0.000000000000000000 ) ) ;
#4255 = ORIENTED_EDGE ( 'NONE', *, *, #1465, .T. ) ;
#4256 = LINE ( 'NONE', #2342, #376 ) ;
#4257 = VERTEX_POINT ( 'NONE', #556 ) ;
#4258 = AXIS2_PLACEMENT_3D ( 'NONE', #5388, #5834, #1442 ) ;
#4259 = CARTESIAN_POINT ( 'NONE',  ( -10.44999999999999574, -38.99999999999999289, -2.250000000000002220 ) ) ;
#4260 = DIRECTION ( 'NONE',  ( -1.000000000000000000, -2.500502307714316137E-16, -1.250251153857158069E-16 ) ) ;
#4261 = DIRECTION ( 'NONE',  ( 0.000000000000000000, 0.000000000000000000, 1.000000000000000000 ) ) ;
#4262 = LINE ( 'NONE', #1326, #155 ) ;
#4263 = CARTESIAN_POINT ( 'NONE',  ( -14.37500000000000355, -26.74999999999999645, 2.249999999999999112 ) ) ;
#4264 =( BOUNDED_CURVE ( )  B_SPLINE_CURVE ( 3, ( #6162, #3865, #5416, #2461 ),
 .UNSPECIFIED., .F., .T. ) 
 B_SPLINE_CURVE_WITH_KNOTS ( ( 4, 4 ),
 ( 3.141592653589793116, 4.712388980384689674 ),
 .UNSPECIFIED. ) 
 CURVE ( )  GEOMETRIC_REPRESENTATION_ITEM ( )  RATIONAL_B_SPLINE_CURVE ( ( 1.000000000000000000, 0.8047378541243649375, 0.8047378541243649375, 1.000000000000000000 ) ) 
 REPRESENTATION_ITEM ( '' )  );
#4265 = ORIENTED_EDGE ( 'NONE', *, *, #5030, .F. ) ;
#4266 = EDGE_LOOP ( 'NONE', ( #660, #4811, #5308, #3794, #5606 ) ) ;
#4267 = TOROIDAL_SURFACE ( 'NONE', #2129, 1.000000000000000000, 0.5000000000000000000 ) ;
#4268 = CARTESIAN_POINT ( 'NONE',  ( 0.8531861753236815726, -23.13066377976590715, -8.900000000000007461 ) ) ;
#4269 = DIRECTION ( 'NONE',  ( 1.000000000000000000, -8.326672684688724540E-14, 0.000000000000000000 ) ) ;
#4270 = DIRECTION ( 'NONE',  ( 0.000000000000000000, 0.000000000000000000, 1.000000000000000000 ) ) ;
#4271 = ADVANCED_FACE ( 'NONE', ( #2026 ), #2306, .T. ) ;
#4272 = CIRCLE ( 'NONE', #1617, 1.400000000000005462 ) ;
#4273 = VECTOR ( 'NONE', #5642, 1000.000000000000000 ) ;
#4274 = EDGE_LOOP ( 'NONE', ( #676, #1313, #5172, #2456 ) ) ;
#4275 = CARTESIAN_POINT ( 'NONE',  ( 22.09999999999999787, -17.74999999999998934, -1.000000000000000000 ) ) ;
#4276 = CIRCLE ( 'NONE', #3051, 5.000000000000002665 ) ;
#4277 = DIRECTION ( 'NONE',  ( -0.000000000000000000, -0.000000000000000000, -1.000000000000000000 ) ) ;
#4278 = CARTESIAN_POINT ( 'NONE',  ( 24.40000000000000568, -17.14999999999999858, -3.000000000000000000 ) ) ;
#4279 = EDGE_CURVE ( 'NONE', #2103, #5036, #1160, .T. ) ;
#4280 = CARTESIAN_POINT ( 'NONE',  ( -24.40000000000000568, 17.15000000000000568, -3.000000000000000000 ) ) ;
#4281 = ADVANCED_FACE ( 'NONE', ( #228 ), #2956, .F. ) ;
#4282 = ORIENTED_EDGE ( 'NONE', *, *, #2672, .F. ) ;
#4283 = ORIENTED_EDGE ( 'NONE', *, *, #5037, .T. ) ;
#4284 = DIRECTION ( 'NONE',  ( 1.000000000000000000, 0.000000000000000000, 0.000000000000000000 ) ) ;
#4285 = PRESENTATION_STYLE_ASSIGNMENT (( #2847 ) ) ;
#4286 = LINE ( 'NONE', #2848, #5660 ) ;
#4287 = ADVANCED_FACE ( 'NONE', ( #653 ), #3109, .F. ) ;
#4288 = EDGE_LOOP ( 'NONE', ( #2675, #4190, #2280, #5523 ) ) ;
#4289 = DIRECTION ( 'NONE',  ( -1.000000000000000000, 0.000000000000000000, -0.000000000000000000 ) ) ;
#4290 = ORIENTED_EDGE ( 'NONE', *, *, #5270, .F. ) ;
#4291 = DIRECTION ( 'NONE',  ( -0.000000000000000000, -0.000000000000000000, 1.000000000000000000 ) ) ;
#4292 = DIRECTION ( 'NONE',  ( 0.000000000000000000, 0.000000000000000000, 1.000000000000000000 ) ) ;
#4293 = DIRECTION ( 'NONE',  ( 0.000000000000000000, 0.000000000000000000, 1.000000000000000000 ) ) ;
#4294 = DIRECTION ( 'NONE',  ( 0.000000000000000000, -0.000000000000000000, 1.000000000000000000 ) ) ;
#4295 = ORIENTED_EDGE ( 'NONE', *, *, #1721, .F. ) ;
#4296 = ORIENTED_EDGE ( 'NONE', *, *, #4331, .T. ) ;
#4297 = DIRECTION ( 'NONE',  ( -1.000000000000000000, -0.000000000000000000, -0.000000000000000000 ) ) ;
#4298 = CARTESIAN_POINT ( 'NONE',  ( 15.26399491392091434, 22.33240882537590366, -0.2843502816994970539 ) ) ;
#4299 = CARTESIAN_POINT ( 'NONE',  ( -23.79782862990117920, 18.15723790032949125, -2.747572801732114822 ) ) ;
#4300 = VECTOR ( 'NONE', #593, 1000.000000000000000 ) ;
#4301 = ORIENTED_EDGE ( 'NONE', *, *, #959, .F. ) ;
#4302 = DIRECTION ( 'NONE',  ( -0.000000000000000000, -0.000000000000000000, -1.000000000000000000 ) ) ;
#4303 = EDGE_CURVE ( 'NONE', #363, #2030, #5148, .T. ) ;
#4304 = CARTESIAN_POINT ( 'NONE',  ( 22.92842712474618949, -17.50147186257613896, -2.999999999999998668 ) ) ;
#4305 = CYLINDRICAL_SURFACE ( 'NONE', #862, 2.500000000000000000 ) ;
#4306 = CARTESIAN_POINT ( 'NONE',  ( -24.75147186257615317, -18.32157287525379630, -2.999999999999998668 ) ) ;
#4307 = CARTESIAN_POINT ( 'NONE',  ( 26.40000000000000568, 19.15000000000000213, -1.000000000000000000 ) ) ;
#4308 = CIRCLE ( 'NONE', #1155, 0.5000000000000000000 ) ;
#4309 = DIRECTION ( 'NONE',  ( 0.000000000000000000, 0.000000000000000000, 1.000000000000000000 ) ) ;
#4310 = ORIENTED_EDGE ( 'NONE', *, *, #5196, .F. ) ;
#4311 = ORIENTED_EDGE ( 'NONE', *, *, #5512, .T. ) ;
#4312 = VECTOR ( 'NONE', #2576, 1000.000000000000000 ) ;
#4313 = ADVANCED_FACE ( 'NONE', ( #1643 ), #5620, .F. ) ;
#4314 = DIRECTION ( 'NONE',  ( 0.000000000000000000, 1.000000000000000000, 0.000000000000000000 ) ) ;
#4315 = EDGE_CURVE ( 'NONE', #171, #1819, #2552, .T. ) ;
#4316 = FACE_OUTER_BOUND ( 'NONE', #4266, .T. ) ;
#4317 = CARTESIAN_POINT ( 'NONE',  ( 26.40000000000000213, -17.74999999995462474, -1.130901135795378432 ) ) ;
#4318 = DIRECTION ( 'NONE',  ( -1.000000000000000000, 0.000000000000000000, -0.000000000000000000 ) ) ;
#4319 = VECTOR ( 'NONE', #4086, 1000.000000000000000 ) ;
#4320 = VERTEX_POINT ( 'NONE', #5557 ) ;
#4321 = DIRECTION ( 'NONE',  ( -0.000000000000000000, -0.000000000000000000, 1.000000000000000000 ) ) ;
#4322 = EDGE_LOOP ( 'NONE', ( #4465, #3765, #5393, #3564, #5411, #2169, #4767, #384, #4480, #4176, #3141, #377, #2689, #4148 ) ) ;
#4323 = EDGE_CURVE ( 'NONE', #6128, #1096, #3139, .T. ) ;
#4324 = EDGE_CURVE ( 'NONE', #3282, #2030, #6134, .T. ) ;
#4325 = DIRECTION ( 'NONE',  ( 1.000000000000000000, -0.000000000000000000, -0.000000000000000000 ) ) ;
#4326 = CARTESIAN_POINT ( 'NONE',  ( -25.00000000000000000, -17.75000000000000000, 0.000000000000000000 ) ) ;
#4327 = CARTESIAN_POINT ( 'NONE',  ( -6.944154063330265636, -39.99999999999999289, -5.050000000000000711 ) ) ;
#4328 = CIRCLE ( 'NONE', #4952, 13.86419377152116716 ) ;
#4329 = ORIENTED_EDGE ( 'NONE', *, *, #207, .F. ) ;
#4330 = VERTEX_POINT ( 'NONE', #5170 ) ;
#4331 = EDGE_CURVE ( 'NONE', #3120, #5139, #2781, .T. ) ;
#4332 = CARTESIAN_POINT ( 'NONE',  ( 6.944154063330266524, -39.50000000000000000, -4.814684892506528868 ) ) ;
#4333 = CARTESIAN_POINT ( 'NONE',  ( -15.75000000000000711, -52.50000000000000000, 2.250000000000000000 ) ) ;
#4334 = AXIS2_PLACEMENT_3D ( 'NONE', #1907, #1528, #3403 ) ;
#4335 = VECTOR ( 'NONE', #1445, 1000.000000000000000 ) ;
#4336 = ORIENTED_EDGE ( 'NONE', *, *, #921, .F. ) ;
#4337 = VECTOR ( 'NONE', #2066, 1000.000000000000000 ) ;
#4338 = DIRECTION ( 'NONE',  ( 0.000000000000000000, 0.000000000000000000, 1.000000000000000000 ) ) ;
#4339 = AXIS2_PLACEMENT_3D ( 'NONE', #6320, #3746, #870 ) ;
#4340 = CARTESIAN_POINT ( 'NONE',  ( 15.90000000000000036, -26.25000000000000000, -8.900000000000005684 ) ) ;
#4341 = CARTESIAN_POINT ( 'NONE',  ( -18.25000000000000355, -23.24999999999999645, -8.900000000000005684 ) ) ;
#4342 = DIRECTION ( 'NONE',  ( -1.000000000000000000, 0.000000000000000000, 0.000000000000000000 ) ) ;
#4343 = CARTESIAN_POINT ( 'NONE',  ( 24.92069895169583305, 18.88566317231953917, -2.002301386805983352 ) ) ;
#4344 = CARTESIAN_POINT ( 'NONE',  ( -26.25510592213224115, 19.00510592213224470, -1.839873476193774726 ) ) ;
#4345 = ORIENTED_EDGE ( 'NONE', *, *, #2241, .F. ) ;
#4346 = VERTEX_POINT ( 'NONE', #3551 ) ;
#4347 = LINE ( 'NONE', #3797, #3244 ) ;
#4348 = CARTESIAN_POINT ( 'NONE',  ( 15.90000000000000391, -23.89999999999999147, 2.250000000000000000 ) ) ;
#4349 = DIRECTION ( 'NONE',  ( 1.000000000000000000, 0.000000000000000000, 0.000000000000000000 ) ) ;
#4350 = CARTESIAN_POINT ( 'NONE',  ( 5.000000000000000000, -54.49999999999999289, -8.900000000000002132 ) ) ;
#4351 = EDGE_CURVE ( 'NONE', #77, #4840, #4934, .T. ) ;
#4352 = ORIENTED_EDGE ( 'NONE', *, *, #6102, .F. ) ;
#4353 = EDGE_CURVE ( 'NONE', #4250, #1997, #1379, .T. ) ;
#4354 = DIRECTION ( 'NONE',  ( -0.000000000000000000, 1.000000000000000000, 0.000000000000000000 ) ) ;
#4355 = ORIENTED_EDGE ( 'NONE', *, *, #3854, .F. ) ;
#4356 = DIRECTION ( 'NONE',  ( -1.000000000000000000, 0.000000000000000000, 0.000000000000000000 ) ) ;
#4357 = DIRECTION ( 'NONE',  ( 2.182042108146926802E-16, -1.000000000000000000, -0.000000000000000000 ) ) ;
#4358 = CARTESIAN_POINT ( 'NONE',  ( 1.311502393831941227, 22.85239831189614179, -8.899999999999883116 ) ) ;
#4359 = EDGE_CURVE ( 'NONE', #320, #5331, #3610, .T. ) ;
#4360 = EDGE_CURVE ( 'NONE', #3708, #2727, #5197, .T. ) ;
#4361 = VERTEX_POINT ( 'NONE', #319 ) ;
#4362 = VERTEX_POINT ( 'NONE', #5735 ) ;
#4363 = DIRECTION ( 'NONE',  ( -1.000000000000000000, 0.000000000000000000, 0.000000000000000000 ) ) ;
#4364 = LINE ( 'NONE', #3364, #5586 ) ;
#4365 = FACE_OUTER_BOUND ( 'NONE', #5055, .T. ) ;
#4366 = EDGE_CURVE ( 'NONE', #4926, #2625, #229, .T. ) ;
#4367 = AXIS2_PLACEMENT_3D ( 'NONE', #4091, #4122, #4642 ) ;
#4368 = DIRECTION ( 'NONE',  ( 1.000000000000000000, 0.000000000000000000, 0.000000000000000000 ) ) ;
#4369 = ORIENTED_EDGE ( 'NONE', *, *, #1629, .F. ) ;
#4370 = LINE ( 'NONE', #1939, #2493 ) ;
#4371 = DIRECTION ( 'NONE',  ( 0.000000000000000000, -1.000000000000000000, 0.000000000000000000 ) ) ;
#4372 = LINE ( 'NONE', #3370, #4236 ) ;
#4373 = CARTESIAN_POINT ( 'NONE',  ( 26.19766594109439239, 17.68929978232833733, -1.886302363899244661 ) ) ;
#4374 = CIRCLE ( 'NONE', #4894, 0.5000000000000000000 ) ;
#4375 = CARTESIAN_POINT ( 'NONE',  ( 25.00000000000000000, 17.75000000000000000, -1.000000000000000000 ) ) ;
#4376 = APPLICATION_CONTEXT ( 'automotive_design' ) ;
#4377 = ORIENTED_EDGE ( 'NONE', *, *, #4360, .T. ) ;
#4378 = ORIENTED_EDGE ( 'NONE', *, *, #5268, .T. ) ;
#4379 = CIRCLE ( 'NONE', #3760, 2.519999999999992024 ) ;
#4380 = CIRCLE ( 'NONE', #3347, 0.2750055679356304128 ) ;
#4381 = CARTESIAN_POINT ( 'NONE',  ( 18.75000000000000711, -22.74999999999999289, -8.400000000000003908 ) ) ;
#4382 = CARTESIAN_POINT ( 'NONE',  ( -23.50000000000000355, 17.75000000000000000, -3.000000000000000000 ) ) ;
#4383 = DIRECTION ( 'NONE',  ( 0.000000000000000000, -0.000000000000000000, -1.000000000000000000 ) ) ;
#4384 = AXIS2_PLACEMENT_3D ( 'NONE', #891, #6249, #6219 ) ;
#4385 = EDGE_LOOP ( 'NONE', ( #5889, #1959, #3448, #1562 ) ) ;
#4386 = DIRECTION ( 'NONE',  ( -0.000000000000000000, -0.000000000000000000, -1.000000000000000000 ) ) ;
#4387 = ORIENTED_EDGE ( 'NONE', *, *, #5903, .T. ) ;
#4388 = CYLINDRICAL_SURFACE ( 'NONE', #5774, 1.400000000000001910 ) ;
#4389 = CARTESIAN_POINT ( 'NONE',  ( 18.75000000000000711, -22.74999999999999289, 2.250000000000000000 ) ) ;
#4390 = EDGE_CURVE ( 'NONE', #2625, #92, #1852, .T. ) ;
#4391 = CARTESIAN_POINT ( 'NONE',  ( 13.87500000000000355, -39.49999999999999289, -1.249999999999999778 ) ) ;
#4392 = VERTEX_POINT ( 'NONE', #5291 ) ;
#4393 = VERTEX_POINT ( 'NONE', #3834 ) ;
#4394 = ORIENTED_EDGE ( 'NONE', *, *, #829, .T. ) ;
#4395 = LINE ( 'NONE', #3302, #545 ) ;
#4396 = FACE_OUTER_BOUND ( 'NONE', #378, .T. ) ;
#4397 = EDGE_CURVE ( 'NONE', #92, #6002, #5752, .T. ) ;
#4398 = EDGE_CURVE ( 'NONE', #1668, #5118, #2307, .T. ) ;
#4399 = CARTESIAN_POINT ( 'NONE',  ( -23.62293541693279053, 18.74021527689066957, -2.219979545272396493 ) ) ;
#4400 =( BOUNDED_SURFACE ( )  B_SPLINE_SURFACE ( 3, 2, ( 
 ( #6054, #3190, #3641 ),
 ( #5608, #5159, #1758 ),
 ( #3700, #5669, #4059 ),
 ( #1281, #3222, #791 ),
 ( #4706, #1633, #5545 ),
 ( #5578, #1154, #671 ),
 ( #6304, #819, #3311 ),
 ( #2326, #5754, #3787 ),
 ( #5218, #853, #1790 ),
 ( #5697, #3251, #5311 ) ),
 .UNSPECIFIED., .F., .F., .F. ) 
 B_SPLINE_SURFACE_WITH_KNOTS ( ( 4, 2, 2, 2, 4 ),
 ( 3, 3 ),
 ( 0.0006764394138335631541, 0.001068143987329852555, 0.001459848560826142172, 0.001851553134322431789, 0.002243257707818721407 ),
 ( 0.000000000000000000, 1.000000000000000000 ),
 .UNSPECIFIED. ) 
 GEOMETRIC_REPRESENTATION_ITEM ( )  RATIONAL_B_SPLINE_SURFACE ( (
 ( 1.000000000000000000, 0.7071067811865475727, 1.000000000000000000),
 ( 1.000000000000000000, 0.7113053322872954221, 1.000000000000000000),
 ( 1.000000000000000000, 0.7154702864436478515, 1.000000000000000000),
 ( 1.000000000000000000, 0.7231389164680736004, 1.000000000000000000),
 ( 1.000000000000000000, 0.7266273239808087592, 1.000000000000000000),
 ( 1.000000000000000000, 0.7324139134346787650, 1.000000000000000000),
 ( 1.000000000000000000, 0.7347392840391810953, 1.000000000000000000),
 ( 1.000000000000000000, 0.7378486529990599951, 1.000000000000000000),
 ( 1.000000000000000000, 0.7386744377954322927, 1.000000000000000000),
 ( 1.000000000000000000, 0.7386642661985945990, 1.000000000000000000) ) ) 
 REPRESENTATION_ITEM ( '' )  SURFACE ( )  );
#4401 = CARTESIAN_POINT ( 'NONE',  ( 9.949999999999999289, -26.24999999999999645, -8.900000000000005684 ) ) ;
#4402 = VERTEX_POINT ( 'NONE', #3351 ) ;
#4403 = CARTESIAN_POINT ( 'NONE',  ( 14.99999999999999645, -12.50000000000000000, 0.000000000000000000 ) ) ;
#4404 = CARTESIAN_POINT ( 'NONE',  ( 10.38116255159387435, -62.37581675858852037, -1.926006081362067635 ) ) ;
#4405 = EDGE_CURVE ( 'NONE', #1441, #2593, #4423, .T. ) ;
#4406 = CARTESIAN_POINT ( 'NONE',  ( 24.87706458306722723, 18.74021527689064825, -2.219979545272424915 ) ) ;
#4407 = LINE ( 'NONE', #2965, #4430 ) ;
#4408 = ORIENTED_EDGE ( 'NONE', *, *, #5228, .F. ) ;
#4409 = ORIENTED_EDGE ( 'NONE', *, *, #2826, .T. ) ;
#4410 = DIRECTION ( 'NONE',  ( 0.000000000000000000, 0.000000000000000000, 1.000000000000000000 ) ) ;
#4411 = EDGE_CURVE ( 'NONE', #322, #578, #5683, .T. ) ;
#4412 = VECTOR ( 'NONE', #121, 1000.000000000000000 ) ;
#4413 = CARTESIAN_POINT ( 'NONE',  ( 13.87500000000000355, -39.49999999999999289, -1.249999999999999778 ) ) ;
#4414 = CYLINDRICAL_SURFACE ( 'NONE', #1261, 1.000000000000000888 ) ;
#4415 = AXIS2_PLACEMENT_3D ( 'NONE', #5953, #3210, #4629 ) ;
#4416 = ORIENTED_EDGE ( 'NONE', *, *, #4957, .T. ) ;
#4417 = PLANE ( 'NONE',  #691 ) ;
#4418 = ORIENTED_EDGE ( 'NONE', *, *, #303, .F. ) ;
#4419 = FACE_OUTER_BOUND ( 'NONE', #630, .T. ) ;
#4420 = DIRECTION ( 'NONE',  ( -1.000000000000000000, 0.000000000000000000, 0.000000000000000000 ) ) ;
#4421 = DIRECTION ( 'NONE',  ( 1.000000000000000000, 2.182042108146926802E-16, 0.000000000000000000 ) ) ;
#4422 = CARTESIAN_POINT ( 'NONE',  ( 25.75000000000001066, -18.49999999999999645, 2.250000000000000000 ) ) ;
#4423 = CIRCLE ( 'NONE', #3796, 0.5000000000000004441 ) ;
#4424 = VECTOR ( 'NONE', #4037, 1000.000000000000000 ) ;
#4425 = CARTESIAN_POINT ( 'NONE',  ( 1.069243561843618240, 22.89305012932846495, -8.900000000000112266 ) ) ;
#4426 = CIRCLE ( 'NONE', #2281, 1.999999999999996225 ) ;
#4427 = ORIENTED_EDGE ( 'NONE', *, *, #2624, .T. ) ;
#4428 = CIRCLE ( 'NONE', #2082, 241.5964285714397874 ) ;
#4429 = ORIENTED_EDGE ( 'NONE', *, *, #3664, .T. ) ;
#4430 = VECTOR ( 'NONE', #61, 1000.000000000000000 ) ;
#4431 = VERTEX_POINT ( 'NONE', #4226 ) ;
#4432 = CYLINDRICAL_SURFACE ( 'NONE', #2510, 0.5000000000000004441 ) ;
#4433 = LINE ( 'NONE', #3845, #54 ) ;
#4434 = DIRECTION ( 'NONE',  ( 0.000000000000000000, -1.000000000000000000, 0.000000000000000000 ) ) ;
#4435 = AXIS2_PLACEMENT_3D ( 'NONE', #3660, #5628, #5116 ) ;
#4436 = DIRECTION ( 'NONE',  ( 0.000000000000000000, 1.000000000000000000, 0.000000000000000000 ) ) ;
#4437 = ORIENTED_EDGE ( 'NONE', *, *, #3561, .T. ) ;
#4438 =( BOUNDED_CURVE ( )  B_SPLINE_CURVE ( 3, ( #6109, #5686, #2127, #1294 ),
 .UNSPECIFIED., .F., .T. ) 
 B_SPLINE_CURVE_WITH_KNOTS ( ( 4, 4 ),
 ( 3.141592653589793116, 4.712388980384689674 ),
 .UNSPECIFIED. ) 
 CURVE ( )  GEOMETRIC_REPRESENTATION_ITEM ( )  RATIONAL_B_SPLINE_CURVE ( ( 1.000000000000000000, 0.8047378541243649375, 0.8047378541243649375, 1.000000000000000000 ) ) 
 REPRESENTATION_ITEM ( '' )  );
#4439 = VECTOR ( 'NONE', #2488, 1000.000000000000000 ) ;
#4440 = CARTESIAN_POINT ( 'NONE',  ( 22.10000000000000497, 17.74999999995442579, -1.130901135795378876 ) ) ;
#4441 = CARTESIAN_POINT ( 'NONE',  ( -9.949999999999995737, -39.49999999999999289, -8.400000000000003908 ) ) ;
#4442 = CARTESIAN_POINT ( 'NONE',  ( -26.40000000000000924, -17.74999999999999289, -3.000000000000000000 ) ) ;
#4443 = DIRECTION ( 'NONE',  ( -1.000000000000000000, 0.000000000000000000, 0.000000000000000000 ) ) ;
#4444 = VECTOR ( 'NONE', #3681, 1000.000000000000000 ) ;
#4445 = CARTESIAN_POINT ( 'NONE',  ( 26.36871708342464515, 19.11871708342478016, -1.441882852138938409 ) ) ;
#4446 = CARTESIAN_POINT ( 'NONE',  ( -26.38710781285182705, 17.74613234385555671, -1.261796208304258649 ) ) ;
#4447 = VECTOR ( 'NONE', #5534, 1000.000000000000000 ) ;
#4448 = EDGE_CURVE ( 'NONE', #2674, #1015, #4286, .T. ) ;
#4449 = EDGE_CURVE ( 'NONE', #6023, #320, #828, .T. ) ;
#4450 = ORIENTED_EDGE ( 'NONE', *, *, #16, .F. ) ;
#4451 = ORIENTED_EDGE ( 'NONE', *, *, #1896, .F. ) ;
#4452 = AXIS2_PLACEMENT_3D ( 'NONE', #1610, #3557, #561 ) ;
#4453 = CARTESIAN_POINT ( 'NONE',  ( 22.81113199265449865, -18.43886800734549780, -2.614074611184062480 ) ) ;
#4454 = CARTESIAN_POINT ( 'NONE',  ( 10.16223538374854130, -62.73552580482806462, -1.337682926624127466 ) ) ;
#4455 = AXIS2_PLACEMENT_3D ( 'NONE', #12, #4853, #6329 ) ;
#4456 = LINE ( 'NONE', #2017, #4941 ) ;
#4457 = ADVANCED_FACE ( 'NONE', ( #3770 ), #2816, .F. ) ;
#4458 = ORIENTED_EDGE ( 'NONE', *, *, #1687, .T. ) ;
#4459 = CARTESIAN_POINT ( 'NONE',  ( -13.87499999999999645, -39.50000000000000000, -1.250000000000003553 ) ) ;
#4460 = VERTEX_POINT ( 'NONE', #2365 ) ;
#4461 = DIRECTION ( 'NONE',  ( 2.403139825818710681E-16, -1.000000000000000000, 0.000000000000000000 ) ) ;
#4462 = CARTESIAN_POINT ( 'NONE',  ( -18.75000000000000355, -22.74999999999999645, -1.200000000000013500 ) ) ;
#4463 = DIRECTION ( 'NONE',  ( 2.182042108146926802E-16, -1.000000000000000000, 0.000000000000000000 ) ) ;
#4464 = DIRECTION ( 'NONE',  ( 0.000000000000000000, 0.000000000000000000, 1.000000000000000000 ) ) ;
#4465 = ORIENTED_EDGE ( 'NONE', *, *, #413, .T. ) ;
#4466 = ORIENTED_EDGE ( 'NONE', *, *, #1856, .T. ) ;
#4467 = DIRECTION ( 'NONE',  ( 1.000000000000000000, 0.000000000000000000, -0.000000000000000000 ) ) ;
#4468 = CARTESIAN_POINT ( 'NONE',  ( 2.782103687887331604E-15, -39.49999999999999289, 0.000000000000000000 ) ) ;
#4469 = CARTESIAN_POINT ( 'NONE',  ( 25.75000000000001066, 18.50000000000000355, 0.000000000000000000 ) ) ;
#4470 = EDGE_LOOP ( 'NONE', ( #3165, #1478, #36, #3743 ) ) ;
#4471 = CARTESIAN_POINT ( 'NONE',  ( 24.02144603675698065, 17.41184654414308497, -3.000000000000000000 ) ) ;
#4472 = CARTESIAN_POINT ( 'NONE',  ( -10.84098914198901298, -61.85937236226357072, -1.717269194726534831 ) ) ;
#4473 = AXIS2_PLACEMENT_3D ( 'NONE', #3801, #4779, #1345 ) ;
#4474 = CARTESIAN_POINT ( 'NONE',  ( 10.75925782305577982, -62.05457448270590959, -1.665604535988189028 ) ) ;
#4475 = CARTESIAN_POINT ( 'NONE',  ( 0.9383487668394602244, -22.89639613569200804, -8.900000000000128253 ) ) ;
#4476 = EDGE_CURVE ( 'NONE', #4712, #6001, #4686, .T. ) ;
#4477 = DIRECTION ( 'NONE',  ( -0.000000000000000000, 1.000000000000000000, 0.000000000000000000 ) ) ;
#4478 = CARTESIAN_POINT ( 'NONE',  ( -23.56070021767173728, -18.94766594109432489, -1.886302363899362788 ) ) ;
#4479 = ORIENTED_EDGE ( 'NONE', *, *, #5284, .F. ) ;
#4480 = ORIENTED_EDGE ( 'NONE', *, *, #3181, .T. ) ;
#4481 = DIRECTION ( 'NONE',  ( -0.000000000000000000, -0.000000000000000000, -1.000000000000000000 ) ) ;
#4482 = AXIS2_PLACEMENT_3D ( 'NONE', #431, #2384, #4213 ) ;
#4483 = FACE_OUTER_BOUND ( 'NONE', #2706, .T. ) ;
#4484 = EDGE_CURVE ( 'NONE', #3553, #4748, #2338, .T. ) ;
#4485 = EDGE_CURVE ( 'NONE', #2952, #1435, #4264, .T. ) ;
#4486 = CARTESIAN_POINT ( 'NONE',  ( -10.44999999999999574, -39.99999999999999289, -4.549999999999999822 ) ) ;
#4487 = CARTESIAN_POINT ( 'NONE',  ( 19.99999999999999645, 12.50000000000000000, 2.250000000000000000 ) ) ;
#4488 = PRODUCT_DEFINITION_FORMATION_WITH_SPECIFIED_SOURCE ( 'ANY', '', #3366, .NOT_KNOWN. ) ;
#4489 = AXIS2_PLACEMENT_3D ( 'NONE', #984, #4565, #4534 ) ;
#4490 = ORIENTED_EDGE ( 'NONE', *, *, #1958, .T. ) ;
#4491 = ORIENTED_EDGE ( 'NONE', *, *, #67, .F. ) ;
#4492 = CARTESIAN_POINT ( 'NONE',  ( -15.90000000000000036, -26.74999999999999645, 2.250000000000000000 ) ) ;
#4493 = CARTESIAN_POINT ( 'NONE',  ( -19.08963816606664921, -21.88836234716483276, -0.04689000378375010603 ) ) ;
#4494 = DIRECTION ( 'NONE',  ( 0.000000000000000000, -0.000000000000000000, 1.000000000000000000 ) ) ;
#4495 = AXIS2_PLACEMENT_3D ( 'NONE', #733, #4187, #2686 ) ;
#4496 = EDGE_CURVE ( 'NONE', #1104, #4129, #4196, .T. ) ;
#4497 = LINE ( 'NONE', #5872, #4628 ) ;
#4498 = ORIENTED_EDGE ( 'NONE', *, *, #723, .F. ) ;
#4499 = ORIENTED_EDGE ( 'NONE', *, *, #2949, .T. ) ;
#4500 = DIRECTION ( 'NONE',  ( 0.000000000000000000, -1.000000000000000000, -0.000000000000000000 ) ) ;
#4501 = DIRECTION ( 'NONE',  ( 1.000000000000000000, -0.000000000000000000, -0.000000000000000000 ) ) ;
#4502 = DIRECTION ( 'NONE',  ( -0.000000000000000000, -0.000000000000000000, -1.000000000000000000 ) ) ;
#4503 = DIRECTION ( 'NONE',  ( 0.000000000000000000, -1.000000000000000000, -0.000000000000000000 ) ) ;
#4504 = LINE ( 'NONE', #4954, #5394 ) ;
#4505 = ORIENTED_EDGE ( 'NONE', *, *, #2749, .F. ) ;
#4506 = B_SPLINE_CURVE_WITH_KNOTS ( 'NONE', 3,
 ( #2596, #3957, #160, #1596, #2458, #5997, #28, #4515 ),
 .UNSPECIFIED., .F., .F.,
 ( 4, 2, 2, 4 ),
 ( -7.976120020150837035E-06, 0.0007017356287001401145, 0.001056591503060285656, 0.001411447377420431198 ),
 .UNSPECIFIED. ) ;
#4507 = CARTESIAN_POINT ( 'NONE',  ( 22.11289218714818361, 17.74613234385555671, -1.261796208304269751 ) ) ;
#4508 = CARTESIAN_POINT ( 'NONE',  ( -10.87579397673526671, -61.75832041930293315, -1.739561678900903186 ) ) ;
#4509 = DIRECTION ( 'NONE',  ( 0.000000000000000000, 0.000000000000000000, 1.000000000000000000 ) ) ;
#4510 = FACE_OUTER_BOUND ( 'NONE', #3955, .T. ) ;
#4511 = CARTESIAN_POINT ( 'NONE',  ( -0.2750055679356311344, 21.35000000000000142, -6.380000000000024762 ) ) ;
#4512 = ORIENTED_EDGE ( 'NONE', *, *, #1935, .T. ) ;
#4513 = EDGE_LOOP ( 'NONE', ( #1062, #2250, #1742, #5382 ) ) ;
#4514 = ADVANCED_FACE ( 'NONE', ( #3381 ), #962, .F. ) ;
#4515 = CARTESIAN_POINT ( 'NONE',  ( -10.84098914198901653, -61.85937236226357072, -1.717269194726536607 ) ) ;
#4516 = CARTESIAN_POINT ( 'NONE',  ( 10.80293098512997574, -61.96986997381925732, -1.692892955326163351 ) ) ;
#4517 = CARTESIAN_POINT ( 'NONE',  ( -2.049999999999999822, -54.49999999999999289, 2.250000000000000444 ) ) ;
#4518 = CARTESIAN_POINT ( 'NONE',  ( -0.2992693023541376784, -22.74999999999999645, -8.900000000000012790 ) ) ;
#4519 =( BOUNDED_CURVE ( )  B_SPLINE_CURVE ( 3, ( #4736, #4306, #373, #6274 ),
 .UNSPECIFIED., .F., .T. ) 
 B_SPLINE_CURVE_WITH_KNOTS ( ( 4, 4 ),
 ( 1.570796326794896558, 3.141592653589793116 ),
 .UNSPECIFIED. ) 
 CURVE ( )  GEOMETRIC_REPRESENTATION_ITEM ( )  RATIONAL_B_SPLINE_CURVE ( ( 1.000000000000000000, 0.8047378541243649375, 0.8047378541243649375, 1.000000000000000000 ) ) 
 REPRESENTATION_ITEM ( '' )  );
#4520 = ORIENTED_EDGE ( 'NONE', *, *, #1826, .F. ) ;
#4521 = ADVANCED_FACE ( 'NONE', ( #3962 ), #5561, .T. ) ;
#4522 = VERTEX_POINT ( 'NONE', #3993 ) ;
#4523 = CARTESIAN_POINT ( 'NONE',  ( 18.25000000000001421, -23.89999999999999147, -8.400000000000003908 ) ) ;
#4524 = DIRECTION ( 'NONE',  ( -1.000000000000000000, 0.000000000000000000, 0.000000000000000000 ) ) ;
#4525 = CARTESIAN_POINT ( 'NONE',  ( -7.442068080674625108, -39.95437510184128627, -4.549999999999999822 ) ) ;
#4526 = CARTESIAN_POINT ( 'NONE',  ( -10.46287121136568210, -62.04944260904474618, -1.791314565821934046 ) ) ;
#4527 = VECTOR ( 'NONE', #391, 1000.000000000000000 ) ;
#4528 = VERTEX_POINT ( 'NONE', #1535 ) ;
#4529 = ORIENTED_EDGE ( 'NONE', *, *, #175, .T. ) ;
#4530 = ADVANCED_FACE ( 'NONE', ( #98 ), #3009, .T. ) ;
#4531 = CIRCLE ( 'NONE', #2276, 12.16415094339660108 ) ;
#4532 = DIRECTION ( 'NONE',  ( 1.000000000000000000, 0.000000000000000000, 0.000000000000000000 ) ) ;
#4533 = CARTESIAN_POINT ( 'NONE',  ( -2.519999999999994245, -22.75000000000000000, -6.380000000000024762 ) ) ;
#4534 = DIRECTION ( 'NONE',  ( 1.000000000000000000, 0.000000000000000000, 0.000000000000000000 ) ) ;
#4535 = LINE ( 'NONE', #206, #6095 ) ;
#4536 = AXIS2_PLACEMENT_3D ( 'NONE', #6073, #3627, #5595 ) ;
#4537 = CIRCLE ( 'NONE', #5456, 1.400000000000001910 ) ;
#4538 = VERTEX_POINT ( 'NONE', #1917 ) ;
#4539 = ORIENTED_EDGE ( 'NONE', *, *, #921, .T. ) ;
#4540 = ADVANCED_FACE ( 'NONE', ( #2397 ), #4414, .T. ) ;
#4541 = CARTESIAN_POINT ( 'NONE',  ( 22.50681726654180892, 18.74318273345812003, -2.307588957422622489 ) ) ;
#4542 = DIRECTION ( 'NONE',  ( -1.000000000000000000, 0.000000000000000000, 4.336808689942017736E-17 ) ) ;
#4543 = VECTOR ( 'NONE', #6175, 1000.000000000000000 ) ;
#4544 = DIRECTION ( 'NONE',  ( 1.000000000000000000, 0.000000000000000000, 0.000000000000000000 ) ) ;
#4545 = DIRECTION ( 'NONE',  ( -1.000000000000000000, 0.000000000000000000, -0.000000000000000000 ) ) ;
#4546 = CARTESIAN_POINT ( 'NONE',  ( -24.02144603675712986, -17.41184654414309207, -3.000000000000000000 ) ) ;
#4547 = ORIENTED_EDGE ( 'NONE', *, *, #2332, .T. ) ;
#4548 = FACE_OUTER_BOUND ( 'NONE', #1403, .T. ) ;
#4549 = DIRECTION ( 'NONE',  ( -1.000000000000000000, 0.000000000000000000, 0.000000000000000000 ) ) ;
#4550 = LINE ( 'NONE', #2659, #134 ) ;
#4551 = AXIS2_PLACEMENT_3D ( 'NONE', #3618, #2355, #3823 ) ;
#4552 = DIRECTION ( 'NONE',  ( 1.000000000000000000, 0.000000000000000000, 0.000000000000000000 ) ) ;
#4553 = AXIS2_PLACEMENT_3D ( 'NONE', #2152, #3074, #3710 ) ;
#4554 = ORIENTED_EDGE ( 'NONE', *, *, #6050, .F. ) ;
#4555 = ORIENTED_EDGE ( 'NONE', *, *, #646, .T. ) ;
#4556 = CARTESIAN_POINT ( 'NONE',  ( -15.00000000000000711, -51.75000000000000000, -1.250000000000000222 ) ) ;
#4557 = DIRECTION ( 'NONE',  ( -0.000000000000000000, -0.000000000000000000, -1.000000000000000000 ) ) ;
#4558 = CARTESIAN_POINT ( 'NONE',  ( 9.450000000000004619, -61.99999999999999289, -5.050000000000000711 ) ) ;
#4559 = CARTESIAN_POINT ( 'NONE',  ( -10.45000000000000639, -62.09698616389626125, -2.140755442503415651 ) ) ;
#4560 = EDGE_CURVE ( 'NONE', #1015, #5905, #1950, .T. ) ;
#4561 = ORIENTED_EDGE ( 'NONE', *, *, #3891, .T. ) ;
#4562 = ORIENTED_EDGE ( 'NONE', *, *, #5547, .T. ) ;
#4563 = CARTESIAN_POINT ( 'NONE',  ( 7.815734298889560172, -39.98809913026582308, -5.049999999999999822 ) ) ;
#4564 = CARTESIAN_POINT ( 'NONE',  ( 13.87500000000000355, -27.24999999999999645, -2.250000000000000000 ) ) ;
#4565 = DIRECTION ( 'NONE',  ( 0.000000000000000000, -0.000000000000000000, 1.000000000000000000 ) ) ;
#4566 = CARTESIAN_POINT ( 'NONE',  ( 9.950000000000002842, -39.99999999999999289, -5.550000000000000711 ) ) ;
#4567 = EDGE_CURVE ( 'NONE', #2950, #8, #5859, .T. ) ;
#4568 = EDGE_CURVE ( 'NONE', #577, #1879, #5323, .T. ) ;
#4569 = EDGE_LOOP ( 'NONE', ( #4283, #4072, #1770, #5081 ) ) ;
#4570 = ORIENTED_EDGE ( 'NONE', *, *, #328, .T. ) ;
#4571 = CARTESIAN_POINT ( 'NONE',  ( 23.56070021767166978, 18.94766594109439239, -1.886302363899241330 ) ) ;
#4572 = CARTESIAN_POINT ( 'NONE',  ( -24.10000000000000497, 17.75000000000000000, -1.000000000000000000 ) ) ;
#4573 = DIRECTION ( 'NONE',  ( 0.000000000000000000, 0.000000000000000000, -1.000000000000000000 ) ) ;
#4574 = CARTESIAN_POINT ( 'NONE',  ( 15.75000000000000711, -52.50000000000000000, 2.250000000000000000 ) ) ;
#4575 = ADVANCED_FACE ( 'NONE', ( #4902 ), #2428, .T. ) ;
#4576 = DIRECTION ( 'NONE',  ( 9.773090005503140331E-17, 1.000000000000000000, 0.000000000000000000 ) ) ;
#4577 = ORIENTED_EDGE ( 'NONE', *, *, #496, .T. ) ;
#4578 = CARTESIAN_POINT ( 'NONE',  ( -2.770070464751050862E-15, -22.75000000000000000, -6.380000000000024762 ) ) ;
#4579 = AXIS2_PLACEMENT_3D ( 'NONE', #2520, #4986, #5467 ) ;
#4580 = CARTESIAN_POINT ( 'NONE',  ( 10.95000000000000284, -38.99999999999999289, -1.249999999999999778 ) ) ;
#4581 = DIRECTION ( 'NONE',  ( -0.000000000000000000, -0.000000000000000000, -1.000000000000000000 ) ) ;
#4582 = CARTESIAN_POINT ( 'NONE',  ( -15.00000000000000355, -12.50000000000000000, 2.250000000000000000 ) ) ;
#4583 = LINE ( 'NONE', #1667, #3091 ) ;
#4584 = ORIENTED_EDGE ( 'NONE', *, *, #3645, .F. ) ;
#4585 = ORIENTED_EDGE ( 'NONE', *, *, #613, .T. ) ;
#4586 = VECTOR ( 'NONE', #4573, 1000.000000000000000 ) ;
#4587 = CARTESIAN_POINT ( 'NONE',  ( 14.24691522495949059, 22.75000000000000000, -8.400000000000018119 ) ) ;
#4588 = LINE ( 'NONE', #1738, #453 ) ;
#4589 = LINE ( 'NONE', #1766, #2500 ) ;
#4590 = CARTESIAN_POINT ( 'NONE',  ( -1.239044859070746796, 23.23100034125951296, -8.900000000000007461 ) ) ;
#4591 = ORIENTED_EDGE ( 'NONE', *, *, #1347, .F. ) ;
#4592 = VERTEX_POINT ( 'NONE', #1505 ) ;
#4593 = EDGE_CURVE ( 'NONE', #1828, #4748, #1861, .T. ) ;
#4594 = CIRCLE ( 'NONE', #5216, 1.999999999999996225 ) ;
#4595 = CARTESIAN_POINT ( 'NONE',  ( 10.45000000000000639, -61.88454422783551934, -1.800908780407484588 ) ) ;
#4596 = DIRECTION ( 'NONE',  ( 0.000000000000000000, 0.000000000000000000, 1.000000000000000000 ) ) ;
#4597 = CARTESIAN_POINT ( 'NONE',  ( -25.68886800734563280, -18.43886800734561149, -2.614074611184016295 ) ) ;
#4598 = CARTESIAN_POINT ( 'NONE',  ( 0.2750055679356279703, -21.35000000000000142, -6.380000000000024762 ) ) ;
#4599 = ORIENTED_EDGE ( 'NONE', *, *, #2316, .F. ) ;
#4600 = ORIENTED_EDGE ( 'NONE', *, *, #5548, .T. ) ;
#4601 = ADVANCED_FACE ( 'NONE', ( #2971 ), #68, .F. ) ;
#4602 = CARTESIAN_POINT ( 'NONE',  ( 19.08749838288044387, -21.89056009415703841, -0.04750365558333306121 ) ) ;
#4603 = CARTESIAN_POINT ( 'NONE',  ( -10.44999999999999041, -61.54553470576540519, -1.750000000000003553 ) ) ;
#4604 = CARTESIAN_POINT ( 'NONE',  ( 10.45000000000000284, -39.49999999999999289, -8.400000000000003908 ) ) ;
#4605 = FACE_OUTER_BOUND ( 'NONE', #2735, .T. ) ;
#4606 = DIRECTION ( 'NONE',  ( 1.000000000000000000, -9.773090005503140331E-17, 0.000000000000000000 ) ) ;
#4607 = ORIENTED_EDGE ( 'NONE', *, *, #4095, .T. ) ;
#4608 = EDGE_CURVE ( 'NONE', #577, #4658, #841, .T. ) ;
#4609 = EDGE_CURVE ( 'NONE', #5118, #1476, #4927, .T. ) ;
#4610 = DIRECTION ( 'NONE',  ( -1.000000000000000000, 1.387778780781444413E-14, 0.000000000000000000 ) ) ;
#4611 = DIRECTION ( 'NONE',  ( -0.000000000000000000, -1.000000000000000000, -0.000000000000000000 ) ) ;
#4612 =( BOUNDED_CURVE ( )  B_SPLINE_CURVE ( 3, ( #3764, #348, #1733, #4248 ),
 .UNSPECIFIED., .F., .T. ) 
 B_SPLINE_CURVE_WITH_KNOTS ( ( 4, 4 ),
 ( 1.570796326794896558, 3.141592653589793116 ),
 .UNSPECIFIED. ) 
 CURVE ( )  GEOMETRIC_REPRESENTATION_ITEM ( )  RATIONAL_B_SPLINE_CURVE ( ( 1.000000000000000000, 0.8047378541243649375, 0.8047378541243649375, 1.000000000000000000 ) ) 
 REPRESENTATION_ITEM ( '' )  );
#4613 = DIRECTION ( 'NONE',  ( 0.000000000000000000, 0.000000000000000000, 1.000000000000000000 ) ) ;
#4614 = FACE_OUTER_BOUND ( 'NONE', #1232, .T. ) ;
#4615 = ORIENTED_EDGE ( 'NONE', *, *, #5279, .F. ) ;
#4616 = ORIENTED_EDGE ( 'NONE', *, *, #4390, .T. ) ;
#4617 = EDGE_CURVE ( 'NONE', #2952, #5427, #4973, .T. ) ;
#4618 = CARTESIAN_POINT ( 'NONE',  ( -26.40000000000000924, -17.74999999999999289, -1.000000000000000000 ) ) ;
#4619 = CARTESIAN_POINT ( 'NONE',  ( 25.00000000000000000, 19.14999999999999858, -3.000000000000000000 ) ) ;
#4620 = CARTESIAN_POINT ( 'NONE',  ( 1.506651917331931267, -23.24999999999999289, -8.900000000000005684 ) ) ;
#4621 = CARTESIAN_POINT ( 'NONE',  ( -0.2389838214220014190, 22.86889770648516418, -8.900000000000005684 ) ) ;
#4622 = ORIENTED_EDGE ( 'NONE', *, *, #1677, .F. ) ;
#4623 = EDGE_LOOP ( 'NONE', ( #1412, #4943, #4165, #1404 ) ) ;
#4624 = DIRECTION ( 'NONE',  ( -1.000000000000000000, -2.182042108146926802E-16, -0.000000000000000000 ) ) ;
#4625 = CARTESIAN_POINT ( 'NONE',  ( -0.9804520138707905064, 23.17161926063821653, -8.900000000000005684 ) ) ;
#4626 = LINE ( 'NONE', #300, #804 ) ;
#4627 = DIRECTION ( 'NONE',  ( 0.000000000000000000, 0.000000000000000000, 1.000000000000000000 ) ) ;
#4628 = VECTOR ( 'NONE', #2468, 1000.000000000000000 ) ;
#4629 = DIRECTION ( 'NONE',  ( 0.000000000000000000, -0.000000000000000000, 1.000000000000000000 ) ) ;
#4630 = ORIENTED_EDGE ( 'NONE', *, *, #765, .T. ) ;
#4631 = ORIENTED_EDGE ( 'NONE', *, *, #1165, .T. ) ;
#4632 = AXIS2_PLACEMENT_3D ( 'NONE', #476, #1028, #1984 ) ;
#4633 = VERTEX_POINT ( 'NONE', #4487 ) ;
#4634 = CARTESIAN_POINT ( 'NONE',  ( 18.76963588063070532, -22.52045121986327558, -0.4879068781350543449 ) ) ;
#4635 = CARTESIAN_POINT ( 'NONE',  ( 14.24691522495949059, 22.75000000000000000, -8.400000000000018119 ) ) ;
#4636 = DIRECTION ( 'NONE',  ( -0.000000000000000000, -0.000000000000000000, 1.000000000000000000 ) ) ;
#4637 = EDGE_CURVE ( 'NONE', #4667, #2673, #2076, .T. ) ;
#4638 = CARTESIAN_POINT ( 'NONE',  ( -23.50000000000000000, -19.14999999999998792, -0.9999999999999985567 ) ) ;
#4639 = ORIENTED_EDGE ( 'NONE', *, *, #4690, .F. ) ;
#4640 = AXIS2_PLACEMENT_3D ( 'NONE', #1329, #5303, #5275 ) ;
#4641 = AXIS2_PLACEMENT_3D ( 'NONE', #6094, #1701, #4125 ) ;
#4642 = DIRECTION ( 'NONE',  ( 1.000000000000000000, 0.000000000000000000, 0.000000000000000000 ) ) ;
#4643 = CARTESIAN_POINT ( 'NONE',  ( 25.00000000000000000, -17.75000000000000000, 0.000000000000000000 ) ) ;
#4644 = DIRECTION ( 'NONE',  ( 0.000000000000000000, 0.000000000000000000, -1.000000000000000000 ) ) ;
#4645 = VECTOR ( 'NONE', #4542, 1000.000000000000000 ) ;
#4646 = EDGE_CURVE ( 'NONE', #5489, #913, #3644, .T. ) ;
#4647 = CARTESIAN_POINT ( 'NONE',  ( 3.585849056603378493, -52.49999999999977263, 2.250000000000000000 ) ) ;
#4648 = EDGE_CURVE ( 'NONE', #23, #4812, #1662, .T. ) ;
#4649 = ORIENTED_EDGE ( 'NONE', *, *, #6223, .T. ) ;
#4650 = ORIENTED_EDGE ( 'NONE', *, *, #5374, .F. ) ;
#4651 = DIRECTION ( 'NONE',  ( 1.000000000000000000, -0.000000000000000000, 0.000000000000000000 ) ) ;
#4652 = TOROIDAL_SURFACE ( 'NONE', #1878, 0.2499999999999989175, 0.5000000000000000000 ) ;
#4653 = FACE_OUTER_BOUND ( 'NONE', #1371, .T. ) ;
#4654 = CIRCLE ( 'NONE', #1985, 0.5000000000000006661 ) ;
#4655 = CARTESIAN_POINT ( 'NONE',  ( -9.975266182186931729, -62.85093797532530147, -1.250000000000000222 ) ) ;
#4656 = EDGE_CURVE ( 'NONE', #913, #1287, #4531, .T. ) ;
#4657 = AXIS2_PLACEMENT_3D ( 'NONE', #4468, #4503, #4046 ) ;
#4658 = VERTEX_POINT ( 'NONE', #1095 ) ;
#4659 = ORIENTED_EDGE ( 'NONE', *, *, #1748, .F. ) ;
#4660 = TOROIDAL_SURFACE ( 'NONE', #3310, 1.000000000000000000, 0.5000000000000000000 ) ;
#4661 = CARTESIAN_POINT ( 'NONE',  ( -15.90000000000000036, -26.74999999999999645, -8.400000000000003908 ) ) ;
#4662 = DIRECTION ( 'NONE',  ( -1.000000000000000000, -9.251858538542971581E-17, 0.000000000000000000 ) ) ;
#4663 = CARTESIAN_POINT ( 'NONE',  ( -25.62909349708559859, -17.51872804912578019, -2.599333627660607604 ) ) ;
#4664 = AXIS2_PLACEMENT_3D ( 'NONE', #1867, #5369, #976 ) ;
#4665 = DIRECTION ( 'NONE',  ( 0.000000000000000000, 0.000000000000000000, 1.000000000000000000 ) ) ;
#4666 = EDGE_LOOP ( 'NONE', ( #1578, #4175, #1619, #5230 ) ) ;
#4667 = VERTEX_POINT ( 'NONE', #254 ) ;
#4668 = EDGE_LOOP ( 'NONE', ( #2570, #3611, #462, #2244 ) ) ;
#4669 = CARTESIAN_POINT ( 'NONE',  ( 19.29519201556127683, -21.70074773430021864, -0.002422809541079234529 ) ) ;
#4670 = DIRECTION ( 'NONE',  ( 2.182042108146926802E-16, -1.000000000000000000, -0.000000000000000000 ) ) ;
#4671 = CYLINDRICAL_SURFACE ( 'NONE', #6294, 0.5000000000000004441 ) ;
#4672 = ORIENTED_EDGE ( 'NONE', *, *, #989, .F. ) ;
#4673 = EDGE_CURVE ( 'NONE', #5317, #6187, #4583, .T. ) ;
#4674 = CARTESIAN_POINT ( 'NONE',  ( -0.9802593549094376080, -23.17156133929691819, -8.900000000000005684 ) ) ;
#4675 = DIRECTION ( 'NONE',  ( 0.000000000000000000, -0.000000000000000000, -1.000000000000000000 ) ) ;
#4676 = CARTESIAN_POINT ( 'NONE',  ( 25.00000000000000000, -19.14999999999999858, -1.000000000000000000 ) ) ;
#4677 = CARTESIAN_POINT ( 'NONE',  ( -25.10155849473141387, 17.85155849473141387, -2.912993840311188798 ) ) ;
#4678 = CIRCLE ( 'NONE', #2635, 0.5000000000000000000 ) ;
#4679 = ORIENTED_EDGE ( 'NONE', *, *, #1192, .T. ) ;
#4680 = EDGE_LOOP ( 'NONE', ( #4547, #1328, #2348, #2748 ) ) ;
#4681 = ADVANCED_FACE ( 'NONE', ( #2687 ), #127, .T. ) ;
#4682 = DIRECTION ( 'NONE',  ( 1.000000000000000000, 0.000000000000000000, -0.000000000000000000 ) ) ;
#4683 = EDGE_CURVE ( 'NONE', #669, #255, #6268, .T. ) ;
#4684 = DIRECTION ( 'NONE',  ( 1.000000000000000000, 0.000000000000000000, 0.000000000000000000 ) ) ;
#4685 = CARTESIAN_POINT ( 'NONE',  ( 1.420136331858304013, -22.74999999999999645, -8.464529167731628334 ) ) ;
#4686 = LINE ( 'NONE', #2248, #5247 ) ;
#4687 = CIRCLE ( 'NONE', #382, 0.5000000000000000000 ) ;
#4688 = ORIENTED_EDGE ( 'NONE', *, *, #1543, .T. ) ;
#4689 = ORIENTED_EDGE ( 'NONE', *, *, #6341, .T. ) ;
#4690 = EDGE_CURVE ( 'NONE', #954, #2691, #3544, .T. ) ;
#4691 = CARTESIAN_POINT ( 'NONE',  ( -7.442068080674625108, -39.95437510184128627, -4.683181898714974700 ) ) ;
#4692 = CARTESIAN_POINT ( 'NONE',  ( -20.00000000000000000, -22.74999999999999645, 2.250000000000000000 ) ) ;
#4693 = AXIS2_PLACEMENT_3D ( 'NONE', #1482, #4293, #419 ) ;
#4694 = DIRECTION ( 'NONE',  ( 2.403139825818710681E-16, 1.000000000000000000, 0.000000000000000000 ) ) ;
#4695 = VECTOR ( 'NONE', #251, 1000.000000000000000 ) ;
#4696 = CYLINDRICAL_SURFACE ( 'NONE', #2469, 1.000000000000000888 ) ;
#4697 = AXIS2_PLACEMENT_3D ( 'NONE', #1133, #3935, #2022 ) ;
#4698 = ORIENTED_EDGE ( 'NONE', *, *, #3407, .F. ) ;
#4699 = VECTOR ( 'NONE', #2327, 1000.000000000000000 ) ;
#4700 = ORIENTED_EDGE ( 'NONE', *, *, #2331, .F. ) ;
#4701 = CARTESIAN_POINT ( 'NONE',  ( -7.637635419876382947, -39.97204562693562480, -4.950118700137323913 ) ) ;
#4702 = CARTESIAN_POINT ( 'NONE',  ( 0.2409022013279580876, 22.86985212661952716, -8.900000000000007461 ) ) ;
#4703 = DIRECTION ( 'NONE',  ( -0.000000000000000000, -0.000000000000000000, -1.000000000000000000 ) ) ;
#4704 = TOROIDAL_SURFACE ( 'NONE', #6338, 1.000000000000000000, 0.5000000000000000000 ) ;
#4705 = ORIENTED_EDGE ( 'NONE', *, *, #6285, .F. ) ;
#4706 = CARTESIAN_POINT ( 'NONE',  ( 7.331513604532892359, -39.49999999999999289, -5.349832400597541060 ) ) ;
#4707 = CARTESIAN_POINT ( 'NONE',  ( 20.00000000000000355, -22.74999999999999289, 2.250000000000000000 ) ) ;
#4708 = DIRECTION ( 'NONE',  ( 0.000000000000000000, 0.000000000000000000, 1.000000000000000000 ) ) ;
#4709 = CARTESIAN_POINT ( 'NONE',  ( -25.62909349708558793, 17.51872804912562742, -2.599333627660608048 ) ) ;
#4710 = EDGE_CURVE ( 'NONE', #2741, #1211, #4214, .T. ) ;
#4711 = ORIENTED_EDGE ( 'NONE', *, *, #3040, .F. ) ;
#4712 = VERTEX_POINT ( 'NONE', #642 ) ;
#4713 = DIRECTION ( 'NONE',  ( -0.000000000000000000, -0.000000000000000000, -1.000000000000000000 ) ) ;
#4714 = DIRECTION ( 'NONE',  ( 0.000000000000000000, 0.000000000000000000, 1.000000000000000000 ) ) ;
#4715 = CARTESIAN_POINT ( 'NONE',  ( -9.975266182186883768, -62.85093797532528725, -1.250000000000000222 ) ) ;
#4716 = ADVANCED_FACE ( 'NONE', ( #4614 ), #647, .T. ) ;
#4717 = ORIENTED_EDGE ( 'NONE', *, *, #2300, .T. ) ;
#4718 = ORIENTED_EDGE ( 'NONE', *, *, #5654, .T. ) ;
#4719 = CARTESIAN_POINT ( 'NONE',  ( 9.950000000000002842, -38.99999999999999289, -8.400000000000003908 ) ) ;
#4720 = CARTESIAN_POINT ( 'NONE',  ( -0.4782012621600209012, 22.98842844650555151, -8.900000000000005684 ) ) ;
#4721 = LINE ( 'NONE', #4084, #6129 ) ;
#4722 = CARTESIAN_POINT ( 'NONE',  ( 9.950000000000002842, -38.99999999999999289, -8.900000000000005684 ) ) ;
#4723 = CARTESIAN_POINT ( 'NONE',  ( -10.94999999999999574, -39.99999999999999289, -1.250000000000002665 ) ) ;
#4724 = EDGE_CURVE ( 'NONE', #2855, #3480, #4735, .T. ) ;
#4725 = ADVANCED_FACE ( 'NONE', ( #6096 ), #5035, .F. ) ;
#4726 = ORIENTED_EDGE ( 'NONE', *, *, #790, .F. ) ;
#4727 = ORIENTED_EDGE ( 'NONE', *, *, #2150, .T. ) ;
#4728 = DIRECTION ( 'NONE',  ( 1.000000000000000000, 0.000000000000000000, -0.000000000000000000 ) ) ;
#4729 = CARTESIAN_POINT ( 'NONE',  ( -23.50000000000000355, -19.14999999999999503, -1.000000000000000000 ) ) ;
#4730 = CARTESIAN_POINT ( 'NONE',  ( -8.450000000000013500, -62.00000000000000000, 2.250000000000000000 ) ) ;
#4731 = EDGE_CURVE ( 'NONE', #2819, #3553, #406, .T. ) ;
#4732 = AXIS2_PLACEMENT_3D ( 'NONE', #4757, #4784, #3359 ) ;
#4733 = ORIENTED_EDGE ( 'NONE', *, *, #2427, .F. ) ;
#4734 = LINE ( 'NONE', #4245, #1309 ) ;
#4735 = CIRCLE ( 'NONE', #1964, 13.36419377152116716 ) ;
#4736 = CARTESIAN_POINT ( 'NONE',  ( -24.40000000000001279, -17.14999999999998792, -3.000000000000000000 ) ) ;
#4737 = AXIS2_PLACEMENT_3D ( 'NONE', #5493, #3550, #4494 ) ;
#4738 = DIRECTION ( 'NONE',  ( 0.000000000000000000, 1.000000000000000000, 0.000000000000000000 ) ) ;
#4739 = CARTESIAN_POINT ( 'NONE',  ( -3.012339100162039429, 26.50000000000000355, 2.250000000000000000 ) ) ;
#4740 = ORIENTED_EDGE ( 'NONE', *, *, #2792, .F. ) ;
#4741 = VECTOR ( 'NONE', #5518, 1000.000000000000000 ) ;
#4742 = VERTEX_POINT ( 'NONE', #2268 ) ;
#4743 = DIRECTION ( 'NONE',  ( 1.000000000000000000, 0.000000000000000000, 0.000000000000000000 ) ) ;
#4744 = DIRECTION ( 'NONE',  ( -1.000000000000000000, 0.000000000000000000, 0.000000000000000000 ) ) ;
#4745 = TOROIDAL_SURFACE ( 'NONE', #1976, 2.350000000000003642, 0.5000000000000000000 ) ;
#4746 = DIRECTION ( 'NONE',  ( 0.000000000000000000, -1.000000000000000000, 0.000000000000000000 ) ) ;
#4747 = ORIENTED_EDGE ( 'NONE', *, *, #1426, .F. ) ;
#4748 = VERTEX_POINT ( 'NONE', #5221 ) ;
#4749 = ORIENTED_EDGE ( 'NONE', *, *, #261, .T. ) ;
#4750 = CARTESIAN_POINT ( 'NONE',  ( 18.54289321881345387, -22.95710678118655323, -8.900000000000007461 ) ) ;
#4751 = CARTESIAN_POINT ( 'NONE',  ( 8.450000000000013500, -62.00000000000000000, 2.250000000000000000 ) ) ;
#4752 = CARTESIAN_POINT ( 'NONE',  ( 24.10000000000000142, -17.75000000000000000, -1.000000000000000000 ) ) ;
#4753 = ADVANCED_FACE ( 'NONE', ( #2746 ), #4188, .F. ) ;
#4754 = DIRECTION ( 'NONE',  ( 0.000000000000000000, 0.000000000000000000, 1.000000000000000000 ) ) ;
#4755 = UNCERTAINTY_MEASURE_WITH_UNIT (LENGTH_MEASURE( 1.000000000000000082E-05 ), #1003, 'distance_accuracy_value', 'NONE');
#4756 = EDGE_CURVE ( 'NONE', #5317, #490, #822, .T. ) ;
#4757 = CARTESIAN_POINT ( 'NONE',  ( 15.00000000000000711, -52.50000000000000000, -1.750000000000000222 ) ) ;
#4758 = AXIS2_PLACEMENT_3D ( 'NONE', #3697, #3756, #5724 ) ;
#4759 = VECTOR ( 'NONE', #3831, 1000.000000000000000 ) ;
#4760 = VERTEX_POINT ( 'NONE', #856 ) ;
#4761 = ORIENTED_EDGE ( 'NONE', *, *, #879, .F. ) ;
#4762 = FACE_OUTER_BOUND ( 'NONE', #3301, .T. ) ;
#4763 = LINE ( 'NONE', #5636, #5869 ) ;
#4764 = EDGE_CURVE ( 'NONE', #1847, #4147, #5190, .T. ) ;
#4765 = EDGE_CURVE ( 'NONE', #4393, #263, #4218, .T. ) ;
#4766 = CARTESIAN_POINT ( 'NONE',  ( -9.949999999999995737, -38.99999999999999289, 0.000000000000000000 ) ) ;
#4767 = ORIENTED_EDGE ( 'NONE', *, *, #2391, .T. ) ;
#4768 = DIRECTION ( 'NONE',  ( 0.000000000000000000, 0.000000000000000000, 1.000000000000000000 ) ) ;
#4769 = EDGE_CURVE ( 'NONE', #3234, #4460, #1973, .T. ) ;
#4770 = DIRECTION ( 'NONE',  ( -1.000000000000000000, 0.000000000000000000, 0.000000000000000000 ) ) ;
#4771 = DIRECTION ( 'NONE',  ( -0.000000000000000000, -0.000000000000000000, -1.000000000000000000 ) ) ;
#4772 = CARTESIAN_POINT ( 'NONE',  ( 13.87500000000000355, -39.49999999999999289, -1.749999999999999778 ) ) ;
#4773 = EDGE_LOOP ( 'NONE', ( #5713, #4774, #2278, #5210 ) ) ;
#4774 = ORIENTED_EDGE ( 'NONE', *, *, #729, .F. ) ;
#4775 = DIRECTION ( 'NONE',  ( 0.000000000000000000, 0.000000000000000000, 1.000000000000000000 ) ) ;
#4776 = CARTESIAN_POINT ( 'NONE',  ( -10.94999999999999574, -39.99999999999999289, 0.000000000000000000 ) ) ;
#4777 = DIRECTION ( 'NONE',  ( -1.555805808050947751E-16, 0.000000000000000000, 1.000000000000000000 ) ) ;
#4778 = ORIENTED_EDGE ( 'NONE', *, *, #2987, .T. ) ;
#4779 = DIRECTION ( 'NONE',  ( 0.000000000000000000, 0.000000000000000000, 1.000000000000000000 ) ) ;
#4780 = ORIENTED_EDGE ( 'NONE', *, *, #1896, .T. ) ;
#4781 = TOROIDAL_SURFACE ( 'NONE', #2018, 1.999999999999996225, 0.5000000000000000000 ) ;
#4782 = CARTESIAN_POINT ( 'NONE',  ( -25.75000000000001066, -21.50000000000000000, 0.000000000000000000 ) ) ;
#4783 = DIRECTION ( 'NONE',  ( 0.000000000000000000, -1.000000000000000000, 0.000000000000000000 ) ) ;
#4784 = DIRECTION ( 'NONE',  ( 0.000000000000000000, 0.000000000000000000, 1.000000000000000000 ) ) ;
#4785 = EDGE_CURVE ( 'NONE', #1756, #6023, #2690, .T. ) ;
#4786 = ORIENTED_EDGE ( 'NONE', *, *, #1536, .T. ) ;
#4787 = ORIENTED_EDGE ( 'NONE', *, *, #2126, .T. ) ;
#4788 = AXIS2_PLACEMENT_3D ( 'NONE', #5129, #3574, #1252 ) ;
#4789 = CARTESIAN_POINT ( 'NONE',  ( 10.44999999999999929, -26.74999999999999289, -2.250000000000000000 ) ) ;
#4790 = CARTESIAN_POINT ( 'NONE',  ( 17.96380374993534801, 21.64356127289194731, -0.001156953602415583624 ) ) ;
#4791 = CYLINDRICAL_SURFACE ( 'NONE', #5272, 0.7499999999999988898 ) ;
#4792 = AXIS2_PLACEMENT_3D ( 'NONE', #3371, #2615, #5533 ) ;
#4793 = EDGE_CURVE ( 'NONE', #5118, #3121, #4612, .T. ) ;
#4794 = ADVANCED_FACE ( 'NONE', ( #6156 ), #2840, .F. ) ;
#4795 = EDGE_LOOP ( 'NONE', ( #3736, #3706, #1920, #222 ) ) ;
#4796 = CARTESIAN_POINT ( 'NONE',  ( -22.10000000000000142, -17.75000000000000000, -1.000000000000000000 ) ) ;
#4797 = CARTESIAN_POINT ( 'NONE',  ( 25.75000000000001066, -21.49999999999999645, 0.000000000000000000 ) ) ;
#4798 = CIRCLE ( 'NONE', #5012, 0.5000000000000004441 ) ;
#4799 = CARTESIAN_POINT ( 'NONE',  ( -0.2750055679356273042, -23.85000000000000142, -6.380000000000024762 ) ) ;
#4800 = FACE_OUTER_BOUND ( 'NONE', #4966, .T. ) ;
#4801 = CARTESIAN_POINT ( 'NONE',  ( 26.40000000000000213, 17.75000000000000000, -1.000000000000000000 ) ) ;
#4802 = CARTESIAN_POINT ( 'NONE',  ( 3.585849056603378493, -52.49999999999977263, -1.750000000000000222 ) ) ;
#4803 = EDGE_CURVE ( 'NONE', #470, #5913, #232, .T. ) ;
#4804 = ADVANCED_FACE ( 'NONE', ( #3255 ), #1817, .T. ) ;
#4805 = ORIENTED_EDGE ( 'NONE', *, *, #2483, .T. ) ;
#4806 = EDGE_LOOP ( 'NONE', ( #356, #5480, #2078, #5389 ) ) ;
#4807 = DIRECTION ( 'NONE',  ( -6.033820786006295184E-15, 1.000000000000000000, 0.000000000000000000 ) ) ;
#4808 = CYLINDRICAL_SURFACE ( 'NONE', #1073, 2.850000000000007194 ) ;
#4809 = DIRECTION ( 'NONE',  ( -1.000000000000000000, -0.000000000000000000, 0.000000000000000000 ) ) ;
#4810 = ADVANCED_FACE ( 'NONE', ( #1285 ), #3738, .T. ) ;
#4811 = ORIENTED_EDGE ( 'NONE', *, *, #2143, .T. ) ;
#4812 = VERTEX_POINT ( 'NONE', #1497 ) ;
#4813 = DIRECTION ( 'NONE',  ( 0.000000000000000000, 0.000000000000000000, 1.000000000000000000 ) ) ;
#4814 = CARTESIAN_POINT ( 'NONE',  ( 23.49999999999999645, -19.14999999999999858, -3.000000000000000000 ) ) ;
#4815 = ORIENTED_EDGE ( 'NONE', *, *, #5939, .F. ) ;
#4816 = VERTEX_POINT ( 'NONE', #538 ) ;
#4817 = CARTESIAN_POINT ( 'NONE',  ( -10.44999999999999574, -38.99999999999999289, -5.050000000000000711 ) ) ;
#4818 = CARTESIAN_POINT ( 'NONE',  ( 9.950000000000002842, -39.99999999999999289, -4.549999999999999822 ) ) ;
#4819 = DIRECTION ( 'NONE',  ( 1.000000000000000000, 0.000000000000000000, 0.000000000000000000 ) ) ;
#4820 = AXIS2_PLACEMENT_3D ( 'NONE', #4564, #1611, #4596 ) ;
#4821 = ORIENTED_EDGE ( 'NONE', *, *, #3956, .F. ) ;
#4822 = DIRECTION ( 'NONE',  ( 1.000000000000000000, 0.000000000000000000, 2.532443030623075608E-16 ) ) ;
#4823 = CARTESIAN_POINT ( 'NONE',  ( -13.37499999999999645, -39.50000000000000000, -1.250000000000003109 ) ) ;
#4824 = CARTESIAN_POINT ( 'NONE',  ( -25.75000000000001066, 21.50000000000000000, 2.250000000000000000 ) ) ;
#4825 = FACE_OUTER_BOUND ( 'NONE', #4470, .T. ) ;
#4826 = ADVANCED_FACE ( 'NONE', ( #2868, #3344 ), #2492, .T. ) ;
#4827 = CARTESIAN_POINT ( 'NONE',  ( 24.98080999262832691, 19.08603330876110959, -1.518565079760239689 ) ) ;
#4828 = AXIS2_PLACEMENT_3D ( 'NONE', #604, #2734, #5993 ) ;
#4829 = CARTESIAN_POINT ( 'NONE',  ( -26.40000000000000568, 19.15000000000000568, -0.9999999999999974465 ) ) ;
#4830 = ORIENTED_EDGE ( 'NONE', *, *, #3415, .F. ) ;
#4831 = EDGE_LOOP ( 'NONE', ( #2951, #1395, #2290, #1638 ) ) ;
#4832 = AXIS2_PLACEMENT_3D ( 'NONE', #2050, #2501, #5929 ) ;
#4833 = DIRECTION ( 'NONE',  ( -0.000000000000000000, 0.000000000000000000, -1.000000000000000000 ) ) ;
#4834 = FACE_OUTER_BOUND ( 'NONE', #1031, .T. ) ;
#4835 = EDGE_CURVE ( 'NONE', #4987, #2103, #1055, .T. ) ;
#4836 = ADVANCED_FACE ( 'NONE', ( #1530 ), #5316, .T. ) ;
#4837 = CARTESIAN_POINT ( 'NONE',  ( 13.87500000000000355, -39.49999999999997868, -1.542893218813452316 ) ) ;
#4838 = DIRECTION ( 'NONE',  ( 2.182042108146926802E-16, -1.000000000000000000, 0.000000000000000000 ) ) ;
#4839 = AXIS2_PLACEMENT_3D ( 'NONE', #1635, #5002, #1565 ) ;
#4840 = VERTEX_POINT ( 'NONE', #3373 ) ;
#4841 = CARTESIAN_POINT ( 'NONE',  ( 14.37500000000000000, -27.24999999999999645, -1.749999999999999778 ) ) ;
#4842 = ORIENTED_EDGE ( 'NONE', *, *, #1388, .T. ) ;
#4843 = CIRCLE ( 'NONE', #3292, 0.5000000000000004441 ) ;
#4844 = CARTESIAN_POINT ( 'NONE',  ( -24.40000000000000568, 17.75000000000000000, -1.000000000000000000 ) ) ;
#4845 = CARTESIAN_POINT ( 'NONE',  ( -25.00000000000000711, -19.14999999999999858, -3.000000000000000000 ) ) ;
#4846 = SHAPE_DEFINITION_REPRESENTATION ( #2404, #435 ) ;
#4847 = EDGE_CURVE ( 'NONE', #2593, #1201, #5347, .T. ) ;
#4848 = FACE_OUTER_BOUND ( 'NONE', #6173, .T. ) ;
#4849 = CIRCLE ( 'NONE', #1064, 5.000000000000000888 ) ;
#4850 = ORIENTED_EDGE ( 'NONE', *, *, #2897, .T. ) ;
#4851 = ORIENTED_EDGE ( 'NONE', *, *, #5941, .T. ) ;
#4852 = CARTESIAN_POINT ( 'NONE',  ( -0.2750055679356317451, -23.85000000000000142, -6.380000000000024762 ) ) ;
#4853 = DIRECTION ( 'NONE',  ( -0.000000000000000000, 0.000000000000000000, 1.000000000000000000 ) ) ;
#4854 = DIRECTION ( 'NONE',  ( 1.000000000000000000, 0.000000000000000000, 0.000000000000000000 ) ) ;
#4855 = CIRCLE ( 'NONE', #1181, 0.5000000000000004441 ) ;
#4856 = ORIENTED_EDGE ( 'NONE', *, *, #2173, .T. ) ;
#4857 = VECTOR ( 'NONE', #6013, 1000.000000000000000 ) ;
#4858 = CARTESIAN_POINT ( 'NONE',  ( 9.950000000000008171, -61.99999999999999289, -5.050000000000000711 ) ) ;
#4859 = CARTESIAN_POINT ( 'NONE',  ( 10.45000000000000284, -39.49999999999999289, -8.400000000000003908 ) ) ;
#4860 = CARTESIAN_POINT ( 'NONE',  ( -10.91305387998993837, -61.65107352031867549, -1.750000000000000000 ) ) ;
#4861 = FACE_OUTER_BOUND ( 'NONE', #5165, .T. ) ;
#4862 = CARTESIAN_POINT ( 'NONE',  ( 4.500000000000000888, -54.49999999999999289, -8.400000000000003908 ) ) ;
#4863 = CARTESIAN_POINT ( 'NONE',  ( -25.75000000000001421, 18.50000000000000355, 2.250000000000000000 ) ) ;
#4864 = ORIENTED_EDGE ( 'NONE', *, *, #487, .T. ) ;
#4865 = ORIENTED_EDGE ( 'NONE', *, *, #5629, .F. ) ;
#4866 = EDGE_CURVE ( 'NONE', #2775, #1414, #5054, .T. ) ;
#4867 = CARTESIAN_POINT ( 'NONE',  ( 10.95000000000000284, -38.99999999999999289, -2.250000000000000000 ) ) ;
#4868 = FACE_OUTER_BOUND ( 'NONE', #5966, .T. ) ;
#4869 = CARTESIAN_POINT ( 'NONE',  ( 24.92069895169583305, -18.88566317231953562, -2.002301386805983352 ) ) ;
#4870 = DIRECTION ( 'NONE',  ( 0.000000000000000000, 0.000000000000000000, 1.000000000000000000 ) ) ;
#4871 = ORIENTED_EDGE ( 'NONE', *, *, #3271, .T. ) ;
#4872 = FACE_OUTER_BOUND ( 'NONE', #5293, .T. ) ;
#4873 = ORIENTED_EDGE ( 'NONE', *, *, #3721, .F. ) ;
#4874 = EDGE_CURVE ( 'NONE', #4158, #208, #4537, .T. ) ;
#4875 = FACE_OUTER_BOUND ( 'NONE', #3257, .T. ) ;
#4876 = CARTESIAN_POINT ( 'NONE',  ( 14.37500000000000000, -27.24999999999999645, -1.249999999999999778 ) ) ;
#4877 = CARTESIAN_POINT ( 'NONE',  ( 1.420136331858401713, 22.75000000000000000, -8.464529167731718928 ) ) ;
#4878 = ORIENTED_EDGE ( 'NONE', *, *, #1344, .T. ) ;
#4879 = VERTEX_POINT ( 'NONE', #5855 ) ;
#4880 = EDGE_CURVE ( 'NONE', #3810, #1288, #1864, .T. ) ;
#4881 = ORIENTED_EDGE ( 'NONE', *, *, #4405, .T. ) ;
#4882 = CARTESIAN_POINT ( 'NONE',  ( 10.44999999999999929, -26.74999999999999645, -1.957106781186547462 ) ) ;
#4883 = CARTESIAN_POINT ( 'NONE',  ( 26.40000000000000213, 17.75000000000000000, -3.000000000000000000 ) ) ;
#4884 = CARTESIAN_POINT ( 'NONE',  ( -23.39844150526860034, 17.85155849473141032, -2.912993840311211891 ) ) ;
#4885 = AXIS2_PLACEMENT_3D ( 'NONE', #4442, #2995, #5508 ) ;
#4886 = CARTESIAN_POINT ( 'NONE',  ( -10.94999999999999929, -27.24999999999999645, -1.750000000000002665 ) ) ;
#4887 = ORIENTED_EDGE ( 'NONE', *, *, #458, .F. ) ;
#4888 = EDGE_CURVE ( 'NONE', #1113, #3521, #6071, .T. ) ;
#4889 =( BOUNDED_CURVE ( )  B_SPLINE_CURVE ( 3, ( #1413, #670, #480, #2463 ),
 .UNSPECIFIED., .F., .T. ) 
 B_SPLINE_CURVE_WITH_KNOTS ( ( 4, 4 ),
 ( 4.712388980384689674, 6.283185307179586232 ),
 .UNSPECIFIED. ) 
 CURVE ( )  GEOMETRIC_REPRESENTATION_ITEM ( )  RATIONAL_B_SPLINE_CURVE ( ( 1.000000000000000000, 0.8047378541243649375, 0.8047378541243649375, 1.000000000000000000 ) ) 
 REPRESENTATION_ITEM ( '' )  );
#4890 = CARTESIAN_POINT ( 'NONE',  ( 9.975266182186931729, -62.85093797532530147, -1.250000000000000222 ) ) ;
#4891 = CARTESIAN_POINT ( 'NONE',  ( -15.24999999999997691, -52.50000000000000000, -1.250000000000000222 ) ) ;
#4892 = CARTESIAN_POINT ( 'NONE',  ( 0.000000000000000000, -54.49999999999999289, 0.000000000000000000 ) ) ;
#4893 = CARTESIAN_POINT ( 'NONE',  ( 24.66184654414308142, 17.22855396324301935, -3.000000000000000000 ) ) ;
#4894 = AXIS2_PLACEMENT_3D ( 'NONE', #580, #4931, #1502 ) ;
#4895 = DIRECTION ( 'NONE',  ( -0.000000000000000000, -1.000000000000000000, -0.000000000000000000 ) ) ;
#4896 = ORIENTED_EDGE ( 'NONE', *, *, #5822, .F. ) ;
#4897 = ORIENTED_EDGE ( 'NONE', *, *, #221, .T. ) ;
#4898 = AXIS2_PLACEMENT_3D ( 'NONE', #1571, #3516, #4035 ) ;
#4899 = CARTESIAN_POINT ( 'NONE',  ( 22.50681726654195103, -18.74318273345804897, -2.307588957422629150 ) ) ;
#4900 = CARTESIAN_POINT ( 'NONE',  ( 10.95000000000000284, -38.99999999999999289, -1.249999999999999778 ) ) ;
#4901 = CARTESIAN_POINT ( 'NONE',  ( 9.450000000000004619, -61.99999999999999289, -4.549999999999999822 ) ) ;
#4902 = FACE_OUTER_BOUND ( 'NONE', #752, .T. ) ;
#4903 = ORIENTED_EDGE ( 'NONE', *, *, #4608, .F. ) ;
#4904 = CARTESIAN_POINT ( 'NONE',  ( -2.899999999999999911, 9.545306638761546836, -8.900000000000005684 ) ) ;
#4905 = ORIENTED_EDGE ( 'NONE', *, *, #6144, .T. ) ;
#4906 = DIRECTION ( 'NONE',  ( 0.000000000000000000, 0.000000000000000000, -1.000000000000000000 ) ) ;
#4907 = CARTESIAN_POINT ( 'NONE',  ( -25.75000000000001421, 18.50000000000000355, 2.250000000000000000 ) ) ;
#4908 = FACE_OUTER_BOUND ( 'NONE', #3329, .T. ) ;
#4909 = CARTESIAN_POINT ( 'NONE',  ( -28.75000000000001066, 18.50000000000000355, 2.250000000000000000 ) ) ;
#4910 = EDGE_LOOP ( 'NONE', ( #2368, #2934, #4189, #5166 ) ) ;
#4911 = ORIENTED_EDGE ( 'NONE', *, *, #2143, .F. ) ;
#4912 = EDGE_LOOP ( 'NONE', ( #2197, #5149, #6202, #2470 ) ) ;
#4913 = CARTESIAN_POINT ( 'NONE',  ( -2.900000000000001688, 23.24999999999999645, -8.900000000000005684 ) ) ;
#4914 = DIRECTION ( 'NONE',  ( -0.000000000000000000, -0.000000000000000000, -1.000000000000000000 ) ) ;
#4915 = CARTESIAN_POINT ( 'NONE',  ( 4.500000000000000888, 9.545306638761546836, -8.900000000000005684 ) ) ;
#4916 = EDGE_CURVE ( 'NONE', #2841, #1346, #4407, .T. ) ;
#4917 = EDGE_CURVE ( 'NONE', #3538, #3898, #5970, .T. ) ;
#4918 = CARTESIAN_POINT ( 'NONE',  ( -5.000000000000000000, -39.49999999999999289, -8.400000000000003908 ) ) ;
#4919 = ORIENTED_EDGE ( 'NONE', *, *, #284, .T. ) ;
#4920 = CARTESIAN_POINT ( 'NONE',  ( -23.50000000000000355, 19.15000000000000568, -1.000000000000000000 ) ) ;
#4921 = DIRECTION ( 'NONE',  ( -1.000000000000000000, 0.000000000000000000, 0.000000000000000000 ) ) ;
#4922 = CARTESIAN_POINT ( 'NONE',  ( -10.44999999999999751, -26.74999999999999645, -8.692893218813457779 ) ) ;
#4923 = CARTESIAN_POINT ( 'NONE',  ( 0.5949730773750605550, -22.74999999491028291, -8.844275902926051813 ) ) ;
#4924 = FACE_OUTER_BOUND ( 'NONE', #906, .T. ) ;
#4925 = CARTESIAN_POINT ( 'NONE',  ( -25.99021527689064115, 17.62706458306721657, -2.219979545272446231 ) ) ;
#4926 = VERTEX_POINT ( 'NONE', #1594 ) ;
#4927 =( BOUNDED_CURVE ( )  B_SPLINE_CURVE ( 3, ( #445, #3478, #5448, #1060 ),
 .UNSPECIFIED., .F., .T. ) 
 B_SPLINE_CURVE_WITH_KNOTS ( ( 4, 4 ),
 ( 1.570796326794896558, 3.141592653589793116 ),
 .UNSPECIFIED. ) 
 CURVE ( )  GEOMETRIC_REPRESENTATION_ITEM ( )  RATIONAL_B_SPLINE_CURVE ( ( 1.000000000000000000, 0.8047378541243649375, 0.8047378541243649375, 1.000000000000000000 ) ) 
 REPRESENTATION_ITEM ( '' )  );
#4928 = ORIENTED_EDGE ( 'NONE', *, *, #5206, .T. ) ;
#4929 = CARTESIAN_POINT ( 'NONE',  ( 23.51919000737160914, -19.08603330876109894, -1.518565079760256786 ) ) ;
#4930 = AXIS2_PLACEMENT_3D ( 'NONE', #3780, #4294, #1387 ) ;
#4931 = DIRECTION ( 'NONE',  ( -0.000000000000000000, -0.000000000000000000, -1.000000000000000000 ) ) ;
#4932 = CARTESIAN_POINT ( 'NONE',  ( 24.98080999262832691, -19.08603330876110604, -1.518565079760239689 ) ) ;
#4933 = DIRECTION ( 'NONE',  ( 1.000000000000000000, 9.251858538542971581E-17, -0.000000000000000000 ) ) ;
#4934 = CIRCLE ( 'NONE', #1351, 0.5000000000000004441 ) ;
#4935 = ORIENTED_EDGE ( 'NONE', *, *, #62, .F. ) ;
#4936 = CARTESIAN_POINT ( 'NONE',  ( -14.62231452667728604, 22.58515544068074021, -0.5884017770358006549 ) ) ;
#4937 = ORIENTED_EDGE ( 'NONE', *, *, #3967, .F. ) ;
#4938 = PLANE ( 'NONE',  #6139 ) ;
#4939 = CARTESIAN_POINT ( 'NONE',  ( -19.65000000000000213, -21.54999999999999716, 0.000000000000000000 ) ) ;
#4940 = CARTESIAN_POINT ( 'NONE',  ( -6.944154063330265636, -39.49999999999999289, 0.000000000000000000 ) ) ;
#4941 = VECTOR ( 'NONE', #3070, 1000.000000000000000 ) ;
#4942 = DIRECTION ( 'NONE',  ( 1.000000000000000000, 1.217613391099363125E-16, -0.000000000000000000 ) ) ;
#4943 = ORIENTED_EDGE ( 'NONE', *, *, #2185, .F. ) ;
#4944 = CIRCLE ( 'NONE', #2486, 1.000000000000000888 ) ;
#4945 = ORIENTED_EDGE ( 'NONE', *, *, #4593, .F. ) ;
#4946 = CIRCLE ( 'NONE', #2183, 0.7499999999999988898 ) ;
#4947 = EDGE_CURVE ( 'NONE', #5181, #3317, #5095, .T. ) ;
#4948 = CARTESIAN_POINT ( 'NONE',  ( -1.549999999999999822, -24.99999999999998579, 2.250000000000000000 ) ) ;
#4949 = FACE_BOUND ( 'NONE', #6147, .T. ) ;
#4950 = TOROIDAL_SURFACE ( 'NONE', #6097, 0.5000000000000008882, 0.5000000000000000000 ) ;
#4951 = CARTESIAN_POINT ( 'NONE',  ( 4.999999999999999112, -38.99999999999999289, -8.900000000000005684 ) ) ;
#4952 = AXIS2_PLACEMENT_3D ( 'NONE', #2833, #4338, #6303 ) ;
#4953 = B_SPLINE_CURVE_WITH_KNOTS ( 'NONE', 3,
 ( #335, #2648, #1808, #1182, #5150, #4207, #4634, #3123, #2230, #5691, #2199, #6117, #4602, #4669, #1722, #3668 ),
 .UNSPECIFIED., .F., .F.,
 ( 4, 2, 2, 2, 2, 2, 2, 4 ),
 ( 0.000000000000000000, 0.0002836432208242313860, 0.0005672864416484629888, 0.0008509296624726949169, 0.001134572883296926845, 0.001418216104121158665, 0.001701859324945390484, 0.002269145766593861063 ),
 .UNSPECIFIED. ) ;
#4954 = CARTESIAN_POINT ( 'NONE',  ( -3.012339100162039429, 26.50000000000000355, -8.400000000000003908 ) ) ;
#4955 = ORIENTED_EDGE ( 'NONE', *, *, #5079, .F. ) ;
#4956 = ADVANCED_FACE ( 'NONE', ( #5478 ), #5665, .F. ) ;
#4957 = EDGE_CURVE ( 'NONE', #4362, #4166, #1696, .T. ) ;
#4958 = CARTESIAN_POINT ( 'NONE',  ( 22.59322640498314527, 17.60203207850508278, -2.321653529729332810 ) ) ;
#4959 = FACE_OUTER_BOUND ( 'NONE', #2666, .T. ) ;
#4960 = CARTESIAN_POINT ( 'NONE',  ( 22.10000000000000142, 17.75000000000000355, -1.000000000000000000 ) ) ;
#4961 = DIRECTION ( 'NONE',  ( -0.000000000000000000, -0.000000000000000000, -1.000000000000000000 ) ) ;
#4962 = VECTOR ( 'NONE', #6132, 1000.000000000000000 ) ;
#4963 = CARTESIAN_POINT ( 'NONE',  ( -23.49999999999999645, -17.75000000000000000, -3.000000000000000000 ) ) ;
#4964 = AXIS2_PLACEMENT_3D ( 'NONE', #2988, #2859, #4819 ) ;
#4965 = ORIENTED_EDGE ( 'NONE', *, *, #3327, .T. ) ;
#4966 = EDGE_LOOP ( 'NONE', ( #3065, #3439, #2546, #1372 ) ) ;
#4967 = AXIS2_PLACEMENT_3D ( 'NONE', #5836, #2344, #3324 ) ;
#4968 = EDGE_CURVE ( 'NONE', #709, #616, #1122, .T. ) ;
#4969 = CARTESIAN_POINT ( 'NONE',  ( -10.94999999999999574, -39.49999999999999289, 0.000000000000000000 ) ) ;
#4970 =( NAMED_UNIT ( * ) PLANE_ANGLE_UNIT ( ) SI_UNIT ( $, .RADIAN. ) );
#4971 = AXIS2_PLACEMENT_3D ( 'NONE', #81, #4501, #5909 ) ;
#4972 = CARTESIAN_POINT ( 'NONE',  ( 26.40000000000000213, -17.74999999999999645, -1.000000000000000000 ) ) ;
#4973 = LINE ( 'NONE', #4350, #2684 ) ;
#4974 = ORIENTED_EDGE ( 'NONE', *, *, #62, .T. ) ;
#4975 = ORIENTED_EDGE ( 'NONE', *, *, #370, .F. ) ;
#4976 = CARTESIAN_POINT ( 'NONE',  ( -28.75000000000001066, 18.50000000000000355, 2.250000000000000000 ) ) ;
#4977 = FACE_OUTER_BOUND ( 'NONE', #5110, .T. ) ;
#4978 = DIRECTION ( 'NONE',  ( 0.000000000000000000, 0.000000000000000000, 1.000000000000000000 ) ) ;
#4979 = CARTESIAN_POINT ( 'NONE',  ( 1.506651917331935486, 23.25000000000000000, -8.900000000000005684 ) ) ;
#4980 = ORIENTED_EDGE ( 'NONE', *, *, #526, .F. ) ;
#4981 = VERTEX_POINT ( 'NONE', #214 ) ;
#4982 = CARTESIAN_POINT ( 'NONE',  ( -23.74852813742386104, -18.32157287525379630, -3.000000000000000000 ) ) ;
#4983 = DIRECTION ( 'NONE',  ( 1.000000000000000000, 0.000000000000000000, 0.000000000000000000 ) ) ;
#4984 = DIRECTION ( 'NONE',  ( -0.000000000000000000, -0.000000000000000000, -1.000000000000000000 ) ) ;
#4985 = EDGE_CURVE ( 'NONE', #1587, #2389, #699, .T. ) ;
#4986 = DIRECTION ( 'NONE',  ( 1.000000000000000000, 1.217613391099363125E-16, -0.000000000000000000 ) ) ;
#4987 = VERTEX_POINT ( 'NONE', #1186 ) ;
#4988 = CARTESIAN_POINT ( 'NONE',  ( -2.433630889136431505E-15, 21.35000000000000142, -5.920000000000007923 ) ) ;
#4989 = CARTESIAN_POINT ( 'NONE',  ( -10.44999999999999041, -61.99999999999999289, -2.184538389453069662 ) ) ;
#4990 = CARTESIAN_POINT ( 'NONE',  ( 10.46081020890059143, -61.95865223729359883, -1.805071059338346107 ) ) ;
#4991 = DIRECTION ( 'NONE',  ( 0.000000000000000000, -1.000000000000000000, -0.000000000000000000 ) ) ;
#4992 = DIRECTION ( 'NONE',  ( 1.000000000000000000, 0.000000000000000000, 0.000000000000000000 ) ) ;
#4993 = ADVANCED_FACE ( 'NONE', ( #91 ), #2561, .F. ) ;
#4994 = CARTESIAN_POINT ( 'NONE',  ( -24.10000000000000497, -17.14999999999998792, -3.000000000000000000 ) ) ;
#4995 = AXIS2_PLACEMENT_3D ( 'NONE', #3535, #5884, #4371 ) ;
#4996 = EDGE_LOOP ( 'NONE', ( #1922, #4451, #4584, #9 ) ) ;
#4997 = ORIENTED_EDGE ( 'NONE', *, *, #1934, .T. ) ;
#4998 = CARTESIAN_POINT ( 'NONE',  ( -20.00000000000000000, -22.74999999999999645, 2.250000000000000000 ) ) ;
#4999 = VECTOR ( 'NONE', #4481, 1000.000000000000000 ) ;
#5000 = AXIS2_PLACEMENT_3D ( 'NONE', #1843, #2865, #2744 ) ;
#5001 = PLANE ( 'NONE',  #799 ) ;
#5002 = DIRECTION ( 'NONE',  ( 0.000000000000000000, 0.000000000000000000, 1.000000000000000000 ) ) ;
#5003 = EDGE_CURVE ( 'NONE', #263, #248, #4119, .T. ) ;
#5004 = CARTESIAN_POINT ( 'NONE',  ( -1.311502393832023383, -22.85239831189589665, -8.899999999999760547 ) ) ;
#5005 = ADVANCED_FACE ( 'NONE', ( #3537 ), #5961, .T. ) ;
#5006 = AXIS2_PLACEMENT_3D ( 'NONE', #1582, #3526, #1613 ) ;
#5007 = ORIENTED_EDGE ( 'NONE', *, *, #3005, .F. ) ;
#5008 = ORIENTED_EDGE ( 'NONE', *, *, #5258, .F. ) ;
#5009 = LINE ( 'NONE', #618, #392 ) ;
#5010 = CARTESIAN_POINT ( 'NONE',  ( -18.75000000000000355, -22.74999999999999645, -8.400000000000018119 ) ) ;
#5011 = CARTESIAN_POINT ( 'NONE',  ( 23.49999999999999645, -17.75000000000000000, -3.000000000000000000 ) ) ;
#5012 = AXIS2_PLACEMENT_3D ( 'NONE', #3998, #2087, #2465 ) ;
#5013 = PLANE ( 'NONE',  #6168 ) ;
#5014 = ADVANCED_FACE ( 'NONE', ( #247 ), #2203, .T. ) ;
#5015 = ORIENTED_EDGE ( 'NONE', *, *, #6144, .F. ) ;
#5016 = ORIENTED_EDGE ( 'NONE', *, *, #6145, .F. ) ;
#5017 = CARTESIAN_POINT ( 'NONE',  ( 6.944154063330265636, -39.49999999999999289, 2.250000000000000444 ) ) ;
#5018 = CYLINDRICAL_SURFACE ( 'NONE', #3177, 0.5000000000000000000 ) ;
#5019 = DIRECTION ( 'NONE',  ( -1.387778780781445676E-16, 1.000000000000000000, 0.000000000000000000 ) ) ;
#5020 = CARTESIAN_POINT ( 'NONE',  ( 10.45000000000000284, -39.99999999999999289, -1.249999999999999778 ) ) ;
#5021 = CARTESIAN_POINT ( 'NONE',  ( 25.00000000000000000, 17.75000000000000000, 0.000000000000000000 ) ) ;
#5022 = ORIENTED_EDGE ( 'NONE', *, *, #680, .F. ) ;
#5023 = DIRECTION ( 'NONE',  ( 1.000000000000000000, 0.000000000000000000, 0.000000000000000000 ) ) ;
#5024 = CARTESIAN_POINT ( 'NONE',  ( 19.99999999999999645, 12.50000000000000000, 2.250000000000000000 ) ) ;
#5025 = DIRECTION ( 'NONE',  ( 3.016910393003147592E-15, 1.000000000000000000, -0.000000000000000000 ) ) ;
#5026 = DIRECTION ( 'NONE',  ( -1.000000000000000000, 0.000000000000000000, 0.000000000000000000 ) ) ;
#5027 = CARTESIAN_POINT ( 'NONE',  ( -24.10000000000000497, -17.14999999999998792, -3.000000000000000000 ) ) ;
#5028 =( BOUNDED_CURVE ( )  B_SPLINE_CURVE ( 3, ( #4275, #882, #4304, #1365 ),
 .UNSPECIFIED., .F., .T. ) 
 B_SPLINE_CURVE_WITH_KNOTS ( ( 4, 4 ),
 ( 0.000000000000000000, 1.570796326794896558 ),
 .UNSPECIFIED. ) 
 CURVE ( )  GEOMETRIC_REPRESENTATION_ITEM ( )  RATIONAL_B_SPLINE_CURVE ( ( 1.000000000000000000, 0.8047378541243649375, 0.8047378541243649375, 1.000000000000000000 ) ) 
 REPRESENTATION_ITEM ( '' )  );
#5029 = ORIENTED_EDGE ( 'NONE', *, *, #4239, .T. ) ;
#5030 = EDGE_CURVE ( 'NONE', #2630, #4147, #5831, .T. ) ;
#5031 = CARTESIAN_POINT ( 'NONE',  ( 23.53064434331479049, -19.04785218895077747, -1.644431365561084935 ) ) ;
#5032 = FACE_OUTER_BOUND ( 'NONE', #4831, .T. ) ;
#5033 = EDGE_CURVE ( 'NONE', #4987, #1587, #2888, .T. ) ;
#5034 = CARTESIAN_POINT ( 'NONE',  ( -24.10000000000000497, 17.15000000000000568, -3.000000000000000000 ) ) ;
#5035 = CYLINDRICAL_SURFACE ( 'NONE', #1563, 0.5000000000000000000 ) ;
#5036 = VERTEX_POINT ( 'NONE', #1473 ) ;
#5037 = EDGE_CURVE ( 'NONE', #4431, #4166, #5681, .T. ) ;
#5038 = CARTESIAN_POINT ( 'NONE',  ( 4.999999999999998224, -54.49999999999999289, 2.250000000000000000 ) ) ;
#5039 = EDGE_CURVE ( 'NONE', #2774, #2389, #2346, .T. ) ;
#5040 = CARTESIAN_POINT ( 'NONE',  ( -26.40000000000000924, -17.74999999999999289, 0.000000000000000000 ) ) ;
#5041 = DIRECTION ( 'NONE',  ( -1.000000000000000000, 0.000000000000000000, 0.000000000000000000 ) ) ;
#5042 = CARTESIAN_POINT ( 'NONE',  ( -10.22652758116072036, -62.65156992690186399, -1.616570893205594439 ) ) ;
#5043 = AXIS2_PLACEMENT_3D ( 'NONE', #519, #4464, #1068 ) ;
#5044 = ORIENTED_EDGE ( 'NONE', *, *, #1687, .F. ) ;
#5045 = ORIENTED_EDGE ( 'NONE', *, *, #2564, .F. ) ;
#5046 = ADVANCED_FACE ( 'NONE', ( #474 ), #5271, .T. ) ;
#5047 = VECTOR ( 'NONE', #3417, 1000.000000000000000 ) ;
#5048 = CARTESIAN_POINT ( 'NONE',  ( -10.94999999999999396, -51.75000000000000000, -1.250000000000000222 ) ) ;
#5049 = FACE_OUTER_BOUND ( 'NONE', #2044, .T. ) ;
#5050 = VECTOR ( 'NONE', #934, 1000.000000000000000 ) ;
#5051 = DIRECTION ( 'NONE',  ( 1.000000000000000000, 0.000000000000000000, 0.000000000000000000 ) ) ;
#5052 = CARTESIAN_POINT ( 'NONE',  ( -24.40000000000001279, -17.14999999999998792, -3.000000000000000000 ) ) ;
#5053 = CIRCLE ( 'NONE', #2594, 0.5000000000000000000 ) ;
#5054 = CIRCLE ( 'NONE', #1773, 1.000000000000000888 ) ;
#5055 = EDGE_LOOP ( 'NONE', ( #3656, #5803, #231, #3270 ) ) ;
#5056 = ORIENTED_EDGE ( 'NONE', *, *, #4673, .T. ) ;
#5057 = CARTESIAN_POINT ( 'NONE',  ( 23.51919000737168375, 19.08603330876110959, -1.518565079760239689 ) ) ;
#5058 = DIRECTION ( 'NONE',  ( -0.000000000000000000, -1.000000000000000000, -0.000000000000000000 ) ) ;
#5059 = CIRCLE ( 'NONE', #1869, 0.2499999999999985012 ) ;
#5060 = LINE ( 'NONE', #3597, #4586 ) ;
#5061 = CARTESIAN_POINT ( 'NONE',  ( -9.949999999999995737, -38.99999999999999289, -8.400000000000003908 ) ) ;
#5062 = DIRECTION ( 'NONE',  ( 1.000000000000000000, 0.000000000000000000, 0.000000000000000000 ) ) ;
#5063 = ORIENTED_EDGE ( 'NONE', *, *, #1137, .T. ) ;
#5064 = CARTESIAN_POINT ( 'NONE',  ( 25.00000000000000000, -19.14999999999999858, -3.000000000000000000 ) ) ;
#5065 = CARTESIAN_POINT ( 'NONE',  ( 23.79782862990097669, -18.15723790033004903, -2.747572801731881231 ) ) ;
#5066 = DIRECTION ( 'NONE',  ( 0.000000000000000000, 0.000000000000000000, -1.000000000000000000 ) ) ;
#5067 =( BOUNDED_CURVE ( )  B_SPLINE_CURVE ( 3, ( #1397, #3338, #2299, #2863 ),
 .UNSPECIFIED., .F., .T. ) 
 B_SPLINE_CURVE_WITH_KNOTS ( ( 4, 4 ),
 ( 3.141592653589793116, 4.712388980384689674 ),
 .UNSPECIFIED. ) 
 CURVE ( )  GEOMETRIC_REPRESENTATION_ITEM ( )  RATIONAL_B_SPLINE_CURVE ( ( 1.000000000000000000, 0.8047378541243649375, 0.8047378541243649375, 1.000000000000000000 ) ) 
 REPRESENTATION_ITEM ( '' )  );
#5068 = CARTESIAN_POINT ( 'NONE',  ( 23.49999999999999645, -19.14999999999999858, 0.000000000000000000 ) ) ;
#5069 = AXIS2_PLACEMENT_3D ( 'NONE', #2997, #5406, #20 ) ;
#5070 = CARTESIAN_POINT ( 'NONE',  ( -0.5524329214715413272, -22.87076453181429869, -8.899999999999785416 ) ) ;
#5071 = EDGE_CURVE ( 'NONE', #2030, #6015, #4456, .T. ) ;
#5072 = AXIS2_PLACEMENT_3D ( 'NONE', #6064, #4557, #167 ) ;
#5073 = ORIENTED_EDGE ( 'NONE', *, *, #1394, .F. ) ;
#5074 = ORIENTED_EDGE ( 'NONE', *, *, #583, .F. ) ;
#5075 = CARTESIAN_POINT ( 'NONE',  ( -8.950000000000004619, -61.99999999999999289, -4.549999999999999822 ) ) ;
#5076 = CARTESIAN_POINT ( 'NONE',  ( 10.95000000000000284, -39.99999999999999289, 2.250000000000000444 ) ) ;
#5077 = CARTESIAN_POINT ( 'NONE',  ( -22.10000000000000142, -17.75000000000000000, -1.000000000000000000 ) ) ;
#5078 = CARTESIAN_POINT ( 'NONE',  ( -10.64236461346342111, -62.24235323382320217, -1.596051529526523849 ) ) ;
#5079 = EDGE_CURVE ( 'NONE', #4361, #5082, #2598, .T. ) ;
#5080 = EDGE_CURVE ( 'NONE', #180, #1161, #433, .T. ) ;
#5081 = ORIENTED_EDGE ( 'NONE', *, *, #2263, .F. ) ;
#5082 = VERTEX_POINT ( 'NONE', #4517 ) ;
#5083 = FACE_OUTER_BOUND ( 'NONE', #4513, .T. ) ;
#5084 = FACE_BOUND ( 'NONE', #5976, .T. ) ;
#5085 = CARTESIAN_POINT ( 'NONE',  ( -24.74465896972080614, -17.49465896972114365, -2.985108054653058396 ) ) ;
#5086 = CARTESIAN_POINT ( 'NONE',  ( -23.50386765614445395, 19.13710781285182705, -1.261796208304258204 ) ) ;
#5087 = EDGE_CURVE ( 'NONE', #490, #743, #6179, .T. ) ;
#5088 = EDGE_CURVE ( 'NONE', #4460, #5674, #4550, .T. ) ;
#5089 = ORIENTED_EDGE ( 'NONE', *, *, #5631, .F. ) ;
#5090 = ORIENTED_EDGE ( 'NONE', *, *, #2263, .T. ) ;
#5091 = CARTESIAN_POINT ( 'NONE',  ( -7.146477279680483186, -39.49999999999999289, -5.165949563682238121 ) ) ;
#5092 = PLANE ( 'NONE',  #2289 ) ;
#5093 = CARTESIAN_POINT ( 'NONE',  ( -3.012339100162039429, 12.63580622847883639, -8.400000000000003908 ) ) ;
#5094 = FACE_OUTER_BOUND ( 'NONE', #5623, .T. ) ;
#5095 = LINE ( 'NONE', #606, #6273 ) ;
#5096 = ORIENTED_EDGE ( 'NONE', *, *, #1986, .F. ) ;
#5097 = AXIS2_PLACEMENT_3D ( 'NONE', #3914, #4436, #4014 ) ;
#5098 = CARTESIAN_POINT ( 'NONE',  ( -1.372049053036249910, -23.24999999999999645, -8.900000000000005684 ) ) ;
#5099 = DIRECTION ( 'NONE',  ( -1.000000000000000000, 0.000000000000000000, 0.000000000000000000 ) ) ;
#5100 = CARTESIAN_POINT ( 'NONE',  ( 10.95000000000000284, -39.49999999999999289, 0.000000000000000000 ) ) ;
#5101 = CARTESIAN_POINT ( 'NONE',  ( -1.420136331858435907, -22.74999999999999645, -8.464529167731992487 ) ) ;
#5102 = ORIENTED_EDGE ( 'NONE', *, *, #1616, .T. ) ;
#5103 = VERTEX_POINT ( 'NONE', #5610 ) ;
#5104 = DIRECTION ( 'NONE',  ( -1.387778780781444256E-14, -1.000000000000000000, -0.000000000000000000 ) ) ;
#5105 = CYLINDRICAL_SURFACE ( 'NONE', #4553, 0.5000000000000004441 ) ;
#5106 = LINE ( 'NONE', #2724, #1576 ) ;
#5107 = CARTESIAN_POINT ( 'NONE',  ( -10.80680599421851262, -61.95861927990043228, -1.695374908890076027 ) ) ;
#5108 = AXIS2_PLACEMENT_3D ( 'NONE', #126, #3413, #5414 ) ;
#5109 = EDGE_LOOP ( 'NONE', ( #875, #1382, #825, #5074 ) ) ;
#5110 = EDGE_LOOP ( 'NONE', ( #6296, #4570, #1855, #6081 ) ) ;
#5111 = VECTOR ( 'NONE', #1228, 1000.000000000000000 ) ;
#5112 = CARTESIAN_POINT ( 'NONE',  ( 10.45000000000000817, -61.64965760832208019, -1.786450437571498906 ) ) ;
#5113 = CARTESIAN_POINT ( 'NONE',  ( -28.75000000000001066, -18.49999999999999645, 2.250000000000000000 ) ) ;
#5114 = EDGE_CURVE ( 'NONE', #421, #965, #2177, .T. ) ;
#5115 = DIRECTION ( 'NONE',  ( -2.182042108146926802E-16, 1.000000000000000000, 0.000000000000000000 ) ) ;
#5116 = DIRECTION ( 'NONE',  ( 0.000000000000000000, 0.000000000000000000, 1.000000000000000000 ) ) ;
#5117 = CARTESIAN_POINT ( 'NONE',  ( -20.00000000000000000, -21.49999999999999645, 2.250000000000000000 ) ) ;
#5118 = VERTEX_POINT ( 'NONE', #162 ) ;
#5119 = EDGE_LOOP ( 'NONE', ( #2765, #4505, #331, #1989 ) ) ;
#5120 = ORIENTED_EDGE ( 'NONE', *, *, #2295, .T. ) ;
#5121 = LINE ( 'NONE', #4181, #4543 ) ;
#5122 = EDGE_CURVE ( 'NONE', #3300, #5200, #682, .T. ) ;
#5123 = ADVANCED_FACE ( 'NONE', ( #6056 ), #4062, .F. ) ;
#5124 = FACE_OUTER_BOUND ( 'NONE', #5835, .T. ) ;
#5125 = CARTESIAN_POINT ( 'NONE',  ( 10.45000000000000639, -61.99999999999999289, -5.050000000000000711 ) ) ;
#5126 = ORIENTED_EDGE ( 'NONE', *, *, #2564, .T. ) ;
#5127 = CARTESIAN_POINT ( 'NONE',  ( 23.20694626069827393, -18.04305373930173673, -2.852596106570037815 ) ) ;
#5128 = EDGE_CURVE ( 'NONE', #4987, #869, #3510, .T. ) ;
#5129 = CARTESIAN_POINT ( 'NONE',  ( -3.585849056603378493, -52.49999999999977263, -1.750000000000000222 ) ) ;
#5130 = DIRECTION ( 'NONE',  ( 1.000000000000000000, 0.000000000000000000, 0.000000000000000000 ) ) ;
#5131 = DIRECTION ( 'NONE',  ( -0.000000000000000000, -1.000000000000000000, -0.000000000000000000 ) ) ;
#5132 = ORIENTED_EDGE ( 'NONE', *, *, #2779, .F. ) ;
#5133 = EDGE_LOOP ( 'NONE', ( #84, #1751, #446, #4512 ) ) ;
#5134 = DIRECTION ( 'NONE',  ( 0.000000000000000000, 0.000000000000000000, 1.000000000000000000 ) ) ;
#5135 = LINE ( 'NONE', #198, #4444 ) ;
#5136 = DIRECTION ( 'NONE',  ( 1.000000000000000000, 0.000000000000000000, 0.000000000000000000 ) ) ;
#5137 = VECTOR ( 'NONE', #2158, 1000.000000000000000 ) ;
#5138 = CARTESIAN_POINT ( 'NONE',  ( -0.8531861753236945622, 23.13066377976591781, -8.900000000000007461 ) ) ;
#5139 = VERTEX_POINT ( 'NONE', #3575 ) ;
#5140 = ORIENTED_EDGE ( 'NONE', *, *, #5886, .F. ) ;
#5141 = CARTESIAN_POINT ( 'NONE',  ( 2.049999999999999822, -24.99999999999998579, 2.250000000000000000 ) ) ;
#5142 = LINE ( 'NONE', #2701, #5354 ) ;
#5143 = LINE ( 'NONE', #2702, #292 ) ;
#5144 = CARTESIAN_POINT ( 'NONE',  ( 26.40000000000000213, 17.75000000000000000, -1.000000000000000000 ) ) ;
#5145 = ADVANCED_FACE ( 'NONE', ( #1223 ), #2567, .T. ) ;
#5146 = ORIENTED_EDGE ( 'NONE', *, *, #3458, .F. ) ;
#5147 = VERTEX_POINT ( 'NONE', #4486 ) ;
#5148 = CIRCLE ( 'NONE', #4007, 1.249999999999997558 ) ;
#5149 = ORIENTED_EDGE ( 'NONE', *, *, #1200, .F. ) ;
#5150 = CARTESIAN_POINT ( 'NONE',  ( 18.75246360276288016, -22.66034877465155972, -0.7352038494686690129 ) ) ;
#5151 = CARTESIAN_POINT ( 'NONE',  ( 18.75000000000000711, -22.74999999999999289, -50.11272994626617816 ) ) ;
#5152 = DIRECTION ( 'NONE',  ( -6.033820786006280787E-16, -1.000000000000000000, 0.000000000000000000 ) ) ;
#5153 = AXIS2_PLACEMENT_3D ( 'NONE', #2528, #3408, #6276 ) ;
#5154 = CARTESIAN_POINT ( 'NONE',  ( -22.13128291657528024, -19.11871708342463450, -1.441882852138899107 ) ) ;
#5155 = EDGE_CURVE ( 'NONE', #4006, #4250, #2146, .T. ) ;
#5156 = EDGE_CURVE ( 'NONE', #4330, #6128, #2595, .T. ) ;
#5157 = ORIENTED_EDGE ( 'NONE', *, *, #1665, .F. ) ;
#5158 = VECTOR ( 'NONE', #273, 1000.000000000000000 ) ;
#5159 = CARTESIAN_POINT ( 'NONE',  ( 7.882601265520590594, -39.49999999999999289, -5.055899172607465353 ) ) ;
#5160 = FACE_OUTER_BOUND ( 'NONE', #3050, .T. ) ;
#5161 = CARTESIAN_POINT ( 'NONE',  ( 25.75000000000001066, -18.49999999999999645, 2.250000000000000000 ) ) ;
#5162 = CIRCLE ( 'NONE', #552, 5.000000000000000888 ) ;
#5163 = CARTESIAN_POINT ( 'NONE',  ( -24.92349582913088213, 17.30704874873928389, -2.947945328313029467 ) ) ;
#5164 = EDGE_CURVE ( 'NONE', #5577, #2638, #2081, .T. ) ;
#5165 = EDGE_LOOP ( 'NONE', ( #4437, #2472, #797 ) ) ;
#5166 = ORIENTED_EDGE ( 'NONE', *, *, #4324, .T. ) ;
#5167 = DIRECTION ( 'NONE',  ( 1.000000000000000000, 0.000000000000000000, 0.000000000000000000 ) ) ;
#5168 = DIRECTION ( 'NONE',  ( 1.000000000000000000, 1.217613391099363125E-16, -0.000000000000000000 ) ) ;
#5169 = CARTESIAN_POINT ( 'NONE',  ( 1.424822011038793912, -22.81103416056978617, -8.899999999999559819 ) ) ;
#5170 = CARTESIAN_POINT ( 'NONE',  ( 14.99999999999999645, -17.50000000000000000, 2.250000000000000000 ) ) ;
#5171 = AXIS2_PLACEMENT_3D ( 'NONE', #2892, #2925, #2955 ) ;
#5172 = ORIENTED_EDGE ( 'NONE', *, *, #4359, .F. ) ;
#5173 = CARTESIAN_POINT ( 'NONE',  ( -14.24691522495948881, 22.74999999999999645, -1.089084275067671692 ) ) ;
#5174 = AXIS2_PLACEMENT_3D ( 'NONE', #3142, #6140, #1743 ) ;
#5175 = DIRECTION ( 'NONE',  ( 2.182042108146926555E-16, -1.000000000000000000, 0.000000000000000000 ) ) ;
#5176 = DIRECTION ( 'NONE',  ( 0.000000000000000000, 1.000000000000000000, 0.000000000000000000 ) ) ;
#5177 = CARTESIAN_POINT ( 'NONE',  ( -26.40000000000001279, -17.74999999995441158, -1.130901135795389090 ) ) ;
#5178 = DIRECTION ( 'NONE',  ( -1.000000000000000000, -0.000000000000000000, 0.000000000000000000 ) ) ;
#5179 =( BOUNDED_CURVE ( )  B_SPLINE_CURVE ( 3, ( #658, #5377, #5500, #3886 ),
 .UNSPECIFIED., .F., .T. ) 
 B_SPLINE_CURVE_WITH_KNOTS ( ( 4, 4 ),
 ( 4.712388980384689674, 6.283185307179586232 ),
 .UNSPECIFIED. ) 
 CURVE ( )  GEOMETRIC_REPRESENTATION_ITEM ( )  RATIONAL_B_SPLINE_CURVE ( ( 1.000000000000000000, 0.8047378541243649375, 0.8047378541243649375, 1.000000000000000000 ) ) 
 REPRESENTATION_ITEM ( '' )  );
#5180 = ORIENTED_EDGE ( 'NONE', *, *, #1978, .F. ) ;
#5181 = VERTEX_POINT ( 'NONE', #4028 ) ;
#5182 = CARTESIAN_POINT ( 'NONE',  ( -7.815904265633699666, -39.98810442183349778, -5.036955541148367743 ) ) ;
#5183 = CARTESIAN_POINT ( 'NONE',  ( 15.00000000000000711, -52.50000000000000000, -1.750000000000000222 ) ) ;
#5184 = DIRECTION ( 'NONE',  ( 0.000000000000000000, 0.000000000000000000, -1.000000000000000000 ) ) ;
#5185 = EDGE_CURVE ( 'NONE', #3890, #5181, #5999, .T. ) ;
#5186 = ORIENTED_EDGE ( 'NONE', *, *, #6108, .F. ) ;
#5187 = CARTESIAN_POINT ( 'NONE',  ( -0.2409022013307861032, -22.86985212661385702, -8.900000000000007461 ) ) ;
#5188 = FACE_OUTER_BOUND ( 'NONE', #1292, .T. ) ;
#5189 = DIRECTION ( 'NONE',  ( 0.000000000000000000, 0.000000000000000000, 1.000000000000000000 ) ) ;
#5190 = LINE ( 'NONE', #1760, #3393 ) ;
#5191 = AXIS2_PLACEMENT_3D ( 'NONE', #3024, #1586, #4368 ) ;
#5192 = ORIENTED_EDGE ( 'NONE', *, *, #5228, .T. ) ;
#5193 = ORIENTED_EDGE ( 'NONE', *, *, #1244, .T. ) ;
#5194 = DIRECTION ( 'NONE',  ( 1.000000000000000000, -1.387778780781444413E-14, 0.000000000000000000 ) ) ;
#5195 = CARTESIAN_POINT ( 'NONE',  ( -23.50000000000000355, 17.15000000000000568, -1.000000000000000000 ) ) ;
#5196 = EDGE_CURVE ( 'NONE', #1682, #4879, #2787, .T. ) ;
#5197 = LINE ( 'NONE', #3740, #1669 ) ;
#5198 = CIRCLE ( 'NONE', #4482, 2.850000000000005418 ) ;
#5199 = ORIENTED_EDGE ( 'NONE', *, *, #6108, .T. ) ;
#5200 = VERTEX_POINT ( 'NONE', #5034 ) ;
#5201 = CARTESIAN_POINT ( 'NONE',  ( 10.87579397673515658, -61.75832041930284078, -1.739561678900957142 ) ) ;
#5202 = CYLINDRICAL_SURFACE ( 'NONE', #1547, 0.5000000000000000000 ) ;
#5203 = CARTESIAN_POINT ( 'NONE',  ( -9.450000000000004619, -61.99999999999999289, -5.050000000000000711 ) ) ;
#5204 =( GEOMETRIC_REPRESENTATION_CONTEXT ( 3 ) GLOBAL_UNCERTAINTY_ASSIGNED_CONTEXT ( ( #4755 ) ) GLOBAL_UNIT_ASSIGNED_CONTEXT ( ( #1003, #5329, #3326 ) ) REPRESENTATION_CONTEXT ( 'NONE', 'WORKASPACE' ) );
#5205 = CARTESIAN_POINT ( 'NONE',  ( -25.10155849473161993, -17.85155849473120782, -2.912993840311140392 ) ) ;
#5206 = EDGE_CURVE ( 'NONE', #1346, #3723, #1061, .T. ) ;
#5207 = AXIS2_PLACEMENT_3D ( 'NONE', #5727, #1875, #5670 ) ;
#5208 = CARTESIAN_POINT ( 'NONE',  ( 26.40000000000000213, 17.75000000000000000, -2.171572875253809709 ) ) ;
#5209 = AXIS2_PLACEMENT_3D ( 'NONE', #3224, #5643, #1310 ) ;
#5210 = ORIENTED_EDGE ( 'NONE', *, *, #2206, .F. ) ;
#5211 = AXIS2_PLACEMENT_3D ( 'NONE', #687, #5115, #719 ) ;
#5212 = EDGE_LOOP ( 'NONE', ( #3362, #283, #4591, #2051 ) ) ;
#5213 = CYLINDRICAL_SURFACE ( 'NONE', #5252, 0.5000000000000000000 ) ;
#5214 = DIRECTION ( 'NONE',  ( 1.000000000000000000, 0.000000000000000000, -0.000000000000000000 ) ) ;
#5215 = FACE_OUTER_BOUND ( 'NONE', #4668, .T. ) ;
#5216 = AXIS2_PLACEMENT_3D ( 'NONE', #771, #4682, #287 ) ;
#5217 = ORIENTED_EDGE ( 'NONE', *, *, #6245, .F. ) ;
#5218 = CARTESIAN_POINT ( 'NONE',  ( 6.944154069689712827, -39.49999999999999289, -4.680183744155725911 ) ) ;
#5219 = DIRECTION ( 'NONE',  ( -0.000000000000000000, -0.000000000000000000, -1.000000000000000000 ) ) ;
#5220 = FACE_OUTER_BOUND ( 'NONE', #832, .T. ) ;
#5221 = CARTESIAN_POINT ( 'NONE',  ( -9.949999999999993960, -38.99999999999999289, -8.900000000000005684 ) ) ;
#5222 = ORIENTED_EDGE ( 'NONE', *, *, #4637, .T. ) ;
#5223 = ORIENTED_EDGE ( 'NONE', *, *, #487, .F. ) ;
#5224 = DIRECTION ( 'NONE',  ( 0.000000000000000000, 0.000000000000000000, 1.000000000000000000 ) ) ;
#5225 = CARTESIAN_POINT ( 'NONE',  ( -2.900000000000001688, 23.25000000000000000, -8.900000000000005684 ) ) ;
#5226 = DIRECTION ( 'NONE',  ( -0.000000000000000000, 0.000000000000000000, -1.000000000000000000 ) ) ;
#5227 = VERTEX_POINT ( 'NONE', #5068 ) ;
#5228 = EDGE_CURVE ( 'NONE', #616, #4362, #1190, .T. ) ;
#5229 = ORIENTED_EDGE ( 'NONE', *, *, #6260, .F. ) ;
#5230 = ORIENTED_EDGE ( 'NONE', *, *, #999, .F. ) ;
#5231 = EDGE_CURVE ( 'NONE', #5496, #3592, #4946, .T. ) ;
#5232 = CARTESIAN_POINT ( 'NONE',  ( 18.25000000000001066, -23.24999999999999289, -8.900000000000005684 ) ) ;
#5233 = DIRECTION ( 'NONE',  ( -1.000000000000000000, 0.000000000000000000, 0.000000000000000000 ) ) ;
#5234 = CARTESIAN_POINT ( 'NONE',  ( -2.770070464751050862E-15, -22.75000000000000000, -6.380000000000024762 ) ) ;
#5235 = LINE ( 'NONE', #2791, #837 ) ;
#5236 = LINE ( 'NONE', #1352, #3086 ) ;
#5237 = ORIENTED_EDGE ( 'NONE', *, *, #1657, .T. ) ;
#5238 = EDGE_CURVE ( 'NONE', #5577, #2630, #5671, .T. ) ;
#5239 = VERTEX_POINT ( 'NONE', #855 ) ;
#5240 = AXIS2_PLACEMENT_3D ( 'NONE', #2999, #301, #1050 ) ;
#5241 = DIRECTION ( 'NONE',  ( 1.000000000000000000, 0.000000000000000000, 0.000000000000000000 ) ) ;
#5242 = CARTESIAN_POINT ( 'NONE',  ( -24.10000000000000497, 17.75000000000000000, -3.000000000000000000 ) ) ;
#5243 = DIRECTION ( 'NONE',  ( 0.000000000000000000, 0.000000000000000000, 1.000000000000000000 ) ) ;
#5244 = AXIS2_PLACEMENT_3D ( 'NONE', #5895, #1474, #5864 ) ;
#5245 = ORIENTED_EDGE ( 'NONE', *, *, #6016, .T. ) ;
#5246 = DIRECTION ( 'NONE',  ( -1.000000000000000000, 0.000000000000000000, 0.000000000000000000 ) ) ;
#5247 = VECTOR ( 'NONE', #412, 1000.000000000000000 ) ;
#5248 = CARTESIAN_POINT ( 'NONE',  ( -3.012339100162039429, 12.63580622847883639, 2.250000000000000000 ) ) ;
#5249 = AXIS2_PLACEMENT_3D ( 'NONE', #3483, #2575, #3015 ) ;
#5250 = DIRECTION ( 'NONE',  ( -0.000000000000000000, -0.000000000000000000, 1.000000000000000000 ) ) ;
#5251 = CARTESIAN_POINT ( 'NONE',  ( -24.40000000000000568, 17.15000000000000568, -3.000000000000000000 ) ) ;
#5252 = AXIS2_PLACEMENT_3D ( 'NONE', #3635, #4728, #815 ) ;
#5253 = EDGE_LOOP ( 'NONE', ( #2851, #5044, #3264 ) ) ;
#5254 = VECTOR ( 'NONE', #1845, 1000.000000000000000 ) ;
#5255 = ORIENTED_EDGE ( 'NONE', *, *, #5933, .T. ) ;
#5256 = CARTESIAN_POINT ( 'NONE',  ( -10.44999999999999574, -39.50000000000000000, -1.750000000000002442 ) ) ;
#5257 = CARTESIAN_POINT ( 'NONE',  ( -10.44999999999999574, -39.50000000000000000, -4.549999999999999822 ) ) ;
#5258 = EDGE_CURVE ( 'NONE', #1698, #3094, #547, .T. ) ;
#5259 = CARTESIAN_POINT ( 'NONE',  ( 9.949999999999999289, -26.24999999999999645, -8.900000000000005684 ) ) ;
#5260 = VERTEX_POINT ( 'NONE', #312 ) ;
#5261 = ORIENTED_EDGE ( 'NONE', *, *, #2826, .F. ) ;
#5262 = ORIENTED_EDGE ( 'NONE', *, *, #17, .F. ) ;
#5263 = AXIS2_PLACEMENT_3D ( 'NONE', #947, #4961, #4443 ) ;
#5264 = CARTESIAN_POINT ( 'NONE',  ( -7.948326093704751294, -39.99999999999999289, -5.050000000000000711 ) ) ;
#5265 = DIRECTION ( 'NONE',  ( -1.000000000000000000, -6.033820786006295184E-15, 0.000000000000000000 ) ) ;
#5266 = VECTOR ( 'NONE', #2088, 1000.000000000000000 ) ;
#5267 = PRODUCT_DEFINITION_CONTEXT ( 'detailed design', #3923, 'design' ) ;
#5268 = EDGE_CURVE ( 'NONE', #3262, #2841, #763, .T. ) ;
#5269 = FACE_OUTER_BOUND ( 'NONE', #4024, .T. ) ;
#5270 = EDGE_CURVE ( 'NONE', #4320, #2577, #4121, .T. ) ;
#5271 =( BOUNDED_SURFACE ( )  B_SPLINE_SURFACE ( 3, 2, ( 
 ( #1949, #509, #4972 ),
 ( #1916, #3380, #4317 ),
 ( #5928, #1983, #2939 ),
 ( #4932, #2460, #3893 ),
 ( #1439, #6283, #1534 ),
 ( #3864, #2912, #5355 ),
 ( #4869, #3477, #5863 ),
 ( #5322, #31, #5799 ),
 ( #5447, #544, #1408 ),
 ( #5894, #3350, #927 ),
 ( #2875, #3416, #1027 ),
 ( #5385, #66, #444 ),
 ( #992, #1503, #3445 ),
 ( #5415, #2970, #2499 ) ),
 .UNSPECIFIED., .F., .F., .T. ) 
 B_SPLINE_SURFACE_WITH_KNOTS ( ( 4, 2, 2, 2, 2, 2, 4 ),
 ( 3, 3 ),
 ( 6.283185307179586232, 6.479534848028948524, 6.675884388878310816, 6.872233929727672219, 7.068583470577034511, 7.461282552275758206, 7.853981633974482790 ),
 ( 0.000000000000000000, 1.000000000000000000 ),
 .UNSPECIFIED. ) 
 GEOMETRIC_REPRESENTATION_ITEM ( )  RATIONAL_B_SPLINE_SURFACE ( (
 ( 1.000000000000000000, 0.7071067811865466846, 1.000000000000000000),
 ( 1.000000000000000000, 0.7070717092840299589, 1.000000000000000000),
 ( 1.000000000000000000, 0.7117460279512464183, 1.000000000000000000),
 ( 1.000000000000000000, 0.7291288685920698232, 1.000000000000000000),
 ( 1.000000000000000000, 0.7418334521775140633, 1.000000000000000000),
 ( 1.000000000000000000, 0.7723967875196893207, 1.000000000000000000),
 ( 1.000000000000000000, 0.7902180383823302900, 1.000000000000000000),
 ( 1.000000000000000000, 0.8275942398610111050, 1.000000000000000000),
 ( 1.000000000000000000, 0.8471316817887929451, 1.000000000000000000),
 ( 1.000000000000000000, 0.9038128477757272350, 1.000000000000000000),
 ( 1.000000000000000000, 0.9386556673818772234, 1.000000000000000000),
 ( 1.000000000000000000, 0.9867291723804348935, 1.000000000000000000),
 ( 1.000000000000000000, 1.000158593443224664, 1.000000000000000000),
 ( 1.000000000000000000, 1.000000000000000000, 1.000000000000000000) ) ) 
 REPRESENTATION_ITEM ( '' )  SURFACE ( )  );
#5272 = AXIS2_PLACEMENT_3D ( 'NONE', #5637, #4209, #1245 ) ;
#5273 = ORIENTED_EDGE ( 'NONE', *, *, #3734, .F. ) ;
#5274 = ORIENTED_EDGE ( 'NONE', *, *, #1740, .T. ) ;
#5275 = DIRECTION ( 'NONE',  ( 1.000000000000000000, 0.000000000000000000, 0.000000000000000000 ) ) ;
#5276 = CARTESIAN_POINT ( 'NONE',  ( 16.69317770613982788, 21.89324687142837433, -0.04334564141927212816 ) ) ;
#5277 = CARTESIAN_POINT ( 'NONE',  ( -6.944154063330253202, -39.49999999999999289, -4.682332772001567278 ) ) ;
#5278 = EDGE_CURVE ( 'NONE', #1897, #5848, #2435, .T. ) ;
#5279 = EDGE_CURVE ( 'NONE', #276, #6008, #5412, .T. ) ;
#5280 = ORIENTED_EDGE ( 'NONE', *, *, #4003, .F. ) ;
#5281 = CARTESIAN_POINT ( 'NONE',  ( -23.50000000000000355, -19.14999999999999503, 0.000000000000000000 ) ) ;
#5282 = DIRECTION ( 'NONE',  ( -1.000000000000000000, 0.000000000000000000, 0.000000000000000000 ) ) ;
#5283 = DIRECTION ( 'NONE',  ( 0.000000000000000000, 0.000000000000000000, 1.000000000000000000 ) ) ;
#5284 = EDGE_CURVE ( 'NONE', #3867, #180, #5312, .T. ) ;
#5285 = CARTESIAN_POINT ( 'NONE',  ( 24.92349582913085371, 17.30704874873927324, -2.947945328313042346 ) ) ;
#5286 = DIRECTION ( 'NONE',  ( -0.000000000000000000, -0.000000000000000000, -1.000000000000000000 ) ) ;
#5287 = EDGE_LOOP ( 'NONE', ( #776, #2205, #4873, #2904, #3235, #5907, #4975, #1595, #3580, #3602, #3384, #4955, #2084, #2440, #2132, #3989, #5349, #1618, #282, #3072, #5828, #2219, #2038, #530, #2462, #4881, #1999, #3361, #5543, #1911, #1980, #4905, #3410, #4630, #6114, #1492, #3263, #6106, #5746, #6255, #1321, #5585, #195, #6263, #521, #2796, #3003, #4679, #1741, #4585, #5435, #4429, #5514, #3506, #6225, #3908, #3924, #4222, #5570, #2347 ) ) ;
#5288 = ORIENTED_EDGE ( 'NONE', *, *, #1394, .T. ) ;
#5289 = CARTESIAN_POINT ( 'NONE',  ( 14.37500000000000000, -26.74999999999999645, -1.750000000000000222 ) ) ;
#5290 = DIRECTION ( 'NONE',  ( 0.9098396906015793206, 0.4149599226503957183, 0.000000000000000000 ) ) ;
#5291 = CARTESIAN_POINT ( 'NONE',  ( 25.00000000000000000, 19.14999999999999858, 0.000000000000000000 ) ) ;
#5292 = ORIENTED_EDGE ( 'NONE', *, *, #2372, .F. ) ;
#5293 = EDGE_LOOP ( 'NONE', ( #6044, #2611, #5711, #5096 ) ) ;
#5294 = EDGE_LOOP ( 'NONE', ( #179, #511, #5180 ) ) ;
#5295 = CIRCLE ( 'NONE', #3236, 1.400000000000001910 ) ;
#5296 = DIRECTION ( 'NONE',  ( -2.182042108146926802E-16, 1.000000000000000000, 0.000000000000000000 ) ) ;
#5297 = DIRECTION ( 'NONE',  ( 1.000000000000000000, 0.000000000000000000, 0.000000000000000000 ) ) ;
#5298 = CARTESIAN_POINT ( 'NONE',  ( -15.90000000000000036, -26.74999999999999645, 2.250000000000000000 ) ) ;
#5299 = ORIENTED_EDGE ( 'NONE', *, *, #5185, .F. ) ;
#5300 = EDGE_LOOP ( 'NONE', ( #1532, #186, #2856, #4878 ) ) ;
#5301 = ADVANCED_FACE ( 'NONE', ( #5220 ), #374, .F. ) ;
#5302 = AXIS2_PLACEMENT_3D ( 'NONE', #5195, #5764, #2752 ) ;
#5303 = DIRECTION ( 'NONE',  ( 0.000000000000000000, -0.000000000000000000, 1.000000000000000000 ) ) ;
#5304 = CARTESIAN_POINT ( 'NONE',  ( -10.94999999999999574, -38.99999999999999289, -1.750000000000002665 ) ) ;
#5305 = CARTESIAN_POINT ( 'NONE',  ( -24.10000000000000497, 17.15000000000000568, -3.000000000000000000 ) ) ;
#5306 = AXIS2_PLACEMENT_3D ( 'NONE', #633, #2621, #2313 ) ;
#5307 = CIRCLE ( 'NONE', #3964, 12.16415094339660108 ) ;
#5308 = ORIENTED_EDGE ( 'NONE', *, *, #2016, .T. ) ;
#5309 = EDGE_CURVE ( 'NONE', #364, #2923, #347, .T. ) ;
#5310 = LINE ( 'NONE', #400, #756 ) ;
#5311 = CARTESIAN_POINT ( 'NONE',  ( 7.442068080674628661, -39.95437510184128627, -4.549999999999999822 ) ) ;
#5312 = CIRCLE ( 'NONE', #2036, 11.66415094339659930 ) ;
#5313 = CARTESIAN_POINT ( 'NONE',  ( -18.54289321881344677, -22.95710678118655323, -8.900000000000007461 ) ) ;
#5314 = CARTESIAN_POINT ( 'NONE',  ( -9.450000000000004619, -61.99999999999999289, 2.250000000000000000 ) ) ;
#5315 = CARTESIAN_POINT ( 'NONE',  ( 26.33603330876111315, 17.73080999262832336, -1.518565079760239689 ) ) ;
#5316 = CYLINDRICAL_SURFACE ( 'NONE', #340, 1.399999999999995026 ) ;
#5317 = VERTEX_POINT ( 'NONE', #4247 ) ;
#5318 = ORIENTED_EDGE ( 'NONE', *, *, #1543, .F. ) ;
#5319 = EDGE_CURVE ( 'NONE', #3890, #3355, #920, .T. ) ;
#5320 = FACE_OUTER_BOUND ( 'NONE', #4569, .T. ) ;
#5321 = CARTESIAN_POINT ( 'NONE',  ( 18.25000000000000711, -22.74999999999999645, -8.400000000000003908 ) ) ;
#5322 = CARTESIAN_POINT ( 'NONE',  ( 24.87706458306722723, -18.74021527689064470, -2.219979545272424915 ) ) ;
#5323 = LINE ( 'NONE', #3930, #5047 ) ;
#5324 = ORIENTED_EDGE ( 'NONE', *, *, #5164, .T. ) ;
#5325 = CARTESIAN_POINT ( 'NONE',  ( -15.26973564387989413, 22.33029906087832472, -0.2824936618115465592 ) ) ;
#5326 = VERTEX_POINT ( 'NONE', #4217 ) ;
#5327 = LINE ( 'NONE', #6196, #5482 ) ;
#5328 = FACE_OUTER_BOUND ( 'NONE', #2619, .T. ) ;
#5329 =( NAMED_UNIT ( * ) PLANE_ANGLE_UNIT ( ) SI_UNIT ( $, .RADIAN. ) );
#5330 = FACE_OUTER_BOUND ( 'NONE', #3243, .T. ) ;
#5331 = VERTEX_POINT ( 'NONE', #1335 ) ;
#5332 = ORIENTED_EDGE ( 'NONE', *, *, #5071, .F. ) ;
#5333 = DIRECTION ( 'NONE',  ( 1.000000000000000000, 0.000000000000000000, 0.000000000000000000 ) ) ;
#5334 = LINE ( 'NONE', #940, #4145 ) ;
#5335 = CARTESIAN_POINT ( 'NONE',  ( 18.75000000000000711, -21.54999999999999361, -1.199999999999999734 ) ) ;
#5336 = AXIS2_PLACEMENT_3D ( 'NONE', #4692, #3267, #5233 ) ;
#5337 = ADVANCED_FACE ( 'NONE', ( #6244 ), #3790, .T. ) ;
#5338 = EDGE_LOOP ( 'NONE', ( #2602, #5738, #1123, #4282 ) ) ;
#5339 =( BOUNDED_SURFACE ( )  B_SPLINE_SURFACE ( 3, 2, ( 
 ( #5978, #5462, #1580 ),
 ( #2064, #3558, #1176 ),
 ( #3117, #3943, #1075 ),
 ( #4625, #1775, #1803 ),
 ( #3143, #1324, #2789 ),
 ( #4720, #2223, #1684 ),
 ( #3687, #3747, #2731 ),
 ( #5687, #3717, #6110 ) ),
 .UNSPECIFIED., .F., .F., .F. ) 
 B_SPLINE_SURFACE_WITH_KNOTS ( ( 4, 2, 2, 4 ),
 ( 3, 3 ),
 ( 0.0009866607942049822593, 0.001388926107379927829, 0.001791191420554873615, 0.002595722046904765188 ),
 ( 0.000000000000000000, 1.000000000000000000 ),
 .UNSPECIFIED. ) 
 GEOMETRIC_REPRESENTATION_ITEM ( )  RATIONAL_B_SPLINE_SURFACE ( (
 ( 1.000000000000000000, 0.7071067811865523467, 1.000000000000000000),
 ( 1.000000000000000000, 0.7527359485599615097, 1.000000000000000000),
 ( 1.000000000000000000, 0.7938206998580876750, 1.000000000000000000),
 ( 1.000000000000000000, 0.8657937803871722515, 1.000000000000000000),
 ( 1.000000000000000000, 0.8969016210026439229, 1.000000000000000000),
 ( 1.000000000000000000, 0.9730642412101776495, 1.000000000000000000),
 ( 1.000000000000000000, 1.000126706051652548, 1.000000000000000000),
 ( 1.000000000000000000, 1.000000000000000000, 1.000000000000000000) ) ) 
 REPRESENTATION_ITEM ( '' )  SURFACE ( )  );
#5340 = DIRECTION ( 'NONE',  ( 1.000000000000000000, 0.000000000000000000, 0.000000000000000000 ) ) ;
#5341 = DIRECTION ( 'NONE',  ( -0.000000000000000000, -0.000000000000000000, -1.000000000000000000 ) ) ;
#5342 = CARTESIAN_POINT ( 'NONE',  ( 0.2392288822255839442, -22.86901962756801510, -8.900000000000012790 ) ) ;
#5343 = LINE ( 'NONE', #2418, #90 ) ;
#5344 = CARTESIAN_POINT ( 'NONE',  ( 26.17557199904497267, 18.92557199904504017, -2.015003415308041390 ) ) ;
#5345 = VECTOR ( 'NONE', #1513, 1000.000000000000000 ) ;
#5346 = EDGE_CURVE ( 'NONE', #4528, #1506, #3278, .T. ) ;
#5347 = LINE ( 'NONE', #3000, #3907 ) ;
#5348 = EDGE_CURVE ( 'NONE', #1668, #4528, #469, .T. ) ;
#5349 = ORIENTED_EDGE ( 'NONE', *, *, #1958, .F. ) ;
#5350 = ORIENTED_EDGE ( 'NONE', *, *, #1041, .T. ) ;
#5351 = VECTOR ( 'NONE', #3286, 1000.000000000000000 ) ;
#5352 = DIRECTION ( 'NONE',  ( -2.182042108146926555E-16, 1.000000000000000000, 0.000000000000000000 ) ) ;
#5353 = CARTESIAN_POINT ( 'NONE',  ( -7.442068080674657082, -39.95437510184128627, -5.050000000000000711 ) ) ;
#5354 = VECTOR ( 'NONE', #4662, 1000.000000000000000 ) ;
#5355 = CARTESIAN_POINT ( 'NONE',  ( 26.19766594109439239, -17.68929978232833378, -1.886302363899244661 ) ) ;
#5356 = DIRECTION ( 'NONE',  ( 0.000000000000000000, -1.000000000000000000, 0.000000000000000000 ) ) ;
#5357 = ADVANCED_FACE ( 'NONE', ( #1792 ), #5757, .F. ) ;
#5358 = VECTOR ( 'NONE', #1127, 1000.000000000000000 ) ;
#5359 = VERTEX_POINT ( 'NONE', #1759 ) ;
#5360 = CARTESIAN_POINT ( 'NONE',  ( 10.45000000000000284, -38.99999999999999289, -8.900000000000005684 ) ) ;
#5361 = EDGE_LOOP ( 'NONE', ( #2785, #1630, #2318, #1070 ) ) ;
#5362 = AXIS2_PLACEMENT_3D ( 'NONE', #4852, #908, #5241 ) ;
#5363 = DIRECTION ( 'NONE',  ( 0.000000000000000000, 0.000000000000000000, 1.000000000000000000 ) ) ;
#5364 = DIRECTION ( 'NONE',  ( 0.000000000000000000, 0.000000000000000000, 1.000000000000000000 ) ) ;
#5365 = DIRECTION ( 'NONE',  ( -1.000000000000000000, 0.000000000000000000, 0.000000000000000000 ) ) ;
#5366 = ORIENTED_EDGE ( 'NONE', *, *, #5155, .T. ) ;
#5367 = ORIENTED_EDGE ( 'NONE', *, *, #5128, .F. ) ;
#5368 = LINE ( 'NONE', #4817, #140 ) ;
#5369 = DIRECTION ( 'NONE',  ( -0.000000000000000000, -0.000000000000000000, 1.000000000000000000 ) ) ;
#5370 = CARTESIAN_POINT ( 'NONE',  ( -23.92985033109679449, 17.32014966890302432, -3.000000011188544313 ) ) ;
#5371 = AXIS2_PLACEMENT_3D ( 'NONE', #2166, #602, #2139 ) ;
#5372 = ORIENTED_EDGE ( 'NONE', *, *, #2617, .F. ) ;
#5373 = FACE_OUTER_BOUND ( 'NONE', #217, .T. ) ;
#5374 = EDGE_CURVE ( 'NONE', #5227, #3375, #3352, .T. ) ;
#5375 = CARTESIAN_POINT ( 'NONE',  ( 10.38778570948971236, -62.35843983802967472, -1.942103062953945747 ) ) ;
#5376 = DIRECTION ( 'NONE',  ( -0.000000000000000000, -0.000000000000000000, -1.000000000000000000 ) ) ;
#5377 = CARTESIAN_POINT ( 'NONE',  ( -13.66789321881345032, -39.29289321881344677, -1.750000000000003109 ) ) ;
#5378 = CARTESIAN_POINT ( 'NONE',  ( 24.40000000000000568, 17.15000000000000213, -3.000000000000000000 ) ) ;
#5379 = CARTESIAN_POINT ( 'NONE',  ( -25.68886800734554754, 18.43886800734554754, -2.614074611184028285 ) ) ;
#5380 = ORIENTED_EDGE ( 'NONE', *, *, #2832, .T. ) ;
#5381 =( BOUNDED_SURFACE ( )  B_SPLINE_SURFACE ( 3, 2, ( 
 ( #6040, #3657, #3237 ),
 ( #2639, #5112, #298 ),
 ( #3588, #3716, #5201 ),
 ( #778, #4595, #1774 ) ),
 .UNSPECIFIED., .F., .F., .F. ) 
 B_SPLINE_SURFACE_WITH_KNOTS ( ( 4, 4 ),
 ( 3, 3 ),
 ( 0.000000000000000000, 0.0004591556665436492585 ),
 ( 0.000000000000000000, 1.000000000000000000 ),
 .UNSPECIFIED. ) 
 GEOMETRIC_REPRESENTATION_ITEM ( )  RATIONAL_B_SPLINE_SURFACE ( (
 ( 1.000000000000000000, 0.7071067811865475727, 1.000000000000000000),
 ( 1.000000000000000000, 0.7338633333757715871, 1.000000000000000000),
 ( 1.000000000000000000, 0.7580726969551574435, 1.000000000000000000),
 ( 1.000000000000000000, 0.7803914774079607763, 1.000000000000000000) ) ) 
 REPRESENTATION_ITEM ( '' )  SURFACE ( )  );
#5382 = ORIENTED_EDGE ( 'NONE', *, *, #959, .T. ) ;
#5383 = DIRECTION ( 'NONE',  ( -1.000000000000000000, 0.000000000000000000, 0.000000000000000000 ) ) ;
#5384 = CARTESIAN_POINT ( 'NONE',  ( -3.585849056603378493, -52.49999999999977263, 2.250000000000000000 ) ) ;
#5385 = CARTESIAN_POINT ( 'NONE',  ( 24.55704874873927679, -17.67349582913084660, -2.947945328313042346 ) ) ;
#5386 = CARTESIAN_POINT ( 'NONE',  ( 10.45000000000000284, -39.49999999999999289, -1.749999999999999778 ) ) ;
#5387 = EDGE_LOOP ( 'NONE', ( #683, #2369, #1835, #4539 ) ) ;
#5388 = CARTESIAN_POINT ( 'NONE',  ( 0.2750055679356222527, 23.85000000000000142, -6.380000000000024762 ) ) ;
#5389 = ORIENTED_EDGE ( 'NONE', *, *, #2101, .F. ) ;
#5390 = ADVANCED_FACE ( 'NONE', ( #2209 ), #1509, .T. ) ;
#5391 = CARTESIAN_POINT ( 'NONE',  ( -19.02793704537716124, -21.95904415736791648, -0.06902979895029642821 ) ) ;
#5392 = DIRECTION ( 'NONE',  ( -1.000000000000000000, 0.000000000000000000, 0.000000000000000000 ) ) ;
#5393 = ORIENTED_EDGE ( 'NONE', *, *, #4866, .F. ) ;
#5394 = VECTOR ( 'NONE', #5881, 1000.000000000000000 ) ;
#5395 = ORIENTED_EDGE ( 'NONE', *, *, #4411, .T. ) ;
#5396 = ORIENTED_EDGE ( 'NONE', *, *, #4567, .F. ) ;
#5397 = ADVANCED_FACE ( 'NONE', ( #3581 ), #2119, .F. ) ;
#5398 = CARTESIAN_POINT ( 'NONE',  ( -10.94999999999999574, -39.50000000000000000, -2.250000000000002220 ) ) ;
#5399 = FACE_OUTER_BOUND ( 'NONE', #5645, .T. ) ;
#5400 = FACE_OUTER_BOUND ( 'NONE', #2398, .T. ) ;
#5401 = CIRCLE ( 'NONE', #700, 0.4999999999999997224 ) ;
#5402 = CARTESIAN_POINT ( 'NONE',  ( -2.770070464751050862E-15, 22.75000000000000000, -6.380000000000024762 ) ) ;
#5403 = ORIENTED_EDGE ( 'NONE', *, *, #2427, .T. ) ;
#5404 = CARTESIAN_POINT ( 'NONE',  ( -22.92842712474619660, -17.50147186257613185, -2.999999999999998668 ) ) ;
#5405 = CARTESIAN_POINT ( 'NONE',  ( 10.22652758115988014, -62.65156992690329218, -1.616570893205561799 ) ) ;
#5406 = DIRECTION ( 'NONE',  ( 0.000000000000000000, 0.000000000000000000, 1.000000000000000000 ) ) ;
#5407 = CARTESIAN_POINT ( 'NONE',  ( 24.99613234385556026, 19.13710781285181994, -1.261796208304269751 ) ) ;
#5408 = CIRCLE ( 'NONE', #703, 0.7499999999999988898 ) ;
#5409 = DIRECTION ( 'NONE',  ( 0.000000000000000000, -1.000000000000000000, 0.000000000000000000 ) ) ;
#5410 = VERTEX_POINT ( 'NONE', #4976 ) ;
#5411 = ORIENTED_EDGE ( 'NONE', *, *, #6208, .T. ) ;
#5412 = CIRCLE ( 'NONE', #5209, 0.5000000000000000000 ) ;
#5413 = DIRECTION ( 'NONE',  ( -2.403139825818710681E-16, 1.000000000000000000, -0.000000000000000000 ) ) ;
#5414 = DIRECTION ( 'NONE',  ( -1.000000000000000000, 0.000000000000000000, 0.000000000000000000 ) ) ;
#5415 = CARTESIAN_POINT ( 'NONE',  ( 24.40000000000000568, -17.14999999999999858, -3.000000000000000000 ) ) ;
#5416 = CARTESIAN_POINT ( 'NONE',  ( 4.792893218813452982, -54.29289321881344677, -8.900000000000005684 ) ) ;
#5417 = ADVANCED_FACE ( 'NONE', ( #3453 ), #5899, .T. ) ;
#5418 = EDGE_LOOP ( 'NONE', ( #4700, #930, #1601, #1239, #5199, #3084, #3802 ) ) ;
#5419 = CYLINDRICAL_SURFACE ( 'NONE', #2322, 0.5000000000000004441 ) ;
#5420 = VERTEX_POINT ( 'NONE', #3548 ) ;
#5421 = DIRECTION ( 'NONE',  ( 0.000000000000000000, -1.000000000000000000, 0.000000000000000000 ) ) ;
#5422 = DIRECTION ( 'NONE',  ( 0.000000000000000000, 1.000000000000000000, -0.000000000000000000 ) ) ;
#5423 = CARTESIAN_POINT ( 'NONE',  ( -9.949999999999995737, -39.99999999999999289, -5.550000000000000711 ) ) ;
#5424 = CARTESIAN_POINT ( 'NONE',  ( 0.9846174641382223758, 22.75000000254485144, -8.703787993482722030 ) ) ;
#5425 = EDGE_CURVE ( 'NONE', #3094, #63, #5009, .T. ) ;
#5426 = EDGE_CURVE ( 'NONE', #1756, #3421, #1825, .T. ) ;
#5427 = VERTEX_POINT ( 'NONE', #5038 ) ;
#5428 = ORIENTED_EDGE ( 'NONE', *, *, #4866, .T. ) ;
#5429 = CARTESIAN_POINT ( 'NONE',  ( -23.50000000000000355, -19.14999999999999503, -1.000000000000000000 ) ) ;
#5430 = FACE_OUTER_BOUND ( 'NONE', #5584, .T. ) ;
#5431 = CARTESIAN_POINT ( 'NONE',  ( 3.012339100162039873, 12.63580622847883639, -8.400000000000003908 ) ) ;
#5432 = ADVANCED_FACE ( 'NONE', ( #4419 ), #5553, .F. ) ;
#5433 = PRODUCT_DEFINITION ( 'UNKNOWN', '', #4488, #5267 ) ;
#5434 = CARTESIAN_POINT ( 'NONE',  ( 10.44999999999999929, -26.74999999999999289, -2.250000000000000000 ) ) ;
#5435 = ORIENTED_EDGE ( 'NONE', *, *, #4683, .T. ) ;
#5436 = CARTESIAN_POINT ( 'NONE',  ( 23.50386765614445039, 19.13710781285181994, -1.261796208304269751 ) ) ;
#5437 = CARTESIAN_POINT ( 'NONE',  ( -22.10000000000000142, -17.74999999999999289, -2.171572875253809709 ) ) ;
#5438 = PLANE ( 'NONE',  #4885 ) ;
#5439 = FACE_OUTER_BOUND ( 'NONE', #2585, .T. ) ;
#5440 = CARTESIAN_POINT ( 'NONE',  ( 9.450000000000004619, -61.99999999999999289, -5.050000000000000711 ) ) ;
#5441 = CARTESIAN_POINT ( 'NONE',  ( -26.29785218895078103, 17.71935565668521306, -1.644431365561073832 ) ) ;
#5442 = EDGE_LOOP ( 'NONE', ( #3059, #4212, #4865, #1151 ) ) ;
#5443 = ORIENTED_EDGE ( 'NONE', *, *, #5661, .T. ) ;
#5444 = CARTESIAN_POINT ( 'NONE',  ( 23.64796792149500249, -18.65677359501676236, -2.321653529729422960 ) ) ;
#5445 = VECTOR ( 'NONE', #622, 1000.000000000000000 ) ;
#5446 = CARTESIAN_POINT ( 'NONE',  ( 26.40000000000000213, -17.75000000000000000, 0.000000000000000000 ) ) ;
#5447 = CARTESIAN_POINT ( 'NONE',  ( 24.85203207850508633, -18.65677359501685828, -2.321653529729332810 ) ) ;
#5448 = CARTESIAN_POINT ( 'NONE',  ( -26.40000000000000213, 17.75000000000000355, -2.171572875253810597 ) ) ;
#5449 = AXIS2_PLACEMENT_3D ( 'NONE', #582, #3446, #2876 ) ;
#5450 = EDGE_LOOP ( 'NONE', ( #1545, #1953, #4649, #6121 ) ) ;
#5451 = ORIENTED_EDGE ( 'NONE', *, *, #3289, .F. ) ;
#5452 = DIRECTION ( 'NONE',  ( 1.000000000000000000, 0.000000000000000000, 0.000000000000000000 ) ) ;
#5453 = LINE ( 'NONE', #5968, #5266 ) ;
#5454 = DIRECTION ( 'NONE',  ( -1.000000000000000000, 0.000000000000000000, -0.000000000000000000 ) ) ;
#5455 = ADVANCED_FACE ( 'NONE', ( #6033 ), #1098, .T. ) ;
#5456 = AXIS2_PLACEMENT_3D ( 'NONE', #4375, #6343, #3888 ) ;
#5457 = FACE_OUTER_BOUND ( 'NONE', #24, .T. ) ;
#5458 = ORIENTED_EDGE ( 'NONE', *, *, #6322, .F. ) ;
#5459 = VECTOR ( 'NONE', #725, 1000.000000000000000 ) ;
#5460 = ORIENTED_EDGE ( 'NONE', *, *, #3741, .T. ) ;
#5461 = LINE ( 'NONE', #1038, #3912 ) ;
#5462 = CARTESIAN_POINT ( 'NONE',  ( -1.506651917331947255, 22.75000000000000355, -8.900000000000002132 ) ) ;
#5463 = ADVANCED_FACE ( 'NONE', ( #5524 ), #514, .T. ) ;
#5464 = ADVANCED_FACE ( 'NONE', ( #2055 ), #2604, .T. ) ;
#5465 = CARTESIAN_POINT ( 'NONE',  ( -22.10000000000000497, 17.74999999995462829, -1.130901135795391976 ) ) ;
#5466 = AXIS2_PLACEMENT_3D ( 'NONE', #571, #182, #2106 ) ;
#5467 = DIRECTION ( 'NONE',  ( 0.000000000000000000, 1.000000000000000000, 0.000000000000000000 ) ) ;
#5468 = EDGE_LOOP ( 'NONE', ( #1343, #3965, #2264 ) ) ;
#5469 = VECTOR ( 'NONE', #1707, 1000.000000000000000 ) ;
#5470 = CARTESIAN_POINT ( 'NONE',  ( 22.32442800095503799, 18.92557199904504017, -2.015003415308042722 ) ) ;
#5471 = CARTESIAN_POINT ( 'NONE',  ( -10.44999999999943796, -61.76516931537153710, -1.805390912119097857 ) ) ;
#5472 = EDGE_CURVE ( 'NONE', #4102, #3735, #4798, .T. ) ;
#5473 = FACE_OUTER_BOUND ( 'NONE', #5696, .T. ) ;
#5474 = EDGE_CURVE ( 'NONE', #4128, #4926, #1991, .T. ) ;
#5475 = CARTESIAN_POINT ( 'NONE',  ( -9.949999999999997513, -26.24999999999999645, -8.900000000000005684 ) ) ;
#5476 = CIRCLE ( 'NONE', #1373, 0.4999999999999997224 ) ;
#5477 = CARTESIAN_POINT ( 'NONE',  ( -18.75000000000000355, -22.74999999999999645, -50.11272994626617816 ) ) ;
#5478 = FACE_OUTER_BOUND ( 'NONE', #5387, .T. ) ;
#5479 = CIRCLE ( 'NONE', #4034, 13.86419377152116894 ) ;
#5480 = ORIENTED_EDGE ( 'NONE', *, *, #5740, .F. ) ;
#5481 = VERTEX_POINT ( 'NONE', #5967 ) ;
#5482 = VECTOR ( 'NONE', #3294, 1000.000000000000000 ) ;
#5483 = CARTESIAN_POINT ( 'NONE',  ( 22.20214781104922253, -17.71935565668520951, -1.644431365561084935 ) ) ;
#5484 = ADVANCED_FACE ( 'NONE', ( #4066 ), #4938, .T. ) ;
#5485 = DIRECTION ( 'NONE',  ( -1.000000000000000000, 0.000000000000000000, 0.000000000000000000 ) ) ;
#5486 = CIRCLE ( 'NONE', #2513, 1.400000000000001910 ) ;
#5487 = DIRECTION ( 'NONE',  ( -1.000000000000000000, 0.000000000000000000, 0.000000000000000000 ) ) ;
#5488 = CARTESIAN_POINT ( 'NONE',  ( -0.5949730773745283141, -22.74999999491018698, -8.844275902926154842 ) ) ;
#5489 = VERTEX_POINT ( 'NONE', #3968 ) ;
#5490 = ORIENTED_EDGE ( 'NONE', *, *, #25, .F. ) ;
#5491 = DIRECTION ( 'NONE',  ( 0.000000000000000000, 1.000000000000000000, 0.000000000000000000 ) ) ;
#5492 = FACE_OUTER_BOUND ( 'NONE', #1090, .T. ) ;
#5493 = CARTESIAN_POINT ( 'NONE',  ( -15.90000000000000036, -26.74999999999999645, 2.250000000000000000 ) ) ;
#5494 = B_SPLINE_CURVE_WITH_KNOTS ( 'NONE', 3,
 ( #4939, #3482, #1954, #73, #6005, #4493, #5391, #1511, #3045, #4036, #5870, #132, #3549, #4462 ),
 .UNSPECIFIED., .F., .F.,
 ( 4, 2, 2, 2, 2, 2, 4 ),
 ( 0.000000000000000000, 0.0002837596120460813155, 0.0005675192240921626309, 0.0008512788361382439464, 0.001135038448184325262, 0.001702557672276495916, 0.002270076896368666570 ),
 .UNSPECIFIED. ) ;
#5495 = DIRECTION ( 'NONE',  ( 0.000000000000000000, 0.000000000000000000, -1.000000000000000000 ) ) ;
#5496 = VERTEX_POINT ( 'NONE', #4556 ) ;
#5497 = ORIENTED_EDGE ( 'NONE', *, *, #1977, .F. ) ;
#5498 = DIRECTION ( 'NONE',  ( 1.000000000000000000, 0.000000000000000000, 0.000000000000000000 ) ) ;
#5499 = LINE ( 'NONE', #626, #5952 ) ;
#5500 = CARTESIAN_POINT ( 'NONE',  ( -13.87499999999999645, -39.49999999999997868, -1.542893218813456091 ) ) ;
#5501 = DIRECTION ( 'NONE',  ( 2.403139825818710681E-16, -1.000000000000000000, 0.000000000000000000 ) ) ;
#5502 = VECTOR ( 'NONE', #512, 1000.000000000000000 ) ;
#5503 = EDGE_CURVE ( 'NONE', #1194, #3723, #3671, .T. ) ;
#5504 = CYLINDRICAL_SURFACE ( 'NONE', #1081, 0.4999999999999997224 ) ;
#5505 = ORIENTED_EDGE ( 'NONE', *, *, #303, .T. ) ;
#5506 = DIRECTION ( 'NONE',  ( -1.000000000000000000, 2.602085213964972406E-15, -0.000000000000000000 ) ) ;
#5507 = FACE_OUTER_BOUND ( 'NONE', #1008, .T. ) ;
#5508 = DIRECTION ( 'NONE',  ( 1.954618001100627820E-16, 1.000000000000000000, 0.000000000000000000 ) ) ;
#5509 = DIRECTION ( 'NONE',  ( 0.000000000000000000, 0.000000000000000000, -1.000000000000000000 ) ) ;
#5510 = CARTESIAN_POINT ( 'NONE',  ( -3.012339100162039429, 26.50000000000000355, 2.250000000000000000 ) ) ;
#5511 = AXIS2_PLACEMENT_3D ( 'NONE', #2235, #310, #4185 ) ;
#5512 = EDGE_CURVE ( 'NONE', #1420, #364, #2242, .T. ) ;
#5513 = EDGE_CURVE ( 'NONE', #4102, #3954, #6003, .T. ) ;
#5514 = ORIENTED_EDGE ( 'NONE', *, *, #662, .T. ) ;
#5515 = CARTESIAN_POINT ( 'NONE',  ( 22.13128291657536550, -19.11871708342463094, -1.441882852138907323 ) ) ;
#5516 = VECTOR ( 'NONE', #5927, 1000.000000000000000 ) ;
#5517 = PLANE ( 'NONE',  #3048 ) ;
#5518 = DIRECTION ( 'NONE',  ( -1.000000000000000000, 0.000000000000000000, 0.000000000000000000 ) ) ;
#5519 = CARTESIAN_POINT ( 'NONE',  ( -0.9846174641382023918, -22.75000000254490118, -8.703787993482782426 ) ) ;
#5520 = AXIS2_PLACEMENT_3D ( 'NONE', #2772, #2718, #4738 ) ;
#5521 = EDGE_CURVE ( 'NONE', #2408, #421, #609, .T. ) ;
#5522 = ORIENTED_EDGE ( 'NONE', *, *, #3112, .T. ) ;
#5523 = ORIENTED_EDGE ( 'NONE', *, *, #4847, .F. ) ;
#5524 = FACE_OUTER_BOUND ( 'NONE', #3974, .T. ) ;
#5525 = CARTESIAN_POINT ( 'NONE',  ( -25.75000000000001066, 21.50000000000000000, 2.250000000000000000 ) ) ;
#5526 = DIRECTION ( 'NONE',  ( -1.000000000000000000, -2.182042108146926802E-16, -0.000000000000000000 ) ) ;
#5527 = AXIS2_PLACEMENT_3D ( 'NONE', #3378, #4833, #3892 ) ;
#5528 = CARTESIAN_POINT ( 'NONE',  ( 20.00000000000000000, -21.49999999999999645, 2.250000000000000000 ) ) ;
#5529 = ORIENTED_EDGE ( 'NONE', *, *, #4593, .T. ) ;
#5530 = EDGE_LOOP ( 'NONE', ( #3179, #6069, #3451, #5222 ) ) ;
#5531 = LINE ( 'NONE', #5017, #1695 ) ;
#5532 = CARTESIAN_POINT ( 'NONE',  ( -3.585849056603378493, -52.49999999999977263, -1.750000000000000222 ) ) ;
#5533 = DIRECTION ( 'NONE',  ( 1.000000000000000000, 0.000000000000000000, 0.000000000000000000 ) ) ;
#5534 = DIRECTION ( 'NONE',  ( 0.000000000000000000, -0.000000000000000000, -1.000000000000000000 ) ) ;
#5535 = ORIENTED_EDGE ( 'NONE', *, *, #1841, .T. ) ;
#5536 = ORIENTED_EDGE ( 'NONE', *, *, #4411, .F. ) ;
#5537 = CARTESIAN_POINT ( 'NONE',  ( 22.30233405890561471, 17.68929978232833733, -1.886302363899241330 ) ) ;
#5538 = DIRECTION ( 'NONE',  ( 0.000000000000000000, -1.000000000000000000, -0.000000000000000000 ) ) ;
#5539 = DIRECTION ( 'NONE',  ( -2.182042108146926802E-16, 1.000000000000000000, 0.000000000000000000 ) ) ;
#5540 = DIRECTION ( 'NONE',  ( 0.000000000000000000, 0.000000000000000000, 1.000000000000000000 ) ) ;
#5541 = ADVANCED_FACE ( 'NONE', ( #3230 ), #1195, .F. ) ;
#5542 = CARTESIAN_POINT ( 'NONE',  ( -23.09276209967068283, -17.45217137009881370, -2.747572801732184544 ) ) ;
#5543 = ORIENTED_EDGE ( 'NONE', *, *, #4968, .F. ) ;
#5544 = DIRECTION ( 'NONE',  ( -2.182042108146926802E-16, 1.000000000000000000, 0.000000000000000000 ) ) ;
#5545 = CARTESIAN_POINT ( 'NONE',  ( 7.637363561927994482, -39.97202110325060431, -4.949916201626416878 ) ) ;
#5546 = DIRECTION ( 'NONE',  ( -0.000000000000000000, -0.000000000000000000, -1.000000000000000000 ) ) ;
#5547 = EDGE_CURVE ( 'NONE', #4166, #709, #3737, .T. ) ;
#5548 = EDGE_CURVE ( 'NONE', #1270, #2630, #2722, .T. ) ;
#5549 = DIRECTION ( 'NONE',  ( 0.000000000000000000, 0.000000000000000000, 1.000000000000000000 ) ) ;
#5550 = CARTESIAN_POINT ( 'NONE',  ( -1.424822011039199809, -22.81103416057017697, -8.899999999999558042 ) ) ;
#5551 = ORIENTED_EDGE ( 'NONE', *, *, #2529, .T. ) ;
#5552 = ORIENTED_EDGE ( 'NONE', *, *, #2167, .F. ) ;
#5553 = CYLINDRICAL_SURFACE ( 'NONE', #3252, 0.5000000000000004441 ) ;
#5554 = FACE_OUTER_BOUND ( 'NONE', #1829, .T. ) ;
#5555 = DIRECTION ( 'NONE',  ( -0.000000000000000000, -0.000000000000000000, -1.000000000000000000 ) ) ;
#5556 = EDGE_CURVE ( 'NONE', #5036, #4816, #2751, .T. ) ;
#5557 = CARTESIAN_POINT ( 'NONE',  ( -10.94999999999999396, -52.25000000000000000, -1.750000000000000222 ) ) ;
#5558 = AXIS2_PLACEMENT_3D ( 'NONE', #2405, #6169, #1778 ) ;
#5559 = ORIENTED_EDGE ( 'NONE', *, *, #4484, .F. ) ;
#5560 = ORIENTED_EDGE ( 'NONE', *, *, #6183, .F. ) ;
#5561 = TOROIDAL_SURFACE ( 'NONE', #427, 242.0964285714397874, 0.5000000000000000000 ) ;
#5562 = CARTESIAN_POINT ( 'NONE',  ( -18.75000000000000355, -22.74999999999999645, 2.250000000000000000 ) ) ;
#5563 = AXIS2_PLACEMENT_3D ( 'NONE', #5423, #4421, #105 ) ;
#5564 = DIRECTION ( 'NONE',  ( 0.000000000000000000, 0.000000000000000000, 1.000000000000000000 ) ) ;
#5566 = ADVANCED_FACE ( 'NONE', ( #1672 ), #316, .T. ) ;
#5565 = CARTESIAN_POINT ( 'NONE',  ( -22.16396669123890106, 17.73080999262832336, -1.518565079760255676 ) ) ;
#5567 = AXIS2_PLACEMENT_3D ( 'NONE', #4876, #5837, #452 ) ;
#5568 = VECTOR ( 'NONE', #3038, 999.9999999999998863 ) ;
#5569 = ORIENTED_EDGE ( 'NONE', *, *, #370, .T. ) ;
#5570 = ORIENTED_EDGE ( 'NONE', *, *, #4568, .F. ) ;
#5571 = CARTESIAN_POINT ( 'NONE',  ( -7.474417549330499178, -39.49999999999999289, -4.821473307605208092 ) ) ;
#5572 = CARTESIAN_POINT ( 'NONE',  ( -10.44999999999999041, -61.64965760832212993, -1.786450437571308836 ) ) ;
#5573 = AXIS2_PLACEMENT_3D ( 'NONE', #3155, #4151, #6149 ) ;
#5574 = FACE_OUTER_BOUND ( 'NONE', #457, .T. ) ;
#5575 = CARTESIAN_POINT ( 'NONE',  ( 14.24691522495949059, 22.75000000000000000, -50.11272994626617816 ) ) ;
#5576 = CARTESIAN_POINT ( 'NONE',  ( 13.87500000000000355, -39.49999999999999289, -1.249999999999999778 ) ) ;
#5577 = VERTEX_POINT ( 'NONE', #4587 ) ;
#5578 = CARTESIAN_POINT ( 'NONE',  ( 7.146007483963056295, -39.49999999999999289, -5.165351837091208154 ) ) ;
#5579 = DIRECTION ( 'NONE',  ( 1.555805808050947011E-16, 0.000000000000000000, -1.000000000000000000 ) ) ;
#5580 = CARTESIAN_POINT ( 'NONE',  ( 14.99999999999999645, -12.50000000000000000, 2.250000000000000000 ) ) ;
#5581 = VECTOR ( 'NONE', #3108, 1000.000000000000000 ) ;
#5582 = CARTESIAN_POINT ( 'NONE',  ( -3.599102779592774954E-15, -22.74999999999999645, -8.900000000000012790 ) ) ;
#5583 = CIRCLE ( 'NONE', #3306, 5.000000000000000888 ) ;
#5584 = EDGE_LOOP ( 'NONE', ( #3850, #4408, #498, #309 ) ) ;
#5585 = ORIENTED_EDGE ( 'NONE', *, *, #3762, .T. ) ;
#5586 = VECTOR ( 'NONE', #3910, 1000.000000000000000 ) ;
#5587 = CARTESIAN_POINT ( 'NONE',  ( 10.45000000000000284, -39.99999999999999289, -4.549999999999999822 ) ) ;
#5588 = DIRECTION ( 'NONE',  ( 1.000000000000000000, 0.000000000000000000, 0.000000000000000000 ) ) ;
#5589 = DIRECTION ( 'NONE',  ( 0.000000000000000000, 0.000000000000000000, -1.000000000000000000 ) ) ;
#5590 = CARTESIAN_POINT ( 'NONE',  ( 233.1464285714397704, -62.00000000000056843, -5.050000000000000711 ) ) ;
#5591 = ORIENTED_EDGE ( 'NONE', *, *, #801, .T. ) ;
#5592 = ORIENTED_EDGE ( 'NONE', *, *, #4637, .F. ) ;
#5593 = EDGE_CURVE ( 'NONE', #5725, #3940, #4098, .T. ) ;
#5594 = CARTESIAN_POINT ( 'NONE',  ( -13.37500000000000000, -26.74999999999999645, -2.250000000000003109 ) ) ;
#5595 = DIRECTION ( 'NONE',  ( -1.000000000000000000, 0.000000000000000000, 0.000000000000000000 ) ) ;
#5596 = CARTESIAN_POINT ( 'NONE',  ( 1.506651917331937929, -23.24999999999999645, -8.900000000000005684 ) ) ;
#5597 = LINE ( 'NONE', #4951, #1284 ) ;
#5598 = LINE ( 'NONE', #3632, #2272 ) ;
#5599 = VERTEX_POINT ( 'NONE', #5587 ) ;
#5600 = ORIENTED_EDGE ( 'NONE', *, *, #4847, .T. ) ;
#5601 = EDGE_CURVE ( 'NONE', #1997, #6187, #4276, .T. ) ;
#5602 = CARTESIAN_POINT ( 'NONE',  ( -7.442068080674647312, -39.95437510184128627, -4.550000000000003375 ) ) ;
#5603 = CARTESIAN_POINT ( 'NONE',  ( 1.506651917331941704, 23.24999999999999645, -8.900000000000005684 ) ) ;
#5604 = LINE ( 'NONE', #4116, #5986 ) ;
#5605 = CARTESIAN_POINT ( 'NONE',  ( -22.91378550462072283, -18.33621449537927006, -2.686370562400812734 ) ) ;
#5606 = ORIENTED_EDGE ( 'NONE', *, *, #2794, .F. ) ;
#5607 = CLOSED_SHELL ( 'NONE', ( #5840, #4540, #4575, #1317, #2221, #4826, #3615, #912, #5397, #1316, #527, #2917, #3530, #2445, #4287, #5892, #4177, #5337, #3105, #775, #3585, #2844, #6331, #823, #3613, #1427, #1199, #1966, #2407, #1544, #1377, #3138, #1251, #2908, #4210, #5145, #1209, #5390, #3250, #3452, #690, #656, #2829, #4993, #2994, #3690, #5566, #3405, #5815, #1082, #904, #2061, #5982, #4836, #3882, #405, #6136, #1455, #2025, #3307, #2717, #3701, #5005, #2801, #2009, #4810, #1621, #3157, #2877, #3840, #2215, #246, #6252, #5046, #5931, #4530, #398, #69, #4753, #5484, #1130, #5924, #3493, #1049, #5463, #2340, #1816, #1755, #6010, #4794, #2681, #1925, #6215, #4601, #1710, #3333, #4457, #4117, #2641, #5464, #3466, #3976, #3654, #958, #3225, #5123, #1007, #4012, #4313, #6288, #4514, #479, #1510, #3441, #109, #6279, #3728, #543, #5702, #996, #3220, #518, #3150, #3881, #576, #2537, #6057, #5357, #5786, #911, #6126, #5971, #2609, #3032, #850, #612, #4956, #5668, #2733, #4281, #1305, #2046, #2287, #6216, #5726, #5432, #4716, #371, #3069, #4087, #6024, #6151, #2257, #2527, #2764, #1128, #3920, #1174, #5417, #1467, #1153, #4681, #767, #3847, #3148, #3663, #3625, #1788, #5541, #4521, #5814, #3811, #5983, #2601, #2948, #3688, #4134, #1436, #1500, #2608, #5455, #4725, #3929, #5301, #216, #4271, #4244, #346, #603, #1163, #296, #5014, #4804, #6297, #3023, #1574 ) ) ;
#5608 = CARTESIAN_POINT ( 'NONE',  ( 7.817120240569271239, -39.49999999999999289, -5.549999978147105217 ) ) ;
#5609 = CARTESIAN_POINT ( 'NONE',  ( 14.99999999999999645, 12.50000000000000000, 2.250000000000000000 ) ) ;
#5610 = CARTESIAN_POINT ( 'NONE',  ( -13.37499999999999645, -38.99999999999999289, -1.750000000000003109 ) ) ;
#5611 = CARTESIAN_POINT ( 'NONE',  ( -0.2682408670348842006, -22.80937797592791583, -8.899999999970875209 ) ) ;
#5612 = ORIENTED_EDGE ( 'NONE', *, *, #698, .F. ) ;
#5613 = EDGE_LOOP ( 'NONE', ( #4227, #5029, #736, #2439 ) ) ;
#5614 = VECTOR ( 'NONE', #5797, 1000.000000000000000 ) ;
#5615 = AXIS2_PLACEMENT_3D ( 'NONE', #3100, #3067, #5066 ) ;
#5616 = CARTESIAN_POINT ( 'NONE',  ( 10.95000000000000462, -51.25000000000000000, -1.749999999999999778 ) ) ;
#5617 = CARTESIAN_POINT ( 'NONE',  ( 14.37500000000000178, -26.74999999999999645, 2.250000000000000000 ) ) ;
#5618 = CARTESIAN_POINT ( 'NONE',  ( 1.371900808595670540, -23.24999996455745332, -8.900000000000005684 ) ) ;
#5619 = EDGE_CURVE ( 'NONE', #4667, #5674, #297, .T. ) ;
#5620 = CYLINDRICAL_SURFACE ( 'NONE', #3283, 241.5964285714397874 ) ;
#5621 = VECTOR ( 'NONE', #4277, 1000.000000000000000 ) ;
#5622 = ORIENTED_EDGE ( 'NONE', *, *, #6245, .T. ) ;
#5623 = EDGE_LOOP ( 'NONE', ( #70, #4041, #2879, #6193, #5146 ) ) ;
#5624 = VECTOR ( 'NONE', #5647, 1000.000000000000000 ) ;
#5625 = CARTESIAN_POINT ( 'NONE',  ( -22.10000000000000142, 17.75000000000000711, 0.000000000000000000 ) ) ;
#5626 = CARTESIAN_POINT ( 'NONE',  ( 20.00000000000000355, 21.50000000000000355, 2.250000000000000000 ) ) ;
#5627 = CARTESIAN_POINT ( 'NONE',  ( -26.39999999517464602, -19.14999999517468865, -1.222876090095318169 ) ) ;
#5628 = DIRECTION ( 'NONE',  ( 1.000000000000000000, -0.000000000000000000, -0.000000000000000000 ) ) ;
#5629 = EDGE_CURVE ( 'NONE', #6023, #1037, #194, .T. ) ;
#5630 = LINE ( 'NONE', #5144, #3486 ) ;
#5631 = EDGE_CURVE ( 'NONE', #2547, #6002, #4130, .T. ) ;
#5632 = ORIENTED_EDGE ( 'NONE', *, *, #4095, .F. ) ;
#5633 = ORIENTED_EDGE ( 'NONE', *, *, #286, .F. ) ;
#5634 = EDGE_LOOP ( 'NONE', ( #1761, #4705, #551, #5273 ) ) ;
#5635 = LINE ( 'NONE', #3183, #5158 ) ;
#5636 = CARTESIAN_POINT ( 'NONE',  ( -8.765423875202550619, 25.25000000000000000, -8.400000000000003908 ) ) ;
#5637 = CARTESIAN_POINT ( 'NONE',  ( -15.00000000000000711, -52.50000000000000000, -1.750000000000000222 ) ) ;
#5638 = EDGE_CURVE ( 'NONE', #1879, #4460, #6188, .T. ) ;
#5639 = CARTESIAN_POINT ( 'NONE',  ( -23.50000000004537171, -19.14999999999998792, -1.130901135795388202 ) ) ;
#5640 = ORIENTED_EDGE ( 'NONE', *, *, #2652, .F. ) ;
#5641 = FACE_OUTER_BOUND ( 'NONE', #1946, .T. ) ;
#5642 = DIRECTION ( 'NONE',  ( -0.000000000000000000, 1.000000000000000000, -0.000000000000000000 ) ) ;
#5643 = DIRECTION ( 'NONE',  ( -0.000000000000000000, -1.000000000000000000, -0.000000000000000000 ) ) ;
#5644 = DIRECTION ( 'NONE',  ( -0.000000000000000000, -1.000000000000000000, -0.000000000000000000 ) ) ;
#5645 = EDGE_LOOP ( 'NONE', ( #2029, #1690, #3744, #2981, #4311, #896, #4688, #2053, #5622, #4378 ) ) ;
#5646 = ORIENTED_EDGE ( 'NONE', *, *, #1536, .F. ) ;
#5647 = DIRECTION ( 'NONE',  ( 0.000000000000000000, 0.000000000000000000, 1.000000000000000000 ) ) ;
#5648 = FACE_OUTER_BOUND ( 'NONE', #5338, .T. ) ;
#5649 = FACE_OUTER_BOUND ( 'NONE', #4666, .T. ) ;
#5650 = AXIS2_PLACEMENT_3D ( 'NONE', #2614, #3525, #4467 ) ;
#5651 = CARTESIAN_POINT ( 'NONE',  ( -25.75000000000001421, 18.50000000000000355, 0.000000000000000000 ) ) ;
#5652 = ORIENTED_EDGE ( 'NONE', *, *, #5893, .F. ) ;
#5653 = CARTESIAN_POINT ( 'NONE',  ( 23.49999999999999645, -19.14999999999999858, -1.000000000000000000 ) ) ;
#5654 = EDGE_CURVE ( 'NONE', #1476, #4528, #3166, .T. ) ;
#5655 = CARTESIAN_POINT ( 'NONE',  ( 9.975266182186883768, -52.25000000000000000, -1.250000000000000222 ) ) ;
#5656 = CARTESIAN_POINT ( 'NONE',  ( -24.55704874873929455, -17.67349582913103134, -2.947945328312962854 ) ) ;
#5657 = AXIS2_PLACEMENT_3D ( 'NONE', #2225, #1747, #3691 ) ;
#5658 = CARTESIAN_POINT ( 'NONE',  ( -13.37500000000000000, -27.24999999999999645, -2.250000000000003109 ) ) ;
#5659 = ORIENTED_EDGE ( 'NONE', *, *, #4648, .F. ) ;
#5660 = VECTOR ( 'NONE', #1799, 1000.000000000000000 ) ;
#5661 = EDGE_CURVE ( 'NONE', #1161, #5496, #5925, .T. ) ;
#5662 = CARTESIAN_POINT ( 'NONE',  ( -7.882758870972423004, -39.99411496783797304, -5.050000000000131273 ) ) ;
#5663 = DIRECTION ( 'NONE',  ( 1.000000000000000000, 0.000000000000000000, 0.000000000000000000 ) ) ;
#5664 = DIRECTION ( 'NONE',  ( -0.000000000000000000, -1.000000000000000000, -0.000000000000000000 ) ) ;
#5665 = TOROIDAL_SURFACE ( 'NONE', #3494, 1.000000000000000000, 0.5000000000000000000 ) ;
#5666 = ORIENTED_EDGE ( 'NONE', *, *, #1236, .T. ) ;
#5667 = VECTOR ( 'NONE', #785, 999.9999999999998863 ) ;
#5668 = ADVANCED_FACE ( 'NONE', ( #6063 ), #225, .F. ) ;
#5669 = CARTESIAN_POINT ( 'NONE',  ( 7.813978981831614767, -39.49999999999999289, -5.048781635954785685 ) ) ;
#5670 = DIRECTION ( 'NONE',  ( -1.000000000000000000, -2.403139825818710681E-16, 0.000000000000000000 ) ) ;
#5671 = LINE ( 'NONE', #1844, #5761 ) ;
#5672 = AXIS2_PLACEMENT_3D ( 'NONE', #56, #4921, #6336 ) ;
#5673 = DIRECTION ( 'NONE',  ( 0.000000000000000000, 0.000000000000000000, 1.000000000000000000 ) ) ;
#5674 = VERTEX_POINT ( 'NONE', #6131 ) ;
#5675 = ORIENTED_EDGE ( 'NONE', *, *, #5080, .F. ) ;
#5676 = EDGE_CURVE ( 'NONE', #4760, #171, #4379, .T. ) ;
#5677 = CARTESIAN_POINT ( 'NONE',  ( -15.00000000000000711, -52.25000000000000000, -1.250000000000000222 ) ) ;
#5678 = DIRECTION ( 'NONE',  ( 1.000000000000000000, 0.000000000000000000, 0.000000000000000000 ) ) ;
#5679 = CARTESIAN_POINT ( 'NONE',  ( 15.90000000000000036, -26.74999999999999645, -8.400000000000003908 ) ) ;
#5680 = CARTESIAN_POINT ( 'NONE',  ( -10.34519016806086356, -62.45309053614354156, -1.846994201899509580 ) ) ;
#5681 =( BOUNDED_CURVE ( )  B_SPLINE_CURVE ( 3, ( #2426, #6348, #4837, #4413 ),
 .UNSPECIFIED., .F., .T. ) 
 B_SPLINE_CURVE_WITH_KNOTS ( ( 4, 4 ),
 ( 1.570796326794896558, 3.141592653589793116 ),
 .UNSPECIFIED. ) 
 CURVE ( )  GEOMETRIC_REPRESENTATION_ITEM ( )  RATIONAL_B_SPLINE_CURVE ( ( 1.000000000000000000, 0.8047378541243649375, 0.8047378541243649375, 1.000000000000000000 ) ) 
 REPRESENTATION_ITEM ( '' )  );
#5682 = CIRCLE ( 'NONE', #2506, 0.2750055679356273597 ) ;
#5683 = B_SPLINE_CURVE_WITH_KNOTS ( 'NONE', 3,
 ( #4715, #6192, #354, #5680, #1824, #3232, #865, #3319 ),
 .UNSPECIFIED., .F., .F.,
 ( 4, 2, 2, 4 ),
 ( -7.023608441338927946E-06, 0.0006874677415645853284, 0.001034713416567547423, 0.001381959091570509951 ),
 .UNSPECIFIED. ) ;
#5684 = ORIENTED_EDGE ( 'NONE', *, *, #1475, .T. ) ;
#5685 = ORIENTED_EDGE ( 'NONE', *, *, #6322, .T. ) ;
#5686 = CARTESIAN_POINT ( 'NONE',  ( 5.000000000000000000, -39.49999999999997868, -8.692893218813457779 ) ) ;
#5687 = CARTESIAN_POINT ( 'NONE',  ( -3.035766082959413599E-15, 22.75000000000000000, -8.900000000000011013 ) ) ;
#5688 = CARTESIAN_POINT ( 'NONE',  ( -24.99613234385556737, -19.13710781285180573, -1.261796208304262867 ) ) ;
#5689 = CARTESIAN_POINT ( 'NONE',  ( -20.00000000000000355, -12.50000000000000000, 0.000000000000000000 ) ) ;
#5690 = EDGE_LOOP ( 'NONE', ( #5898, #5712, #995, #3981 ) ) ;
#5691 = CARTESIAN_POINT ( 'NONE',  ( 18.88253694113699410, -22.18428019480357349, -0.1773618454913977738 ) ) ;
#5692 = DIRECTION ( 'NONE',  ( -1.000000000000000000, 0.000000000000000000, 0.000000000000000000 ) ) ;
#5693 = FACE_OUTER_BOUND ( 'NONE', #1005, .T. ) ;
#5694 = EDGE_CURVE ( 'NONE', #3810, #4361, #4594, .T. ) ;
#5695 = EDGE_CURVE ( 'NONE', #5359, #3282, #3866, .T. ) ;
#5696 = EDGE_LOOP ( 'NONE', ( #1820, #5560, #6226 ) ) ;
#5697 = CARTESIAN_POINT ( 'NONE',  ( 6.944154063330261195, -39.49999999999999289, -4.549999999999999822 ) ) ;
#5698 = CARTESIAN_POINT ( 'NONE',  ( -15.90000000000000036, -26.74999999999999645, 2.250000000000000000 ) ) ;
#5699 = DIRECTION ( 'NONE',  ( 0.000000000000000000, 1.000000000000000000, 0.000000000000000000 ) ) ;
#5700 = EDGE_CURVE ( 'NONE', #3035, #1853, #1947, .T. ) ;
#5701 = CARTESIAN_POINT ( 'NONE',  ( -25.90677359501685828, 17.60203207850508278, -2.321653529729336363 ) ) ;
#5702 = ADVANCED_FACE ( 'NONE', ( #5320 ), #472, .T. ) ;
#5703 = VECTOR ( 'NONE', #385, 1000.000000000000000 ) ;
#5704 = ORIENTED_EDGE ( 'NONE', *, *, #2300, .F. ) ;
#5705 = ORIENTED_EDGE ( 'NONE', *, *, #450, .F. ) ;
#5706 = CARTESIAN_POINT ( 'NONE',  ( 25.00000000000000000, 17.75000000000000000, -3.000000000000000000 ) ) ;
#5707 = CARTESIAN_POINT ( 'NONE',  ( 25.00000000000000000, -19.14999999999999858, -1.000000000000000000 ) ) ;
#5708 = CARTESIAN_POINT ( 'NONE',  ( -10.94999999999999396, -51.25000000000000000, 2.250000000000000000 ) ) ;
#5709 = EDGE_CURVE ( 'NONE', #1682, #4362, #1124, .T. ) ;
#5710 = AXIS2_PLACEMENT_3D ( 'NONE', #3402, #4509, #5850 ) ;
#5711 = ORIENTED_EDGE ( 'NONE', *, *, #2869, .F. ) ;
#5712 = ORIENTED_EDGE ( 'NONE', *, *, #716, .F. ) ;
#5713 = ORIENTED_EDGE ( 'NONE', *, *, #4917, .T. ) ;
#5714 = CARTESIAN_POINT ( 'NONE',  ( 11.94568131494329499, 23.24999999999999645, -8.900000000000005684 ) ) ;
#5715 = CARTESIAN_POINT ( 'NONE',  ( -15.00000000000000355, -17.50000000000000000, 2.250000000000000000 ) ) ;
#5716 = CARTESIAN_POINT ( 'NONE',  ( 25.57157287525381051, -17.50147186257613896, -2.999999999999998668 ) ) ;
#5717 = CARTESIAN_POINT ( 'NONE',  ( -18.25000000000000711, -23.89999999999999503, -8.900000000000005684 ) ) ;
#5718 = AXIS2_PLACEMENT_3D ( 'NONE', #4643, #3161, #4549 ) ;
#5719 = CARTESIAN_POINT ( 'NONE',  ( -5.000000000000000000, -54.49999999999999289, -8.692893218813457779 ) ) ;
#5720 = AXIS2_PLACEMENT_3D ( 'NONE', #3732, #4644, #252 ) ;
#5721 = ORIENTED_EDGE ( 'NONE', *, *, #1210, .T. ) ;
#5722 = CARTESIAN_POINT ( 'NONE',  ( 0.2389838214248506121, -22.86889770647941944, -8.900000000000007461 ) ) ;
#5723 = LINE ( 'NONE', #5242, #852 ) ;
#5724 = DIRECTION ( 'NONE',  ( -1.000000000000000000, 0.000000000000000000, 0.000000000000000000 ) ) ;
#5725 = VERTEX_POINT ( 'NONE', #2846 ) ;
#5726 = ADVANCED_FACE ( 'NONE', ( #5763 ), #4704, .F. ) ;
#5727 = CARTESIAN_POINT ( 'NONE',  ( -3.034415845591108534E-15, 23.85000000000000142, -6.380000000000024762 ) ) ;
#5728 = CARTESIAN_POINT ( 'NONE',  ( 25.00000000000000000, -19.14999999999999858, -2.171572875253809265 ) ) ;
#5729 = CARTESIAN_POINT ( 'NONE',  ( -8.557943913877352315, 24.79508015469921389, -8.400000000000003908 ) ) ;
#5730 = ORIENTED_EDGE ( 'NONE', *, *, #3040, .T. ) ;
#5731 = ORIENTED_EDGE ( 'NONE', *, *, #268, .F. ) ;
#5732 = EDGE_CURVE ( 'NONE', #2775, #428, #807, .T. ) ;
#5733 = LINE ( 'NONE', #2909, #1410 ) ;
#5734 = FACE_OUTER_BOUND ( 'NONE', #4912, .T. ) ;
#5735 = CARTESIAN_POINT ( 'NONE',  ( 10.95000000000000284, -39.49999999999999289, -1.249999999999999778 ) ) ;
#5736 = EDGE_LOOP ( 'NONE', ( #5780, #315, #2333, #1498, #4871 ) ) ;
#5737 = ORIENTED_EDGE ( 'NONE', *, *, #4785, .T. ) ;
#5738 = ORIENTED_EDGE ( 'NONE', *, *, #5114, .F. ) ;
#5739 = EDGE_CURVE ( 'NONE', #5082, #1226, #5733, .T. ) ;
#5740 = EDGE_CURVE ( 'NONE', #3421, #843, #1849, .T. ) ;
#5741 = CARTESIAN_POINT ( 'NONE',  ( 28.75000000000000711, -18.49999999999999645, 0.000000000000000000 ) ) ;
#5742 = DIRECTION ( 'NONE',  ( 1.000000000000000000, 0.000000000000000000, 0.000000000000000000 ) ) ;
#5743 = DIRECTION ( 'NONE',  ( 0.000000000000000000, 0.000000000000000000, 1.000000000000000000 ) ) ;
#5744 = CARTESIAN_POINT ( 'NONE',  ( 14.99999999999999645, 17.50000000000000000, 2.250000000000000000 ) ) ;
#5745 = ORIENTED_EDGE ( 'NONE', *, *, #4476, .F. ) ;
#5746 = ORIENTED_EDGE ( 'NONE', *, *, #1781, .T. ) ;
#5747 = EDGE_CURVE ( 'NONE', #2691, #1006, #5401, .T. ) ;
#5748 = AXIS2_PLACEMENT_3D ( 'NONE', #2964, #2490, #60 ) ;
#5749 = CARTESIAN_POINT ( 'NONE',  ( 0.4780817385055511903, -22.98836980906402516, -8.900000000000007461 ) ) ;
#5750 = DIRECTION ( 'NONE',  ( -0.000000000000000000, -0.000000000000000000, 1.000000000000000000 ) ) ;
#5751 = FACE_OUTER_BOUND ( 'NONE', #1363, .T. ) ;
#5752 = CIRCLE ( 'NONE', #6068, 1.399999999999995026 ) ;
#5753 = VERTEX_POINT ( 'NONE', #6346 ) ;
#5754 = CARTESIAN_POINT ( 'NONE',  ( 7.415995242913744789, -39.49999999999999289, -4.692423339175789465 ) ) ;
#5755 = AXIS2_PLACEMENT_3D ( 'NONE', #6246, #4309, #1311 ) ;
#5756 = LINE ( 'NONE', #3703, #1730 ) ;
#5757 = CYLINDRICAL_SURFACE ( 'NONE', #4495, 0.5000000000000000000 ) ;
#5758 = CARTESIAN_POINT ( 'NONE',  ( -4.500000000000000888, 9.545306638761546836, -8.900000000000005684 ) ) ;
#5759 = CIRCLE ( 'NONE', #4225, 0.5000000000000004441 ) ;
#5760 = ORIENTED_EDGE ( 'NONE', *, *, #3913, .F. ) ;
#5761 = VECTOR ( 'NONE', #2745, 1000.000000000000000 ) ;
#5762 = ORIENTED_EDGE ( 'NONE', *, *, #2016, .F. ) ;
#5763 = FACE_OUTER_BOUND ( 'NONE', #1233, .T. ) ;
#5764 = DIRECTION ( 'NONE',  ( 1.000000000000000000, 0.000000000000000000, 0.000000000000000000 ) ) ;
#5765 = AXIS2_PLACEMENT_3D ( 'NONE', #2671, #4627, #1428 ) ;
#5766 = DIRECTION ( 'NONE',  ( 1.000000000000000000, 0.000000000000000000, 0.000000000000000000 ) ) ;
#5767 = VERTEX_POINT ( 'NONE', #956 ) ;
#5768 = ORIENTED_EDGE ( 'NONE', *, *, #2052, .F. ) ;
#5769 = EDGE_LOOP ( 'NONE', ( #2374, #693, #6344, #1469 ) ) ;
#5770 = VECTOR ( 'NONE', #4545, 1000.000000000000000 ) ;
#5771 = CARTESIAN_POINT ( 'NONE',  ( -3.585849056603378493, -52.49999999999977263, -1.250000000000000222 ) ) ;
#5772 = CARTESIAN_POINT ( 'NONE',  ( 10.95000000000000462, -52.49999999999977263, -2.250000000000000444 ) ) ;
#5773 = APPLICATION_PROTOCOL_DEFINITION ( 'draft international standard', 'automotive_design', 1998, #3923 ) ;
#5774 = AXIS2_PLACEMENT_3D ( 'NONE', #3936, #1001, #5900 ) ;
#5775 = DIRECTION ( 'NONE',  ( -8.673617379884036458E-16, -0.000000000000000000, 1.000000000000000000 ) ) ;
#5776 = VECTOR ( 'NONE', #941, 1000.000000000000000 ) ;
#5777 = EDGE_CURVE ( 'NONE', #5326, #3810, #4347, .T. ) ;
#5778 = EDGE_CURVE ( 'NONE', #5913, #3459, #1882, .T. ) ;
#5779 = CIRCLE ( 'NONE', #1078, 2.850000000000003642 ) ;
#5780 = ORIENTED_EDGE ( 'NONE', *, *, #4648, .T. ) ;
#5781 = ORIENTED_EDGE ( 'NONE', *, *, #5279, .T. ) ;
#5782 = CARTESIAN_POINT ( 'NONE',  ( 7.053788777369621066, -39.49999999999999289, -5.073904581819260962 ) ) ;
#5783 = FACE_OUTER_BOUND ( 'NONE', #223, .T. ) ;
#5784 = VECTOR ( 'NONE', #4914, 1000.000000000000000 ) ;
#5785 = DIRECTION ( 'NONE',  ( 0.000000000000000000, 0.000000000000000000, -1.000000000000000000 ) ) ;
#5786 = ADVANCED_FACE ( 'NONE', ( #5829 ), #4267, .F. ) ;
#5787 = ORIENTED_EDGE ( 'NONE', *, *, #4353, .F. ) ;
#5788 =( BOUNDED_SURFACE ( )  B_SPLINE_SURFACE ( 3, 2, ( 
 ( #2351, #5305, #2411 ),
 ( #5845, #5370, #3365 ),
 ( #977, #6301, #49 ),
 ( #4299, #4884, #1901 ),
 ( #3815, #494, #3846 ),
 ( #2444, #6267, #3944 ),
 ( #4399, #5816, #1521 ),
 ( #1963, #5878, #5910 ),
 ( #3463, #1490, #528 ),
 ( #1393, #3335, #3119 ),
 ( #5945, #1143, #5565 ),
 ( #5086, #1549, #3527 ),
 ( #3591, #2035, #5465 ),
 ( #3629, #5980, #594 ) ),
 .UNSPECIFIED., .F., .F., .F. ) 
 B_SPLINE_SURFACE_WITH_KNOTS ( ( 4, 2, 2, 2, 2, 2, 4 ),
 ( 3, 3 ),
 ( 1.570796326794896558, 1.963495408493620697, 2.356194490192344837, 2.552544031041707129, 2.748893571891068976, 2.945243112740430824, 3.141592653589793116 ),
 ( 0.000000000000000000, 1.000000000000000000 ),
 .UNSPECIFIED. ) 
 GEOMETRIC_REPRESENTATION_ITEM ( )  RATIONAL_B_SPLINE_SURFACE ( (
 ( 1.000000000000000000, 1.000000000000000000, 1.000000000000000000),
 ( 1.000000000000000000, 1.000158593443226884, 1.000000000000000000),
 ( 1.000000000000000000, 0.9867291723804313408, 1.000000000000000000),
 ( 1.000000000000000000, 0.9386556673818823304, 1.000000000000000000),
 ( 1.000000000000000000, 0.9038128477757438883, 1.000000000000000000),
 ( 1.000000000000000000, 0.8471316817887856176, 1.000000000000000000),
 ( 1.000000000000000000, 0.8275942398609844597, 1.000000000000000000),
 ( 1.000000000000000000, 0.7902180383823570464, 1.000000000000000000),
 ( 1.000000000000000000, 0.7723967875196763311, 1.000000000000000000),
 ( 1.000000000000000000, 0.7418334521775297175, 1.000000000000000000),
 ( 1.000000000000000000, 0.7291288685920545021, 1.000000000000000000),
 ( 1.000000000000000000, 0.7117460279512619614, 1.000000000000000000),
 ( 1.000000000000000000, 0.7070717092840168583, 1.000000000000000000),
 ( 1.000000000000000000, 0.7071067811865475727, 1.000000000000000000) ) ) 
 REPRESENTATION_ITEM ( '' )  SURFACE ( )  );
#5789 = CARTESIAN_POINT ( 'NONE',  ( 23.50000000000000355, 19.14999999999999858, -1.000000000000000000 ) ) ;
#5790 = FACE_OUTER_BOUND ( 'NONE', #1322, .T. ) ;
#5791 = CARTESIAN_POINT ( 'NONE',  ( 0.2992693023537221775, -22.74999999999860023, -8.900000000000012790 ) ) ;
#5792 = CARTESIAN_POINT ( 'NONE',  ( -7.948326093704751294, -39.49999999999999289, -5.550000000000000711 ) ) ;
#5793 = CARTESIAN_POINT ( 'NONE',  ( 26.29785218895076682, 17.71935565668520951, -1.644431365561108471 ) ) ;
#5794 = CARTESIAN_POINT ( 'NONE',  ( -26.40000000000000213, 17.75000000000000355, -0.9999999999999985567 ) ) ;
#5795 = ORIENTED_EDGE ( 'NONE', *, *, #5992, .F. ) ;
#5796 = ORIENTED_EDGE ( 'NONE', *, *, #3112, .F. ) ;
#5797 = DIRECTION ( 'NONE',  ( -2.182042108146926802E-16, 1.000000000000000000, 0.000000000000000000 ) ) ;
#5798 = FACE_OUTER_BOUND ( 'NONE', #4806, .T. ) ;
#5799 = CARTESIAN_POINT ( 'NONE',  ( 25.99021527689064825, -17.62706458306722013, -2.219979545272424915 ) ) ;
#5800 = CARTESIAN_POINT ( 'NONE',  ( 10.24289321881344783, -26.54289321881343966, -8.900000000000005684 ) ) ;
#5801 = EDGE_LOOP ( 'NONE', ( #2421, #3113, #4689, #3612 ) ) ;
#5802 = LINE ( 'NONE', #159, #1905 ) ;
#5803 = ORIENTED_EDGE ( 'NONE', *, *, #318, .T. ) ;
#5804 = FACE_OUTER_BOUND ( 'NONE', #1538, .T. ) ;
#5805 = DIRECTION ( 'NONE',  ( -2.182042108146926802E-16, 1.000000000000000000, -0.000000000000000000 ) ) ;
#5806 = EDGE_CURVE ( 'NONE', #3291, #5326, #485, .T. ) ;
#5807 = CARTESIAN_POINT ( 'NONE',  ( 18.75000000000000711, -22.74999999999999289, -1.199999999999999734 ) ) ;
#5808 = CIRCLE ( 'NONE', #1914, 0.5000000000000004441 ) ;
#5809 = ORIENTED_EDGE ( 'NONE', *, *, #5695, .F. ) ;
#5810 = ORIENTED_EDGE ( 'NONE', *, *, #1637, .F. ) ;
#5811 = STYLED_ITEM ( 'NONE', ( #4285 ), #3214 ) ;
#5812 = CARTESIAN_POINT ( 'NONE',  ( -0.2750055679356297467, 23.85000000000000142, -6.380000000000024762 ) ) ;
#5813 = CARTESIAN_POINT ( 'NONE',  ( 15.25000000000000533, -52.49999999999999289, -1.750000000000000222 ) ) ;
#5814 = ADVANCED_FACE ( 'NONE', ( #6311 ), #826, .T. ) ;
#5815 = ADVANCED_FACE ( 'NONE', ( #2777 ), #351, .T. ) ;
#5816 = CARTESIAN_POINT ( 'NONE',  ( -22.81113199265431390, 18.43886800734577847, -2.614074611184058483 ) ) ;
#5817 = AXIS2_PLACEMENT_3D ( 'NONE', #4892, #2065, #112 ) ;
#5818 = EDGE_LOOP ( 'NONE', ( #5505, #932, #2228, #3793 ) ) ;
#5819 = CARTESIAN_POINT ( 'NONE',  ( -1.506651917331951473, 23.25000000000000000, -8.900000000000005684 ) ) ;
#5820 = LINE ( 'NONE', #3822, #1406 ) ;
#5821 = AXIS2_PLACEMENT_3D ( 'NONE', #4523, #5421, #4906 ) ;
#5822 = EDGE_CURVE ( 'NONE', #4879, #5965, #4687, .T. ) ;
#5823 = CARTESIAN_POINT ( 'NONE',  ( 10.45000000000000462, -51.25000000000000000, -1.250000000000000222 ) ) ;
#5824 = CYLINDRICAL_SURFACE ( 'NONE', #4792, 241.5964285714397874 ) ;
#5825 = CARTESIAN_POINT ( 'NONE',  ( -25.89261163991421810, 18.64261163991422166, -2.425648136654427134 ) ) ;
#5826 = ORIENTED_EDGE ( 'NONE', *, *, #3995, .F. ) ;
#5827 =( BOUNDED_SURFACE ( )  B_SPLINE_SURFACE ( 3, 2, ( 
 ( #4801, #4307, #1876 ),
 ( #1974, #2932, #3314 ),
 ( #3342, #4445, #5407 ),
 ( #5315, #2010, #4827 ),
 ( #5793, #5344, #2357 ),
 ( #4373, #3825, #436 ),
 ( #2386, #918, #4343 ),
 ( #1432, #3406, #4406 ),
 ( #6307, #3372, #951 ),
 ( #6342, #21, #1943 ),
 ( #5853, #3952, #3887 ),
 ( #5285, #886, #3919 ),
 ( #4893, #1464, #2901 ),
 ( #5378, #985, #1496 ) ),
 .UNSPECIFIED., .F., .F., .F. ) 
 B_SPLINE_SURFACE_WITH_KNOTS ( ( 4, 2, 2, 2, 2, 2, 4 ),
 ( 3, 3 ),
 ( 6.283185307179586232, 6.479534848028948524, 6.675884388878310816, 6.872233929727672219, 7.068583470577034511, 7.461282552275758206, 7.853981633974482790 ),
 ( 0.000000000000000000, 1.000000000000000000 ),
 .UNSPECIFIED. ) 
 GEOMETRIC_REPRESENTATION_ITEM ( )  RATIONAL_B_SPLINE_SURFACE ( (
 ( 1.000000000000000000, 0.7071067811865466846, 1.000000000000000000),
 ( 1.000000000000000000, 0.7070717092840299589, 1.000000000000000000),
 ( 1.000000000000000000, 0.7117460279512464183, 1.000000000000000000),
 ( 1.000000000000000000, 0.7291288685920698232, 1.000000000000000000),
 ( 1.000000000000000000, 0.7418334521775140633, 1.000000000000000000),
 ( 1.000000000000000000, 0.7723967875196893207, 1.000000000000000000),
 ( 1.000000000000000000, 0.7902180383823302900, 1.000000000000000000),
 ( 1.000000000000000000, 0.8275942398610111050, 1.000000000000000000),
 ( 1.000000000000000000, 0.8471316817887929451, 1.000000000000000000),
 ( 1.000000000000000000, 0.9038128477757272350, 1.000000000000000000),
 ( 1.000000000000000000, 0.9386556673818772234, 1.000000000000000000),
 ( 1.000000000000000000, 0.9867291723804348935, 1.000000000000000000),
 ( 1.000000000000000000, 1.000158593443224664, 1.000000000000000000),
 ( 1.000000000000000000, 1.000000000000000000, 1.000000000000000000) ) ) 
 REPRESENTATION_ITEM ( '' )  SURFACE ( )  );
#5828 = ORIENTED_EDGE ( 'NONE', *, *, #2109, .T. ) ;
#5829 = FACE_OUTER_BOUND ( 'NONE', #5530, .T. ) ;
#5830 = CARTESIAN_POINT ( 'NONE',  ( 20.00000000000000000, -21.49999999999999645, 2.250000000000000000 ) ) ;
#5831 = LINE ( 'NONE', #2396, #4221 ) ;
#5832 = CARTESIAN_POINT ( 'NONE',  ( -10.45000000000000639, -51.75000000000000000, -1.750000000000000222 ) ) ;
#5833 = ORIENTED_EDGE ( 'NONE', *, *, #638, .F. ) ;
#5834 = DIRECTION ( 'NONE',  ( 0.000000000000000000, 0.000000000000000000, -1.000000000000000000 ) ) ;
#5835 = EDGE_LOOP ( 'NONE', ( #209, #5245, #6269, #1769 ) ) ;
#5836 = CARTESIAN_POINT ( 'NONE',  ( -9.949999999999995737, -38.99999999999999289, -8.400000000000003908 ) ) ;
#5837 = DIRECTION ( 'NONE',  ( 0.000000000000000000, -0.000000000000000000, 1.000000000000000000 ) ) ;
#5838 = CYLINDRICAL_SURFACE ( 'NONE', #2031, 2.999999999999999112 ) ;
#5839 = CYLINDRICAL_SURFACE ( 'NONE', #3791, 5.000000000000002665 ) ;
#5840 = ADVANCED_FACE ( 'NONE', ( #3767 ), #3284, .F. ) ;
#5841 = VERTEX_POINT ( 'NONE', #95 ) ;
#5842 = ORIENTED_EDGE ( 'NONE', *, *, #4617, .F. ) ;
#5843 = CARTESIAN_POINT ( 'NONE',  ( 7.332004188626772390, -39.49999999999999289, -5.350188923738526725 ) ) ;
#5844 = CARTESIAN_POINT ( 'NONE',  ( 18.75000000000000711, -23.24999999999999289, -8.400000000000003908 ) ) ;
#5845 = CARTESIAN_POINT ( 'NONE',  ( -24.02144603675712631, 17.41184654414311694, -3.000000000000000000 ) ) ;
#5846 = EDGE_CURVE ( 'NONE', #4393, #3593, #3927, .T. ) ;
#5847 = CARTESIAN_POINT ( 'NONE',  ( -5.000000000000000000, -39.49999999999997868, -8.692893218813457779 ) ) ;
#5848 = VERTEX_POINT ( 'NONE', #1471 ) ;
#5849 = DIRECTION ( 'NONE',  ( 0.000000000000000000, 0.000000000000000000, 1.000000000000000000 ) ) ;
#5850 = DIRECTION ( 'NONE',  ( 1.000000000000000000, 0.000000000000000000, 0.000000000000000000 ) ) ;
#5851 = CARTESIAN_POINT ( 'NONE',  ( 10.45000000000000284, -39.99999999999999289, -1.749999999999999778 ) ) ;
#5852 = CARTESIAN_POINT ( 'NONE',  ( -24.40000000000001279, -17.14999999999998792, -3.000000000000000000 ) ) ;
#5853 = CARTESIAN_POINT ( 'NONE',  ( 25.40723790032952323, 17.45217137009883857, -2.747572801732100611 ) ) ;
#5854 = CIRCLE ( 'NONE', #3895, 0.4999999999999991673 ) ;
#5855 = CARTESIAN_POINT ( 'NONE',  ( 10.45000000000000284, -38.99999999999999289, -2.250000000000000000 ) ) ;
#5856 = EDGE_CURVE ( 'NONE', #2881, #577, #3412, .T. ) ;
#5857 = ORIENTED_EDGE ( 'NONE', *, *, #6067, .T. ) ;
#5858 = EDGE_LOOP ( 'NONE', ( #4387, #4159, #3507, #2176 ) ) ;
#5859 = CIRCLE ( 'NONE', #4632, 2.500000000000000000 ) ;
#5860 = VECTOR ( 'NONE', #3518, 1000.000000000000000 ) ;
#5861 = CARTESIAN_POINT ( 'NONE',  ( 22.10000000482516569, -19.14999999517483076, -1.222876090095306845 ) ) ;
#5862 = DIRECTION ( 'NONE',  ( 0.000000000000000000, -0.000000000000000000, 1.000000000000000000 ) ) ;
#5863 = CARTESIAN_POINT ( 'NONE',  ( 26.13566317231953917, -17.67069895169582949, -2.002301386805983352 ) ) ;
#5864 = DIRECTION ( 'NONE',  ( 0.000000000000000000, 0.000000000000000000, -1.000000000000000000 ) ) ;
#5865 = AXIS2_PLACEMENT_3D ( 'NONE', #5580, #5549, #3992 ) ;
#5866 = ORIENTED_EDGE ( 'NONE', *, *, #1676, .T. ) ;
#5867 = DIRECTION ( 'NONE',  ( 1.000000000000000000, 5.637851296924114242E-15, -0.000000000000000000 ) ) ;
#5868 = ORIENTED_EDGE ( 'NONE', *, *, #2167, .T. ) ;
#5869 = VECTOR ( 'NONE', #2200, 1000.000000000000114 ) ;
#5870 = CARTESIAN_POINT ( 'NONE',  ( -18.76654270117564849, -22.52916970974672850, -0.4807459537443211639 ) ) ;
#5871 = CARTESIAN_POINT ( 'NONE',  ( -15.00000000000000355, -17.50000000000000000, 2.250000000000000000 ) ) ;
#5872 = CARTESIAN_POINT ( 'NONE',  ( -13.37499999999999645, -39.50000000000000000, -1.750000000000003109 ) ) ;
#5873 = ORIENTED_EDGE ( 'NONE', *, *, #3299, .F. ) ;
#5874 = EDGE_LOOP ( 'NONE', ( #5745, #5490, #2831, #2360 ) ) ;
#5875 = ORIENTED_EDGE ( 'NONE', *, *, #883, .F. ) ;
#5876 = FACE_OUTER_BOUND ( 'NONE', #5634, .T. ) ;
#5877 = CARTESIAN_POINT ( 'NONE',  ( 24.40000000000000568, 17.15000000000000213, -3.000000000000000000 ) ) ;
#5878 = CARTESIAN_POINT ( 'NONE',  ( -22.60738836008595598, 18.64261163991398007, -2.425648136654399600 ) ) ;
#5879 = CIRCLE ( 'NONE', #2092, 0.2750055679356304128 ) ;
#5880 = AXIS2_PLACEMENT_3D ( 'NONE', #678, #5168, #772 ) ;
#5881 = DIRECTION ( 'NONE',  ( -1.000000000000000000, 0.000000000000000000, 0.000000000000000000 ) ) ;
#5882 = ORIENTED_EDGE ( 'NONE', *, *, #4397, .F. ) ;
#5883 = DIRECTION ( 'NONE',  ( -1.000000000000000000, 0.000000000000000000, 0.000000000000000000 ) ) ;
#5884 = DIRECTION ( 'NONE',  ( 1.000000000000000000, 2.182042108146926802E-16, 0.000000000000000000 ) ) ;
#5885 = CARTESIAN_POINT ( 'NONE',  ( -18.75000000000000355, -22.74999999999999645, -8.400000000000018119 ) ) ;
#5886 = EDGE_CURVE ( 'NONE', #3459, #3843, #2565, .T. ) ;
#5887 = FACE_OUTER_BOUND ( 'NONE', #130, .T. ) ;
#5888 = CARTESIAN_POINT ( 'NONE',  ( -24.92069895169583660, 18.88566317231954983, -2.002301386805965588 ) ) ;
#5889 = ORIENTED_EDGE ( 'NONE', *, *, #1841, .F. ) ;
#5890 = VERTEX_POINT ( 'NONE', #2047 ) ;
#5891 = CARTESIAN_POINT ( 'NONE',  ( 9.975266182186883768, -62.85093797532528725, -1.250000000000000222 ) ) ;
#5892 = ADVANCED_FACE ( 'NONE', ( #4548 ), #1501, .F. ) ;
#5893 = EDGE_CURVE ( 'NONE', #322, #3715, #4506, .T. ) ;
#5894 = CARTESIAN_POINT ( 'NONE',  ( 24.76872804912563097, -18.37909349708558793, -2.599333627660605384 ) ) ;
#5895 = CARTESIAN_POINT ( 'NONE',  ( 23.49999999999999645, -17.14999999999999858, -1.000000000000000000 ) ) ;
#5896 = ORIENTED_EDGE ( 'NONE', *, *, #5196, .T. ) ;
#5897 = LINE ( 'NONE', #1921, #5502 ) ;
#5898 = ORIENTED_EDGE ( 'NONE', *, *, #1978, .T. ) ;
#5899 = CYLINDRICAL_SURFACE ( 'NONE', #4697, 0.5000000000000004441 ) ;
#5900 = DIRECTION ( 'NONE',  ( 1.000000000000000000, 0.000000000000000000, 0.000000000000000000 ) ) ;
#5901 = FACE_OUTER_BOUND ( 'NONE', #1898, .T. ) ;
#5902 = CARTESIAN_POINT ( 'NONE',  ( 22.09999999999999787, -17.74999999999998934, -3.000000000000000000 ) ) ;
#5903 = EDGE_CURVE ( 'NONE', #2317, #2889, #2328, .T. ) ;
#5904 = CARTESIAN_POINT ( 'NONE',  ( -15.00000000000000355, 17.50000000000000000, 2.250000000000000000 ) ) ;
#5905 = VERTEX_POINT ( 'NONE', #3541 ) ;
#5906 = CIRCLE ( 'NONE', #1101, 1.000000000000000888 ) ;
#5907 = ORIENTED_EDGE ( 'NONE', *, *, #3540, .F. ) ;
#5908 = CARTESIAN_POINT ( 'NONE',  ( 7.498147422629192427, -39.95945379313866397, -4.813299862751794223 ) ) ;
#5909 = DIRECTION ( 'NONE',  ( 0.000000000000000000, 0.000000000000000000, 1.000000000000000000 ) ) ;
#5910 = CARTESIAN_POINT ( 'NONE',  ( -22.36433682768048925, 17.67069895169584015, -2.002301386806014882 ) ) ;
#5911 = TOROIDAL_SURFACE ( 'NONE', #5710, 0.5000000000000008882, 0.5000000000000000000 ) ;
#5912 = CARTESIAN_POINT ( 'NONE',  ( -15.75000000000000711, -52.50000000000000000, -1.750000000000000222 ) ) ;
#5913 = VERTEX_POINT ( 'NONE', #2532 ) ;
#5914 = CIRCLE ( 'NONE', #5718, 1.400000000000001910 ) ;
#5915 = CARTESIAN_POINT ( 'NONE',  ( 23.50000000004537526, 19.15000000000000213, -1.130901135795377543 ) ) ;
#5916 = DIRECTION ( 'NONE',  ( -1.000000000000000000, 0.000000000000000000, 0.000000000000000000 ) ) ;
#5917 = CARTESIAN_POINT ( 'NONE',  ( -10.44999999999999929, -26.75000000000000000, -8.400000000000003908 ) ) ;
#5918 = CARTESIAN_POINT ( 'NONE',  ( -15.00000000000000711, -52.25000000000000000, -1.750000000000000222 ) ) ;
#5919 = CARTESIAN_POINT ( 'NONE',  ( -26.40000000000000568, 17.75000000000000711, 0.000000000000000000 ) ) ;
#5920 = CIRCLE ( 'NONE', #383, 5.000000000000000888 ) ;
#5921 = CARTESIAN_POINT ( 'NONE',  ( -26.13566317231954983, 17.67069895169584015, -2.002301386805965588 ) ) ;
#5922 = ORIENTED_EDGE ( 'NONE', *, *, #1746, .T. ) ;
#5923 = ORIENTED_EDGE ( 'NONE', *, *, #1826, .T. ) ;
#5924 = ADVANCED_FACE ( 'NONE', ( #990 ), #4170, .T. ) ;
#5925 = CIRCLE ( 'NONE', #1013, 0.5000000000000000000 ) ;
#5926 = DIRECTION ( 'NONE',  ( -1.000000000000000000, -2.403139825818710681E-16, 0.000000000000000000 ) ) ;
#5927 = DIRECTION ( 'NONE',  ( -1.000000000000000000, -9.251858538542971581E-17, 0.000000000000000000 ) ) ;
#5928 = CARTESIAN_POINT ( 'NONE',  ( 24.99613234385556026, -19.13710781285181639, -1.261796208304269751 ) ) ;
#5929 = DIRECTION ( 'NONE',  ( 1.000000000000000000, 0.000000000000000000, 0.000000000000000000 ) ) ;
#5930 = ORIENTED_EDGE ( 'NONE', *, *, #1217, .F. ) ;
#5931 = ADVANCED_FACE ( 'NONE', ( #3990 ), #3532, .T. ) ;
#5932 = ORIENTED_EDGE ( 'NONE', *, *, #1628, .T. ) ;
#5933 = EDGE_CURVE ( 'NONE', #5965, #4362, #1815, .T. ) ;
#5934 = CARTESIAN_POINT ( 'NONE',  ( -2.433630889136431505E-15, 21.35000000000000142, -6.380000000000024762 ) ) ;
#5935 = CARTESIAN_POINT ( 'NONE',  ( -10.94999999999999574, -39.49999999999999289, -1.250000000000002665 ) ) ;
#5936 = CARTESIAN_POINT ( 'NONE',  ( 20.00000000000000000, 35.36419377152115118, 2.250000000000000000 ) ) ;
#5937 = CARTESIAN_POINT ( 'NONE',  ( 0.5524329214714009950, 22.87076453181518687, -8.900000000000224176 ) ) ;
#5938 = ORIENTED_EDGE ( 'NONE', *, *, #1857, .T. ) ;
#5939 = EDGE_CURVE ( 'NONE', #3275, #470, #5808, .T. ) ;
#5940 = ORIENTED_EDGE ( 'NONE', *, *, #613, .F. ) ;
#5941 = EDGE_CURVE ( 'NONE', #1930, #5420, #4191, .T. ) ;
#5942 = CARTESIAN_POINT ( 'NONE',  ( 22.92842712474619660, 17.50147186257613896, -2.999999999999998668 ) ) ;
#5943 = DIRECTION ( 'NONE',  ( -2.532443030623073142E-16, 0.000000000000000000, 1.000000000000000000 ) ) ;
#5944 = B_SPLINE_CURVE_WITH_KNOTS ( 'NONE', 3,
 ( #573, #2899, #4860, #983 ),
 .UNSPECIFIED., .F., .F.,
 ( 4, 4 ),
 ( 0.000000000000000000, 0.0003338394036275509785 ),
 .UNSPECIFIED. ) ;
#5945 = CARTESIAN_POINT ( 'NONE',  ( -23.51919000737168375, 19.08603330876110959, -1.518565079760255676 ) ) ;
#5946 = LINE ( 'NONE', #596, #2415 ) ;
#5947 = ORIENTED_EDGE ( 'NONE', *, *, #5886, .T. ) ;
#5948 = CARTESIAN_POINT ( 'NONE',  ( 22.20214781104924384, 17.71935565668520951, -1.644431365561113134 ) ) ;
#5949 = DIRECTION ( 'NONE',  ( 0.9098396906015795427, -0.4149599226503953298, 0.000000000000000000 ) ) ;
#5950 = CARTESIAN_POINT ( 'NONE',  ( 10.16900285220087419, -62.73134838835343885, -1.340856743862896217 ) ) ;
#5951 = DIRECTION ( 'NONE',  ( 1.000000000000000000, 0.000000000000000000, 0.000000000000000000 ) ) ;
#5952 = VECTOR ( 'NONE', #1647, 1000.000000000000000 ) ;
#5953 = CARTESIAN_POINT ( 'NONE',  ( -23.50000000000000355, -19.14999999999999503, -3.000000000000000000 ) ) ;
#5954 = B_SPLINE_CURVE_WITH_KNOTS ( 'NONE', 3,
 ( #3363, #4332, #5782, #5843, #3844, #3331, #1899, #876 ),
 .UNSPECIFIED., .F., .F.,
 ( 4, 2, 2, 4 ),
 ( 0.000000000000000000, 0.0007893348201388445751, 0.001184002230208265833, 0.001578669640277687415 ),
 .UNSPECIFIED. ) ;
#5955 = CARTESIAN_POINT ( 'NONE',  ( -23.57650417086896866, -17.30704874873926968, -2.947945328312963742 ) ) ;
#5956 = ORIENTED_EDGE ( 'NONE', *, *, #723, .T. ) ;
#5957 = VERTEX_POINT ( 'NONE', #6122 ) ;
#5958 = CARTESIAN_POINT ( 'NONE',  ( 22.10000000000000142, -17.74999999995442224, -1.130901135795359558 ) ) ;
#5959 = VECTOR ( 'NONE', #5775, 1000.000000000000000 ) ;
#5960 = DIRECTION ( 'NONE',  ( -1.000000000000000000, -2.182042108146926802E-16, -0.000000000000000000 ) ) ;
#5961 =( BOUNDED_SURFACE ( )  B_SPLINE_SURFACE ( 3, 2, ( 
 ( #4994, #3987, #5027 ),
 ( #2654, #636, #4546 ),
 ( #5955, #1627, #3570 ),
 ( #5542, #2110, #668 ),
 ( #2623, #122, #4055 ),
 ( #727, #5605, #1216 ),
 ( #1150, #1560, #3093 ),
 ( #2140, #6051, #3158 ),
 ( #1658, #3601, #4478 ),
 ( #2043, #3504, #3031 ),
 ( #2077, #4022, #5994 ),
 ( #6120, #5154, #1246 ),
 ( #3672, #1725, #5639 ),
 ( #3186, #2679, #4638 ) ),
 .UNSPECIFIED., .F., .F., .T. ) 
 B_SPLINE_SURFACE_WITH_KNOTS ( ( 4, 2, 2, 2, 2, 2, 4 ),
 ( 3, 3 ),
 ( 1.570796326794896558, 1.963495408493620697, 2.356194490192344837, 2.552544031041707129, 2.748893571891068976, 2.945243112740430824, 3.141592653589793116 ),
 ( 0.000000000000000000, 1.000000000000000000 ),
 .UNSPECIFIED. ) 
 GEOMETRIC_REPRESENTATION_ITEM ( )  RATIONAL_B_SPLINE_SURFACE ( (
 ( 1.000000000000000000, 1.000000000000000000, 1.000000000000000000),
 ( 1.000000000000000000, 1.000158593443231325, 1.000000000000000000),
 ( 1.000000000000000000, 0.9867291723804252346, 1.000000000000000000),
 ( 1.000000000000000000, 0.9386556673818882146, 1.000000000000000000),
 ( 1.000000000000000000, 0.9038128477757292334, 1.000000000000000000),
 ( 1.000000000000000000, 0.8471316817887923900, 1.000000000000000000),
 ( 1.000000000000000000, 0.8275942398610173223, 1.000000000000000000),
 ( 1.000000000000000000, 0.7902180383823250720, 1.000000000000000000),
 ( 1.000000000000000000, 0.7723967875196732225, 1.000000000000000000),
 ( 1.000000000000000000, 0.7418334521775312718, 1.000000000000000000),
 ( 1.000000000000000000, 0.7291288685920421786, 1.000000000000000000),
 ( 1.000000000000000000, 0.7117460279512762833, 1.000000000000000000),
 ( 1.000000000000000000, 0.7070717092840042017, 1.000000000000000000),
 ( 1.000000000000000000, 0.7071067811865483499, 1.000000000000000000) ) ) 
 REPRESENTATION_ITEM ( '' )  SURFACE ( )  );
#5962 = CARTESIAN_POINT ( 'NONE',  ( 8.765423875202550619, 25.25000000000000000, -8.400000000000003908 ) ) ;
#5963 = CARTESIAN_POINT ( 'NONE',  ( -233.1464285714397704, -62.00000000000056843, -4.549999999999999822 ) ) ;
#5964 = VECTOR ( 'NONE', #4318, 1000.000000000000000 ) ;
#5965 = VERTEX_POINT ( 'NONE', #2207 ) ;
#5966 = EDGE_LOOP ( 'NONE', ( #2784, #4466, #5868, #2721 ) ) ;
#5967 = CARTESIAN_POINT ( 'NONE',  ( -15.00000000000000711, -51.75000000000000000, 2.250000000000000000 ) ) ;
#5968 = CARTESIAN_POINT ( 'NONE',  ( -18.75000000000000355, -22.74999999999999645, 2.250000000000000000 ) ) ;
#5969 = CARTESIAN_POINT ( 'NONE',  ( 3.585849056603378493, -52.49999999999977263, -1.750000000000000222 ) ) ;
#5970 = CIRCLE ( 'NONE', #1678, 0.5000000000000000000 ) ;
#5971 = ADVANCED_FACE ( 'NONE', ( #5641 ), #3546, .T. ) ;
#5972 = DIRECTION ( 'NONE',  ( 1.000000000000000000, -2.725880335044440844E-15, 0.000000000000000000 ) ) ;
#5973 = EDGE_CURVE ( 'NONE', #2297, #4592, #3443, .T. ) ;
#5974 = EDGE_LOOP ( 'NONE', ( #2291, #2457, #3195, #471 ) ) ;
#5975 = AXIS2_PLACEMENT_3D ( 'NONE', #424, #3272, #4363 ) ;
#5976 = EDGE_LOOP ( 'NONE', ( #4650, #4711, #341, #2234, #744, #5612, #4830, #2645 ) ) ;
#5977 = DIRECTION ( 'NONE',  ( -1.000000000000000000, -1.217613391099363125E-16, 0.000000000000000000 ) ) ;
#5978 = CARTESIAN_POINT ( 'NONE',  ( -1.506651917331945034, 23.25000000000000000, -8.900000000000005684 ) ) ;
#5979 = PLANE ( 'NONE',  #5817 ) ;
#5980 = CARTESIAN_POINT ( 'NONE',  ( -22.10000000000000853, 19.15000000000000213, -0.9999999999999974465 ) ) ;
#5981 = AXIS2_PLACEMENT_3D ( 'NONE', #1396, #2414, #2353 ) ;
#5982 = ADVANCED_FACE ( 'NONE', ( #6092 ), #6025, .F. ) ;
#5983 = ADVANCED_FACE ( 'NONE', ( #1250 ), #4400, .F. ) ;
#5984 = CARTESIAN_POINT ( 'NONE',  ( -3.012339100162039429, 26.50000000000000355, -8.400000000000003908 ) ) ;
#5985 = EDGE_LOOP ( 'NONE', ( #5443, #5372, #4290, #1951 ) ) ;
#5986 = VECTOR ( 'NONE', #184, 1000.000000000000000 ) ;
#5987 = FACE_OUTER_BOUND ( 'NONE', #1608, .T. ) ;
#5988 = DIRECTION ( 'NONE',  ( 1.000000000000000000, 2.182042108146926802E-16, 8.673617379884036458E-16 ) ) ;
#5989 = CARTESIAN_POINT ( 'NONE',  ( 10.21725794671998955, -62.66177191768245081, -1.601363538191189484 ) ) ;
#5990 = CARTESIAN_POINT ( 'NONE',  ( 2.782103687887331604E-15, -39.49999999999999289, 0.000000000000000000 ) ) ;
#5991 = VECTOR ( 'NONE', #3899, 1000.000000000000000 ) ;
#5992 = EDGE_CURVE ( 'NONE', #937, #5181, #5028, .T. ) ;
#5993 = DIRECTION ( 'NONE',  ( -2.182042108146926555E-16, 1.000000000000000000, 0.000000000000000000 ) ) ;
#5994 = CARTESIAN_POINT ( 'NONE',  ( -23.51919000737168020, -19.08603330876109538, -1.518565079760251901 ) ) ;
#5995 = AXIS2_PLACEMENT_3D ( 'NONE', #5335, #1424, #4434 ) ;
#5996 = ORIENTED_EDGE ( 'NONE', *, *, #4769, .F. ) ;
#5997 = CARTESIAN_POINT ( 'NONE',  ( -10.75067503738214114, -62.07070015331455437, -1.660332098760606279 ) ) ;
#5998 = LINE ( 'NONE', #3542, #2028 ) ;
#5999 = LINE ( 'NONE', #1599, #4741 ) ;
#6000 = CARTESIAN_POINT ( 'NONE',  ( -1.322194738923344159, -22.75000000273370659, -8.528856278076977659 ) ) ;
#6001 = VERTEX_POINT ( 'NONE', #1813 ) ;
#6002 = VERTEX_POINT ( 'NONE', #5281 ) ;
#6003 = LINE ( 'NONE', #1797, #905 ) ;
#6004 =( BOUNDED_SURFACE ( )  B_SPLINE_SURFACE ( 3, 2, ( 
 ( #1213, #4113, #5602 ),
 ( #3724, #2292, #210 ),
 ( #6174, #754, #6082 ),
 ( #2163, #5571, #694 ),
 ( #5091, #1692, #2737 ),
 ( #242, #1301, #4701 ),
 ( #4180, #306, #4240 ),
 ( #2260, #2766, #5182 ),
 ( #1242, #1782, #5662 ),
 ( #6148, #2676, #6204 ) ),
 .UNSPECIFIED., .F., .F., .F. ) 
 B_SPLINE_SURFACE_WITH_KNOTS ( ( 4, 2, 2, 2, 4 ),
 ( 3, 3 ),
 ( 0.0006694334117446079039, 0.001061151153238965548, 0.001452868894733322976, 0.001844586636227680404, 0.002236304377722037832 ),
 ( 0.000000000000000000, 1.000000000000000000 ),
 .UNSPECIFIED. ) 
 GEOMETRIC_REPRESENTATION_ITEM ( )  RATIONAL_B_SPLINE_SURFACE ( (
 ( 1.000000000000000000, 0.7386642661985945990, 1.000000000000000000),
 ( 1.000000000000000000, 0.7386698712256249966, 1.000000000000000000),
 ( 1.000000000000000000, 0.7378539685134574144, 1.000000000000000000),
 ( 1.000000000000000000, 0.7347211900361595438, 1.000000000000000000),
 ( 1.000000000000000000, 0.7323993091521885379, 1.000000000000000000),
 ( 1.000000000000000000, 0.7266104531284218737, 1.000000000000000000),
 ( 1.000000000000000000, 0.7230991474271620811, 1.000000000000000000),
 ( 1.000000000000000000, 0.7154789270522675659, 1.000000000000000000),
 ( 1.000000000000000000, 0.7112688910515391205, 1.000000000000000000),
 ( 1.000000000000000000, 0.7071067811864935049, 1.000000000000000000) ) ) 
 REPRESENTATION_ITEM ( '' )  SURFACE ( )  );
#6005 = CARTESIAN_POINT ( 'NONE',  ( -19.22741254263154786, -21.76294035935880089, -0.01728780140353382982 ) ) ;
#6006 = CARTESIAN_POINT ( 'NONE',  ( 22.09999999999999787, -17.74999999999998934, -1.000000000000000000 ) ) ;
#6007 = CARTESIAN_POINT ( 'NONE',  ( -3.035766082959413599E-15, 22.75000000000000000, -8.900000000000011013 ) ) ;
#6008 = VERTEX_POINT ( 'NONE', #6241 ) ;
#6009 = ORIENTED_EDGE ( 'NONE', *, *, #1940, .T. ) ;
#6010 = ADVANCED_FACE ( 'NONE', ( #2834 ), #1333, .T. ) ;
#6011 = LINE ( 'NONE', #80, #1362 ) ;
#6012 = DIRECTION ( 'NONE',  ( -0.000000000000000000, -0.000000000000000000, -1.000000000000000000 ) ) ;
#6013 = DIRECTION ( 'NONE',  ( -0.000000000000000000, 1.000000000000000000, -0.000000000000000000 ) ) ;
#6014 = ORIENTED_EDGE ( 'NONE', *, *, #4366, .F. ) ;
#6015 = VERTEX_POINT ( 'NONE', #4797 ) ;
#6016 = EDGE_CURVE ( 'NONE', #248, #1006, #793, .T. ) ;
#6017 = CARTESIAN_POINT ( 'NONE',  ( 23.94295125126073032, 17.67349582913085015, -2.947945328313042346 ) ) ;
#6018 = DIRECTION ( 'NONE',  ( 8.673617379884036458E-16, 0.000000000000000000, -1.000000000000000000 ) ) ;
#6019 = DIRECTION ( 'NONE',  ( -2.403139825818710681E-16, -1.000000000000000000, -0.000000000000000000 ) ) ;
#6020 = CARTESIAN_POINT ( 'NONE',  ( -9.450000000000004619, -39.99999999999999289, -5.050000000000000711 ) ) ;
#6021 = DIRECTION ( 'NONE',  ( -1.000000000000000000, -2.500502307714316137E-16, -1.250251153857158069E-16 ) ) ;
#6022 = VECTOR ( 'NONE', #19, 1000.000000000000000 ) ;
#6023 = VERTEX_POINT ( 'NONE', #4340 ) ;
#6024 = ADVANCED_FACE ( 'NONE', ( #5790 ), #344, .T. ) ;
#6025 = PLANE ( 'NONE',  #2642 ) ;
#6026 = AXIS2_PLACEMENT_3D ( 'NONE', #6211, #2238, #1334 ) ;
#6027 = CARTESIAN_POINT ( 'NONE',  ( 23.50000000000000355, 17.75000000000000000, 0.000000000000000000 ) ) ;
#6028 = CARTESIAN_POINT ( 'NONE',  ( 233.1464285714397704, -62.00000000000056843, -4.549999999999999822 ) ) ;
#6029 = DIRECTION ( 'NONE',  ( 0.000000000000000000, 0.000000000000000000, 1.000000000000000000 ) ) ;
#6030 = VECTOR ( 'NONE', #5250, 1000.000000000000000 ) ;
#6031 = ORIENTED_EDGE ( 'NONE', *, *, #294, .T. ) ;
#6032 = EDGE_LOOP ( 'NONE', ( #4577, #5223, #5940, #1138 ) ) ;
#6033 = FACE_OUTER_BOUND ( 'NONE', #661, .T. ) ;
#6034 = CARTESIAN_POINT ( 'NONE',  ( -5.000000000000000000, -54.49999999999999289, -8.900000000000007461 ) ) ;
#6035 = DIRECTION ( 'NONE',  ( 1.000000000000000000, 0.000000000000000000, 0.000000000000000000 ) ) ;
#6036 = DIRECTION ( 'NONE',  ( -1.000000000000000000, 0.000000000000000000, 0.000000000000000000 ) ) ;
#6037 = EDGE_LOOP ( 'NONE', ( #271, #1903, #6009, #129 ) ) ;
#6038 = ORIENTED_EDGE ( 'NONE', *, *, #1092, .F. ) ;
#6039 =( BOUNDED_CURVE ( )  B_SPLINE_CURVE ( 3, ( #685, #3173, #1646, #746 ),
 .UNSPECIFIED., .F., .T. ) 
 B_SPLINE_CURVE_WITH_KNOTS ( ( 4, 4 ),
 ( 1.570796326794889897, 3.141592653589765582 ),
 .UNSPECIFIED. ) 
 CURVE ( )  GEOMETRIC_REPRESENTATION_ITEM ( )  RATIONAL_B_SPLINE_CURVE ( ( 1.000000000000000000, 0.8047378541243699335, 0.8047378541243699335, 1.000000000000000000 ) ) 
 REPRESENTATION_ITEM ( '' )  );
#6040 = CARTESIAN_POINT ( 'NONE',  ( 10.45000000000000817, -61.54553470576539098, -2.250000000000000444 ) ) ;
#6041 = CYLINDRICAL_SURFACE ( 'NONE', #4820, 0.5000000000000000000 ) ;
#6042 = FACE_OUTER_BOUND ( 'NONE', #1806, .T. ) ;
#6043 = DIRECTION ( 'NONE',  ( -0.000000000000000000, -1.000000000000000000, -0.000000000000000000 ) ) ;
#6044 = ORIENTED_EDGE ( 'NONE', *, *, #730, .F. ) ;
#6045 = ORIENTED_EDGE ( 'NONE', *, *, #2185, .T. ) ;
#6046 = PLANE ( 'NONE',  #750 ) ;
#6047 = CARTESIAN_POINT ( 'NONE',  ( -23.50000000000000355, 19.15000000000000568, -1.000000000000000000 ) ) ;
#6048 = DIRECTION ( 'NONE',  ( 1.000000000000000000, 0.000000000000000000, 0.000000000000000000 ) ) ;
#6049 = LINE ( 'NONE', #3598, #3008 ) ;
#6050 = EDGE_CURVE ( 'NONE', #99, #3321, #401, .T. ) ;
#6051 = CARTESIAN_POINT ( 'NONE',  ( -22.60738836008570019, -18.64261163991420744, -2.425648136654343201 ) ) ;
#6052 = EDGE_LOOP ( 'NONE', ( #2586, #1271, #1202, #3699, #1241, #5262, #2921, #2563 ) ) ;
#6053 = FACE_OUTER_BOUND ( 'NONE', #3159, .T. ) ;
#6054 = CARTESIAN_POINT ( 'NONE',  ( 7.948326093704751294, -39.49999999999999289, -5.549999999999999822 ) ) ;
#6055 = CARTESIAN_POINT ( 'NONE',  ( 23.50000000000000355, 19.14999999999999858, -3.000000000000000000 ) ) ;
#6056 = FACE_OUTER_BOUND ( 'NONE', #2243, .T. ) ;
#6057 = ADVANCED_FACE ( 'NONE', ( #1873 ), #2770, .T. ) ;
#6058 = CARTESIAN_POINT ( 'NONE',  ( 9.975266182186883768, -62.85093797532528725, -1.750000000000000222 ) ) ;
#6059 = EDGE_CURVE ( 'NONE', #3640, #357, #5067, .T. ) ;
#6060 = ORIENTED_EDGE ( 'NONE', *, *, #1581, .F. ) ;
#6061 = ORIENTED_EDGE ( 'NONE', *, *, #3289, .T. ) ;
#6062 = CIRCLE ( 'NONE', #4211, 1.000000000000000888 ) ;
#6063 = FACE_OUTER_BOUND ( 'NONE', #4288, .T. ) ;
#6064 = CARTESIAN_POINT ( 'NONE',  ( -9.450000000000004619, -61.99999999999999289, -5.050000000000000711 ) ) ;
#6065 = DIRECTION ( 'NONE',  ( 0.000000000000000000, 1.000000000000000000, 0.000000000000000000 ) ) ;
#6066 = DIRECTION ( 'NONE',  ( 1.000000000000000000, 0.000000000000000000, 0.000000000000000000 ) ) ;
#6067 = EDGE_CURVE ( 'NONE', #255, #2697, #4734, .T. ) ;
#6068 = AXIS2_PLACEMENT_3D ( 'NONE', #4254, #5226, #1409 ) ;
#6069 = ORIENTED_EDGE ( 'NONE', *, *, #3334, .T. ) ;
#6070 = ORIENTED_EDGE ( 'NONE', *, *, #3540, .T. ) ;
#6071 = CIRCLE ( 'NONE', #1355, 2.850000000000005418 ) ;
#6072 = CARTESIAN_POINT ( 'NONE',  ( 14.24691522495949059, 22.75000000000000000, -1.200000000000013500 ) ) ;
#6073 = CARTESIAN_POINT ( 'NONE',  ( -15.00000000000000355, -12.50000000000000000, 2.250000000000000000 ) ) ;
#6074 = CARTESIAN_POINT ( 'NONE',  ( -10.84098914198901653, -61.85937236226357072, -1.717269194726536607 ) ) ;
#6075 = CARTESIAN_POINT ( 'NONE',  ( 18.75000000000001066, -23.89999999999999147, 2.250000000000000000 ) ) ;
#6076 = VECTOR ( 'NONE', #3909, 1000.000000000000000 ) ;
#6077 = AXIS2_PLACEMENT_3D ( 'NONE', #3792, #1369, #2302 ) ;
#6078 = ORIENTED_EDGE ( 'NONE', *, *, #4044, .F. ) ;
#6079 = ORIENTED_EDGE ( 'NONE', *, *, #4004, .F. ) ;
#6080 = CIRCLE ( 'NONE', #3296, 0.5000000000000004441 ) ;
#6081 = ORIENTED_EDGE ( 'NONE', *, *, #5374, .T. ) ;
#6082 = CARTESIAN_POINT ( 'NONE',  ( -7.455313016809951066, -39.95557397508347464, -4.681221716500439278 ) ) ;
#6083 = DIRECTION ( 'NONE',  ( -0.000000000000000000, -0.000000000000000000, -1.000000000000000000 ) ) ;
#6084 = AXIS2_PLACEMENT_3D ( 'NONE', #2040, #5058, #2620 ) ;
#6085 = DIRECTION ( 'NONE',  ( -2.532443030623075608E-16, -5.525897329302768101E-32, 1.000000000000000000 ) ) ;
#6086 = CARTESIAN_POINT ( 'NONE',  ( -15.00000000000000711, -52.50000000000000000, -1.250000000000000222 ) ) ;
#6087 = CARTESIAN_POINT ( 'NONE',  ( 10.95000000000000639, -52.25000000000000000, -1.250000000000000222 ) ) ;
#6088 = EDGE_LOOP ( 'NONE', ( #4255, #3392, #3465, #2094 ) ) ;
#6089 = CIRCLE ( 'NONE', #1370, 2.500000000000000000 ) ;
#6090 = EDGE_CURVE ( 'NONE', #2674, #1194, #1612, .T. ) ;
#6091 = AXIS2_PLACEMENT_3D ( 'NONE', #1884, #2874, #5290 ) ;
#6092 = FACE_OUTER_BOUND ( 'NONE', #3623, .T. ) ;
#6093 = CARTESIAN_POINT ( 'NONE',  ( -13.37500000000000000, -27.24999999999999645, -1.250000000000003109 ) ) ;
#6094 = CARTESIAN_POINT ( 'NONE',  ( 10.45000000000000284, -38.99999999999999289, -1.249999999999999778 ) ) ;
#6095 = VECTOR ( 'NONE', #2616, 1000.000000000000000 ) ;
#6096 = FACE_OUTER_BOUND ( 'NONE', #2186, .T. ) ;
#6097 = AXIS2_PLACEMENT_3D ( 'NONE', #2252, #717, #1713 ) ;
#6098 = ORIENTED_EDGE ( 'NONE', *, *, #4683, .F. ) ;
#6099 = ORIENTED_EDGE ( 'NONE', *, *, #878, .F. ) ;
#6100 = EDGE_CURVE ( 'NONE', #1037, #3421, #5198, .T. ) ;
#6101 = CARTESIAN_POINT ( 'NONE',  ( -13.87500000000000000, -39.50000000000000000, 2.249999999999996891 ) ) ;
#6102 = EDGE_CURVE ( 'NONE', #3538, #1288, #5820, .T. ) ;
#6103 = CYLINDRICAL_SURFACE ( 'NONE', #2392, 1.400000000000001910 ) ;
#6104 = DIRECTION ( 'NONE',  ( 0.000000000000000000, -0.000000000000000000, 1.000000000000000000 ) ) ;
#6105 = CARTESIAN_POINT ( 'NONE',  ( -0.4780817385055624591, 22.98836980906402871, -8.900000000000002132 ) ) ;
#6106 = ORIENTED_EDGE ( 'NONE', *, *, #5425, .T. ) ;
#6107 = ORIENTED_EDGE ( 'NONE', *, *, #2249, .F. ) ;
#6108 = EDGE_CURVE ( 'NONE', #607, #4102, #2898, .T. ) ;
#6109 = CARTESIAN_POINT ( 'NONE',  ( 5.000000000000000000, -39.49999999999999289, -8.400000000000003908 ) ) ;
#6110 = CARTESIAN_POINT ( 'NONE',  ( -2.437561882492485477E-15, 22.75000000000000000, -8.900000000000011013 ) ) ;
#6111 = CARTESIAN_POINT ( 'NONE',  ( -20.00000000000000000, -21.49999999999999645, 2.250000000000000000 ) ) ;
#6112 = FACE_OUTER_BOUND ( 'NONE', #1552, .T. ) ;
#6113 = DIRECTION ( 'NONE',  ( 1.000000000000000000, 0.000000000000000000, 0.000000000000000000 ) ) ;
#6114 = ORIENTED_EDGE ( 'NONE', *, *, #5695, .T. ) ;
#6115 = VERTEX_POINT ( 'NONE', #6182 ) ;
#6116 = ORIENTED_EDGE ( 'NONE', *, *, #2750, .T. ) ;
#6117 = CARTESIAN_POINT ( 'NONE',  ( 19.02563293038639003, -21.96192572177439928, -0.07008261830975896778 ) ) ;
#6118 = CARTESIAN_POINT ( 'NONE',  ( 13.29371292923788594, 22.95710678118654968, -8.900000000000003908 ) ) ;
#6119 = LINE ( 'NONE', #817, #6189 ) ;
#6120 = CARTESIAN_POINT ( 'NONE',  ( -22.11289218714818716, -17.74613234385554961, -1.261796208304264200 ) ) ;
#6121 = ORIENTED_EDGE ( 'NONE', *, *, #4656, .F. ) ;
#6122 = CARTESIAN_POINT ( 'NONE',  ( -13.37500000000000000, -27.24999999999999645, -1.750000000000003109 ) ) ;
#6123 = CARTESIAN_POINT ( 'NONE',  ( 18.75000000000001066, -23.89999999999999147, -8.400000000000003908 ) ) ;
#6124 = DIRECTION ( 'NONE',  ( 0.000000000000000000, 0.000000000000000000, 1.000000000000000000 ) ) ;
#6125 = CARTESIAN_POINT ( 'NONE',  ( -9.631757550749803443, 24.30533495199992089, -8.900000000000005684 ) ) ;
#6126 = ADVANCED_FACE ( 'NONE', ( #5473 ), #2882, .F. ) ;
#6127 = ORIENTED_EDGE ( 'NONE', *, *, #4916, .F. ) ;
#6128 = VERTEX_POINT ( 'NONE', #464 ) ;
#6129 = VECTOR ( 'NONE', #3089, 1000.000000000000000 ) ;
#6130 = CIRCLE ( 'NONE', #2839, 13.86419377152116006 ) ;
#6131 = CARTESIAN_POINT ( 'NONE',  ( -13.87500000000000000, -27.24999999999999645, -1.250000000000003553 ) ) ;
#6132 = DIRECTION ( 'NONE',  ( 1.555805808050947011E-16, -0.000000000000000000, -1.000000000000000000 ) ) ;
#6133 = DIRECTION ( 'NONE',  ( 0.000000000000000000, 0.000000000000000000, 1.000000000000000000 ) ) ;
#6134 = LINE ( 'NONE', #5528, #4312 ) ;
#6135 = AXIS2_PLACEMENT_3D ( 'NONE', #5203, #5743, #2760 ) ;
#6136 = ADVANCED_FACE ( 'NONE', ( #1556 ), #5438, .F. ) ;
#6137 = ORIENTED_EDGE ( 'NONE', *, *, #3779, .T. ) ;
#6138 = ORIENTED_EDGE ( 'NONE', *, *, #450, .T. ) ;
#6139 = AXIS2_PLACEMENT_3D ( 'NONE', #5934, #4461, #72 ) ;
#6140 = DIRECTION ( 'NONE',  ( -1.000000000000000000, -2.182042108146926802E-16, 0.000000000000000000 ) ) ;
#6141 = DIRECTION ( 'NONE',  ( 0.000000000000000000, -0.000000000000000000, 1.000000000000000000 ) ) ;
#6142 = CARTESIAN_POINT ( 'NONE',  ( -24.96935565668529478, -19.04785218895079524, -1.644431365561000780 ) ) ;
#6143 = DIRECTION ( 'NONE',  ( -0.000000000000000000, -0.000000000000000000, -1.000000000000000000 ) ) ;
#6144 = EDGE_CURVE ( 'NONE', #3035, #1113, #2450, .T. ) ;
#6145 = EDGE_CURVE ( 'NONE', #1015, #1255, #3323, .T. ) ;
#6146 = ORIENTED_EDGE ( 'NONE', *, *, #2453, .T. ) ;
#6147 = EDGE_LOOP ( 'NONE', ( #6014, #2817, #2118, #2682, #1063, #2432, #5882, #715 ) ) ;
#6148 = CARTESIAN_POINT ( 'NONE',  ( -7.948326093706398865, -39.49999999999999289, -5.550000000000023803 ) ) ;
#6149 = DIRECTION ( 'NONE',  ( 0.000000000000000000, 0.000000000000000000, 1.000000000000000000 ) ) ;
#6150 = CARTESIAN_POINT ( 'NONE',  ( -20.00000000000000711, -12.50000000000000000, 0.000000000000000000 ) ) ;
#6151 = ADVANCED_FACE ( 'NONE', ( #3028 ), #5911, .T. ) ;
#6152 = ORIENTED_EDGE ( 'NONE', *, *, #2792, .T. ) ;
#6153 = CARTESIAN_POINT ( 'NONE',  ( -1.239056725269152448, -23.23100200201274035, -8.900000000000005684 ) ) ;
#6154 = DIRECTION ( 'NONE',  ( 1.000000000000000000, 0.000000000000000000, -0.000000000000000000 ) ) ;
#6155 = CARTESIAN_POINT ( 'NONE',  ( -24.40000000000001279, -17.14999999999998792, -3.000000000000000000 ) ) ;
#6156 = FACE_OUTER_BOUND ( 'NONE', #644, .T. ) ;
#6157 = ORIENTED_EDGE ( 'NONE', *, *, #2316, .T. ) ;
#6158 = ORIENTED_EDGE ( 'NONE', *, *, #3122, .T. ) ;
#6159 = DIRECTION ( 'NONE',  ( 0.000000000000000000, 0.000000000000000000, 1.000000000000000000 ) ) ;
#6160 = LINE ( 'NONE', #739, #353 ) ;
#6161 = CARTESIAN_POINT ( 'NONE',  ( -3.585849056603378493, -52.25000000000000000, -1.750000000000000222 ) ) ;
#6162 = CARTESIAN_POINT ( 'NONE',  ( 5.000000000000000000, -54.49999999999999289, -8.400000000000003908 ) ) ;
#6163 = ORIENTED_EDGE ( 'NONE', *, *, #765, .F. ) ;
#6164 = VERTEX_POINT ( 'NONE', #4960 ) ;
#6165 = DIRECTION ( 'NONE',  ( -1.000000000000000000, -0.000000000000000000, -0.000000000000000000 ) ) ;
#6166 = CARTESIAN_POINT ( 'NONE',  ( 6.944154063330265636, -39.99999999999999289, 2.250000000000000444 ) ) ;
#6167 = CARTESIAN_POINT ( 'NONE',  ( -26.36871708342473042, -19.11871708342464160, -1.441882852138901994 ) ) ;
#6168 = AXIS2_PLACEMENT_3D ( 'NONE', #1956, #2947, #3425 ) ;
#6169 = DIRECTION ( 'NONE',  ( -1.000000000000000000, 0.000000000000000000, 0.000000000000000000 ) ) ;
#6170 = EDGE_LOOP ( 'NONE', ( #4928, #2757, #3281, #2259 ) ) ;
#6171 = AXIS2_PLACEMENT_3D ( 'NONE', #5386, #546, #4838 ) ;
#6172 = AXIS2_PLACEMENT_3D ( 'NONE', #2057, #4463, #6035 ) ;
#6173 = EDGE_LOOP ( 'NONE', ( #5684, #3522, #3869, #4048 ) ) ;
#6174 = CARTESIAN_POINT ( 'NONE',  ( -6.970424199575637303, -39.49999999999999289, -4.812443430121032151 ) ) ;
#6175 = DIRECTION ( 'NONE',  ( -0.000000000000000000, -1.000000000000000000, -0.000000000000000000 ) ) ;
#6176 = EDGE_CURVE ( 'NONE', #4346, #3120, #2962, .T. ) ;
#6177 = FACE_OUTER_BOUND ( 'NONE', #6247, .T. ) ;
#6178 = VECTOR ( 'NONE', #1481, 1000.000000000000000 ) ;
#6179 = CIRCLE ( 'NONE', #1264, 5.000000000000000888 ) ;
#6180 = EDGE_LOOP ( 'NONE', ( #3488, #2195, #4896, #393 ) ) ;
#6181 = CIRCLE ( 'NONE', #3712, 2.500000000000000444 ) ;
#6182 = CARTESIAN_POINT ( 'NONE',  ( 25.00000000000000355, -19.14999999999999858, 0.000000000000000000 ) ) ;
#6183 = EDGE_CURVE ( 'NONE', #2389, #5489, #135, .T. ) ;
#6184 = CARTESIAN_POINT ( 'NONE',  ( 14.24691522495949059, 21.55000000000000071, 0.000000000000000000 ) ) ;
#6185 = DIRECTION ( 'NONE',  ( -1.000000000000000000, 0.000000000000000000, 0.000000000000000000 ) ) ;
#6186 = EDGE_LOOP ( 'NONE', ( #5652, #2471, #5930, #4479, #34 ) ) ;
#6187 = VERTEX_POINT ( 'NONE', #2929 ) ;
#6188 = LINE ( 'NONE', #6101, #5111 ) ;
#6189 = VECTOR ( 'NONE', #4703, 1000.000000000000000 ) ;
#6190 = FILL_AREA_STYLE ('',( #2337 ) ) ;
#6191 = AXIS2_PLACEMENT_3D ( 'NONE', #4844, #2402, #4356 ) ;
#6192 = CARTESIAN_POINT ( 'NONE',  ( -10.10453145656107310, -62.77114522999169566, -1.424684413177575104 ) ) ;
#6193 = ORIENTED_EDGE ( 'NONE', *, *, #2482, .F. ) ;
#6194 = CARTESIAN_POINT ( 'NONE',  ( 2.049999999999999822, -22.99999999999998934, 2.250000000000000000 ) ) ;
#6195 = ORIENTED_EDGE ( 'NONE', *, *, #2102, .F. ) ;
#6196 = CARTESIAN_POINT ( 'NONE',  ( 9.975266182186883768, -51.75000000000000000, 2.250000000000000000 ) ) ;
#6197 = DIRECTION ( 'NONE',  ( -2.182042108146926802E-16, 1.000000000000000000, 0.000000000000000000 ) ) ;
#6198 = FACE_OUTER_BOUND ( 'NONE', #5300, .T. ) ;
#6199 = CARTESIAN_POINT ( 'NONE',  ( -24.92349582913089634, -17.30704874873926968, -2.947945328313028135 ) ) ;
#6200 = DIRECTION ( 'NONE',  ( 0.000000000000000000, 0.000000000000000000, 1.000000000000000000 ) ) ;
#6201 = EDGE_CURVE ( 'NONE', #1795, #1201, #2937, .T. ) ;
#6202 = ORIENTED_EDGE ( 'NONE', *, *, #2256, .T. ) ;
#6203 = ORIENTED_EDGE ( 'NONE', *, *, #5661, .F. ) ;
#6204 = CARTESIAN_POINT ( 'NONE',  ( -7.948326093705566642, -40.00000000000007105, -5.050000000000022915 ) ) ;
#6205 = DIRECTION ( 'NONE',  ( 0.000000000000000000, 0.000000000000000000, 1.000000000000000000 ) ) ;
#6206 = DIRECTION ( 'NONE',  ( 1.000000000000000000, -6.033820786006280787E-16, 0.000000000000000000 ) ) ;
#6207 = EDGE_CURVE ( 'NONE', #3479, #3291, #3061, .T. ) ;
#6208 = EDGE_CURVE ( 'NONE', #3640, #1015, #5060, .T. ) ;
#6209 = ORIENTED_EDGE ( 'NONE', *, *, #3327, .F. ) ;
#6210 = DIRECTION ( 'NONE',  ( 1.000000000000000000, 0.000000000000000000, 0.000000000000000000 ) ) ;
#6211 = CARTESIAN_POINT ( 'NONE',  ( 10.95000000000000462, -52.25000000000000000, -2.250000000000000444 ) ) ;
#6212 = CARTESIAN_POINT ( 'NONE',  ( -15.90000000000000036, -23.89999999999999503, 2.250000000000000000 ) ) ;
#6213 = DIRECTION ( 'NONE',  ( 1.000000000000000000, 0.000000000000000000, -0.000000000000000000 ) ) ;
#6214 = AXIS2_PLACEMENT_3D ( 'NONE', #550, #5867, #1507 ) ;
#6215 = ADVANCED_FACE ( 'NONE', ( #811 ), #2790, .F. ) ;
#6216 = ADVANCED_FACE ( 'NONE', ( #3748 ), #4051, .F. ) ;
#6217 = ORIENTED_EDGE ( 'NONE', *, *, #4617, .T. ) ;
#6218 = ORIENTED_EDGE ( 'NONE', *, *, #3762, .F. ) ;
#6219 = DIRECTION ( 'NONE',  ( 0.000000000000000000, 0.000000000000000000, 1.000000000000000000 ) ) ;
#6220 = CARTESIAN_POINT ( 'NONE',  ( -25.00000000000000000, 19.15000000000000568, -1.000000000000000000 ) ) ;
#6221 = CARTESIAN_POINT ( 'NONE',  ( -24.40000000000000568, 17.75000000000000000, -3.000000000000000000 ) ) ;
#6222 = AXIS2_PLACEMENT_3D ( 'NONE', #372, #3369, #915 ) ;
#6223 = EDGE_CURVE ( 'NONE', #3275, #1287, #4721, .T. ) ;
#6224 = VERTEX_POINT ( 'NONE', #4233 ) ;
#6225 = ORIENTED_EDGE ( 'NONE', *, *, #1286, .T. ) ;
#6226 = ORIENTED_EDGE ( 'NONE', *, *, #3931, .F. ) ;
#6227 = CARTESIAN_POINT ( 'NONE',  ( -7.815738768555181792, -39.98809953144380813, -5.050000000000000711 ) ) ;
#6228 = CARTESIAN_POINT ( 'NONE',  ( -10.44999999999999218, -51.75000000000000000, -2.250000000000000444 ) ) ;
#6229 = FACE_OUTER_BOUND ( 'NONE', #3674, .T. ) ;
#6230 = VECTOR ( 'NONE', #5025, 1000.000000000000000 ) ;
#6231 = DIRECTION ( 'NONE',  ( 0.000000000000000000, 0.000000000000000000, 1.000000000000000000 ) ) ;
#6232 = CIRCLE ( 'NONE', #491, 12.16415094339660108 ) ;
#6233 = CARTESIAN_POINT ( 'NONE',  ( -18.75000000000000355, -22.74999999999999645, 2.250000000000000000 ) ) ;
#6234 = AXIS2_PLACEMENT_3D ( 'NONE', #800, #738, #4223 ) ;
#6235 = ORIENTED_EDGE ( 'NONE', *, *, #4366, .T. ) ;
#6236 = VERTEX_POINT ( 'NONE', #3239 ) ;
#6237 = CARTESIAN_POINT ( 'NONE',  ( 1.506651917331937929, -23.24999999999999645, -8.900000000000005684 ) ) ;
#6238 = CARTESIAN_POINT ( 'NONE',  ( -233.1464285714397704, -62.00000000000056843, 2.250000000000000000 ) ) ;
#6239 = CARTESIAN_POINT ( 'NONE',  ( 8.765423875202550619, 25.25000000000000000, 2.250000000000000000 ) ) ;
#6240 = ORIENTED_EDGE ( 'NONE', *, *, #3068, .F. ) ;
#6241 = CARTESIAN_POINT ( 'NONE',  ( 13.87500000000000000, -27.24999999999999645, -1.249999999999999778 ) ) ;
#6242 = DIRECTION ( 'NONE',  ( 9.773090005503140331E-17, 1.000000000000000000, -0.000000000000000000 ) ) ;
#6243 = EDGE_CURVE ( 'NONE', #3890, #99, #6335, .T. ) ;
#6244 = FACE_OUTER_BOUND ( 'NONE', #15, .T. ) ;
#6245 = EDGE_CURVE ( 'NONE', #4981, #3262, #1918, .T. ) ;
#6246 = CARTESIAN_POINT ( 'NONE',  ( -2.899999999999999911, 9.545306638761546836, -8.900000000000005684 ) ) ;
#6247 = EDGE_LOOP ( 'NONE', ( #3751, #3426, #5022, #3828 ) ) ;
#6248 = VERTEX_POINT ( 'NONE', #2651 ) ;
#6249 = DIRECTION ( 'NONE',  ( -1.000000000000000000, 0.000000000000000000, 0.000000000000000000 ) ) ;
#6250 = B_SPLINE_CURVE_WITH_KNOTS ( 'NONE', 3,
 ( #2350, #3814, #4790, #3784, #5276, #2476, #3303, #396, #4298, #1489, #2443, #3396, #48, #1453, #3877, #460 ),
 .UNSPECIFIED., .F., .F.,
 ( 4, 2, 2, 2, 2, 2, 2, 4 ),
 ( 0.000000000000000000, 0.001294145430571522247, 0.002588290861143044495, 0.003235363576428811148, 0.003882436291714576933, 0.004529509007000344020, 0.004853045364643226479, 0.005176581722286108939 ),
 .UNSPECIFIED. ) ;
#6251 = DIRECTION ( 'NONE',  ( -6.033820786006295184E-15, 1.000000000000000000, 0.000000000000000000 ) ) ;
#6252 = ADVANCED_FACE ( 'NONE', ( #6229 ), #1654, .T. ) ;
#6253 = EDGE_CURVE ( 'NONE', #3121, #1476, #4272, .T. ) ;
#6254 = CARTESIAN_POINT ( 'NONE',  ( -10.44999999999999574, -38.99999999999999289, -8.900000000000005684 ) ) ;
#6255 = ORIENTED_EDGE ( 'NONE', *, *, #680, .T. ) ;
#6256 = ORIENTED_EDGE ( 'NONE', *, *, #2364, .F. ) ;
#6257 = ORIENTED_EDGE ( 'NONE', *, *, #4052, .F. ) ;
#6258 = CARTESIAN_POINT ( 'NONE',  ( -7.685363662591771394, -39.97635407866157209, -4.996694487034140764 ) ) ;
#6259 = DIRECTION ( 'NONE',  ( -1.555805808050947751E-16, 0.000000000000000000, 1.000000000000000000 ) ) ;
#6260 = EDGE_CURVE ( 'NONE', #6224, #5331, #1296, .T. ) ;
#6261 = LINE ( 'NONE', #1862, #4527 ) ;
#6262 = ORIENTED_EDGE ( 'NONE', *, *, #3339, .F. ) ;
#6263 = ORIENTED_EDGE ( 'NONE', *, *, #4765, .T. ) ;
#6264 = VECTOR ( 'NONE', #1418, 1000.000000000000000 ) ;
#6265 = CARTESIAN_POINT ( 'NONE',  ( 10.95000000000000462, -51.75000000000000000, -1.250000000000000222 ) ) ;
#6266 = CARTESIAN_POINT ( 'NONE',  ( 18.75000000000000711, -22.74999999999999289, -50.11272994626617816 ) ) ;
#6267 = CARTESIAN_POINT ( 'NONE',  ( -22.91378550462075481, 18.33621449537925230, -2.686370562400853146 ) ) ;
#6268 = CIRCLE ( 'NONE', #643, 3.000000000000002665 ) ;
#6269 = ORIENTED_EDGE ( 'NONE', *, *, #2860, .F. ) ;
#6270 = DIRECTION ( 'NONE',  ( -2.182042108146926802E-16, 1.000000000000000000, -0.000000000000000000 ) ) ;
#6271 = CARTESIAN_POINT ( 'NONE',  ( -18.25000000000000355, -22.74999999999999645, -8.400000000000003908 ) ) ;
#6272 = DIRECTION ( 'NONE',  ( 0.000000000000000000, 0.000000000000000000, -1.000000000000000000 ) ) ;
#6273 = VECTOR ( 'NONE', #4576, 1000.000000000000000 ) ;
#6274 = CARTESIAN_POINT ( 'NONE',  ( -25.00000000000000711, -19.14999999999999858, -1.000000000000000000 ) ) ;
#6275 = DIRECTION ( 'NONE',  ( 0.000000000000000000, 0.000000000000000000, 1.000000000000000000 ) ) ;
#6276 = DIRECTION ( 'NONE',  ( 0.000000000000000000, 0.000000000000000000, -1.000000000000000000 ) ) ;
#6277 = EDGE_LOOP ( 'NONE', ( #2430, #5324, #4295, #6218, #4600 ) ) ;
#6278 = ORIENTED_EDGE ( 'NONE', *, *, #3969, .F. ) ;
#6279 = ADVANCED_FACE ( 'NONE', ( #5574 ), #901, .F. ) ;
#6280 = DIRECTION ( 'NONE',  ( -1.000000000000000000, 0.000000000000000000, 4.336808689942017736E-17 ) ) ;
#6281 = DIRECTION ( 'NONE',  ( 0.000000000000000000, 0.000000000000000000, 1.000000000000000000 ) ) ;
#6282 = AXIS2_PLACEMENT_3D ( 'NONE', #1716, #2191, #3146 ) ;
#6283 = CARTESIAN_POINT ( 'NONE',  ( 26.17557199904497267, -18.92557199904503662, -2.015003415308032508 ) ) ;
#6284 = ORIENTED_EDGE ( 'NONE', *, *, #5088, .F. ) ;
#6285 = EDGE_CURVE ( 'NONE', #357, #428, #3125, .T. ) ;
#6286 = LINE ( 'NONE', #1152, #2122 ) ;
#6287 = ORIENTED_EDGE ( 'NONE', *, *, #5346, .F. ) ;
#6288 = ADVANCED_FACE ( 'NONE', ( #6198 ), #2285, .F. ) ;
#6289 = AXIS2_PLACEMENT_3D ( 'NONE', #1674, #1739, #3168 ) ;
#6290 = CARTESIAN_POINT ( 'NONE',  ( -8.765423875202550619, 25.25000000000000000, 2.250000000000000000 ) ) ;
#6291 = DIRECTION ( 'NONE',  ( 1.000000000000000000, 0.000000000000000000, 0.000000000000000000 ) ) ;
#6292 = AXIS2_PLACEMENT_3D ( 'NONE', #933, #5296, #3266 ) ;
#6293 = CARTESIAN_POINT ( 'NONE',  ( 26.40000000000000213, 17.75000000000000000, -1.000000000000000000 ) ) ;
#6294 = AXIS2_PLACEMENT_3D ( 'NONE', #4766, #4270, #3247 ) ;
#6295 = AXIS2_PLACEMENT_3D ( 'NONE', #5141, #2758, #3686 ) ;
#6296 = ORIENTED_EDGE ( 'NONE', *, *, #6341, .F. ) ;
#6297 = ADVANCED_FACE ( 'NONE', ( #1148 ), #4070, .T. ) ;
#6298 = ORIENTED_EDGE ( 'NONE', *, *, #5472, .T. ) ;
#6299 = LINE ( 'NONE', #1932, #2380 ) ;
#6300 = DIRECTION ( 'NONE',  ( 0.000000000000000000, -1.000000000000000000, 0.000000000000000000 ) ) ;
#6301 = CARTESIAN_POINT ( 'NONE',  ( -23.75534103027902688, 17.49465896972097667, -2.985108054652990894 ) ) ;
#6302 = VERTEX_POINT ( 'NONE', #153 ) ;
#6303 = DIRECTION ( 'NONE',  ( -1.000000000000000000, 0.000000000000000000, 0.000000000000000000 ) ) ;
#6304 = CARTESIAN_POINT ( 'NONE',  ( 7.071020895338760326, -39.49999999999999289, -5.053727808595339432 ) ) ;
#6305 = CARTESIAN_POINT ( 'NONE',  ( 1.069243561843536305, -22.89305012932889838, -8.900000000000225953 ) ) ;
#6306 = FACE_OUTER_BOUND ( 'NONE', #1609, .T. ) ;
#6307 = CARTESIAN_POINT ( 'NONE',  ( 25.90677359501686183, 17.60203207850508278, -2.321653529729332810 ) ) ;
#6308 = DIRECTION ( 'NONE',  ( -0.000000000000000000, -0.000000000000000000, 1.000000000000000000 ) ) ;
#6309 = ORIENTED_EDGE ( 'NONE', *, *, #2135, .T. ) ;
#6310 = ORIENTED_EDGE ( 'NONE', *, *, #169, .T. ) ;
#6311 = FACE_OUTER_BOUND ( 'NONE', #4274, .T. ) ;
#6312 = DIRECTION ( 'NONE',  ( -0.000000000000000000, -0.000000000000000000, -1.000000000000000000 ) ) ;
#6313 = CARTESIAN_POINT ( 'NONE',  ( 10.45000000000000817, -61.85179328473745386, -2.229142143561538614 ) ) ;
#6314 = VECTOR ( 'NONE', #4386, 1000.000000000000000 ) ;
#6315 = EDGE_CURVE ( 'NONE', #409, #5481, #2236, .T. ) ;
#6316 = CARTESIAN_POINT ( 'NONE',  ( -13.37500000000000000, -26.74999999999999645, -1.250000000000003109 ) ) ;
#6317 = ORIENTED_EDGE ( 'NONE', *, *, #3604, .T. ) ;
#6318 = DIRECTION ( 'NONE',  ( 2.182042108146926802E-16, -1.000000000000000000, -0.000000000000000000 ) ) ;
#6319 = ORIENTED_EDGE ( 'NONE', *, *, #4203, .T. ) ;
#6320 = CARTESIAN_POINT ( 'NONE',  ( -23.50000000000000355, -17.14999999999998792, -1.000000000000000000 ) ) ;
#6321 = LINE ( 'NONE', #1385, #6178 ) ;
#6322 = EDGE_CURVE ( 'NONE', #3723, #4402, #1832, .T. ) ;
#6323 = CARTESIAN_POINT ( 'NONE',  ( 1.104798575694278640, 22.74999999726627919, -8.648303833442795963 ) ) ;
#6324 = AXIS2_PLACEMENT_3D ( 'NONE', #4580, #2683, #2656 ) ;
#6325 = EDGE_LOOP ( 'NONE', ( #2481, #489, #5016, #399 ) ) ;
#6326 = ORIENTED_EDGE ( 'NONE', *, *, #883, .T. ) ;
#6327 =( GEOMETRIC_REPRESENTATION_CONTEXT ( 3 ) GLOBAL_UNCERTAINTY_ASSIGNED_CONTEXT ( ( #1860 ) ) GLOBAL_UNIT_ASSIGNED_CONTEXT ( ( #3260, #4970, #611 ) ) REPRESENTATION_CONTEXT ( 'NONE', 'WORKASPACE' ) );
#6328 = CARTESIAN_POINT ( 'NONE',  ( -9.949999999999990408, -61.99999999999999289, -5.050000000000000711 ) ) ;
#6329 = DIRECTION ( 'NONE',  ( 1.000000000000000000, 0.000000000000000000, 0.000000000000000000 ) ) ;
#6330 = DIRECTION ( 'NONE',  ( 1.000000000000000000, 0.000000000000000000, 0.000000000000000000 ) ) ;
#6331 = ADVANCED_FACE ( 'NONE', ( #2589 ), #5838, .T. ) ;
#6332 = AXIS2_PLACEMENT_3D ( 'NONE', #1737, #3198, #5134 ) ;
#6333 = CARTESIAN_POINT ( 'NONE',  ( -9.975266182186883768, -62.85093797532528725, -1.250000000000000222 ) ) ;
#6334 = ORIENTED_EDGE ( 'NONE', *, *, #3800, .T. ) ;
#6335 =( BOUNDED_CURVE ( )  B_SPLINE_CURVE ( 3, ( #1804, #5716, #212, #2165 ),
 .UNSPECIFIED., .F., .T. ) 
 B_SPLINE_CURVE_WITH_KNOTS ( ( 4, 4 ),
 ( 4.712388980384689674, 6.283185307179586232 ),
 .UNSPECIFIED. ) 
 CURVE ( )  GEOMETRIC_REPRESENTATION_ITEM ( )  RATIONAL_B_SPLINE_CURVE ( ( 1.000000000000000000, 0.8047378541243649375, 0.8047378541243649375, 1.000000000000000000 ) ) 
 REPRESENTATION_ITEM ( '' )  );
#6336 = DIRECTION ( 'NONE',  ( 0.000000000000000000, 0.000000000000000000, 1.000000000000000000 ) ) ;
#6337 = CARTESIAN_POINT ( 'NONE',  ( 10.28024118068787907, -62.59178767470960025, -1.529628268237406941 ) ) ;
#6338 = AXIS2_PLACEMENT_3D ( 'NONE', #925, #2873, #5352 ) ;
#6339 = DIRECTION ( 'NONE',  ( 0.000000000000000000, 1.000000000000000000, 0.000000000000000000 ) ) ;
#6340 = CARTESIAN_POINT ( 'NONE',  ( -24.40000000000001279, -17.14999999999998792, -3.000000000000000000 ) ) ;
#6341 = EDGE_CURVE ( 'NONE', #937, #3375, #3358, .T. ) ;
#6342 = CARTESIAN_POINT ( 'NONE',  ( 25.62909349708559503, 17.51872804912562742, -2.599333627660605384 ) ) ;
#6343 = DIRECTION ( 'NONE',  ( 0.000000000000000000, 0.000000000000000000, 1.000000000000000000 ) ) ;
#6344 = ORIENTED_EDGE ( 'NONE', *, *, #3122, .F. ) ;
#6345 = ORIENTED_EDGE ( 'NONE', *, *, #169, .F. ) ;
#6346 = CARTESIAN_POINT ( 'NONE',  ( 25.75000000000001066, 21.50000000000000000, 0.000000000000000000 ) ) ;
#6347 = DIRECTION ( 'NONE',  ( 0.000000000000000000, -0.000000000000000000, 1.000000000000000000 ) ) ;
#6348 = CARTESIAN_POINT ( 'NONE',  ( 13.66789321881345209, -39.29289321881344677, -1.749999999999999556 ) ) ;
#6349 = CARTESIAN_POINT ( 'NONE',  ( 2.782103687887331604E-15, -39.49999999999999289, 0.000000000000000000 ) ) ;
ENDSEC;
END-ISO-10303-21;
