ISO-10303-21;
HEADER;
FILE_DESCRIPTION (( 'STEP AP214' ),
    '1' );
FILE_NAME ('Main case.STEP',
    '2025-04-22T17:41:07',
    ( '' ),
    ( '' ),
    'SwSTEP 2.0',
    'SolidWorks 2023',
    '' );
FILE_SCHEMA (( 'AUTOMOTIVE_DESIGN' ));
ENDSEC;

DATA;
#1 = DIRECTION ( 'NONE',  ( -1.000000000000000000, -0.000000000000000000, 8.260587980841940012E-17 ) ) ;
#2 = CARTESIAN_POINT ( 'NONE',  ( -22.00000000000000355, 1.000000000000000000, -22.50000000000000355 ) ) ;
#3 = EDGE_LOOP ( 'NONE', ( #4061, #694, #4390, #4248 ) ) ;
#4 = EDGE_LOOP ( 'NONE', ( #4547, #2770, #3936, #3223, #2118, #3998, #4127, #4391 ) ) ;
#5 = CARTESIAN_POINT ( 'NONE',  ( -2.369999999999989004, 5.609767725458016940, 22.45000000000000639 ) ) ;
#6 = CARTESIAN_POINT ( 'NONE',  ( -13.42000000000000348, 18.80000000000001492, 21.66666666666666785 ) ) ;
#7 = FACE_OUTER_BOUND ( 'NONE', #4841, .T. ) ;
#8 = ORIENTED_EDGE ( 'NONE', *, *, #587, .F. ) ;
#9 = EDGE_CURVE ( 'NONE', #133, #29, #699, .T. ) ;
#10 = CARTESIAN_POINT ( 'NONE',  ( -0.5907167863672377894, 4.898362278873551467, 21.25000000000000355 ) ) ;
#11 = CARTESIAN_POINT ( 'NONE',  ( 1.193576948582727670, 3.849126245145829461, -21.25000000000000000 ) ) ;
#12 = DIRECTION ( 'NONE',  ( 0.000000000000000000, 0.000000000000000000, -1.000000000000000000 ) ) ;
#13 = VERTEX_POINT ( 'NONE', #2644 ) ;
#14 = EDGE_CURVE ( 'NONE', #3687, #3208, #1927, .T. ) ;
#15 = CARTESIAN_POINT ( 'NONE',  ( 21.16666666666666430, -43.57960786344599313, -21.66666666666666785 ) ) ;
#16 = DIRECTION ( 'NONE',  ( 1.000000000000000000, -0.000000000000000000, 0.000000000000000000 ) ) ;
#17 = PRODUCT_DEFINITION ( 'UNKNOWN', '', #966, #3135 ) ;
#18 = CARTESIAN_POINT ( 'NONE',  ( -4.519999999999994245, 0.000000000000000000, 19.99999999999999645 ) ) ;
#19 = VERTEX_POINT ( 'NONE', #4575 ) ;
#20 = EDGE_CURVE ( 'NONE', #3198, #3394, #3492, .T. ) ;
#21 = EDGE_CURVE ( 'NONE', #727, #4919, #2700, .T. ) ;
#22 = VERTEX_POINT ( 'NONE', #1900 ) ;
#23 = EDGE_LOOP ( 'NONE', ( #623, #1447, #2299, #877 ) ) ;
#24 = PRODUCT_RELATED_PRODUCT_CATEGORY ( 'part', '', ( #1575 ) ) ;
#25 = FACE_OUTER_BOUND ( 'NONE', #2516, .T. ) ;
#26 = DIRECTION ( 'NONE',  ( 1.000000000000000000, 0.000000000000000000, 0.000000000000000000 ) ) ;
#27 = DIRECTION ( 'NONE',  ( 0.000000000000000000, -1.000000000000000000, -6.122553444624023009E-17 ) ) ;
#28 = ORIENTED_EDGE ( 'NONE', *, *, #3660, .T. ) ;
#29 = VERTEX_POINT ( 'NONE', #1063 ) ;
#30 = AXIS2_PLACEMENT_3D ( 'NONE', #4797, #3976, #79 ) ;
#31 = CARTESIAN_POINT ( 'NONE',  ( 27.25000000000001066, 0.000000000000000000, 18.49999999999999645 ) ) ;
#32 = AXIS2_PLACEMENT_3D ( 'NONE', #1751, #2806, #1262 ) ;
#33 = FACE_OUTER_BOUND ( 'NONE', #3798, .T. ) ;
#34 = FACE_OUTER_BOUND ( 'NONE', #451, .T. ) ;
#35 = EDGE_LOOP ( 'NONE', ( #4899, #4698, #188, #2960 ) ) ;
#36 = VECTOR ( 'NONE', #3159, 1000.000000000000000 ) ;
#37 = VECTOR ( 'NONE', #1102, 1000.000000000000000 ) ;
#38 = DIRECTION ( 'NONE',  ( 1.000000000000000000, 0.000000000000000000, 0.000000000000000000 ) ) ;
#39 =( NAMED_UNIT ( * ) PLANE_ANGLE_UNIT ( ) SI_UNIT ( $, .RADIAN. ) );
#40 = DIRECTION ( 'NONE',  ( 1.000000000000000000, 0.000000000000000000, -0.000000000000000000 ) ) ;
#41 = CIRCLE ( 'NONE', #2163, 1.850000000000004530 ) ;
#42 = ORIENTED_EDGE ( 'NONE', *, *, #3585, .F. ) ;
#43 = AXIS2_PLACEMENT_3D ( 'NONE', #1975, #40, #3625 ) ;
#44 = LINE ( 'NONE', #1265, #3137 ) ;
#45 = CARTESIAN_POINT ( 'NONE',  ( -1.169999999999989493, 6.380000000000023874, 21.25000000000000000 ) ) ;
#46 = ADVANCED_FACE ( 'NONE', ( #1493 ), #5007, .F. ) ;
#47 = DIRECTION ( 'NONE',  ( -2.202823461557850341E-16, -0.000000000000000000, -1.000000000000000000 ) ) ;
#48 = VERTEX_POINT ( 'NONE', #5028 ) ;
#49 = VERTEX_POINT ( 'NONE', #1519 ) ;
#50 = ORIENTED_EDGE ( 'NONE', *, *, #3283, .F. ) ;
#51 = LINE ( 'NONE', #2366, #4048 ) ;
#52 = EDGE_CURVE ( 'NONE', #4088, #4780, #4672, .T. ) ;
#53 = DIRECTION ( 'NONE',  ( 0.000000000000000000, 0.000000000000000000, -1.000000000000000000 ) ) ;
#54 = DIRECTION ( 'NONE',  ( 0.000000000000000000, 0.000000000000000000, -1.000000000000000000 ) ) ;
#55 = VERTEX_POINT ( 'NONE', #4653 ) ;
#56 = AXIS2_PLACEMENT_3D ( 'NONE', #2486, #1227, #2800 ) ;
#57 = EDGE_CURVE ( 'NONE', #68, #2555, #4167, .T. ) ;
#58 = CARTESIAN_POINT ( 'NONE',  ( 0.3102322745419934802, 3.550000000000016254, 22.45000000000000639 ) ) ;
#59 = ADVANCED_FACE ( 'NONE', ( #3600 ), #1377, .T. ) ;
#60 = CARTESIAN_POINT ( 'NONE',  ( -13.42000000000000348, 17.00000000000000000, 21.66666666666666785 ) ) ;
#61 = CARTESIAN_POINT ( 'NONE',  ( 17.91666666666666075, 17.00000000000000711, 21.66666666666666075 ) ) ;
#62 = AXIS2_PLACEMENT_3D ( 'NONE', #924, #2954, #3337 ) ;
#63 = ORIENTED_EDGE ( 'NONE', *, *, #276, .T. ) ;
#64 = FACE_OUTER_BOUND ( 'NONE', #1107, .T. ) ;
#65 = AXIS2_PLACEMENT_3D ( 'NONE', #4965, #3428, #2661 ) ;
#66 = CARTESIAN_POINT ( 'NONE',  ( -2.369999999999989448, 5.920000000000011475, -22.45000000000000284 ) ) ;
#67 = FACE_OUTER_BOUND ( 'NONE', #599, .T. ) ;
#68 = VERTEX_POINT ( 'NONE', #493 ) ;
#69 = CARTESIAN_POINT ( 'NONE',  ( 4.519999999999994245, 10.05000000000000959, 18.85309986098562263 ) ) ;
#70 = CARTESIAN_POINT ( 'NONE',  ( -27.50000000000000355, 4.000000000000000000, -17.75000000000000000 ) ) ;
#71 = FACE_OUTER_BOUND ( 'NONE', #4262, .T. ) ;
#72 = DIRECTION ( 'NONE',  ( -9.427844978134476553E-16, -1.000000000000000000, 0.000000000000000000 ) ) ;
#73 = ORIENTED_EDGE ( 'NONE', *, *, #1525, .F. ) ;
#74 = ORIENTED_EDGE ( 'NONE', *, *, #1467, .T. ) ;
#75 = ORIENTED_EDGE ( 'NONE', *, *, #4839, .T. ) ;
#76 = EDGE_CURVE ( 'NONE', #22, #4550, #1209, .T. ) ;
#77 = DIRECTION ( 'NONE',  ( 1.000000000000000000, 5.077500907938790172E-33, -8.195543980992792121E-17 ) ) ;
#78 = CARTESIAN_POINT ( 'NONE',  ( -21.16666666666666430, 17.00000000000000355, 2.550000000000010925 ) ) ;
#79 = DIRECTION ( 'NONE',  ( -1.000000000000000000, 0.000000000000000000, 0.000000000000000000 ) ) ;
#80 = ORIENTED_EDGE ( 'NONE', *, *, #5059, .T. ) ;
#81 = B_SPLINE_CURVE_WITH_KNOTS ( 'NONE', 3,
 ( #2084, #3661, #3477, #3844, #3427, #1073, #1452, #1479, #3097, #3819 ),
 .UNSPECIFIED., .F., .F.,
 ( 4, 2, 2, 2, 4 ),
 ( 0.000000000000000000, 0.2500000000000000000, 0.5000000000000000000, 0.7500000000000000000, 1.000000000000000000 ),
 .UNSPECIFIED. ) ;
#82 = ORIENTED_EDGE ( 'NONE', *, *, #1730, .F. ) ;
#83 = EDGE_CURVE ( 'NONE', #1821, #232, #935, .T. ) ;
#84 = CARTESIAN_POINT ( 'NONE',  ( -2.369999999999989893, 5.920000000000007923, 22.45000000000000284 ) ) ;
#85 = DIRECTION ( 'NONE',  ( 0.000000000000000000, 0.000000000000000000, -1.000000000000000000 ) ) ;
#86 = ADVANCED_FACE ( 'NONE', ( #3988 ), #4066, .T. ) ;
#87 = CARTESIAN_POINT ( 'NONE',  ( -4.750000000000004441, 18.80000000000001137, -9.545306638761546836 ) ) ;
#88 = ORIENTED_EDGE ( 'NONE', *, *, #4200, .T. ) ;
#89 = EDGE_CURVE ( 'NONE', #4520, #727, #4808, .T. ) ;
#90 = EDGE_CURVE ( 'NONE', #2739, #4445, #2834, .T. ) ;
#91 = CARTESIAN_POINT ( 'NONE',  ( 0.1547873186816534907, 4.749927707553049494, 21.25000000000000000 ) ) ;
#92 = CARTESIAN_POINT ( 'NONE',  ( -2.070873754854107851, 4.726423051417294907, -22.45000000000000284 ) ) ;
#93 = DIRECTION ( 'NONE',  ( -0.000000000000000000, 1.000000000000000000, -0.000000000000000000 ) ) ;
#94 = CARTESIAN_POINT ( 'NONE',  ( -2.369999999999990337, 5.920000000000007923, -21.25000000000000000 ) ) ;
#95 = ORIENTED_EDGE ( 'NONE', *, *, #652, .T. ) ;
#96 = CYLINDRICAL_SURFACE ( 'NONE', #2649, 1.000000000000000888 ) ;
#97 = DIRECTION ( 'NONE',  ( -0.000000000000000000, -0.000000000000000000, 1.000000000000000000 ) ) ;
#98 = CARTESIAN_POINT ( 'NONE',  ( -25.00000000000000000, 0.000000000000000000, 17.75000000000000000 ) ) ;
#99 = CARTESIAN_POINT ( 'NONE',  ( 2.369999999999994333, 6.380000000000024762, -22.45000000000000284 ) ) ;
#100 = ORIENTED_EDGE ( 'NONE', *, *, #2239, .T. ) ;
#101 = ORIENTED_EDGE ( 'NONE', *, *, #1498, .T. ) ;
#102 = VERTEX_POINT ( 'NONE', #2465 ) ;
#103 = CARTESIAN_POINT ( 'NONE',  ( -29.75000000000001066, 3.000000000000000000, 6.166666666666664298 ) ) ;
#104 =( BOUNDED_CURVE ( )  B_SPLINE_CURVE ( 2, ( #1135, #2699, #747 ),
 .UNSPECIFIED., .F., .T. ) 
 B_SPLINE_CURVE_WITH_KNOTS ( ( 3, 3 ),
 ( 0.000000000000000000, 1.000000000000000000 ),
 .UNSPECIFIED. ) 
 CURVE ( )  GEOMETRIC_REPRESENTATION_ITEM ( )  RATIONAL_B_SPLINE_CURVE ( ( 1.000000000000000000, 0.7071067811865476838, 1.000000000000000000 ) ) 
 REPRESENTATION_ITEM ( '' )  );
#105 = CARTESIAN_POINT ( 'NONE',  ( 25.75000000000001421, 4.000000000000000000, -18.50000000000000355 ) ) ;
#106 = FACE_OUTER_BOUND ( 'NONE', #2318, .T. ) ;
#107 = ORIENTED_EDGE ( 'NONE', *, *, #1928, .F. ) ;
#108 = ORIENTED_EDGE ( 'NONE', *, *, #3494, .T. ) ;
#109 = LINE ( 'NONE', #4491, #3077 ) ;
#110 = PLANE ( 'NONE',  #1776 ) ;
#111 = DIRECTION ( 'NONE',  ( 0.000000000000000000, 0.000000000000000000, 1.000000000000000000 ) ) ;
#112 = ORIENTED_EDGE ( 'NONE', *, *, #113, .T. ) ;
#113 = EDGE_CURVE ( 'NONE', #1417, #1590, #2030, .T. ) ;
#114 = VECTOR ( 'NONE', #2462, 1000.000000000000000 ) ;
#115 = DIRECTION ( 'NONE',  ( 0.000000000000000000, 1.000000000000000000, 0.000000000000000000 ) ) ;
#116 = DIRECTION ( 'NONE',  ( 1.000000000000000000, 0.000000000000000000, -0.000000000000000000 ) ) ;
#117 = DIRECTION ( 'NONE',  ( 0.000000000000000000, 0.000000000000000000, -1.000000000000000000 ) ) ;
#118 = DIRECTION ( 'NONE',  ( 1.601283208593976254E-16, -6.195440985631452852E-17, 1.000000000000000000 ) ) ;
#119 = ORIENTED_EDGE ( 'NONE', *, *, #479, .F. ) ;
#120 = ADVANCED_FACE ( 'NONE', ( #3654 ), #169, .T. ) ;
#121 = EDGE_CURVE ( 'NONE', #1152, #4352, #2885, .T. ) ;
#122 = PLANE ( 'NONE',  #4617 ) ;
#123 = VECTOR ( 'NONE', #4505, 1000.000000000000000 ) ;
#124 = LINE ( 'NONE', #1678, #123 ) ;
#125 = CARTESIAN_POINT ( 'NONE',  ( -4.519999999999994245, 1.625000000000001332, -19.35000000000000853 ) ) ;
#126 = DIRECTION ( 'NONE',  ( -1.000000000000000000, 9.427844978134476553E-16, 0.000000000000000000 ) ) ;
#127 = EDGE_LOOP ( 'NONE', ( #2103, #2738, #3753, #3148 ) ) ;
#128 = VECTOR ( 'NONE', #2217, 1000.000000000000000 ) ;
#129 = ORIENTED_EDGE ( 'NONE', *, *, #922, .F. ) ;
#130 = CARTESIAN_POINT ( 'NONE',  ( -4.519999999999994245, 10.05000000000000959, 20.99999999999999645 ) ) ;
#131 = LINE ( 'NONE', #1276, #3193 ) ;
#132 = CARTESIAN_POINT ( 'NONE',  ( -18.75000000000000355, 4.000000000000000000, -22.50000000000000355 ) ) ;
#133 = VERTEX_POINT ( 'NONE', #1342 ) ;
#134 = ORIENTED_EDGE ( 'NONE', *, *, #1195, .T. ) ;
#135 = CARTESIAN_POINT ( 'NONE',  ( -19.81348418192123262, 1.625000000000001332, -19.35000000000000853 ) ) ;
#136 = CARTESIAN_POINT ( 'NONE',  ( -2.369999999951361236, 5.609711817632561548, 21.25000000000000000 ) ) ;
#137 = VECTOR ( 'NONE', #2042, 1000.000000000000000 ) ;
#138 = CARTESIAN_POINT ( 'NONE',  ( 21.64000000000000767, 0.000000000000000000, 19.99999999999999645 ) ) ;
#139 = ORIENTED_EDGE ( 'NONE', *, *, #4777, .F. ) ;
#140 = FACE_OUTER_BOUND ( 'NONE', #235, .T. ) ;
#141 = EDGE_CURVE ( 'NONE', #3615, #258, #4833, .T. ) ;
#142 = VECTOR ( 'NONE', #4351, 1000.000000000000000 ) ;
#143 = DIRECTION ( 'NONE',  ( -1.000000000000000000, -1.015500181587757898E-32, 1.639108796198558178E-16 ) ) ;
#144 = CARTESIAN_POINT ( 'NONE',  ( 25.75000000000001421, 0.000000000000000000, -20.00000000000000355 ) ) ;
#145 = CARTESIAN_POINT ( 'NONE',  ( -23.49999999999999645, 0.000000000000000000, 17.75000000000000000 ) ) ;
#146 = DIRECTION ( 'NONE',  ( 0.000000000000000000, -6.195440985631452852E-17, 1.000000000000000000 ) ) ;
#147 = ORIENTED_EDGE ( 'NONE', *, *, #1150, .F. ) ;
#148 = CIRCLE ( 'NONE', #2846, 4.000000000000000000 ) ;
#149 = DIRECTION ( 'NONE',  ( -1.000000000000000000, 0.000000000000000000, 0.000000000000000000 ) ) ;
#150 = EDGE_CURVE ( 'NONE', #29, #3971, #4695, .T. ) ;
#151 = DIRECTION ( 'NONE',  ( -2.490059188130996632E-32, 1.000000000000000000, -9.427844978134805410E-17 ) ) ;
#152 = CARTESIAN_POINT ( 'NONE',  ( 2.770070464751050862E-15, 6.380000000000024762, 21.25000000000000000 ) ) ;
#153 = CARTESIAN_POINT ( 'NONE',  ( 2.369999999999994333, 6.380000000000023874, -21.25000000000000000 ) ) ;
#154 = PLANE ( 'NONE',  #5045 ) ;
#155 = EDGE_LOOP ( 'NONE', ( #3269, #1689, #1999, #3601, #4591, #4799, #3837, #3822, #1573 ) ) ;
#156 = VERTEX_POINT ( 'NONE', #2914 ) ;
#157 = CARTESIAN_POINT ( 'NONE',  ( 27.50000000000000355, 4.000000000000000000, 17.75000000000000000 ) ) ;
#158 = CARTESIAN_POINT ( 'NONE',  ( 8.583333333333335702, 3.000000000000000000, -22.50000000000000355 ) ) ;
#159 = DIRECTION ( 'NONE',  ( 0.000000000000000000, 0.000000000000000000, -1.000000000000000000 ) ) ;
#160 = VERTEX_POINT ( 'NONE', #1724 ) ;
#161 = EDGE_LOOP ( 'NONE', ( #1391, #80, #4402, #2351 ) ) ;
#162 = CARTESIAN_POINT ( 'NONE',  ( -1.193576948582734998, 8.450873754854207220, -21.25000000000000000 ) ) ;
#163 = CARTESIAN_POINT ( 'NONE',  ( -2.369999999999989893, 5.920000000000007923, 22.45000000000000284 ) ) ;
#164 = DIRECTION ( 'NONE',  ( -0.000000000000000000, 1.000000000000000000, -0.000000000000000000 ) ) ;
#165 = ORIENTED_EDGE ( 'NONE', *, *, #4347, .T. ) ;
#166 = CARTESIAN_POINT ( 'NONE',  ( 21.16666666666666430, 18.80000000000000426, 21.66666666666666075 ) ) ;
#167 = CARTESIAN_POINT ( 'NONE',  ( -1.139548024566140461, 6.686245041927689314, 21.25000000000000000 ) ) ;
#168 = DIRECTION ( 'NONE',  ( 0.000000000000000000, 0.000000000000000000, -1.000000000000000000 ) ) ;
#169 = CYLINDRICAL_SURFACE ( 'NONE', #279, 4.000000000000000000 ) ;
#170 = ORIENTED_EDGE ( 'NONE', *, *, #342, .F. ) ;
#171 = AXIS2_PLACEMENT_3D ( 'NONE', #4961, #3889, #4582 ) ;
#172 = CARTESIAN_POINT ( 'NONE',  ( 4.519999999999996021, 2.857629303562101430, -20.19999999999999929 ) ) ;
#173 = CARTESIAN_POINT ( 'NONE',  ( -25.75000000000001066, 1.000000000000000000, -22.50000000000000355 ) ) ;
#174 = DIRECTION ( 'NONE',  ( -0.000000000000000000, -0.000000000000000000, 1.000000000000000000 ) ) ;
#175 = CARTESIAN_POINT ( 'NONE',  ( -26.79699157326980696, 3.000000000000000000, 22.39589069183088199 ) ) ;
#176 = CARTESIAN_POINT ( 'NONE',  ( 2.369999999999994333, 6.073333333333349238, 21.25000000000000000 ) ) ;
#177 = EDGE_CURVE ( 'NONE', #4911, #1039, #4476, .T. ) ;
#178 = VERTEX_POINT ( 'NONE', #4371 ) ;
#179 = LINE ( 'NONE', #3302, #202 ) ;
#180 = DIRECTION ( 'NONE',  ( 0.000000000000000000, -1.000000000000000000, 0.000000000000000000 ) ) ;
#181 = ORIENTED_EDGE ( 'NONE', *, *, #4906, .T. ) ;
#182 = EDGE_CURVE ( 'NONE', #1953, #1904, #4093, .T. ) ;
#183 = ORIENTED_EDGE ( 'NONE', *, *, #3550, .F. ) ;
#184 = CARTESIAN_POINT ( 'NONE',  ( 2.070873754854115401, 7.573576948582816826, -21.25000000000000000 ) ) ;
#185 = CARTESIAN_POINT ( 'NONE',  ( 2.770070464751050862E-15, 5.920000000000007923, 22.50000000000000355 ) ) ;
#186 = DIRECTION ( 'NONE',  ( 1.000000000000000000, 0.000000000000000000, 0.000000000000000000 ) ) ;
#187 = LINE ( 'NONE', #3727, #1120 ) ;
#188 = ORIENTED_EDGE ( 'NONE', *, *, #2878, .F. ) ;
#189 = CIRCLE ( 'NONE', #4528, 3.249999999999999556 ) ;
#190 = DIRECTION ( 'NONE',  ( 1.000000000000000000, -5.242622888684766343E-33, 8.462065736472231082E-17 ) ) ;
#191 = CARTESIAN_POINT ( 'NONE',  ( -1.895210389775191961, 7.836475753048972592, 21.25000000000000000 ) ) ;
#192 = CARTESIAN_POINT ( 'NONE',  ( 29.64589069183056580, 0.000000000000000000, -19.54699157327077685 ) ) ;
#193 = DIRECTION ( 'NONE',  ( 0.000000000000000000, -1.000000000000000000, 0.000000000000000000 ) ) ;
#194 = ORIENTED_EDGE ( 'NONE', *, *, #2329, .T. ) ;
#195 = CIRCLE ( 'NONE', #839, 2.499999999999998668 ) ;
#196 = AXIS2_PLACEMENT_3D ( 'NONE', #837, #2397, #2477 ) ;
#197 = DIRECTION ( 'NONE',  ( 0.000000000000000000, 0.000000000000000000, 1.000000000000000000 ) ) ;
#198 = CARTESIAN_POINT ( 'NONE',  ( -28.20818687989967444, 3.000000000000000444, -21.69866736959272657 ) ) ;
#199 = CARTESIAN_POINT ( 'NONE',  ( -29.75000000000001066, 3.000000000000000000, 18.49999999999999645 ) ) ;
#200 = VECTOR ( 'NONE', #3542, 1000.000000000000000 ) ;
#201 = DIRECTION ( 'NONE',  ( 0.000000000000000000, -0.000000000000000000, -1.000000000000000000 ) ) ;
#202 = VECTOR ( 'NONE', #1028, 1000.000000000000000 ) ;
#203 = EDGE_LOOP ( 'NONE', ( #2210, #3258, #641, #1958 ) ) ;
#204 = VECTOR ( 'NONE', #2802, 1000.000000000000000 ) ;
#205 = EDGE_CURVE ( 'NONE', #784, #666, #3386, .T. ) ;
#206 = CARTESIAN_POINT ( 'NONE',  ( 28.85348418192122111, 1.625000000000001332, 19.35000000000000853 ) ) ;
#207 = CARTESIAN_POINT ( 'NONE',  ( -2.369999999999989448, 6.380000000000024762, 21.25000000000000000 ) ) ;
#208 = ORIENTED_EDGE ( 'NONE', *, *, #1324, .T. ) ;
#209 = VECTOR ( 'NONE', #4814, 1000.000000000000000 ) ;
#210 = VECTOR ( 'NONE', #225, 1000.000000000000000 ) ;
#211 = ORIENTED_EDGE ( 'NONE', *, *, #3817, .F. ) ;
#212 = CARTESIAN_POINT ( 'NONE',  ( 2.369999999999994333, 6.380000000000023874, -21.25000000000000000 ) ) ;
#213 = DIRECTION ( 'NONE',  ( -2.202823461557850341E-16, -0.000000000000000000, -1.000000000000000000 ) ) ;
#214 = CARTESIAN_POINT ( 'NONE',  ( -13.42000000000000348, 17.00000000000000355, -18.41666666666665719 ) ) ;
#215 = DIRECTION ( 'NONE',  ( 0.000000000000000000, -0.000000000000000000, 1.000000000000000000 ) ) ;
#216 = ORIENTED_EDGE ( 'NONE', *, *, #4446, .F. ) ;
#217 = ADVANCED_FACE ( 'NONE', ( #1824 ), #3759, .T. ) ;
#218 = DIRECTION ( 'NONE',  ( 0.000000000000000000, -1.000000000000000000, -6.195440985631452852E-17 ) ) ;
#219 = ADVANCED_FACE ( 'NONE', ( #2628 ), #4933, .F. ) ;
#220 = CIRCLE ( 'NONE', #1274, 3.249999999999999556 ) ;
#221 = CARTESIAN_POINT ( 'NONE',  ( 2.308315229249355838, 7.000342520827881998, 22.45000000000000284 ) ) ;
#222 = CYLINDRICAL_SURFACE ( 'NONE', #1455, 1.500000000000001332 ) ;
#223 = LINE ( 'NONE', #3015, #4045 ) ;
#224 = VERTEX_POINT ( 'NONE', #4224 ) ;
#225 = DIRECTION ( 'NONE',  ( 0.000000000000000000, 0.000000000000000000, -1.000000000000000000 ) ) ;
#226 = CIRCLE ( 'NONE', #4158, 3.249999999999999556 ) ;
#227 = CARTESIAN_POINT ( 'NONE',  ( -13.63195806652287168, 14.20000000000000639, 2.550000000000009148 ) ) ;
#228 = DIRECTION ( 'NONE',  ( 0.000000000000000000, 0.000000000000000000, 1.000000000000000000 ) ) ;
#229 = CARTESIAN_POINT ( 'NONE',  ( -29.24514556825941014, -2.580612037204848701E-13, 20.51447588565095970 ) ) ;
#230 = CARTESIAN_POINT ( 'NONE',  ( -27.25000000000001066, 0.000000000000000000, 6.166666666666664298 ) ) ;
#231 = AXIS2_PLACEMENT_3D ( 'NONE', #4979, #1109, #1815 ) ;
#232 = VERTEX_POINT ( 'NONE', #4119 ) ;
#233 = CARTESIAN_POINT ( 'NONE',  ( 4.519999999999996909, -1.822412229178741344E-12, -20.95491502812632234 ) ) ;
#234 = DIRECTION ( 'NONE',  ( 1.000000000000000000, -0.000000000000000000, -0.000000000000000000 ) ) ;
#235 = EDGE_LOOP ( 'NONE', ( #1070, #5024, #4793, #194, #2221, #4804, #1720, #1404, #667, #1462, #3079, #617 ) ) ;
#236 = EDGE_CURVE ( 'NONE', #1976, #3922, #3346, .T. ) ;
#237 = ORIENTED_EDGE ( 'NONE', *, *, #1429, .F. ) ;
#238 = CARTESIAN_POINT ( 'NONE',  ( 0.6203425208277726366, 3.611684770750619666, 22.45000000000000284 ) ) ;
#239 = CARTESIAN_POINT ( 'NONE',  ( 25.75000000000000711, 0.000000000000000000, 22.49999999999999289 ) ) ;
#240 = DIRECTION ( 'NONE',  ( 0.000000000000000000, -0.000000000000000000, -1.000000000000000000 ) ) ;
#241 = ORIENTED_EDGE ( 'NONE', *, *, #2414, .F. ) ;
#242 = EDGE_CURVE ( 'NONE', #3922, #2220, #3393, .T. ) ;
#243 = CARTESIAN_POINT ( 'NONE',  ( 27.76447588565093127, 3.000000000000000000, 21.99514556825941014 ) ) ;
#244 = ORIENTED_EDGE ( 'NONE', *, *, #1741, .T. ) ;
#245 = CARTESIAN_POINT ( 'NONE',  ( 9.400389315620789177E-15, 0.7639320224984853525, -21.66666666666667140 ) ) ;
#246 = FACE_OUTER_BOUND ( 'NONE', #1845, .T. ) ;
#247 = DIRECTION ( 'NONE',  ( 0.000000000000000000, 0.000000000000000000, 1.000000000000000000 ) ) ;
#248 = ORIENTED_EDGE ( 'NONE', *, *, #3710, .T. ) ;
#249 = EDGE_CURVE ( 'NONE', #1904, #3333, #3472, .T. ) ;
#250 = LINE ( 'NONE', #1804, #3484 ) ;
#251 = FACE_OUTER_BOUND ( 'NONE', #3487, .T. ) ;
#252 = DIRECTION ( 'NONE',  ( -1.000000000000000000, 0.000000000000000000, 0.000000000000000000 ) ) ;
#253 = CARTESIAN_POINT ( 'NONE',  ( -29.75000000000001066, 4.000000000000000000, 18.49999999999999645 ) ) ;
#254 = CARTESIAN_POINT ( 'NONE',  ( 2.369999999999994333, 5.920000000000007923, 21.25000000000000000 ) ) ;
#255 = ORIENTED_EDGE ( 'NONE', *, *, #1984, .T. ) ;
#256 = DIRECTION ( 'NONE',  ( -0.000000000000000000, 1.000000000000000000, -0.000000000000000000 ) ) ;
#257 = PLANE ( 'NONE',  #4398 ) ;
#258 = VERTEX_POINT ( 'NONE', #705 ) ;
#259 = ORIENTED_EDGE ( 'NONE', *, *, #1460, .F. ) ;
#260 = CARTESIAN_POINT ( 'NONE',  ( 13.42000000000000348, 0.000000000000000000, -21.66666666666666785 ) ) ;
#261 = DIRECTION ( 'NONE',  ( -1.000000000000000000, -0.000000000000000000, -0.000000000000000000 ) ) ;
#262 = DIRECTION ( 'NONE',  ( 0.000000000000000000, 0.000000000000000000, 1.000000000000000000 ) ) ;
#263 = DIRECTION ( 'NONE',  ( -0.000000000000000000, 1.000000000000000000, 6.123233995736766036E-17 ) ) ;
#264 = CARTESIAN_POINT ( 'NONE',  ( 21.64000000000001123, 0.000000000000000000, -20.00000000000000355 ) ) ;
#265 = VERTEX_POINT ( 'NONE', #988 ) ;
#266 = DIRECTION ( 'NONE',  ( 0.000000000000000000, 0.000000000000000000, 1.000000000000000000 ) ) ;
#267 = EDGE_CURVE ( 'NONE', #1964, #2771, #514, .T. ) ;
#268 = CARTESIAN_POINT ( 'NONE',  ( -29.75000000000001421, 0.000000000000000000, -18.50000000000000355 ) ) ;
#269 = VERTEX_POINT ( 'NONE', #1882 ) ;
#270 = CARTESIAN_POINT ( 'NONE',  ( 20.49999999999999645, 17.00000000000001066, -17.74999999999999645 ) ) ;
#271 = FACE_OUTER_BOUND ( 'NONE', #2816, .T. ) ;
#272 = ADVANCED_FACE ( 'NONE', ( #3814 ), #1801, .T. ) ;
#273 = CARTESIAN_POINT ( 'NONE',  ( -17.91666666666665719, 18.80000000000000426, 21.66666666666666430 ) ) ;
#274 = DIRECTION ( 'NONE',  ( 1.000000000000000000, -0.000000000000000000, -0.000000000000000000 ) ) ;
#275 = VECTOR ( 'NONE', #3961, 1000.000000000000000 ) ;
#276 = EDGE_CURVE ( 'NONE', #2585, #1249, #4648, .T. ) ;
#277 = ORIENTED_EDGE ( 'NONE', *, *, #3301, .T. ) ;
#278 = CARTESIAN_POINT ( 'NONE',  ( -25.75000000000001066, 3.000000000000000000, 22.49999999999999645 ) ) ;
#279 = AXIS2_PLACEMENT_3D ( 'NONE', #519, #572, #4016 ) ;
#280 = CARTESIAN_POINT ( 'NONE',  ( 2.770070464751050862E-15, 6.380000000000024762, -22.50000000000000355 ) ) ;
#281 = DIRECTION ( 'NONE',  ( -0.000000000000000000, 1.000000000000000000, -0.000000000000000000 ) ) ;
#282 = ORIENTED_EDGE ( 'NONE', *, *, #3878, .T. ) ;
#283 = VECTOR ( 'NONE', #2598, 1000.000000000000000 ) ;
#284 = AXIS2_PLACEMENT_3D ( 'NONE', #4000, #2767, #3255 ) ;
#285 = ORIENTED_EDGE ( 'NONE', *, *, #4852, .T. ) ;
#286 = ORIENTED_EDGE ( 'NONE', *, *, #3158, .T. ) ;
#287 = VECTOR ( 'NONE', #398, 1000.000000000000000 ) ;
#288 = CARTESIAN_POINT ( 'NONE',  ( 2.369999999999994333, 5.920000000000007034, 21.25000000000000000 ) ) ;
#289 = CARTESIAN_POINT ( 'NONE',  ( 29.75000000000001066, 3.000000000000000000, 18.49999999999999645 ) ) ;
#290 = DIRECTION ( 'NONE',  ( 1.000000000000000000, 0.000000000000000000, -0.000000000000000000 ) ) ;
#291 = ORIENTED_EDGE ( 'NONE', *, *, #3913, .F. ) ;
#292 = CARTESIAN_POINT ( 'NONE',  ( 26.67182009024705636, 0.000000000000000000, 19.69950025331259269 ) ) ;
#293 = ORIENTED_EDGE ( 'NONE', *, *, #4811, .F. ) ;
#294 = DIRECTION ( 'NONE',  ( 0.000000000000000000, -1.000000000000000000, 0.000000000000000000 ) ) ;
#295 = CARTESIAN_POINT ( 'NONE',  ( 21.96532025671985977, 4.000000000000000000, -19.72351414627957666 ) ) ;
#296 = CARTESIAN_POINT ( 'NONE',  ( 1.169999999999994822, 5.920000000000007923, -21.25000000000000000 ) ) ;
#297 = EDGE_LOOP ( 'NONE', ( #4027, #1780, #2025, #2447 ) ) ;
#298 = EDGE_CURVE ( 'NONE', #1311, #763, #223, .T. ) ;
#299 = CARTESIAN_POINT ( 'NONE',  ( 2.369999999999994333, 6.380000000000024762, 22.45000000000000284 ) ) ;
#300 = DIRECTION ( 'NONE',  ( -1.000000000000000000, 0.000000000000000000, 0.000000000000000000 ) ) ;
#301 = DIRECTION ( 'NONE',  ( 0.000000000000000000, 0.000000000000000000, -1.000000000000000000 ) ) ;
#302 = CIRCLE ( 'NONE', #952, 2.500000000000000444 ) ;
#303 = EDGE_CURVE ( 'NONE', #4189, #2790, #1396, .T. ) ;
#304 = ORIENTED_EDGE ( 'NONE', *, *, #744, .F. ) ;
#305 = CARTESIAN_POINT ( 'NONE',  ( 1.895210416483683380, 7.836475726340566439, -22.45000000000000639 ) ) ;
#306 = CARTESIAN_POINT ( 'NONE',  ( -13.42000000000000348, 1.624999999999998002, 19.35000000000000853 ) ) ;
#307 = VECTOR ( 'NONE', #1916, 1000.000000000000000 ) ;
#308 = CIRCLE ( 'NONE', #2601, 4.945548129602392429 ) ;
#309 = FACE_OUTER_BOUND ( 'NONE', #1323, .T. ) ;
#310 = ORIENTED_EDGE ( 'NONE', *, *, #2660, .T. ) ;
#311 = ADVANCED_FACE ( 'NONE', ( #3448 ), #1372, .T. ) ;
#312 = VECTOR ( 'NONE', #3274, 1000.000000000000000 ) ;
#313 = ORIENTED_EDGE ( 'NONE', *, *, #3652, .T. ) ;
#314 = ORIENTED_EDGE ( 'NONE', *, *, #2324, .F. ) ;
#315 = CARTESIAN_POINT ( 'NONE',  ( 0.6203425208278008363, 3.611684770750571705, 21.25000000000000000 ) ) ;
#316 = LINE ( 'NONE', #339, #2378 ) ;
#317 = CARTESIAN_POINT ( 'NONE',  ( 27.76447592148361210, 3.000000000000000444, -21.99514555341703925 ) ) ;
#318 = VERTEX_POINT ( 'NONE', #628 ) ;
#319 = LINE ( 'NONE', #4655, #1586 ) ;
#320 = VERTEX_POINT ( 'NONE', #4292 ) ;
#321 = CARTESIAN_POINT ( 'NONE',  ( -20.49999999999999645, 17.00000000000000711, 20.99999999999999289 ) ) ;
#322 = DIRECTION ( 'NONE',  ( 0.000000000000000000, -1.000000000000000000, 0.000000000000000000 ) ) ;
#323 = DIRECTION ( 'NONE',  ( -1.000000000000000000, 0.000000000000000000, 1.005636797667714533E-16 ) ) ;
#324 = CARTESIAN_POINT ( 'NONE',  ( -27.25000000000001066, 0.000000000000000000, -6.166666666666675845 ) ) ;
#325 = B_SPLINE_CURVE_WITH_KNOTS ( 'NONE', 3,
 ( #1726, #576, #631, #4835 ),
 .UNSPECIFIED., .F., .F.,
 ( 4, 4 ),
 ( 0.000000000000000000, 1.000000000000000000 ),
 .UNSPECIFIED. ) ;
#326 = DIRECTION ( 'NONE',  ( 0.000000000000000000, 0.000000000000000000, -1.000000000000000000 ) ) ;
#327 = CARTESIAN_POINT ( 'NONE',  ( -21.16666666666665719, 17.00000000000000355, 18.41666666666666075 ) ) ;
#328 = CARTESIAN_POINT ( 'NONE',  ( -1.169999999999989271, 6.380000000000024762, 21.25000000000000000 ) ) ;
#329 = CARTESIAN_POINT ( 'NONE',  ( 26.27369315211952028, 3.000000000000000000, -22.50000000000000355 ) ) ;
#330 = DIRECTION ( 'NONE',  ( 0.000000000000000000, 1.000000000000000000, 0.000000000000000000 ) ) ;
#331 = ADVANCED_FACE ( 'NONE', ( #368 ), #3306, .T. ) ;
#332 = LINE ( 'NONE', #1461, #2335 ) ;
#333 = VERTEX_POINT ( 'NONE', #3471 ) ;
#334 = AXIS2_PLACEMENT_3D ( 'NONE', #797, #1570, #3597 ) ;
#335 = EDGE_LOOP ( 'NONE', ( #4004, #4022, #112, #2055 ) ) ;
#336 = VERTEX_POINT ( 'NONE', #3497 ) ;
#337 = CARTESIAN_POINT ( 'NONE',  ( 1.456475753048976918, 4.024789610224757119, 22.45000000000000284 ) ) ;
#338 = EDGE_CURVE ( 'NONE', #224, #4522, #3790, .T. ) ;
#339 = CARTESIAN_POINT ( 'NONE',  ( -18.60000000000000853, 6.250000000000000000, -15.74999999999999289 ) ) ;
#340 = DIRECTION ( 'NONE',  ( 0.000000000000000000, -1.000000000000000000, 0.000000000000000000 ) ) ;
#341 = ORIENTED_EDGE ( 'NONE', *, *, #1796, .T. ) ;
#342 = EDGE_CURVE ( 'NONE', #4445, #3215, #3091, .T. ) ;
#343 = ORIENTED_EDGE ( 'NONE', *, *, #4848, .T. ) ;
#344 = CARTESIAN_POINT ( 'NONE',  ( -22.00000000000000000, 18.80000000000001492, 2.550000000000009592 ) ) ;
#345 = CARTESIAN_POINT ( 'NONE',  ( -0.3047624453670647604, 7.520240384949838486, -21.25000000000000355 ) ) ;
#346 = DIRECTION ( 'NONE',  ( 1.601283208593976254E-16, 0.000000000000000000, 1.000000000000000000 ) ) ;
#347 = DIRECTION ( 'NONE',  ( 1.000000000000000000, -0.000000000000000000, 0.000000000000000000 ) ) ;
#348 = CARTESIAN_POINT ( 'NONE',  ( -0.5892341898066647543, 4.897669918489770957, -21.25000000000000000 ) ) ;
#349 = AXIS2_PLACEMENT_3D ( 'NONE', #1110, #3127, #725 ) ;
#350 = CARTESIAN_POINT ( 'NONE',  ( -0.3102322745419883732, 8.750000000000014211, -22.45000000000000284 ) ) ;
#351 = CARTESIAN_POINT ( 'NONE',  ( -8.583333333333328596, 3.000000000000000000, -22.50000000000000355 ) ) ;
#352 = LINE ( 'NONE', #1941, #307 ) ;
#353 = ORIENTED_EDGE ( 'NONE', *, *, #141, .F. ) ;
#354 = VECTOR ( 'NONE', #2309, 1000.000000000000000 ) ;
#355 = ORIENTED_EDGE ( 'NONE', *, *, #1803, .F. ) ;
#356 = EDGE_LOOP ( 'NONE', ( #4465, #3166, #134, #915 ) ) ;
#357 = EDGE_CURVE ( 'NONE', #2844, #723, #732, .T. ) ;
#358 = CARTESIAN_POINT ( 'NONE',  ( 25.00000000000000000, 0.000000000000000000, -19.25000000000000000 ) ) ;
#359 = LINE ( 'NONE', #3832, #3056 ) ;
#360 = CYLINDRICAL_SURFACE ( 'NONE', #3243, 3.249999999999999556 ) ;
#361 = EDGE_LOOP ( 'NONE', ( #4021, #237, #378, #353 ) ) ;
#362 = CARTESIAN_POINT ( 'NONE',  ( 2.369999999999994333, 5.920000000000008811, -22.45000000000000284 ) ) ;
#363 = VECTOR ( 'NONE', #1705, 1000.000000000000000 ) ;
#364 = VECTOR ( 'NONE', #1444, 1000.000000000000000 ) ;
#365 = CIRCLE ( 'NONE', #2400, 4.000000000000000000 ) ;
#366 = CARTESIAN_POINT ( 'NONE',  ( 26.50748032600416693, -0.000000000000000000, -19.80990971468769857 ) ) ;
#367 = EDGE_CURVE ( 'NONE', #1813, #4927, #4675, .T. ) ;
#368 = FACE_OUTER_BOUND ( 'NONE', #3, .T. ) ;
#369 = CIRCLE ( 'NONE', #3234, 2.369999999999992113 ) ;
#370 = EDGE_CURVE ( 'NONE', #3259, #1037, #1915, .T. ) ;
#371 = CARTESIAN_POINT ( 'NONE',  ( -27.25000000000001066, 0.000000000000000000, 18.50000000000000000 ) ) ;
#372 = CARTESIAN_POINT ( 'NONE',  ( -13.42000000000000348, 18.80000000000001492, -21.66666666666666785 ) ) ;
#373 = CARTESIAN_POINT ( 'NONE',  ( 0.3102322745419935912, 8.750000000000017764, -22.45000000000000639 ) ) ;
#374 = CARTESIAN_POINT ( 'NONE',  ( -25.75000000000001776, 0.000000000000000000, -22.50000000000000355 ) ) ;
#375 = DIRECTION ( 'NONE',  ( 0.000000000000000000, 0.000000000000000000, -1.000000000000000000 ) ) ;
#376 = ORIENTED_EDGE ( 'NONE', *, *, #4844, .F. ) ;
#377 = EDGE_LOOP ( 'NONE', ( #950, #1224, #1270, #1027 ) ) ;
#378 = ORIENTED_EDGE ( 'NONE', *, *, #4223, .F. ) ;
#379 = VECTOR ( 'NONE', #2693, 1000.000000000000000 ) ;
#380 = LINE ( 'NONE', #3514, #4360 ) ;
#381 = CARTESIAN_POINT ( 'NONE',  ( 25.75000000000001421, 0.000000000000000000, -20.00000000000000355 ) ) ;
#382 = VERTEX_POINT ( 'NONE', #1931 ) ;
#383 = ORIENTED_EDGE ( 'NONE', *, *, #2934, .F. ) ;
#384 = EDGE_CURVE ( 'NONE', #3615, #4873, #2681, .T. ) ;
#385 = AXIS2_PLACEMENT_3D ( 'NONE', #3617, #3206, #4393 ) ;
#386 = CARTESIAN_POINT ( 'NONE',  ( -23.50000000000000355, 4.000000000000000000, -19.25000000000000000 ) ) ;
#387 = DIRECTION ( 'NONE',  ( 1.000000000000000000, 0.000000000000000000, -1.541976423090495633E-16 ) ) ;
#388 = DIRECTION ( 'NONE',  ( -1.000000000000000000, -1.015500181587757898E-32, 1.639108796198558178E-16 ) ) ;
#389 = ADVANCED_FACE ( 'NONE', ( #7 ), #3930, .F. ) ;
#390 = CARTESIAN_POINT ( 'NONE',  ( -25.00000000000000000, 0.000000000000000000, -19.25000000000000000 ) ) ;
#391 = CARTESIAN_POINT ( 'NONE',  ( -1.193576948582731889, 3.849126245145958691, -21.25000000000000000 ) ) ;
#392 = DIRECTION ( 'NONE',  ( -0.000000000000000000, -0.000000000000000000, -1.000000000000000000 ) ) ;
#393 = EDGE_CURVE ( 'NONE', #1456, #1408, #4697, .T. ) ;
#394 = APPLICATION_PROTOCOL_DEFINITION ( 'draft international standard', 'automotive_design', 1998, #1098 ) ;
#395 = ORIENTED_EDGE ( 'NONE', *, *, #370, .T. ) ;
#396 = ADVANCED_FACE ( 'NONE', ( #34 ), #1596, .T. ) ;
#397 = FACE_OUTER_BOUND ( 'NONE', #3151, .T. ) ;
#398 = DIRECTION ( 'NONE',  ( -0.000000000000000000, 1.000000000000000000, -0.000000000000000000 ) ) ;
#399 = DIRECTION ( 'NONE',  ( -0.000000000000000000, 1.000000000000000000, -0.000000000000000000 ) ) ;
#400 = ORIENTED_EDGE ( 'NONE', *, *, #3530, .T. ) ;
#401 = ORIENTED_EDGE ( 'NONE', *, *, #89, .T. ) ;
#402 = ORIENTED_EDGE ( 'NONE', *, *, #2733, .F. ) ;
#403 = DIRECTION ( 'NONE',  ( -0.000000000000000000, 0.000000000000000000, 1.000000000000000000 ) ) ;
#404 = DIRECTION ( 'NONE',  ( 0.000000000000000000, 1.000000000000000000, 0.000000000000000000 ) ) ;
#405 = ORIENTED_EDGE ( 'NONE', *, *, #3506, .T. ) ;
#406 = VERTEX_POINT ( 'NONE', #795 ) ;
#407 = CARTESIAN_POINT ( 'NONE',  ( -2.070873740399580498, 4.726423016520979736, -22.45000000000000284 ) ) ;
#408 = DIRECTION ( 'NONE',  ( 0.000000000000000000, -1.000000000000000000, -6.122553444624023009E-17 ) ) ;
#409 = CARTESIAN_POINT ( 'NONE',  ( 0.7179148897868548040, 7.316817215148920361, 21.25000000000000000 ) ) ;
#410 = ORIENTED_EDGE ( 'NONE', *, *, #1434, .F. ) ;
#411 = CARTESIAN_POINT ( 'NONE',  ( -0.3047624453670640388, 4.779759615050068966, 21.25000000000000000 ) ) ;
#412 = EDGE_CURVE ( 'NONE', #4056, #3575, #1139, .T. ) ;
#413 = CARTESIAN_POINT ( 'NONE',  ( 0.6203425208278031677, 3.611684770750704487, -21.25000000000000000 ) ) ;
#414 = DIRECTION ( 'NONE',  ( 0.000000000000000000, 0.000000000000000000, -1.000000000000000000 ) ) ;
#415 = ORIENTED_EDGE ( 'NONE', *, *, #1730, .T. ) ;
#416 = EDGE_CURVE ( 'NONE', #1264, #2585, #1127, .T. ) ;
#417 = CARTESIAN_POINT ( 'NONE',  ( -21.96532025671986332, 4.000000000000000000, 19.72351414627958022 ) ) ;
#418 = CARTESIAN_POINT ( 'NONE',  ( -2.369999999999990337, 5.920000000000007923, 21.25000000000000000 ) ) ;
#419 = ADVANCED_FACE ( 'NONE', ( #3865 ), #3674, .F. ) ;
#420 = LINE ( 'NONE', #1216, #3909 ) ;
#421 = VERTEX_POINT ( 'NONE', #61 ) ;
#422 = EDGE_CURVE ( 'NONE', #4209, #520, #434, .T. ) ;
#423 = ORIENTED_EDGE ( 'NONE', *, *, #5066, .F. ) ;
#424 = ORIENTED_EDGE ( 'NONE', *, *, #303, .T. ) ;
#425 = CARTESIAN_POINT ( 'NONE',  ( -29.74999999996185451, -3.832576891593736373E-13, -19.02369315211960199 ) ) ;
#426 = CARTESIAN_POINT ( 'NONE',  ( -8.583333333333314386, 0.000000000000000000, -20.00000000000000355 ) ) ;
#427 = CARTESIAN_POINT ( 'NONE',  ( -13.42000000000000348, 0.000000000000000000, -21.66666666666666785 ) ) ;
#428 = ORIENTED_EDGE ( 'NONE', *, *, #4912, .F. ) ;
#429 = EDGE_LOOP ( 'NONE', ( #3712, #660, #1382, #2560, #2915, #543, #4711, #4766, #3692, #1810 ) ) ;
#430 = MECHANICAL_DESIGN_GEOMETRIC_PRESENTATION_REPRESENTATION (  '', ( #3300 ), #1912 ) ;
#431 = VECTOR ( 'NONE', #1588, 1000.000000000000000 ) ;
#432 = CARTESIAN_POINT ( 'NONE',  ( 2.070873740399585827, 4.726423016520979736, 22.45000000000000284 ) ) ;
#433 = DIRECTION ( 'NONE',  ( 1.000000000000000000, -1.906289534040446254E-16, 0.000000000000000000 ) ) ;
#434 = CIRCLE ( 'NONE', #3959, 3.249999999999999556 ) ;
#435 = CARTESIAN_POINT ( 'NONE',  ( -0.5907721166104960009, 7.401771300150996602, 21.25000000000000355 ) ) ;
#436 = ORIENTED_EDGE ( 'NONE', *, *, #1195, .F. ) ;
#437 = CARTESIAN_POINT ( 'NONE',  ( 23.50000000000000355, 3.000000000000000000, 17.75000000000000000 ) ) ;
#438 = CARTESIAN_POINT ( 'NONE',  ( 0.3102322367705117045, 3.550000000000015365, -21.25000000000000000 ) ) ;
#439 = DIRECTION ( 'NONE',  ( 0.000000000000000000, 1.000000000000000000, 6.195440985631452852E-17 ) ) ;
#440 = VECTOR ( 'NONE', #2385, 1000.000000000000000 ) ;
#441 = ORIENTED_EDGE ( 'NONE', *, *, #3184, .T. ) ;
#442 = EDGE_CURVE ( 'NONE', #1408, #2616, #1719, .T. ) ;
#443 = CIRCLE ( 'NONE', #1352, 4.000000000000000000 ) ;
#444 = LINE ( 'NONE', #4097, #1418 ) ;
#445 = LINE ( 'NONE', #4709, #2575 ) ;
#446 = CARTESIAN_POINT ( 'NONE',  ( -13.42000000000000348, 18.80000000000001492, 21.66666666666666785 ) ) ;
#447 = LINE ( 'NONE', #3196, #3009 ) ;
#448 = VERTEX_POINT ( 'NONE', #1639 ) ;
#449 = EDGE_CURVE ( 'NONE', #4911, #1234, #4625, .T. ) ;
#450 = EDGE_LOOP ( 'NONE', ( #1607, #2678, #2621, #4509, #4825, #3054, #3539, #4421, #945, #949, #5049, #3355 ) ) ;
#451 = EDGE_LOOP ( 'NONE', ( #638, #2978, #3055, #3852 ) ) ;
#452 = CIRCLE ( 'NONE', #1357, 1.500000000000001332 ) ;
#453 = ADVANCED_FACE ( 'NONE', ( #1254 ), #2070, .T. ) ;
#454 = DIRECTION ( 'NONE',  ( -0.000000000000000000, -1.000000000000000000, -0.000000000000000000 ) ) ;
#455 = DIRECTION ( 'NONE',  ( 1.000000000000000000, -0.000000000000000000, -0.000000000000000000 ) ) ;
#457 = EDGE_CURVE ( 'NONE', #1101, #3222, #2457, .T. ) ;
#456 = DIRECTION ( 'NONE',  ( 2.202823461557850834E-16, 0.000000000000000000, 1.000000000000000000 ) ) ;
#458 = ORIENTED_EDGE ( 'NONE', *, *, #583, .T. ) ;
#459 = EDGE_CURVE ( 'NONE', #1013, #4120, #2906, .T. ) ;
#460 = ORIENTED_EDGE ( 'NONE', *, *, #620, .F. ) ;
#461 = CARTESIAN_POINT ( 'NONE',  ( 2.369999999999994333, 5.609767725458016940, -22.45000000000000639 ) ) ;
#462 = CARTESIAN_POINT ( 'NONE',  ( 1.021565088421273471, 6.970891905851858361, -21.25000000000000000 ) ) ;
#463 = DIRECTION ( 'NONE',  ( -1.906289534040447240E-16, -1.000000000000000000, 0.000000000000000000 ) ) ;
#464 = AXIS2_PLACEMENT_3D ( 'NONE', #962, #2519, #1800 ) ;
#465 = ORIENTED_EDGE ( 'NONE', *, *, #679, .T. ) ;
#466 = DIRECTION ( 'NONE',  ( -1.000000000000000000, 0.000000000000000000, 0.000000000000000000 ) ) ;
#467 =( GEOMETRIC_REPRESENTATION_CONTEXT ( 3 ) GLOBAL_UNCERTAINTY_ASSIGNED_CONTEXT ( ( #2724 ) ) GLOBAL_UNIT_ASSIGNED_CONTEXT ( ( #3047, #2270, #5043 ) ) REPRESENTATION_CONTEXT ( 'NONE', 'WORKASPACE' ) );
#468 = CARTESIAN_POINT ( 'NONE',  ( -4.750000000000014211, -43.57960786344598603, -21.66666666666666430 ) ) ;
#469 = CARTESIAN_POINT ( 'NONE',  ( -17.24999999999999645, 17.00000000000000711, 20.99999999999999289 ) ) ;
#470 = DIRECTION ( 'NONE',  ( 0.000000000000000000, -1.000000000000000000, 0.000000000000000000 ) ) ;
#471 = ORIENTED_EDGE ( 'NONE', *, *, #3851, .T. ) ;
#472 = LINE ( 'NONE', #3938, #1981 ) ;
#473 = CARTESIAN_POINT ( 'NONE',  ( 27.50000000000000355, 4.000000000000000000, 17.75000000000000000 ) ) ;
#474 = LINE ( 'NONE', #2865, #2760 ) ;
#475 = FACE_OUTER_BOUND ( 'NONE', #3582, .T. ) ;
#476 = VERTEX_POINT ( 'NONE', #4395 ) ;
#477 = ORIENTED_EDGE ( 'NONE', *, *, #2809, .F. ) ;
#478 = VERTEX_POINT ( 'NONE', #875 ) ;
#479 = EDGE_CURVE ( 'NONE', #1359, #2369, #4469, .T. ) ;
#480 = CARTESIAN_POINT ( 'NONE',  ( -27.06067958809740759, 4.336808689942017736E-16, -19.25542845711915874 ) ) ;
#481 = CARTESIAN_POINT ( 'NONE',  ( 4.519999999999996021, 17.00000000000000000, 20.99999999999999645 ) ) ;
#482 = DIRECTION ( 'NONE',  ( 0.000000000000000000, 0.000000000000000000, 1.000000000000000000 ) ) ;
#483 = ORIENTED_EDGE ( 'NONE', *, *, #3244, .F. ) ;
#484 = ORIENTED_EDGE ( 'NONE', *, *, #965, .F. ) ;
#485 = DIRECTION ( 'NONE',  ( -0.000000000000000000, -0.000000000000000000, -1.000000000000000000 ) ) ;
#486 = CARTESIAN_POINT ( 'NONE',  ( -22.00000000000000355, 3.925527804984171976, -19.25000000000000355 ) ) ;
#487 = CARTESIAN_POINT ( 'NONE',  ( -17.91666666666666430, 18.80000000000000426, -18.41666666666665719 ) ) ;
#488 = ORIENTED_EDGE ( 'NONE', *, *, #3277, .T. ) ;
#489 = EDGE_CURVE ( 'NONE', #2247, #840, #2435, .T. ) ;
#490 = CARTESIAN_POINT ( 'NONE',  ( 13.42000000000000703, 0.7639320224982961705, -21.66666666666667140 ) ) ;
#491 = CARTESIAN_POINT ( 'NONE',  ( -1.193576948582703467, 8.450873754854073994, 21.25000000000000000 ) ) ;
#492 = CARTESIAN_POINT ( 'NONE',  ( -25.75000000000001066, 0.000000000000000000, 19.99999999999999645 ) ) ;
#493 = CARTESIAN_POINT ( 'NONE',  ( -21.16666666666666430, 17.00000000000000711, -18.41666666666665719 ) ) ;
#494 = ORIENTED_EDGE ( 'NONE', *, *, #3176, .F. ) ;
#495 = LINE ( 'NONE', #3551, #4367 ) ;
#496 = CARTESIAN_POINT ( 'NONE',  ( -2.369999999999990337, 6.073333333333356343, 21.25000000000000000 ) ) ;
#497 = DIRECTION ( 'NONE',  ( 0.000000000000000000, 0.000000000000000000, -1.000000000000000000 ) ) ;
#498 = FACE_OUTER_BOUND ( 'NONE', #3253, .T. ) ;
#499 = EDGE_LOOP ( 'NONE', ( #3734, #1510, #801, #1487, #4384, #786, #2640, #4882, #573 ) ) ;
#500 = EDGE_LOOP ( 'NONE', ( #2604, #2496, #1737, #108 ) ) ;
#501 = PLANE ( 'NONE',  #284 ) ;
#502 = FACE_OUTER_BOUND ( 'NONE', #2545, .T. ) ;
#503 = CARTESIAN_POINT ( 'NONE',  ( -18.60000000000000853, 1.000000000000000000, -15.74999999999999289 ) ) ;
#504 = ORIENTED_EDGE ( 'NONE', *, *, #744, .T. ) ;
#505 = EDGE_CURVE ( 'NONE', #721, #3163, #1857, .T. ) ;
#506 = ORIENTED_EDGE ( 'NONE', *, *, #993, .F. ) ;
#507 = DIRECTION ( 'NONE',  ( -0.000000000000000000, 1.000000000000000000, -0.000000000000000000 ) ) ;
#508 = CARTESIAN_POINT ( 'NONE',  ( 0.5892341898066681960, 4.897669918489772733, 21.25000000000000000 ) ) ;
#509 = DIRECTION ( 'NONE',  ( -1.000000000000000000, 1.906289534040447240E-16, 0.000000000000000000 ) ) ;
#510 = EDGE_LOOP ( 'NONE', ( #3548, #3126, #4923, #355, #568 ) ) ;
#511 = EDGE_CURVE ( 'NONE', #3198, #3215, #2513, .T. ) ;
#512 = VECTOR ( 'NONE', #4145, 1000.000000000000000 ) ;
#513 = CARTESIAN_POINT ( 'NONE',  ( -26.95110128955892392, -0.000000000000000000, 19.42032366552817280 ) ) ;
#514 = CIRCLE ( 'NONE', #931, 1.318749999999996980 ) ;
#515 = EDGE_CURVE ( 'NONE', #1813, #4780, #3409, .T. ) ;
#516 = FACE_OUTER_BOUND ( 'NONE', #4791, .T. ) ;
#517 = FACE_OUTER_BOUND ( 'NONE', #500, .T. ) ;
#518 = CARTESIAN_POINT ( 'NONE',  ( 23.50000000000000355, 4.000000000000000000, 20.25000000000000000 ) ) ;
#519 = CARTESIAN_POINT ( 'NONE',  ( 25.75000000000001066, 4.000000000000000000, 18.49999999999999645 ) ) ;
#520 = VERTEX_POINT ( 'NONE', #1664 ) ;
#521 = EDGE_CURVE ( 'NONE', #1464, #2653, #1604, .T. ) ;
#522 = VECTOR ( 'NONE', #867, 1000.000000000000000 ) ;
#523 = CARTESIAN_POINT ( 'NONE',  ( -4.519999999999994245, 0.000000000000000000, 18.85309986098562263 ) ) ;
#524 = CARTESIAN_POINT ( 'NONE',  ( 27.25000000000001066, 0.000000000000000000, 6.166666666666674068 ) ) ;
#525 = AXIS2_PLACEMENT_3D ( 'NONE', #372, #1095, #1885 ) ;
#526 = CARTESIAN_POINT ( 'NONE',  ( -29.24514555341704991, 3.000000000000000444, -20.51447592148359433 ) ) ;
#527 = CARTESIAN_POINT ( 'NONE',  ( 2.369999999999994333, 6.226666666666679006, -21.25000000000000000 ) ) ;
#528 = CARTESIAN_POINT ( 'NONE',  ( 2.369999999999994333, 6.226666666666687000, 22.45000000000000284 ) ) ;
#529 = ORIENTED_EDGE ( 'NONE', *, *, #2319, .T. ) ;
#530 = AXIS2_PLACEMENT_3D ( 'NONE', #1572, #4752, #1233 ) ;
#531 = ORIENTED_EDGE ( 'NONE', *, *, #3523, .T. ) ;
#532 = CARTESIAN_POINT ( 'NONE',  ( -27.24999999998502176, 0.000000000000000000, -18.69638493204488583 ) ) ;
#533 = DIRECTION ( 'NONE',  ( 0.000000000000000000, 1.000000000000000000, 0.000000000000000000 ) ) ;
#534 = CARTESIAN_POINT ( 'NONE',  ( -17.24999999999999645, 6.250000000000000000, 20.99999999999999289 ) ) ;
#535 = ORIENTED_EDGE ( 'NONE', *, *, #715, .T. ) ;
#536 = VERTEX_POINT ( 'NONE', #3262 ) ;
#537 = CARTESIAN_POINT ( 'NONE',  ( -23.50000000000000355, 3.000000000000000000, -20.25000000000000000 ) ) ;
#538 = VECTOR ( 'NONE', #645, 1000.000000000000000 ) ;
#539 = DIRECTION ( 'NONE',  ( -0.000000000000000000, -0.000000000000000000, -1.000000000000000000 ) ) ;
#540 = VECTOR ( 'NONE', #2344, 1000.000000000000000 ) ;
#541 = EDGE_CURVE ( 'NONE', #3224, #1942, #2527, .T. ) ;
#542 = PLANE ( 'NONE',  #4719 ) ;
#543 = ORIENTED_EDGE ( 'NONE', *, *, #1025, .T. ) ;
#544 = AXIS2_PLACEMENT_3D ( 'NONE', #1736, #3691, #613 ) ;
#545 = CARTESIAN_POINT ( 'NONE',  ( -1.169999999976057303, 6.533180241928192800, 21.25000000000000000 ) ) ;
#546 = AXIS2_PLACEMENT_3D ( 'NONE', #751, #4222, #3041 ) ;
#547 = CARTESIAN_POINT ( 'NONE',  ( 25.94638493204488228, 0.000000000000000000, -19.99999999998501465 ) ) ;
#548 = EDGE_CURVE ( 'NONE', #3699, #4930, #566, .T. ) ;
#549 = DIRECTION ( 'NONE',  ( 0.000000000000000000, 0.000000000000000000, 1.000000000000000000 ) ) ;
#550 = ORIENTED_EDGE ( 'NONE', *, *, #1338, .F. ) ;
#551 = LINE ( 'NONE', #1398, #210 ) ;
#552 = ADVANCED_FACE ( 'NONE', ( #4746 ), #4444, .T. ) ;
#553 = DIRECTION ( 'NONE',  ( 0.000000000000000000, 0.000000000000000000, -1.000000000000000000 ) ) ;
#554 = ADVANCED_FACE ( 'NONE', ( #2405 ), #542, .F. ) ;
#555 = DIRECTION ( 'NONE',  ( 1.000000000000000000, 0.000000000000000000, 1.005636797667714533E-16 ) ) ;
#556 = CARTESIAN_POINT ( 'NONE',  ( -27.76447588565127589, 1.703060790043322360E-13, 21.99514556825941014 ) ) ;
#557 = CARTESIAN_POINT ( 'NONE',  ( 2.369999999999994333, 6.380000000000023874, 21.25000000000000000 ) ) ;
#558 = ORIENTED_EDGE ( 'NONE', *, *, #4595, .F. ) ;
#559 = DIRECTION ( 'NONE',  ( 0.000000000000000000, 0.000000000000000000, -1.000000000000000000 ) ) ;
#560 = CYLINDRICAL_SURFACE ( 'NONE', #1634, 4.945548129602392429 ) ;
#561 = DIRECTION ( 'NONE',  ( 0.000000000000000000, 0.000000000000000000, -1.000000000000000000 ) ) ;
#562 = ORIENTED_EDGE ( 'NONE', *, *, #827, .F. ) ;
#563 = EDGE_LOOP ( 'NONE', ( #395, #1329, #1682, #2886 ) ) ;
#564 = CARTESIAN_POINT ( 'NONE',  ( 1.193576948582726338, 8.450873754854073994, -21.25000000000000000 ) ) ;
#565 = CARTESIAN_POINT ( 'NONE',  ( 18.59999999999999432, 1.000000000000000000, -15.74999999999999289 ) ) ;
#566 = LINE ( 'NONE', #3185, #2753 ) ;
#567 = CARTESIAN_POINT ( 'NONE',  ( -29.75000000000001066, 4.000000000000000000, 0.000000000000000000 ) ) ;
#568 = ORIENTED_EDGE ( 'NONE', *, *, #2547, .F. ) ;
#569 = CARTESIAN_POINT ( 'NONE',  ( -20.49999999999999645, 17.00000000000000711, 20.99999999999999289 ) ) ;
#570 = CARTESIAN_POINT ( 'NONE',  ( -0.3102322367705092621, 8.750000000000017764, 21.25000000000000000 ) ) ;
#571 = CARTESIAN_POINT ( 'NONE',  ( 28.20818690732460610, -2.168404344971008868E-15, -21.69866734216710213 ) ) ;
#572 = DIRECTION ( 'NONE',  ( 0.000000000000000000, 1.000000000000000000, 0.000000000000000000 ) ) ;
#573 = ORIENTED_EDGE ( 'NONE', *, *, #4073, .T. ) ;
#574 = AXIS2_PLACEMENT_3D ( 'NONE', #4636, #3785, #1121 ) ;
#575 = EDGE_CURVE ( 'NONE', #2789, #4586, #4518, .T. ) ;
#576 = CARTESIAN_POINT ( 'NONE',  ( 1.169999999999994600, 6.073333333333347461, 21.25000000000000000 ) ) ;
#577 = CARTESIAN_POINT ( 'NONE',  ( 20.49999999999999645, 1.000000000000000888, -17.74999999999999645 ) ) ;
#578 = LINE ( 'NONE', #4837, #363 ) ;
#579 = DIRECTION ( 'NONE',  ( 0.000000000000000000, 0.000000000000000000, -1.000000000000000000 ) ) ;
#580 = CARTESIAN_POINT ( 'NONE',  ( 13.42000000000000348, 1.625000000000001332, 19.35000000000000853 ) ) ;
#581 = EDGE_CURVE ( 'NONE', #768, #2017, #1367, .T. ) ;
#582 = ORIENTED_EDGE ( 'NONE', *, *, #684, .F. ) ;
#583 = EDGE_CURVE ( 'NONE', #2868, #4712, #302, .T. ) ;
#584 = CARTESIAN_POINT ( 'NONE',  ( -17.24999999999999645, 6.250000000000000000, 20.99999999999999289 ) ) ;
#585 = CARTESIAN_POINT ( 'NONE',  ( -19.81348418192123262, 2.857629303562104539, 15.25445187039760775 ) ) ;
#586 = ORIENTED_EDGE ( 'NONE', *, *, #3621, .F. ) ;
#587 = EDGE_CURVE ( 'NONE', #3224, #536, #1362, .T. ) ;
#588 = ORIENTED_EDGE ( 'NONE', *, *, #2893, .T. ) ;
#589 = CARTESIAN_POINT ( 'NONE',  ( -1.895210389775239701, 7.836475753049005455, -22.45000000000000284 ) ) ;
#590 = CARTESIAN_POINT ( 'NONE',  ( -0.5892341898066639772, 4.897669918489706120, 21.25000000000000000 ) ) ;
#591 = CARTESIAN_POINT ( 'NONE',  ( 8.583333333333360571, -1.116728237658951419E-11, 22.49999999999999289 ) ) ;
#592 = CARTESIAN_POINT ( 'NONE',  ( 17.24999999999999645, 17.00000000000000000, -17.74999999999999645 ) ) ;
#593 = ORIENTED_EDGE ( 'NONE', *, *, #4187, .T. ) ;
#594 = VECTOR ( 'NONE', #697, 1000.000000000000000 ) ;
#595 = CARTESIAN_POINT ( 'NONE',  ( -25.94871860051147650, 0.000000000000000000, 20.00000000000000000 ) ) ;
#596 = CARTESIAN_POINT ( 'NONE',  ( -0.7190196755558403430, 7.315610192420741065, 21.25000000000000000 ) ) ;
#597 = DIRECTION ( 'NONE',  ( -0.000000000000000000, -1.000000000000000000, -6.122553444624023009E-17 ) ) ;
#598 = CARTESIAN_POINT ( 'NONE',  ( 4.519999999999994245, 18.80000000000001492, -18.85309986098562263 ) ) ;
#599 = EDGE_LOOP ( 'NONE', ( #1043, #4160, #2257, #1106 ) ) ;
#600 = CARTESIAN_POINT ( 'NONE',  ( 21.16666666666666430, 18.80000000000000426, 18.41666666666666075 ) ) ;
#601 = DIRECTION ( 'NONE',  ( 0.000000000000000000, -1.000000000000000000, -6.123233995736766036E-17 ) ) ;
#602 = CARTESIAN_POINT ( 'NONE',  ( -17.24999999999999645, 17.00000000000001421, 20.99999999999999289 ) ) ;
#603 = CARTESIAN_POINT ( 'NONE',  ( -26.27369315211959133, 3.000000000000000000, 22.49999999999999645 ) ) ;
#604 = ADVANCED_FACE ( 'NONE', ( #1389 ), #629, .T. ) ;
#605 = AXIS2_PLACEMENT_3D ( 'NONE', #1158, #2723, #1952 ) ;
#606 = DIRECTION ( 'NONE',  ( 0.000000000000000000, 0.000000000000000000, 1.000000000000000000 ) ) ;
#607 = VECTOR ( 'NONE', #3296, 1000.000000000000000 ) ;
#608 = VECTOR ( 'NONE', #4024, 1000.000000000000000 ) ;
#609 = VERTEX_POINT ( 'NONE', #1793 ) ;
#610 = VECTOR ( 'NONE', #3572, 1000.000000000000000 ) ;
#611 = LINE ( 'NONE', #2948, #2399 ) ;
#612 = EDGE_CURVE ( 'NONE', #5022, #3125, #4191, .T. ) ;
#613 = DIRECTION ( 'NONE',  ( 0.000000000000000000, 0.000000000000000000, 1.000000000000000000 ) ) ;
#614 = ORIENTED_EDGE ( 'NONE', *, *, #3628, .T. ) ;
#615 = AXIS2_PLACEMENT_3D ( 'NONE', #4787, #16, #1266 ) ;
#616 = CIRCLE ( 'NONE', #2829, 3.249999999999999556 ) ;
#617 = ORIENTED_EDGE ( 'NONE', *, *, #3973, .T. ) ;
#618 = EDGE_CURVE ( 'NONE', #336, #1472, #2922, .T. ) ;
#619 = FACE_OUTER_BOUND ( 'NONE', #161, .T. ) ;
#620 = EDGE_CURVE ( 'NONE', #702, #4094, #3032, .T. ) ;
#621 = DIRECTION ( 'NONE',  ( 0.000000000000000000, 0.000000000000000000, -1.000000000000000000 ) ) ;
#622 = DIRECTION ( 'NONE',  ( 0.000000000000000000, -1.000000000000000000, -6.195440985631452852E-17 ) ) ;
#623 = ORIENTED_EDGE ( 'NONE', *, *, #4073, .F. ) ;
#624 = CARTESIAN_POINT ( 'NONE',  ( 27.76447588565127589, 1.277295592532492022E-13, 21.99514556825941014 ) ) ;
#625 = AXIS2_PLACEMENT_3D ( 'NONE', #1036, #2907, #2203 ) ;
#626 = ORIENTED_EDGE ( 'NONE', *, *, #4233, .T. ) ;
#627 = DIRECTION ( 'NONE',  ( -1.000000000000000000, -9.803942024595657004E-33, 1.601283208593976254E-16 ) ) ;
#628 = CARTESIAN_POINT ( 'NONE',  ( -21.99999999999999645, 18.80000000000000782, 19.24999999999999289 ) ) ;
#629 =( BOUNDED_SURFACE ( )  B_SPLINE_SURFACE ( 2, 3, ( 
 ( #3414, #2177, #2566, #4980 ),
 ( #1816, #1468, #591, #239 ),
 ( #4138, #3384, #3750, #1770 ) ),
 .UNSPECIFIED., .F., .F., .T. ) 
 B_SPLINE_SURFACE_WITH_KNOTS ( ( 3, 3 ),
 ( 4, 4 ),
 ( 0.000000000000000000, 1.000000000000000000 ),
 ( -0.003750000000000013739, 0.04775000000000000078 ),
 .UNSPECIFIED. ) 
 GEOMETRIC_REPRESENTATION_ITEM ( )  RATIONAL_B_SPLINE_SURFACE ( (
 ( 1.000000000000000000, 1.000000000000000000, 1.000000000000000000, 1.000000000000000000),
 ( 0.7071067811865476838, 0.7071067811865476838, 0.7071067811865476838, 0.7071067811865476838),
 ( 1.000000000000000000, 1.000000000000000000, 1.000000000000000000, 1.000000000000000000) ) ) 
 REPRESENTATION_ITEM ( '' )  SURFACE ( )  );
#630 = VERTEX_POINT ( 'NONE', #669 ) ;
#631 = CARTESIAN_POINT ( 'NONE',  ( 1.169999999999994600, 6.226666666666686112, 21.25000000000000000 ) ) ;
#632 = AXIS2_PLACEMENT_3D ( 'NONE', #2897, #2506, #159 ) ;
#633 = CARTESIAN_POINT ( 'NONE',  ( 29.75000000000001066, 3.000000000000000000, -6.166666666666684726 ) ) ;
#634 = DIRECTION ( 'NONE',  ( 0.000000000000000000, 1.000000000000000000, 6.195440985631452852E-17 ) ) ;
#635 = CARTESIAN_POINT ( 'NONE',  ( 2.369999999999994333, 5.920000000000008811, -22.50000000000000355 ) ) ;
#636 = DIRECTION ( 'NONE',  ( 1.000000000000000000, 0.000000000000000000, 0.000000000000000000 ) ) ;
#637 = CIRCLE ( 'NONE', #1284, 1.000000000000000888 ) ;
#638 = ORIENTED_EDGE ( 'NONE', *, *, #5041, .F. ) ;
#639 = CARTESIAN_POINT ( 'NONE',  ( 2.369999999999994333, 6.073333333333347461, 22.45000000000000284 ) ) ;
#640 = DIRECTION ( 'NONE',  ( -0.000000000000000000, 0.000000000000000000, 1.000000000000000000 ) ) ;
#641 = ORIENTED_EDGE ( 'NONE', *, *, #737, .T. ) ;
#642 = VERTEX_POINT ( 'NONE', #2619 ) ;
#643 = EDGE_CURVE ( 'NONE', #476, #3313, #4951, .T. ) ;
#644 = CYLINDRICAL_SURFACE ( 'NONE', #231, 2.369999999999992113 ) ;
#645 = DIRECTION ( 'NONE',  ( 0.000000000000000000, 0.000000000000000000, 1.000000000000000000 ) ) ;
#646 = FACE_OUTER_BOUND ( 'NONE', #335, .T. ) ;
#647 = CARTESIAN_POINT ( 'NONE',  ( -13.63195806652287168, 18.80000000000001492, 2.550000000000008704 ) ) ;
#648 = CARTESIAN_POINT ( 'NONE',  ( 26.27369315211959133, 3.000000000000000000, 22.49999999999999645 ) ) ;
#649 = ORIENTED_EDGE ( 'NONE', *, *, #2593, .F. ) ;
#650 = DIRECTION ( 'NONE',  ( 0.000000000000000000, 0.000000000000000000, -1.000000000000000000 ) ) ;
#651 = DIRECTION ( 'NONE',  ( -1.000000000000000000, 0.000000000000000000, 0.000000000000000000 ) ) ;
#652 = EDGE_CURVE ( 'NONE', #3048, #4329, #4573, .T. ) ;
#653 = CARTESIAN_POINT ( 'NONE',  ( -0.9368172151486957588, 5.202085110212988361, -21.25000000000000000 ) ) ;
#654 = ORIENTED_EDGE ( 'NONE', *, *, #150, .T. ) ;
#655 = CARTESIAN_POINT ( 'NONE',  ( -29.75000000000001066, 3.000000000000000000, 6.166666666666671404 ) ) ;
#656 =( BOUNDED_CURVE ( )  B_SPLINE_CURVE ( 2, ( #2618, #3831, #4190 ),
 .UNSPECIFIED., .F., .T. ) 
 B_SPLINE_CURVE_WITH_KNOTS ( ( 3, 3 ),
 ( 0.000000000000000000, 1.000000000000000000 ),
 .UNSPECIFIED. ) 
 CURVE ( )  GEOMETRIC_REPRESENTATION_ITEM ( )  RATIONAL_B_SPLINE_CURVE ( ( 1.000000000000000000, 0.05263157894736842507, 1.000000000000000000 ) ) 
 REPRESENTATION_ITEM ( '' )  );
#657 = CARTESIAN_POINT ( 'NONE',  ( -17.24999999999999645, 6.250000000000000000, -18.85309986098562263 ) ) ;
#658 = CARTESIAN_POINT ( 'NONE',  ( -20.49999999999999645, 17.00000000000000711, 2.550000000000010481 ) ) ;
#659 = DIRECTION ( 'NONE',  ( -1.000000000000000000, 0.000000000000000000, -0.000000000000000000 ) ) ;
#660 = ORIENTED_EDGE ( 'NONE', *, *, #4442, .F. ) ;
#661 = CARTESIAN_POINT ( 'NONE',  ( 1.456475726340545673, 8.275210416483703924, -22.45000000000000284 ) ) ;
#662 = CARTESIAN_POINT ( 'NONE',  ( 2.369999999999994333, 6.380000000000024762, 22.45000000000000284 ) ) ;
#663 = CARTESIAN_POINT ( 'NONE',  ( -20.49999999999999645, 17.00000000000000711, -20.99999999999999645 ) ) ;
#664 = ORIENTED_EDGE ( 'NONE', *, *, #3099, .T. ) ;
#665 = ADVANCED_BREP_SHAPE_REPRESENTATION ( 'Main case', ( #3082, #3993 ), #467 ) ;
#666 = VERTEX_POINT ( 'NONE', #1061 ) ;
#667 = ORIENTED_EDGE ( 'NONE', *, *, #4062, .T. ) ;
#668 = CARTESIAN_POINT ( 'NONE',  ( -1.193576948582714348, 3.849126245145829461, 21.25000000000000000 ) ) ;
#669 = CARTESIAN_POINT ( 'NONE',  ( -23.50000000000000355, 3.000000000000000000, -19.25000000000000000 ) ) ;
#670 = CARTESIAN_POINT ( 'NONE',  ( 21.99999999999999289, 3.187284798530523489, -17.97937724173345231 ) ) ;
#671 = ORIENTED_EDGE ( 'NONE', *, *, #3277, .F. ) ;
#672 = EDGE_CURVE ( 'NONE', #1078, #3435, #3571, .T. ) ;
#673 = CARTESIAN_POINT ( 'NONE',  ( -29.75000000000001066, 3.000000000000000000, 18.49999999999999645 ) ) ;
#674 = EDGE_LOOP ( 'NONE', ( #1871, #282, #2510, #1675 ) ) ;
#675 = CARTESIAN_POINT ( 'NONE',  ( -26.27369315211972634, 3.000000000000000000, -22.50000000000000355 ) ) ;
#676 = CARTESIAN_POINT ( 'NONE',  ( 25.94871860051146939, 0.000000000000000000, -20.00000000000000000 ) ) ;
#677 = CARTESIAN_POINT ( 'NONE',  ( -27.25000000000001066, 0.000000000000000000, -18.50000000000000000 ) ) ;
#678 = ORIENTED_EDGE ( 'NONE', *, *, #3693, .T. ) ;
#679 = EDGE_CURVE ( 'NONE', #1356, #4570, #780, .T. ) ;
#680 = ADVANCED_FACE ( 'NONE', ( #981 ), #1744, .F. ) ;
#681 = CARTESIAN_POINT ( 'NONE',  ( -4.519999999999994245, 6.250000000000000000, 18.85309986098562263 ) ) ;
#682 = CARTESIAN_POINT ( 'NONE',  ( 0.9356101924206613463, 5.200980324444147485, -21.25000000000000000 ) ) ;
#683 = LINE ( 'NONE', #273, #4874 ) ;
#684 = EDGE_CURVE ( 'NONE', #1708, #2771, #4652, .T. ) ;
#685 = VECTOR ( 'NONE', #1277, 1000.000000000000000 ) ;
#686 = ORIENTED_EDGE ( 'NONE', *, *, #798, .F. ) ;
#687 = DIRECTION ( 'NONE',  ( -0.000000000000000000, -1.000000000000000000, -6.122553444624023009E-17 ) ) ;
#688 = VECTOR ( 'NONE', #2440, 1000.000000000000000 ) ;
#689 = CARTESIAN_POINT ( 'NONE',  ( 0.000000000000000000, 4.000000000000000000, -22.50000000000000355 ) ) ;
#690 = FACE_OUTER_BOUND ( 'NONE', #5072, .T. ) ;
#691 = ORIENTED_EDGE ( 'NONE', *, *, #2749, .T. ) ;
#692 = CIRCLE ( 'NONE', #3552, 1.500000000000001332 ) ;
#693 = ORIENTED_EDGE ( 'NONE', *, *, #384, .F. ) ;
#694 = ORIENTED_EDGE ( 'NONE', *, *, #2718, .F. ) ;
#695 = CIRCLE ( 'NONE', #2316, 3.249999999999999556 ) ;
#696 = CARTESIAN_POINT ( 'NONE',  ( -17.91666666666666785, 18.80000000000000426, -21.66666666666665719 ) ) ;
#697 = DIRECTION ( 'NONE',  ( 0.000000000000000000, -1.000000000000000000, -6.123233995736766036E-17 ) ) ;
#698 = DIRECTION ( 'NONE',  ( 0.000000000000000000, 0.000000000000000000, 1.000000000000000000 ) ) ;
#699 = LINE ( 'NONE', #4953, #2133 ) ;
#700 = CIRCLE ( 'NONE', #1113, 1.000000000000000888 ) ;
#701 = CARTESIAN_POINT ( 'NONE',  ( 25.75000000000001066, 0.000000000000000000, 19.99999999999999645 ) ) ;
#702 = VERTEX_POINT ( 'NONE', #3462 ) ;
#703 = LINE ( 'NONE', #245, #3072 ) ;
#704 = DIRECTION ( 'NONE',  ( 1.000000000000000000, -0.000000000000000000, 0.000000000000000000 ) ) ;
#705 = CARTESIAN_POINT ( 'NONE',  ( 17.91666666666666430, 18.80000000000000426, -21.66666666666666430 ) ) ;
#706 = ORIENTED_EDGE ( 'NONE', *, *, #1735, .F. ) ;
#707 = B_SPLINE_CURVE_WITH_KNOTS ( 'NONE', 3,
 ( #3264, #595, #4830, #3238, #2490, #513, #1286, #2051, #4063, #1366 ),
 .UNSPECIFIED., .F., .F.,
 ( 4, 2, 2, 2, 4 ),
 ( 0.000000000000000000, 0.2500000000000000000, 0.5000000000000000000, 0.7500000000000000000, 1.000000000000000000 ),
 .UNSPECIFIED. ) ;
#708 = VECTOR ( 'NONE', #1632, 1000.000000000000000 ) ;
#709 = CYLINDRICAL_SURFACE ( 'NONE', #171, 1.318749999999996980 ) ;
#710 = EDGE_CURVE ( 'NONE', #4094, #448, #316, .T. ) ;
#711 = DIRECTION ( 'NONE',  ( -1.000000000000000000, 0.000000000000000000, 9.011550524554843201E-17 ) ) ;
#712 = CARTESIAN_POINT ( 'NONE',  ( -4.519999999999994245, 0.000000000000000000, 19.35000000000000853 ) ) ;
#713 = VECTOR ( 'NONE', #4597, 1000.000000000000000 ) ;
#714 = CARTESIAN_POINT ( 'NONE',  ( 29.75000000000001066, 3.000000000000000000, -18.50000000000000355 ) ) ;
#715 = EDGE_CURVE ( 'NONE', #1017, #2789, #189, .T. ) ;
#716 = CARTESIAN_POINT ( 'NONE',  ( -2.308315243703898290, 7.000342485931517089, -22.45000000000000284 ) ) ;
#717 = EDGE_LOOP ( 'NONE', ( #2540, #3862, #4983, #2393, #4335 ) ) ;
#718 = CARTESIAN_POINT ( 'NONE',  ( -20.49999999999999645, 17.00000000000001421, -17.74999999999999645 ) ) ;
#719 = AXIS2_PLACEMENT_3D ( 'NONE', #3928, #408, #85 ) ;
#720 = CARTESIAN_POINT ( 'NONE',  ( 23.50000000000000355, 0.000000000000000000, 19.25000000000000000 ) ) ;
#721 = VERTEX_POINT ( 'NONE', #4284 ) ;
#722 = VERTEX_POINT ( 'NONE', #4621 ) ;
#723 = VERTEX_POINT ( 'NONE', #5005 ) ;
#724 = CARTESIAN_POINT ( 'NONE',  ( 4.749999999999993783, -43.57960786344599313, -21.66666666666666430 ) ) ;
#725 = DIRECTION ( 'NONE',  ( 0.000000000000000000, 1.000000000000000000, -2.828353493440441869E-16 ) ) ;
#726 = DIRECTION ( 'NONE',  ( -0.000000000000000000, 1.000000000000000000, 6.195440985631452852E-17 ) ) ;
#727 = VERTEX_POINT ( 'NONE', #1945 ) ;
#728 = LINE ( 'NONE', #2284, #3806 ) ;
#729 = ORIENTED_EDGE ( 'NONE', *, *, #3408, .T. ) ;
#730 = CARTESIAN_POINT ( 'NONE',  ( -22.00000000000000355, 18.80000000000001137, -22.50000000000000355 ) ) ;
#731 = CARTESIAN_POINT ( 'NONE',  ( -27.21172888284919722, -0.000000000000000000, -18.89056997108622937 ) ) ;
#732 = LINE ( 'NONE', #1119, #4781 ) ;
#733 = CARTESIAN_POINT ( 'NONE',  ( 4.519999999999996021, 10.05000000000000959, 20.99999999999999645 ) ) ;
#734 = CARTESIAN_POINT ( 'NONE',  ( 1.169999999999994822, 5.920000000000007923, -21.25000000000000000 ) ) ;
#735 = CARTESIAN_POINT ( 'NONE',  ( -1.169999999999989493, 6.380000000000023874, -21.25000000000000000 ) ) ;
#736 = DIRECTION ( 'NONE',  ( 2.135044278125301343E-15, 0.000000000000000000, 1.000000000000000000 ) ) ;
#737 = EDGE_CURVE ( 'NONE', #2422, #3783, #359, .T. ) ;
#738 = CARTESIAN_POINT ( 'NONE',  ( 2.070873740399586271, 7.573576983479049396, -22.45000000000000284 ) ) ;
#739 = DIRECTION ( 'NONE',  ( 1.000000000000000000, -0.000000000000000000, -0.000000000000000000 ) ) ;
#740 = CARTESIAN_POINT ( 'NONE',  ( -13.42000000000000348, 6.250000000000000000, -18.85309986098562263 ) ) ;
#741 = ORIENTED_EDGE ( 'NONE', *, *, #1530, .T. ) ;
#742 = ORIENTED_EDGE ( 'NONE', *, *, #2875, .T. ) ;
#743 = ORIENTED_EDGE ( 'NONE', *, *, #1928, .T. ) ;
#744 = EDGE_CURVE ( 'NONE', #4283, #3003, #5027, .T. ) ;
#745 = CARTESIAN_POINT ( 'NONE',  ( -2.308315229249398026, 5.299657479172267038, 22.45000000000000284 ) ) ;
#746 = CARTESIAN_POINT ( 'NONE',  ( -18.74999999999999645, 4.000000000000000000, 22.50000000000000355 ) ) ;
#748 = EDGE_CURVE ( 'NONE', #1057, #3222, #3084, .T. ) ;
#747 = CARTESIAN_POINT ( 'NONE',  ( 29.75000000000001066, 3.000000000000000000, -18.50000000000000355 ) ) ;
#749 = EDGE_LOOP ( 'NONE', ( #1852, #4427, #2939, #2635 ) ) ;
#750 = CARTESIAN_POINT ( 'NONE',  ( 27.25000000000001066, 0.000000000000000000, -6.166666666666671404 ) ) ;
#751 = CARTESIAN_POINT ( 'NONE',  ( -23.50000000000000355, 3.000000000000000000, -17.75000000000000000 ) ) ;
#752 = CARTESIAN_POINT ( 'NONE',  ( 1.169999999999994822, 5.920000000000007923, -21.25000000000000000 ) ) ;
#753 = CARTESIAN_POINT ( 'NONE',  ( -27.25000000000001066, 0.000000000000000000, -18.50000000000000355 ) ) ;
#754 = LINE ( 'NONE', #4229, #4861 ) ;
#755 = LINE ( 'NONE', #657, #1918 ) ;
#756 = CARTESIAN_POINT ( 'NONE',  ( -1.169999999999989715, 6.226666666666685224, 21.25000000000000000 ) ) ;
#757 = CARTESIAN_POINT ( 'NONE',  ( 1.193576983479030629, 8.450873740399609702, -22.45000000000000639 ) ) ;
#758 = EDGE_CURVE ( 'NONE', #3925, #406, #3923, .T. ) ;
#759 = B_SPLINE_CURVE_WITH_KNOTS ( 'NONE', 3,
 ( #4990, #2683, #1141, #1448 ),
 .UNSPECIFIED., .F., .F.,
 ( 4, 4 ),
 ( 0.000000000000000000, 1.000000000000000000 ),
 .UNSPECIFIED. ) ;
#760 = FACE_OUTER_BOUND ( 'NONE', #3655, .T. ) ;
#761 = FACE_OUTER_BOUND ( 'NONE', #908, .T. ) ;
#762 = ORIENTED_EDGE ( 'NONE', *, *, #412, .T. ) ;
#763 = VERTEX_POINT ( 'NONE', #746 ) ;
#764 = ORIENTED_EDGE ( 'NONE', *, *, #3035, .F. ) ;
#765 = EDGE_CURVE ( 'NONE', #3380, #4083, #3900, .T. ) ;
#766 = DIRECTION ( 'NONE',  ( -1.000000000000000000, 0.000000000000000000, 0.000000000000000000 ) ) ;
#767 = FACE_OUTER_BOUND ( 'NONE', #1272, .T. ) ;
#768 = VERTEX_POINT ( 'NONE', #3440 ) ;
#769 = CARTESIAN_POINT ( 'NONE',  ( -0.3102322745419877625, 3.550000000000016254, -22.45000000000000639 ) ) ;
#770 = CIRCLE ( 'NONE', #3478, 3.249999999999999556 ) ;
#771 = EDGE_CURVE ( 'NONE', #13, #3882, #380, .T. ) ;
#772 = LINE ( 'NONE', #3110, #3168 ) ;
#773 = CARTESIAN_POINT ( 'NONE',  ( 1.021771253968743576, 6.970772162835880970, 21.25000000000000000 ) ) ;
#774 = AXIS2_PLACEMENT_3D ( 'NONE', #2002, #12, #4323 ) ;
#775 = CARTESIAN_POINT ( 'NONE',  ( 1.169999999975725347, 5.764659212739918104, 21.25000000000000000 ) ) ;
#776 = CARTESIAN_POINT ( 'NONE',  ( -0.6203425208277481007, 3.611684770750611229, -22.45000000000000284 ) ) ;
#777 = LINE ( 'NONE', #2805, #4467 ) ;
#778 = ORIENTED_EDGE ( 'NONE', *, *, #4287, .T. ) ;
#779 = FACE_OUTER_BOUND ( 'NONE', #203, .T. ) ;
#780 = CIRCLE ( 'NONE', #3656, 1.000000000000000888 ) ;
#781 = VECTOR ( 'NONE', #4881, 1000.000000000000000 ) ;
#782 = DIRECTION ( 'NONE',  ( -0.000000000000000000, 1.000000000000000000, -0.000000000000000000 ) ) ;
#783 = CARTESIAN_POINT ( 'NONE',  ( 2.899999999999999911, 14.25000000000000888, -21.66666666666666785 ) ) ;
#784 = VERTEX_POINT ( 'NONE', #1134 ) ;
#785 = ORIENTED_EDGE ( 'NONE', *, *, #1711, .F. ) ;
#786 = ORIENTED_EDGE ( 'NONE', *, *, #1239, .T. ) ;
#787 = CARTESIAN_POINT ( 'NONE',  ( -19.81348418192123262, 2.857629303562102763, 20.19999999999999929 ) ) ;
#788 = CARTESIAN_POINT ( 'NONE',  ( 29.75000000000001066, 2.999999999999999556, -19.02359877559830181 ) ) ;
#789 = ORIENTED_EDGE ( 'NONE', *, *, #4001, .F. ) ;
#790 = ORIENTED_EDGE ( 'NONE', *, *, #2352, .F. ) ;
#791 = VECTOR ( 'NONE', #4443, 1000.000000000000000 ) ;
#792 = EDGE_CURVE ( 'NONE', #4927, #3942, #1517, .T. ) ;
#793 = CARTESIAN_POINT ( 'NONE',  ( 13.42000000000000348, 18.80000000000001492, -21.66666666666666785 ) ) ;
#794 = CARTESIAN_POINT ( 'NONE',  ( 0.000000000000000000, 1.000000000000000000, 0.000000000000000000 ) ) ;
#795 = CARTESIAN_POINT ( 'NONE',  ( -2.369999999999989448, 6.380000000000024762, 22.50000000000000355 ) ) ;
#796 = VERTEX_POINT ( 'NONE', #1562 ) ;
#797 = CARTESIAN_POINT ( 'NONE',  ( -27.50000000000000355, 3.000000000000000000, 2.478176394252582521E-15 ) ) ;
#798 = EDGE_CURVE ( 'NONE', #1665, #2807, #1898, .T. ) ;
#799 = CARTESIAN_POINT ( 'NONE',  ( -1.895210389775201953, 4.463524246950922425, -21.25000000000000000 ) ) ;
#800 = CARTESIAN_POINT ( 'NONE',  ( 21.96532025671987043, 4.000000000000000000, 19.72351414627958022 ) ) ;
#801 = ORIENTED_EDGE ( 'NONE', *, *, #3777, .T. ) ;
#802 = EDGE_CURVE ( 'NONE', #1056, #3048, #1966, .T. ) ;
#803 = CARTESIAN_POINT ( 'NONE',  ( 27.50000000000000355, 3.000000000000000000, 0.000000000000000000 ) ) ;
#804 = DIRECTION ( 'NONE',  ( 0.000000000000000000, 0.000000000000000000, -1.000000000000000000 ) ) ;
#805 = DIRECTION ( 'NONE',  ( 0.000000000000000000, -1.000000000000000000, 9.427844978134805410E-17 ) ) ;
#806 = VERTEX_POINT ( 'NONE', #2742 ) ;
#807 = ORIENTED_EDGE ( 'NONE', *, *, #3858, .F. ) ;
#808 = VERTEX_POINT ( 'NONE', #2698 ) ;
#809 = CARTESIAN_POINT ( 'NONE',  ( -29.75000000000001066, 3.000000000000000000, 18.49999999999999645 ) ) ;
#810 =( BOUNDED_CURVE ( )  B_SPLINE_CURVE ( 2, ( #490, #4422, #2104 ),
 .UNSPECIFIED., .F., .T. ) 
 B_SPLINE_CURVE_WITH_KNOTS ( ( 3, 3 ),
 ( 0.000000000000000000, 0.001877141136577302558 ),
 .UNSPECIFIED. ) 
 CURVE ( )  GEOMETRIC_REPRESENTATION_ITEM ( )  RATIONAL_B_SPLINE_CURVE ( ( 0.8542150666577394968, 0.8633971813349847757, 1.000000000000000000 ) ) 
 REPRESENTATION_ITEM ( '' )  );
#811 = DIRECTION ( 'NONE',  ( -1.000000000000000000, 0.000000000000000000, -0.000000000000000000 ) ) ;
#812 = DIRECTION ( 'NONE',  ( 1.000000000000000000, 0.000000000000000000, 1.005636797667714533E-16 ) ) ;
#813 = ORIENTED_EDGE ( 'NONE', *, *, #3349, .T. ) ;
#814 = EDGE_LOOP ( 'NONE', ( #2152, #4526, #4809, #2985, #4017, #3978, #1983, #2983 ) ) ;
#815 = VECTOR ( 'NONE', #347, 1000.000000000000000 ) ;
#816 = DIRECTION ( 'NONE',  ( -0.000000000000000000, 1.000000000000000000, -0.000000000000000000 ) ) ;
#817 = CYLINDRICAL_SURFACE ( 'NONE', #719, 3.249999999999999556 ) ;
#818 = ADVANCED_FACE ( 'NONE', ( #4268 ), #4670, .F. ) ;
#819 = CARTESIAN_POINT ( 'NONE',  ( 1.169999999999994600, 6.226666666666686112, -21.25000000000000000 ) ) ;
#820 = ORIENTED_EDGE ( 'NONE', *, *, #4982, .T. ) ;
#821 = CARTESIAN_POINT ( 'NONE',  ( 1.140313017655127492, 5.615412674117533420, 21.25000000000000000 ) ) ;
#822 = CARTESIAN_POINT ( 'NONE',  ( 2.070873754854051452, 4.726423051417154575, -21.25000000000000000 ) ) ;
#823 = EDGE_CURVE ( 'NONE', #3699, #2003, #4689, .T. ) ;
#824 = CARTESIAN_POINT ( 'NONE',  ( -23.49999999999999645, 4.000000000000000000, 17.75000000000000000 ) ) ;
#825 = ORIENTED_EDGE ( 'NONE', *, *, #1144, .F. ) ;
#826 = EDGE_CURVE ( 'NONE', #3977, #2220, #4307, .T. ) ;
#827 = EDGE_CURVE ( 'NONE', #1005, #3186, #1587, .T. ) ;
#828 = CARTESIAN_POINT ( 'NONE',  ( -20.49999999999999645, 6.250000000000000000, -17.75000000000000000 ) ) ;
#829 = CARTESIAN_POINT ( 'NONE',  ( -2.369999999999989893, 5.920000000000007923, 22.45000000000000284 ) ) ;
#830 = CARTESIAN_POINT ( 'NONE',  ( 2.369999999999994333, 5.920000000000007923, -21.25000000000000000 ) ) ;
#831 = VECTOR ( 'NONE', #1, 1000.000000000000000 ) ;
#832 = CARTESIAN_POINT ( 'NONE',  ( -20.49999999999999645, 81.73647591023825498, 20.99999999999999645 ) ) ;
#833 = VERTEX_POINT ( 'NONE', #2255 ) ;
#834 = EDGE_LOOP ( 'NONE', ( #4870, #4486, #1661, #4330, #838, #410, #693, #2195 ) ) ;
#835 = ORIENTED_EDGE ( 'NONE', *, *, #4341, .T. ) ;
#836 = CARTESIAN_POINT ( 'NONE',  ( 23.49999999999999645, 0.000000000000000000, -19.25000000000000000 ) ) ;
#837 = CARTESIAN_POINT ( 'NONE',  ( 0.000000000000000000, 3.000000000000000000, -20.25000000000000000 ) ) ;
#838 = ORIENTED_EDGE ( 'NONE', *, *, #3176, .T. ) ;
#839 = AXIS2_PLACEMENT_3D ( 'NONE', #1704, #3683, #2863 ) ;
#840 = VERTEX_POINT ( 'NONE', #2281 ) ;
#841 = LINE ( 'NONE', #793, #2238 ) ;
#842 =( BOUNDED_CURVE ( )  B_SPLINE_CURVE ( 2, ( #4564, #233, #4184 ),
 .UNSPECIFIED., .F., .T. ) 
 B_SPLINE_CURVE_WITH_KNOTS ( ( 3, 3 ),
 ( 0.000000000000000000, 0.001873848393516893123 ),
 .UNSPECIFIED. ) 
 CURVE ( )  GEOMETRIC_REPRESENTATION_ITEM ( )  RATIONAL_B_SPLINE_CURVE ( ( 1.000000000000000000, 0.8633971813349848867, 0.8542150666577396079 ) ) 
 REPRESENTATION_ITEM ( '' )  );
#843 = DIRECTION ( 'NONE',  ( 0.000000000000000000, 0.000000000000000000, 1.000000000000000000 ) ) ;
#844 = VECTOR ( 'NONE', #4032, 1000.000000000000000 ) ;
#845 = CARTESIAN_POINT ( 'NONE',  ( -17.53000000000000469, 0.000000000000000000, 19.99999999999999645 ) ) ;
#846 = EDGE_LOOP ( 'NONE', ( #1791, #3416, #2453, #3511, #1386 ) ) ;
#847 = AXIS2_PLACEMENT_3D ( 'NONE', #280, #4944, #4843 ) ;
#848 = PLANE ( 'NONE',  #4378 ) ;
#849 = VECTOR ( 'NONE', #2882, 1000.000000000000000 ) ;
#850 = LINE ( 'NONE', #468, #114 ) ;
#851 = LINE ( 'NONE', #2410, #1923 ) ;
#852 = CARTESIAN_POINT ( 'NONE',  ( -25.00000000000000000, 4.000000000000000000, 17.75000000000000000 ) ) ;
#853 = VECTOR ( 'NONE', #970, 1000.000000000000000 ) ;
#854 = ORIENTED_EDGE ( 'NONE', *, *, #541, .F. ) ;
#855 = VECTOR ( 'NONE', #909, 1000.000000000000000 ) ;
#856 = EDGE_CURVE ( 'NONE', #1101, #4305, #1301, .T. ) ;
#857 = CARTESIAN_POINT ( 'NONE',  ( 22.00000000000000355, 18.80000000000001137, 19.24999999999999289 ) ) ;
#858 = DIRECTION ( 'NONE',  ( -1.000000000000000000, 0.000000000000000000, 1.639108796198558178E-16 ) ) ;
#859 = CARTESIAN_POINT ( 'NONE',  ( -4.519999999999994245, 0.000000000000000000, -20.00000000000000355 ) ) ;
#860 = CARTESIAN_POINT ( 'NONE',  ( 22.00000000000000355, 3.925527804984169311, 19.24999999999999289 ) ) ;
#861 = ORIENTED_EDGE ( 'NONE', *, *, #2740, .F. ) ;
#862 = ADVANCED_FACE ( 'NONE', ( #2451 ), #1631, .F. ) ;
#863 = ORIENTED_EDGE ( 'NONE', *, *, #1375, .F. ) ;
#864 = EDGE_LOOP ( 'NONE', ( #4067, #1192, #4747, #211 ) ) ;
#865 = VECTOR ( 'NONE', #215, 1000.000000000000000 ) ;
#866 = EDGE_CURVE ( 'NONE', #1373, #5050, #868, .T. ) ;
#867 = DIRECTION ( 'NONE',  ( 1.000000000000000000, 0.000000000000000000, 0.000000000000000000 ) ) ;
#868 = LINE ( 'NONE', #2792, #3460 ) ;
#869 = DIRECTION ( 'NONE',  ( -1.000000000000000000, 0.000000000000000000, 0.000000000000000000 ) ) ;
#870 = ORIENTED_EDGE ( 'NONE', *, *, #511, .F. ) ;
#871 = CIRCLE ( 'NONE', #1125, 4.945548129602392429 ) ;
#872 = ORIENTED_EDGE ( 'NONE', *, *, #3596, .F. ) ;
#873 = DIRECTION ( 'NONE',  ( 0.000000000000000000, 0.000000000000000000, 1.000000000000000000 ) ) ;
#874 = FACE_OUTER_BOUND ( 'NONE', #3174, .T. ) ;
#875 = CARTESIAN_POINT ( 'NONE',  ( -17.91666666666665719, 17.00000000000000711, 21.66666666666666430 ) ) ;
#876 = AXIS2_PLACEMENT_3D ( 'NONE', #3864, #266, #4958 ) ;
#877 = ORIENTED_EDGE ( 'NONE', *, *, #2105, .F. ) ;
#878 = B_SPLINE_CURVE_WITH_KNOTS ( 'NONE', 3,
 ( #4710, #2389, #1962, #18 ),
 .UNSPECIFIED., .F., .F.,
 ( 4, 4 ),
 ( 0.4122330097087378298, 0.5877669902912620037 ),
 .UNSPECIFIED. ) ;
#879 = CARTESIAN_POINT ( 'NONE',  ( -1.169999999975779081, 5.765037855396762723, 21.25000000000000000 ) ) ;
#880 = CARTESIAN_POINT ( 'NONE',  ( 2.369999999951633018, 5.609711817632565101, -21.25000000000000000 ) ) ;
#881 = CARTESIAN_POINT ( 'NONE',  ( -25.75000000000001066, 3.000000000000000000, 22.49999999999999645 ) ) ;
#882 = DIRECTION ( 'NONE',  ( 1.000000000000000000, -0.000000000000000000, -0.000000000000000000 ) ) ;
#883 = EDGE_LOOP ( 'NONE', ( #4385, #2206, #3943, #3920 ) ) ;
#884 = DIRECTION ( 'NONE',  ( -0.000000000000000000, 1.000000000000000000, 0.000000000000000000 ) ) ;
#885 = CARTESIAN_POINT ( 'NONE',  ( -1.169999999999989715, 6.226666666666685224, -21.25000000000000000 ) ) ;
#886 = CARTESIAN_POINT ( 'NONE',  ( 4.519999999999994245, 0.000000000000000000, -20.00000000000000355 ) ) ;
#887 = ADVANCED_FACE ( 'NONE', ( #502 ), #4388, .F. ) ;
#888 = CARTESIAN_POINT ( 'NONE',  ( -25.75000000000000000, 0.000000000000000000, -20.00000000000000355 ) ) ;
#889 = ORIENTED_EDGE ( 'NONE', *, *, #4168, .T. ) ;
#890 = ORIENTED_EDGE ( 'NONE', *, *, #3886, .F. ) ;
#891 = DIRECTION ( 'NONE',  ( -1.000000000000000000, 0.000000000000000000, 0.000000000000000000 ) ) ;
#892 = EDGE_CURVE ( 'NONE', #5011, #956, #2367, .T. ) ;
#893 = LINE ( 'NONE', #2872, #3861 ) ;
#894 = CARTESIAN_POINT ( 'NONE',  ( 22.00000000000000355, 18.80000000000001137, 22.49999999999999645 ) ) ;
#895 = ORIENTED_EDGE ( 'NONE', *, *, #4982, .F. ) ;
#896 = ADVANCED_FACE ( 'NONE', ( #2427 ), #4764, .F. ) ;
#897 = VERTEX_POINT ( 'NONE', #481 ) ;
#898 = CARTESIAN_POINT ( 'NONE',  ( 1.169999999976063076, 6.533180241928192800, -21.25000000000000000 ) ) ;
#899 = ADVANCED_FACE ( 'NONE', ( #4357 ), #989, .T. ) ;
#900 = DIRECTION ( 'NONE',  ( -1.000000000000000000, -0.000000000000000000, -0.000000000000000000 ) ) ;
#901 = DIRECTION ( 'NONE',  ( 0.000000000000000000, 0.000000000000000000, -1.000000000000000000 ) ) ;
#902 = EDGE_LOOP ( 'NONE', ( #1432, #3122, #1856, #4458 ) ) ;
#903 = PLANE ( 'NONE',  #1754 ) ;
#904 = CARTESIAN_POINT ( 'NONE',  ( -0.3062450419276406266, 7.519548024566184985, 21.25000000000000000 ) ) ;
#905 = PLANE ( 'NONE',  #1843 ) ;
#906 = DIRECTION ( 'NONE',  ( -1.000000000000000000, -0.000000000000000000, 0.000000000000000000 ) ) ;
#907 = CARTESIAN_POINT ( 'NONE',  ( -2.369999999999989893, 6.073333333333348349, -22.45000000000000284 ) ) ;
#908 = EDGE_LOOP ( 'NONE', ( #2303, #255, #4855, #4434, #1186, #4490, #2144, #5033 ) ) ;
#909 = DIRECTION ( 'NONE',  ( 1.000000000000000000, 0.000000000000000000, 0.000000000000000000 ) ) ;
#910 = CARTESIAN_POINT ( 'NONE',  ( 29.75000000000001421, 0.000000000000000000, 18.49999999999999645 ) ) ;
#911 = DIRECTION ( 'NONE',  ( -0.000000000000000000, 1.000000000000000000, 6.123233995736766036E-17 ) ) ;
#912 = CARTESIAN_POINT ( 'NONE',  ( -21.99999999999999645, 1.000000000000000000, 19.24999999999999289 ) ) ;
#913 = CYLINDRICAL_SURFACE ( 'NONE', #2754, 1.318749999999996980 ) ;
#914 = ORIENTED_EDGE ( 'NONE', *, *, #3470, .F. ) ;
#915 = ORIENTED_EDGE ( 'NONE', *, *, #2847, .T. ) ;
#916 = EDGE_CURVE ( 'NONE', #2855, #382, #3178, .T. ) ;
#917 = CARTESIAN_POINT ( 'NONE',  ( -26.14262183997612254, 0.000000000000000000, -19.96095900943680235 ) ) ;
#918 = FACE_OUTER_BOUND ( 'NONE', #3008, .T. ) ;
#919 = CYLINDRICAL_SURFACE ( 'NONE', #196, 1.000000000000000888 ) ;
#920 = ORIENTED_EDGE ( 'NONE', *, *, #929, .T. ) ;
#921 = ORIENTED_EDGE ( 'NONE', *, *, #3652, .F. ) ;
#922 = EDGE_CURVE ( 'NONE', #4761, #2441, #2360, .T. ) ;
#923 = CARTESIAN_POINT ( 'NONE',  ( -1.456475753049078170, 8.275210389775299546, -21.25000000000000000 ) ) ;
#924 = CARTESIAN_POINT ( 'NONE',  ( -17.24999999999999645, 81.73647591023825498, 17.75000000000000000 ) ) ;
#925 = CARTESIAN_POINT ( 'NONE',  ( -25.00000000000000000, 4.000000000000000000, 19.25000000000000000 ) ) ;
#926 = CIRCLE ( 'NONE', #2729, 4.945548129602392429 ) ;
#927 = EDGE_LOOP ( 'NONE', ( #990, #101, #1561, #3080 ) ) ;
#928 = ADVANCED_FACE ( 'NONE', ( #2015 ), #3668, .F. ) ;
#929 = EDGE_CURVE ( 'NONE', #2189, #160, #3766, .T. ) ;
#930 = LINE ( 'NONE', #4116, #1920 ) ;
#931 = AXIS2_PLACEMENT_3D ( 'NONE', #1779, #3733, #4959 ) ;
#932 = B_SPLINE_CURVE_WITH_KNOTS ( 'NONE', 3,
 ( #278, #3049, #3482, #1839 ),
 .UNSPECIFIED., .F., .F.,
 ( 4, 4 ),
 ( 0.000000000000000000, 1.000000000000000000 ),
 .UNSPECIFIED. ) ;
#933 = CARTESIAN_POINT ( 'NONE',  ( 0.7190196755558454500, 7.315610192420675340, 21.25000000000000000 ) ) ;
#934 = CARTESIAN_POINT ( 'NONE',  ( -22.00000000000000355, 3.372316692552531858, -18.20599523643116768 ) ) ;
#935 = LINE ( 'NONE', #2521, #3549 ) ;
#936 = VECTOR ( 'NONE', #1616, 1000.000000000000000 ) ;
#937 = ORIENTED_EDGE ( 'NONE', *, *, #2277, .F. ) ;
#938 = CARTESIAN_POINT ( 'NONE',  ( -17.24999999999999645, 17.00000000000000000, -17.74999999999999645 ) ) ;
#939 = DIRECTION ( 'NONE',  ( 1.000000000000000000, 0.000000000000000000, -8.462065736472231082E-17 ) ) ;
#940 = TOROIDAL_SURFACE ( 'NONE', #3816, 2.500000000000000000, 1.000000000000000000 ) ;
#941 = DIRECTION ( 'NONE',  ( 1.000000000000000000, 0.000000000000000000, 0.000000000000000000 ) ) ;
#942 = LINE ( 'NONE', #912, #4161 ) ;
#943 = DIRECTION ( 'NONE',  ( 0.000000000000000000, -0.000000000000000000, 1.000000000000000000 ) ) ;
#944 = CIRCLE ( 'NONE', #2741, 2.500000000000000444 ) ;
#945 = ORIENTED_EDGE ( 'NONE', *, *, #3934, .T. ) ;
#946 = DIRECTION ( 'NONE',  ( 0.000000000000000000, 0.000000000000000000, -1.000000000000000000 ) ) ;
#947 = DIRECTION ( 'NONE',  ( 0.000000000000000000, 0.000000000000000000, -1.000000000000000000 ) ) ;
#948 = PLANE ( 'NONE',  #544 ) ;
#949 = ORIENTED_EDGE ( 'NONE', *, *, #4877, .T. ) ;
#950 = ORIENTED_EDGE ( 'NONE', *, *, #1085, .F. ) ;
#951 = CARTESIAN_POINT ( 'NONE',  ( -0.3102322367705097061, 8.750000000000017764, -21.25000000000000000 ) ) ;
#952 = AXIS2_PLACEMENT_3D ( 'NONE', #3726, #3801, #621 ) ;
#953 = FACE_OUTER_BOUND ( 'NONE', #4513, .T. ) ;
#954 = CARTESIAN_POINT ( 'NONE',  ( 2.900000000000000355, 12.40000000000000391, -9.545306638761546836 ) ) ;
#955 = CARTESIAN_POINT ( 'NONE',  ( 25.75000000000001421, 4.000000000000000000, -22.50000000000000355 ) ) ;
#956 = VERTEX_POINT ( 'NONE', #78 ) ;
#957 = EDGE_CURVE ( 'NONE', #702, #4960, #131, .T. ) ;
#958 = CARTESIAN_POINT ( 'NONE',  ( -4.519999999999994245, 20.34143585281091049, 18.85309986098562263 ) ) ;
#959 = AXIS2_PLACEMENT_3D ( 'NONE', #4003, #3588, #482 ) ;
#960 = CARTESIAN_POINT ( 'NONE',  ( 1.193576948582723896, 8.450873754854207220, 21.25000000000000000 ) ) ;
#961 = AXIS2_PLACEMENT_3D ( 'NONE', #3567, #387, #1567 ) ;
#962 = CARTESIAN_POINT ( 'NONE',  ( 18.75000000000000355, 1.000000000000000000, 19.24999999999999289 ) ) ;
#963 = DIRECTION ( 'NONE',  ( 0.000000000000000000, 6.195440985631452852E-17, -1.000000000000000000 ) ) ;
#964 = VERTEX_POINT ( 'NONE', #1326 ) ;
#965 = EDGE_CURVE ( 'NONE', #3687, #3263, #893, .T. ) ;
#966 = PRODUCT_DEFINITION_FORMATION_WITH_SPECIFIED_SOURCE ( 'ANY', '', #1575, .NOT_KNOWN. ) ;
#967 = ADVANCED_FACE ( 'NONE', ( #918 ), #2476, .T. ) ;
#968 = DIRECTION ( 'NONE',  ( -0.000000000000000000, 1.000000000000000000, 6.122553444624023009E-17 ) ) ;
#969 = LINE ( 'NONE', #227, #5023 ) ;
#970 = DIRECTION ( 'NONE',  ( -0.000000000000000000, -0.000000000000000000, -1.000000000000000000 ) ) ;
#971 = ADVANCED_FACE ( 'NONE', ( #2505 ), #560, .T. ) ;
#972 = FACE_OUTER_BOUND ( 'NONE', #3335, .T. ) ;
#973 = CARTESIAN_POINT ( 'NONE',  ( 16.62500000000000000, 10.05000000000000959, 16.62500000000000000 ) ) ;
#974 = ORIENTED_EDGE ( 'NONE', *, *, #922, .T. ) ;
#975 = CARTESIAN_POINT ( 'NONE',  ( -29.75000000000001421, 0.000000000000000000, 18.49999999999999645 ) ) ;
#976 = LINE ( 'NONE', #2171, #3498 ) ;
#977 = EDGE_LOOP ( 'NONE', ( #3468, #3876, #4922, #1772 ) ) ;
#978 = ORIENTED_EDGE ( 'NONE', *, *, #2779, .F. ) ;
#979 = CARTESIAN_POINT ( 'NONE',  ( -2.369999999999989448, 6.690288182367363667, -22.45000000000000284 ) ) ;
#980 = CARTESIAN_POINT ( 'NONE',  ( -1.169999999976057303, 5.766819758071787483, 21.25000000000000000 ) ) ;
#981 = FACE_OUTER_BOUND ( 'NONE', #1825, .T. ) ;
#982 = CARTESIAN_POINT ( 'NONE',  ( -13.42000000000000348, 6.250000000000000000, -17.74999999999999645 ) ) ;
#983 = ORIENTED_EDGE ( 'NONE', *, *, #3402, .T. ) ;
#984 = LINE ( 'NONE', #4496, #3073 ) ;
#985 = EDGE_CURVE ( 'NONE', #536, #3999, #2656, .T. ) ;
#986 = CARTESIAN_POINT ( 'NONE',  ( -2.369999999951361236, 6.690288182367415182, 21.25000000000000000 ) ) ;
#987 = CARTESIAN_POINT ( 'NONE',  ( 4.519999999999994245, 20.34143585281091049, 18.85309986098562263 ) ) ;
#988 = CARTESIAN_POINT ( 'NONE',  ( 4.750000000000004441, 14.25000000000000888, -21.66666666666666785 ) ) ;
#989 =( BOUNDED_SURFACE ( )  B_SPLINE_SURFACE ( 2, 3, ( 
 ( #4052, #158, #3975, #3587 ),
 ( #1247, #3226, #1613, #4025 ),
 ( #3945, #2041, #426, #1989 ) ),
 .UNSPECIFIED., .F., .F., .T. ) 
 B_SPLINE_SURFACE_WITH_KNOTS ( ( 3, 3 ),
 ( 4, 4 ),
 ( 0.000000000000000000, 1.000000000000000000 ),
 ( -0.04775000000000001465, 0.003750000000000006800 ),
 .UNSPECIFIED. ) 
 GEOMETRIC_REPRESENTATION_ITEM ( )  RATIONAL_B_SPLINE_SURFACE ( (
 ( 1.000000000000000000, 1.000000000000000000, 1.000000000000000000, 1.000000000000000000),
 ( 0.7071067811865476838, 0.7071067811865476838, 0.7071067811865476838, 0.7071067811865476838),
 ( 1.000000000000000000, 1.000000000000000000, 1.000000000000000000, 1.000000000000000000) ) ) 
 REPRESENTATION_ITEM ( '' )  SURFACE ( )  );
#990 = ORIENTED_EDGE ( 'NONE', *, *, #3592, .F. ) ;
#991 = AXIS2_PLACEMENT_3D ( 'NONE', #1713, #455, #1656 ) ;
#992 = CARTESIAN_POINT ( 'NONE',  ( 2.369999999999994333, 5.920000000000008811, 21.25000000000000000 ) ) ;
#993 = EDGE_CURVE ( 'NONE', #4742, #796, #759, .T. ) ;
#994 = CARTESIAN_POINT ( 'NONE',  ( -20.49999999999999645, 81.73647591023825498, -20.99999999999998934 ) ) ;
#995 = CARTESIAN_POINT ( 'NONE',  ( -29.75000000000001066, 2.999999999999999556, 19.02359877559829826 ) ) ;
#996 = DIRECTION ( 'NONE',  ( -0.000000000000000000, 0.000000000000000000, -1.000000000000000000 ) ) ;
#997 = EDGE_CURVE ( 'NONE', #4115, #2017, #2782, .T. ) ;
#998 = DIRECTION ( 'NONE',  ( -1.000000000000000000, 0.000000000000000000, 0.000000000000000000 ) ) ;
#999 = EDGE_CURVE ( 'NONE', #3394, #3983, #1909, .T. ) ;
#1000 = VERTEX_POINT ( 'NONE', #1071 ) ;
#1001 = ADVANCED_FACE ( 'NONE', ( #4227 ), #709, .F. ) ;
#1002 = CARTESIAN_POINT ( 'NONE',  ( 2.369999999999994333, 6.380000000000024762, -22.45000000000000284 ) ) ;
#1003 = CARTESIAN_POINT ( 'NONE',  ( 25.00000000000000000, 0.000000000000000000, 17.75000000000000000 ) ) ;
#1004 = ORIENTED_EDGE ( 'NONE', *, *, #2804, .F. ) ;
#1005 = VERTEX_POINT ( 'NONE', #681 ) ;
#1006 = CARTESIAN_POINT ( 'NONE',  ( 0.3102322367705148687, 8.750000000000015987, -22.45000000000000284 ) ) ;
#1007 = CARTESIAN_POINT ( 'NONE',  ( 0.3062450419276418478, 4.780451975433847700, 21.25000000000000000 ) ) ;
#1008 = CARTESIAN_POINT ( 'NONE',  ( 27.76447592148360499, 3.000000000000000444, 21.99514555341701794 ) ) ;
#1009 = FACE_OUTER_BOUND ( 'NONE', #3670, .T. ) ;
#1010 = ORIENTED_EDGE ( 'NONE', *, *, #2245, .T. ) ;
#1011 = VECTOR ( 'NONE', #2768, 1000.000000000000000 ) ;
#1012 = CARTESIAN_POINT ( 'NONE',  ( -25.75000000000001066, 4.000000000000000000, 22.50000000000000355 ) ) ;
#1013 = VERTEX_POINT ( 'NONE', #4659 ) ;
#1014 = CARTESIAN_POINT ( 'NONE',  ( -0.1531526232158191281, 7.550000000000016698, 21.25000000000000000 ) ) ;
#1015 = LINE ( 'NONE', #4118, #1182 ) ;
#1016 = DIRECTION ( 'NONE',  ( 1.000000000000000000, 0.000000000000000000, -0.000000000000000000 ) ) ;
#1017 = VERTEX_POINT ( 'NONE', #5039 ) ;
#1018 = VECTOR ( 'NONE', #143, 1000.000000000000000 ) ;
#1019 = CARTESIAN_POINT ( 'NONE',  ( 4.519999999999994245, 1.624999999999998002, -19.35000000000000853 ) ) ;
#1020 =( BOUNDED_SURFACE ( )  B_SPLINE_SURFACE ( 2, 3, ( 
 ( #2433, #2482, #3336, #2853, #3308, #3233, #3285, #1307, #2877, #4418, #1251, #4441, #4878, #4466, #1330, #4057, #898, #3721 ),
 ( #3643, #4110, #4030, #3672, #2826, #923, #162, #4850, #951, #2511, #4084, #564, #2123, #3695, #184, #1740, #1360, #212 ),
 ( #2928, #979, #2535, #4392, #589, #2148, #1387, #2563, #4515, #1006, #2953, #4901, #3706, #3658, #1755, #4891, #2082, #4529 ) ),
 .UNSPECIFIED., .F., .F., .T. ) 
 B_SPLINE_SURFACE_WITH_KNOTS ( ( 3, 3 ),
 ( 4, 2, 2, 2, 2, 2, 2, 2, 4 ),
 ( 0.000000000000000000, 1.000000000000000000 ),
 ( 0.000000000000000000, 0.3926990816987241395, 0.7853981633974482790, 1.178097245096172418, 1.570796326794896558, 1.963495408493620697, 2.356194490192344837, 2.748893571891068976, 3.141592653589793116 ),
 .UNSPECIFIED. ) 
 GEOMETRIC_REPRESENTATION_ITEM ( )  RATIONAL_B_SPLINE_SURFACE ( (
 ( 1.000000000000000000, 1.000000000000000000, 1.000000000000000000, 1.000000000000000000, 1.000000000000000000, 1.000000000000000000, 1.000000000000000000, 1.000000000000000000, 1.000000000000000000, 1.000000000000000000, 1.000000000000000000, 1.000000000000000000, 1.000000000000000000, 1.000000000000000000, 1.000000000000000000, 1.000000000000000000, 1.000000000000000000, 1.000000000000000000),
 ( 0.05263157894736842507, 0.05263157894736842507, 0.05263157894736842507, 0.05263157894736842507, 0.05263157894736842507, 0.05263157894736842507, 0.05263157894736842507, 0.05263157894736842507, 0.05263157894736842507, 0.05263157894736842507, 0.05263157894736842507, 0.05263157894736842507, 0.05263157894736842507, 0.05263157894736842507, 0.05263157894736842507, 0.05263157894736842507, 0.05263157894736842507, 0.05263157894736842507),
 ( 1.000000000000000000, 1.000000000000000000, 1.000000000000000000, 1.000000000000000000, 1.000000000000000000, 1.000000000000000000, 1.000000000000000000, 1.000000000000000000, 1.000000000000000000, 1.000000000000000000, 1.000000000000000000, 1.000000000000000000, 1.000000000000000000, 1.000000000000000000, 1.000000000000000000, 1.000000000000000000, 1.000000000000000000, 1.000000000000000000) ) ) 
 REPRESENTATION_ITEM ( '' )  SURFACE ( )  );
#1021 = CARTESIAN_POINT ( 'NONE',  ( 0.000000000000000000, 0.000000000000000000, 19.25000000000000000 ) ) ;
#1022 = CARTESIAN_POINT ( 'NONE',  ( -21.99999999999999645, 3.000000000000000000, 17.75000000000000000 ) ) ;
#1023 = CYLINDRICAL_SURFACE ( 'NONE', #2102, 1.500000000000001332 ) ;
#1024 = PLANE ( 'NONE',  #1765 ) ;
#1025 = EDGE_CURVE ( 'NONE', #3810, #1299, #1477, .T. ) ;
#1026 = AXIS2_PLACEMENT_3D ( 'NONE', #4179, #3115, #301 ) ;
#1027 = ORIENTED_EDGE ( 'NONE', *, *, #4090, .F. ) ;
#1028 = DIRECTION ( 'NONE',  ( 1.000000000000000000, -5.242622888684766343E-33, 8.462065736472231082E-17 ) ) ;
#1029 = CARTESIAN_POINT ( 'NONE',  ( 2.369999999999994333, 5.920000000000008811, 22.45000000000000284 ) ) ;
#1030 = VERTEX_POINT ( 'NONE', #3425 ) ;
#1031 = CIRCLE ( 'NONE', #4954, 2.499999999999998668 ) ;
#1032 = VERTEX_POINT ( 'NONE', #2266 ) ;
#1033 = ADVANCED_FACE ( 'NONE', ( #2630 ), #4169, .T. ) ;
#1034 = DIRECTION ( 'NONE',  ( 0.000000000000000000, 0.000000000000000000, 1.000000000000000000 ) ) ;
#1035 = CARTESIAN_POINT ( 'NONE',  ( 26.27359877559829826, 2.999999999999999556, 22.49999999999999645 ) ) ;
#1036 = CARTESIAN_POINT ( 'NONE',  ( 17.24999999999999645, 6.250000000000000000, -17.74999999999999645 ) ) ;
#1037 = VERTEX_POINT ( 'NONE', #1828 ) ;
#1038 = CARTESIAN_POINT ( 'NONE',  ( 4.519999999999994245, 0.000000000000000000, 19.99999999999999645 ) ) ;
#1039 = VERTEX_POINT ( 'NONE', #270 ) ;
#1040 = CARTESIAN_POINT ( 'NONE',  ( 25.00000000000000000, 4.000000000000000000, 20.24999999999999645 ) ) ;
#1041 = CARTESIAN_POINT ( 'NONE',  ( 26.50000000000000355, 3.000000000000000000, -17.75000000000000000 ) ) ;
#1042 = CARTESIAN_POINT ( 'NONE',  ( 0.7179148897863701917, 4.983182784850811231, -21.24999999999999645 ) ) ;
#1043 = ORIENTED_EDGE ( 'NONE', *, *, #1611, .T. ) ;
#1044 = CARTESIAN_POINT ( 'NONE',  ( -29.75000000000001421, 0.000000000000000000, 18.50000000000000000 ) ) ;
#1045 = AXIS2_PLACEMENT_3D ( 'NONE', #3826, #4614, #3795 ) ;
#1046 = FACE_OUTER_BOUND ( 'NONE', #3011, .T. ) ;
#1047 = CARTESIAN_POINT ( 'NONE',  ( -25.75000000000001066, 3.000000000000000000, -22.50000000000000355 ) ) ;
#1048 = CARTESIAN_POINT ( 'NONE',  ( -25.75000000000001066, 0.000000000000000000, 22.49999999999999289 ) ) ;
#1049 = CARTESIAN_POINT ( 'NONE',  ( -21.98900891714565020, 4.000000000000000000, -19.56266017745940289 ) ) ;
#1050 = CIRCLE ( 'NONE', #4972, 1.000000000000000888 ) ;
#1051 = ORIENTED_EDGE ( 'NONE', *, *, #303, .F. ) ;
#1052 = CARTESIAN_POINT ( 'NONE',  ( -22.00000000000000355, 18.80000000000001137, -19.25000000000000355 ) ) ;
#1053 = EDGE_CURVE ( 'NONE', #806, #2381, #2537, .T. ) ;
#1054 = CARTESIAN_POINT ( 'NONE',  ( 2.369999999999994333, 5.920000000000008811, -22.45000000000000284 ) ) ;
#1055 = LINE ( 'NONE', #2613, #3417 ) ;
#1056 = VERTEX_POINT ( 'NONE', #299 ) ;
#1057 = VERTEX_POINT ( 'NONE', #1858 ) ;
#1058 = ORIENTED_EDGE ( 'NONE', *, *, #4313, .F. ) ;
#1059 = ADVANCED_FACE ( 'NONE', ( #4177 ), #1883, .F. ) ;
#1060 = CARTESIAN_POINT ( 'NONE',  ( -2.308315229249369160, 5.299657479172346974, 21.25000000000000000 ) ) ;
#1061 = CARTESIAN_POINT ( 'NONE',  ( -27.50000000000000000, 4.000000000000000000, 17.75000000000000000 ) ) ;
#1062 = CARTESIAN_POINT ( 'NONE',  ( 2.369999999999994333, 6.380000000000024762, 21.25000000000000000 ) ) ;
#1063 = CARTESIAN_POINT ( 'NONE',  ( -4.519999999999994245, 2.857629303562102763, -20.19999999999999929 ) ) ;
#1064 = CARTESIAN_POINT ( 'NONE',  ( 25.75000000000001066, 3.000000000000000000, 22.49999999999999645 ) ) ;
#1065 = EDGE_CURVE ( 'NONE', #3222, #4568, #1421, .T. ) ;
#1066 = ORIENTED_EDGE ( 'NONE', *, *, #3396, .T. ) ;
#1067 = CARTESIAN_POINT ( 'NONE',  ( -25.75000000000001066, 3.000000000000000000, -22.50000000000000355 ) ) ;
#1068 = CARTESIAN_POINT ( 'NONE',  ( 25.75000000000001421, 0.000000000000000000, -22.50000000000000355 ) ) ;
#1069 = CARTESIAN_POINT ( 'NONE',  ( -18.60000000000000853, 6.250000000000000000, -15.74999999999999289 ) ) ;
#1070 = ORIENTED_EDGE ( 'NONE', *, *, #384, .T. ) ;
#1071 = CARTESIAN_POINT ( 'NONE',  ( 13.42000000000000348, 0.000000000000000000, 19.35000000000000853 ) ) ;
#1072 = CARTESIAN_POINT ( 'NONE',  ( 1.456475726340546561, 8.275210416483707476, 22.45000000000000639 ) ) ;
#1073 = CARTESIAN_POINT ( 'NONE',  ( 26.67032366552819411, -0.000000000000000000, 19.70110128955827733 ) ) ;
#1074 = ORIENTED_EDGE ( 'NONE', *, *, #652, .F. ) ;
#1075 = LINE ( 'NONE', #3430, #128 ) ;
#1076 = CARTESIAN_POINT ( 'NONE',  ( -25.00000000000000000, 3.000000000000000000, 20.25000000000000000 ) ) ;
#1077 = DIRECTION ( 'NONE',  ( 9.427844978134476553E-16, 1.000000000000000000, 0.000000000000000000 ) ) ;
#1078 = VERTEX_POINT ( 'NONE', #3371 ) ;
#1079 = ORIENTED_EDGE ( 'NONE', *, *, #4499, .T. ) ;
#1080 = ORIENTED_EDGE ( 'NONE', *, *, #823, .T. ) ;
#1081 = CARTESIAN_POINT ( 'NONE',  ( 1.895210389775230153, 4.463524246951060093, 21.25000000000000000 ) ) ;
#1082 = CARTESIAN_POINT ( 'NONE',  ( -17.24999999999999645, 6.250000000000000000, 17.74999999999999645 ) ) ;
#1083 = FACE_BOUND ( 'NONE', #4684, .T. ) ;
#1084 = CARTESIAN_POINT ( 'NONE',  ( 17.24999999999999645, 17.00000000000000000, -20.99999999999999645 ) ) ;
#1085 = EDGE_CURVE ( 'NONE', #4006, #478, #4592, .T. ) ;
#1086 = CARTESIAN_POINT ( 'NONE',  ( 29.74999999996049027, 0.000000000000000000, 19.02369315211956291 ) ) ;
#1087 = ORIENTED_EDGE ( 'NONE', *, *, #422, .F. ) ;
#1088 = LINE ( 'NONE', #3863, #1168 ) ;
#1089 = CARTESIAN_POINT ( 'NONE',  ( 27.21193976625566080, -0.000000000000000000, -18.89044756918874413 ) ) ;
#1090 = CARTESIAN_POINT ( 'NONE',  ( 1.169999999975784633, 5.765037855396839106, -21.25000000000000355 ) ) ;
#1091 = VERTEX_POINT ( 'NONE', #2212 ) ;
#1092 = ADVANCED_FACE ( 'NONE', ( #4320 ), #1621, .T. ) ;
#1093 = CARTESIAN_POINT ( 'NONE',  ( 29.75000000000001066, 3.000000000000000000, 18.49999999999999645 ) ) ;
#1094 = FACE_OUTER_BOUND ( 'NONE', #3359, .T. ) ;
#1095 = DIRECTION ( 'NONE',  ( 1.000000000000000000, 0.000000000000000000, 0.000000000000000000 ) ) ;
#1096 = VECTOR ( 'NONE', #601, 1000.000000000000000 ) ;
#1097 = CIRCLE ( 'NONE', #30, 2.369999999999992113 ) ;
#1098 = APPLICATION_CONTEXT ( 'automotive_design' ) ;
#1099 = ORIENTED_EDGE ( 'NONE', *, *, #1984, .F. ) ;
#1100 = CARTESIAN_POINT ( 'NONE',  ( 29.75000000000001421, 3.000000000000000000, -18.50000000000000355 ) ) ;
#1101 = VERTEX_POINT ( 'NONE', #4775 ) ;
#1102 = DIRECTION ( 'NONE',  ( 1.000000000000000000, 0.000000000000000000, 0.000000000000000000 ) ) ;
#1103 = CARTESIAN_POINT ( 'NONE',  ( -17.91666666666666430, 17.00000000000000355, -18.41666666666665719 ) ) ;
#1104 = VERTEX_POINT ( 'NONE', #2353 ) ;
#1105 = VECTOR ( 'NONE', #2531, 1000.000000000000000 ) ;
#1106 = ORIENTED_EDGE ( 'NONE', *, *, #3067, .F. ) ;
#1107 = EDGE_LOOP ( 'NONE', ( #654, #3517, #2695, #2876, #3251, #4162, #1715, #3039, #3729, #4266 ) ) ;
#1108 = AXIS2_PLACEMENT_3D ( 'NONE', #1535, #3101, #1146 ) ;
#1109 = DIRECTION ( 'NONE',  ( -0.000000000000000000, -0.000000000000000000, -1.000000000000000000 ) ) ;
#1110 = CARTESIAN_POINT ( 'NONE',  ( -13.63195806652287168, 18.80000000000001492, -2.550000000000003819 ) ) ;
#1111 = LINE ( 'NONE', #4622, #3493 ) ;
#1112 = ORIENTED_EDGE ( 'NONE', *, *, #2039, .T. ) ;
#1113 = AXIS2_PLACEMENT_3D ( 'NONE', #3294, #2498, #1782 ) ;
#1114 = CARTESIAN_POINT ( 'NONE',  ( 25.75000000000001066, 0.000000000000000000, 22.49999999999999289 ) ) ;
#1115 = ORIENTED_EDGE ( 'NONE', *, *, #4062, .F. ) ;
#1116 = CARTESIAN_POINT ( 'NONE',  ( -28.20818690732528466, 0.000000000000000000, -21.69866734216778426 ) ) ;
#1117 = CARTESIAN_POINT ( 'NONE',  ( 27.25000000000001421, 0.000000000000000000, -18.50000000000000355 ) ) ;
#1118 = EDGE_CURVE ( 'NONE', #2222, #3874, #2100, .T. ) ;
#1119 = CARTESIAN_POINT ( 'NONE',  ( -22.00000000000000355, 1.000000000000000000, -17.75000000000000000 ) ) ;
#1120 = VECTOR ( 'NONE', #3007, 1000.000000000000000 ) ;
#1121 = DIRECTION ( 'NONE',  ( -0.000000000000000000, 0.000000000000000000, -1.000000000000000000 ) ) ;
#1122 = CARTESIAN_POINT ( 'NONE',  ( 2.770070464751050862E-15, 5.920000000000007923, -21.25000000000000000 ) ) ;
#1123 = DIRECTION ( 'NONE',  ( -1.000000000000000000, 0.000000000000000000, 0.000000000000000000 ) ) ;
#1124 = EDGE_CURVE ( 'NONE', #4241, #4188, #4104, .T. ) ;
#1125 = AXIS2_PLACEMENT_3D ( 'NONE', #1292, #4040, #2862 ) ;
#1126 = CARTESIAN_POINT ( 'NONE',  ( -1.895210416483677829, 7.836475726340568215, -22.45000000000000284 ) ) ;
#1127 = B_SPLINE_CURVE_WITH_KNOTS ( 'NONE', 3,
 ( #1908, #819, #5014, #752 ),
 .UNSPECIFIED., .F., .F.,
 ( 4, 4 ),
 ( 0.000000000000000000, 1.000000000000000000 ),
 .UNSPECIFIED. ) ;
#1128 = DIRECTION ( 'NONE',  ( 0.000000000000000000, -1.000000000000000000, 0.000000000000000000 ) ) ;
#1129 = CARTESIAN_POINT ( 'NONE',  ( 21.99999999999999645, 18.80000000000001137, -22.50000000000000355 ) ) ;
#1130 = VERTEX_POINT ( 'NONE', #3136 ) ;
#1131 = ORIENTED_EDGE ( 'NONE', *, *, #3628, .F. ) ;
#1132 = EDGE_LOOP ( 'NONE', ( #626, #458, #2638, #1250, #4176, #4245, #974, #3607, #2794, #2696, #4381, #3108, #2334, #4713 ) ) ;
#1133 = CARTESIAN_POINT ( 'NONE',  ( -2.070873754854112292, 4.726423051417154575, 21.25000000000000000 ) ) ;
#1134 = CARTESIAN_POINT ( 'NONE',  ( -25.00000000000000000, 4.000000000000000000, 20.24999999999999645 ) ) ;
#1135 = CARTESIAN_POINT ( 'NONE',  ( 27.25000000000001421, 0.000000000000000000, -18.50000000000000355 ) ) ;
#1136 = ORIENTED_EDGE ( 'NONE', *, *, #758, .F. ) ;
#1137 = CARTESIAN_POINT ( 'NONE',  ( 26.79699157326980696, 3.000000000000000000, 22.39589069183088199 ) ) ;
#1138 = CARTESIAN_POINT ( 'NONE',  ( -0.7179148897868491419, 7.316817215148920361, -21.25000000000000000 ) ) ;
#1139 = LINE ( 'NONE', #4273, #1253 ) ;
#1140 = EDGE_CURVE ( 'NONE', #3259, #3157, #2577, .T. ) ;
#1141 = CARTESIAN_POINT ( 'NONE',  ( -2.369999999999989448, 6.226666666666686112, 22.45000000000000284 ) ) ;
#1142 = CARTESIAN_POINT ( 'NONE',  ( -26.50000000000000355, 4.000000000000000000, 2.388060889007033399E-15 ) ) ;
#1143 = FACE_OUTER_BOUND ( 'NONE', #2037, .T. ) ;
#1144 = EDGE_CURVE ( 'NONE', #1694, #2739, #4397, .T. ) ;
#1145 = CARTESIAN_POINT ( 'NONE',  ( -2.369999999999989448, 6.380000000000024762, -21.25000000000000000 ) ) ;
#1146 = DIRECTION ( 'NONE',  ( 1.000000000000000000, 0.000000000000000000, 0.000000000000000000 ) ) ;
#1147 =( BOUNDED_CURVE ( )  B_SPLINE_CURVE ( 2, ( #735, #1529, #4662 ),
 .UNSPECIFIED., .F., .F. ) 
 B_SPLINE_CURVE_WITH_KNOTS ( ( 3, 3 ),
 ( 0.000000000000000000, 1.000000000000000000 ),
 .UNSPECIFIED. ) 
 CURVE ( )  GEOMETRIC_REPRESENTATION_ITEM ( )  RATIONAL_B_SPLINE_CURVE ( ( 1.000000000000000000, 0.05263157894736842507, 1.000000000000000000 ) ) 
 REPRESENTATION_ITEM ( '' )  );
#1148 = ORIENTED_EDGE ( 'NONE', *, *, #2239, .F. ) ;
#1149 = EDGE_CURVE ( 'NONE', #722, #1181, #4701, .T. ) ;
#1150 = EDGE_CURVE ( 'NONE', #808, #4761, #2725, .T. ) ;
#1151 = ORIENTED_EDGE ( 'NONE', *, *, #771, .T. ) ;
#1152 = VERTEX_POINT ( 'NONE', #4343 ) ;
#1153 = DIRECTION ( 'NONE',  ( -0.000000000000000000, -1.000000000000000000, -0.000000000000000000 ) ) ;
#1154 = CARTESIAN_POINT ( 'NONE',  ( 28.20818687989967444, 2.999999999999999556, -21.69866736959272302 ) ) ;
#1155 = DIRECTION ( 'NONE',  ( 1.000000000000000000, -0.000000000000000000, -0.000000000000000000 ) ) ;
#1156 = CARTESIAN_POINT ( 'NONE',  ( -2.369999999999989893, 5.609767725458015164, -22.45000000000000284 ) ) ;
#1157 = DIRECTION ( 'NONE',  ( 8.080131182874688811E-16, 0.000000000000000000, -1.000000000000000000 ) ) ;
#1158 = CARTESIAN_POINT ( 'NONE',  ( 25.00000000000000000, 3.000000000000000000, -17.75000000000000000 ) ) ;
#1159 = CARTESIAN_POINT ( 'NONE',  ( -1.169999999999989271, 5.920000000000007923, 21.25000000000000000 ) ) ;
#1160 = CARTESIAN_POINT ( 'NONE',  ( 1.456475753049016442, 4.024789610224863701, -21.25000000000000000 ) ) ;
#1161 = CARTESIAN_POINT ( 'NONE',  ( -4.519999999999994245, 6.250000000000000000, -18.85309986098562263 ) ) ;
#1162 = VERTEX_POINT ( 'NONE', #2755 ) ;
#1163 = DIRECTION ( 'NONE',  ( 1.000000000000000000, 0.000000000000000000, 0.000000000000000000 ) ) ;
#1164 = CARTESIAN_POINT ( 'NONE',  ( -21.16666666666666075, 18.80000000000001492, 2.550000000000009148 ) ) ;
#1165 = ADVANCED_FACE ( 'NONE', ( #1549 ), #2824, .T. ) ;
#1166 = LINE ( 'NONE', #2219, #2095 ) ;
#1167 = ORIENTED_EDGE ( 'NONE', *, *, #3317, .F. ) ;
#1168 = VECTOR ( 'NONE', #1585, 1000.000000000000000 ) ;
#1169 = ORIENTED_EDGE ( 'NONE', *, *, #748, .T. ) ;
#1170 = AXIS2_PLACEMENT_3D ( 'NONE', #852, #470, #2209 ) ;
#1171 = ORIENTED_EDGE ( 'NONE', *, *, #1305, .T. ) ;
#1172 = DIRECTION ( 'NONE',  ( 0.000000000000000000, 1.000000000000000000, 6.123233995736766036E-17 ) ) ;
#1173 = PLANE ( 'NONE',  #2836 ) ;
#1174 = ORIENTED_EDGE ( 'NONE', *, *, #4156, .F. ) ;
#1175 = AXIS2_PLACEMENT_3D ( 'NONE', #2600, #4173, #650 ) ;
#1176 = ORIENTED_EDGE ( 'NONE', *, *, #1711, .T. ) ;
#1177 = ADVANCED_FACE ( 'NONE', ( #4368, #4293, #3911 ), #2331, .F. ) ;
#1178 = PLANE ( 'NONE',  #4699 ) ;
#1179 = PLANE ( 'NONE',  #385 ) ;
#1180 = CARTESIAN_POINT ( 'NONE',  ( -26.50000000000000355, 0.000000000000000000, 2.388060889007033399E-15 ) ) ;
#1181 = VERTEX_POINT ( 'NONE', #390 ) ;
#1182 = VECTOR ( 'NONE', #597, 1000.000000000000000 ) ;
#1183 = CARTESIAN_POINT ( 'NONE',  ( 0.000000000000000000, 0.000000000000000000, 0.000000000000000000 ) ) ;
#1184 = CARTESIAN_POINT ( 'NONE',  ( -2.369999999999989448, 5.920000000000011475, -21.25000000000000000 ) ) ;
#1185 = DIRECTION ( 'NONE',  ( -0.000000000000000000, -1.000000000000000000, -6.195440985631452852E-17 ) ) ;
#1186 = ORIENTED_EDGE ( 'NONE', *, *, #1741, .F. ) ;
#1187 = CARTESIAN_POINT ( 'NONE',  ( -18.60000000000000142, 1.000000000000000000, 15.75000000000000711 ) ) ;
#1188 = AXIS2_PLACEMENT_3D ( 'NONE', #2151, #4925, #2202 ) ;
#1189 = VECTOR ( 'NONE', #3711, 1000.000000000000000 ) ;
#1190 = CARTESIAN_POINT ( 'NONE',  ( -1.169999999999989271, 5.920000000000009699, -21.25000000000000000 ) ) ;
#1191 = CARTESIAN_POINT ( 'NONE',  ( 22.00000000000000355, 3.372316692550191508, 18.20599523643307549 ) ) ;
#1192 = ORIENTED_EDGE ( 'NONE', *, *, #2871, .F. ) ;
#1193 = ORIENTED_EDGE ( 'NONE', *, *, #575, .F. ) ;
#1194 = ORIENTED_EDGE ( 'NONE', *, *, #4029, .T. ) ;
#1195 = EDGE_CURVE ( 'NONE', #448, #3081, #2376, .T. ) ;
#1196 = VECTOR ( 'NONE', #47, 1000.000000000000000 ) ;
#1197 = CARTESIAN_POINT ( 'NONE',  ( -27.25000000000001066, 0.000000000000000000, -18.50000000000000000 ) ) ;
#1198 = CARTESIAN_POINT ( 'NONE',  ( -18.60000000000000142, 6.250000000000000000, 15.75000000000000711 ) ) ;
#1199 = LINE ( 'NONE', #3946, #137 ) ;
#1200 = ORIENTED_EDGE ( 'NONE', *, *, #2689, .T. ) ;
#1201 = ORIENTED_EDGE ( 'NONE', *, *, #3506, .F. ) ;
#1202 = ADVANCED_FACE ( 'NONE', ( #64 ), #848, .T. ) ;
#1203 = CARTESIAN_POINT ( 'NONE',  ( 0.6203424859314962125, 3.611684756296108745, -22.45000000000000639 ) ) ;
#1204 = FACE_OUTER_BOUND ( 'NONE', #450, .T. ) ;
#1205 = CARTESIAN_POINT ( 'NONE',  ( -0.3047071151238030517, 7.520106805925450999, 21.25000000000000355 ) ) ;
#1206 = ORIENTED_EDGE ( 'NONE', *, *, #2617, .F. ) ;
#1207 = EDGE_CURVE ( 'NONE', #3971, #2739, #930, .T. ) ;
#1208 = CARTESIAN_POINT ( 'NONE',  ( -0.1547873186816462188, 4.750072292446982480, 21.25000000000000355 ) ) ;
#1209 = B_SPLINE_CURVE_WITH_KNOTS ( 'NONE', 3,
 ( #2078, #3241, #1699, #4779 ),
 .UNSPECIFIED., .F., .F.,
 ( 4, 4 ),
 ( 0.000000000000000000, 0.0004805875977918328381 ),
 .UNSPECIFIED. ) ;
#1210 = CARTESIAN_POINT ( 'NONE',  ( -2.308315229249367384, 5.299657479172191543, -22.45000000000000284 ) ) ;
#1211 = LINE ( 'NONE', #2781, #4142 ) ;
#1212 = ORIENTED_EDGE ( 'NONE', *, *, #4605, .T. ) ;
#1213 = FACE_OUTER_BOUND ( 'NONE', #2060, .T. ) ;
#1214 = CARTESIAN_POINT ( 'NONE',  ( -2.369999999999989448, 6.380000000000024762, 22.45000000000000284 ) ) ;
#1215 = CARTESIAN_POINT ( 'NONE',  ( 4.519999999999994245, 2.857629303562104539, -15.25445187039760775 ) ) ;
#1216 = CARTESIAN_POINT ( 'NONE',  ( 0.000000000000000000, 3.000000000000000000, 19.25000000000000000 ) ) ;
#1217 = ORIENTED_EDGE ( 'NONE', *, *, #3846, .F. ) ;
#1218 = VERTEX_POINT ( 'NONE', #2128 ) ;
#1219 = ORIENTED_EDGE ( 'NONE', *, *, #521, .T. ) ;
#1220 = CARTESIAN_POINT ( 'NONE',  ( -26.67182009024703149, 0.000000000000000000, -19.69950025331296217 ) ) ;
#1221 = DIRECTION ( 'NONE',  ( 0.000000000000000000, 0.000000000000000000, -1.000000000000000000 ) ) ;
#1222 = DIRECTION ( 'NONE',  ( 0.000000000000000000, 0.000000000000000000, -1.000000000000000000 ) ) ;
#1223 = ORIENTED_EDGE ( 'NONE', *, *, #4595, .T. ) ;
#1224 = ORIENTED_EDGE ( 'NONE', *, *, #4410, .F. ) ;
#1225 = CARTESIAN_POINT ( 'NONE',  ( 27.25000000000001421, 0.000000000000000000, -18.50000000000000355 ) ) ;
#1226 = PLANE ( 'NONE',  #2186 ) ;
#1227 = DIRECTION ( 'NONE',  ( 0.000000000000000000, -1.000000000000000000, 0.000000000000000000 ) ) ;
#1228 = VERTEX_POINT ( 'NONE', #2074 ) ;
#1229 = ADVANCED_FACE ( 'NONE', ( #2541 ), #4035, .F. ) ;
#1230 = VECTOR ( 'NONE', #1545, 1000.000000000000000 ) ;
#1231 = CARTESIAN_POINT ( 'NONE',  ( -0.9367149781897585736, 5.202187347172313459, 21.25000000000000355 ) ) ;
#1232 = CARTESIAN_POINT ( 'NONE',  ( 2.369999999999994333, 5.920000000000007923, -22.45000000000000284 ) ) ;
#1233 = DIRECTION ( 'NONE',  ( 0.000000000000000000, 0.000000000000000000, -1.000000000000000000 ) ) ;
#1234 = VERTEX_POINT ( 'NONE', #2517 ) ;
#1235 = EDGE_CURVE ( 'NONE', #4570, #2998, #3649, .T. ) ;
#1236 = EDGE_CURVE ( 'NONE', #1942, #5001, #707, .T. ) ;
#1237 = LINE ( 'NONE', #1187, #2565 ) ;
#1238 = DIRECTION ( 'NONE',  ( 0.000000000000000000, 0.000000000000000000, 1.000000000000000000 ) ) ;
#1239 = EDGE_CURVE ( 'NONE', #4489, #2964, #810, .T. ) ;
#1240 = CARTESIAN_POINT ( 'NONE',  ( 2.369999999999994333, 6.226666666666679006, -22.45000000000000284 ) ) ;
#1241 = VECTOR ( 'NONE', #4740, 1000.000000000000000 ) ;
#1242 = CYLINDRICAL_SURFACE ( 'NONE', #2004, 3.249999999999999556 ) ;
#1243 = ORIENTED_EDGE ( 'NONE', *, *, #3248, .F. ) ;
#1244 = ORIENTED_EDGE ( 'NONE', *, *, #3433, .T. ) ;
#1245 = VERTEX_POINT ( 'NONE', #2856 ) ;
#1246 = DIRECTION ( 'NONE',  ( -0.000000000000000000, -1.000000000000000000, -6.195440985631452852E-17 ) ) ;
#1247 = CARTESIAN_POINT ( 'NONE',  ( 25.75000000000001066, 0.000000000000000000, -22.50000000000000355 ) ) ;
#1248 = DIRECTION ( 'NONE',  ( 0.000000000000000000, 0.000000000000000000, -1.000000000000000000 ) ) ;
#1249 = VERTEX_POINT ( 'NONE', #3289 ) ;
#1250 = ORIENTED_EDGE ( 'NONE', *, *, #4916, .T. ) ;
#1251 = CARTESIAN_POINT ( 'NONE',  ( 0.3062450419276461777, 7.519548024566184985, -21.25000000000000000 ) ) ;
#1252 = CARTESIAN_POINT ( 'NONE',  ( 9.400389315620789177E-15, 0.7639320224984853525, -21.66666666666667140 ) ) ;
#1253 = VECTOR ( 'NONE', #2350, 1000.000000000000000 ) ;
#1254 = FACE_OUTER_BOUND ( 'NONE', #902, .T. ) ;
#1255 = ORIENTED_EDGE ( 'NONE', *, *, #3725, .F. ) ;
#1256 = VECTOR ( 'NONE', #97, 1000.000000000000000 ) ;
#1257 = CIRCLE ( 'NONE', #847, 2.369999999999992113 ) ;
#1258 = CARTESIAN_POINT ( 'NONE',  ( -0.7179148897867446699, 4.983182784851193148, 21.25000000000000000 ) ) ;
#1259 = VECTOR ( 'NONE', #190, 1000.000000000000000 ) ;
#1260 = ADVANCED_FACE ( 'NONE', ( #140 ), #3730, .F. ) ;
#1261 = CARTESIAN_POINT ( 'NONE',  ( -2.369999999951361236, 5.609711817632708097, -21.25000000000000000 ) ) ;
#1262 = DIRECTION ( 'NONE',  ( 1.000000000000000000, 0.000000000000000000, -8.462065736472231082E-17 ) ) ;
#1263 = AXIS2_PLACEMENT_3D ( 'NONE', #145, #3267, #1288 ) ;
#1264 = VERTEX_POINT ( 'NONE', #1312 ) ;
#1265 = CARTESIAN_POINT ( 'NONE',  ( 21.99999999999999645, 18.80000000000001137, -22.50000000000000355 ) ) ;
#1266 = DIRECTION ( 'NONE',  ( 0.000000000000000000, 0.000000000000000000, -1.000000000000000000 ) ) ;
#1267 = DIRECTION ( 'NONE',  ( 0.000000000000000000, 1.000000000000000000, 0.000000000000000000 ) ) ;
#1268 = EDGE_CURVE ( 'NONE', #2989, #3016, #4884, .T. ) ;
#1269 = CARTESIAN_POINT ( 'NONE',  ( 25.75000000000001066, 3.000000000000000000, 22.49999999999999645 ) ) ;
#1270 = ORIENTED_EDGE ( 'NONE', *, *, #3301, .F. ) ;
#1271 = ADVANCED_FACE ( 'NONE', ( #1721 ), #903, .F. ) ;
#1272 = EDGE_LOOP ( 'NONE', ( #789, #2714, #4141, #3771 ) ) ;
#1273 = ORIENTED_EDGE ( 'NONE', *, *, #2627, .T. ) ;
#1274 = AXIS2_PLACEMENT_3D ( 'NONE', #4904, #4166, #2956 ) ;
#1275 = CARTESIAN_POINT ( 'NONE',  ( -22.00000000000000355, 18.80000000000001137, -22.50000000000000355 ) ) ;
#1276 = CARTESIAN_POINT ( 'NONE',  ( 18.59999999999999432, 6.250000000000000000, -15.74999999999999289 ) ) ;
#1277 = DIRECTION ( 'NONE',  ( 0.000000000000000000, 0.000000000000000000, 1.000000000000000000 ) ) ;
#1278 = ORIENTED_EDGE ( 'NONE', *, *, #3217, .T. ) ;
#1279 = AXIS2_PLACEMENT_3D ( 'NONE', #585, #234, #561 ) ;
#1280 = EDGE_LOOP ( 'NONE', ( #2764, #2315, #2671, #2340, #4471, #2436 ) ) ;
#1281 = DIRECTION ( 'NONE',  ( 0.000000000000000000, 0.000000000000000000, -1.000000000000000000 ) ) ;
#1282 = CARTESIAN_POINT ( 'NONE',  ( -1.169999999999989271, 5.920000000000007923, 21.25000000000000000 ) ) ;
#1283 = CARTESIAN_POINT ( 'NONE',  ( 25.75000000000001066, 0.000000000000000000, 19.99999999999999645 ) ) ;
#1284 = AXIS2_PLACEMENT_3D ( 'NONE', #4596, #1542, #2034 ) ;
#1285 = ORIENTED_EDGE ( 'NONE', *, *, #2556, .F. ) ;
#1286 = CARTESIAN_POINT ( 'NONE',  ( -27.05969883127822939, 0.000000000000000000, 19.25760272790803995 ) ) ;
#1287 = CARTESIAN_POINT ( 'NONE',  ( -13.42000000000000171, -5.578937674810364933E-13, -20.95491502812631168 ) ) ;
#1288 = DIRECTION ( 'NONE',  ( 0.000000000000000000, 0.000000000000000000, 1.000000000000000000 ) ) ;
#1289 = DIRECTION ( 'NONE',  ( 1.000000000000000000, 0.000000000000000000, 0.000000000000000000 ) ) ;
#1290 = ORIENTED_EDGE ( 'NONE', *, *, #4313, .T. ) ;
#1291 = EDGE_CURVE ( 'NONE', #4647, #13, #4856, .T. ) ;
#1292 = CARTESIAN_POINT ( 'NONE',  ( -13.42000000000000348, 2.857629303562104539, -15.25445187039760775 ) ) ;
#1293 = FACE_OUTER_BOUND ( 'NONE', #1993, .T. ) ;
#1294 = LINE ( 'NONE', #3963, #440 ) ;
#1295 = CARTESIAN_POINT ( 'NONE',  ( 13.42000000000000348, 1.625000000000001332, -19.35000000000000853 ) ) ;
#1296 = LINE ( 'NONE', #3554, #3092 ) ;
#1297 = VERTEX_POINT ( 'NONE', #3622 ) ;
#1298 = EDGE_CURVE ( 'NONE', #3741, #763, #984, .T. ) ;
#1299 = VERTEX_POINT ( 'NONE', #2911 ) ;
#1300 = CARTESIAN_POINT ( 'NONE',  ( -21.16666666666665719, 17.00000000000000711, 21.66666666666666430 ) ) ;
#1301 = LINE ( 'NONE', #3638, #3705 ) ;
#1303 = ADVANCED_FACE ( 'NONE', ( #1392 ), #4473, .F. ) ;
#1302 = CARTESIAN_POINT ( 'NONE',  ( -21.16666666666666430, -43.57960786344599313, -21.66666666666666075 ) ) ;
#1304 = EDGE_LOOP ( 'NONE', ( #1968, #4762, #4773, #1513 ) ) ;
#1305 = EDGE_CURVE ( 'NONE', #3882, #1234, #4089, .T. ) ;
#1306 = ORIENTED_EDGE ( 'NONE', *, *, #2934, .T. ) ;
#1307 = CARTESIAN_POINT ( 'NONE',  ( -0.3062450419276397939, 7.519548024566119260, -21.25000000000000000 ) ) ;
#1308 = B_SPLINE_CURVE_WITH_KNOTS ( 'NONE', 3,
 ( #2646, #1797, #264, #4955 ),
 .UNSPECIFIED., .F., .F.,
 ( 4, 4 ),
 ( 0.7605825242718445844, 1.000000000000000000 ),
 .UNSPECIFIED. ) ;
#1309 = CARTESIAN_POINT ( 'NONE',  ( -2.369999999999989448, 6.380000000000024762, 21.25000000000000000 ) ) ;
#1310 = CARTESIAN_POINT ( 'NONE',  ( -13.42000000000000348, 0.000000000000000000, 19.99999999999999645 ) ) ;
#1311 = VERTEX_POINT ( 'NONE', #1012 ) ;
#1312 = CARTESIAN_POINT ( 'NONE',  ( 1.169999999999994822, 6.380000000000024762, -21.25000000000000000 ) ) ;
#1313 = CARTESIAN_POINT ( 'NONE',  ( 1.022330081510254951, 6.969234189806665647, 21.25000000000000000 ) ) ;
#1314 = CARTESIAN_POINT ( 'NONE',  ( 25.75000000000001066, 0.000000000000000000, -22.50000000000000355 ) ) ;
#1315 = CARTESIAN_POINT ( 'NONE',  ( -4.519999999999994245, 2.857629303562104539, -15.25445187039760775 ) ) ;
#1316 = ORIENTED_EDGE ( 'NONE', *, *, #1589, .T. ) ;
#1317 = LINE ( 'NONE', #4480, #3167 ) ;
#1318 = CARTESIAN_POINT ( 'NONE',  ( 25.75000000000001066, 4.000000000000000000, 22.50000000000000355 ) ) ;
#1319 = CARTESIAN_POINT ( 'NONE',  ( -21.99999999999999289, 3.703536140306535440, 18.70304381530490545 ) ) ;
#1320 = CARTESIAN_POINT ( 'NONE',  ( -1.506666666666666154, 0.000000000000000000, -20.00000000000000355 ) ) ;
#1321 = CARTESIAN_POINT ( 'NONE',  ( 28.85348418192122111, 1.625000000000001332, -20.66875000000000639 ) ) ;
#1322 = ORIENTED_EDGE ( 'NONE', *, *, #442, .F. ) ;
#1323 = EDGE_LOOP ( 'NONE', ( #1428, #3829, #2533, #1136 ) ) ;
#1324 = EDGE_CURVE ( 'NONE', #2998, #4946, #4630, .T. ) ;
#1325 = CARTESIAN_POINT ( 'NONE',  ( 23.49999999999999645, 3.000000000000000000, -17.75000000000000000 ) ) ;
#1326 = CARTESIAN_POINT ( 'NONE',  ( -2.369999999999989004, 5.920000000000007923, -22.50000000000000355 ) ) ;
#1327 = PLANE ( 'NONE',  #2682 ) ;
#1328 = ORIENTED_EDGE ( 'NONE', *, *, #3871, .F. ) ;
#1329 = ORIENTED_EDGE ( 'NONE', *, *, #4009, .F. ) ;
#1330 = CARTESIAN_POINT ( 'NONE',  ( 1.022330081510254285, 6.969234189806666535, -21.25000000000000000 ) ) ;
#1331 = PLANE ( 'NONE',  #3501 ) ;
#1332 = AXIS2_PLACEMENT_3D ( 'NONE', #994, #4150, #939 ) ;
#1333 = DIRECTION ( 'NONE',  ( -1.000000000000000000, -0.000000000000000000, -0.000000000000000000 ) ) ;
#1334 = CIRCLE ( 'NONE', #4862, 1.500000000000001332 ) ;
#1335 = ORIENTED_EDGE ( 'NONE', *, *, #457, .T. ) ;
#1336 = EDGE_CURVE ( 'NONE', #2900, #4361, #365, .T. ) ;
#1337 = DIRECTION ( 'NONE',  ( 0.000000000000000000, -0.000000000000000000, 1.000000000000000000 ) ) ;
#1338 = EDGE_CURVE ( 'NONE', #2964, #49, #1308, .T. ) ;
#1339 = VECTOR ( 'NONE', #1289, 1000.000000000000000 ) ;
#1340 = CARTESIAN_POINT ( 'NONE',  ( 2.308315229249373601, 7.000342520827889992, 21.25000000000000000 ) ) ;
#1341 = CARTESIAN_POINT ( 'NONE',  ( -4.519999999999988916, -1.278156974742811603E-12, 20.95491502812631524 ) ) ;
#1342 = CARTESIAN_POINT ( 'NONE',  ( -13.42000000000000348, 2.857629303562102763, -20.19999999999999929 ) ) ;
#1343 =( BOUNDED_SURFACE ( )  B_SPLINE_SURFACE ( 2, 3, ( 
 ( #1425, #4507, #4432, #1351 ),
 ( #254, #176, #2138, #557 ),
 ( #3275, #2194, #528, #4455 ) ),
 .UNSPECIFIED., .F., .F., .T. ) 
 B_SPLINE_SURFACE_WITH_KNOTS ( ( 3, 3 ),
 ( 4, 4 ),
 ( 0.000000000000000000, 1.000000000000000000 ),
 ( 0.000000000000000000, 0.0004600000000000159517 ),
 .UNSPECIFIED. ) 
 GEOMETRIC_REPRESENTATION_ITEM ( )  RATIONAL_B_SPLINE_SURFACE ( (
 ( 1.000000000000000000, 1.000000000000000000, 1.000000000000000000, 1.000000000000000000),
 ( 0.05263157894736842507, 0.05263157894736842507, 0.05263157894736842507, 0.05263157894736842507),
 ( 1.000000000000000000, 1.000000000000000000, 1.000000000000000000, 1.000000000000000000) ) ) 
 REPRESENTATION_ITEM ( '' )  SURFACE ( )  );
#1344 = ORIENTED_EDGE ( 'NONE', *, *, #3725, .T. ) ;
#1345 = VECTOR ( 'NONE', #77, 1000.000000000000000 ) ;
#1346 = CYLINDRICAL_SURFACE ( 'NONE', #5040, 2.369999999999992113 ) ;
#1347 = CARTESIAN_POINT ( 'NONE',  ( 29.75000000000001066, 3.000000000000000000, 18.49999999999999645 ) ) ;
#1348 = CIRCLE ( 'NONE', #2663, 1.318749999999996980 ) ;
#1349 = CARTESIAN_POINT ( 'NONE',  ( -18.74999999999999645, 18.80000000000000071, 19.24999999999999645 ) ) ;
#1350 = CARTESIAN_POINT ( 'NONE',  ( -27.21095900943646839, 0.000000000000000000, 18.89262183997611189 ) ) ;
#1351 = CARTESIAN_POINT ( 'NONE',  ( 1.169999999999994600, 6.380000000000024762, 21.25000000000000000 ) ) ;
#1352 = AXIS2_PLACEMENT_3D ( 'NONE', #3616, #1690, #1281 ) ;
#1353 = ORIENTED_EDGE ( 'NONE', *, *, #3408, .F. ) ;
#1354 = CARTESIAN_POINT ( 'NONE',  ( 23.49999999999999645, 3.000000000000000000, -20.24999999999999645 ) ) ;
#1355 = DIRECTION ( 'NONE',  ( 0.000000000000000000, 0.000000000000000000, 1.000000000000000000 ) ) ;
#1356 = VERTEX_POINT ( 'NONE', #4170 ) ;
#1357 = AXIS2_PLACEMENT_3D ( 'NONE', #2086, #3686, #606 ) ;
#1358 = EDGE_CURVE ( 'NONE', #3642, #1964, #728, .T. ) ;
#1359 = VERTEX_POINT ( 'NONE', #4576 ) ;
#1360 = CARTESIAN_POINT ( 'NONE',  ( 2.369999999951633018, 6.690288182367419623, -21.25000000000000000 ) ) ;
#1361 = FACE_OUTER_BOUND ( 'NONE', #2926, .T. ) ;
#1362 = LINE ( 'NONE', #2981, #3828 ) ;
#1363 = PLANE ( 'NONE',  #4643 ) ;
#1364 = EDGE_LOOP ( 'NONE', ( #3028, #1151, #1171, #488 ) ) ;
#1365 = ADVANCED_FACE ( 'NONE', ( #4984 ), #3602, .T. ) ;
#1366 = CARTESIAN_POINT ( 'NONE',  ( -27.25000000000001066, 0.000000000000000000, 18.50000000000000000 ) ) ;
#1367 = B_SPLINE_CURVE_WITH_KNOTS ( 'NONE', 3,
 ( #4545, #1035, #2594, #1008, #2224, #4113, #3006, #3338, #4903, #289 ),
 .UNSPECIFIED., .F., .F.,
 ( 4, 2, 2, 2, 4 ),
 ( 0.000000000000000000, 0.2500000000000000000, 0.5000000000000000000, 0.7500000000000000000, 1.000000000000000000 ),
 .UNSPECIFIED. ) ;
#1368 = EDGE_CURVE ( 'NONE', #2610, #1299, #4851, .T. ) ;
#1369 = CARTESIAN_POINT ( 'NONE',  ( 1.169999999976063076, 6.533180241928192800, 21.25000000000000000 ) ) ;
#1370 = VECTOR ( 'NONE', #4657, 1000.000000000000000 ) ;
#1371 = LINE ( 'NONE', #2572, #4548 ) ;
#1372 = PLANE ( 'NONE',  #2818 ) ;
#1373 = VERTEX_POINT ( 'NONE', #673 ) ;
#1374 = EDGE_CURVE ( 'NONE', #4188, #4647, #2483, .T. ) ;
#1375 = EDGE_CURVE ( 'NONE', #4304, #4612, #3836, .T. ) ;
#1376 = DIRECTION ( 'NONE',  ( 0.000000000000000000, 0.000000000000000000, 1.000000000000000000 ) ) ;
#1377 =( BOUNDED_SURFACE ( )  B_SPLINE_SURFACE ( 2, 3, ( 
 ( #3214, #2860, #3321, #4401 ),
 ( #94, #3268, #1673, #4426 ),
 ( #4889, #907, #4859, #4449 ) ),
 .UNSPECIFIED., .F., .F., .T. ) 
 B_SPLINE_SURFACE_WITH_KNOTS ( ( 3, 3 ),
 ( 4, 4 ),
 ( 0.000000000000000000, 1.000000000000000000 ),
 ( -1.734723475976807094E-18, 0.0004600000000000150843 ),
 .UNSPECIFIED. ) 
 GEOMETRIC_REPRESENTATION_ITEM ( )  RATIONAL_B_SPLINE_SURFACE ( (
 ( 1.000000000000000000, 1.000000000000000000, 1.000000000000000000, 1.000000000000000000),
 ( 0.05263157894736842507, 0.05263157894736842507, 0.05263157894736842507, 0.05263157894736842507),
 ( 1.000000000000000000, 1.000000000000000000, 1.000000000000000000, 1.000000000000000000) ) ) 
 REPRESENTATION_ITEM ( '' )  SURFACE ( )  );
#1378 = CARTESIAN_POINT ( 'NONE',  ( 29.75000000000001421, 0.000000000000000000, -6.166666666666685614 ) ) ;
#1379 = DIRECTION ( 'NONE',  ( 0.000000000000000000, 0.000000000000000000, 1.000000000000000000 ) ) ;
#1380 = LINE ( 'NONE', #635, #3579 ) ;
#1381 = PLANE ( 'NONE',  #3327 ) ;
#1382 = ORIENTED_EDGE ( 'NONE', *, *, #3499, .F. ) ;
#1383 = DIRECTION ( 'NONE',  ( -0.000000000000000000, -0.000000000000000000, -1.000000000000000000 ) ) ;
#1384 = LINE ( 'NONE', #1714, #1773 ) ;
#1385 = ORIENTED_EDGE ( 'NONE', *, *, #2352, .T. ) ;
#1386 = ORIENTED_EDGE ( 'NONE', *, *, #583, .F. ) ;
#1387 = CARTESIAN_POINT ( 'NONE',  ( -1.193576948582685482, 8.450873754854145048, -22.45000000000000284 ) ) ;
#1388 = CYLINDRICAL_SURFACE ( 'NONE', #3095, 4.000000000000000000 ) ;
#1389 = FACE_OUTER_BOUND ( 'NONE', #2835, .T. ) ;
#1390 = CARTESIAN_POINT ( 'NONE',  ( -22.00000000000000355, 3.925527804984171976, -19.25000000000000355 ) ) ;
#1391 = ORIENTED_EDGE ( 'NONE', *, *, #3348, .T. ) ;
#1392 = FACE_OUTER_BOUND ( 'NONE', #1716, .T. ) ;
#1393 = CARTESIAN_POINT ( 'NONE',  ( 28.85348418192122111, 2.857629303562104539, -15.25445187039760775 ) ) ;
#1394 = LINE ( 'NONE', #987, #4706 ) ;
#1395 = EDGE_CURVE ( 'NONE', #4927, #2555, #319, .T. ) ;
#1396 = LINE ( 'NONE', #3840, #1583 ) ;
#1397 = ORIENTED_EDGE ( 'NONE', *, *, #2007, .F. ) ;
#1398 = CARTESIAN_POINT ( 'NONE',  ( 4.519999999999994245, 0.000000000000000000, -18.85309986098562263 ) ) ;
#1399 = CARTESIAN_POINT ( 'NONE',  ( -1.193576983479025078, 8.450873740399609702, 22.45000000000000639 ) ) ;
#1400 = CARTESIAN_POINT ( 'NONE',  ( -21.99999999999999289, 3.187284798530534147, 17.97937724173344876 ) ) ;
#1401 = CARTESIAN_POINT ( 'NONE',  ( -28.20818690732501111, 3.000000000000000000, 21.69866734216737569 ) ) ;
#1402 = CARTESIAN_POINT ( 'NONE',  ( 4.750000000000004441, 18.80000000000001137, -22.50000000000000355 ) ) ;
#1403 = EDGE_CURVE ( 'NONE', #2381, #3424, #1522, .T. ) ;
#1404 = ORIENTED_EDGE ( 'NONE', *, *, #4379, .F. ) ;
#1405 = CARTESIAN_POINT ( 'NONE',  ( 13.42000000000000348, 2.857629303562104539, -15.25445187039760775 ) ) ;
#1406 = LINE ( 'NONE', #2120, #1937 ) ;
#1407 = EDGE_LOOP ( 'NONE', ( #1255, #3411, #1514, #588 ) ) ;
#1408 = VERTEX_POINT ( 'NONE', #1440 ) ;
#1409 = CARTESIAN_POINT ( 'NONE',  ( -2.369999999999989448, 5.609711817632577535, 22.45000000000000284 ) ) ;
#1410 = CARTESIAN_POINT ( 'NONE',  ( 21.99999999999999645, 3.842603338060459173, -18.96337426444469898 ) ) ;
#1411 = ORIENTED_EDGE ( 'NONE', *, *, #3851, .F. ) ;
#1412 = CARTESIAN_POINT ( 'NONE',  ( 29.24514556825941014, 3.000000000000000000, 20.51447588565095970 ) ) ;
#1413 = ORIENTED_EDGE ( 'NONE', *, *, #4096, .F. ) ;
#1414 = DIRECTION ( 'NONE',  ( 1.601283208593976254E-16, 0.000000000000000000, 1.000000000000000000 ) ) ;
#1415 = CARTESIAN_POINT ( 'NONE',  ( -22.00000000000000355, 3.925527804984171976, -19.25000000000000355 ) ) ;
#1416 = DIRECTION ( 'NONE',  ( -1.000000000000000000, 0.000000000000000000, -8.462065736472231082E-17 ) ) ;
#1417 = VERTEX_POINT ( 'NONE', #5009 ) ;
#1418 = VECTOR ( 'NONE', #4503, 1000.000000000000000 ) ;
#1419 = VECTOR ( 'NONE', #146, 1000.000000000000000 ) ;
#1420 = EDGE_CURVE ( 'NONE', #897, #4568, #4143, .T. ) ;
#1421 = LINE ( 'NONE', #733, #815 ) ;
#1422 = CARTESIAN_POINT ( 'NONE',  ( -23.49999999999999645, 4.000000000000000000, 17.75000000000000000 ) ) ;
#1423 = CARTESIAN_POINT ( 'NONE',  ( -13.42000000000000348, 6.250000000000000000, -20.99999999999999645 ) ) ;
#1424 = CARTESIAN_POINT ( 'NONE',  ( -29.74999999996049027, 0.000000000000000000, 19.02369315211956291 ) ) ;
#1425 = CARTESIAN_POINT ( 'NONE',  ( 1.169999999999994600, 5.920000000000008811, 21.25000000000000000 ) ) ;
#1426 = EDGE_CURVE ( 'NONE', #3590, #2665, #4557, .T. ) ;
#1427 = CIRCLE ( 'NONE', #4298, 1.500000000000001332 ) ;
#1428 = ORIENTED_EDGE ( 'NONE', *, *, #4200, .F. ) ;
#1429 = EDGE_CURVE ( 'NONE', #3016, #4331, #3205, .T. ) ;
#1430 = CARTESIAN_POINT ( 'NONE',  ( 17.24999999999999645, 17.00000000000000711, -20.99999999999999645 ) ) ;
#1431 = DIRECTION ( 'NONE',  ( -0.000000000000000000, -0.000000000000000000, -1.000000000000000000 ) ) ;
#1432 = ORIENTED_EDGE ( 'NONE', *, *, #2692, .F. ) ;
#1433 = VECTOR ( 'NONE', #687, 1000.000000000000000 ) ;
#1434 = EDGE_CURVE ( 'NONE', #4873, #4489, #841, .T. ) ;
#1435 = ORIENTED_EDGE ( 'NONE', *, *, #4253, .T. ) ;
#1436 = LINE ( 'NONE', #724, #2096 ) ;
#1437 = DIRECTION ( 'NONE',  ( 0.000000000000000000, -6.195440985631452852E-17, 1.000000000000000000 ) ) ;
#1438 = CARTESIAN_POINT ( 'NONE',  ( -13.63195806652287168, 14.20000000000000639, -2.550000000000002487 ) ) ;
#1439 = ORIENTED_EDGE ( 'NONE', *, *, #1835, .T. ) ;
#1440 = CARTESIAN_POINT ( 'NONE',  ( -26.50000000000000355, 0.000000000000000000, -17.75000000000000000 ) ) ;
#1441 = AXIS2_PLACEMENT_3D ( 'NONE', #1082, #2930, #4215 ) ;
#1442 = VECTOR ( 'NONE', #404, 1000.000000000000000 ) ;
#1443 = ORIENTED_EDGE ( 'NONE', *, *, #442, .T. ) ;
#1444 = DIRECTION ( 'NONE',  ( 0.000000000000000000, -1.000000000000000000, -6.123233995736766036E-17 ) ) ;
#1445 = CARTESIAN_POINT ( 'NONE',  ( 26.67021905400269333, 0.000000000000000000, -19.70099667802826460 ) ) ;
#1446 = CARTESIAN_POINT ( 'NONE',  ( -0.5907721166107595678, 4.898228699849299872, -21.25000000000000355 ) ) ;
#1447 = ORIENTED_EDGE ( 'NONE', *, *, #3823, .T. ) ;
#1448 = CARTESIAN_POINT ( 'NONE',  ( -2.369999999999989448, 6.380000000000024762, 22.45000000000000284 ) ) ;
#1449 = AXIS2_PLACEMENT_3D ( 'NONE', #1103, #2314, #3509 ) ;
#1450 = CIRCLE ( 'NONE', #546, 1.500000000000001332 ) ;
#1451 = CARTESIAN_POINT ( 'NONE',  ( 2.369999999999994333, 6.380000000000024762, 22.50000000000000355 ) ) ;
#1452 = CARTESIAN_POINT ( 'NONE',  ( 26.50760272790654781, 0.000000000000000000, 19.80969883127821873 ) ) ;
#1453 = CARTESIAN_POINT ( 'NONE',  ( -27.25000000000001066, 0.000000000000000000, 18.49999999999999645 ) ) ;
#1454 = EDGE_CURVE ( 'NONE', #68, #1813, #4744, .T. ) ;
#1455 = AXIS2_PLACEMENT_3D ( 'NONE', #3291, #1777, #4524 ) ;
#1456 = VERTEX_POINT ( 'NONE', #1970 ) ;
#1457 = CARTESIAN_POINT ( 'NONE',  ( -2.369999999999989448, 6.380000000000024762, -22.45000000000000284 ) ) ;
#1458 = EDGE_LOOP ( 'NONE', ( #3407, #1752, #259, #5071 ) ) ;
#1459 = DIRECTION ( 'NONE',  ( 0.000000000000000000, 1.000000000000000000, 0.000000000000000000 ) ) ;
#1460 = EDGE_CURVE ( 'NONE', #1245, #630, #4271, .T. ) ;
#1461 = CARTESIAN_POINT ( 'NONE',  ( 0.000000000000000000, 0.000000000000000000, -19.25000000000000000 ) ) ;
#1462 = ORIENTED_EDGE ( 'NONE', *, *, #4777, .T. ) ;
#1463 = ORIENTED_EDGE ( 'NONE', *, *, #4660, .F. ) ;
#1464 = VERTEX_POINT ( 'NONE', #4288 ) ;
#1465 = ADVANCED_FACE ( 'NONE', ( #4769 ), #1178, .T. ) ;
#1466 = DIRECTION ( 'NONE',  ( 1.000000000000000000, 5.117798534192273047E-33, -8.260587980841941245E-17 ) ) ;
#1467 = EDGE_CURVE ( 'NONE', #1130, #4115, #2968, .T. ) ;
#1468 = CARTESIAN_POINT ( 'NONE',  ( -8.583333333333351689, 0.000000000000000000, 22.49999999999999289 ) ) ;
#1469 = DIRECTION ( 'NONE',  ( 8.462065736472231082E-17, -6.123233995736766036E-17, 1.000000000000000000 ) ) ;
#1470 = VERTEX_POINT ( 'NONE', #1929 ) ;
#1471 = CARTESIAN_POINT ( 'NONE',  ( 27.25000000000001066, 0.000000000000000000, 18.49999999999999645 ) ) ;
#1472 = VERTEX_POINT ( 'NONE', #3182 ) ;
#1473 = CARTESIAN_POINT ( 'NONE',  ( -29.24514556825944922, 3.000000000000000000, -20.51447588565085667 ) ) ;
#1474 = CARTESIAN_POINT ( 'NONE',  ( -1.021771253968684956, 6.970772162835935148, -21.25000000000000000 ) ) ;
#1475 = DIRECTION ( 'NONE',  ( 0.000000000000000000, 0.000000000000000000, -1.000000000000000000 ) ) ;
#1476 = ORIENTED_EDGE ( 'NONE', *, *, #4848, .F. ) ;
#1477 = LINE ( 'NONE', #4274, #1480 ) ;
#1478 = CARTESIAN_POINT ( 'NONE',  ( 2.070873740399586715, 7.573576983479052060, 22.45000000000000639 ) ) ;
#1479 = CARTESIAN_POINT ( 'NONE',  ( 26.14044756918874768, -0.000000000000000000, 19.96193976625563948 ) ) ;
#1480 = VECTOR ( 'NONE', #5015, 1000.000000000000000 ) ;
#1481 = ORIENTED_EDGE ( 'NONE', *, *, #3550, .T. ) ;
#1482 = DIRECTION ( 'NONE',  ( -0.000000000000000000, -0.000000000000000000, -1.000000000000000000 ) ) ;
#1483 = ORIENTED_EDGE ( 'NONE', *, *, #3473, .F. ) ;
#1484 = CARTESIAN_POINT ( 'NONE',  ( 25.75000000000001421, 3.000000000000000000, -22.50000000000000355 ) ) ;
#1485 = CARTESIAN_POINT ( 'NONE',  ( -21.99999999999999645, 1.000000000000000000, 22.49999999999999645 ) ) ;
#1486 = ORIENTED_EDGE ( 'NONE', *, *, #3368, .T. ) ;
#1487 = ORIENTED_EDGE ( 'NONE', *, *, #1635, .F. ) ;
#1488 = ORIENTED_EDGE ( 'NONE', *, *, #4279, .F. ) ;
#1489 = EDGE_CURVE ( 'NONE', #1764, #4742, #2715, .T. ) ;
#1490 = CARTESIAN_POINT ( 'NONE',  ( -1.456475753049043309, 4.024789610224830838, 22.45000000000000284 ) ) ;
#1491 = CARTESIAN_POINT ( 'NONE',  ( 0.000000000000000000, 0.7639320224984933461, 21.66666666666666785 ) ) ;
#1492 = PLANE ( 'NONE',  #2590 ) ;
#1493 = FACE_OUTER_BOUND ( 'NONE', #749, .T. ) ;
#1494 = CARTESIAN_POINT ( 'NONE',  ( 29.75000000000001066, 3.000000000000000000, 18.49999999999999645 ) ) ;
#1495 = ORIENTED_EDGE ( 'NONE', *, *, #2777, .F. ) ;
#1496 = CARTESIAN_POINT ( 'NONE',  ( -26.27369315211985068, 0.000000000000000000, -22.49999999996048672 ) ) ;
#1497 = CARTESIAN_POINT ( 'NONE',  ( -0.9367149781896556560, 7.097812652827640179, -21.25000000000000711 ) ) ;
#1498 = EDGE_CURVE ( 'NONE', #48, #4520, #4386, .T. ) ;
#1499 = AXIS2_PLACEMENT_3D ( 'NONE', #2820, #2396, #4333 ) ;
#1500 = CARTESIAN_POINT ( 'NONE',  ( 21.16666666666666430, 17.00000000000000711, -21.66666666666666430 ) ) ;
#1501 = CARTESIAN_POINT ( 'NONE',  ( -29.75000000000001066, 3.000000000000000000, -6.166666666666675845 ) ) ;
#1502 = DIRECTION ( 'NONE',  ( -0.000000000000000000, -1.000000000000000000, -0.000000000000000000 ) ) ;
#1503 = CARTESIAN_POINT ( 'NONE',  ( -17.91666666666665719, 18.80000000000000426, 21.66666666666666430 ) ) ;
#1504 = AXIS2_PLACEMENT_3D ( 'NONE', #1884, #2705, #4254 ) ;
#1505 = CARTESIAN_POINT ( 'NONE',  ( 2.369999999999994333, 6.380000000000024762, -22.45000000000000284 ) ) ;
#1506 = FACE_OUTER_BOUND ( 'NONE', #377, .T. ) ;
#1507 = VECTOR ( 'NONE', #2828, 1000.000000000000000 ) ;
#1508 =( BOUNDED_SURFACE ( )  B_SPLINE_SURFACE ( 2, 3, ( 
 ( #734, #2213, #3398, #3450, #682, #1860, #3426, #4991, #2290, #4609, #3867, #348, #4296, #3212, #1935, #2332, #4776, #5062 ),
 ( #4729, #880, #1551, #822, #2438, #1160, #11, #413, #438, #2726, #3524, #391, #2379, #799, #4399, #1955, #1261, #1184 ),
 ( #1232, #4751, #3956, #3502, #2756, #2832, #2028, #2409, #2354, #4344, #776, #2001, #3573, #3914, #92, #1210, #3986, #66 ) ),
 .UNSPECIFIED., .F., .F., .T. ) 
 B_SPLINE_SURFACE_WITH_KNOTS ( ( 3, 3 ),
 ( 4, 2, 2, 2, 2, 2, 2, 2, 4 ),
 ( 0.000000000000000000, 1.000000000000000000 ),
 ( 3.141592653589793116, 3.534291735288517255, 3.926990816987241395, 4.319689898685965090, 4.712388980384689674, 5.105088062083414258, 5.497787143782137953, 5.890486225480861648, 6.283185307179586232 ),
 .UNSPECIFIED. ) 
 GEOMETRIC_REPRESENTATION_ITEM ( )  RATIONAL_B_SPLINE_SURFACE ( (
 ( 1.000000000000000000, 1.000000000000000000, 1.000000000000000000, 1.000000000000000000, 1.000000000000000000, 1.000000000000000000, 1.000000000000000000, 1.000000000000000000, 1.000000000000000000, 1.000000000000000000, 1.000000000000000000, 1.000000000000000000, 1.000000000000000000, 1.000000000000000000, 1.000000000000000000, 1.000000000000000000, 1.000000000000000000, 1.000000000000000000),
 ( 0.05263157894736842507, 0.05263157894736842507, 0.05263157894736842507, 0.05263157894736842507, 0.05263157894736842507, 0.05263157894736842507, 0.05263157894736842507, 0.05263157894736842507, 0.05263157894736842507, 0.05263157894736842507, 0.05263157894736842507, 0.05263157894736842507, 0.05263157894736842507, 0.05263157894736842507, 0.05263157894736842507, 0.05263157894736842507, 0.05263157894736842507, 0.05263157894736842507),
 ( 1.000000000000000000, 1.000000000000000000, 1.000000000000000000, 1.000000000000000000, 1.000000000000000000, 1.000000000000000000, 1.000000000000000000, 1.000000000000000000, 1.000000000000000000, 1.000000000000000000, 1.000000000000000000, 1.000000000000000000, 1.000000000000000000, 1.000000000000000000, 1.000000000000000000, 1.000000000000000000, 1.000000000000000000, 1.000000000000000000) ) ) 
 REPRESENTATION_ITEM ( '' )  SURFACE ( )  );
#1509 = CARTESIAN_POINT ( 'NONE',  ( -4.519999999999994245, 10.05000000000000959, -20.99999999999999645 ) ) ;
#1510 = ORIENTED_EDGE ( 'NONE', *, *, #342, .T. ) ;
#1511 = VECTOR ( 'NONE', #4208, 1000.000000000000000 ) ;
#1512 = AXIS2_PLACEMENT_3D ( 'NONE', #437, #1954, #4676 ) ;
#1513 = ORIENTED_EDGE ( 'NONE', *, *, #1324, .F. ) ;
#1514 = ORIENTED_EDGE ( 'NONE', *, *, #177, .T. ) ;
#1515 = AXIS2_PLACEMENT_3D ( 'NONE', #152, #174, #1784 ) ;
#1516 = CARTESIAN_POINT ( 'NONE',  ( 2.369999999951633018, 5.609711817632708097, 21.25000000000000000 ) ) ;
#1517 = LINE ( 'NONE', #3058, #831 ) ;
#1518 = CARTESIAN_POINT ( 'NONE',  ( -21.99999999999999645, 3.000000000000000000, 17.75000000000000000 ) ) ;
#1519 = CARTESIAN_POINT ( 'NONE',  ( 25.75000000000001421, 0.000000000000000000, -20.00000000000000355 ) ) ;
#1520 = EDGE_CURVE ( 'NONE', #609, #4930, #4826, .T. ) ;
#1521 = VECTOR ( 'NONE', #4121, 1000.000000000000000 ) ;
#1522 = LINE ( 'NONE', #3088, #283 ) ;
#1523 = PLANE ( 'NONE',  #876 ) ;
#1524 = CARTESIAN_POINT ( 'NONE',  ( -1.169999999999989271, 6.380000000000024762, 21.25000000000000000 ) ) ;
#1525 = EDGE_CURVE ( 'NONE', #4088, #320, #4800, .T. ) ;
#1526 = CIRCLE ( 'NONE', #625, 3.250000000000001332 ) ;
#1527 = DIRECTION ( 'NONE',  ( 1.000000000000000000, -0.000000000000000000, -0.000000000000000000 ) ) ;
#1528 = CARTESIAN_POINT ( 'NONE',  ( 1.193576983479030185, 8.450873740399609702, 22.45000000000000284 ) ) ;
#1529 = CARTESIAN_POINT ( 'NONE',  ( -2.369999999999989448, 6.380000000000024762, -21.25000000000000000 ) ) ;
#1530 = EDGE_CURVE ( 'NONE', #1030, #1953, #443, .T. ) ;
#1531 = EDGE_CURVE ( 'NONE', #630, #232, #4228, .T. ) ;
#1532 = VECTOR ( 'NONE', #4488, 1000.000000000000000 ) ;
#1533 = B_SPLINE_CURVE_WITH_KNOTS ( 'NONE', 3,
 ( #1833, #3401, #1862, #714 ),
 .UNSPECIFIED., .F., .F.,
 ( 4, 4 ),
 ( 0.000000000000000000, 1.000000000000000000 ),
 .UNSPECIFIED. ) ;
#1534 = CARTESIAN_POINT ( 'NONE',  ( 2.308315243703903175, 7.000342485931516201, -22.45000000000000639 ) ) ;
#1535 = CARTESIAN_POINT ( 'NONE',  ( -2.900000000000001688, 14.25000000000000888, -21.66666666666666785 ) ) ;
#1536 = CIRCLE ( 'NONE', #4404, 2.499999999999998668 ) ;
#1537 = LINE ( 'NONE', #1509, #2181 ) ;
#1538 = ORIENTED_EDGE ( 'NONE', *, *, #4232, .T. ) ;
#1539 = ORIENTED_EDGE ( 'NONE', *, *, #1895, .F. ) ;
#1540 = ORIENTED_EDGE ( 'NONE', *, *, #4201, .T. ) ;
#1541 =( BOUNDED_CURVE ( )  B_SPLINE_CURVE ( 2, ( #3356, #2999, #1734 ),
 .UNSPECIFIED., .F., .T. ) 
 B_SPLINE_CURVE_WITH_KNOTS ( ( 3, 3 ),
 ( 0.000000000000000000, 1.000000000000000000 ),
 .UNSPECIFIED. ) 
 CURVE ( )  GEOMETRIC_REPRESENTATION_ITEM ( )  RATIONAL_B_SPLINE_CURVE ( ( 1.000000000000000000, 0.05263157894736842507, 1.000000000000000000 ) ) 
 REPRESENTATION_ITEM ( '' )  );
#1542 = DIRECTION ( 'NONE',  ( 0.000000000000000000, 0.000000000000000000, 1.000000000000000000 ) ) ;
#1543 = DIRECTION ( 'NONE',  ( 0.000000000000000000, 0.000000000000000000, 1.000000000000000000 ) ) ;
#1544 = CARTESIAN_POINT ( 'NONE',  ( -20.49999999999999645, 81.73647591023825498, -20.99999999999998934 ) ) ;
#1545 = DIRECTION ( 'NONE',  ( -1.000000000000000000, 0.000000000000000000, 1.639108796198558178E-16 ) ) ;
#1546 = CARTESIAN_POINT ( 'NONE',  ( 27.25000000000001066, 0.000000000000000000, 6.166666666666660745 ) ) ;
#1547 = LINE ( 'NONE', #3839, #1940 ) ;
#1548 = CARTESIAN_POINT ( 'NONE',  ( -21.16666666666666430, 18.80000000000000426, -21.66666666666665719 ) ) ;
#1549 = FACE_OUTER_BOUND ( 'NONE', #846, .T. ) ;
#1550 = EDGE_CURVE ( 'NONE', #1297, #3971, #2902, .T. ) ;
#1551 = CARTESIAN_POINT ( 'NONE',  ( 2.308315229249441103, 5.299657479172346974, -21.25000000000000000 ) ) ;
#1552 = CARTESIAN_POINT ( 'NONE',  ( -4.750000000000004441, 18.80000000000001137, -21.66666666666666075 ) ) ;
#1553 = ORIENTED_EDGE ( 'NONE', *, *, #4852, .F. ) ;
#1554 = EDGE_CURVE ( 'NONE', #4761, #4361, #109, .T. ) ;
#1555 = CARTESIAN_POINT ( 'NONE',  ( -2.369999999999989448, 5.920000000000011475, -21.25000000000000000 ) ) ;
#1556 = CARTESIAN_POINT ( 'NONE',  ( 17.24999999999999289, 6.250000000000000000, 17.75000000000000000 ) ) ;
#1557 = ADVANCED_FACE ( 'NONE', ( #2455 ), #1020, .T. ) ;
#1558 = CYLINDRICAL_SURFACE ( 'NONE', #5051, 3.249999999999999556 ) ;
#1559 = ORIENTED_EDGE ( 'NONE', *, *, #3067, .T. ) ;
#1560 = ORIENTED_EDGE ( 'NONE', *, *, #1467, .F. ) ;
#1561 = ORIENTED_EDGE ( 'NONE', *, *, #3693, .F. ) ;
#1562 = CARTESIAN_POINT ( 'NONE',  ( -2.369999999999989448, 6.380000000000024762, 22.45000000000000284 ) ) ;
#1563 = CARTESIAN_POINT ( 'NONE',  ( 1.169999999999994822, 5.920000000000007923, -21.25000000000000000 ) ) ;
#1564 = ORIENTED_EDGE ( 'NONE', *, *, #1901, .F. ) ;
#1565 = ORIENTED_EDGE ( 'NONE', *, *, #1338, .T. ) ;
#1566 = CARTESIAN_POINT ( 'NONE',  ( 23.50000000000000355, 3.000000000000000000, 17.75000000000000000 ) ) ;
#1567 = DIRECTION ( 'NONE',  ( -1.541976423090495633E-16, 0.000000000000000000, -1.000000000000000000 ) ) ;
#1568 = CARTESIAN_POINT ( 'NONE',  ( 1.140106852107658275, 6.684707068898470439, 21.24999999999999645 ) ) ;
#1569 = ORIENTED_EDGE ( 'NONE', *, *, #338, .T. ) ;
#1570 = DIRECTION ( 'NONE',  ( -9.011550524554843201E-17, 0.000000000000000000, -1.000000000000000000 ) ) ;
#1571 = CARTESIAN_POINT ( 'NONE',  ( -18.60000000000000142, 1.000000000000000000, 15.75000000000000711 ) ) ;
#1572 = CARTESIAN_POINT ( 'NONE',  ( -25.00000000000000000, 3.000000000000000000, -17.75000000000000000 ) ) ;
#1573 = ORIENTED_EDGE ( 'NONE', *, *, #1291, .F. ) ;
#1574 = EDGE_CURVE ( 'NONE', #4842, #4189, #700, .T. ) ;
#1575 = PRODUCT ( 'Main case', 'Main case', '', ( #3869 ) ) ;
#1576 = FACE_OUTER_BOUND ( 'NONE', #499, .T. ) ;
#1577 = CARTESIAN_POINT ( 'NONE',  ( 4.519999999999994245, 17.00000000000000711, 21.66666666666666785 ) ) ;
#1578 = AXIS2_PLACEMENT_3D ( 'NONE', #4334, #1222, #3603 ) ;
#1579 = CARTESIAN_POINT ( 'NONE',  ( 25.75000000000000711, 0.000000000000000000, 22.49999999999999289 ) ) ;
#1580 = ORIENTED_EDGE ( 'NONE', *, *, #3960, .T. ) ;
#1581 = EDGE_CURVE ( 'NONE', #3999, #2481, #4070, .T. ) ;
#1582 = ORIENTED_EDGE ( 'NONE', *, *, #1420, .T. ) ;
#1583 = VECTOR ( 'NONE', #2963, 1000.000000000000000 ) ;
#1584 = ORIENTED_EDGE ( 'NONE', *, *, #1702, .T. ) ;
#1585 = DIRECTION ( 'NONE',  ( 0.000000000000000000, -6.195440985631452852E-17, 1.000000000000000000 ) ) ;
#1586 = VECTOR ( 'NONE', #1878, 1000.000000000000000 ) ;
#1587 = LINE ( 'NONE', #4716, #1011 ) ;
#1589 = EDGE_CURVE ( 'NONE', #1032, #2989, #3271, .T. ) ;
#1588 = DIRECTION ( 'NONE',  ( -1.000000000000000000, -0.000000000000000000, -0.000000000000000000 ) ) ;
#1590 = VERTEX_POINT ( 'NONE', #1019 ) ;
#1591 = VECTOR ( 'NONE', #3690, 1000.000000000000000 ) ;
#1592 = EDGE_LOOP ( 'NONE', ( #2432, #3538, #3021, #1849 ) ) ;
#1593 = CARTESIAN_POINT ( 'NONE',  ( 2.369999999999994333, 5.920000000000008811, 22.45000000000000284 ) ) ;
#1594 = CIRCLE ( 'NONE', #4463, 3.249999999999999556 ) ;
#1595 = PLANE ( 'NONE',  #961 ) ;
#1596 = PLANE ( 'NONE',  #3475 ) ;
#1597 = ORIENTED_EDGE ( 'NONE', *, *, #2459, .F. ) ;
#1598 = VECTOR ( 'NONE', #392, 1000.000000000000000 ) ;
#1599 = UNCERTAINTY_MEASURE_WITH_UNIT (LENGTH_MEASURE( 1.000000000000000082E-05 ), #4677, 'distance_accuracy_value', 'NONE');
#1600 = DIRECTION ( 'NONE',  ( 0.000000000000000000, -1.000000000000000000, 0.000000000000000000 ) ) ;
#1601 = CARTESIAN_POINT ( 'NONE',  ( -22.00000000000000000, 14.20000000000000639, 2.550000000000010036 ) ) ;
#1602 = ORIENTED_EDGE ( 'NONE', *, *, #1642, .T. ) ;
#1603 = DIRECTION ( 'NONE',  ( -1.000000000000000000, 0.000000000000000000, 0.000000000000000000 ) ) ;
#1604 = CIRCLE ( 'NONE', #1851, 3.249999999999999556 ) ;
#1605 = CARTESIAN_POINT ( 'NONE',  ( -2.369999999999989893, 6.073333333333346573, 22.45000000000000284 ) ) ;
#1606 = DIRECTION ( 'NONE',  ( -0.000000000000000000, -1.000000000000000000, -6.122553444624023009E-17 ) ) ;
#1607 = ORIENTED_EDGE ( 'NONE', *, *, #459, .F. ) ;
#1608 = ORIENTED_EDGE ( 'NONE', *, *, #827, .T. ) ;
#1609 = ORIENTED_EDGE ( 'NONE', *, *, #3270, .F. ) ;
#1610 = AXIS2_PLACEMENT_3D ( 'NONE', #3447, #651, #1881 ) ;
#1611 = EDGE_CURVE ( 'NONE', #722, #1821, #4637, .T. ) ;
#1612 = LINE ( 'NONE', #1300, #1345 ) ;
#1613 = CARTESIAN_POINT ( 'NONE',  ( -8.583333333333314386, 0.000000000000000000, -22.50000000000000355 ) ) ;
#1614 = PLANE ( 'NONE',  #3797 ) ;
#1615 = ORIENTED_EDGE ( 'NONE', *, *, #2972, .T. ) ;
#1616 = DIRECTION ( 'NONE',  ( 0.000000000000000000, -1.000000000000000000, -6.123233995736766036E-17 ) ) ;
#1617 = ADVANCED_FACE ( 'NONE', ( #2578 ), #2887, .F. ) ;
#1618 = LINE ( 'NONE', #1950, #3418 ) ;
#1619 = CARTESIAN_POINT ( 'NONE',  ( -21.64000000000000767, 0.000000000000000000, 19.99999999999999645 ) ) ;
#1620 = VERTEX_POINT ( 'NONE', #3682 ) ;
#1621 = CYLINDRICAL_SURFACE ( 'NONE', #334, 1.000000000000000888 ) ;
#1622 = ORIENTED_EDGE ( 'NONE', *, *, #1065, .T. ) ;
#1623 = DIRECTION ( 'NONE',  ( -0.000000000000000000, 1.000000000000000000, -0.000000000000000000 ) ) ;
#1624 = CARTESIAN_POINT ( 'NONE',  ( -4.519999999999994245, 10.05000000000000959, -20.99999999999999645 ) ) ;
#1625 = CARTESIAN_POINT ( 'NONE',  ( 20.49999999999999645, 17.00000000000000711, 17.75000000000000000 ) ) ;
#1626 = CARTESIAN_POINT ( 'NONE',  ( 22.00000000000000355, 3.759674476707086654, 18.67673333968554417 ) ) ;
#1627 = ORIENTED_EDGE ( 'NONE', *, *, #3960, .F. ) ;
#1628 = ORIENTED_EDGE ( 'NONE', *, *, #4257, .F. ) ;
#1629 = EDGE_LOOP ( 'NONE', ( #2010, #1766, #4477, #2881, #2843, #2766 ) ) ;
#1630 = CARTESIAN_POINT ( 'NONE',  ( -13.42000000000000348, 17.00000000000000000, -20.99999999999999289 ) ) ;
#1631 = PLANE ( 'NONE',  #1499 ) ;
#1632 = DIRECTION ( 'NONE',  ( -1.541976423090495387E-16, 6.195440985631452852E-17, -1.000000000000000000 ) ) ;
#1633 = VERTEX_POINT ( 'NONE', #172 ) ;
#1634 = AXIS2_PLACEMENT_3D ( 'NONE', #4080, #1527, #3017 ) ;
#1635 = EDGE_CURVE ( 'NONE', #4873, #3983, #250, .T. ) ;
#1636 = ORIENTED_EDGE ( 'NONE', *, *, #5008, .F. ) ;
#1637 = CARTESIAN_POINT ( 'NONE',  ( 1.456475726340546784, 4.024789583516328761, -22.45000000000000639 ) ) ;
#1638 = FACE_OUTER_BOUND ( 'NONE', #1965, .T. ) ;
#1639 = CARTESIAN_POINT ( 'NONE',  ( -18.60000000000000853, 1.000000000000000000, -15.74999999999999289 ) ) ;
#1640 = ORIENTED_EDGE ( 'NONE', *, *, #4572, .T. ) ;
#1641 = CARTESIAN_POINT ( 'NONE',  ( 0.5907721166109031197, 4.898228699849328294, 21.25000000000000000 ) ) ;
#1642 = EDGE_CURVE ( 'NONE', #1417, #2473, #551, .T. ) ;
#1643 = SURFACE_STYLE_USAGE ( .BOTH. , #3933 ) ;
#1644 = CARTESIAN_POINT ( 'NONE',  ( 27.25000000000001066, 0.000000000000000000, 18.49999999999999645 ) ) ;
#1645 = VERTEX_POINT ( 'NONE', #3323 ) ;
#1646 = EDGE_CURVE ( 'NONE', #1104, #4842, #1703, .T. ) ;
#1647 = CARTESIAN_POINT ( 'NONE',  ( -21.99999999999999645, 3.925527804984169311, 19.24999999999999289 ) ) ;
#1648 = LINE ( 'NONE', #3578, #3074 ) ;
#1649 = DIRECTION ( 'NONE',  ( -1.000000000000000000, 0.000000000000000000, 0.000000000000000000 ) ) ;
#1650 = AXIS2_PLACEMENT_3D ( 'NONE', #3562, #53, #811 ) ;
#1651 = CARTESIAN_POINT ( 'NONE',  ( 18.59999999999999432, 6.250000000000000000, -15.74999999999999289 ) ) ;
#1652 = VERTEX_POINT ( 'NONE', #2942 ) ;
#1653 = ORIENTED_EDGE ( 'NONE', *, *, #479, .T. ) ;
#1654 = EDGE_LOOP ( 'NONE', ( #921, #2639, #4462, #582 ) ) ;
#1655 = CARTESIAN_POINT ( 'NONE',  ( 13.42000000000000171, 6.250000000000005329, -20.99999999999999645 ) ) ;
#1656 = DIRECTION ( 'NONE',  ( 0.000000000000000000, 0.000000000000000000, -1.000000000000000000 ) ) ;
#1657 = DIRECTION ( 'NONE',  ( 1.000000000000000000, 0.000000000000000000, 0.000000000000000000 ) ) ;
#1658 = ORIENTED_EDGE ( 'NONE', *, *, #2779, .T. ) ;
#1659 = TOROIDAL_SURFACE ( 'NONE', #4536, 2.500000000000000000, 1.000000000000000000 ) ;
#1660 = B_SPLINE_CURVE_WITH_KNOTS ( 'NONE', 3,
 ( #1415, #2543, #934, #4498 ),
 .UNSPECIFIED., .F., .F.,
 ( 4, 4 ),
 ( 0.000000000000000000, 0.001766058429613977460 ),
 .UNSPECIFIED. ) ;
#1661 = ORIENTED_EDGE ( 'NONE', *, *, #2147, .F. ) ;
#1662 = CARTESIAN_POINT ( 'NONE',  ( -1.139548024566141793, 5.613754958072411760, 21.25000000000000000 ) ) ;
#1663 = ADVANCED_FACE ( 'NONE', ( #2110 ), #1346, .F. ) ;
#1664 = CARTESIAN_POINT ( 'NONE',  ( -20.49999999999999645, 17.00000000000000355, 17.74999999999999645 ) ) ;
#1665 = VERTEX_POINT ( 'NONE', #4913 ) ;
#1666 =( BOUNDED_CURVE ( )  B_SPLINE_CURVE ( 2, ( #2870, #975, #2558 ),
 .UNSPECIFIED., .F., .T. ) 
 B_SPLINE_CURVE_WITH_KNOTS ( ( 3, 3 ),
 ( 0.000000000000000000, 1.000000000000000000 ),
 .UNSPECIFIED. ) 
 CURVE ( )  GEOMETRIC_REPRESENTATION_ITEM ( )  RATIONAL_B_SPLINE_CURVE ( ( 1.000000000000000000, 0.7071067811865476838, 1.000000000000000000 ) ) 
 REPRESENTATION_ITEM ( '' )  );
#1667 = AXIS2_PLACEMENT_3D ( 'NONE', #3019, #1123, #4255 ) ;
#1668 = DIRECTION ( 'NONE',  ( 0.000000000000000000, 0.000000000000000000, 1.000000000000000000 ) ) ;
#1669 = AXIS2_PLACEMENT_3D ( 'NONE', #1933, #1600, #3189 ) ;
#1670 = LINE ( 'NONE', #3624, #4289 ) ;
#1671 = EDGE_CURVE ( 'NONE', #1152, #3977, #616, .T. ) ;
#1672 = DIRECTION ( 'NONE',  ( -1.000000000000000000, -0.000000000000000000, -0.000000000000000000 ) ) ;
#1673 = CARTESIAN_POINT ( 'NONE',  ( -2.369999999999989448, 6.226666666666687888, -21.25000000000000000 ) ) ;
#1674 = VECTOR ( 'NONE', #1482, 1000.000000000000000 ) ;
#1675 = ORIENTED_EDGE ( 'NONE', *, *, #4527, .F. ) ;
#1676 = CARTESIAN_POINT ( 'NONE',  ( -4.519999999999994245, 2.857629303562104539, 15.25445187039760775 ) ) ;
#1677 = EDGE_CURVE ( 'NONE', #3874, #224, #325, .T. ) ;
#1678 = CARTESIAN_POINT ( 'NONE',  ( 2.899999999999999911, 12.40000000000000391, -22.50000000000000355 ) ) ;
#1679 = FACE_OUTER_BOUND ( 'NONE', #834, .T. ) ;
#1680 = PLANE ( 'NONE',  #4885 ) ;
#1681 = ORIENTED_EDGE ( 'NONE', *, *, #4263, .T. ) ;
#1682 = ORIENTED_EDGE ( 'NONE', *, *, #3660, .F. ) ;
#1683 = AXIS2_PLACEMENT_3D ( 'NONE', #1544, #1469, #3463 ) ;
#1684 = CARTESIAN_POINT ( 'NONE',  ( 0.000000000000000000, 4.000000000000000000, -22.50000000000000355 ) ) ;
#1685 = DIRECTION ( 'NONE',  ( -0.000000000000000000, -1.000000000000000000, -0.000000000000000000 ) ) ;
#1686 = CYLINDRICAL_SURFACE ( 'NONE', #2474, 3.249999999999999556 ) ;
#1687 = VERTEX_POINT ( 'NONE', #4502 ) ;
#1688 = CIRCLE ( 'NONE', #1045, 1.500000000000001332 ) ;
#1689 = ORIENTED_EDGE ( 'NONE', *, *, #1124, .F. ) ;
#1690 = DIRECTION ( 'NONE',  ( -0.000000000000000000, 1.000000000000000000, -0.000000000000000000 ) ) ;
#1691 = CARTESIAN_POINT ( 'NONE',  ( -0.3062450419276376290, 4.780451975433914313, 21.25000000000000000 ) ) ;
#1692 = CARTESIAN_POINT ( 'NONE',  ( 13.42000000000000348, 0.000000000000000000, 19.99999999999999645 ) ) ;
#1693 = CIRCLE ( 'NONE', #4569, 4.945548129602392429 ) ;
#1694 = VERTEX_POINT ( 'NONE', #2190 ) ;
#1695 = CARTESIAN_POINT ( 'NONE',  ( -17.91666666666666430, 17.00000000000000355, -18.41666666666665719 ) ) ;
#1696 = DIRECTION ( 'NONE',  ( -1.000000000000000000, 0.000000000000000000, 0.000000000000000000 ) ) ;
#1697 = CARTESIAN_POINT ( 'NONE',  ( 27.76447588565098812, 4.336808689942017736E-16, -21.99514556825973699 ) ) ;
#1698 = CARTESIAN_POINT ( 'NONE',  ( 25.00000000000000000, 4.000000000000000000, -19.25000000000000000 ) ) ;
#1699 = CARTESIAN_POINT ( 'NONE',  ( 21.98900891714563954, 4.000000000000000000, -19.56266017745941710 ) ) ;
#1700 =( BOUNDED_SURFACE ( )  B_SPLINE_SURFACE ( 2, 3, ( 
 ( #1347, #2549, #633, #2917 ),
 ( #910, #4892, #1378, #2943 ),
 ( #2468, #524, #2083, #3272 ) ),
 .UNSPECIFIED., .F., .F., .T. ) 
 B_SPLINE_SURFACE_WITH_KNOTS ( ( 3, 3 ),
 ( 4, 4 ),
 ( 0.000000000000000000, 1.000000000000000000 ),
 ( -0.01849999999999999561, 0.01850000000000000255 ),
 .UNSPECIFIED. ) 
 GEOMETRIC_REPRESENTATION_ITEM ( )  RATIONAL_B_SPLINE_SURFACE ( (
 ( 1.000000000000000000, 1.000000000000000000, 1.000000000000000000, 1.000000000000000000),
 ( 0.7071067811865476838, 0.7071067811865476838, 0.7071067811865476838, 0.7071067811865476838),
 ( 1.000000000000000000, 1.000000000000000000, 1.000000000000000000, 1.000000000000000000) ) ) 
 REPRESENTATION_ITEM ( '' )  SURFACE ( )  );
#1701 = ORIENTED_EDGE ( 'NONE', *, *, #856, .T. ) ;
#1702 = EDGE_CURVE ( 'NONE', #1764, #4329, #2161, .T. ) ;
#1703 = LINE ( 'NONE', #4863, #855 ) ;
#1704 = CARTESIAN_POINT ( 'NONE',  ( 23.49999999999999645, 4.000000000000000000, -17.75000000000000000 ) ) ;
#1705 = DIRECTION ( 'NONE',  ( -0.000000000000000000, 1.000000000000000000, 6.123233995736766036E-17 ) ) ;
#1706 = CARTESIAN_POINT ( 'NONE',  ( 2.369999999999994333, 6.073333333333356343, -22.45000000000000284 ) ) ;
#1707 = CARTESIAN_POINT ( 'NONE',  ( -18.60000000000000142, 6.250000000000000000, 15.75000000000000711 ) ) ;
#1708 = VERTEX_POINT ( 'NONE', #2965 ) ;
#1709 = EDGE_CURVE ( 'NONE', #1687, #2534, #4428, .T. ) ;
#1710 = ORIENTED_EDGE ( 'NONE', *, *, #758, .T. ) ;
#1711 = EDGE_CURVE ( 'NONE', #133, #1976, #871, .T. ) ;
#1712 = FACE_OUTER_BOUND ( 'NONE', #814, .T. ) ;
#1713 = CARTESIAN_POINT ( 'NONE',  ( -19.81348418192123262, 1.625000000000001332, 20.66875000000000639 ) ) ;
#1714 = CARTESIAN_POINT ( 'NONE',  ( -27.50000000000000355, 4.000000000000000000, 2.478176394252582521E-15 ) ) ;
#1715 = ORIENTED_EDGE ( 'NONE', *, *, #4005, .F. ) ;
#1716 = EDGE_LOOP ( 'NONE', ( #1148, #2413, #2346, #2633 ) ) ;
#1717 = CARTESIAN_POINT ( 'NONE',  ( -4.750000000000004441, 18.80000000000001137, -9.545306638761546836 ) ) ;
#1718 = DIRECTION ( 'NONE',  ( 0.000000000000000000, -0.000000000000000000, -1.000000000000000000 ) ) ;
#1719 = LINE ( 'NONE', #3207, #1748 ) ;
#1720 = ORIENTED_EDGE ( 'NONE', *, *, #1305, .F. ) ;
#1721 = FACE_OUTER_BOUND ( 'NONE', #4, .T. ) ;
#1722 = CARTESIAN_POINT ( 'NONE',  ( -1.169999999999989271, 6.380000000000024762, 21.25000000000000000 ) ) ;
#1723 = LINE ( 'NONE', #2187, #2495 ) ;
#1724 = CARTESIAN_POINT ( 'NONE',  ( -13.42000000000000348, 0.000000000000000000, -20.00000000000000355 ) ) ;
#1725 = ORIENTED_EDGE ( 'NONE', *, *, #4194, .T. ) ;
#1726 = CARTESIAN_POINT ( 'NONE',  ( 1.169999999999994822, 5.920000000000007923, 21.25000000000000000 ) ) ;
#1727 = CARTESIAN_POINT ( 'NONE',  ( -2.369999999999989448, 6.380000000000024762, -22.45000000000000284 ) ) ;
#1728 = CARTESIAN_POINT ( 'NONE',  ( -21.99999999999999645, 3.842603338060455620, 18.96337426444468832 ) ) ;
#1729 = CARTESIAN_POINT ( 'NONE',  ( -26.14262183997614031, 0.000000000000000000, 19.96095900943644708 ) ) ;
#1730 = EDGE_CURVE ( 'NONE', #2665, #2752, #1317, .T. ) ;
#1731 = CARTESIAN_POINT ( 'NONE',  ( -17.24999999999999645, 6.250000000000000000, -20.99999999999999289 ) ) ;
#1732 = ORIENTED_EDGE ( 'NONE', *, *, #4942, .F. ) ;
#1733 = VECTOR ( 'NONE', #2321, 1000.000000000000000 ) ;
#1734 = CARTESIAN_POINT ( 'NONE',  ( 1.169999999999994822, 5.920000000000007923, 21.25000000000000000 ) ) ;
#1735 = EDGE_CURVE ( 'NONE', #956, #4006, #4512, .T. ) ;
#1736 = CARTESIAN_POINT ( 'NONE',  ( 2.369999999999994333, 5.920000000000008811, 21.25000000000000000 ) ) ;
#1737 = ORIENTED_EDGE ( 'NONE', *, *, #3854, .T. ) ;
#1738 = EDGE_CURVE ( 'NONE', #4919, #2801, #4725, .T. ) ;
#1739 = ORIENTED_EDGE ( 'NONE', *, *, #52, .T. ) ;
#1740 = CARTESIAN_POINT ( 'NONE',  ( 2.308315229249372269, 7.000342520827757653, -21.25000000000000000 ) ) ;
#1741 = EDGE_CURVE ( 'NONE', #5011, #520, #4846, .T. ) ;
#1742 = CARTESIAN_POINT ( 'NONE',  ( -27.50000000000000355, 3.000000000000000000, -17.75000000000000000 ) ) ;
#1743 = AXIS2_PLACEMENT_3D ( 'NONE', #1978, #884, #2442 ) ;
#1744 = PLANE ( 'NONE',  #4310 ) ;
#1745 = CARTESIAN_POINT ( 'NONE',  ( 2.770070464751050862E-15, 5.920000000000007923, -21.25000000000000000 ) ) ;
#1746 = ORIENTED_EDGE ( 'NONE', *, *, #90, .T. ) ;
#1747 = DIRECTION ( 'NONE',  ( -1.000000000000000000, 0.000000000000000000, -0.000000000000000000 ) ) ;
#1748 = VECTOR ( 'NONE', #164, 1000.000000000000000 ) ;
#1749 = CARTESIAN_POINT ( 'NONE',  ( 1.456475753049083499, 8.275210389775299546, 21.25000000000000000 ) ) ;
#1750 = CARTESIAN_POINT ( 'NONE',  ( -13.42000000000000348, 81.73647591023825498, -20.99999999999998934 ) ) ;
#1751 = CARTESIAN_POINT ( 'NONE',  ( -20.49999999999999645, 81.73647591023825498, -20.99999999999998934 ) ) ;
#1752 = ORIENTED_EDGE ( 'NONE', *, *, #4561, .T. ) ;
#1753 = AXIS2_PLACEMENT_3D ( 'NONE', #3714, #4128, #3330 ) ;
#1754 = AXIS2_PLACEMENT_3D ( 'NONE', #4447, #2935, #3342 ) ;
#1755 = CARTESIAN_POINT ( 'NONE',  ( 2.070873754854108739, 7.573576948582747548, -22.45000000000000284 ) ) ;
#1756 = DIRECTION ( 'NONE',  ( -0.000000000000000000, 1.000000000000000000, -0.000000000000000000 ) ) ;
#1757 = VECTOR ( 'NONE', #3939, 1000.000000000000000 ) ;
#1758 = CARTESIAN_POINT ( 'NONE',  ( -28.94866736959273013, 3.000000000000000444, 20.95818687989965667 ) ) ;
#1759 = CARTESIAN_POINT ( 'NONE',  ( -27.76447588565093127, 3.000000000000000000, 21.99514556825941014 ) ) ;
#1760 = CARTESIAN_POINT ( 'NONE',  ( 2.899999999999999911, 12.40000000000000391, -9.545306638761546836 ) ) ;
#1761 = VECTOR ( 'NONE', #968, 1000.000000000000000 ) ;
#1762 = ORIENTED_EDGE ( 'NONE', *, *, #4605, .F. ) ;
#1763 = DIRECTION ( 'NONE',  ( 0.000000000000000000, 0.000000000000000000, -1.000000000000000000 ) ) ;
#1764 = VERTEX_POINT ( 'NONE', #1029 ) ;
#1765 = AXIS2_PLACEMENT_3D ( 'NONE', #3375, #2996, #659 ) ;
#1766 = ORIENTED_EDGE ( 'NONE', *, *, #4818, .F. ) ;
#1767 = ADVANCED_FACE ( 'NONE', ( #3304 ), #948, .T. ) ;
#1768 = DIRECTION ( 'NONE',  ( -1.000000000000000000, 0.000000000000000000, 0.000000000000000000 ) ) ;
#1769 = CYLINDRICAL_SURFACE ( 'NONE', #62, 3.249999999999999556 ) ;
#1770 = CARTESIAN_POINT ( 'NONE',  ( 25.75000000000000711, 0.000000000000000000, 19.99999999999999645 ) ) ;
#1771 = PLANE ( 'NONE',  #4802 ) ;
#1772 = ORIENTED_EDGE ( 'NONE', *, *, #826, .T. ) ;
#1773 = VECTOR ( 'NONE', #2976, 1000.000000000000000 ) ;
#1774 = DIRECTION ( 'NONE',  ( 1.000000000000000000, 0.000000000000000000, 0.000000000000000000 ) ) ;
#1775 = CARTESIAN_POINT ( 'NONE',  ( 2.070873754854134052, 7.573576948582688040, 22.45000000000000284 ) ) ;
#1776 = AXIS2_PLACEMENT_3D ( 'NONE', #3541, #3950, #4724 ) ;
#1777 = DIRECTION ( 'NONE',  ( 0.000000000000000000, -1.000000000000000000, 0.000000000000000000 ) ) ;
#1778 = EDGE_CURVE ( 'NONE', #1245, #1181, #976, .T. ) ;
#1779 = CARTESIAN_POINT ( 'NONE',  ( -4.519999999999994245, 1.625000000000001332, 20.66875000000000639 ) ) ;
#1780 = ORIENTED_EDGE ( 'NONE', *, *, #2072, .F. ) ;
#1781 = AXIS2_PLACEMENT_3D ( 'NONE', #2945, #996, #4124 ) ;
#1782 = DIRECTION ( 'NONE',  ( 0.000000000000000000, 0.000000000000000000, -1.000000000000000000 ) ) ;
#1783 = CARTESIAN_POINT ( 'NONE',  ( -2.070873740399580942, 7.573576983479049396, 22.45000000000000284 ) ) ;
#1784 = DIRECTION ( 'NONE',  ( 1.000000000000000000, 0.000000000000000000, 0.000000000000000000 ) ) ;
#1785 = CARTESIAN_POINT ( 'NONE',  ( -29.75000000000001421, 0.000000000000000000, 18.49999999999999645 ) ) ;
#1786 = CARTESIAN_POINT ( 'NONE',  ( -27.25000000000001066, 0.000000000000000000, -18.50000000000000000 ) ) ;
#1787 = ORIENTED_EDGE ( 'NONE', *, *, #2799, .F. ) ;
#1788 = CARTESIAN_POINT ( 'NONE',  ( 29.75000000000001066, 0.000000000000000000, 18.49999999999999645 ) ) ;
#1789 = DIRECTION ( 'NONE',  ( 1.000000000000000000, 0.000000000000000000, 0.000000000000000000 ) ) ;
#1790 = ORIENTED_EDGE ( 'NONE', *, *, #2587, .T. ) ;
#1791 = ORIENTED_EDGE ( 'NONE', *, *, #4912, .T. ) ;
#1792 = CARTESIAN_POINT ( 'NONE',  ( 1.193576948582753872, 3.849126245145912950, 22.45000000000000284 ) ) ;
#1793 = CARTESIAN_POINT ( 'NONE',  ( -13.42000000000000348, 1.625000000000001332, -19.35000000000000853 ) ) ;
#1794 = CARTESIAN_POINT ( 'NONE',  ( 21.99999999999999645, 3.374923024674302940, -18.20895819450248609 ) ) ;
#1795 = ORIENTED_EDGE ( 'NONE', *, *, #3459, .F. ) ;
#1796 = EDGE_CURVE ( 'NONE', #4522, #796, #2026, .T. ) ;
#1797 = CARTESIAN_POINT ( 'NONE',  ( 17.53000000000001180, 0.000000000000000000, -20.00000000000000355 ) ) ;
#1798 = ORIENTED_EDGE ( 'NONE', *, *, #276, .F. ) ;
#1799 = PLANE ( 'NONE',  #2576 ) ;
#1800 = DIRECTION ( 'NONE',  ( 0.000000000000000000, 0.000000000000000000, -1.000000000000000000 ) ) ;
#1801 = PLANE ( 'NONE',  #3803 ) ;
#1802 = ORIENTED_EDGE ( 'NONE', *, *, #4537, .F. ) ;
#1803 = EDGE_CURVE ( 'NONE', #2669, #4550, #226, .T. ) ;
#1804 = CARTESIAN_POINT ( 'NONE',  ( 13.42000000000000171, 17.00000000000000355, -18.41666666666665719 ) ) ;
#1805 = LINE ( 'NONE', #4661, #4210 ) ;
#1806 = CARTESIAN_POINT ( 'NONE',  ( -23.49999999999999645, 4.000000000000000000, 20.25000000000000000 ) ) ;
#1807 = ADVANCED_FACE ( 'NONE', ( #3332 ), #2143, .F. ) ;
#1808 = DIRECTION ( 'NONE',  ( 0.000000000000000000, 0.000000000000000000, -1.000000000000000000 ) ) ;
#1809 = FACE_OUTER_BOUND ( 'NONE', #2364, .T. ) ;
#1810 = ORIENTED_EDGE ( 'NONE', *, *, #618, .T. ) ;
#1811 = LINE ( 'NONE', #2924, #1511 ) ;
#1812 = CARTESIAN_POINT ( 'NONE',  ( -17.91666666666666430, 17.00000000000000355, -18.41666666666665719 ) ) ;
#1813 = VERTEX_POINT ( 'NONE', #3744 ) ;
#1814 = ORIENTED_EDGE ( 'NONE', *, *, #856, .F. ) ;
#1815 = DIRECTION ( 'NONE',  ( -1.000000000000000000, 0.000000000000000000, 0.000000000000000000 ) ) ;
#1816 = CARTESIAN_POINT ( 'NONE',  ( -25.75000000000001066, 0.000000000000000000, 22.49999999999999289 ) ) ;
#1817 = LINE ( 'NONE', #3385, #1442 ) ;
#1818 = ORIENTED_EDGE ( 'NONE', *, *, #1589, .F. ) ;
#1819 = CARTESIAN_POINT ( 'NONE',  ( 29.75000000000001421, 0.000000000000000000, 18.49999999999999645 ) ) ;
#1820 = EDGE_CURVE ( 'NONE', #1000, #1645, #3669, .T. ) ;
#1821 = VERTEX_POINT ( 'NONE', #3357 ) ;
#1822 = LINE ( 'NONE', #730, #5032 ) ;
#1823 = CARTESIAN_POINT ( 'NONE',  ( -26.95099667803084031, 0.000000000000000000, -19.42021905400198634 ) ) ;
#1824 = FACE_OUTER_BOUND ( 'NONE', #2401, .T. ) ;
#1825 = EDGE_LOOP ( 'NONE', ( #2815, #1316, #3931, #3947 ) ) ;
#1826 = CIRCLE ( 'NONE', #1504, 1.500000000000001332 ) ;
#1827 = AXIS2_PLACEMENT_3D ( 'NONE', #598, #2157, #2938 ) ;
#1828 = CARTESIAN_POINT ( 'NONE',  ( 26.50000000000000355, 3.000000000000000000, 17.75000000000000000 ) ) ;
#1829 = ADVANCED_FACE ( 'NONE', ( #4081 ), #4898, .T. ) ;
#1830 = DIRECTION ( 'NONE',  ( 0.000000000000000000, -1.000000000000000000, 0.000000000000000000 ) ) ;
#1831 = AXIS2_PLACEMENT_3D ( 'NONE', #3388, #2258, #3466 ) ;
#1832 = DIRECTION ( 'NONE',  ( 0.000000000000000000, 1.000000000000000000, 6.122553444624023009E-17 ) ) ;
#1833 = CARTESIAN_POINT ( 'NONE',  ( 29.75000000000001066, 3.000000000000000000, 18.49999999999999645 ) ) ;
#1834 = CIRCLE ( 'NONE', #4700, 1.500000000000001332 ) ;
#1835 = EDGE_CURVE ( 'NONE', #1645, #2610, #1406, .T. ) ;
#1836 = CIRCLE ( 'NONE', #4543, 1.318749999999996980 ) ;
#1837 = ORIENTED_EDGE ( 'NONE', *, *, #1901, .T. ) ;
#1838 = ADVANCED_FACE ( 'NONE', ( #2925 ), #2532, .T. ) ;
#1839 = CARTESIAN_POINT ( 'NONE',  ( 25.75000000000001066, 3.000000000000000000, 22.49999999999999645 ) ) ;
#1840 = CARTESIAN_POINT ( 'NONE',  ( 2.369999999999994333, 6.226666666666686112, -22.45000000000000284 ) ) ;
#1841 = CARTESIAN_POINT ( 'NONE',  ( -29.75000000000001066, 4.000000000000000000, -18.50000000000000355 ) ) ;
#1842 = ORIENTED_EDGE ( 'NONE', *, *, #2712, .F. ) ;
#1843 = AXIS2_PLACEMENT_3D ( 'NONE', #2076, #2937, #2884 ) ;
#1844 = ORIENTED_EDGE ( 'NONE', *, *, #2388, .T. ) ;
#1845 = EDGE_LOOP ( 'NONE', ( #1892, #4501, #4047, #889, #1193 ) ) ;
#1846 = DIRECTION ( 'NONE',  ( -1.906289534040446254E-16, -1.000000000000000000, -6.122553444624019311E-17 ) ) ;
#1847 = CARTESIAN_POINT ( 'NONE',  ( 22.00000000000000355, 1.000000000000000000, 19.24999999999999289 ) ) ;
#1848 = FACE_OUTER_BOUND ( 'NONE', #1132, .T. ) ;
#1849 = ORIENTED_EDGE ( 'NONE', *, *, #1778, .F. ) ;
#1850 = CARTESIAN_POINT ( 'NONE',  ( 25.94638493204487872, 0.000000000000000000, 19.99999999998500755 ) ) ;
#1851 = AXIS2_PLACEMENT_3D ( 'NONE', #3236, #4420, #901 ) ;
#1852 = ORIENTED_EDGE ( 'NONE', *, *, #3343, .F. ) ;
#1853 = CARTESIAN_POINT ( 'NONE',  ( -0.6203425208277740799, 8.688315229249411686, 22.45000000000000284 ) ) ;
#1854 = CARTESIAN_POINT ( 'NONE',  ( 22.00000000000000355, 3.925527804984169311, 19.24999999999999289 ) ) ;
#1855 = CARTESIAN_POINT ( 'NONE',  ( 0.5907167863677774688, 4.898362278873551467, -21.25000000000000355 ) ) ;
#1856 = ORIENTED_EDGE ( 'NONE', *, *, #3113, .F. ) ;
#1857 = B_SPLINE_CURVE_WITH_KNOTS ( 'NONE', 3,
 ( #1283, #138, #3569, #1692 ),
 .UNSPECIFIED., .F., .F.,
 ( 4, 4 ),
 ( 0.000000000000000000, 0.2394174757281551102 ),
 .UNSPECIFIED. ) ;
#1858 = CARTESIAN_POINT ( 'NONE',  ( -4.519999999999994245, 10.05000000000000959, 18.85309986098562263 ) ) ;
#1859 = VECTOR ( 'NONE', #1034, 1000.000000000000000 ) ;
#1860 = CARTESIAN_POINT ( 'NONE',  ( 0.7190196755558531105, 4.984389807579356457, -21.25000000000000000 ) ) ;
#1861 = DIRECTION ( 'NONE',  ( -0.000000000000000000, 1.000000000000000000, -0.000000000000000000 ) ) ;
#1862 = CARTESIAN_POINT ( 'NONE',  ( 29.75000000000001066, 3.000000000000000000, -6.166666666666671404 ) ) ;
#1863 = EDGE_CURVE ( 'NONE', #666, #3704, #1384, .T. ) ;
#1864 = ORIENTED_EDGE ( 'NONE', *, *, #2459, .T. ) ;
#1865 = DIRECTION ( 'NONE',  ( 0.000000000000000000, 0.000000000000000000, -1.000000000000000000 ) ) ;
#1866 = CYLINDRICAL_SURFACE ( 'NONE', #4634, 3.249999999999999556 ) ;
#1867 =( BOUNDED_CURVE ( )  B_SPLINE_CURVE ( 2, ( #2514, #1062, #4087 ),
 .UNSPECIFIED., .F., .T. ) 
 B_SPLINE_CURVE_WITH_KNOTS ( ( 3, 3 ),
 ( 0.000000000000000000, 1.000000000000000000 ),
 .UNSPECIFIED. ) 
 CURVE ( )  GEOMETRIC_REPRESENTATION_ITEM ( )  RATIONAL_B_SPLINE_CURVE ( ( 1.000000000000000000, 0.05263157894736842507, 1.000000000000000000 ) ) 
 REPRESENTATION_ITEM ( '' )  );
#1868 = FACE_OUTER_BOUND ( 'NONE', #717, .T. ) ;
#1869 = ORIENTED_EDGE ( 'NONE', *, *, #1820, .F. ) ;
#1870 = ORIENTED_EDGE ( 'NONE', *, *, #4691, .F. ) ;
#1871 = ORIENTED_EDGE ( 'NONE', *, *, #866, .F. ) ;
#1872 = ADVANCED_FACE ( 'NONE', ( #3379 ), #1327, .T. ) ;
#1873 = CARTESIAN_POINT ( 'NONE',  ( 2.070873754854083426, 4.726423051417352639, 21.25000000000000000 ) ) ;
#1874 = DIRECTION ( 'NONE',  ( 0.000000000000000000, 0.000000000000000000, -1.000000000000000000 ) ) ;
#1875 = DIRECTION ( 'NONE',  ( 0.000000000000000000, 1.000000000000000000, -9.427844978134805410E-17 ) ) ;
#1876 = B_SPLINE_CURVE_WITH_KNOTS ( 'NONE', 3,
 ( #1054, #4106, #1840, #1002 ),
 .UNSPECIFIED., .F., .F.,
 ( 4, 4 ),
 ( 0.000000000000000000, 1.000000000000000000 ),
 .UNSPECIFIED. ) ;
#1877 = EDGE_LOOP ( 'NONE', ( #4286, #3665, #2253, #614, #3636, #3583, #4340, #4415 ) ) ;
#1878 = DIRECTION ( 'NONE',  ( 5.509389159473858495E-32, -1.000000000000000000, 2.828353493440441869E-16 ) ) ;
#1879 = ORIENTED_EDGE ( 'NONE', *, *, #182, .F. ) ;
#1880 = CARTESIAN_POINT ( 'NONE',  ( -29.75000000000001066, 3.000000000000000000, -19.02369315211954515 ) ) ;
#1881 = DIRECTION ( 'NONE',  ( 0.000000000000000000, 0.000000000000000000, 1.000000000000000000 ) ) ;
#1882 = CARTESIAN_POINT ( 'NONE',  ( -13.42000000000000348, 6.123233995736847233E-18, -19.35000000000000853 ) ) ;
#1883 = PLANE ( 'NONE',  #574 ) ;
#1884 = CARTESIAN_POINT ( 'NONE',  ( -25.00000000000000000, 3.000000000000000000, -17.75000000000000000 ) ) ;
#1885 = DIRECTION ( 'NONE',  ( 0.000000000000000000, 0.000000000000000000, -1.000000000000000000 ) ) ;
#1886 = AXIS2_PLACEMENT_3D ( 'NONE', #4555, #2605, #2236 ) ;
#1887 = DIRECTION ( 'NONE',  ( 0.000000000000000000, -1.000000000000000000, 0.000000000000000000 ) ) ;
#1888 = ADVANCED_FACE ( 'NONE', ( #4159 ), #257, .F. ) ;
#1889 = LINE ( 'NONE', #718, #4219 ) ;
#1890 = B_SPLINE_CURVE_WITH_KNOTS ( 'NONE', 3,
 ( #1930, #4987, #2262, #1474, #1497, #1138, #2626, #345, #2702, #4272, #2372, #3593, #2798, #2774, #462, #4315, #2750, #4010 ),
 .UNSPECIFIED., .F., .F.,
 ( 4, 2, 2, 2, 2, 2, 2, 2, 4 ),
 ( 0.000000000000000000, 0.1250000000000000833, 0.2500000000000001665, 0.3750000000000001665, 0.5000000000000002220, 0.6250000000000002220, 0.7500000000000001110, 0.8750000000000001110, 1.000000000000000000 ),
 .UNSPECIFIED. ) ;
#1891 = DIRECTION ( 'NONE',  ( -0.000000000000000000, -1.000000000000000000, -0.000000000000000000 ) ) ;
#1892 = ORIENTED_EDGE ( 'NONE', *, *, #715, .F. ) ;
#1893 = EDGE_LOOP ( 'NONE', ( #2951, #4940, #4346, #3288, #3305, #3377, #244, #1290 ) ) ;
#1894 = ORIENTED_EDGE ( 'NONE', *, *, #4410, .T. ) ;
#1895 = EDGE_CURVE ( 'NONE', #476, #1470, #1055, .T. ) ;
#1896 =( BOUNDED_CURVE ( )  B_SPLINE_CURVE ( 2, ( #881, #2439, #492 ),
 .UNSPECIFIED., .F., .T. ) 
 B_SPLINE_CURVE_WITH_KNOTS ( ( 3, 3 ),
 ( 0.000000000000000000, 1.000000000000000000 ),
 .UNSPECIFIED. ) 
 CURVE ( )  GEOMETRIC_REPRESENTATION_ITEM ( )  RATIONAL_B_SPLINE_CURVE ( ( 1.000000000000000000, 0.7071067811865476838, 1.000000000000000000 ) ) 
 REPRESENTATION_ITEM ( '' )  );
#1897 = CARTESIAN_POINT ( 'NONE',  ( -1.895210389775204840, 4.463524246950925978, 21.25000000000000000 ) ) ;
#1898 = LINE ( 'NONE', #3490, #3211 ) ;
#1899 = FACE_OUTER_BOUND ( 'NONE', #2250, .T. ) ;
#1900 = CARTESIAN_POINT ( 'NONE',  ( 21.99999999999999645, 3.925527804984171976, -19.25000000000000355 ) ) ;
#1901 = EDGE_CURVE ( 'NONE', #3003, #3224, #4134, .T. ) ;
#1902 = CARTESIAN_POINT ( 'NONE',  ( 4.519999999999987139, -1.822412229178749018E-12, 20.95491502812631524 ) ) ;
#1903 = EDGE_CURVE ( 'NONE', #2179, #3772, #4998, .T. ) ;
#1904 = VERTEX_POINT ( 'NONE', #4590 ) ;
#1905 = CARTESIAN_POINT ( 'NONE',  ( 0.6203425208278390279, 8.688315229249385041, 22.45000000000000284 ) ) ;
#1906 = CARTESIAN_POINT ( 'NONE',  ( 25.75000000000001421, 0.000000000000000000, -20.00000000000000355 ) ) ;
#1907 = VECTOR ( 'NONE', #3611, 1000.000000000000000 ) ;
#1908 = CARTESIAN_POINT ( 'NONE',  ( 1.169999999999994822, 6.380000000000024762, -21.25000000000000000 ) ) ;
#1909 = LINE ( 'NONE', #2308, #4510 ) ;
#1910 = CARTESIAN_POINT ( 'NONE',  ( 21.16666666666666430, 18.80000000000000426, -18.41666666666666430 ) ) ;
#1911 = LINE ( 'NONE', #1936, #2737 ) ;
#1912 =( GEOMETRIC_REPRESENTATION_CONTEXT ( 3 ) GLOBAL_UNCERTAINTY_ASSIGNED_CONTEXT ( ( #1599 ) ) GLOBAL_UNIT_ASSIGNED_CONTEXT ( ( #4677, #39, #2780 ) ) REPRESENTATION_CONTEXT ( 'NONE', 'WORKASPACE' ) );
#1913 = CARTESIAN_POINT ( 'NONE',  ( -2.369999999999989893, 5.920000000000007923, -22.45000000000000284 ) ) ;
#1914 = CARTESIAN_POINT ( 'NONE',  ( -2.369999999999989893, 5.920000000000007923, -22.45000000000000284 ) ) ;
#1915 = CIRCLE ( 'NONE', #5029, 1.000000000000000888 ) ;
#1916 = DIRECTION ( 'NONE',  ( 1.000000000000000000, 0.000000000000000000, 0.000000000000000000 ) ) ;
#1917 = ORIENTED_EDGE ( 'NONE', *, *, #3854, .F. ) ;
#1918 = VECTOR ( 'NONE', #2291, 1000.000000000000000 ) ;
#1919 = CIRCLE ( 'NONE', #3968, 1.500000000000001332 ) ;
#1920 = VECTOR ( 'NONE', #1774, 1000.000000000000000 ) ;
#1921 = ORIENTED_EDGE ( 'NONE', *, *, #489, .T. ) ;
#1922 = ORIENTED_EDGE ( 'NONE', *, *, #2347, .T. ) ;
#1923 = VECTOR ( 'NONE', #3987, 1000.000000000000000 ) ;
#1924 = CARTESIAN_POINT ( 'NONE',  ( 25.00000000000000000, 0.000000000000000000, 19.25000000000000000 ) ) ;
#1925 = DIRECTION ( 'NONE',  ( 9.427844978134476553E-16, 1.000000000000000000, 0.000000000000000000 ) ) ;
#1926 = CARTESIAN_POINT ( 'NONE',  ( 18.74999999999999289, 1.000000000000000000, -19.25000000000000355 ) ) ;
#1927 = LINE ( 'NONE', #647, #4516 ) ;
#1928 = EDGE_CURVE ( 'NONE', #178, #4182, #5047, .T. ) ;
#1929 = CARTESIAN_POINT ( 'NONE',  ( -13.42000000000000348, 0.7639320224995977959, -21.66666666666666785 ) ) ;
#1930 = CARTESIAN_POINT ( 'NONE',  ( -1.169999999999989493, 6.380000000000023874, -21.25000000000000000 ) ) ;
#1931 = CARTESIAN_POINT ( 'NONE',  ( -13.42000000000000348, 17.00000000000000000, 20.99999999999999289 ) ) ;
#1932 = CIRCLE ( 'NONE', #3739, 3.249999999999999556 ) ;
#1933 = CARTESIAN_POINT ( 'NONE',  ( 25.00000000000000000, 4.000000000000000000, 17.75000000000000000 ) ) ;
#1934 = ADVANCED_FACE ( 'NONE', ( #3026 ), #1558, .F. ) ;
#1935 = CARTESIAN_POINT ( 'NONE',  ( -1.022330081510248734, 5.330765810193366150, -21.25000000000000000 ) ) ;
#1936 = CARTESIAN_POINT ( 'NONE',  ( 28.85348418192122111, 6.123233995736829515E-18, -19.35000000000000853 ) ) ;
#1937 = VECTOR ( 'NONE', #1355, 1000.000000000000000 ) ;
#1938 = CARTESIAN_POINT ( 'NONE',  ( -0.6203424859314891071, 8.688315243703927493, -22.45000000000000639 ) ) ;
#1939 = DIRECTION ( 'NONE',  ( 0.000000000000000000, 0.000000000000000000, -1.000000000000000000 ) ) ;
#1940 = VECTOR ( 'NONE', #704, 1000.000000000000000 ) ;
#1941 = CARTESIAN_POINT ( 'NONE',  ( 0.000000000000000000, -0.000000000000000000, 19.25000000000000000 ) ) ;
#1942 = VERTEX_POINT ( 'NONE', #2274 ) ;
#1943 = VERTEX_POINT ( 'NONE', #720 ) ;
#1944 = ORIENTED_EDGE ( 'NONE', *, *, #1677, .T. ) ;
#1945 = CARTESIAN_POINT ( 'NONE',  ( 25.00000000000000000, 3.000000000000000000, 19.25000000000000000 ) ) ;
#1946 = FACE_OUTER_BOUND ( 'NONE', #977, .T. ) ;
#1947 = EDGE_LOOP ( 'NONE', ( #2234, #1540, #4669, #1112, #3232, #4324, #2390, #3175 ) ) ;
#1948 = ORIENTED_EDGE ( 'NONE', *, *, #4201, .F. ) ;
#1949 = CARTESIAN_POINT ( 'NONE',  ( 1.895210416483682936, 4.463524273659462693, 22.45000000000000639 ) ) ;
#1950 = CARTESIAN_POINT ( 'NONE',  ( 4.750000000000004441, 18.80000000000001137, -9.545306638761546836 ) ) ;
#1951 = ADVANCED_FACE ( 'NONE', ( #309 ), #5021, .T. ) ;
#1952 = DIRECTION ( 'NONE',  ( 0.000000000000000000, 0.000000000000000000, -1.000000000000000000 ) ) ;
#1953 = VERTEX_POINT ( 'NONE', #1841 ) ;
#1954 = DIRECTION ( 'NONE',  ( 0.000000000000000000, -1.000000000000000000, 0.000000000000000000 ) ) ;
#1955 = CARTESIAN_POINT ( 'NONE',  ( -2.308315229249299438, 5.299657479172139141, -21.25000000000000000 ) ) ;
#1956 = EDGE_CURVE ( 'NONE', #4606, #4946, #332, .T. ) ;
#1957 = DIRECTION ( 'NONE',  ( 0.000000000000000000, 0.000000000000000000, -1.000000000000000000 ) ) ;
#1958 = ORIENTED_EDGE ( 'NONE', *, *, #2018, .T. ) ;
#1959 = ADVANCED_FACE ( 'NONE', ( #1868 ), #4650, .T. ) ;
#1960 = DIRECTION ( 'NONE',  ( 0.000000000000000000, 0.000000000000000000, 1.000000000000000000 ) ) ;
#1961 = CARTESIAN_POINT ( 'NONE',  ( -1.169999999999989493, 6.226666666666683447, 21.25000000000000000 ) ) ;
#1962 = CARTESIAN_POINT ( 'NONE',  ( -1.506666666666663490, 0.000000000000000000, 19.99999999999999645 ) ) ;
#1963 = ORIENTED_EDGE ( 'NONE', *, *, #3621, .T. ) ;
#1964 = VERTEX_POINT ( 'NONE', #3434 ) ;
#1965 = EDGE_LOOP ( 'NONE', ( #1306, #3899, #2168, #2776, #3680, #1681, #3755, #75, #1219, #1167, #741, #1922, #2370, #4934 ) ) ;
#1966 = LINE ( 'NONE', #5053, #2803 ) ;
#1967 = CARTESIAN_POINT ( 'NONE',  ( 25.75000000000001421, 3.000000000000000000, -22.50000000000000355 ) ) ;
#1968 = ORIENTED_EDGE ( 'NONE', *, *, #1235, .F. ) ;
#1969 = ORIENTED_EDGE ( 'NONE', *, *, #1956, .F. ) ;
#1970 = CARTESIAN_POINT ( 'NONE',  ( -26.50000000000000355, 0.000000000000000000, 17.75000000000000000 ) ) ;
#1971 = PLANE ( 'NONE',  #3576 ) ;
#1972 = CARTESIAN_POINT ( 'NONE',  ( -1.021565088421267697, 6.970891905851857473, 21.25000000000000000 ) ) ;
#1973 = ORIENTED_EDGE ( 'NONE', *, *, #587, .T. ) ;
#1974 = CARTESIAN_POINT ( 'NONE',  ( 4.519999999999994245, 20.34143585281091049, -18.85309986098562263 ) ) ;
#1975 = CARTESIAN_POINT ( 'NONE',  ( 0.000000000000000000, 3.000000000000000000, -20.25000000000000000 ) ) ;
#1976 = VERTEX_POINT ( 'NONE', #740 ) ;
#1977 = ADVANCED_FACE ( 'NONE', ( #690, #2249 ), #4683, .F. ) ;
#1978 = CARTESIAN_POINT ( 'NONE',  ( 16.62500000000000000, 10.05000000000000959, 16.62500000000000000 ) ) ;
#1979 = VECTOR ( 'NONE', #1756, 1000.000000000000000 ) ;
#1980 = CARTESIAN_POINT ( 'NONE',  ( -2.369999999999989448, 6.226666666666685224, 22.45000000000000284 ) ) ;
#1981 = VECTOR ( 'NONE', #1623, 1000.000000000000000 ) ;
#1982 = DIRECTION ( 'NONE',  ( -1.000000000000000000, 0.000000000000000000, -8.462065736472231082E-17 ) ) ;
#1983 = ORIENTED_EDGE ( 'NONE', *, *, #4102, .T. ) ;
#1984 = EDGE_CURVE ( 'NONE', #4667, #382, #3052, .T. ) ;
#1985 = ORIENTED_EDGE ( 'NONE', *, *, #4264, .F. ) ;
#1986 = ORIENTED_EDGE ( 'NONE', *, *, #5059, .F. ) ;
#1987 = AXIS2_PLACEMENT_3D ( 'NONE', #3888, #3520, #1997 ) ;
#1988 = CARTESIAN_POINT ( 'NONE',  ( -27.21095900943646484, 4.336808689942017736E-16, -18.89262183997612254 ) ) ;
#1989 = CARTESIAN_POINT ( 'NONE',  ( -25.75000000000000000, 0.000000000000000000, -20.00000000000000355 ) ) ;
#1990 = LINE ( 'NONE', #894, #708 ) ;
#1991 = ORIENTED_EDGE ( 'NONE', *, *, #1863, .F. ) ;
#1992 = CIRCLE ( 'NONE', #4375, 1.000000000000000888 ) ;
#1993 = EDGE_LOOP ( 'NONE', ( #4396, #1986, #2758, #1560 ) ) ;
#1994 = CARTESIAN_POINT ( 'NONE',  ( 4.519999999999996021, 81.73647591023825498, 21.00000000000000000 ) ) ;
#1995 = CIRCLE ( 'NONE', #4382, 3.249999999999999556 ) ;
#1996 = DIRECTION ( 'NONE',  ( 0.000000000000000000, 0.000000000000000000, 1.000000000000000000 ) ) ;
#1997 = DIRECTION ( 'NONE',  ( -1.000000000000000000, 0.000000000000000000, 0.000000000000000000 ) ) ;
#1998 = VECTOR ( 'NONE', #2098, 1000.000000000000000 ) ;
#1999 = ORIENTED_EDGE ( 'NONE', *, *, #2272, .F. ) ;
#2000 = DIRECTION ( 'NONE',  ( 0.000000000000000000, -0.000000000000000000, 1.000000000000000000 ) ) ;
#2001 = CARTESIAN_POINT ( 'NONE',  ( -1.193576948582758090, 3.849126245145915615, -22.45000000000000284 ) ) ;
#2002 = CARTESIAN_POINT ( 'NONE',  ( -4.519999999999994245, 20.34143585281091049, -18.85309986098562263 ) ) ;
#2003 = VERTEX_POINT ( 'NONE', #3896 ) ;
#2004 = AXIS2_PLACEMENT_3D ( 'NONE', #4735, #2008, #2445 ) ;
#2005 = DIRECTION ( 'NONE',  ( 0.000000000000000000, 0.000000000000000000, -1.000000000000000000 ) ) ;
#2006 = DIRECTION ( 'NONE',  ( -0.000000000000000000, -1.000000000000000000, -0.000000000000000000 ) ) ;
#2007 = EDGE_CURVE ( 'NONE', #4606, #3772, #1688, .T. ) ;
#2008 = DIRECTION ( 'NONE',  ( 0.000000000000000000, -1.000000000000000000, 0.000000000000000000 ) ) ;
#2009 = ORIENTED_EDGE ( 'NONE', *, *, #1207, .T. ) ;
#2010 = ORIENTED_EDGE ( 'NONE', *, *, #737, .F. ) ;
#2011 = ORIENTED_EDGE ( 'NONE', *, *, #3433, .F. ) ;
#2012 = AXIS2_PLACEMENT_3D ( 'NONE', #1742, #3261, #3696 ) ;
#2013 = LINE ( 'NONE', #3177, #2662 ) ;
#2014 = EDGE_CURVE ( 'NONE', #1943, #4919, #352, .T. ) ;
#2015 = FACE_OUTER_BOUND ( 'NONE', #1654, .T. ) ;
#2016 = CARTESIAN_POINT ( 'NONE',  ( -26.50000000000000355, 3.000000000000000000, -17.75000000000000000 ) ) ;
#2017 = VERTEX_POINT ( 'NONE', #2735 ) ;
#2018 = EDGE_CURVE ( 'NONE', #3783, #1297, #1537, .T. ) ;
#2019 = ORIENTED_EDGE ( 'NONE', *, *, #798, .T. ) ;
#2020 = CARTESIAN_POINT ( 'NONE',  ( -2.070873740399582275, 4.726423016520981513, 22.45000000000000639 ) ) ;
#2021 = ADVANCED_FACE ( 'NONE', ( #761 ), #4302, .F. ) ;
#2022 = FACE_OUTER_BOUND ( 'NONE', #361, .T. ) ;
#2023 = DIRECTION ( 'NONE',  ( 0.000000000000000000, 0.000000000000000000, -1.000000000000000000 ) ) ;
#2024 = B_SPLINE_CURVE_WITH_KNOTS ( 'NONE', 3,
 ( #800, #3574, #4400, #3139 ),
 .UNSPECIFIED., .F., .F.,
 ( 4, 4 ),
 ( 0.000000000000000000, 0.0004805875977918480169 ),
 .UNSPECIFIED. ) ;
#2025 = ORIENTED_EDGE ( 'NONE', *, *, #515, .F. ) ;
#2026 =( BOUNDED_CURVE ( )  B_SPLINE_CURVE ( 2, ( #4185, #207, #4921 ),
 .UNSPECIFIED., .F., .T. ) 
 B_SPLINE_CURVE_WITH_KNOTS ( ( 3, 3 ),
 ( 0.000000000000000000, 1.000000000000000000 ),
 .UNSPECIFIED. ) 
 CURVE ( )  GEOMETRIC_REPRESENTATION_ITEM ( )  RATIONAL_B_SPLINE_CURVE ( ( 1.000000000000000000, 0.05263157894736842507, 1.000000000000000000 ) ) 
 REPRESENTATION_ITEM ( '' )  );
#2027 = DIRECTION ( 'NONE',  ( 0.000000000000000000, 0.000000000000000000, 1.000000000000000000 ) ) ;
#2028 = CARTESIAN_POINT ( 'NONE',  ( 1.193576948582701913, 3.849126245145891634, -22.45000000000000284 ) ) ;
#2029 = CARTESIAN_POINT ( 'NONE',  ( 4.519999999999994245, 6.250000000000000000, 18.85309986098562263 ) ) ;
#2030 = LINE ( 'NONE', #4038, #2235 ) ;
#2031 = VERTEX_POINT ( 'NONE', #5070 ) ;
#2032 = CARTESIAN_POINT ( 'NONE',  ( -23.49999999999999645, 3.000000000000000000, 20.25000000000000000 ) ) ;
#2033 = DIRECTION ( 'NONE',  ( 0.000000000000000000, -1.000000000000000000, 0.000000000000000000 ) ) ;
#2034 = DIRECTION ( 'NONE',  ( 1.000000000000000000, 0.000000000000000000, 0.000000000000000000 ) ) ;
#2035 = DIRECTION ( 'NONE',  ( 1.000000000000000000, -0.000000000000000000, -0.000000000000000000 ) ) ;
#2036 = ORIENTED_EDGE ( 'NONE', *, *, #83, .F. ) ;
#2037 = EDGE_LOOP ( 'NONE', ( #1963, #2947, #861, #4726 ) ) ;
#2038 = ORIENTED_EDGE ( 'NONE', *, *, #929, .F. ) ;
#2039 = EDGE_CURVE ( 'NONE', #22, #1162, #1166, .T. ) ;
#2040 = CARTESIAN_POINT ( 'NONE',  ( -29.64589069183055514, 2.558927993755142147E-13, -19.54699157326976788 ) ) ;
#2041 = CARTESIAN_POINT ( 'NONE',  ( 8.583333333333335702, 0.000000000000000000, -20.00000000000000355 ) ) ;
#2042 = DIRECTION ( 'NONE',  ( 0.000000000000000000, 0.000000000000000000, -1.000000000000000000 ) ) ;
#2043 = ORIENTED_EDGE ( 'NONE', *, *, #2491, .F. ) ;
#2044 = ORIENTED_EDGE ( 'NONE', *, *, #57, .F. ) ;
#2045 = EDGE_CURVE ( 'NONE', #4083, #702, #2787, .T. ) ;
#2046 = DIRECTION ( 'NONE',  ( 1.000000000000000000, -0.000000000000000000, -0.000000000000000000 ) ) ;
#2047 = DIRECTION ( 'NONE',  ( 1.906289534040446254E-16, 1.000000000000000000, 0.000000000000000000 ) ) ;
#2048 = CARTESIAN_POINT ( 'NONE',  ( 17.24999999999999289, 17.00000000000000000, 17.75000000000000000 ) ) ;
#2049 = ORIENTED_EDGE ( 'NONE', *, *, #916, .T. ) ;
#2050 = EDGE_CURVE ( 'NONE', #840, #2031, #420, .T. ) ;
#2051 = CARTESIAN_POINT ( 'NONE',  ( -27.21193976625566080, -0.000000000000000000, 18.89044756918722356 ) ) ;
#2052 = CARTESIAN_POINT ( 'NONE',  ( -21.99999999999999645, 3.925527804984169311, 19.24999999999999289 ) ) ;
#2053 = CARTESIAN_POINT ( 'NONE',  ( 21.99999999999999645, 4.000000000000000000, -17.75000000000000000 ) ) ;
#2054 = CARTESIAN_POINT ( 'NONE',  ( -20.49999999999999645, 17.00000000000000711, -20.99999999999999645 ) ) ;
#2055 = ORIENTED_EDGE ( 'NONE', *, *, #3823, .F. ) ;
#2056 = DIRECTION ( 'NONE',  ( 1.000000000000000000, -0.000000000000000000, 0.000000000000000000 ) ) ;
#2057 = CARTESIAN_POINT ( 'NONE',  ( 28.85348418192122111, 1.625000000000001332, -19.35000000000000853 ) ) ;
#2058 = FACE_BOUND ( 'NONE', #3595, .T. ) ;
#2059 = EDGE_LOOP ( 'NONE', ( #82, #729, #2019, #2122 ) ) ;
#2060 = EDGE_LOOP ( 'NONE', ( #1739, #4220, #4731, #4012, #1762, #1243, #2927, #3237 ) ) ;
#2061 = CARTESIAN_POINT ( 'NONE',  ( -29.24514556825974765, -2.550254376375252053E-13, -20.51447588565097746 ) ) ;
#2062 = CARTESIAN_POINT ( 'NONE',  ( -21.64000000000000057, 0.000000000000000000, -20.00000000000000355 ) ) ;
#2063 = CARTESIAN_POINT ( 'NONE',  ( 2.369999999999994333, 5.920000000000008811, -21.25000000000000000 ) ) ;
#2064 = ORIENTED_EDGE ( 'NONE', *, *, #1118, .T. ) ;
#2065 = AXIS2_PLACEMENT_3D ( 'NONE', #1422, #3096, #3843 ) ;
#2066 = VECTOR ( 'NONE', #323, 1000.000000000000000 ) ;
#2067 = ORIENTED_EDGE ( 'NONE', *, *, #3270, .T. ) ;
#2068 = CARTESIAN_POINT ( 'NONE',  ( -4.519999999999994245, 20.34143585281091049, -18.85309986098562263 ) ) ;
#2069 = DIRECTION ( 'NONE',  ( 0.000000000000000000, 1.000000000000000000, 0.000000000000000000 ) ) ;
#2070 = CYLINDRICAL_SURFACE ( 'NONE', #3719, 4.945548129602392429 ) ;
#2071 = ORIENTED_EDGE ( 'NONE', *, *, #3817, .T. ) ;
#2072 = EDGE_CURVE ( 'NONE', #4780, #2822, #1296, .T. ) ;
#2073 = VECTOR ( 'NONE', #4639, 1000.000000000000000 ) ;
#2074 = CARTESIAN_POINT ( 'NONE',  ( 13.42000000000000703, 6.123233995736829515E-18, -19.35000000000000853 ) ) ;
#2075 = CARTESIAN_POINT ( 'NONE',  ( -13.42000000000000348, 0.000000000000000000, -20.00000000000000355 ) ) ;
#2076 = CARTESIAN_POINT ( 'NONE',  ( -20.49999999999999645, 81.73647591023825498, 20.99999999999999645 ) ) ;
#2077 = LINE ( 'NONE', #1698, #2580 ) ;
#2078 = CARTESIAN_POINT ( 'NONE',  ( 21.99999999999999645, 3.925527804984171976, -19.25000000000000355 ) ) ;
#2079 = VECTOR ( 'NONE', #906, 1000.000000000000000 ) ;
#2080 = ORIENTED_EDGE ( 'NONE', *, *, #1820, .T. ) ;
#2081 = EDGE_CURVE ( 'NONE', #721, #768, #2553, .T. ) ;
#2082 = CARTESIAN_POINT ( 'NONE',  ( 2.369999999999994333, 6.690288182367408076, -22.45000000000000284 ) ) ;
#2083 = CARTESIAN_POINT ( 'NONE',  ( 27.25000000000001066, 0.000000000000000000, -6.166666666666684726 ) ) ;
#2084 = CARTESIAN_POINT ( 'NONE',  ( 27.25000000000001066, 0.000000000000000000, 18.49999999999999645 ) ) ;
#2085 = DIRECTION ( 'NONE',  ( 0.000000000000000000, 0.000000000000000000, 1.000000000000000000 ) ) ;
#2086 = CARTESIAN_POINT ( 'NONE',  ( 23.50000000000000355, 0.000000000000000000, 17.75000000000000000 ) ) ;
#2087 = ORIENTED_EDGE ( 'NONE', *, *, #5030, .F. ) ;
#2088 = VECTOR ( 'NONE', #4011, 1000.000000000000000 ) ;
#2089 = ORIENTED_EDGE ( 'NONE', *, *, #3376, .T. ) ;
#2090 = VECTOR ( 'NONE', #2971, 1000.000000000000000 ) ;
#2091 = CARTESIAN_POINT ( 'NONE',  ( -21.16666666666665719, 18.80000000000000426, 18.41666666666666075 ) ) ;
#2092 = DIRECTION ( 'NONE',  ( -0.000000000000000000, 1.000000000000000000, -0.000000000000000000 ) ) ;
#2093 = CARTESIAN_POINT ( 'NONE',  ( 18.74999999999999289, 4.000000000000000000, -22.50000000000000355 ) ) ;
#2094 = EDGE_LOOP ( 'NONE', ( #2562, #4148, #4753, #1278 ) ) ;
#2095 = VECTOR ( 'NONE', #281, 1000.000000000000000 ) ;
#2096 = VECTOR ( 'NONE', #1846, 1000.000000000000000 ) ;
#2097 = ORIENTED_EDGE ( 'NONE', *, *, #3349, .F. ) ;
#2098 = DIRECTION ( 'NONE',  ( -0.000000000000000000, -1.000000000000000000, -0.000000000000000000 ) ) ;
#2099 = DIRECTION ( 'NONE',  ( 0.000000000000000000, 0.000000000000000000, 1.000000000000000000 ) ) ;
#2100 = B_SPLINE_CURVE_WITH_KNOTS ( 'NONE', 3,
 ( #1159, #879, #3210, #3545, #1231, #1258, #10, #411, #1208, #91, #2437, #1641, #2831, #2778, #3932, #821, #775, #3954 ),
 .UNSPECIFIED., .F., .F.,
 ( 4, 2, 2, 2, 2, 2, 2, 2, 4 ),
 ( 0.000000000000000000, 0.1250000000000000000, 0.2500000000000000000, 0.3750000000000000000, 0.5000000000000000000, 0.6250000000000000000, 0.7500000000000000000, 0.8750000000000000000, 1.000000000000000000 ),
 .UNSPECIFIED. ) ;
#2101 = CARTESIAN_POINT ( 'NONE',  ( -21.16666666666665719, -43.57960786344599313, 21.66666666666666075 ) ) ;
#2102 = AXIS2_PLACEMENT_3D ( 'NONE', #2551, #2582, #1808 ) ;
#2103 = ORIENTED_EDGE ( 'NONE', *, *, #4754, .F. ) ;
#2104 = CARTESIAN_POINT ( 'NONE',  ( 13.42000000000000348, 0.000000000000000000, -20.00000000000000355 ) ) ;
#2105 = EDGE_CURVE ( 'NONE', #4265, #1633, #2362, .T. ) ;
#2106 = CARTESIAN_POINT ( 'NONE',  ( 1.139548024566146900, 6.686245041927688426, 21.25000000000000000 ) ) ;
#2107 = DIRECTION ( 'NONE',  ( -0.000000000000000000, 1.000000000000000000, 6.123233995736766036E-17 ) ) ;
#2108 = CARTESIAN_POINT ( 'NONE',  ( -17.24999999999999645, 6.250000000000000000, -18.85309986098562263 ) ) ;
#2109 = ORIENTED_EDGE ( 'NONE', *, *, #2081, .F. ) ;
#2110 = FACE_OUTER_BOUND ( 'NONE', #4270, .T. ) ;
#2111 = EDGE_CURVE ( 'NONE', #4586, #48, #3513, .T. ) ;
#2112 = CARTESIAN_POINT ( 'NONE',  ( -21.16666666666666075, -43.57960786344599313, 2.550000000000017586 ) ) ;
#2113 = CARTESIAN_POINT ( 'NONE',  ( -29.75000000000001066, 3.000000000000000000, 18.49999999999999645 ) ) ;
#2114 = CARTESIAN_POINT ( 'NONE',  ( -4.519999999999994245, 18.80000000000001492, 18.85309986098562263 ) ) ;
#2115 = EDGE_CURVE ( 'NONE', #2610, #2481, #878, .T. ) ;
#2116 = DIRECTION ( 'NONE',  ( 0.000000000000000000, -1.000000000000000000, 0.000000000000000000 ) ) ;
#2117 = EDGE_CURVE ( 'NONE', #1299, #156, #447, .T. ) ;
#2118 = ORIENTED_EDGE ( 'NONE', *, *, #4844, .T. ) ;
#2119 = LINE ( 'NONE', #4538, #1591 ) ;
#2120 = CARTESIAN_POINT ( 'NONE',  ( 4.519999999999994245, 0.000000000000000000, 18.85309986098562263 ) ) ;
#2121 = ORIENTED_EDGE ( 'NONE', *, *, #4472, .T. ) ;
#2122 = ORIENTED_EDGE ( 'NONE', *, *, #5030, .T. ) ;
#2123 = CARTESIAN_POINT ( 'NONE',  ( 1.456475753049035538, 8.275210389775299546, -21.25000000000000000 ) ) ;
#2124 = DIRECTION ( 'NONE',  ( -0.000000000000000000, 0.000000000000000000, -1.000000000000000000 ) ) ;
#2125 = CARTESIAN_POINT ( 'NONE',  ( 27.50000000000000000, 3.000000000000000000, -17.75000000000000000 ) ) ;
#2126 = DIRECTION ( 'NONE',  ( -1.000000000000000000, 0.000000000000000000, -0.000000000000000000 ) ) ;
#2127 = ORIENTED_EDGE ( 'NONE', *, *, #2431, .F. ) ;
#2128 = CARTESIAN_POINT ( 'NONE',  ( 18.60000000000000142, 1.000000000000000000, 15.75000000000000711 ) ) ;
#2129 = DIRECTION ( 'NONE',  ( 0.000000000000000000, 0.000000000000000000, 1.000000000000000000 ) ) ;
#2130 = CARTESIAN_POINT ( 'NONE',  ( 26.14262183997613320, 4.336808689942017736E-16, -19.96095900943645773 ) ) ;
#2131 = CARTESIAN_POINT ( 'NONE',  ( 17.91666666666666430, 18.80000000000000426, -21.66666666666666430 ) ) ;
#2132 = ORIENTED_EDGE ( 'NONE', *, *, #9, .T. ) ;
#2133 = VECTOR ( 'NONE', #1155, 1000.000000000000000 ) ;
#2134 = CARTESIAN_POINT ( 'NONE',  ( 0.000000000000000000, 4.000000000000000000, 19.25000000000000000 ) ) ;
#2135 = FACE_OUTER_BOUND ( 'NONE', #1629, .T. ) ;
#2136 = CARTESIAN_POINT ( 'NONE',  ( 1.169999999999994822, 5.920000000000007923, 21.25000000000000000 ) ) ;
#2137 = CARTESIAN_POINT ( 'NONE',  ( -26.50542845711914808, 0.000000000000000000, 19.81067958809740404 ) ) ;
#2138 = CARTESIAN_POINT ( 'NONE',  ( 2.369999999999994333, 6.226666666666687888, 21.25000000000000000 ) ) ;
#2139 = ADVANCED_FACE ( 'NONE', ( #3606 ), #2814, .T. ) ;
#2140 = ORIENTED_EDGE ( 'NONE', *, *, #2554, .F. ) ;
#2141 = VECTOR ( 'NONE', #1874, 1000.000000000000000 ) ;
#2142 = LINE ( 'NONE', #1788, #3962 ) ;
#2143 = CYLINDRICAL_SURFACE ( 'NONE', #632, 1.500000000000001332 ) ;
#2144 = ORIENTED_EDGE ( 'NONE', *, *, #1735, .T. ) ;
#2145 = ADVANCED_FACE ( 'NONE', ( #3531 ), #2763, .F. ) ;
#2146 = VERTEX_POINT ( 'NONE', #4759 ) ;
#2147 = EDGE_CURVE ( 'NONE', #55, #265, #4971, .T. ) ;
#2148 = CARTESIAN_POINT ( 'NONE',  ( -1.456475753048978472, 8.275210389775267572, -22.45000000000000284 ) ) ;
#2149 = CARTESIAN_POINT ( 'NONE',  ( 0.1531526232158255951, 4.750000000000015099, 21.25000000000000000 ) ) ;
#2150 = CIRCLE ( 'NONE', #2311, 4.945548129602392429 ) ;
#2151 = CARTESIAN_POINT ( 'NONE',  ( 4.519999999999994245, 1.625000000000001332, 20.66875000000000639 ) ) ;
#2152 = ORIENTED_EDGE ( 'NONE', *, *, #792, .F. ) ;
#2153 = DIRECTION ( 'NONE',  ( -0.000000000000000000, -0.000000000000000000, -1.000000000000000000 ) ) ;
#2154 = VECTOR ( 'NONE', #3908, 1000.000000000000000 ) ;
#2155 = CARTESIAN_POINT ( 'NONE',  ( 2.369999999999994333, 6.380000000000024762, 22.45000000000000284 ) ) ;
#2156 = CARTESIAN_POINT ( 'NONE',  ( 13.42000000000000348, 6.250000000000000000, -18.85309986098562263 ) ) ;
#2157 = DIRECTION ( 'NONE',  ( -1.000000000000000000, 0.000000000000000000, 0.000000000000000000 ) ) ;
#2158 = EDGE_LOOP ( 'NONE', ( #3989, #4155, #314, #2530, #376, #2507 ) ) ;
#2159 = AXIS2_PLACEMENT_3D ( 'NONE', #1556, #1459, #3051 ) ;
#2160 = VECTOR ( 'NONE', #4805, 1000.000000000000000 ) ;
#2161 = LINE ( 'NONE', #992, #1521 ) ;
#2162 = CARTESIAN_POINT ( 'NONE',  ( -2.369999999999989448, 6.690232274542016633, 22.45000000000000284 ) ) ;
#2163 = AXIS2_PLACEMENT_3D ( 'NONE', #4123, #3273, #941 ) ;
#2164 = DIRECTION ( 'NONE',  ( 0.000000000000000000, 1.000000000000000000, 6.195440985631452852E-17 ) ) ;
#2165 = CARTESIAN_POINT ( 'NONE',  ( -29.24514556825941014, 3.000000000000000000, 20.51447588565095970 ) ) ;
#2166 = LINE ( 'NONE', #1402, #2090 ) ;
#2167 = AXIS2_PLACEMENT_3D ( 'NONE', #1566, #507, #4007 ) ;
#2168 = ORIENTED_EDGE ( 'NONE', *, *, #2480, .T. ) ;
#2169 = ADVANCED_FACE ( 'NONE', ( #475 ), #1242, .T. ) ;
#2170 = CARTESIAN_POINT ( 'NONE',  ( 4.519999999999994245, 13.35663557268043533, -20.99999999999999645 ) ) ;
#2171 = CARTESIAN_POINT ( 'NONE',  ( 0.000000000000000000, -0.000000000000000000, -19.25000000000000000 ) ) ;
#2172 = ORIENTED_EDGE ( 'NONE', *, *, #3556, .F. ) ;
#2173 = AXIS2_PLACEMENT_3D ( 'NONE', #3415, #2982, #4981 ) ;
#2174 = ORIENTED_EDGE ( 'NONE', *, *, #2272, .T. ) ;
#2175 = ADVANCED_FACE ( 'NONE', ( #498 ), #3966, .F. ) ;
#2176 = PLANE ( 'NONE',  #4654 ) ;
#2177 = CARTESIAN_POINT ( 'NONE',  ( -8.583333333333351689, 3.000000000000000000, 22.49999999999999645 ) ) ;
#2178 = CARTESIAN_POINT ( 'NONE',  ( 28.85348418192122111, 1.625000000000001332, -19.35000000000000853 ) ) ;
#2179 = VERTEX_POINT ( 'NONE', #4380 ) ;
#2180 = EDGE_CURVE ( 'NONE', #1264, #1665, #4353, .T. ) ;
#2181 = VECTOR ( 'NONE', #4666, 1000.000000000000000 ) ;
#2182 = CARTESIAN_POINT ( 'NONE',  ( 26.14262183997614031, 0.000000000000000000, 19.96095900943644708 ) ) ;
#2183 = EDGE_CURVE ( 'NONE', #1620, #1017, #2842, .T. ) ;
#2184 = ORIENTED_EDGE ( 'NONE', *, *, #14, .T. ) ;
#2185 = CARTESIAN_POINT ( 'NONE',  ( 0.3102322367705152018, 8.750000000000015987, 22.45000000000000284 ) ) ;
#2186 = AXIS2_PLACEMENT_3D ( 'NONE', #794, #2404, #4338 ) ;
#2187 = CARTESIAN_POINT ( 'NONE',  ( -23.49999999999999645, 0.000000000000000000, 19.25000000000000000 ) ) ;
#2188 = CARTESIAN_POINT ( 'NONE',  ( -0.7178126528278037100, 4.983285021810511140, -21.24999999999999645 ) ) ;
#2189 = VERTEX_POINT ( 'NONE', #888 ) ;
#2190 = CARTESIAN_POINT ( 'NONE',  ( 4.519999999999994245, 10.05000000000000959, -18.85309986098562263 ) ) ;
#2191 = CARTESIAN_POINT ( 'NONE',  ( -2.369999999999989893, 5.920000000000007923, -22.45000000000000284 ) ) ;
#2192 = CYLINDRICAL_SURFACE ( 'NONE', #1515, 2.369999999999992113 ) ;
#2193 = DIRECTION ( 'NONE',  ( -0.000000000000000000, -1.000000000000000000, -0.000000000000000000 ) ) ;
#2194 = CARTESIAN_POINT ( 'NONE',  ( 2.369999999999994333, 6.073333333333349238, 22.45000000000000284 ) ) ;
#2195 = ORIENTED_EDGE ( 'NONE', *, *, #141, .T. ) ;
#2196 = LINE ( 'NONE', #206, #1105 ) ;
#2197 = DIRECTION ( 'NONE',  ( -1.000000000000000000, 0.000000000000000000, 0.000000000000000000 ) ) ;
#2198 = ORIENTED_EDGE ( 'NONE', *, *, #4341, .F. ) ;
#2199 = ADVANCED_FACE ( 'NONE', ( #2058, #3634 ), #1680, .T. ) ;
#2200 = ORIENTED_EDGE ( 'NONE', *, *, #3846, .T. ) ;
#2201 = CARTESIAN_POINT ( 'NONE',  ( -0.6203425208278308123, 3.611684770750644979, 22.45000000000000284 ) ) ;
#2202 = DIRECTION ( 'NONE',  ( 0.000000000000000000, 0.000000000000000000, 1.000000000000000000 ) ) ;
#2203 = DIRECTION ( 'NONE',  ( 0.000000000000000000, 0.000000000000000000, 1.000000000000000000 ) ) ;
#2204 = CARTESIAN_POINT ( 'NONE',  ( -21.16666666666666430, 17.00000000000000711, -21.66666666666665719 ) ) ;
#2205 = EDGE_CURVE ( 'NONE', #3363, #55, #2471, .T. ) ;
#2206 = ORIENTED_EDGE ( 'NONE', *, *, #1677, .F. ) ;
#2207 = CARTESIAN_POINT ( 'NONE',  ( -2.369999999999989448, 6.690288182367400971, 22.45000000000000284 ) ) ;
#2208 = LINE ( 'NONE', #3422, #4485 ) ;
#2209 = DIRECTION ( 'NONE',  ( 0.000000000000000000, 0.000000000000000000, -1.000000000000000000 ) ) ;
#2210 = ORIENTED_EDGE ( 'NONE', *, *, #4537, .T. ) ;
#2211 = ADVANCED_FACE ( 'NONE', ( #3354 ), #913, .F. ) ;
#2212 = CARTESIAN_POINT ( 'NONE',  ( -2.369999999999989448, 6.380000000000024762, -22.50000000000000355 ) ) ;
#2213 = CARTESIAN_POINT ( 'NONE',  ( 1.169999999976063076, 5.766819758071787483, -21.25000000000000000 ) ) ;
#2214 = CARTESIAN_POINT ( 'NONE',  ( -26.50000000000000355, 0.000000000000000000, 17.75000000000000000 ) ) ;
#2215 = CARTESIAN_POINT ( 'NONE',  ( -20.49999999999999645, 14.20000000000000639, -2.550000000000002043 ) ) ;
#2216 = ORIENTED_EDGE ( 'NONE', *, *, #4279, .T. ) ;
#2217 = DIRECTION ( 'NONE',  ( 0.000000000000000000, -1.000000000000000000, -6.123233995736766036E-17 ) ) ;
#2218 = CARTESIAN_POINT ( 'NONE',  ( 2.369999999999994333, 6.226666666666686112, 22.45000000000000284 ) ) ;
#2219 = CARTESIAN_POINT ( 'NONE',  ( 21.99999999999999645, 1.000000000000000000, -19.25000000000000355 ) ) ;
#2220 = VERTEX_POINT ( 'NONE', #1731 ) ;
#2221 = ORIENTED_EDGE ( 'NONE', *, *, #177, .F. ) ;
#2222 = VERTEX_POINT ( 'NONE', #3298 ) ;
#2223 = CARTESIAN_POINT ( 'NONE',  ( -23.50000000000000355, 4.000000000000000000, -17.75000000000000000 ) ) ;
#2224 = CARTESIAN_POINT ( 'NONE',  ( 28.20818687989967444, 3.000000000000000444, 21.69866736959271591 ) ) ;
#2225 = CARTESIAN_POINT ( 'NONE',  ( -25.75000000000001066, 1.000000000000000000, 22.49999999999999645 ) ) ;
#2226 = ORIENTED_EDGE ( 'NONE', *, *, #3523, .F. ) ;
#2227 = CARTESIAN_POINT ( 'NONE',  ( 27.06067958809741114, 0.000000000000000000, 19.25542845711914808 ) ) ;
#2228 = ORIENTED_EDGE ( 'NONE', *, *, #1065, .F. ) ;
#2229 = CIRCLE ( 'NONE', #4211, 1.000000000000000888 ) ;
#2230 = DIRECTION ( 'NONE',  ( 0.000000000000000000, 0.000000000000000000, -1.000000000000000000 ) ) ;
#2231 = CARTESIAN_POINT ( 'NONE',  ( -26.50760272790566319, 0.000000000000000000, -19.80969883127822229 ) ) ;
#2232 = ADVANCED_FACE ( 'NONE', ( #2891 ), #1343, .T. ) ;
#2233 = CARTESIAN_POINT ( 'NONE',  ( -29.75000000000001066, 3.000000000000000000, -18.50000000000000355 ) ) ;
#2234 = ORIENTED_EDGE ( 'NONE', *, *, #1903, .T. ) ;
#2235 = VECTOR ( 'NONE', #3679, 1000.000000000000000 ) ;
#2236 = DIRECTION ( 'NONE',  ( 1.000000000000000000, 0.000000000000000000, 0.000000000000000000 ) ) ;
#2237 = DIRECTION ( 'NONE',  ( 9.011550524554843201E-17, 0.000000000000000000, 1.000000000000000000 ) ) ;
#2238 = VECTOR ( 'NONE', #2348, 1000.000000000000000 ) ;
#2239 = EDGE_CURVE ( 'NONE', #2736, #1057, #4840, .T. ) ;
#2240 = CARTESIAN_POINT ( 'NONE',  ( -18.60000000000000853, 6.250000000000000000, -15.74999999999999289 ) ) ;
#2241 = VECTOR ( 'NONE', #4301, 1000.000000000000000 ) ;
#2242 = ADVANCED_FACE ( 'NONE', ( #3328 ), #4895, .F. ) ;
#2243 = CIRCLE ( 'NONE', #1108, 1.850000000000004086 ) ;
#2244 = ORIENTED_EDGE ( 'NONE', *, *, #1702, .F. ) ;
#2245 = EDGE_CURVE ( 'NONE', #2179, #1943, #452, .T. ) ;
#2246 = CARTESIAN_POINT ( 'NONE',  ( 13.42000000000000348, 2.857629303562101430, -20.19999999999999929 ) ) ;
#2247 = VERTEX_POINT ( 'NONE', #4101 ) ;
#2248 = CARTESIAN_POINT ( 'NONE',  ( 17.91666666666666075, 18.80000000000000426, 21.66666666666666075 ) ) ;
#2249 = FACE_BOUND ( 'NONE', #4736, .T. ) ;
#2250 = EDGE_LOOP ( 'NONE', ( #1640, #1481, #3228, #2264, #405, #1495, #2226, #3505, #1217, #402, #2260, #107, #3034, #400 ) ) ;
#2251 = CIRCLE ( 'NONE', #4792, 3.249999999999999556 ) ;
#2252 = EDGE_LOOP ( 'NONE', ( #3815, #3926, #3827, #3023 ) ) ;
#2253 = ORIENTED_EDGE ( 'NONE', *, *, #1778, .T. ) ;
#2254 = CARTESIAN_POINT ( 'NONE',  ( 0.3102322367705168116, 3.550000000000015365, 21.25000000000000000 ) ) ;
#2255 = CARTESIAN_POINT ( 'NONE',  ( -2.369999999999989448, 6.380000000000024762, -22.45000000000000284 ) ) ;
#2256 = CARTESIAN_POINT ( 'NONE',  ( 21.99999999999999645, 3.000000000000000000, -17.75000000000000000 ) ) ;
#2257 = ORIENTED_EDGE ( 'NONE', *, *, #4750, .F. ) ;
#2258 = DIRECTION ( 'NONE',  ( -1.000000000000000000, -0.000000000000000000, -0.000000000000000000 ) ) ;
#2259 = AXIS2_PLACEMENT_3D ( 'NONE', #487, #3618, #111 ) ;
#2260 = ORIENTED_EDGE ( 'NONE', *, *, #2295, .F. ) ;
#2261 = CARTESIAN_POINT ( 'NONE',  ( -26.79699157326963288, 3.000000000000000000, -22.39589069183095660 ) ) ;
#2262 = CARTESIAN_POINT ( 'NONE',  ( -1.140106852107705571, 6.684707068898418036, -21.24999999999999645 ) ) ;
#2263 = CARTESIAN_POINT ( 'NONE',  ( -1.021565088421267475, 5.329108094148298669, -21.24999999999999645 ) ) ;
#2264 = ORIENTED_EDGE ( 'NONE', *, *, #3317, .T. ) ;
#2265 = ADVANCED_FACE ( 'NONE', ( #3664 ), #154, .T. ) ;
#2266 = CARTESIAN_POINT ( 'NONE',  ( 21.16666666666666430, 17.00000000000000711, 18.41666666666666075 ) ) ;
#2267 = AXIS2_PLACEMENT_3D ( 'NONE', #2434, #433, #2047 ) ;
#2268 = CARTESIAN_POINT ( 'NONE',  ( -13.41999999999999815, 0.7639320224996150044, 21.66666666666666785 ) ) ;
#2269 = FACE_OUTER_BOUND ( 'NONE', #4613, .T. ) ;
#2270 =( NAMED_UNIT ( * ) PLANE_ANGLE_UNIT ( ) SI_UNIT ( $, .RADIAN. ) );
#2271 = ADVANCED_FACE ( 'NONE', ( #4868 ), #1381, .T. ) ;
#2272 = EDGE_CURVE ( 'NONE', #1000, #4241, #4484, .T. ) ;
#2273 = DIRECTION ( 'NONE',  ( 0.000000000000000000, 0.000000000000000000, -1.000000000000000000 ) ) ;
#2274 = CARTESIAN_POINT ( 'NONE',  ( -25.75000000000001066, 0.000000000000000000, 19.99999999999999645 ) ) ;
#2275 = ORIENTED_EDGE ( 'NONE', *, *, #4680, .F. ) ;
#2276 = EDGE_CURVE ( 'NONE', #4686, #156, #2552, .T. ) ;
#2277 = EDGE_CURVE ( 'NONE', #5001, #3333, #3763, .T. ) ;
#2278 = ORIENTED_EDGE ( 'NONE', *, *, #3614, .F. ) ;
#2279 = ORIENTED_EDGE ( 'NONE', *, *, #242, .T. ) ;
#2280 = CARTESIAN_POINT ( 'NONE',  ( -1.456475753049010224, 4.024789610224863701, 21.25000000000000000 ) ) ;
#2281 = CARTESIAN_POINT ( 'NONE',  ( -25.00000000000000000, 3.000000000000000000, 19.25000000000000000 ) ) ;
#2282 = CARTESIAN_POINT ( 'NONE',  ( 29.64589070667328130, 3.000000000000000444, -19.54699153743712614 ) ) ;
#2283 = ORIENTED_EDGE ( 'NONE', *, *, #2329, .F. ) ;
#2284 = CARTESIAN_POINT ( 'NONE',  ( -19.81348418192123262, 1.625000000000001332, 19.35000000000000853 ) ) ;
#2285 = EDGE_LOOP ( 'NONE', ( #1194, #1488, #4450, #558 ) ) ;
#2286 = LINE ( 'NONE', #4957, #364 ) ;
#2287 = CARTESIAN_POINT ( 'NONE',  ( -2.369999999999989448, 6.380000000000024762, -22.50000000000000355 ) ) ;
#2288 = DIRECTION ( 'NONE',  ( 0.000000000000000000, 0.000000000000000000, -1.000000000000000000 ) ) ;
#2289 = CARTESIAN_POINT ( 'NONE',  ( -29.75000000000001421, 0.000000000000000000, 6.166666666666656305 ) ) ;
#2290 = CARTESIAN_POINT ( 'NONE',  ( 0.1531526232158230694, 4.750000000000015099, -21.25000000000000000 ) ) ;
#2291 = DIRECTION ( 'NONE',  ( -1.000000000000000000, 0.000000000000000000, 0.000000000000000000 ) ) ;
#2292 = AXIS2_PLACEMENT_3D ( 'NONE', #105, #3256, #1221 ) ;
#2293 = DIRECTION ( 'NONE',  ( -1.000000000000000000, 0.000000000000000000, 0.000000000000000000 ) ) ;
#2294 = DIRECTION ( 'NONE',  ( 0.000000000000000000, 1.808716420449755425E-15, 1.000000000000000000 ) ) ;
#2295 = EDGE_CURVE ( 'NONE', #4182, #4078, #2166, .T. ) ;
#2296 = DIRECTION ( 'NONE',  ( -1.000000000000000000, 0.000000000000000000, -0.000000000000000000 ) ) ;
#2297 = ORIENTED_EDGE ( 'NONE', *, *, #1581, .F. ) ;
#2298 = EDGE_LOOP ( 'NONE', ( #1921, #4897, #4794, #742 ) ) ;
#2299 = ORIENTED_EDGE ( 'NONE', *, *, #4105, .T. ) ;
#2300 = CARTESIAN_POINT ( 'NONE',  ( -1.193576948582689701, 3.849126245145888525, 22.45000000000000284 ) ) ;
#2301 = DIRECTION ( 'NONE',  ( 0.000000000000000000, 0.000000000000000000, -1.000000000000000000 ) ) ;
#2302 = FACE_OUTER_BOUND ( 'NONE', #510, .T. ) ;
#2303 = ORIENTED_EDGE ( 'NONE', *, *, #5008, .T. ) ;
#2304 = ADVANCED_FACE ( 'NONE', ( #1809 ), #1024, .T. ) ;
#2305 = CARTESIAN_POINT ( 'NONE',  ( -2.369999999999989893, 5.920000000000007923, -22.45000000000000284 ) ) ;
#2306 = LINE ( 'NONE', #1068, #4896 ) ;
#2307 = CARTESIAN_POINT ( 'NONE',  ( 13.42000000000000526, 6.250000000000000000, -17.74999999999999645 ) ) ;
#2308 = CARTESIAN_POINT ( 'NONE',  ( 20.49999999999999645, 17.00000000000000711, -20.99999999999999645 ) ) ;
#2309 = DIRECTION ( 'NONE',  ( -0.000000000000000000, 1.000000000000000000, -0.000000000000000000 ) ) ;
#2310 = DIRECTION ( 'NONE',  ( 0.000000000000000000, 1.808716420449755425E-15, -1.000000000000000000 ) ) ;
#2311 = AXIS2_PLACEMENT_3D ( 'NONE', #2336, #1603, #3917 ) ;
#2312 = DIRECTION ( 'NONE',  ( 0.000000000000000000, 0.000000000000000000, -1.000000000000000000 ) ) ;
#2313 = CYLINDRICAL_SURFACE ( 'NONE', #2403, 3.249999999999999556 ) ;
#2314 = DIRECTION ( 'NONE',  ( 0.000000000000000000, -1.000000000000000000, -6.195440985631452852E-17 ) ) ;
#2315 = ORIENTED_EDGE ( 'NONE', *, *, #2497, .F. ) ;
#2316 = AXIS2_PLACEMENT_3D ( 'NONE', #2812, #2361, #3631 ) ;
#2317 = ORIENTED_EDGE ( 'NONE', *, *, #2045, .T. ) ;
#2318 = EDGE_LOOP ( 'NONE', ( #3307, #1051, #3620, #4193 ) ) ;
#2319 = EDGE_CURVE ( 'NONE', #1464, #4612, #3093, .T. ) ;
#2320 = VECTOR ( 'NONE', #2107, 1000.000000000000000 ) ;
#2321 = DIRECTION ( 'NONE',  ( -1.000000000000000000, -0.000000000000000000, -0.000000000000000000 ) ) ;
#2322 = DIRECTION ( 'NONE',  ( 0.000000000000000000, 1.000000000000000000, -0.000000000000000000 ) ) ;
#2323 = VERTEX_POINT ( 'NONE', #2609 ) ;
#2324 = EDGE_CURVE ( 'NONE', #5022, #1013, #3339, .T. ) ;
#2325 = DIRECTION ( 'NONE',  ( -1.000000000000000000, 0.000000000000000000, 0.000000000000000000 ) ) ;
#2326 = CARTESIAN_POINT ( 'NONE',  ( 4.519999999999994245, 10.05000000000000959, -18.85309986098562263 ) ) ;
#2327 = EDGE_CURVE ( 'NONE', #1311, #19, #4574, .T. ) ;
#2328 = CARTESIAN_POINT ( 'NONE',  ( 0.5907167863672384556, 7.401637721126608227, 21.25000000000000355 ) ) ;
#2329 = EDGE_CURVE ( 'NONE', #3394, #1039, #1932, .T. ) ;
#2330 = VECTOR ( 'NONE', #869, 1000.000000000000000 ) ;
#2331 = PLANE ( 'NONE',  #3231 ) ;
#2332 = CARTESIAN_POINT ( 'NONE',  ( -1.139548024566140683, 5.613754958072342482, -21.25000000000000000 ) ) ;
#2333 = CARTESIAN_POINT ( 'NONE',  ( -2.369999999999989893, 5.920000000000007923, -21.25000000000000000 ) ) ;
#2334 = ORIENTED_EDGE ( 'NONE', *, *, #3788, .T. ) ;
#2335 = VECTOR ( 'NONE', #2710, 1000.000000000000000 ) ;
#2336 = CARTESIAN_POINT ( 'NONE',  ( -13.42000000000000348, 2.857629303562104539, 15.25445187039760775 ) ) ;
#2337 = LINE ( 'NONE', #4997, #4785 ) ;
#2338 = VECTOR ( 'NONE', #497, 1000.000000000000000 ) ;
#2339 = DIRECTION ( 'NONE',  ( 8.260587980841941245E-17, 9.427844978134805410E-17, 1.000000000000000000 ) ) ;
#2340 = ORIENTED_EDGE ( 'NONE', *, *, #2866, .T. ) ;
#2341 = EDGE_LOOP ( 'NONE', ( #483, #1244, #1948, #1397 ) ) ;
#2342 = ORIENTED_EDGE ( 'NONE', *, *, #4264, .T. ) ;
#2343 = CARTESIAN_POINT ( 'NONE',  ( -17.24999999999999645, 1.000000000000001110, -20.99999999999999645 ) ) ;
#2344 = DIRECTION ( 'NONE',  ( 0.000000000000000000, 1.000000000000000000, 0.000000000000000000 ) ) ;
#2345 = ORIENTED_EDGE ( 'NONE', *, *, #4069, .F. ) ;
#2346 = ORIENTED_EDGE ( 'NONE', *, *, #3556, .T. ) ;
#2347 = EDGE_CURVE ( 'NONE', #1953, #5050, #3802, .T. ) ;
#2348 = DIRECTION ( 'NONE',  ( -0.000000000000000000, -1.000000000000000000, -0.000000000000000000 ) ) ;
#2349 = FACE_OUTER_BOUND ( 'NONE', #4705, .T. ) ;
#2350 = DIRECTION ( 'NONE',  ( 1.000000000000000000, 0.000000000000000000, -8.195543980992792121E-17 ) ) ;
#2351 = ORIENTED_EDGE ( 'NONE', *, *, #1554, .T. ) ;
#2352 = EDGE_CURVE ( 'NONE', #2220, #2852, #220, .T. ) ;
#2353 = CARTESIAN_POINT ( 'NONE',  ( 23.49999999999999645, 4.000000000000000000, -20.25000000000000000 ) ) ;
#2354 = CARTESIAN_POINT ( 'NONE',  ( 0.3102322367705116490, 3.550000000000015365, -22.45000000000000284 ) ) ;
#2355 = CARTESIAN_POINT ( 'NONE',  ( -18.75000000000000355, 18.80000000000000426, -19.25000000000000355 ) ) ;
#2356 = EDGE_CURVE ( 'NONE', #224, #1056, #1867, .T. ) ;
#2357 = ORIENTED_EDGE ( 'NONE', *, *, #4572, .F. ) ;
#2358 = EDGE_CURVE ( 'NONE', #3999, #1964, #187, .T. ) ;
#2359 = CARTESIAN_POINT ( 'NONE',  ( -21.98900891714564310, 3.999999999999999112, 19.56266017745941355 ) ) ;
#2360 = CIRCLE ( 'NONE', #2292, 4.000000000000000000 ) ;
#2361 = DIRECTION ( 'NONE',  ( -0.000000000000000000, 1.000000000000000000, 6.195440985631452852E-17 ) ) ;
#2362 = LINE ( 'NONE', #3147, #142 ) ;
#2363 = ORIENTED_EDGE ( 'NONE', *, *, #76, .F. ) ;
#2364 = EDGE_LOOP ( 'NONE', ( #678, #401, #3903, #3140 ) ) ;
#2365 = ORIENTED_EDGE ( 'NONE', *, *, #3871, .T. ) ;
#2366 = CARTESIAN_POINT ( 'NONE',  ( -4.519999999999994245, 18.80000000000001492, -21.66666666666666785 ) ) ;
#2367 = LINE ( 'NONE', #3201, #1241 ) ;
#2368 = LINE ( 'NONE', #2821, #2330 ) ;
#2369 = VERTEX_POINT ( 'NONE', #4519 ) ;
#2370 = ORIENTED_EDGE ( 'NONE', *, *, #4527, .T. ) ;
#2371 = CARTESIAN_POINT ( 'NONE',  ( 2.369999999999994333, 5.609767725458015164, 22.45000000000000284 ) ) ;
#2372 = CARTESIAN_POINT ( 'NONE',  ( 0.3047071151237497055, 7.520106805925478533, -21.25000000000000355 ) ) ;
#2373 = CARTESIAN_POINT ( 'NONE',  ( 0.1547873186810526103, 7.549927707552927636, 21.25000000000000711 ) ) ;
#2374 = ORIENTED_EDGE ( 'NONE', *, *, #4818, .T. ) ;
#2375 =( BOUNDED_SURFACE ( )  B_SPLINE_SURFACE ( 2, 3, ( 
 ( #4831, #1369, #2106, #1313, #4424, #933, #4806, #2492, #2912, #1014, #904, #4064, #596, #4117, #4014, #167, #545, #1722 ),
 ( #4886, #3290, #1340, #4857, #4474, #1749, #960, #2858, #2518, #570, #2936, #491, #3701, #191, #3318, #4497, #986, #2542 ),
 ( #2155, #3731, #221, #1775, #3344, #4908, #4551, #1905, #2185, #3366, #1853, #3152, #3756, #3040, #4715, #4931, #2207, #2625 ) ),
 .UNSPECIFIED., .F., .F., .T. ) 
 B_SPLINE_SURFACE_WITH_KNOTS ( ( 3, 3 ),
 ( 4, 2, 2, 2, 2, 2, 2, 2, 4 ),
 ( 0.000000000000000000, 1.000000000000000000 ),
 ( 0.000000000000000000, 0.3926990816987241395, 0.7853981633974482790, 1.178097245096172418, 1.570796326794896558, 1.963495408493620697, 2.356194490192344837, 2.748893571891068976, 3.141592653589793116 ),
 .UNSPECIFIED. ) 
 GEOMETRIC_REPRESENTATION_ITEM ( )  RATIONAL_B_SPLINE_SURFACE ( (
 ( 1.000000000000000000, 1.000000000000000000, 1.000000000000000000, 1.000000000000000000, 1.000000000000000000, 1.000000000000000000, 1.000000000000000000, 1.000000000000000000, 1.000000000000000000, 1.000000000000000000, 1.000000000000000000, 1.000000000000000000, 1.000000000000000000, 1.000000000000000000, 1.000000000000000000, 1.000000000000000000, 1.000000000000000000, 1.000000000000000000),
 ( 0.05263157894736842507, 0.05263157894736842507, 0.05263157894736842507, 0.05263157894736842507, 0.05263157894736842507, 0.05263157894736842507, 0.05263157894736842507, 0.05263157894736842507, 0.05263157894736842507, 0.05263157894736842507, 0.05263157894736842507, 0.05263157894736842507, 0.05263157894736842507, 0.05263157894736842507, 0.05263157894736842507, 0.05263157894736842507, 0.05263157894736842507, 0.05263157894736842507),
 ( 1.000000000000000000, 1.000000000000000000, 1.000000000000000000, 1.000000000000000000, 1.000000000000000000, 1.000000000000000000, 1.000000000000000000, 1.000000000000000000, 1.000000000000000000, 1.000000000000000000, 1.000000000000000000, 1.000000000000000000, 1.000000000000000000, 1.000000000000000000, 1.000000000000000000, 1.000000000000000000, 1.000000000000000000, 1.000000000000000000) ) ) 
 REPRESENTATION_ITEM ( '' )  SURFACE ( )  );
#2376 = LINE ( 'NONE', #4749, #610 ) ;
#2377 = ADVANCED_FACE ( 'NONE', ( #1009 ), #1363, .T. ) ;
#2378 = VECTOR ( 'NONE', #1153, 1000.000000000000000 ) ;
#2379 = CARTESIAN_POINT ( 'NONE',  ( -1.456475753049007116, 4.024789610224861036, -21.25000000000000000 ) ) ;
#2380 = DIRECTION ( 'NONE',  ( 0.000000000000000000, -1.000000000000000000, 0.000000000000000000 ) ) ;
#2381 = VERTEX_POINT ( 'NONE', #2567 ) ;
#2382 = PRODUCT_DEFINITION_SHAPE ( 'NONE', 'NONE',  #17 ) ;
#2383 = CARTESIAN_POINT ( 'NONE',  ( -13.42000000000000348, 6.250000000000000000, 20.99999999999999645 ) ) ;
#2384 = AXIS2_PLACEMENT_3D ( 'NONE', #3324, #3707, #3659 ) ;
#2385 = DIRECTION ( 'NONE',  ( -0.000000000000000000, -0.000000000000000000, -1.000000000000000000 ) ) ;
#2386 = AXIS2_PLACEMENT_3D ( 'NONE', #4358, #4741, #456 ) ;
#2387 = LINE ( 'NONE', #1295, #312 ) ;
#2388 = EDGE_CURVE ( 'NONE', #2852, #1078, #3312, .T. ) ;
#2389 = CARTESIAN_POINT ( 'NONE',  ( 1.506666666666667043, 0.000000000000000000, 19.99999999999999645 ) ) ;
#2390 = ORIENTED_EDGE ( 'NONE', *, *, #2111, .T. ) ;
#2391 = ADVANCED_FACE ( 'NONE', ( #1848 ), #4952, .F. ) ;
#2392 = ORIENTED_EDGE ( 'NONE', *, *, #1298, .F. ) ;
#2393 = ORIENTED_EDGE ( 'NONE', *, *, #4561, .F. ) ;
#2394 = AXIS2_PLACEMENT_3D ( 'NONE', #2048, #2854, #3287 ) ;
#2395 = CARTESIAN_POINT ( 'NONE',  ( -25.75000000000001066, 0.000000000000000000, -20.00000000000000355 ) ) ;
#2396 = DIRECTION ( 'NONE',  ( -1.000000000000000000, 0.000000000000000000, 1.541976423090495633E-16 ) ) ;
#2397 = DIRECTION ( 'NONE',  ( 1.000000000000000000, 0.000000000000000000, 0.000000000000000000 ) ) ;
#2398 = EDGE_LOOP ( 'NONE', ( #4186, #4409, #4319, #1608 ) ) ;
#2399 = VECTOR ( 'NONE', #2895, 1000.000000000000000 ) ;
#2400 = AXIS2_PLACEMENT_3D ( 'NONE', #2623, #3364, #4928 ) ;
#2401 = EDGE_LOOP ( 'NONE', ( #1842, #2845, #3565, #4581 ) ) ;
#2402 = CARTESIAN_POINT ( 'NONE',  ( -1.895210416483678051, 4.463524273659464470, 22.45000000000000284 ) ) ;
#2403 = AXIS2_PLACEMENT_3D ( 'NONE', #3895, #5069, #1939 ) ;
#2404 = DIRECTION ( 'NONE',  ( 0.000000000000000000, 1.000000000000000000, 0.000000000000000000 ) ) ;
#2405 = FACE_OUTER_BOUND ( 'NONE', #2472, .T. ) ;
#2406 = AXIS2_PLACEMENT_3D ( 'NONE', #2134, #4095, #4451 ) ;
#2407 = ORIENTED_EDGE ( 'NONE', *, *, #2959, .F. ) ;
#2408 = CARTESIAN_POINT ( 'NONE',  ( -4.519999999999994245, 18.80000000000001492, -18.85309986098562263 ) ) ;
#2409 = CARTESIAN_POINT ( 'NONE',  ( 0.6203425208278288139, 3.611684770750641871, -22.45000000000000284 ) ) ;
#2410 = CARTESIAN_POINT ( 'NONE',  ( -2.369999999999989893, 5.920000000000007923, 21.25000000000000000 ) ) ;
#2411 = CARTESIAN_POINT ( 'NONE',  ( 20.49999999999999645, 17.00000000000000711, 20.99999999999999645 ) ) ;
#2412 =( BOUNDED_SURFACE ( )  B_SPLINE_SURFACE ( 2, 3, ( 
 ( #199, #4559, #2528, #2165, #2995, #1401, #1759, #175, #603, #3738 ),
 ( #1785, #1424, #4074, #229, #3297, #4099, #556, #2919, #4506, #1048 ),
 ( #1453, #4866, #1350, #2970, #2608, #4917, #2137, #1729, #4483, #4532 ) ),
 .UNSPECIFIED., .F., .F., .T. ) 
 B_SPLINE_SURFACE_WITH_KNOTS ( ( 3, 3 ),
 ( 4, 2, 2, 2, 4 ),
 ( 0.000000000000000000, 1.000000000000000000 ),
 ( -1.570796326794896558, -1.178097245096172418, -0.7853981633974482790, -0.3926990816987241395, 0.000000000000000000 ),
 .UNSPECIFIED. ) 
 GEOMETRIC_REPRESENTATION_ITEM ( )  RATIONAL_B_SPLINE_SURFACE ( (
 ( 1.000000000000000000, 1.000000000000000000, 1.000000000000000000, 1.000000000000000000, 1.000000000000000000, 1.000000000000000000, 1.000000000000000000, 1.000000000000000000, 1.000000000000000000, 1.000000000000000000),
 ( 0.7071067811865476838, 0.7071067811865476838, 0.7071067811865472397, 0.7071067811865472397, 0.7071067811865476838, 0.7071067811865476838, 0.7071067811865476838, 0.7071067811865476838, 0.7071067811865476838, 0.7071067811865476838),
 ( 1.000000000000000000, 1.000000000000000000, 1.000000000000000000, 1.000000000000000000, 1.000000000000000000, 1.000000000000000000, 1.000000000000000000, 1.000000000000000000, 1.000000000000000000, 1.000000000000000000) ) ) 
 REPRESENTATION_ITEM ( '' )  SURFACE ( )  );
#2413 = ORIENTED_EDGE ( 'NONE', *, *, #4442, .T. ) ;
#2414 = EDGE_CURVE ( 'NONE', #3186, #2855, #3362, .T. ) ;
#2415 = CARTESIAN_POINT ( 'NONE',  ( 23.49999999999999645, 3.000000000000000000, -19.25000000000000000 ) ) ;
#2416 = CARTESIAN_POINT ( 'NONE',  ( -2.369999999999989448, 6.226666666666679006, 21.25000000000000000 ) ) ;
#2417 = CARTESIAN_POINT ( 'NONE',  ( 13.42000000000000348, 0.7639320224983002783, 21.66666666666667140 ) ) ;
#2418 = AXIS2_PLACEMENT_3D ( 'NONE', #1485, #375, #2296 ) ;
#2419 = CARTESIAN_POINT ( 'NONE',  ( 22.00000000000000355, 3.000000000000000000, 17.75000000000000000 ) ) ;
#2420 = ORIENTED_EDGE ( 'NONE', *, *, #2972, .F. ) ;
#2421 = ADVANCED_FACE ( 'NONE', ( #646 ), #1771, .F. ) ;
#2422 = VERTEX_POINT ( 'NONE', #3751 ) ;
#2423 = ORIENTED_EDGE ( 'NONE', *, *, #2689, .F. ) ;
#2424 = ADVANCED_FACE ( 'NONE', ( #4192 ), #4470, .T. ) ;
#2425 = AXIS2_PLACEMENT_3D ( 'NONE', #3360, #3773, #4544 ) ;
#2426 = LINE ( 'NONE', #836, #3230 ) ;
#2427 = FACE_OUTER_BOUND ( 'NONE', #3027, .T. ) ;
#2429 = EDGE_CURVE ( 'NONE', #2458, #22, #4366, .T. ) ;
#2428 = LINE ( 'NONE', #534, #3410 ) ;
#2430 = ORIENTED_EDGE ( 'NONE', *, *, #866, .T. ) ;
#2431 = EDGE_CURVE ( 'NONE', #4995, #3198, #1526, .T. ) ;
#2432 = ORIENTED_EDGE ( 'NONE', *, *, #1460, .T. ) ;
#2433 = CARTESIAN_POINT ( 'NONE',  ( -1.169999999999989271, 6.380000000000024762, -21.25000000000000000 ) ) ;
#2434 = CARTESIAN_POINT ( 'NONE',  ( 4.750000000000004441, 18.80000000000001137, -9.545306638761546836 ) ) ;
#2435 = LINE ( 'NONE', #925, #4964 ) ;
#2436 = ORIENTED_EDGE ( 'NONE', *, *, #2940, .F. ) ;
#2437 = CARTESIAN_POINT ( 'NONE',  ( 0.3047071151234067576, 4.779893194074293028, 21.25000000000000355 ) ) ;
#2438 = CARTESIAN_POINT ( 'NONE',  ( 1.895210389775211057, 4.463524246950925978, -21.25000000000000000 ) ) ;
#2439 = CARTESIAN_POINT ( 'NONE',  ( -25.75000000000001776, 0.000000000000000000, 22.49999999999999289 ) ) ;
#2440 = DIRECTION ( 'NONE',  ( 1.000000000000000000, 0.000000000000000000, -0.000000000000000000 ) ) ;
#2441 = VERTEX_POINT ( 'NONE', #955 ) ;
#2442 = DIRECTION ( 'NONE',  ( 1.000000000000000000, 0.000000000000000000, 0.000000000000000000 ) ) ;
#2443 = CARTESIAN_POINT ( 'NONE',  ( -1.169999999999989493, 6.380000000000023874, -21.25000000000000000 ) ) ;
#2444 = LINE ( 'NONE', #3994, #3912 ) ;
#2445 = DIRECTION ( 'NONE',  ( 0.000000000000000000, 0.000000000000000000, -1.000000000000000000 ) ) ;
#2446 = ORIENTED_EDGE ( 'NONE', *, *, #1489, .F. ) ;
#2447 = ORIENTED_EDGE ( 'NONE', *, *, #1454, .F. ) ;
#2448 = B_SPLINE_CURVE_WITH_KNOTS ( 'NONE', 3,
 ( #1047, #2607, #3684, #2994, #198, #3737, #526, #2526, #2944, #4482 ),
 .UNSPECIFIED., .F., .F.,
 ( 4, 2, 2, 2, 4 ),
 ( 0.000000000000000000, 0.2500000000000000000, 0.5000000000000000000, 0.7500000000000000000, 1.000000000000000000 ),
 .UNSPECIFIED. ) ;
#2449 = EDGE_CURVE ( 'NONE', #1645, #336, #1817, .T. ) ;
#2450 = CARTESIAN_POINT ( 'NONE',  ( -27.25000000000001066, 0.000000000000000000, -18.50000000000000000 ) ) ;
#2451 = FACE_OUTER_BOUND ( 'NONE', #1947, .T. ) ;
#2452 = DIRECTION ( 'NONE',  ( 1.601283208593976254E-16, 0.000000000000000000, 1.000000000000000000 ) ) ;
#2453 = ORIENTED_EDGE ( 'NONE', *, *, #2111, .F. ) ;
#2454 = ORIENTED_EDGE ( 'NONE', *, *, #2871, .T. ) ;
#2455 = FACE_OUTER_BOUND ( 'NONE', #2285, .T. ) ;
#2456 = CARTESIAN_POINT ( 'NONE',  ( -1.022330081510250066, 5.330765810193302201, 21.25000000000000000 ) ) ;
#2457 = LINE ( 'NONE', #3982, #844 ) ;
#2458 = VERTEX_POINT ( 'NONE', #2256 ) ;
#2459 = EDGE_CURVE ( 'NONE', #49, #102, #2588, .T. ) ;
#2460 = B_SPLINE_CURVE_WITH_KNOTS ( 'NONE', 3,
 ( #1727, #2888, #3245, #2191 ),
 .UNSPECIFIED., .F., .F.,
 ( 4, 4 ),
 ( 0.000000000000000000, 1.000000000000000000 ),
 .UNSPECIFIED. ) ;
#2461 = CARTESIAN_POINT ( 'NONE',  ( 13.42000000000000526, 6.250000000000000000, -17.74999999999999645 ) ) ;
#2462 = DIRECTION ( 'NONE',  ( 1.906289534040447240E-16, 1.000000000000000000, 6.122553444624019311E-17 ) ) ;
#2463 = CARTESIAN_POINT ( 'NONE',  ( 28.94866734216779491, -2.168404344971008868E-15, -20.95818690732528111 ) ) ;
#2464 = LINE ( 'NONE', #518, #2079 ) ;
#2465 = CARTESIAN_POINT ( 'NONE',  ( 25.75000000000001421, 3.000000000000000000, -22.50000000000000355 ) ) ;
#2466 = VERTEX_POINT ( 'NONE', #2743 ) ;
#2467 = DIRECTION ( 'NONE',  ( 0.000000000000000000, -6.195440985631452852E-17, 1.000000000000000000 ) ) ;
#2468 = CARTESIAN_POINT ( 'NONE',  ( 27.25000000000001066, 0.000000000000000000, 18.49999999999999645 ) ) ;
#2469 = FACE_OUTER_BOUND ( 'NONE', #2341, .T. ) ;
#2470 = DIRECTION ( 'NONE',  ( 1.000000000000000000, 0.000000000000000000, 0.000000000000000000 ) ) ;
#2471 = LINE ( 'NONE', #2920, #1189 ) ;
#2472 = EDGE_LOOP ( 'NONE', ( #762, #2342, #1115, #3996, #4535, #4236, #50, #2783, #504, #895, #1636, #3403 ) ) ;
#2473 = VERTEX_POINT ( 'NONE', #3857 ) ;
#2474 = AXIS2_PLACEMENT_3D ( 'NONE', #3257, #27, #1248 ) ;
#2475 = CARTESIAN_POINT ( 'NONE',  ( 17.24999999999999289, 1.000000000000000666, 20.99999999999999289 ) ) ;
#2476 = CYLINDRICAL_SURFACE ( 'NONE', #5000, 3.249999999999999556 ) ;
#2477 = DIRECTION ( 'NONE',  ( 0.000000000000000000, 0.000000000000000000, -1.000000000000000000 ) ) ;
#2478 = ORIENTED_EDGE ( 'NONE', *, *, #2799, .T. ) ;
#2479 = VECTOR ( 'NONE', #963, 1000.000000000000000 ) ;
#2480 = EDGE_CURVE ( 'NONE', #3897, #784, #2643, .T. ) ;
#2481 = VERTEX_POINT ( 'NONE', #4690 ) ;
#2482 = CARTESIAN_POINT ( 'NONE',  ( -1.169999999976057303, 6.533180241928192800, -21.25000000000000000 ) ) ;
#2483 = CIRCLE ( 'NONE', #1831, 4.945548129602392429 ) ;
#2484 = CIRCLE ( 'NONE', #3808, 1.000000000000000888 ) ;
#2485 = CARTESIAN_POINT ( 'NONE',  ( -13.63195806652287168, 14.20000000000000639, -2.550000000000002487 ) ) ;
#2486 = CARTESIAN_POINT ( 'NONE',  ( -25.75000000000001066, 4.000000000000000000, -18.50000000000000355 ) ) ;
#2487 = EDGE_LOOP ( 'NONE', ( #4082, #2869, #983, #2973, #119, #4985 ) ) ;
#2488 = ADVANCED_FACE ( 'NONE', ( #1946 ), #3537, .T. ) ;
#2489 = VECTOR ( 'NONE', #858, 1000.000000000000000 ) ;
#2490 = CARTESIAN_POINT ( 'NONE',  ( -26.67021905400073578, 0.000000000000000000, 19.70099667803145493 ) ) ;
#2491 = EDGE_CURVE ( 'NONE', #808, #102, #4008, .T. ) ;
#2492 = CARTESIAN_POINT ( 'NONE',  ( 0.3062450419276453450, 7.519548024566119260, 21.25000000000000000 ) ) ;
#2493 = CARTESIAN_POINT ( 'NONE',  ( 26.79699157326977499, 4.336808689942017736E-16, -22.39589069183054804 ) ) ;
#2494 = DIRECTION ( 'NONE',  ( 1.000000000000000000, -0.000000000000000000, -0.000000000000000000 ) ) ;
#2495 = VECTOR ( 'NONE', #3732, 1000.000000000000000 ) ;
#2496 = ORIENTED_EDGE ( 'NONE', *, *, #3929, .F. ) ;
#2497 = EDGE_CURVE ( 'NONE', #3125, #5011, #5054, .T. ) ;
#2498 = DIRECTION ( 'NONE',  ( 1.000000000000000000, 0.000000000000000000, 0.000000000000000000 ) ) ;
#2499 = CARTESIAN_POINT ( 'NONE',  ( -29.24514555341704636, 3.000000000000000444, 20.51447592148359078 ) ) ;
#2500 = PLANE ( 'NONE',  #1781 ) ;
#2501 = DIRECTION ( 'NONE',  ( 0.000000000000000000, 0.000000000000000000, -1.000000000000000000 ) ) ;
#2502 = VECTOR ( 'NONE', #2955, 1000.000000000000000 ) ;
#2503 = EDGE_LOOP ( 'NONE', ( #1653, #2200, #807, #764 ) ) ;
#2504 = CARTESIAN_POINT ( 'NONE',  ( 2.369999999999994333, 5.920000000000008811, 22.45000000000000284 ) ) ;
#2505 = FACE_OUTER_BOUND ( 'NONE', #3180, .T. ) ;
#2506 = DIRECTION ( 'NONE',  ( 0.000000000000000000, -1.000000000000000000, 0.000000000000000000 ) ) ;
#2507 = ORIENTED_EDGE ( 'NONE', *, *, #1395, .F. ) ;
#2508 = VECTOR ( 'NONE', #3485, 1000.000000000000000 ) ;
#2509 = AXIS2_PLACEMENT_3D ( 'NONE', #185, #539, #2879 ) ;
#2510 = ORIENTED_EDGE ( 'NONE', *, *, #2327, .F. ) ;
#2511 = CARTESIAN_POINT ( 'NONE',  ( 0.3102322367705148132, 8.750000000000017764, -21.25000000000000000 ) ) ;
#2512 = CARTESIAN_POINT ( 'NONE',  ( 21.96532025671987043, 4.000000000000000000, 19.72351414627958022 ) ) ;
#2513 = LINE ( 'NONE', #4086, #2088 ) ;
#2514 = CARTESIAN_POINT ( 'NONE',  ( 1.169999999999994600, 6.380000000000024762, 21.25000000000000000 ) ) ;
#2515 = VECTOR ( 'NONE', #2006, 1000.000000000000000 ) ;
#2516 = EDGE_LOOP ( 'NONE', ( #706, #2898, #4495, #1894 ) ) ;
#2517 = CARTESIAN_POINT ( 'NONE',  ( 17.24999999999999289, 17.00000000000000711, 20.99999999999999645 ) ) ;
#2518 = CARTESIAN_POINT ( 'NONE',  ( 0.3102322367705151462, 8.750000000000017764, 21.25000000000000000 ) ) ;
#2519 = DIRECTION ( 'NONE',  ( 0.000000000000000000, -1.000000000000000000, 0.000000000000000000 ) ) ;
#2520 = ADVANCED_FACE ( 'NONE', ( #1083, #1899 ), #1173, .F. ) ;
#2521 = CARTESIAN_POINT ( 'NONE',  ( -23.50000000000000355, 4.000000000000000000, -20.25000000000000000 ) ) ;
#2522 = ORIENTED_EDGE ( 'NONE', *, *, #4937, .F. ) ;
#2523 = DIRECTION ( 'NONE',  ( 0.000000000000000000, -1.000000000000000000, -6.195440985631452852E-17 ) ) ;
#2524 = DIRECTION ( 'NONE',  ( 0.000000000000000000, -1.000000000000000000, 0.000000000000000000 ) ) ;
#2525 = ADVANCED_FACE ( 'NONE', ( #3881 ), #1492, .T. ) ;
#2526 = CARTESIAN_POINT ( 'NONE',  ( -29.64589070667328130, 3.000000000000000444, -19.54699153743711548 ) ) ;
#2527 = B_SPLINE_CURVE_WITH_KNOTS ( 'NONE', 3,
 ( #1310, #845, #1619, #2880 ),
 .UNSPECIFIED., .F., .F.,
 ( 4, 4 ),
 ( 0.7605825242718445844, 1.000000000000000000 ),
 .UNSPECIFIED. ) ;
#2528 = CARTESIAN_POINT ( 'NONE',  ( -29.64589069183091041, 3.000000000000000000, 19.54699157326975012 ) ) ;
#2529 = DIRECTION ( 'NONE',  ( 0.000000000000000000, 1.000000000000000000, 0.000000000000000000 ) ) ;
#2530 = ORIENTED_EDGE ( 'NONE', *, *, #4929, .T. ) ;
#2531 = DIRECTION ( 'NONE',  ( -1.000000000000000000, -0.000000000000000000, -0.000000000000000000 ) ) ;
#2532 = PLANE ( 'NONE',  #2759 ) ;
#2533 = ORIENTED_EDGE ( 'NONE', *, *, #4691, .T. ) ;
#2534 = VERTEX_POINT ( 'NONE', #1518 ) ;
#2535 = CARTESIAN_POINT ( 'NONE',  ( -2.308315229249345180, 7.000342520827893544, -22.45000000000000284 ) ) ;
#2536 = CARTESIAN_POINT ( 'NONE',  ( -0.9356101924206556841, 5.200980324444147485, 21.25000000000000000 ) ) ;
#2537 = CIRCLE ( 'NONE', #1886, 1.850000000000004086 ) ;
#2538 = DIRECTION ( 'NONE',  ( 1.000000000000000000, 0.000000000000000000, 0.000000000000000000 ) ) ;
#2539 = DIRECTION ( 'NONE',  ( 0.000000000000000000, -1.000000000000000000, 0.000000000000000000 ) ) ;
#2540 = ORIENTED_EDGE ( 'NONE', *, *, #2319, .F. ) ;
#2541 = FACE_OUTER_BOUND ( 'NONE', #2487, .T. ) ;
#2542 = CARTESIAN_POINT ( 'NONE',  ( -2.369999999999989448, 6.380000000000023874, 21.25000000000000000 ) ) ;
#2543 = CARTESIAN_POINT ( 'NONE',  ( -22.00000000000000355, 3.759674476707091095, -18.67673333968555127 ) ) ;
#2544 = CARTESIAN_POINT ( 'NONE',  ( -1.169999999999989271, 5.920000000000009699, -21.25000000000000000 ) ) ;
#2545 = EDGE_LOOP ( 'NONE', ( #1435, #424, #3666, #4817 ) ) ;
#2546 = VECTOR ( 'NONE', #5055, 1000.000000000000000 ) ;
#2547 = EDGE_CURVE ( 'NONE', #178, #2669, #1111, .T. ) ;
#2548 = DIRECTION ( 'NONE',  ( -0.000000000000000000, -0.000000000000000000, 1.000000000000000000 ) ) ;
#2549 = CARTESIAN_POINT ( 'NONE',  ( 29.75000000000001066, 3.000000000000000000, 6.166666666666674068 ) ) ;
#2550 = CARTESIAN_POINT ( 'NONE',  ( 13.42000000000000171, 17.00000000000000000, 20.99999999999999645 ) ) ;
#2551 = CARTESIAN_POINT ( 'NONE',  ( -23.50000000000000355, 1.000000000000000000, -17.75000000000000000 ) ) ;
#2552 = LINE ( 'NONE', #2584, #3657 ) ;
#2553 =( BOUNDED_CURVE ( )  B_SPLINE_CURVE ( 2, ( #4790, #1579, #1269 ),
 .UNSPECIFIED., .F., .T. ) 
 B_SPLINE_CURVE_WITH_KNOTS ( ( 3, 3 ),
 ( 0.000000000000000000, 1.000000000000000000 ),
 .UNSPECIFIED. ) 
 CURVE ( )  GEOMETRIC_REPRESENTATION_ITEM ( )  RATIONAL_B_SPLINE_CURVE ( ( 1.000000000000000000, 0.7071067811865476838, 1.000000000000000000 ) ) 
 REPRESENTATION_ITEM ( '' )  );
#2554 = EDGE_CURVE ( 'NONE', #269, #609, #4216, .T. ) ;
#2555 = VERTEX_POINT ( 'NONE', #3924 ) ;
#2556 = EDGE_CURVE ( 'NONE', #1130, #808, #104, .T. ) ;
#2557 = VECTOR ( 'NONE', #403, 1000.000000000000000 ) ;
#2558 = CARTESIAN_POINT ( 'NONE',  ( -27.25000000000001066, 0.000000000000000000, 18.50000000000000000 ) ) ;
#2559 = DIRECTION ( 'NONE',  ( 0.000000000000000000, 1.000000000000000000, 0.000000000000000000 ) ) ;
#2560 = ORIENTED_EDGE ( 'NONE', *, *, #1420, .F. ) ;
#2561 = ADVANCED_FACE ( 'NONE', ( #2302 ), #360, .T. ) ;
#2562 = ORIENTED_EDGE ( 'NONE', *, *, #2847, .F. ) ;
#2563 = CARTESIAN_POINT ( 'NONE',  ( -0.6203425208278264824, 8.688315229249388594, -22.45000000000000284 ) ) ;
#2564 = CARTESIAN_POINT ( 'NONE',  ( 1.022330081510238298, 5.330765810193367926, 21.25000000000000000 ) ) ;
#2565 = VECTOR ( 'NONE', #4348, 1000.000000000000000 ) ;
#2566 = CARTESIAN_POINT ( 'NONE',  ( 8.583333333333358794, 3.000000000000000000, 22.49999999999999645 ) ) ;
#2567 = CARTESIAN_POINT ( 'NONE',  ( -4.519999999999996021, 13.35663557268043533, -20.99999999999999645 ) ) ;
#2568 = EDGE_LOOP ( 'NONE', ( #4417, #3043, #2109, #1627 ) ) ;
#2569 = DIRECTION ( 'NONE',  ( -1.000000000000000000, 0.000000000000000000, 0.000000000000000000 ) ) ;
#2570 = ORIENTED_EDGE ( 'NONE', *, *, #4504, .F. ) ;
#2571 = LINE ( 'NONE', #321, #512 ) ;
#2572 = CARTESIAN_POINT ( 'NONE',  ( 13.42000000000000171, 17.00000000000000355, -18.41666666666665719 ) ) ;
#2573 = CARTESIAN_POINT ( 'NONE',  ( 0.1547873186817238234, 4.750072292446982480, -21.25000000000000355 ) ) ;
#2574 = EDGE_LOOP ( 'NONE', ( #3412, #1553, #4049, #1212, #664, #2038, #42, #183, #1597, #550, #2957, #494 ) ) ;
#2575 = VECTOR ( 'NONE', #3170, 1000.000000000000000 ) ;
#2576 = AXIS2_PLACEMENT_3D ( 'NONE', #4221, #627, #1414 ) ;
#2577 = CIRCLE ( 'NONE', #1669, 2.500000000000000444 ) ;
#2578 = FACE_OUTER_BOUND ( 'NONE', #2298, .T. ) ;
#2579 = DIRECTION ( 'NONE',  ( -1.000000000000000000, 0.000000000000000000, 0.000000000000000000 ) ) ;
#2580 = VECTOR ( 'NONE', #3653, 1000.000000000000000 ) ;
#2581 = CARTESIAN_POINT ( 'NONE',  ( 18.74999999999999289, 18.80000000000000426, -19.25000000000000355 ) ) ;
#2582 = DIRECTION ( 'NONE',  ( 0.000000000000000000, -1.000000000000000000, 0.000000000000000000 ) ) ;
#2583 = ADVANCED_FACE ( 'NONE', ( #767 ), #3107, .F. ) ;
#2584 = CARTESIAN_POINT ( 'NONE',  ( 13.42000000000000348, 18.80000000000001492, 21.66666666666666785 ) ) ;
#2585 = VERTEX_POINT ( 'NONE', #1563 ) ;
#2586 = CARTESIAN_POINT ( 'NONE',  ( 4.519999999999994245, 10.05000000000000959, 18.85309986098562263 ) ) ;
#2587 = EDGE_CURVE ( 'NONE', #13, #3458, #2428, .T. ) ;
#2588 =( BOUNDED_CURVE ( )  B_SPLINE_CURVE ( 2, ( #381, #3033, #1967 ),
 .UNSPECIFIED., .F., .T. ) 
 B_SPLINE_CURVE_WITH_KNOTS ( ( 3, 3 ),
 ( 0.000000000000000000, 1.000000000000000000 ),
 .UNSPECIFIED. ) 
 CURVE ( )  GEOMETRIC_REPRESENTATION_ITEM ( )  RATIONAL_B_SPLINE_CURVE ( ( 1.000000000000000000, 0.7071067811865476838, 1.000000000000000000 ) ) 
 REPRESENTATION_ITEM ( '' )  );
#2589 = EDGE_LOOP ( 'NONE', ( #343, #4847, #586, #872 ) ) ;
#2590 = AXIS2_PLACEMENT_3D ( 'NONE', #3059, #726, #4285 ) ;
#2591 = ORIENTED_EDGE ( 'NONE', *, *, #2974, .T. ) ;
#2592 = CARTESIAN_POINT ( 'NONE',  ( 1.193576948582725450, 3.849126245145961800, 21.25000000000000000 ) ) ;
#2593 = EDGE_CURVE ( 'NONE', #630, #722, #2368, .T. ) ;
#2594 = CARTESIAN_POINT ( 'NONE',  ( 26.79699153743712969, 3.000000000000000444, 22.39589070667325998 ) ) ;
#2595 = CARTESIAN_POINT ( 'NONE',  ( 21.99999999999999645, 3.000000000000000000, -17.75000000000000000 ) ) ;
#2596 = ORIENTED_EDGE ( 'NONE', *, *, #4023, .T. ) ;
#2597 = AXIS2_PLACEMENT_3D ( 'NONE', #4238, #4261, #1077 ) ;
#2598 = DIRECTION ( 'NONE',  ( -0.000000000000000000, -0.000000000000000000, -1.000000000000000000 ) ) ;
#2599 = ORIENTED_EDGE ( 'NONE', *, *, #3710, .F. ) ;
#2600 = CARTESIAN_POINT ( 'NONE',  ( 18.75000000000000355, 4.000000000000000000, 19.24999999999999289 ) ) ;
#2601 = AXIS2_PLACEMENT_3D ( 'NONE', #3749, #900, #4853 ) ;
#2602 = CARTESIAN_POINT ( 'NONE',  ( 23.50000000000000355, 3.000000000000000000, 19.25000000000000000 ) ) ;
#2603 = CARTESIAN_POINT ( 'NONE',  ( 0.3047624453665351285, 4.779759615050068966, -21.25000000000000000 ) ) ;
#2604 = ORIENTED_EDGE ( 'NONE', *, *, #916, .F. ) ;
#2605 = DIRECTION ( 'NONE',  ( -8.462065736472231082E-17, 6.123233995736766036E-17, -1.000000000000000000 ) ) ;
#2606 = LINE ( 'NONE', #4938, #354 ) ;
#2607 = CARTESIAN_POINT ( 'NONE',  ( -26.27359877559829826, 2.999999999999999556, -22.50000000000000711 ) ) ;
#2608 = CARTESIAN_POINT ( 'NONE',  ( -26.94950025331294796, 0.000000000000000000, 19.42182009024704215 ) ) ;
#2609 = CARTESIAN_POINT ( 'NONE',  ( -4.519999999999996021, 0.7639320224988280783, -21.66666666666667496 ) ) ;
#2610 = VERTEX_POINT ( 'NONE', #4438 ) ;
#2611 = LINE ( 'NONE', #1145, #1674 ) ;
#2612 = CARTESIAN_POINT ( 'NONE',  ( -4.519999999999994245, 13.35663557268043178, -21.66666666666666785 ) ) ;
#2613 = CARTESIAN_POINT ( 'NONE',  ( -13.42000000000000348, 18.80000000000001492, -21.66666666666666785 ) ) ;
#2614 = ORIENTED_EDGE ( 'NONE', *, *, #2115, .F. ) ;
#2615 = ORIENTED_EDGE ( 'NONE', *, *, #1403, .F. ) ;
#2616 = VERTEX_POINT ( 'NONE', #2016 ) ;
#2617 = EDGE_CURVE ( 'NONE', #2801, #2998, #1199, .T. ) ;
#2618 = CARTESIAN_POINT ( 'NONE',  ( 2.369999999999994333, 5.920000000000008811, -22.45000000000000284 ) ) ;
#2619 = CARTESIAN_POINT ( 'NONE',  ( -21.96532025671986332, 4.000000000000000000, 19.72351414627958022 ) ) ;
#2620 = DIRECTION ( 'NONE',  ( 0.000000000000000000, 0.000000000000000000, -1.000000000000000000 ) ) ;
#2621 = ORIENTED_EDGE ( 'NONE', *, *, #3239, .F. ) ;
#2622 = ADVANCED_FACE ( 'NONE', ( #4717 ), #3179, .F. ) ;
#2623 = CARTESIAN_POINT ( 'NONE',  ( 25.75000000000001066, 4.000000000000000000, 18.49999999999999645 ) ) ;
#2624 = ORIENTED_EDGE ( 'NONE', *, *, #4001, .T. ) ;
#2625 = CARTESIAN_POINT ( 'NONE',  ( -2.369999999999989448, 6.380000000000024762, 22.45000000000000284 ) ) ;
#2626 = CARTESIAN_POINT ( 'NONE',  ( -0.5907167863672330155, 7.401637721126608227, -21.25000000000000355 ) ) ;
#2627 = EDGE_CURVE ( 'NONE', #2789, #1162, #1990, .T. ) ;
#2628 = FACE_OUTER_BOUND ( 'NONE', #4372, .T. ) ;
#2629 = EDGE_LOOP ( 'NONE', ( #4205, #4563, #2049, #1099, #820, #1837, #1973, #3555, #313 ) ) ;
#2630 = FACE_OUTER_BOUND ( 'NONE', #3365, .T. ) ;
#2631 = PLANE ( 'NONE',  #3953 ) ;
#2632 = CARTESIAN_POINT ( 'NONE',  ( -21.16666666666665719, 17.00000000000000711, 21.66666666666666430 ) ) ;
#2633 = ORIENTED_EDGE ( 'NONE', *, *, #4023, .F. ) ;
#2634 = CARTESIAN_POINT ( 'NONE',  ( -2.070873740399581386, 7.573576983479052060, -22.45000000000000639 ) ) ;
#2635 = ORIENTED_EDGE ( 'NONE', *, *, #618, .F. ) ;
#2636 = DIRECTION ( 'NONE',  ( 1.000000000000000000, 0.000000000000000000, 0.000000000000000000 ) ) ;
#2637 = DIRECTION ( 'NONE',  ( 0.000000000000000000, 0.000000000000000000, -1.000000000000000000 ) ) ;
#2638 = ORIENTED_EDGE ( 'NONE', *, *, #3187, .T. ) ;
#2639 = ORIENTED_EDGE ( 'NONE', *, *, #1358, .T. ) ;
#2640 = ORIENTED_EDGE ( 'NONE', *, *, #4782, .T. ) ;
#2641 = DIRECTION ( 'NONE',  ( 0.000000000000000000, -1.000000000000000000, -6.123233995736766036E-17 ) ) ;
#2642 = DIRECTION ( 'NONE',  ( 1.000000000000000000, 0.000000000000000000, -8.195543980992792121E-17 ) ) ;
#2643 = LINE ( 'NONE', #3833, #4966 ) ;
#2644 = CARTESIAN_POINT ( 'NONE',  ( 13.42000000000000171, 6.250000000000005329, 20.99999999999999645 ) ) ;
#2645 = ADVANCED_FACE ( 'NONE', ( #3612 ), #3155, .F. ) ;
#2646 = CARTESIAN_POINT ( 'NONE',  ( 13.42000000000000348, 0.000000000000000000, -20.00000000000000355 ) ) ;
#2647 = CIRCLE ( 'NONE', #2384, 3.249999999999999556 ) ;
#2648 = ORIENTED_EDGE ( 'NONE', *, *, #505, .F. ) ;
#2649 = AXIS2_PLACEMENT_3D ( 'NONE', #803, #1960, #2838 ) ;
#2650 = CARTESIAN_POINT ( 'NONE',  ( 13.42000000000000348, 0.000000000000000000, 19.99999999999999645 ) ) ;
#2651 = CARTESIAN_POINT ( 'NONE',  ( -25.94910585300707950, 0.000000000000000000, -20.00000000000000711 ) ) ;
#2652 = CARTESIAN_POINT ( 'NONE',  ( 17.24999999999999289, 6.250000000000000000, -20.99999999999999645 ) ) ;
#2653 = VERTEX_POINT ( 'NONE', #132 ) ;
#2654 = ADVANCED_FACE ( 'NONE', ( #3227 ), #4823, .T. ) ;
#2655 = ADVANCED_FACE ( 'NONE', ( #106 ), #919, .T. ) ;
#2656 = LINE ( 'NONE', #3449, #3038 ) ;
#2657 = VECTOR ( 'NONE', #388, 1000.000000000000000 ) ;
#2658 = CARTESIAN_POINT ( 'NONE',  ( 26.50000000000000355, 0.000000000000000000, -17.75000000000000000 ) ) ;
#2659 = LINE ( 'NONE', #4610, #4055 ) ;
#2660 = EDGE_CURVE ( 'NONE', #406, #3048, #1097, .T. ) ;
#2661 = DIRECTION ( 'NONE',  ( 1.000000000000000000, 0.000000000000000000, 0.000000000000000000 ) ) ;
#2662 = VECTOR ( 'NONE', #3637, 1000.000000000000000 ) ;
#2663 = AXIS2_PLACEMENT_3D ( 'NONE', #4807, #4370, #2757 ) ;
#2664 = CARTESIAN_POINT ( 'NONE',  ( 29.75000000000001421, 3.000000000000000000, -19.02369315211887724 ) ) ;
#2665 = VERTEX_POINT ( 'NONE', #4053 ) ;
#2666 = CARTESIAN_POINT ( 'NONE',  ( -25.75000000000001066, 3.000000000000000000, -22.50000000000000355 ) ) ;
#2667 = AXIS2_PLACEMENT_3D ( 'NONE', #537, #1768, #873 ) ;
#2668 = CARTESIAN_POINT ( 'NONE',  ( -13.42000000000000348, 0.000000000000000000, 19.99999999999999645 ) ) ;
#2669 = VERTEX_POINT ( 'NONE', #2093 ) ;
#2670 = ORIENTED_EDGE ( 'NONE', *, *, #2014, .T. ) ;
#2671 = ORIENTED_EDGE ( 'NONE', *, *, #2878, .T. ) ;
#2672 = DIRECTION ( 'NONE',  ( 0.000000000000000000, -1.000000000000000000, 0.000000000000000000 ) ) ;
#2673 = DIRECTION ( 'NONE',  ( -0.000000000000000000, -0.000000000000000000, -1.000000000000000000 ) ) ;
#2674 = CARTESIAN_POINT ( 'NONE',  ( 28.94866736959274078, 3.000000000000000444, -20.95818687989966733 ) ) ;
#2675 = ORIENTED_EDGE ( 'NONE', *, *, #21, .F. ) ;
#2676 = VECTOR ( 'NONE', #399, 1000.000000000000000 ) ;
#2677 = CARTESIAN_POINT ( 'NONE',  ( 28.20818690732534861, 3.000000000000000000, 21.69866734216703463 ) ) ;
#2678 = ORIENTED_EDGE ( 'NONE', *, *, #4641, .F. ) ;
#2679 = CARTESIAN_POINT ( 'NONE',  ( -28.94866734216711279, 0.000000000000000000, -20.95818690732460254 ) ) ;
#2680 = CARTESIAN_POINT ( 'NONE',  ( -26.14044756918962165, -0.000000000000000000, -19.96193976625564659 ) ) ;
#2681 = LINE ( 'NONE', #1500, #2657 ) ;
#2682 = AXIS2_PLACEMENT_3D ( 'NONE', #3281, #4539, #640 ) ;
#2683 = CARTESIAN_POINT ( 'NONE',  ( -2.369999999999989893, 6.073333333333346573, 22.45000000000000284 ) ) ;
#2684 = VECTOR ( 'NONE', #2069, 1000.000000000000000 ) ;
#2685 = ADVANCED_FACE ( 'NONE', ( #3202 ), #1686, .F. ) ;
#2686 = FACE_OUTER_BOUND ( 'NONE', #674, .T. ) ;
#2687 = DIRECTION ( 'NONE',  ( 0.000000000000000000, -1.000000000000000000, 0.000000000000000000 ) ) ;
#2688 = CIRCLE ( 'NONE', #65, 1.850000000000004086 ) ;
#2689 = EDGE_CURVE ( 'NONE', #160, #269, #4765, .T. ) ;
#2690 = CARTESIAN_POINT ( 'NONE',  ( -4.519999999999994245, 17.00000000000000000, 21.66666666666666785 ) ) ;
#2691 = DIRECTION ( 'NONE',  ( 0.000000000000000000, 0.000000000000000000, -1.000000000000000000 ) ) ;
#2692 = EDGE_CURVE ( 'NONE', #4188, #1472, #2850, .T. ) ;
#2693 = DIRECTION ( 'NONE',  ( -1.000000000000000000, 0.000000000000000000, 0.000000000000000000 ) ) ;
#2694 = ORIENTED_EDGE ( 'NONE', *, *, #20, .T. ) ;
#2695 = ORIENTED_EDGE ( 'NONE', *, *, #2018, .F. ) ;
#2696 = ORIENTED_EDGE ( 'NONE', *, *, #2959, .T. ) ;
#2697 = CARTESIAN_POINT ( 'NONE',  ( -2.369999999999989448, 5.920000000000007923, 22.45000000000000284 ) ) ;
#2698 = CARTESIAN_POINT ( 'NONE',  ( 29.75000000000001066, 3.000000000000000000, -18.50000000000000355 ) ) ;
#2699 = CARTESIAN_POINT ( 'NONE',  ( 29.75000000000001421, 0.000000000000000000, -18.50000000000000711 ) ) ;
#2700 = LINE ( 'NONE', #3387, #2546 ) ;
#2701 = CARTESIAN_POINT ( 'NONE',  ( 13.42000000000000348, 18.80000000000001492, 21.66666666666666785 ) ) ;
#2702 = CARTESIAN_POINT ( 'NONE',  ( -0.1547873186810550805, 7.549927707552927636, -21.25000000000000711 ) ) ;
#2703 = CARTESIAN_POINT ( 'NONE',  ( 1.169999999999994600, 6.380000000000024762, 21.25000000000000000 ) ) ;
#2704 = CARTESIAN_POINT ( 'NONE',  ( -29.75000000000001421, 0.000000000000000000, -18.50000000000000355 ) ) ;
#2705 = DIRECTION ( 'NONE',  ( -0.000000000000000000, 1.000000000000000000, -0.000000000000000000 ) ) ;
#2706 = DIRECTION ( 'NONE',  ( -1.000000000000000000, -0.000000000000000000, -0.000000000000000000 ) ) ;
#2707 = ADVANCED_FACE ( 'NONE', ( #4389 ), #1614, .F. ) ;
#2708 = CARTESIAN_POINT ( 'NONE',  ( -2.369999999999989448, 6.690232274542017521, -22.45000000000000639 ) ) ;
#2709 = CARTESIAN_POINT ( 'NONE',  ( -4.519999999999994245, 6.250000000000000000, 18.85309986098562263 ) ) ;
#2710 = DIRECTION ( 'NONE',  ( 1.000000000000000000, 0.000000000000000000, 0.000000000000000000 ) ) ;
#2711 = ORIENTED_EDGE ( 'NONE', *, *, #826, .F. ) ;
#2712 = EDGE_CURVE ( 'NONE', #4960, #448, #4026, .T. ) ;
#2713 = ORIENTED_EDGE ( 'NONE', *, *, #3777, .F. ) ;
#2714 = ORIENTED_EDGE ( 'NONE', *, *, #3596, .T. ) ;
#2715 = B_SPLINE_CURVE_WITH_KNOTS ( 'NONE', 3,
 ( #1593, #2371, #3884, #432, #1949, #2797, #3518, #3495, #58, #3906, #3109, #4673, #4362, #2402, #2020, #3591, #5, #84 ),
 .UNSPECIFIED., .F., .F.,
 ( 4, 2, 2, 2, 2, 2, 2, 2, 4 ),
 ( 0.000000000000000000, 0.1250000000000000000, 0.2500000000000000000, 0.3750000000000000000, 0.5000000000000000000, 0.6250000000000000000, 0.7500000000000000000, 0.8750000000000000000, 1.000000000000000000 ),
 .UNSPECIFIED. ) ;
#2716 = DIRECTION ( 'NONE',  ( 1.000000000000000000, -0.000000000000000000, -0.000000000000000000 ) ) ;
#2718 = EDGE_CURVE ( 'NONE', #4570, #4189, #1334, .T. ) ;
#2717 = CARTESIAN_POINT ( 'NONE',  ( -20.49999999999999645, 18.80000000000001492, 2.550000000000009148 ) ) ;
#2719 = ORIENTED_EDGE ( 'NONE', *, *, #1709, .F. ) ;
#2720 =( BOUNDED_SURFACE ( )  B_SPLINE_SURFACE ( 2, 3, ( 
 ( #1100, #2664, #3022, #4206, #4234, #4277, #3847, #3894, #329, #3651 ),
 ( #4092, #3320, #192, #4909, #2463, #571, #1697, #2493, #4036, #1314 ),
 ( #3345, #4065, #4932, #3266, #4832, #4887, #2962, #2130, #547, #144 ) ),
 .UNSPECIFIED., .F., .F., .T. ) 
 B_SPLINE_SURFACE_WITH_KNOTS ( ( 3, 3 ),
 ( 4, 2, 2, 2, 4 ),
 ( 0.000000000000000000, 1.000000000000000000 ),
 ( 1.570796326794896558, 1.963495408493620697, 2.356194490192344837, 2.748893571891068976, 3.141592653589793116 ),
 .UNSPECIFIED. ) 
 GEOMETRIC_REPRESENTATION_ITEM ( )  RATIONAL_B_SPLINE_SURFACE ( (
 ( 1.000000000000000000, 1.000000000000000000, 1.000000000000000000, 1.000000000000000000, 1.000000000000000000, 1.000000000000000000, 1.000000000000000000, 1.000000000000000000, 1.000000000000000000, 1.000000000000000000),
 ( 0.7071067811865476838, 0.7071067811865476838, 0.7071067811865476838, 0.7071067811865476838, 0.7071067811865473507, 0.7071067811865473507, 0.7071067811865476838, 0.7071067811865476838, 0.7071067811865476838, 0.7071067811865476838),
 ( 1.000000000000000000, 1.000000000000000000, 1.000000000000000000, 1.000000000000000000, 1.000000000000000000, 1.000000000000000000, 1.000000000000000000, 1.000000000000000000, 1.000000000000000000, 1.000000000000000000) ) ) 
 REPRESENTATION_ITEM ( '' )  SURFACE ( )  );
#2721 = CARTESIAN_POINT ( 'NONE',  ( 0.3102322745419943129, 3.550000000000016698, -22.45000000000000284 ) ) ;
#2722 = DIRECTION ( 'NONE',  ( -1.000000000000000000, 0.000000000000000000, 0.000000000000000000 ) ) ;
#2723 = DIRECTION ( 'NONE',  ( 0.000000000000000000, -1.000000000000000000, 0.000000000000000000 ) ) ;
#2724 = UNCERTAINTY_MEASURE_WITH_UNIT (LENGTH_MEASURE( 1.000000000000000082E-05 ), #3047, 'distance_accuracy_value', 'NONE');
#2725 = LINE ( 'NONE', #4727, #3728 ) ;
#2726 = CARTESIAN_POINT ( 'NONE',  ( -0.3102322367705137585, 3.550000000000015365, -21.25000000000000000 ) ) ;
#2727 = CYLINDRICAL_SURFACE ( 'NONE', #43, 1.000000000000000888 ) ;
#2728 = ORIENTED_EDGE ( 'NONE', *, *, #338, .F. ) ;
#2729 = AXIS2_PLACEMENT_3D ( 'NONE', #1676, #3143, #4326 ) ;
#2730 = VECTOR ( 'NONE', #193, 1000.000000000000000 ) ;
#2731 = LINE ( 'NONE', #3169, #275 ) ;
#2732 = AXIS2_PLACEMENT_3D ( 'NONE', #3667, #1246, #4763 ) ;
#2733 = EDGE_CURVE ( 'NONE', #4078, #2369, #3955, .T. ) ;
#2734 = CARTESIAN_POINT ( 'NONE',  ( -4.750000000000004441, 18.80000000000001137, -22.50000000000000355 ) ) ;
#2735 = CARTESIAN_POINT ( 'NONE',  ( 29.75000000000001066, 3.000000000000000000, 18.49999999999999645 ) ) ;
#2736 = VERTEX_POINT ( 'NONE', #69 ) ;
#2737 = VECTOR ( 'NONE', #2706, 1000.000000000000000 ) ;
#2738 = ORIENTED_EDGE ( 'NONE', *, *, #985, .T. ) ;
#2739 = VERTEX_POINT ( 'NONE', #4681 ) ;
#2740 = EDGE_CURVE ( 'NONE', #2031, #3897, #2229, .T. ) ;
#2741 = AXIS2_PLACEMENT_3D ( 'NONE', #824, #2380, #1957 ) ;
#2742 = CARTESIAN_POINT ( 'NONE',  ( -2.900000000000002576, 12.40000000000000391, -20.99999999999999645 ) ) ;
#2743 = CARTESIAN_POINT ( 'NONE',  ( 4.750000000000004441, 18.80000000000001137, -21.66666666666666075 ) ) ;
#2744 = ORIENTED_EDGE ( 'NONE', *, *, #957, .T. ) ;
#2745 = EDGE_LOOP ( 'NONE', ( #4649, #4439, #2044, #4890 ) ) ;
#2746 = B_SPLINE_CURVE_WITH_KNOTS ( 'NONE', 3,
 ( #328, #756, #3116, #3526 ),
 .UNSPECIFIED., .F., .F.,
 ( 4, 4 ),
 ( 0.000000000000000000, 1.000000000000000000 ),
 .UNSPECIFIED. ) ;
#2747 = CARTESIAN_POINT ( 'NONE',  ( -1.456475726340539678, 4.024789583516326985, -22.45000000000000284 ) ) ;
#2748 = ADVANCED_FACE ( 'NONE', ( #397 ), #96, .T. ) ;
#2749 = EDGE_CURVE ( 'NONE', #2616, #1652, #2731, .T. ) ;
#2750 = CARTESIAN_POINT ( 'NONE',  ( 1.169999999975725791, 6.535340787260114581, -21.25000000000000355 ) ) ;
#2751 = CARTESIAN_POINT ( 'NONE',  ( -19.81348418192123262, 1.625000000000001332, -19.35000000000000853 ) ) ;
#2752 = VERTEX_POINT ( 'NONE', #4300 ) ;
#2753 = VECTOR ( 'NONE', #4828, 1000.000000000000000 ) ;
#2754 = AXIS2_PLACEMENT_3D ( 'NONE', #1321, #3767, #4046 ) ;
#2755 = CARTESIAN_POINT ( 'NONE',  ( 21.99999999999999645, 18.80000000000001492, -19.25000000000000000 ) ) ;
#2756 = CARTESIAN_POINT ( 'NONE',  ( 1.895210389775177973, 4.463524246950958840, -22.45000000000000284 ) ) ;
#2757 = DIRECTION ( 'NONE',  ( 0.000000000000000000, 0.000000000000000000, -1.000000000000000000 ) ) ;
#2758 = ORIENTED_EDGE ( 'NONE', *, *, #997, .F. ) ;
#2759 = AXIS2_PLACEMENT_3D ( 'NONE', #3716, #1789, #1763 ) ;
#2760 = VECTOR ( 'NONE', #2840, 1000.000000000000000 ) ;
#2761 = CARTESIAN_POINT ( 'NONE',  ( 26.50000000000000355, 0.000000000000000000, 17.75000000000000000 ) ) ;
#2762 = FACE_OUTER_BOUND ( 'NONE', #3635, .T. ) ;
#2763 = PLANE ( 'NONE',  #4317 ) ;
#2764 = ORIENTED_EDGE ( 'NONE', *, *, #892, .F. ) ;
#2765 = ORIENTED_EDGE ( 'NONE', *, *, #2205, .F. ) ;
#2766 = ORIENTED_EDGE ( 'NONE', *, *, #3188, .T. ) ;
#2767 = DIRECTION ( 'NONE',  ( -0.000000000000000000, 1.000000000000000000, 6.195440985631452852E-17 ) ) ;
#2768 = DIRECTION ( 'NONE',  ( -1.000000000000000000, 0.000000000000000000, 0.000000000000000000 ) ) ;
#2769 = DIRECTION ( 'NONE',  ( -0.000000000000000000, 1.000000000000000000, -0.000000000000000000 ) ) ;
#2770 = ORIENTED_EDGE ( 'NONE', *, *, #3118, .T. ) ;
#2771 = VERTEX_POINT ( 'NONE', #3218 ) ;
#2772 = ADVANCED_FACE ( 'NONE', ( #1576 ), #122, .F. ) ;
#2773 = CARTESIAN_POINT ( 'NONE',  ( -1.193576983479025300, 3.849126259600424316, -22.45000000000000639 ) ) ;
#2774 = CARTESIAN_POINT ( 'NONE',  ( 0.9368172151488126653, 7.097914889786903103, -21.25000000000000000 ) ) ;
#2775 = CARTESIAN_POINT ( 'NONE',  ( -0.9368172151487849098, 7.097914889786955506, 21.25000000000000000 ) ) ;
#2776 = ORIENTED_EDGE ( 'NONE', *, *, #205, .T. ) ;
#2777 = EDGE_CURVE ( 'NONE', #320, #2861, #44, .T. ) ;
#2778 = CARTESIAN_POINT ( 'NONE',  ( 0.9368172151488658450, 5.202085110213262809, 21.25000000000000000 ) ) ;
#2779 = EDGE_CURVE ( 'NONE', #2801, #1037, #472, .T. ) ;
#2780 =( NAMED_UNIT ( * ) SI_UNIT ( $, .STERADIAN. ) SOLID_ANGLE_UNIT ( ) );
#2781 = CARTESIAN_POINT ( 'NONE',  ( 21.16666666666666430, 17.00000000000000711, 21.66666666666666075 ) ) ;
#2782 =( BOUNDED_CURVE ( )  B_SPLINE_CURVE ( 2, ( #3866, #4608, #1093 ),
 .UNSPECIFIED., .F., .T. ) 
 B_SPLINE_CURVE_WITH_KNOTS ( ( 3, 3 ),
 ( 0.000000000000000000, 1.000000000000000000 ),
 .UNSPECIFIED. ) 
 CURVE ( )  GEOMETRIC_REPRESENTATION_ITEM ( )  RATIONAL_B_SPLINE_CURVE ( ( 1.000000000000000000, 0.7071067811865476838, 1.000000000000000000 ) ) 
 REPRESENTATION_ITEM ( '' )  );
#2783 = ORIENTED_EDGE ( 'NONE', *, *, #4534, .T. ) ;
#2784 = DIRECTION ( 'NONE',  ( -1.000000000000000000, 0.000000000000000000, 1.639108796198558178E-16 ) ) ;
#2785 = CARTESIAN_POINT ( 'NONE',  ( 21.16666666666666430, 18.80000000000000426, -21.66666666666666430 ) ) ;
#2786 = CARTESIAN_POINT ( 'NONE',  ( 1.169999999999994600, 6.226666666666679006, -21.25000000000000000 ) ) ;
#2787 = LINE ( 'NONE', #1651, #1196 ) ;
#2788 = ORIENTED_EDGE ( 'NONE', *, *, #3465, .F. ) ;
#2789 = VERTEX_POINT ( 'NONE', #857 ) ;
#2790 = VERTEX_POINT ( 'NONE', #2415 ) ;
#2791 = LINE ( 'NONE', #1275, #3309 ) ;
#2792 = CARTESIAN_POINT ( 'NONE',  ( -29.75000000000001066, 4.000000000000000000, 18.49999999999999645 ) ) ;
#2793 = DIRECTION ( 'NONE',  ( 0.000000000000000000, 0.000000000000000000, -1.000000000000000000 ) ) ;
#2794 = ORIENTED_EDGE ( 'NONE', *, *, #1803, .T. ) ;
#2795 = VECTOR ( 'NONE', #263, 1000.000000000000000 ) ;
#2796 = VERTEX_POINT ( 'NONE', #3991 ) ;
#2797 = CARTESIAN_POINT ( 'NONE',  ( 1.456475726340545673, 4.024789583516326985, 22.45000000000000284 ) ) ;
#2798 = CARTESIAN_POINT ( 'NONE',  ( 0.7178126528277044560, 7.316714978189655660, -21.25000000000000355 ) ) ;
#2799 = EDGE_CURVE ( 'NONE', #3103, #642, #3883, .T. ) ;
#2800 = DIRECTION ( 'NONE',  ( 0.000000000000000000, 0.000000000000000000, -1.000000000000000000 ) ) ;
#2801 = VERTEX_POINT ( 'NONE', #2761 ) ;
#2802 = DIRECTION ( 'NONE',  ( -0.000000000000000000, -1.000000000000000000, -0.000000000000000000 ) ) ;
#2803 = VECTOR ( 'NONE', #3856, 1000.000000000000000 ) ;
#2804 = EDGE_CURVE ( 'NONE', #2771, #1005, #926, .T. ) ;
#2805 = CARTESIAN_POINT ( 'NONE',  ( 13.42000000000000348, 0.000000000000000000, 21.66666666666666785 ) ) ;
#2806 = DIRECTION ( 'NONE',  ( 8.462065736472231082E-17, -6.123233995736766036E-17, 1.000000000000000000 ) ) ;
#2807 = VERTEX_POINT ( 'NONE', #4405 ) ;
#2808 = ADVANCED_FACE ( 'NONE', ( #779 ), #4732, .T. ) ;
#2809 = EDGE_CURVE ( 'NONE', #3741, #1017, #495, .T. ) ;
#2810 = CARTESIAN_POINT ( 'NONE',  ( -18.75000000000000000, 18.80000000000001137, -22.50000000000000355 ) ) ;
#2811 = EDGE_CURVE ( 'NONE', #1708, #3186, #2150, .T. ) ;
#2812 = CARTESIAN_POINT ( 'NONE',  ( -17.91666666666666430, 17.00000000000000711, -18.41666666666665719 ) ) ;
#2813 = DIRECTION ( 'NONE',  ( 0.000000000000000000, 0.000000000000000000, 1.000000000000000000 ) ) ;
#2814 = PLANE ( 'NONE',  #3743 ) ;
#2815 = ORIENTED_EDGE ( 'NONE', *, *, #4133, .F. ) ;
#2816 = EDGE_LOOP ( 'NONE', ( #216, #3608, #2719, #1628 ) ) ;
#2817 = ORIENTED_EDGE ( 'NONE', *, *, #3499, .T. ) ;
#2818 = AXIS2_PLACEMENT_3D ( 'NONE', #4500, #4525, #4147 ) ;
#2819 = DIRECTION ( 'NONE',  ( 0.000000000000000000, 0.000000000000000000, 1.000000000000000000 ) ) ;
#2820 = CARTESIAN_POINT ( 'NONE',  ( 21.99999999999999645, 1.000000000000000000, -22.50000000000000355 ) ) ;
#2821 = CARTESIAN_POINT ( 'NONE',  ( -25.00000000000000000, 3.000000000000000000, -19.25000000000000000 ) ) ;
#2822 = VERTEX_POINT ( 'NONE', #4755 ) ;
#2823 = AXIS2_PLACEMENT_3D ( 'NONE', #4739, #3610, #2819 ) ;
#2824 = TOROIDAL_SURFACE ( 'NONE', #1512, 2.500000000000000000, 1.000000000000000000 ) ;
#2825 = ORIENTED_EDGE ( 'NONE', *, *, #3090, .F. ) ;
#2826 = CARTESIAN_POINT ( 'NONE',  ( -1.895210389775140003, 7.836475753048972592, -21.25000000000000000 ) ) ;
#2827 = CARTESIAN_POINT ( 'NONE',  ( 13.42000000000000348, 6.250000000000000000, 18.85309986098562263 ) ) ;
#2828 = DIRECTION ( 'NONE',  ( 0.000000000000000000, 0.000000000000000000, 1.000000000000000000 ) ) ;
#2829 = AXIS2_PLACEMENT_3D ( 'NONE', #938, #2523, #4149 ) ;
#2830 = ORIENTED_EDGE ( 'NONE', *, *, #4942, .T. ) ;
#2831 = CARTESIAN_POINT ( 'NONE',  ( 0.7178126528276506102, 4.983285021810242910, 21.25000000000000355 ) ) ;
#2832 = CARTESIAN_POINT ( 'NONE',  ( 1.456475753049049082, 4.024789610224830838, -22.45000000000000284 ) ) ;
#2833 = LINE ( 'NONE', #2333, #1598 ) ;
#2834 = LINE ( 'NONE', #2108, #688 ) ;
#2835 = EDGE_LOOP ( 'NONE', ( #3627, #181, #2648, #3527, #5065, #1538, #854, #1564, #304, #4693, #2614, #3322 ) ) ;
#2836 = AXIS2_PLACEMENT_3D ( 'NONE', #2, #698, #5006 ) ;
#2837 = ADVANCED_FACE ( 'NONE', ( #1213 ), #3629, .F. ) ;
#2838 = DIRECTION ( 'NONE',  ( 1.000000000000000000, 0.000000000000000000, 0.000000000000000000 ) ) ;
#2839 = LINE ( 'NONE', #2057, #209 ) ;
#2840 = DIRECTION ( 'NONE',  ( 0.000000000000000000, 1.000000000000000000, -2.828353493440441869E-16 ) ) ;
#2841 = VECTOR ( 'NONE', #4107, 1000.000000000000000 ) ;
#2842 = LINE ( 'NONE', #4408, #2676 ) ;
#2843 = ORIENTED_EDGE ( 'NONE', *, *, #1053, .T. ) ;
#2844 = VERTEX_POINT ( 'NONE', #4707 ) ;
#2845 = ORIENTED_EDGE ( 'NONE', *, *, #957, .F. ) ;
#2846 = AXIS2_PLACEMENT_3D ( 'NONE', #5013, #3496, #4631 ) ;
#2847 = EDGE_CURVE ( 'NONE', #3081, #1218, #1237, .T. ) ;
#2848 = CARTESIAN_POINT ( 'NONE',  ( -29.75000000000001066, 3.000000000000000000, -6.166666666666667851 ) ) ;
#2849 = CARTESIAN_POINT ( 'NONE',  ( -25.75000000000000000, 0.000000000000000000, -20.00000000000000355 ) ) ;
#2850 = LINE ( 'NONE', #2873, #3546 ) ;
#2851 = EDGE_LOOP ( 'NONE', ( #1917, #4989, #1058, #1087 ) ) ;
#2852 = VERTEX_POINT ( 'NONE', #828 ) ;
#2853 = CARTESIAN_POINT ( 'NONE',  ( -1.022330081510249400, 6.969234189806665647, -21.25000000000000000 ) ) ;
#2854 = DIRECTION ( 'NONE',  ( 0.000000000000000000, -1.000000000000000000, -6.195440985631452852E-17 ) ) ;
#2855 = VERTEX_POINT ( 'NONE', #2383 ) ;
#2856 = CARTESIAN_POINT ( 'NONE',  ( -23.50000000000000355, 0.000000000000000000, -19.25000000000000000 ) ) ;
#2857 = B_SPLINE_CURVE_WITH_KNOTS ( 'NONE', 3,
 ( #4795, #2848, #103, #809 ),
 .UNSPECIFIED., .F., .F.,
 ( 4, 4 ),
 ( 0.000000000000000000, 1.000000000000000000 ),
 .UNSPECIFIED. ) ;
#2858 = CARTESIAN_POINT ( 'NONE',  ( 0.6203425208277996150, 8.688315229249329974, 21.25000000000000000 ) ) ;
#2859 = CARTESIAN_POINT ( 'NONE',  ( 2.770070464751050862E-15, 5.920000000000007923, -22.50000000000000355 ) ) ;
#2860 = CARTESIAN_POINT ( 'NONE',  ( -1.169999999999989937, 6.073333333333343020, -21.25000000000000000 ) ) ;
#2861 = VERTEX_POINT ( 'NONE', #2810 ) ;
#2862 = DIRECTION ( 'NONE',  ( 0.000000000000000000, 0.000000000000000000, 1.000000000000000000 ) ) ;
#2863 = DIRECTION ( 'NONE',  ( 0.000000000000000000, 0.000000000000000000, -1.000000000000000000 ) ) ;
#2864 = LINE ( 'NONE', #4733, #1757 ) ;
#2865 = CARTESIAN_POINT ( 'NONE',  ( -20.49999999999999645, 81.73647591023825498, -2.550000000000021139 ) ) ;
#2866 = EDGE_CURVE ( 'NONE', #4120, #3208, #444, .T. ) ;
#2867 = DIRECTION ( 'NONE',  ( -0.000000000000000000, -0.000000000000000000, 1.000000000000000000 ) ) ;
#2868 = VERTEX_POINT ( 'NONE', #4041 ) ;
#2869 = ORIENTED_EDGE ( 'NONE', *, *, #2147, .T. ) ;
#2870 = CARTESIAN_POINT ( 'NONE',  ( -29.75000000000001066, 3.000000000000000000, 18.49999999999999645 ) ) ;
#2871 = EDGE_CURVE ( 'NONE', #833, #3590, #2460, .T. ) ;
#2872 = CARTESIAN_POINT ( 'NONE',  ( -21.16666666666666430, 18.80000000000000426, -21.66666666666665719 ) ) ;
#2873 = CARTESIAN_POINT ( 'NONE',  ( 28.85348418192122111, 2.857629303562102763, 20.19999999999999929 ) ) ;
#2874 = ORIENTED_EDGE ( 'NONE', *, *, #5063, .T. ) ;
#2875 = EDGE_CURVE ( 'NONE', #333, #2247, #3762, .T. ) ;
#2876 = ORIENTED_EDGE ( 'NONE', *, *, #3188, .F. ) ;
#2877 = CARTESIAN_POINT ( 'NONE',  ( -0.1531526232158192669, 7.550000000000016698, -21.25000000000000000 ) ) ;
#2878 = EDGE_CURVE ( 'NONE', #3125, #4120, #969, .T. ) ;
#2879 = DIRECTION ( 'NONE',  ( -1.000000000000000000, 0.000000000000000000, 0.000000000000000000 ) ) ;
#2880 = CARTESIAN_POINT ( 'NONE',  ( -25.75000000000001066, 0.000000000000000000, 19.99999999999999645 ) ) ;
#2881 = ORIENTED_EDGE ( 'NONE', *, *, #3035, .T. ) ;
#2882 = DIRECTION ( 'NONE',  ( 0.000000000000000000, 0.000000000000000000, -1.000000000000000000 ) ) ;
#2883 = LINE ( 'NONE', #3240, #2980 ) ;
#2884 = DIRECTION ( 'NONE',  ( -1.000000000000000000, 0.000000000000000000, -8.462065736472231082E-17 ) ) ;
#2885 = LINE ( 'NONE', #2054, #1419 ) ;
#2886 = ORIENTED_EDGE ( 'NONE', *, *, #1140, .F. ) ;
#2887 = PLANE ( 'NONE',  #2406 ) ;
#2888 = CARTESIAN_POINT ( 'NONE',  ( -2.369999999999989448, 6.226666666666686112, -22.45000000000000284 ) ) ;
#2889 = CARTESIAN_POINT ( 'NONE',  ( -13.42000000000000348, 1.625000000000001332, -20.66875000000000639 ) ) ;
#2890 = CARTESIAN_POINT ( 'NONE',  ( 2.369999999999994333, 6.073333333333356343, -21.25000000000000000 ) ) ;
#2891 = FACE_OUTER_BOUND ( 'NONE', #883, .T. ) ;
#2892 = ORIENTED_EDGE ( 'NONE', *, *, #4688, .F. ) ;
#2893 = EDGE_CURVE ( 'NONE', #1039, #4995, #4836, .T. ) ;
#2894 = AXIS2_PLACEMENT_3D ( 'NONE', #2063, #1657, #2793 ) ;
#2895 = DIRECTION ( 'NONE',  ( -0.000000000000000000, -1.000000000000000000, -0.000000000000000000 ) ) ;
#2896 = CARTESIAN_POINT ( 'NONE',  ( -18.75000000000000355, 1.000000000000000000, -19.25000000000000355 ) ) ;
#2897 = CARTESIAN_POINT ( 'NONE',  ( 25.00000000000000000, 4.000000000000000000, -17.75000000000000000 ) ) ;
#2898 = ORIENTED_EDGE ( 'NONE', *, *, #2940, .T. ) ;
#2899 = VECTOR ( 'NONE', #3292, 1000.000000000000000 ) ;
#2900 = VERTEX_POINT ( 'NONE', #1318 ) ;
#2901 = ADVANCED_FACE ( 'NONE', ( #2135 ), #3295, .T. ) ;
#2902 = LINE ( 'NONE', #2068, #1998 ) ;
#2903 = VECTOR ( 'NONE', #816, 1000.000000000000000 ) ;
#2904 = VECTOR ( 'NONE', #4664, 1000.000000000000000 ) ;
#2905 = LINE ( 'NONE', #1309, #791 ) ;
#2906 = LINE ( 'NONE', #4854, #1507 ) ;
#2907 = DIRECTION ( 'NONE',  ( 0.000000000000000000, 1.000000000000000000, 0.000000000000000000 ) ) ;
#2908 = EDGE_LOOP ( 'NONE', ( #1869, #2174, #3799, #4540 ) ) ;
#2909 = AXIS2_PLACEMENT_3D ( 'NONE', #3872, #3483, #5046 ) ;
#2910 = ADVANCED_FACE ( 'NONE', ( #251 ), #3630, .T. ) ;
#2911 = CARTESIAN_POINT ( 'NONE',  ( 4.519999999999996021, 0.7639320224982477647, 21.66666666666666785 ) ) ;
#2912 = CARTESIAN_POINT ( 'NONE',  ( 0.1531526232158248180, 7.550000000000016698, 21.25000000000000000 ) ) ;
#2913 = DIRECTION ( 'NONE',  ( 0.000000000000000000, 6.195440985631452852E-17, -1.000000000000000000 ) ) ;
#2914 = CARTESIAN_POINT ( 'NONE',  ( 13.42000000000000348, 0.7639320224983002783, 21.66666666666666785 ) ) ;
#2915 = ORIENTED_EDGE ( 'NONE', *, *, #3160, .T. ) ;
#2916 = CARTESIAN_POINT ( 'NONE',  ( 2.770070464751050862E-15, 5.920000000000007923, 21.25000000000000000 ) ) ;
#2917 = CARTESIAN_POINT ( 'NONE',  ( 29.75000000000001066, 3.000000000000000000, -18.50000000000000711 ) ) ;
#2918 = CARTESIAN_POINT ( 'NONE',  ( -26.27359877559831247, 3.000000000000000444, 22.49999999999999645 ) ) ;
#2919 = CARTESIAN_POINT ( 'NONE',  ( -26.79699157326946235, -1.703060790043322360E-13, 22.39589069183087844 ) ) ;
#2920 = CARTESIAN_POINT ( 'NONE',  ( 4.519999999999994245, 13.35663557268043533, -9.545306638761546836 ) ) ;
#2921 =( BOUNDED_CURVE ( )  B_SPLINE_CURVE ( 2, ( #2666, #374, #4278 ),
 .UNSPECIFIED., .F., .T. ) 
 B_SPLINE_CURVE_WITH_KNOTS ( ( 3, 3 ),
 ( 0.000000000000000000, 1.000000000000000000 ),
 .UNSPECIFIED. ) 
 CURVE ( )  GEOMETRIC_REPRESENTATION_ITEM ( )  RATIONAL_B_SPLINE_CURVE ( ( 1.000000000000000000, 0.7071067811865476838, 1.000000000000000000 ) ) 
 REPRESENTATION_ITEM ( '' )  );
#2922 = CIRCLE ( 'NONE', #1188, 1.318749999999996980 ) ;
#2923 = ORIENTED_EDGE ( 'NONE', *, *, #412, .F. ) ;
#2924 = CARTESIAN_POINT ( 'NONE',  ( -18.75000000000000355, 1.000000000000000000, -22.50000000000000355 ) ) ;
#2925 = FACE_OUTER_BOUND ( 'NONE', #429, .T. ) ;
#2926 = EDGE_LOOP ( 'NONE', ( #1066, #3521, #4738, #2446 ) ) ;
#2927 = ORIENTED_EDGE ( 'NONE', *, *, #3681, .T. ) ;
#2928 = CARTESIAN_POINT ( 'NONE',  ( -2.369999999999989448, 6.380000000000024762, -22.45000000000000284 ) ) ;
#2929 = CARTESIAN_POINT ( 'NONE',  ( 13.42000000000000348, 17.00000000000000711, 21.66666666666666785 ) ) ;
#2930 = DIRECTION ( 'NONE',  ( 0.000000000000000000, 1.000000000000000000, 0.000000000000000000 ) ) ;
#2931 = DIRECTION ( 'NONE',  ( 0.000000000000000000, -1.000000000000000000, 0.000000000000000000 ) ) ;
#2932 = VECTOR ( 'NONE', #274, 1000.000000000000000 ) ;
#2933 = ORIENTED_EDGE ( 'NONE', *, *, #3217, .F. ) ;
#2934 = EDGE_CURVE ( 'NONE', #763, #642, #2647, .T. ) ;
#2935 = DIRECTION ( 'NONE',  ( 0.000000000000000000, -1.000000000000000000, -6.195440985631452852E-17 ) ) ;
#2936 = CARTESIAN_POINT ( 'NONE',  ( -0.6203425208278119385, 8.688315229249461424, 21.25000000000000000 ) ) ;
#2937 = DIRECTION ( 'NONE',  ( 8.462065736472231082E-17, 6.123233995736766036E-17, -1.000000000000000000 ) ) ;
#2938 = DIRECTION ( 'NONE',  ( 0.000000000000000000, 0.000000000000000000, 1.000000000000000000 ) ) ;
#2939 = ORIENTED_EDGE ( 'NONE', *, *, #2692, .T. ) ;
#2940 = EDGE_CURVE ( 'NONE', #956, #3687, #4071, .T. ) ;
#2941 = EDGE_CURVE ( 'NONE', #3768, #1030, #4813, .T. ) ;
#2942 = CARTESIAN_POINT ( 'NONE',  ( -26.50000000000000355, 3.000000000000000000, 17.75000000000000000 ) ) ;
#2943 = CARTESIAN_POINT ( 'NONE',  ( 29.75000000000001421, 0.000000000000000000, -18.50000000000000711 ) ) ;
#2944 = CARTESIAN_POINT ( 'NONE',  ( -29.75000000000001421, 3.000000000000000444, -19.02359877559829116 ) ) ;
#2945 = CARTESIAN_POINT ( 'NONE',  ( -19.81348418192123262, 1.625000000000001332, 19.35000000000000853 ) ) ;
#2946 = DIRECTION ( 'NONE',  ( 0.000000000000000000, 1.000000000000000000, 0.000000000000000000 ) ) ;
#2947 = ORIENTED_EDGE ( 'NONE', *, *, #2480, .F. ) ;
#2948 = CARTESIAN_POINT ( 'NONE',  ( 4.519999999999994245, 18.80000000000001492, -21.66666666666666785 ) ) ;
#2949 =( BOUNDED_CURVE ( )  B_SPLINE_CURVE ( 2, ( #2417, #3879, #3580 ),
 .UNSPECIFIED., .F., .T. ) 
 B_SPLINE_CURVE_WITH_KNOTS ( ( 3, 3 ),
 ( 0.000000000000000000, 0.001877141136577310798 ),
 .UNSPECIFIED. ) 
 CURVE ( )  GEOMETRIC_REPRESENTATION_ITEM ( )  RATIONAL_B_SPLINE_CURVE ( ( 0.8542150666577394968, 0.8633971813349841096, 1.000000000000000000 ) ) 
 REPRESENTATION_ITEM ( '' )  );
#2950 = CARTESIAN_POINT ( 'NONE',  ( -21.16666666666666430, 17.00000000000000711, -21.66666666666665719 ) ) ;
#2951 = ORIENTED_EDGE ( 'NONE', *, *, #2388, .F. ) ;
#2952 = VERTEX_POINT ( 'NONE', #4429 ) ;
#2953 = CARTESIAN_POINT ( 'NONE',  ( 0.6203425208277725256, 8.688315229249413463, -22.45000000000000284 ) ) ;
#2954 = DIRECTION ( 'NONE',  ( 0.000000000000000000, 1.000000000000000000, 6.123233995736766036E-17 ) ) ;
#2955 = DIRECTION ( 'NONE',  ( 0.000000000000000000, -1.000000000000000000, 0.000000000000000000 ) ) ;
#2956 = DIRECTION ( 'NONE',  ( 0.000000000000000000, 0.000000000000000000, 1.000000000000000000 ) ) ;
#2957 = ORIENTED_EDGE ( 'NONE', *, *, #1239, .F. ) ;
#2958 = DIRECTION ( 'NONE',  ( 0.000000000000000000, 0.000000000000000000, 1.000000000000000000 ) ) ;
#2959 = EDGE_CURVE ( 'NONE', #4550, #1104, #195, .T. ) ;
#2960 = ORIENTED_EDGE ( 'NONE', *, *, #612, .F. ) ;
#2961 = LINE ( 'NONE', #4523, #1018 ) ;
#2962 = CARTESIAN_POINT ( 'NONE',  ( 26.50542845711916939, 4.336808689942017736E-16, -19.81067958809740048 ) ) ;
#2963 = DIRECTION ( 'NONE',  ( -1.000000000000000000, -0.000000000000000000, -0.000000000000000000 ) ) ;
#2964 = VERTEX_POINT ( 'NONE', #4864 ) ;
#2965 = CARTESIAN_POINT ( 'NONE',  ( -13.42000000000000348, 2.857629303562101430, 20.19999999999999929 ) ) ;
#2966 = ADVANCED_FACE ( 'NONE', ( #1293 ), #1700, .T. ) ;
#2967 = CARTESIAN_POINT ( 'NONE',  ( -0.6203424859314888851, 8.688315243703925717, 22.45000000000000284 ) ) ;
#2968 = B_SPLINE_CURVE_WITH_KNOTS ( 'NONE', 3,
 ( #1225, #750, #1546, #31 ),
 .UNSPECIFIED., .F., .F.,
 ( 4, 4 ),
 ( 0.000000000000000000, 1.000000000000000000 ),
 .UNSPECIFIED. ) ;
#2969 = CARTESIAN_POINT ( 'NONE',  ( -21.99999999999999645, 3.374923024674301608, 18.20895819450248254 ) ) ;
#2970 = CARTESIAN_POINT ( 'NONE',  ( -27.06067958809741114, 0.000000000000000000, 19.25542845711914808 ) ) ;
#2971 = DIRECTION ( 'NONE',  ( -1.906289534040446500E-16, -1.000000000000000000, 0.000000000000000000 ) ) ;
#2972 = EDGE_CURVE ( 'NONE', #796, #1056, #4935, .T. ) ;
#2973 = ORIENTED_EDGE ( 'NONE', *, *, #2733, .T. ) ;
#2974 = EDGE_CURVE ( 'NONE', #768, #2900, #2606, .T. ) ;
#2975 = DIRECTION ( 'NONE',  ( 1.000000000000000000, 0.000000000000000000, 0.000000000000000000 ) ) ;
#2976 = DIRECTION ( 'NONE',  ( -9.011550524554843201E-17, 0.000000000000000000, -1.000000000000000000 ) ) ;
#2977 = EDGE_LOOP ( 'NONE', ( #28, #3276, #428, #3671 ) ) ;
#2978 = ORIENTED_EDGE ( 'NONE', *, *, #2554, .T. ) ;
#2979 = CARTESIAN_POINT ( 'NONE',  ( 1.895210389775254578, 4.463524246951036112, 22.45000000000000284 ) ) ;
#2980 = VECTOR ( 'NONE', #116, 1000.000000000000000 ) ;
#2981 = CARTESIAN_POINT ( 'NONE',  ( -13.42000000000000348, 0.000000000000000000, 21.66666666666666785 ) ) ;
#2982 = DIRECTION ( 'NONE',  ( 0.000000000000000000, 0.000000000000000000, 1.000000000000000000 ) ) ;
#2983 = ORIENTED_EDGE ( 'NONE', *, *, #3239, .T. ) ;
#2984 = CARTESIAN_POINT ( 'NONE',  ( 29.24514556825941014, -2.580612037204848701E-13, 20.51447588565095970 ) ) ;
#2985 = ORIENTED_EDGE ( 'NONE', *, *, #52, .F. ) ;
#2986 = CARTESIAN_POINT ( 'NONE',  ( -13.42000000000000348, 6.250000000000000000, 18.85309986098562263 ) ) ;
#2987 = CARTESIAN_POINT ( 'NONE',  ( -23.49999999999999645, 3.000000000000000000, 17.75000000000000000 ) ) ;
#2988 = CARTESIAN_POINT ( 'NONE',  ( 0.9367149781901439320, 5.202187347172691823, -21.25000000000000000 ) ) ;
#2989 = VERTEX_POINT ( 'NONE', #3786 ) ;
#2990 = AXIS2_PLACEMENT_3D ( 'NONE', #4757, #3145, #1238 ) ;
#2991 = DIRECTION ( 'NONE',  ( -0.000000000000000000, 1.000000000000000000, 6.195440985631452852E-17 ) ) ;
#2992 = DIRECTION ( 'NONE',  ( -0.000000000000000000, -0.000000000000000000, -1.000000000000000000 ) ) ;
#2993 = CIRCLE ( 'NONE', #4058, 1.500000000000001332 ) ;
#2994 = CARTESIAN_POINT ( 'NONE',  ( -27.76447592148360499, 3.000000000000000444, -21.99514555341702859 ) ) ;
#2995 = CARTESIAN_POINT ( 'NONE',  ( -28.94866734216738990, 3.000000000000000000, 20.95818690732499689 ) ) ;
#2996 = DIRECTION ( 'NONE',  ( 0.000000000000000000, 0.000000000000000000, -1.000000000000000000 ) ) ;
#2997 = ADVANCED_FACE ( 'NONE', ( #1094 ), #2631, .F. ) ;
#2998 = VERTEX_POINT ( 'NONE', #2658 ) ;
#2999 = CARTESIAN_POINT ( 'NONE',  ( 2.369999999999994333, 5.920000000000007923, 21.25000000000000000 ) ) ;
#3000 = DIRECTION ( 'NONE',  ( 0.000000000000000000, -6.195440985631452852E-17, 1.000000000000000000 ) ) ;
#3001 = ORIENTED_EDGE ( 'NONE', *, *, #416, .F. ) ;
#3002 = VECTOR ( 'NONE', #2946, 1000.000000000000000 ) ;
#3003 = VERTEX_POINT ( 'NONE', #2268 ) ;
#3004 = ADVANCED_FACE ( 'NONE', ( #271 ), #4203, .F. ) ;
#3005 = CARTESIAN_POINT ( 'NONE',  ( 4.519999999999996021, 81.73647591023825498, -20.99999999999999289 ) ) ;
#3006 = CARTESIAN_POINT ( 'NONE',  ( 29.24514555341704281, 3.000000000000000444, 20.51447592148359789 ) ) ;
#3007 = DIRECTION ( 'NONE',  ( -0.000000000000000000, 1.000000000000000000, -0.000000000000000000 ) ) ;
#3008 = EDGE_LOOP ( 'NONE', ( #3859, #1201, #3050, #529, #863 ) ) ;
#3009 = VECTOR ( 'NONE', #3221, 1000.000000000000000 ) ;
#3010 = CARTESIAN_POINT ( 'NONE',  ( 26.79699157326946235, -1.277295592532492022E-13, 22.39589069183087844 ) ) ;
#3011 = EDGE_LOOP ( 'NONE', ( #778, #1798, #3648, #4602 ) ) ;
#3012 = CARTESIAN_POINT ( 'NONE',  ( 17.24999999999999289, 6.250000000000000000, -20.99999999999999645 ) ) ;
#3013 = VECTOR ( 'NONE', #2722, 1000.000000000000000 ) ;
#3014 = PLANE ( 'NONE',  #1610 ) ;
#3015 = CARTESIAN_POINT ( 'NONE',  ( 0.000000000000000000, 4.000000000000000000, 22.50000000000000355 ) ) ;
#3016 = VERTEX_POINT ( 'NONE', #1910 ) ;
#3017 = DIRECTION ( 'NONE',  ( 0.000000000000000000, 0.000000000000000000, -1.000000000000000000 ) ) ;
#3018 = DIRECTION ( 'NONE',  ( -1.000000000000000000, 0.000000000000000000, 8.462065736472231082E-17 ) ) ;
#3019 = CARTESIAN_POINT ( 'NONE',  ( 0.000000000000000000, 3.000000000000000000, 20.25000000000000000 ) ) ;
#3020 = PLANE ( 'NONE',  #4656 ) ;
#3021 = ORIENTED_EDGE ( 'NONE', *, *, #1149, .T. ) ;
#3022 = CARTESIAN_POINT ( 'NONE',  ( 29.64589069183050185, 3.000000000000000000, -19.54699157327074843 ) ) ;
#3023 = ORIENTED_EDGE ( 'NONE', *, *, #1336, .F. ) ;
#3024 = EDGE_CURVE ( 'NONE', #3380, #3081, #754, .T. ) ;
#3025 = LINE ( 'NONE', #2709, #2904 ) ;
#3026 = FACE_OUTER_BOUND ( 'NONE', #3675, .T. ) ;
#3027 = EDGE_LOOP ( 'NONE', ( #2675, #4720, #978, #3150 ) ) ;
#3028 = ORIENTED_EDGE ( 'NONE', *, *, #2587, .F. ) ;
#3029 = ORIENTED_EDGE ( 'NONE', *, *, #20, .F. ) ;
#3030 = EDGE_CURVE ( 'NONE', #4742, #2222, #4821, .T. ) ;
#3031 = CARTESIAN_POINT ( 'NONE',  ( 2.308315229249407352, 5.299657479172144470, 21.25000000000000000 ) ) ;
#3032 = LINE ( 'NONE', #3774, #4068 ) ;
#3033 = CARTESIAN_POINT ( 'NONE',  ( 25.75000000000001776, 0.000000000000000000, -22.50000000000000355 ) ) ;
#3034 = ORIENTED_EDGE ( 'NONE', *, *, #2547, .T. ) ;
#3035 = EDGE_CURVE ( 'NONE', #1359, #806, #1805, .T. ) ;
#3036 = CARTESIAN_POINT ( 'NONE',  ( 4.519999999999996021, 0.7639320224982477647, 21.66666666666667140 ) ) ;
#3037 = ADVANCED_FACE ( 'NONE', ( #3372 ), #3045, .F. ) ;
#3038 = VECTOR ( 'NONE', #3474, 1000.000000000000000 ) ;
#3039 = ORIENTED_EDGE ( 'NONE', *, *, #823, .F. ) ;
#3040 = CARTESIAN_POINT ( 'NONE',  ( -1.895210389775249471, 7.836475753048995685, 22.45000000000000284 ) ) ;
#3041 = DIRECTION ( 'NONE',  ( 0.000000000000000000, 0.000000000000000000, -1.000000000000000000 ) ) ;
#3042 = CARTESIAN_POINT ( 'NONE',  ( -0.1547873186817218250, 4.749927707553048606, -21.25000000000000355 ) ) ;
#3043 = ORIENTED_EDGE ( 'NONE', *, *, #581, .F. ) ;
#3044 = CARTESIAN_POINT ( 'NONE',  ( -29.75000000000001066, 3.000000000000000000, -18.50000000000000355 ) ) ;
#3045 = CYLINDRICAL_SURFACE ( 'NONE', #4616, 2.369999999999992113 ) ;
#3046 = CARTESIAN_POINT ( 'NONE',  ( -4.519999999999989804, -1.278156974742802314E-12, -20.95491502812631879 ) ) ;
#3047 =( LENGTH_UNIT ( ) NAMED_UNIT ( * ) SI_UNIT ( .MILLI., .METRE. ) );
#3048 = VERTEX_POINT ( 'NONE', #1451 ) ;
#3049 = CARTESIAN_POINT ( 'NONE',  ( -8.583333333333339255, 3.000000000000000000, 22.49999999999999645 ) ) ;
#3050 = ORIENTED_EDGE ( 'NONE', *, *, #521, .F. ) ;
#3051 = DIRECTION ( 'NONE',  ( 0.000000000000000000, 0.000000000000000000, 1.000000000000000000 ) ) ;
#3052 = LINE ( 'NONE', #3849, #3249 ) ;
#3053 = ORIENTED_EDGE ( 'NONE', *, *, #3715, .F. ) ;
#3054 = ORIENTED_EDGE ( 'NONE', *, *, #357, .T. ) ;
#3055 = ORIENTED_EDGE ( 'NONE', *, *, #1520, .T. ) ;
#3056 = VECTOR ( 'NONE', #766, 1000.000000000000000 ) ;
#3057 = CARTESIAN_POINT ( 'NONE',  ( -0.3102322367705078188, 3.550000000000015365, 22.45000000000000284 ) ) ;
#3058 = CARTESIAN_POINT ( 'NONE',  ( -13.63195806652287168, 18.80000000000001492, -2.550000000000003819 ) ) ;
#3059 = CARTESIAN_POINT ( 'NONE',  ( -17.91666666666666430, 18.80000000000000426, -18.41666666666665719 ) ) ;
#3060 = CARTESIAN_POINT ( 'NONE',  ( 28.85348418192122111, 1.625000000000001332, 20.66875000000000639 ) ) ;
#3061 = ADVANCED_FACE ( 'NONE', ( #2686 ), #4178, .T. ) ;
#3062 = CARTESIAN_POINT ( 'NONE',  ( 28.20818690732534861, 0.000000000000000000, 21.69866734216703463 ) ) ;
#3063 = ORIENTED_EDGE ( 'NONE', *, *, #267, .F. ) ;
#3064 = CARTESIAN_POINT ( 'NONE',  ( -26.79699157326941616, -1.264285166462772244E-13, -22.39589069183124437 ) ) ;
#3065 = CARTESIAN_POINT ( 'NONE',  ( -25.75000000000000000, 0.000000000000000000, -20.00000000000000355 ) ) ;
#3066 = CARTESIAN_POINT ( 'NONE',  ( 0.9367149781896612071, 7.097812652827639290, 21.25000000000000711 ) ) ;
#3067 = EDGE_CURVE ( 'NONE', #722, #2616, #1826, .T. ) ;
#3068 = CARTESIAN_POINT ( 'NONE',  ( -27.25000000000001066, 0.000000000000000000, 6.166666666666671404 ) ) ;
#3069 = ADVANCED_FACE ( 'NONE', ( #1046 ), #1508, .T. ) ;
#3070 = CARTESIAN_POINT ( 'NONE',  ( -2.369999999999990337, 5.920000000000009699, 21.25000000000000000 ) ) ;
#3071 = CYLINDRICAL_SURFACE ( 'NONE', #1667, 1.000000000000000888 ) ;
#3072 = VECTOR ( 'NONE', #3535, 1000.000000000000000 ) ;
#3073 = VECTOR ( 'NONE', #4907, 1000.000000000000000 ) ;
#3074 = VECTOR ( 'NONE', #911, 1000.000000000000000 ) ;
#3075 = CARTESIAN_POINT ( 'NONE',  ( 0.6203424859314945472, 8.688315243703925717, -22.45000000000000284 ) ) ;
#3076 = DIRECTION ( 'NONE',  ( 0.000000000000000000, 0.000000000000000000, -1.000000000000000000 ) ) ;
#3077 = VECTOR ( 'NONE', #3260, 1000.000000000000000 ) ;
#3078 = CARTESIAN_POINT ( 'NONE',  ( -13.41999999999999815, 0.7639320224996151154, 21.66666666666667140 ) ) ;
#3079 = ORIENTED_EDGE ( 'NONE', *, *, #4133, .T. ) ;
#3080 = ORIENTED_EDGE ( 'NONE', *, *, #2245, .F. ) ;
#3081 = VERTEX_POINT ( 'NONE', #1571 ) ;
#3082 = MANIFOLD_SOLID_BREP ( 'Clip Button Hole Mirror', #4756 ) ;
#3083 = CARTESIAN_POINT ( 'NONE',  ( 2.369999999999994333, 5.920000000000007923, 22.45000000000000284 ) ) ;
#3084 = LINE ( 'NONE', #3106, #2557 ) ;
#3085 = CARTESIAN_POINT ( 'NONE',  ( -13.42000000000000348, 1.625000000000001332, -19.35000000000000853 ) ) ;
#3086 = CARTESIAN_POINT ( 'NONE',  ( 21.16666666666666430, 18.80000000000000426, -21.66666666666666430 ) ) ;
#3087 = AXIS2_PLACEMENT_3D ( 'NONE', #3775, #2931, #240 ) ;
#3088 = CARTESIAN_POINT ( 'NONE',  ( -4.519999999999994245, 13.35663557268043178, -9.545306638761546836 ) ) ;
#3089 = CARTESIAN_POINT ( 'NONE',  ( -27.25000000000001066, 0.000000000000000000, -18.69871860051385681 ) ) ;
#3090 = EDGE_CURVE ( 'NONE', #4365, #4088, #850, .T. ) ;
#3091 = LINE ( 'NONE', #2307, #2154 ) ;
#3092 = VECTOR ( 'NONE', #1606, 1000.000000000000000 ) ;
#3093 = B_SPLINE_CURVE_WITH_KNOTS ( 'NONE', 3,
 ( #4562, #1049, #4181, #1390 ),
 .UNSPECIFIED., .F., .F.,
 ( 4, 4 ),
 ( 0.000000000000000000, 0.0004805875977918372291 ),
 .UNSPECIFIED. ) ;
#3094 = DIRECTION ( 'NONE',  ( -1.000000000000000000, 0.000000000000000000, 0.000000000000000000 ) ) ;
#3095 = AXIS2_PLACEMENT_3D ( 'NONE', #3286, #4492, #2099 ) ;
#3096 = DIRECTION ( 'NONE',  ( -0.000000000000000000, 1.000000000000000000, 0.000000000000000000 ) ) ;
#3097 = CARTESIAN_POINT ( 'NONE',  ( 25.94910585300619843, 0.000000000000000000, 20.00000000000000000 ) ) ;
#3098 = ADVANCED_FACE ( 'NONE', ( #3598 ), #3265, .T. ) ;
#3099 = EDGE_CURVE ( 'NONE', #1470, #160, #3303, .T. ) ;
#3100 = LINE ( 'NONE', #3792, #1433 ) ;
#3101 = DIRECTION ( 'NONE',  ( -0.000000000000000000, 0.000000000000000000, -1.000000000000000000 ) ) ;
#3102 = CARTESIAN_POINT ( 'NONE',  ( 17.24999999999999289, 81.73647591023825498, 17.75000000000000355 ) ) ;
#3103 = VERTEX_POINT ( 'NONE', #2052 ) ;
#3104 = ORIENTED_EDGE ( 'NONE', *, *, #3913, .T. ) ;
#3105 = VERTEX_POINT ( 'NONE', #3650 ) ;
#3106 = CARTESIAN_POINT ( 'NONE',  ( -4.519999999999994245, 10.05000000000000959, 20.99999999999999645 ) ) ;
#3107 = CYLINDRICAL_SURFACE ( 'NONE', #3568, 1.500000000000001332 ) ;
#3108 = ORIENTED_EDGE ( 'NONE', *, *, #3748, .T. ) ;
#3109 = CARTESIAN_POINT ( 'NONE',  ( -0.6203424859314905504, 3.611684756296108745, 22.45000000000000639 ) ) ;
#3110 = CARTESIAN_POINT ( 'NONE',  ( -22.00000000000000000, 18.80000000000001492, -2.550000000000002931 ) ) ;
#3111 = DIRECTION ( 'NONE',  ( 0.000000000000000000, -0.000000000000000000, 1.000000000000000000 ) ) ;
#3112 =( BOUNDED_CURVE ( )  B_SPLINE_CURVE ( 2, ( #3787, #3046, #5064 ),
 .UNSPECIFIED., .F., .F. ) 
 B_SPLINE_CURVE_WITH_KNOTS ( ( 3, 3 ),
 ( 0.000000000000000000, 0.001873848393517068330 ),
 .UNSPECIFIED. ) 
 CURVE ( )  GEOMETRIC_REPRESENTATION_ITEM ( )  RATIONAL_B_SPLINE_CURVE ( ( 1.000000000000000000, 0.8633971813349849977, 0.8542150666577396079 ) ) 
 REPRESENTATION_ITEM ( '' )  );
#3113 = EDGE_CURVE ( 'NONE', #4217, #4647, #2883, .T. ) ;
#3114 = PRESENTATION_STYLE_ASSIGNMENT (( #1643 ) ) ;
#3115 = DIRECTION ( 'NONE',  ( -0.000000000000000000, 1.000000000000000000, 6.195440985631452852E-17 ) ) ;
#3116 = CARTESIAN_POINT ( 'NONE',  ( -1.169999999999989715, 6.073333333333345685, 21.25000000000000000 ) ) ;
#3117 = ORIENTED_EDGE ( 'NONE', *, *, #1236, .F. ) ;
#3118 = EDGE_CURVE ( 'NONE', #476, #2822, #2961, .T. ) ;
#3119 = CARTESIAN_POINT ( 'NONE',  ( -1.169999999999989271, 5.920000000000009699, -21.25000000000000000 ) ) ;
#3120 = LINE ( 'NONE', #4682, #287 ) ;
#3121 = DIRECTION ( 'NONE',  ( 0.000000000000000000, -1.000000000000000000, 0.000000000000000000 ) ) ;
#3122 = ORIENTED_EDGE ( 'NONE', *, *, #1374, .T. ) ;
#3123 = EDGE_CURVE ( 'NONE', #3313, #3977, #1670, .T. ) ;
#3124 = ADVANCED_FACE ( 'NONE', ( #516 ), #2375, .T. ) ;
#3125 = VERTEX_POINT ( 'NONE', #4249 ) ;
#3126 = ORIENTED_EDGE ( 'NONE', *, *, #2039, .F. ) ;
#3127 = DIRECTION ( 'NONE',  ( -8.260587980841941245E-17, -2.828353493440441869E-16, -1.000000000000000000 ) ) ;
#3128 = DIRECTION ( 'NONE',  ( 0.000000000000000000, -1.000000000000000000, 0.000000000000000000 ) ) ;
#3129 = EDGE_LOOP ( 'NONE', ( #3197, #2570, #3437, #1411 ) ) ;
#3130 = ORIENTED_EDGE ( 'NONE', *, *, #1903, .F. ) ;
#3131 = CARTESIAN_POINT ( 'NONE',  ( 1.193576983479031517, 3.849126259600423428, -22.45000000000000284 ) ) ;
#3132 = CYLINDRICAL_SURFACE ( 'NONE', #4077, 3.249999999999999556 ) ;
#3133 = CARTESIAN_POINT ( 'NONE',  ( -1.169999999975720240, 6.535340787260114581, 21.25000000000000355 ) ) ;
#3134 = ORIENTED_EDGE ( 'NONE', *, *, #1268, .F. ) ;
#3135 = PRODUCT_DEFINITION_CONTEXT ( 'detailed design', #3821, 'design' ) ;
#3136 = CARTESIAN_POINT ( 'NONE',  ( 27.25000000000001421, 0.000000000000000000, -18.50000000000000355 ) ) ;
#3137 = VECTOR ( 'NONE', #3577, 1000.000000000000000 ) ;
#3138 = FILL_AREA_STYLE_COLOUR ( '', #4941 ) ;
#3139 = CARTESIAN_POINT ( 'NONE',  ( 22.00000000000000355, 3.925527804984169311, 19.24999999999999289 ) ) ;
#3140 = ORIENTED_EDGE ( 'NONE', *, *, #2014, .F. ) ;
#3141 = AXIS2_PLACEMENT_3D ( 'NONE', #1069, #247, #1016 ) ;
#3142 = VECTOR ( 'NONE', #4195, 1000.000000000000000 ) ;
#3143 = DIRECTION ( 'NONE',  ( -1.000000000000000000, 0.000000000000000000, 0.000000000000000000 ) ) ;
#3144 = CIRCLE ( 'NONE', #2823, 1.500000000000001332 ) ;
#3145 = DIRECTION ( 'NONE',  ( 0.000000000000000000, 1.000000000000000000, 0.000000000000000000 ) ) ;
#3146 = ADVANCED_FACE ( 'NONE', ( #4603 ), #1659, .T. ) ;
#3147 = CARTESIAN_POINT ( 'NONE',  ( 28.85348418192122111, 2.857629303562102763, -20.19999999999999929 ) ) ;
#3148 = ORIENTED_EDGE ( 'NONE', *, *, #1358, .F. ) ;
#3149 = AXIS2_PLACEMENT_3D ( 'NONE', #3400, #1672, #4730 ) ;
#3150 = ORIENTED_EDGE ( 'NONE', *, *, #1738, .F. ) ;
#3151 = EDGE_LOOP ( 'NONE', ( #465, #1732, #4993, #4948 ) ) ;
#3152 = CARTESIAN_POINT ( 'NONE',  ( -1.193576948582741437, 8.450873754854123732, 22.45000000000000284 ) ) ;
#3153 = AXIS2_PLACEMENT_3D ( 'NONE', #4587, #5019, #1865 ) ;
#3154 = DIRECTION ( 'NONE',  ( 0.000000000000000000, 1.000000000000000000, 6.195440985631452852E-17 ) ) ;
#3155 = PLANE ( 'NONE',  #2894 ) ;
#3156 = ORIENTED_EDGE ( 'NONE', *, *, #1671, .F. ) ;
#3157 = VERTEX_POINT ( 'NONE', #1040 ) ;
#3158 = EDGE_CURVE ( 'NONE', #1101, #897, #2571, .T. ) ;
#3159 = DIRECTION ( 'NONE',  ( 0.000000000000000000, 1.000000000000000000, 6.122553444624023009E-17 ) ) ;
#3160 = EDGE_CURVE ( 'NONE', #897, #3810, #1088, .T. ) ;
#3161 = CARTESIAN_POINT ( 'NONE',  ( 23.49999999999999645, 0.000000000000000000, -19.25000000000000000 ) ) ;
#3162 = CARTESIAN_POINT ( 'NONE',  ( 1.169999999975784633, 6.534962144603070122, 21.24999999999999645 ) ) ;
#3163 = VERTEX_POINT ( 'NONE', #2650 ) ;
#3164 = CARTESIAN_POINT ( 'NONE',  ( -25.00000000000000000, 4.000000000000000000, -19.25000000000000000 ) ) ;
#3165 = CARTESIAN_POINT ( 'NONE',  ( -23.49999999999999645, 3.000000000000000000, 17.75000000000000000 ) ) ;
#3166 = ORIENTED_EDGE ( 'NONE', *, *, #2712, .T. ) ;
#3167 = VECTOR ( 'NONE', #1431, 1000.000000000000000 ) ;
#3168 = VECTOR ( 'NONE', #4674, 1000.000000000000000 ) ;
#3169 = CARTESIAN_POINT ( 'NONE',  ( -26.50000000000000355, 3.000000000000000000, 2.388060889007033399E-15 ) ) ;
#3170 = DIRECTION ( 'NONE',  ( 0.000000000000000000, 0.000000000000000000, -1.000000000000000000 ) ) ;
#3171 = CIRCLE ( 'NONE', #4975, 3.249999999999999556 ) ;
#3172 = DIRECTION ( 'NONE',  ( -1.000000000000000000, 0.000000000000000000, 0.000000000000000000 ) ) ;
#3173 = ORIENTED_EDGE ( 'NONE', *, *, #2660, .F. ) ;
#3174 = EDGE_LOOP ( 'NONE', ( #3029, #2127, #3640, #2283 ) ) ;
#3175 = ORIENTED_EDGE ( 'NONE', *, *, #3592, .T. ) ;
#3176 = EDGE_CURVE ( 'NONE', #3105, #4489, #703, .T. ) ;
#3177 = CARTESIAN_POINT ( 'NONE',  ( 18.60000000000000142, 6.250000000000000000, 15.75000000000000711 ) ) ;
#3178 = LINE ( 'NONE', #4822, #1907 ) ;
#3179 = CYLINDRICAL_SURFACE ( 'NONE', #959, 3.249999999999999556 ) ;
#3180 = EDGE_LOOP ( 'NONE', ( #3488, #1176, #3970, #4336 ) ) ;
#3181 = ADVANCED_FACE ( 'NONE', ( #25 ), #1799, .F. ) ;
#3182 = CARTESIAN_POINT ( 'NONE',  ( 4.519999999999996021, 2.857629303562101430, 20.19999999999999929 ) ) ;
#3183 = DIRECTION ( 'NONE',  ( -0.000000000000000000, -0.000000000000000000, -1.000000000000000000 ) ) ;
#3184 = EDGE_CURVE ( 'NONE', #3208, #318, #1822, .T. ) ;
#3185 = CARTESIAN_POINT ( 'NONE',  ( -4.519999999999994245, 1.625000000000001332, -19.35000000000000853 ) ) ;
#3186 = VERTEX_POINT ( 'NONE', #2986 ) ;
#3187 = EDGE_CURVE ( 'NONE', #4712, #1620, #4947, .T. ) ;
#3188 = EDGE_CURVE ( 'NONE', #2381, #3783, #2286, .T. ) ;
#3189 = DIRECTION ( 'NONE',  ( 0.000000000000000000, 0.000000000000000000, -1.000000000000000000 ) ) ;
#3190 = CARTESIAN_POINT ( 'NONE',  ( 13.42000000000000348, 2.857629303562101430, 20.19999999999999929 ) ) ;
#3191 = EDGE_LOOP ( 'NONE', ( #4819, #3117, #4968, #4239 ) ) ;
#3192 = DIRECTION ( 'NONE',  ( -1.639108796198558178E-16, 6.122553444624023009E-17, -1.000000000000000000 ) ) ;
#3193 = VECTOR ( 'NONE', #1685, 1000.000000000000000 ) ;
#3194 = CYLINDRICAL_SURFACE ( 'NONE', #2990, 1.500000000000001332 ) ;
#3195 = CARTESIAN_POINT ( 'NONE',  ( 1.506666666666660825, 0.000000000000000000, -20.00000000000000355 ) ) ;
#3196 = CARTESIAN_POINT ( 'NONE',  ( 0.000000000000000000, 0.7639320224984933461, 21.66666666666666785 ) ) ;
#3197 = ORIENTED_EDGE ( 'NONE', *, *, #3585, .T. ) ;
#3198 = VERTEX_POINT ( 'NONE', #3012 ) ;
#3199 = ORIENTED_EDGE ( 'NONE', *, *, #4782, .F. ) ;
#3200 = CARTESIAN_POINT ( 'NONE',  ( 0.000000000000000000, 3.000000000000000000, 20.25000000000000000 ) ) ;
#3201 = CARTESIAN_POINT ( 'NONE',  ( -17.91666666666666430, 17.00000000000000355, 2.550000000000010481 ) ) ;
#3202 = FACE_OUTER_BOUND ( 'NONE', #297, .T. ) ;
#3203 = ORIENTED_EDGE ( 'NONE', *, *, #1531, .T. ) ;
#3204 = EDGE_LOOP ( 'NONE', ( #3445, #3278, #4213, #3760, #2279, #1385, #1844, #4829, #3570, #241, #562, #2172, #4109, #4299, #1790, #3898, #1344, #3564, #4668, #170 ) ) ;
#3205 = LINE ( 'NONE', #4337, #4456 ) ;
#3206 = DIRECTION ( 'NONE',  ( 0.000000000000000000, -1.000000000000000000, 0.000000000000000000 ) ) ;
#3207 = CARTESIAN_POINT ( 'NONE',  ( -26.50000000000000355, 4.000000000000000000, -17.75000000000000000 ) ) ;
#3208 = VERTEX_POINT ( 'NONE', #344 ) ;
#3209 = ADVANCED_FACE ( 'NONE', ( #4578 ), #3997, .T. ) ;
#3210 = CARTESIAN_POINT ( 'NONE',  ( -1.140106852107925395, 5.615292931102021434, 21.25000000000000355 ) ) ;
#3211 = VECTOR ( 'NONE', #2673, 1000.000000000000000 ) ;
#3212 = CARTESIAN_POINT ( 'NONE',  ( -0.9356101924206703391, 5.200980324444145708, -21.25000000000000000 ) ) ;
#3213 = CARTESIAN_POINT ( 'NONE',  ( 4.750000000000004441, 18.80000000000001137, -22.50000000000000355 ) ) ;
#3214 = CARTESIAN_POINT ( 'NONE',  ( -1.169999999999989937, 5.920000000000007034, -21.25000000000000000 ) ) ;
#3215 = VERTEX_POINT ( 'NONE', #1655 ) ;
#3216 = B_SPLINE_CURVE_WITH_KNOTS ( 'NONE', 3,
 ( #1484, #3432, #351, #3848 ),
 .UNSPECIFIED., .F., .F.,
 ( 4, 4 ),
 ( 0.000000000000000000, 1.000000000000000000 ),
 .UNSPECIFIED. ) ;
#3217 = EDGE_CURVE ( 'NONE', #4083, #1218, #2013, .T. ) ;
#3218 = CARTESIAN_POINT ( 'NONE',  ( -4.519999999999994245, 2.857629303562101430, 20.19999999999999929 ) ) ;
#3219 = PLANE ( 'NONE',  #615 ) ;
#3220 = DIRECTION ( 'NONE',  ( 0.000000000000000000, 0.000000000000000000, 1.000000000000000000 ) ) ;
#3221 = DIRECTION ( 'NONE',  ( 1.000000000000000000, 0.000000000000000000, 0.000000000000000000 ) ) ;
#3222 = VERTEX_POINT ( 'NONE', #130 ) ;
#3223 = ORIENTED_EDGE ( 'NONE', *, *, #57, .T. ) ;
#3224 = VERTEX_POINT ( 'NONE', #3225 ) ;
#3225 = CARTESIAN_POINT ( 'NONE',  ( -13.42000000000000348, 0.000000000000000000, 19.99999999999999645 ) ) ;
#3226 = CARTESIAN_POINT ( 'NONE',  ( 8.583333333333335702, -1.116728237658953358E-11, -22.50000000000000355 ) ) ;
#3227 = FACE_OUTER_BOUND ( 'NONE', #3329, .T. ) ;
#3228 = ORIENTED_EDGE ( 'NONE', *, *, #2941, .T. ) ;
#3229 = CIRCLE ( 'NONE', #3315, 2.499999999999998668 ) ;
#3230 = VECTOR ( 'NONE', #3974, 1000.000000000000000 ) ;
#3231 = AXIS2_PLACEMENT_3D ( 'NONE', #1183, #3522, #2000 ) ;
#3232 = ORIENTED_EDGE ( 'NONE', *, *, #2627, .F. ) ;
#3233 = CARTESIAN_POINT ( 'NONE',  ( -0.7190196755558397879, 7.315610192420675340, -21.25000000000000000 ) ) ;
#3234 = AXIS2_PLACEMENT_3D ( 'NONE', #2859, #4425, #2293 ) ;
#3235 = CARTESIAN_POINT ( 'NONE',  ( 1.169999999976063076, 5.766819758071840774, 21.25000000000000000 ) ) ;
#3236 = CARTESIAN_POINT ( 'NONE',  ( -18.75000000000000355, 4.000000000000000000, -19.25000000000000355 ) ) ;
#3237 = ORIENTED_EDGE ( 'NONE', *, *, #3090, .T. ) ;
#3238 = CARTESIAN_POINT ( 'NONE',  ( -26.50748032600629145, -0.000000000000000000, 19.80990971468680684 ) ) ;
#3239 = EDGE_CURVE ( 'NONE', #4304, #3942, #2791, .T. ) ;
#3240 = CARTESIAN_POINT ( 'NONE',  ( -17.24999999999999645, 6.250000000000000000, 18.85309986098562263 ) ) ;
#3241 = CARTESIAN_POINT ( 'NONE',  ( 21.99999999999999645, 3.970519631153956119, -19.40551279071536683 ) ) ;
#3242 = ORIENTED_EDGE ( 'NONE', *, *, #643, .T. ) ;
#3243 = AXIS2_PLACEMENT_3D ( 'NONE', #1926, #3128, #3515 ) ;
#3244 = EDGE_CURVE ( 'NONE', #2790, #4606, #2426, .T. ) ;
#3245 = CARTESIAN_POINT ( 'NONE',  ( -2.369999999999989893, 6.073333333333346573, -22.45000000000000284 ) ) ;
#3246 = CARTESIAN_POINT ( 'NONE',  ( -1.169999999999989937, 5.920000000000007034, 21.25000000000000000 ) ) ;
#3247 = PLANE ( 'NONE',  #3752 ) ;
#3248 = EDGE_CURVE ( 'NONE', #3424, #2323, #51, .T. ) ;
#3249 = VECTOR ( 'NONE', #3873, 1000.000000000000000 ) ;
#3250 = CARTESIAN_POINT ( 'NONE',  ( -17.24999999999999645, 6.250000000000000000, -17.74999999999999645 ) ) ;
#3251 = ORIENTED_EDGE ( 'NONE', *, *, #1403, .T. ) ;
#3252 = EDGE_CURVE ( 'NONE', #723, #1245, #3144, .T. ) ;
#3253 = EDGE_LOOP ( 'NONE', ( #2198, #2454, #593, #4103 ) ) ;
#3254 = AXIS2_PLACEMENT_3D ( 'NONE', #98, #1267, #3220 ) ;
#3255 = DIRECTION ( 'NONE',  ( 1.000000000000000000, 0.000000000000000000, 0.000000000000000000 ) ) ;
#3256 = DIRECTION ( 'NONE',  ( -0.000000000000000000, 1.000000000000000000, -0.000000000000000000 ) ) ;
#3257 = CARTESIAN_POINT ( 'NONE',  ( -17.91666666666666430, -43.57960786344599313, -18.41666666666666075 ) ) ;
#3258 = ORIENTED_EDGE ( 'NONE', *, *, #4660, .T. ) ;
#3259 = VERTEX_POINT ( 'NONE', #157 ) ;
#3260 = DIRECTION ( 'NONE',  ( 0.000000000000000000, 0.000000000000000000, 1.000000000000000000 ) ) ;
#3261 = DIRECTION ( 'NONE',  ( 0.000000000000000000, 0.000000000000000000, 1.000000000000000000 ) ) ;
#3262 = CARTESIAN_POINT ( 'NONE',  ( -13.42000000000000348, 0.000000000000000000, 19.35000000000000853 ) ) ;
#3263 = VERTEX_POINT ( 'NONE', #2091 ) ;
#3264 = CARTESIAN_POINT ( 'NONE',  ( -25.75000000000001066, 0.000000000000000000, 19.99999999999999645 ) ) ;
#3265 = CYLINDRICAL_SURFACE ( 'NONE', #3885, 4.945548129602392429 ) ;
#3266 = CARTESIAN_POINT ( 'NONE',  ( 27.06067958809741469, 0.000000000000000000, -19.25542845711881768 ) ) ;
#3267 = DIRECTION ( 'NONE',  ( 0.000000000000000000, 1.000000000000000000, 0.000000000000000000 ) ) ;
#3268 = CARTESIAN_POINT ( 'NONE',  ( -2.369999999999990337, 6.073333333333349238, -21.25000000000000000 ) ) ;
#3269 = ORIENTED_EDGE ( 'NONE', *, *, #1374, .F. ) ;
#3270 = EDGE_CURVE ( 'NONE', #1904, #1373, #2857, .T. ) ;
#3271 = LINE ( 'NONE', #600, #1761 ) ;
#3272 = CARTESIAN_POINT ( 'NONE',  ( 27.25000000000001066, 0.000000000000000000, -18.50000000000000711 ) ) ;
#3273 = DIRECTION ( 'NONE',  ( -8.462065736472231082E-17, 6.123233995736766036E-17, -1.000000000000000000 ) ) ;
#3274 = DIRECTION ( 'NONE',  ( 0.000000000000000000, 1.000000000000000000, 0.000000000000000000 ) ) ;
#3275 = CARTESIAN_POINT ( 'NONE',  ( 2.369999999999994333, 5.920000000000008811, 22.45000000000000284 ) ) ;
#3276 = ORIENTED_EDGE ( 'NONE', *, *, #89, .F. ) ;
#3277 = EDGE_CURVE ( 'NONE', #1234, #3458, #3586, .T. ) ;
#3278 = ORIENTED_EDGE ( 'NONE', *, *, #1207, .F. ) ;
#3279 = DIRECTION ( 'NONE',  ( 0.000000000000000000, 0.000000000000000000, 1.000000000000000000 ) ) ;
#3280 = CARTESIAN_POINT ( 'NONE',  ( 25.00000000000000000, 4.000000000000000000, 17.75000000000000000 ) ) ;
#3281 = CARTESIAN_POINT ( 'NONE',  ( 26.50000000000000355, 4.000000000000000000, 0.000000000000000000 ) ) ;
#3282 = ORIENTED_EDGE ( 'NONE', *, *, #4534, .F. ) ;
#3283 = EDGE_CURVE ( 'NONE', #4305, #3810, #1612, .T. ) ;
#3284 = ORIENTED_EDGE ( 'NONE', *, *, #4680, .T. ) ;
#3285 = CARTESIAN_POINT ( 'NONE',  ( -0.5892341898066576489, 7.402330081510326565, -21.25000000000000000 ) ) ;
#3286 = CARTESIAN_POINT ( 'NONE',  ( 25.75000000000001421, 1.000000000000000000, -18.50000000000000355 ) ) ;
#3287 = DIRECTION ( 'NONE',  ( 0.000000000000000000, 0.000000000000000000, -1.000000000000000000 ) ) ;
#3288 = ORIENTED_EDGE ( 'NONE', *, *, #4929, .F. ) ;
#3289 = CARTESIAN_POINT ( 'NONE',  ( -1.169999999999989271, 5.920000000000009699, -21.25000000000000000 ) ) ;
#3290 = CARTESIAN_POINT ( 'NONE',  ( 2.369999999951633018, 6.690288182367317482, 21.25000000000000000 ) ) ;
#3291 = CARTESIAN_POINT ( 'NONE',  ( 23.50000000000000355, 1.000000000000000000, 17.75000000000000000 ) ) ;
#3292 = DIRECTION ( 'NONE',  ( 0.000000000000000000, 1.000000000000000000, 6.122553444624023009E-17 ) ) ;
#3293 = ORIENTED_EDGE ( 'NONE', *, *, #3030, .T. ) ;
#3294 = CARTESIAN_POINT ( 'NONE',  ( 25.00000000000000000, 3.000000000000000000, -20.25000000000000000 ) ) ;
#3295 = PLANE ( 'NONE',  #1332 ) ;
#3296 = DIRECTION ( 'NONE',  ( -0.000000000000000000, 1.000000000000000000, 6.123233995736766036E-17 ) ) ;
#3297 = CARTESIAN_POINT ( 'NONE',  ( -28.94866734216773452, 0.000000000000000000, 20.95818690732533796 ) ) ;
#3298 = CARTESIAN_POINT ( 'NONE',  ( -1.169999999999989271, 5.920000000000007923, 21.25000000000000000 ) ) ;
#3299 = ORIENTED_EDGE ( 'NONE', *, *, #113, .F. ) ;
#3300 = STYLED_ITEM ( 'NONE', ( #3114 ), #3082 ) ;
#3301 = EDGE_CURVE ( 'NONE', #4056, #3263, #3479, .T. ) ;
#3302 = CARTESIAN_POINT ( 'NONE',  ( -20.49999999999999645, 17.00000000000000711, 20.99999999999999289 ) ) ;
#3303 =( BOUNDED_CURVE ( )  B_SPLINE_CURVE ( 2, ( #4091, #1287, #2075 ),
 .UNSPECIFIED., .F., .T. ) 
 B_SPLINE_CURVE_WITH_KNOTS ( ( 3, 3 ),
 ( 0.000000000000000000, 0.001877141136577700677 ),
 .UNSPECIFIED. ) 
 CURVE ( )  GEOMETRIC_REPRESENTATION_ITEM ( )  RATIONAL_B_SPLINE_CURVE ( ( 0.8542150666577397189, 0.8633971813349854418, 1.000000000000000000 ) ) 
 REPRESENTATION_ITEM ( '' )  );
#3304 = FACE_OUTER_BOUND ( 'NONE', #3429, .T. ) ;
#3305 = ORIENTED_EDGE ( 'NONE', *, *, #612, .T. ) ;
#3306 = TOROIDAL_SURFACE ( 'NONE', #605, 2.500000000000000000, 1.000000000000000000 ) ;
#3307 = ORIENTED_EDGE ( 'NONE', *, *, #3465, .T. ) ;
#3308 = CARTESIAN_POINT ( 'NONE',  ( -0.9356101924206645659, 7.099019675555883424, -21.25000000000000000 ) ) ;
#3309 = VECTOR ( 'NONE', #4356, 1000.000000000000000 ) ;
#3310 = CARTESIAN_POINT ( 'NONE',  ( -13.42000000000000348, 1.625000000000001332, 19.35000000000000853 ) ) ;
#3311 = DIRECTION ( 'NONE',  ( 8.195543980992792121E-17, -6.122553444624023009E-17, 1.000000000000000000 ) ) ;
#3312 = LINE ( 'NONE', #4139, #781 ) ;
#3313 = VERTEX_POINT ( 'NONE', #1630 ) ;
#3314 = ADVANCED_FACE ( 'NONE', ( #4412 ), #3944, .T. ) ;
#3315 = AXIS2_PLACEMENT_3D ( 'NONE', #3992, #2033, #804 ) ;
#3316 = CARTESIAN_POINT ( 'NONE',  ( 25.00000000000000000, 0.000000000000000000, -17.75000000000000000 ) ) ;
#3317 = EDGE_CURVE ( 'NONE', #1030, #2653, #4387, .T. ) ;
#3318 = CARTESIAN_POINT ( 'NONE',  ( -2.070873754854109183, 7.573576948582816826, 21.25000000000000000 ) ) ;
#3319 = VECTOR ( 'NONE', #485, 1000.000000000000000 ) ;
#3320 = CARTESIAN_POINT ( 'NONE',  ( 29.74999999996049027, 0.000000000000000000, -19.02369315211881684 ) ) ;
#3321 = CARTESIAN_POINT ( 'NONE',  ( -1.169999999999989493, 6.226666666666685224, -21.25000000000000000 ) ) ;
#3322 = ORIENTED_EDGE ( 'NONE', *, *, #1368, .T. ) ;
#3323 = CARTESIAN_POINT ( 'NONE',  ( 4.519999999999994245, 0.000000000000000000, 19.35000000000000853 ) ) ;
#3324 = CARTESIAN_POINT ( 'NONE',  ( -18.74999999999999645, 4.000000000000000000, 19.24999999999999645 ) ) ;
#3325 = CARTESIAN_POINT ( 'NONE',  ( -17.24999999999999645, 6.250000000000000000, 20.99999999999999289 ) ) ;
#3326 = CARTESIAN_POINT ( 'NONE',  ( 20.49999999999999645, 6.250000000000005329, -17.74999999999999645 ) ) ;
#3327 = AXIS2_PLACEMENT_3D ( 'NONE', #973, #4533, #636 ) ;
#3328 = FACE_OUTER_BOUND ( 'NONE', #2503, .T. ) ;
#3329 = EDGE_LOOP ( 'NONE', ( #3921, #2933, #2317, #2744 ) ) ;
#3330 = DIRECTION ( 'NONE',  ( 0.000000000000000000, 0.000000000000000000, -1.000000000000000000 ) ) ;
#3331 = VECTOR ( 'NONE', #4812, 1000.000000000000000 ) ;
#3332 = FACE_OUTER_BOUND ( 'NONE', #1304, .T. ) ;
#3333 = VERTEX_POINT ( 'NONE', #2450 ) ;
#3334 = ADVANCED_FACE ( 'NONE', ( #1712 ), #501, .T. ) ;
#3335 = EDGE_LOOP ( 'NONE', ( #1004, #3063, #3745, #3613, #2121, #3282, #1814, #1335, #3941, #2596 ) ) ;
#3336 = CARTESIAN_POINT ( 'NONE',  ( -1.139548024566141127, 6.686245041927688426, -21.25000000000000000 ) ) ;
#3337 = DIRECTION ( 'NONE',  ( 0.000000000000000000, 0.000000000000000000, 1.000000000000000000 ) ) ;
#3338 = CARTESIAN_POINT ( 'NONE',  ( 29.64589070667328130, 3.000000000000000444, 19.54699153743711904 ) ) ;
#3339 = LINE ( 'NONE', #1438, #3981 ) ;
#3340 = ORIENTED_EDGE ( 'NONE', *, *, #5066, .T. ) ;
#3341 = EDGE_CURVE ( 'NONE', #1373, #5001, #1666, .T. ) ;
#3342 = DIRECTION ( 'NONE',  ( -1.000000000000000000, 0.000000000000000000, -0.000000000000000000 ) ) ;
#3343 = EDGE_CURVE ( 'NONE', #4241, #336, #2196, .T. ) ;
#3344 = CARTESIAN_POINT ( 'NONE',  ( 1.895210389775245252, 7.836475753049005455, 22.45000000000000284 ) ) ;
#3345 = CARTESIAN_POINT ( 'NONE',  ( 27.25000000000001421, 0.000000000000000000, -18.50000000000000355 ) ) ;
#3346 = LINE ( 'NONE', #3782, #4290 ) ;
#3347 = ORIENTED_EDGE ( 'NONE', *, *, #2183, .T. ) ;
#3348 = EDGE_CURVE ( 'NONE', #4361, #2017, #2142, .T. ) ;
#3349 = EDGE_CURVE ( 'NONE', #1091, #2807, #1257, .T. ) ;
#3350 = CARTESIAN_POINT ( 'NONE',  ( -25.00000000000000000, 3.000000000000000000, -20.25000000000000000 ) ) ;
#3351 = CARTESIAN_POINT ( 'NONE',  ( -1.895210416483677385, 7.836475726340566439, 22.45000000000000639 ) ) ;
#3352 = LINE ( 'NONE', #602, #607 ) ;
#3353 = FACE_OUTER_BOUND ( 'NONE', #3191, .T. ) ;
#3354 = FACE_OUTER_BOUND ( 'NONE', #23, .T. ) ;
#3355 = ORIENTED_EDGE ( 'NONE', *, *, #2866, .F. ) ;
#3356 = CARTESIAN_POINT ( 'NONE',  ( 2.369999999999994333, 5.920000000000008811, 22.45000000000000284 ) ) ;
#3357 = CARTESIAN_POINT ( 'NONE',  ( -25.00000000000000000, 4.000000000000000000, -20.24999999999999645 ) ) ;
#3358 = ORIENTED_EDGE ( 'NONE', *, *, #3160, .F. ) ;
#3359 = EDGE_LOOP ( 'NONE', ( #1443, #691, #2624, #3804 ) ) ;
#3360 = CARTESIAN_POINT ( 'NONE',  ( 17.91666666666666430, 17.00000000000000711, 18.41666666666666075 ) ) ;
#3361 = CARTESIAN_POINT ( 'NONE',  ( -20.49999999999999645, 14.20000000000000639, -2.550000000000002487 ) ) ;
#3362 = LINE ( 'NONE', #982, #865 ) ;
#3363 = VERTEX_POINT ( 'NONE', #2170 ) ;
#3364 = DIRECTION ( 'NONE',  ( -0.000000000000000000, 1.000000000000000000, -0.000000000000000000 ) ) ;
#3365 = EDGE_LOOP ( 'NONE', ( #4108, #937, #4876, #1609 ) ) ;
#3366 = CARTESIAN_POINT ( 'NONE',  ( -0.3102322367705093731, 8.750000000000015987, 22.45000000000000284 ) ) ;
#3367 = CARTESIAN_POINT ( 'NONE',  ( 13.42000000000000526, 0.7639320224982961705, -21.66666666666667140 ) ) ;
#3368 = EDGE_CURVE ( 'NONE', #2473, #3105, #842, .T. ) ;
#3369 = CARTESIAN_POINT ( 'NONE',  ( -20.49999999999999645, 81.73647591023825498, 20.99999999999999645 ) ) ;
#3370 = EDGE_LOOP ( 'NONE', ( #1802, #3958, #2009, #825 ) ) ;
#3371 = CARTESIAN_POINT ( 'NONE',  ( -20.49999999999999645, 6.250000000000000000, 17.74999999999999645 ) ) ;
#3372 = FACE_OUTER_BOUND ( 'NONE', #4577, .T. ) ;
#3373 = CARTESIAN_POINT ( 'NONE',  ( -22.00000000000000000, 18.80000000000001492, -2.550000000000002931 ) ) ;
#3374 = CARTESIAN_POINT ( 'NONE',  ( -27.25000000000001066, 0.000000000000000000, 18.50000000000000000 ) ) ;
#3375 = CARTESIAN_POINT ( 'NONE',  ( 0.000000000000000000, 4.000000000000000000, 19.25000000000000000 ) ) ;
#3376 = EDGE_CURVE ( 'NONE', #1056, #1764, #4207, .T. ) ;
#3377 = ORIENTED_EDGE ( 'NONE', *, *, #2497, .T. ) ;
#3378 = DIRECTION ( 'NONE',  ( 0.000000000000000000, -1.000000000000000000, 0.000000000000000000 ) ) ;
#3379 = FACE_OUTER_BOUND ( 'NONE', #4355, .T. ) ;
#3380 = VERTEX_POINT ( 'NONE', #4511 ) ;
#3381 = ORIENTED_EDGE ( 'NONE', *, *, #3681, .F. ) ;
#3382 = LINE ( 'NONE', #3005, #3746 ) ;
#3383 = AXIS2_PLACEMENT_3D ( 'NONE', #4962, #1830, #326 ) ;
#3384 = CARTESIAN_POINT ( 'NONE',  ( -8.583333333333351689, 0.000000000000000000, 19.99999999999999645 ) ) ;
#3385 = CARTESIAN_POINT ( 'NONE',  ( 4.519999999999994245, 1.625000000000001332, 19.35000000000000853 ) ) ;
#3386 = CIRCLE ( 'NONE', #1170, 2.500000000000000444 ) ;
#3387 = CARTESIAN_POINT ( 'NONE',  ( 25.00000000000000000, 0.000000000000000000, 19.25000000000000000 ) ) ;
#3388 = CARTESIAN_POINT ( 'NONE',  ( 13.42000000000000348, 2.857629303562104539, 15.25445187039760775 ) ) ;
#3389 = AXIS2_PLACEMENT_3D ( 'NONE', #3200, #891, #3279 ) ;
#3390 = EDGE_LOOP ( 'NONE', ( #436, #3791, #4593, #4132 ) ) ;
#3391 = DIRECTION ( 'NONE',  ( 1.541976423090495387E-16, -6.195440985631452852E-17, 1.000000000000000000 ) ) ;
#3392 = LINE ( 'NONE', #2287, #1370 ) ;
#3393 = LINE ( 'NONE', #2652, #2066 ) ;
#3394 = VERTEX_POINT ( 'NONE', #1430 ) ;
#3395 = CIRCLE ( 'NONE', #4949, 1.318749999999996980 ) ;
#3396 = EDGE_CURVE ( 'NONE', #1764, #3874, #1541, .T. ) ;
#3397 = DIRECTION ( 'NONE',  ( 0.000000000000000000, 0.000000000000000000, -1.000000000000000000 ) ) ;
#3398 = CARTESIAN_POINT ( 'NONE',  ( 1.139548024566147566, 5.613754958072411760, -21.25000000000000000 ) ) ;
#3399 = VECTOR ( 'NONE', #93, 1000.000000000000000 ) ;
#3400 = CARTESIAN_POINT ( 'NONE',  ( -4.519999999999994245, 1.625000000000001332, -20.66875000000000639 ) ) ;
#3401 = CARTESIAN_POINT ( 'NONE',  ( 29.75000000000001066, 3.000000000000000000, 6.166666666666660745 ) ) ;
#3402 = EDGE_CURVE ( 'NONE', #265, #4078, #3769, .T. ) ;
#3403 = ORIENTED_EDGE ( 'NONE', *, *, #4090, .T. ) ;
#3404 = CARTESIAN_POINT ( 'NONE',  ( -4.750000000000006217, 14.25000000000001066, -21.66666666666666785 ) ) ;
#3405 = DIRECTION ( 'NONE',  ( -0.000000000000000000, 1.000000000000000000, 6.123233995736766036E-17 ) ) ;
#3406 = DIRECTION ( 'NONE',  ( 0.000000000000000000, 0.000000000000000000, 1.000000000000000000 ) ) ;
#3407 = ORIENTED_EDGE ( 'NONE', *, *, #357, .F. ) ;
#3408 = EDGE_CURVE ( 'NONE', #2665, #1665, #1876, .T. ) ;
#3409 = CIRCLE ( 'NONE', #2259, 3.249999999999999556 ) ;
#3410 = VECTOR ( 'NONE', #812, 1000.000000000000000 ) ;
#3411 = ORIENTED_EDGE ( 'NONE', *, *, #3886, .T. ) ;
#3412 = ORIENTED_EDGE ( 'NONE', *, *, #3368, .F. ) ;
#3413 = LINE ( 'NONE', #3461, #5056 ) ;
#3414 = CARTESIAN_POINT ( 'NONE',  ( -25.75000000000001066, 3.000000000000000000, 22.49999999999999645 ) ) ;
#3415 = CARTESIAN_POINT ( 'NONE',  ( 0.000000000000000000, 4.000000000000000000, -19.25000000000000000 ) ) ;
#3416 = ORIENTED_EDGE ( 'NONE', *, *, #1498, .F. ) ;
#3417 = VECTOR ( 'NONE', #1891, 1000.000000000000000 ) ;
#3418 = VECTOR ( 'NONE', #3183, 1000.000000000000000 ) ;
#3419 = CARTESIAN_POINT ( 'NONE',  ( 27.24999999998502176, 0.000000000000000000, 18.69638493204487162 ) ) ;
#3420 = ORIENTED_EDGE ( 'NONE', *, *, #1298, .T. ) ;
#3421 = CARTESIAN_POINT ( 'NONE',  ( -27.76447588565108404, 3.000000000000000000, -21.99514556825934974 ) ) ;
#3422 = CARTESIAN_POINT ( 'NONE',  ( -4.519999999999994245, 18.80000000000001492, 21.66666666666666785 ) ) ;
#3423 = CARTESIAN_POINT ( 'NONE',  ( -1.140313017655121719, 5.615412674117410852, -21.25000000000000355 ) ) ;
#3424 = VERTEX_POINT ( 'NONE', #2612 ) ;
#3425 = CARTESIAN_POINT ( 'NONE',  ( -25.75000000000001066, 4.000000000000000000, -22.50000000000000355 ) ) ;
#3426 = CARTESIAN_POINT ( 'NONE',  ( 0.5892341898066694172, 4.897669918489706120, -21.25000000000000000 ) ) ;
#3427 = CARTESIAN_POINT ( 'NONE',  ( 26.95099667803146914, 0.000000000000000000, 19.42021905400135040 ) ) ;
#3428 = DIRECTION ( 'NONE',  ( -0.000000000000000000, 0.000000000000000000, -1.000000000000000000 ) ) ;
#3429 = EDGE_LOOP ( 'NONE', ( #4196, #2089, #1584, #1074 ) ) ;
#3430 = CARTESIAN_POINT ( 'NONE',  ( -20.49999999999999645, 1.000000000000000888, 17.74999999999999645 ) ) ;
#3431 = ORIENTED_EDGE ( 'NONE', *, *, #2617, .T. ) ;
#3432 = CARTESIAN_POINT ( 'NONE',  ( 8.583333333333342807, 3.000000000000000000, -22.50000000000000355 ) ) ;
#3433 = EDGE_CURVE ( 'NONE', #2790, #2458, #1834, .T. ) ;
#3434 = CARTESIAN_POINT ( 'NONE',  ( -4.519999999999994245, 1.624999999999998002, 19.35000000000000853 ) ) ;
#3435 = VERTEX_POINT ( 'NONE', #584 ) ;
#3436 = ORIENTED_EDGE ( 'NONE', *, *, #2007, .T. ) ;
#3437 = ORIENTED_EDGE ( 'NONE', *, *, #249, .F. ) ;
#3438 = CARTESIAN_POINT ( 'NONE',  ( 2.070873754854134940, 4.726423051417344645, 22.45000000000000284 ) ) ;
#3439 = ADVANCED_FACE ( 'NONE', ( #4459 ), #3742, .F. ) ;
#3440 = CARTESIAN_POINT ( 'NONE',  ( 25.75000000000001066, 3.000000000000000000, 22.49999999999999645 ) ) ;
#3441 = CARTESIAN_POINT ( 'NONE',  ( 25.75000000000001421, 3.000000000000000000, -22.50000000000000355 ) ) ;
#3442 = DIRECTION ( 'NONE',  ( -1.000000000000000000, -0.000000000000000000, 8.260587980841940012E-17 ) ) ;
#3443 =( BOUNDED_CURVE ( )  B_SPLINE_CURVE ( 2, ( #1913, #1555, #3119 ),
 .UNSPECIFIED., .F., .T. ) 
 B_SPLINE_CURVE_WITH_KNOTS ( ( 3, 3 ),
 ( 0.000000000000000000, 1.000000000000000000 ),
 .UNSPECIFIED. ) 
 CURVE ( )  GEOMETRIC_REPRESENTATION_ITEM ( )  RATIONAL_B_SPLINE_CURVE ( ( 1.000000000000000000, 0.05263157894736842507, 1.000000000000000000 ) ) 
 REPRESENTATION_ITEM ( '' )  );
#3444 = CARTESIAN_POINT ( 'NONE',  ( 29.64589069183090686, 2.528570332925544993E-13, 19.54699157326975367 ) ) ;
#3445 = ORIENTED_EDGE ( 'NONE', *, *, #90, .F. ) ;
#3446 = CARTESIAN_POINT ( 'NONE',  ( -29.75000000000001066, 3.000000000000000000, -18.49999999999999289 ) ) ;
#3447 = CARTESIAN_POINT ( 'NONE',  ( 20.49999999999999645, 81.73647591023825498, 21.00000000000000000 ) ) ;
#3448 = FACE_OUTER_BOUND ( 'NONE', #3390, .T. ) ;
#3449 = CARTESIAN_POINT ( 'NONE',  ( -19.81348418192123262, 6.123233995736829515E-18, 19.35000000000000853 ) ) ;
#3450 = CARTESIAN_POINT ( 'NONE',  ( 1.022330081510255617, 5.330765810193302201, -21.25000000000000000 ) ) ;
#3451 = LINE ( 'NONE', #2632, #2073 ) ;
#3452 = DIRECTION ( 'NONE',  ( 1.000000000000000000, 0.000000000000000000, 0.000000000000000000 ) ) ;
#3453 = CARTESIAN_POINT ( 'NONE',  ( -1.193576983479024856, 8.450873740399609702, -22.45000000000000284 ) ) ;
#3454 = CARTESIAN_POINT ( 'NONE',  ( 17.91666666666666430, 17.00000000000000711, -21.66666666666666430 ) ) ;
#3455 = CARTESIAN_POINT ( 'NONE',  ( -13.42000000000000526, -5.578937674810436625E-13, 20.95491502812632234 ) ) ;
#3456 = EDGE_LOOP ( 'NONE', ( #4618, #4411, #4594, #1174, #1787 ) ) ;
#3457 = ORIENTED_EDGE ( 'NONE', *, *, #2180, .T. ) ;
#3458 = VERTEX_POINT ( 'NONE', #4487 ) ;
#3459 = EDGE_CURVE ( 'NONE', #55, #3105, #611, .T. ) ;
#3460 = VECTOR ( 'NONE', #2092, 1000.000000000000000 ) ;
#3461 = CARTESIAN_POINT ( 'NONE',  ( -17.91666666666666430, 17.00000000000000355, -2.550000000000003819 ) ) ;
#3462 = CARTESIAN_POINT ( 'NONE',  ( 18.59999999999999432, 6.250000000000000000, -15.74999999999999289 ) ) ;
#3463 = DIRECTION ( 'NONE',  ( 1.000000000000000000, 0.000000000000000000, -8.462065736472231082E-17 ) ) ;
#3464 = DIRECTION ( 'NONE',  ( 0.000000000000000000, 0.000000000000000000, 1.000000000000000000 ) ) ;
#3465 = EDGE_CURVE ( 'NONE', #1104, #2790, #2484, .T. ) ;
#3466 = DIRECTION ( 'NONE',  ( 0.000000000000000000, 0.000000000000000000, -1.000000000000000000 ) ) ;
#3467 = PRESENTATION_LAYER_ASSIGNMENT (  '', '', ( #3300 ) ) ;
#3468 = ORIENTED_EDGE ( 'NONE', *, *, #242, .F. ) ;
#3469 = CARTESIAN_POINT ( 'NONE',  ( -1.169999999999989271, 6.380000000000024762, 21.25000000000000000 ) ) ;
#3470 = EDGE_CURVE ( 'NONE', #4265, #4445, #4869, .T. ) ;
#3471 = CARTESIAN_POINT ( 'NONE',  ( -23.49999999999999645, 0.000000000000000000, 19.25000000000000000 ) ) ;
#3472 =( BOUNDED_CURVE ( )  B_SPLINE_CURVE ( 2, ( #2233, #268, #677 ),
 .UNSPECIFIED., .F., .T. ) 
 B_SPLINE_CURVE_WITH_KNOTS ( ( 3, 3 ),
 ( 0.000000000000000000, 1.000000000000000000 ),
 .UNSPECIFIED. ) 
 CURVE ( )  GEOMETRIC_REPRESENTATION_ITEM ( )  RATIONAL_B_SPLINE_CURVE ( ( 1.000000000000000000, 0.7071067811865476838, 1.000000000000000000 ) ) 
 REPRESENTATION_ITEM ( '' )  );
#3473 = EDGE_CURVE ( 'NONE', #4094, #3380, #2119, .T. ) ;
#3474 = DIRECTION ( 'NONE',  ( 1.000000000000000000, -0.000000000000000000, -0.000000000000000000 ) ) ;
#3475 = AXIS2_PLACEMENT_3D ( 'NONE', #2751, #2288, #4658 ) ;
#3476 = CARTESIAN_POINT ( 'NONE',  ( 0.3102322745419938133, 8.750000000000014211, 22.45000000000000284 ) ) ;
#3477 = CARTESIAN_POINT ( 'NONE',  ( 27.21172888284856484, -0.000000000000000000, 18.89056997108684399 ) ) ;
#3478 = AXIS2_PLACEMENT_3D ( 'NONE', #2581, #634, #3764 ) ;
#3479 = CIRCLE ( 'NONE', #2732, 3.249999999999999556 ) ;
#3480 = AXIS2_PLACEMENT_3D ( 'NONE', #958, #2958, #4521 ) ;
#3481 = TOROIDAL_SURFACE ( 'NONE', #530, 2.500000000000000000, 1.000000000000000000 ) ;
#3482 = CARTESIAN_POINT ( 'NONE',  ( 8.583333333333335702, 3.000000000000000000, 22.49999999999999645 ) ) ;
#3483 = DIRECTION ( 'NONE',  ( -1.000000000000000000, 0.000000000000000000, 0.000000000000000000 ) ) ;
#3484 = VECTOR ( 'NONE', #2467, 1000.000000000000000 ) ;
#3485 = DIRECTION ( 'NONE',  ( -1.541976423090495387E-16, -0.000000000000000000, -1.000000000000000000 ) ) ;
#3486 = EDGE_LOOP ( 'NONE', ( #4033, #2067, #2430, #3967 ) ) ;
#3487 = EDGE_LOOP ( 'NONE', ( #4172, #2011, #2788, #2407, #2363 ) ) ;
#3488 = ORIENTED_EDGE ( 'NONE', *, *, #9, .F. ) ;
#3489 = CARTESIAN_POINT ( 'NONE',  ( 18.59999999999999432, 1.000000000000000000, -15.74999999999999289 ) ) ;
#3490 = CARTESIAN_POINT ( 'NONE',  ( 2.369999999999994333, 6.380000000000024762, -21.25000000000000000 ) ) ;
#3491 = CARTESIAN_POINT ( 'NONE',  ( 29.75000000000001066, 3.000000000000000000, -18.50000000000000355 ) ) ;
#3492 = LINE ( 'NONE', #1084, #2795 ) ;
#3493 = VECTOR ( 'NONE', #340, 1000.000000000000000 ) ;
#3494 = EDGE_CURVE ( 'NONE', #4209, #382, #179, .T. ) ;
#3495 = CARTESIAN_POINT ( 'NONE',  ( 0.6203424859314952133, 3.611684756296107413, 22.45000000000000284 ) ) ;
#3496 = DIRECTION ( 'NONE',  ( -0.000000000000000000, 1.000000000000000000, -0.000000000000000000 ) ) ;
#3497 = CARTESIAN_POINT ( 'NONE',  ( 4.519999999999994245, 1.625000000000001332, 19.35000000000000853 ) ) ;
#3498 = VECTOR ( 'NONE', #2197, 1000.000000000000000 ) ;
#3499 = EDGE_CURVE ( 'NONE', #4568, #2736, #4871, .T. ) ;
#3500 = DIRECTION ( 'NONE',  ( 0.000000000000000000, -1.000000000000000000, 0.000000000000000000 ) ) ;
#3501 = AXIS2_PLACEMENT_3D ( 'NONE', #3645, #4031, #2124 ) ;
#3502 = CARTESIAN_POINT ( 'NONE',  ( 2.070873754854084314, 4.726423051417221188, -22.45000000000000284 ) ) ;
#3503 = DIRECTION ( 'NONE',  ( -1.000000000000000000, -0.000000000000000000, -0.000000000000000000 ) ) ;
#3504 = APPLICATION_PROTOCOL_DEFINITION ( 'draft international standard', 'automotive_design', 1998, #3821 ) ;
#3505 = ORIENTED_EDGE ( 'NONE', *, *, #5063, .F. ) ;
#3506 = EDGE_CURVE ( 'NONE', #2653, #2861, #1811, .T. ) ;
#3507 = CARTESIAN_POINT ( 'NONE',  ( 2.369999999999994333, 6.690232274542016633, -22.45000000000000284 ) ) ;
#3508 = CARTESIAN_POINT ( 'NONE',  ( -2.900000000000001688, 12.40000000000000391, -22.50000000000000355 ) ) ;
#3509 = DIRECTION ( 'NONE',  ( -1.000000000000000000, 0.000000000000000000, -0.000000000000000000 ) ) ;
#3510 = ORIENTED_EDGE ( 'NONE', *, *, #505, .T. ) ;
#3511 = ORIENTED_EDGE ( 'NONE', *, *, #4168, .F. ) ;
#3512 = VERTEX_POINT ( 'NONE', #3508 ) ;
#3513 = B_SPLINE_CURVE_WITH_KNOTS ( 'NONE', 3,
 ( #860, #1626, #1191, #2419 ),
 .UNSPECIFIED., .F., .F.,
 ( 4, 4 ),
 ( 0.000000000000000000, 0.001766058429613968353 ),
 .UNSPECIFIED. ) ;
#3514 = CARTESIAN_POINT ( 'NONE',  ( 13.42000000000000171, 81.73647591023825498, 21.00000000000000000 ) ) ;
#3515 = DIRECTION ( 'NONE',  ( 0.000000000000000000, 0.000000000000000000, -1.000000000000000000 ) ) ;
#3516 = ORIENTED_EDGE ( 'NONE', *, *, #1149, .F. ) ;
#3517 = ORIENTED_EDGE ( 'NONE', *, *, #1550, .F. ) ;
#3518 = CARTESIAN_POINT ( 'NONE',  ( 1.193576983479031073, 3.849126259600424316, 22.45000000000000639 ) ) ;
#3519 = FACE_OUTER_BOUND ( 'NONE', #356, .T. ) ;
#3520 = DIRECTION ( 'NONE',  ( -0.000000000000000000, -0.000000000000000000, -1.000000000000000000 ) ) ;
#3521 = ORIENTED_EDGE ( 'NONE', *, *, #1118, .F. ) ;
#3522 = DIRECTION ( 'NONE',  ( 0.000000000000000000, 1.000000000000000000, 0.000000000000000000 ) ) ;
#3523 = EDGE_CURVE ( 'NONE', #4849, #320, #4970, .T. ) ;
#3524 = CARTESIAN_POINT ( 'NONE',  ( -0.6203425208277743019, 3.611684770750569040, -21.25000000000000000 ) ) ;
#3525 = DIRECTION ( 'NONE',  ( 0.000000000000000000, 6.195440985631452852E-17, -1.000000000000000000 ) ) ;
#3526 = CARTESIAN_POINT ( 'NONE',  ( -1.169999999999989271, 5.920000000000007923, 21.25000000000000000 ) ) ;
#3527 = ORIENTED_EDGE ( 'NONE', *, *, #2081, .T. ) ;
#3528 = DIRECTION ( 'NONE',  ( 0.000000000000000000, 0.000000000000000000, -1.000000000000000000 ) ) ;
#3529 = CARTESIAN_POINT ( 'NONE',  ( 21.99999999999999645, 0.000000000000000000, -17.75000000000000355 ) ) ;
#3530 = EDGE_CURVE ( 'NONE', #2669, #2441, #4589, .T. ) ;
#3531 = FACE_OUTER_BOUND ( 'NONE', #1280, .T. ) ;
#3532 = ORIENTED_EDGE ( 'NONE', *, *, #3623, .F. ) ;
#3533 = ORIENTED_EDGE ( 'NONE', *, *, #4259, .F. ) ;
#3534 = ORIENTED_EDGE ( 'NONE', *, *, #5067, .F. ) ;
#3535 = DIRECTION ( 'NONE',  ( 1.000000000000000000, -0.000000000000000000, -0.000000000000000000 ) ) ;
#3536 = CARTESIAN_POINT ( 'NONE',  ( 18.75000000000000355, 18.80000000000000071, 19.24999999999999289 ) ) ;
#3537 = PLANE ( 'NONE',  #1683 ) ;
#3538 = ORIENTED_EDGE ( 'NONE', *, *, #2593, .T. ) ;
#3539 = ORIENTED_EDGE ( 'NONE', *, *, #3722, .T. ) ;
#3540 = DIRECTION ( 'NONE',  ( 0.000000000000000000, 0.000000000000000000, 1.000000000000000000 ) ) ;
#3541 = CARTESIAN_POINT ( 'NONE',  ( 2.770070464751050862E-15, 5.920000000000007923, 21.25000000000000000 ) ) ;
#3542 = DIRECTION ( 'NONE',  ( -9.011550524554841969E-17, 0.000000000000000000, -1.000000000000000000 ) ) ;
#3543 = ORIENTED_EDGE ( 'NONE', *, *, #802, .T. ) ;
#3544 = VECTOR ( 'NONE', #2579, 1000.000000000000000 ) ;
#3545 = CARTESIAN_POINT ( 'NONE',  ( -1.021771253968466686, 5.329227837163691639, 21.25000000000000000 ) ) ;
#3546 = VECTOR ( 'NONE', #3563, 1000.000000000000000 ) ;
#3547 = DIRECTION ( 'NONE',  ( 0.000000000000000000, 0.000000000000000000, 1.000000000000000000 ) ) ;
#3548 = ORIENTED_EDGE ( 'NONE', *, *, #3937, .F. ) ;
#3549 = VECTOR ( 'NONE', #882, 1000.000000000000000 ) ;
#3550 = EDGE_CURVE ( 'NONE', #102, #3768, #3216, .T. ) ;
#3551 = CARTESIAN_POINT ( 'NONE',  ( -21.99999999999999645, 18.80000000000001137, 22.49999999999999645 ) ) ;
#3552 = AXIS2_PLACEMENT_3D ( 'NONE', #4237, #782, #3076 ) ;
#3553 = CARTESIAN_POINT ( 'NONE',  ( -2.369999999999989448, 6.380000000000023874, 21.25000000000000000 ) ) ;
#3554 = CARTESIAN_POINT ( 'NONE',  ( -17.91666666666666430, 17.00000000000000711, -21.66666666666665719 ) ) ;
#3555 = ORIENTED_EDGE ( 'NONE', *, *, #4754, .T. ) ;
#3556 = EDGE_CURVE ( 'NONE', #4217, #1005, #3025, .T. ) ;
#3557 = CIRCLE ( 'NONE', #4135, 1.318749999999996980 ) ;
#3558 = ORIENTED_EDGE ( 'NONE', *, *, #4937, .T. ) ;
#3559 = ORIENTED_EDGE ( 'NONE', *, *, #1053, .F. ) ;
#3560 = VECTOR ( 'NONE', #1376, 1000.000000000000000 ) ;
#3561 = CARTESIAN_POINT ( 'NONE',  ( -25.94638493204487872, 0.000000000000000000, -19.99999999998501465 ) ) ;
#3562 = CARTESIAN_POINT ( 'NONE',  ( 0.000000000000000000, 4.000000000000000000, -19.25000000000000000 ) ) ;
#3563 = DIRECTION ( 'NONE',  ( -1.000000000000000000, -0.000000000000000000, -0.000000000000000000 ) ) ;
#3564 = ORIENTED_EDGE ( 'NONE', *, *, #2431, .T. ) ;
#3565 = ORIENTED_EDGE ( 'NONE', *, *, #620, .T. ) ;
#3566 = CARTESIAN_POINT ( 'NONE',  ( 2.308315243703903175, 5.299657514068516484, -22.45000000000000284 ) ) ;
#3567 = CARTESIAN_POINT ( 'NONE',  ( -22.00000000000000355, 1.000000000000000000, -22.50000000000000355 ) ) ;
#3568 = AXIS2_PLACEMENT_3D ( 'NONE', #4671, #2322, #3901 ) ;
#3569 = CARTESIAN_POINT ( 'NONE',  ( 17.53000000000001180, 0.000000000000000000, 19.99999999999999645 ) ) ;
#3570 = ORIENTED_EDGE ( 'NONE', *, *, #3929, .T. ) ;
#3571 = CIRCLE ( 'NONE', #1441, 3.249999999999999556 ) ;
#3572 = DIRECTION ( 'NONE',  ( 2.202823461557850341E-16, 0.000000000000000000, 1.000000000000000000 ) ) ;
#3573 = CARTESIAN_POINT ( 'NONE',  ( -1.456475753049039534, 4.024789610224828174, -22.45000000000000284 ) ) ;
#3574 = CARTESIAN_POINT ( 'NONE',  ( 21.98900891714565020, 4.000000000000000000, 19.56266017745939934 ) ) ;
#3575 = VERTEX_POINT ( 'NONE', #2248 ) ;
#3576 = AXIS2_PLACEMENT_3D ( 'NONE', #6, #4770, #1996 ) ;
#3577 = DIRECTION ( 'NONE',  ( -1.000000000000000000, 0.000000000000000000, 0.000000000000000000 ) ) ;
#3578 = CARTESIAN_POINT ( 'NONE',  ( 13.42000000000000171, 81.73647591023825498, -20.99999999999999289 ) ) ;
#3579 = VECTOR ( 'NONE', #2193, 1000.000000000000000 ) ;
#3580 = CARTESIAN_POINT ( 'NONE',  ( 13.42000000000000348, 0.000000000000000000, 19.99999999999999645 ) ) ;
#3581 = CARTESIAN_POINT ( 'NONE',  ( -2.369999999999989448, 6.380000000000024762, -21.25000000000000000 ) ) ;
#3582 = EDGE_LOOP ( 'NONE', ( #291, #4976, #2478, #383, #2392 ) ) ;
#3583 = ORIENTED_EDGE ( 'NONE', *, *, #4888, .T. ) ;
#3584 = ORIENTED_EDGE ( 'NONE', *, *, #2115, .T. ) ;
#3585 = EDGE_CURVE ( 'NONE', #3768, #2189, #2921, .T. ) ;
#3586 = LINE ( 'NONE', #2475, #608 ) ;
#3587 = CARTESIAN_POINT ( 'NONE',  ( -25.75000000000000000, 3.000000000000000000, -22.50000000000000355 ) ) ;
#3588 = DIRECTION ( 'NONE',  ( 0.000000000000000000, 1.000000000000000000, 6.123233995736766036E-17 ) ) ;
#3589 = ORIENTED_EDGE ( 'NONE', *, *, #2295, .T. ) ;
#3590 = VERTEX_POINT ( 'NONE', #1914 ) ;
#3591 = CARTESIAN_POINT ( 'NONE',  ( -2.308315243703897846, 5.299657514068516484, 22.45000000000000284 ) ) ;
#3592 = EDGE_CURVE ( 'NONE', #48, #2179, #2337, .T. ) ;
#3593 = CARTESIAN_POINT ( 'NONE',  ( 0.5907721166105605048, 7.401771300150969068, -21.25000000000000355 ) ) ;
#3594 = CARTESIAN_POINT ( 'NONE',  ( 28.85348418192122111, 2.857629303562104539, 15.25445187039760775 ) ) ;
#3595 = EDGE_LOOP ( 'NONE', ( #460, #3948, #4225, #1483 ) ) ;
#3596 = EDGE_CURVE ( 'NONE', #1652, #840, #692, .T. ) ;
#3597 = DIRECTION ( 'NONE',  ( -1.000000000000000000, 0.000000000000000000, 9.011550524554838271E-17 ) ) ;
#3598 = FACE_OUTER_BOUND ( 'NONE', #4240, .T. ) ;
#3599 = CARTESIAN_POINT ( 'NONE',  ( 17.91666666666666430, 18.80000000000000426, -18.41666666666666430 ) ) ;
#3600 = FACE_OUTER_BOUND ( 'NONE', #864, .T. ) ;
#3601 = ORIENTED_EDGE ( 'NONE', *, *, #4194, .F. ) ;
#3602 =( BOUNDED_SURFACE ( )  B_SPLINE_SURFACE ( 2, 3, ( 
 ( #1064, #648, #1137, #243, #2677, #3860, #1412, #3754, #4601, #1494 ),
 ( #1114, #3778, #3010, #624, #3062, #4218, #2984, #3444, #1086, #1819 ),
 ( #701, #1850, #2182, #4626, #292, #4247, #2227, #4549, #3419, #1471 ) ),
 .UNSPECIFIED., .F., .F., .T. ) 
 B_SPLINE_SURFACE_WITH_KNOTS ( ( 3, 3 ),
 ( 4, 2, 2, 2, 4 ),
 ( 0.000000000000000000, 1.000000000000000000 ),
 ( 0.000000000000000000, 0.3926990816987241395, 0.7853981633974482790, 1.178097245096172418, 1.570796326794896558 ),
 .UNSPECIFIED. ) 
 GEOMETRIC_REPRESENTATION_ITEM ( )  RATIONAL_B_SPLINE_SURFACE ( (
 ( 1.000000000000000000, 1.000000000000000000, 1.000000000000000000, 1.000000000000000000, 1.000000000000000000, 1.000000000000000000, 1.000000000000000000, 1.000000000000000000, 1.000000000000000000, 1.000000000000000000),
 ( 0.7071067811865476838, 0.7071067811865476838, 0.7071067811865476838, 0.7071067811865476838, 0.7071067811865476838, 0.7071067811865476838, 0.7071067811865472397, 0.7071067811865472397, 0.7071067811865476838, 0.7071067811865476838),
 ( 1.000000000000000000, 1.000000000000000000, 1.000000000000000000, 1.000000000000000000, 1.000000000000000000, 1.000000000000000000, 1.000000000000000000, 1.000000000000000000, 1.000000000000000000, 1.000000000000000000) ) ) 
 REPRESENTATION_ITEM ( '' )  SURFACE ( )  );
#3603 = DIRECTION ( 'NONE',  ( -1.000000000000000000, 0.000000000000000000, 0.000000000000000000 ) ) ;
#3604 = FACE_OUTER_BOUND ( 'NONE', #1893, .T. ) ;
#3605 = CARTESIAN_POINT ( 'NONE',  ( 13.42000000000000348, 17.00000000000000711, -21.66666666666666785 ) ) ;
#3606 = FACE_OUTER_BOUND ( 'NONE', #4282, .T. ) ;
#3607 = ORIENTED_EDGE ( 'NONE', *, *, #3530, .F. ) ;
#3608 = ORIENTED_EDGE ( 'NONE', *, *, #4416, .T. ) ;
#3609 = ORIENTED_EDGE ( 'NONE', *, *, #5067, .T. ) ;
#3610 = DIRECTION ( 'NONE',  ( 0.000000000000000000, 1.000000000000000000, 0.000000000000000000 ) ) ;
#3611 = DIRECTION ( 'NONE',  ( 0.000000000000000000, 1.000000000000000000, 6.123233995736766036E-17 ) ) ;
#3612 = FACE_OUTER_BOUND ( 'NONE', #2059, .T. ) ;
#3613 = ORIENTED_EDGE ( 'NONE', *, *, #1581, .T. ) ;
#3614 = EDGE_CURVE ( 'NONE', #2852, #1152, #1889, .T. ) ;
#3615 = VERTEX_POINT ( 'NONE', #3454 ) ;
#3616 = CARTESIAN_POINT ( 'NONE',  ( -25.75000000000001066, 4.000000000000000000, -18.50000000000000355 ) ) ;
#3617 = CARTESIAN_POINT ( 'NONE',  ( 0.000000000000000000, 4.000000000000000000, 0.000000000000000000 ) ) ;
#3618 = DIRECTION ( 'NONE',  ( -0.000000000000000000, -1.000000000000000000, -6.195440985631452852E-17 ) ) ;
#3619 = B_SPLINE_CURVE_WITH_KNOTS ( 'NONE', 3,
 ( #1505, #3507, #1534, #738, #305, #661, #757, #3075, #373, #350, #1938, #3453, #5068, #1126, #2634, #716, #2708, #1457 ),
 .UNSPECIFIED., .F., .F.,
 ( 4, 2, 2, 2, 2, 2, 2, 2, 4 ),
 ( 0.000000000000000000, 0.1250000000000000000, 0.2500000000000000000, 0.3750000000000000000, 0.5000000000000000000, 0.6250000000000000000, 0.7500000000000000000, 0.8750000000000000000, 1.000000000000000000 ),
 .UNSPECIFIED. ) ;
#3620 = ORIENTED_EDGE ( 'NONE', *, *, #1574, .F. ) ;
#3621 = EDGE_CURVE ( 'NONE', #840, #784, #1992, .T. ) ;
#3622 = CARTESIAN_POINT ( 'NONE',  ( -4.519999999999994245, 10.05000000000000959, -18.85309986098562263 ) ) ;
#3623 = EDGE_CURVE ( 'NONE', #3458, #2146, #4136, .T. ) ;
#3624 = CARTESIAN_POINT ( 'NONE',  ( 20.49999999999999645, 17.00000000000000711, -20.99999999999999645 ) ) ;
#3625 = DIRECTION ( 'NONE',  ( 0.000000000000000000, 0.000000000000000000, -1.000000000000000000 ) ) ;
#3626 = CARTESIAN_POINT ( 'NONE',  ( 25.00000000000000000, 3.000000000000000000, 19.25000000000000000 ) ) ;
#3627 = ORIENTED_EDGE ( 'NONE', *, *, #2117, .T. ) ;
#3628 = EDGE_CURVE ( 'NONE', #1181, #1408, #1919, .T. ) ;
#3629 = PLANE ( 'NONE',  #4774 ) ;
#3630 = TOROIDAL_SURFACE ( 'NONE', #4042, 2.500000000000000000, 1.000000000000000000 ) ;
#3631 = DIRECTION ( 'NONE',  ( -1.067522139062650671E-15, 0.000000000000000000, -1.000000000000000000 ) ) ;
#3632 = CARTESIAN_POINT ( 'NONE',  ( 26.50000000000000355, 3.000000000000000000, -17.75000000000000000 ) ) ;
#3633 = AXIS2_PLACEMENT_3D ( 'NONE', #1315, #2494, #549 ) ;
#3634 = FACE_OUTER_BOUND ( 'NONE', #3204, .T. ) ;
#3635 = EDGE_LOOP ( 'NONE', ( #3293, #423, #341, #506 ) ) ;
#3636 = ORIENTED_EDGE ( 'NONE', *, *, #393, .F. ) ;
#3637 = DIRECTION ( 'NONE',  ( -0.000000000000000000, -1.000000000000000000, -0.000000000000000000 ) ) ;
#3638 = CARTESIAN_POINT ( 'NONE',  ( -4.519999999999994245, 17.00000000000000355, -18.41666666666665719 ) ) ;
#3639 = CARTESIAN_POINT ( 'NONE',  ( 25.00000000000000000, 3.000000000000000000, -17.75000000000000000 ) ) ;
#3640 = ORIENTED_EDGE ( 'NONE', *, *, #2893, .F. ) ;
#3641 = VECTOR ( 'NONE', #2687, 1000.000000000000000 ) ;
#3642 = VERTEX_POINT ( 'NONE', #306 ) ;
#3643 = CARTESIAN_POINT ( 'NONE',  ( -2.369999999999989448, 6.380000000000023874, -21.25000000000000000 ) ) ;
#3644 = CIRCLE ( 'NONE', #1263, 1.500000000000001332 ) ;
#3645 = CARTESIAN_POINT ( 'NONE',  ( 29.75000000000001066, 4.000000000000000000, 0.000000000000000000 ) ) ;
#3646 = ADVANCED_FACE ( 'NONE', ( #1506 ), #1866, .F. ) ;
#3647 = DIRECTION ( 'NONE',  ( -0.000000000000000000, -0.000000000000000000, -1.000000000000000000 ) ) ;
#3648 = ORIENTED_EDGE ( 'NONE', *, *, #4820, .F. ) ;
#3649 = LINE ( 'NONE', #3700, #2160 ) ;
#3650 = CARTESIAN_POINT ( 'NONE',  ( 4.519999999999994245, 0.7639320224982413254, -21.66666666666666785 ) ) ;
#3651 = CARTESIAN_POINT ( 'NONE',  ( 25.75000000000001421, 3.000000000000000000, -22.50000000000000355 ) ) ;
#3652 = EDGE_CURVE ( 'NONE', #3642, #1708, #1836, .T. ) ;
#3653 = DIRECTION ( 'NONE',  ( -0.000000000000000000, 1.000000000000000000, -0.000000000000000000 ) ) ;
#3654 = FACE_OUTER_BOUND ( 'NONE', #2252, .T. ) ;
#3655 = EDGE_LOOP ( 'NONE', ( #139, #1985, #3534, #1818 ) ) ;
#3656 = AXIS2_PLACEMENT_3D ( 'NONE', #2125, #3697, #186 ) ;
#3657 = VECTOR ( 'NONE', #4125, 1000.000000000000000 ) ;
#3658 = CARTESIAN_POINT ( 'NONE',  ( 1.895210389775255022, 7.836475753048995685, -22.45000000000000284 ) ) ;
#3659 = DIRECTION ( 'NONE',  ( 0.000000000000000000, 0.000000000000000000, -1.000000000000000000 ) ) ;
#3660 = EDGE_CURVE ( 'NONE', #3157, #727, #4226, .T. ) ;
#3661 = CARTESIAN_POINT ( 'NONE',  ( 27.25000000000000355, 0.000000000000000000, 18.69871860051297219 ) ) ;
#3662 = DIRECTION ( 'NONE',  ( -1.639108796198558178E-16, 6.122553444624023009E-17, -1.000000000000000000 ) ) ;
#3663 = AXIS2_PLACEMENT_3D ( 'NONE', #1003, #2559, #4461 ) ;
#3664 = FACE_OUTER_BOUND ( 'NONE', #2094, .T. ) ;
#3665 = ORIENTED_EDGE ( 'NONE', *, *, #3252, .T. ) ;
#3666 = ORIENTED_EDGE ( 'NONE', *, *, #3244, .T. ) ;
#3667 = CARTESIAN_POINT ( 'NONE',  ( -17.91666666666665719, 18.80000000000000426, 18.41666666666666430 ) ) ;
#3668 = CYLINDRICAL_SURFACE ( 'NONE', #991, 1.318749999999996980 ) ;
#3669 = LINE ( 'NONE', #4872, #1532 ) ;
#3670 = EDGE_LOOP ( 'NONE', ( #1223, #4054, #63, #2071 ) ) ;
#3671 = ORIENTED_EDGE ( 'NONE', *, *, #4233, .F. ) ;
#3672 = CARTESIAN_POINT ( 'NONE',  ( -2.070873754854143822, 7.573576948582682711, -21.25000000000000000 ) ) ;
#3673 = FACE_OUTER_BOUND ( 'NONE', #35, .T. ) ;
#3674 = PLANE ( 'NONE',  #4867 ) ;
#3675 = EDGE_LOOP ( 'NONE', ( #890, #3532, #671, #5073 ) ) ;
#3676 = CARTESIAN_POINT ( 'NONE',  ( 2.899999999999999911, 14.25000000000000888, -9.545306638761546836 ) ) ;
#3677 = DIRECTION ( 'NONE',  ( -1.000000000000000000, -0.000000000000000000, -0.000000000000000000 ) ) ;
#3678 = DIRECTION ( 'NONE',  ( -0.000000000000000000, 1.000000000000000000, -0.000000000000000000 ) ) ;
#3679 = DIRECTION ( 'NONE',  ( 0.000000000000000000, 1.000000000000000000, 0.000000000000000000 ) ) ;
#3680 = ORIENTED_EDGE ( 'NONE', *, *, #1863, .T. ) ;
#3681 = EDGE_CURVE ( 'NONE', #3424, #4365, #2243, .T. ) ;
#3682 = CARTESIAN_POINT ( 'NONE',  ( 18.75000000000000355, 4.000000000000000000, 22.49999999999999645 ) ) ;
#3683 = DIRECTION ( 'NONE',  ( 0.000000000000000000, -1.000000000000000000, 0.000000000000000000 ) ) ;
#3684 = CARTESIAN_POINT ( 'NONE',  ( -26.79699153743713680, 3.000000000000000444, -22.39589070667327064 ) ) ;
#3685 = FACE_OUTER_BOUND ( 'NONE', #127, .T. ) ;
#3686 = DIRECTION ( 'NONE',  ( 0.000000000000000000, 1.000000000000000000, 0.000000000000000000 ) ) ;
#3687 = VERTEX_POINT ( 'NONE', #1164 ) ;
#3688 = AXIS2_PLACEMENT_3D ( 'NONE', #4013, #38, #3984 ) ;
#3689 = ADVANCED_FACE ( 'NONE', ( #760 ), #2313, .F. ) ;
#3690 = DIRECTION ( 'NONE',  ( 2.202823461557850341E-16, 0.000000000000000000, 1.000000000000000000 ) ) ;
#3691 = DIRECTION ( 'NONE',  ( -1.000000000000000000, 0.000000000000000000, 0.000000000000000000 ) ) ;
#3692 = ORIENTED_EDGE ( 'NONE', *, *, #2449, .T. ) ;
#3693 = EDGE_CURVE ( 'NONE', #1943, #4520, #3120, .T. ) ;
#3694 = ORIENTED_EDGE ( 'NONE', *, *, #4688, .T. ) ;
#3695 = CARTESIAN_POINT ( 'NONE',  ( 1.895210389775197068, 7.836475753048972592, -21.25000000000000000 ) ) ;
#3696 = DIRECTION ( 'NONE',  ( 1.000000000000000000, 0.000000000000000000, 0.000000000000000000 ) ) ;
#3697 = DIRECTION ( 'NONE',  ( 0.000000000000000000, -0.000000000000000000, 1.000000000000000000 ) ) ;
#3698 = DIRECTION ( 'NONE',  ( 0.000000000000000000, 0.000000000000000000, 1.000000000000000000 ) ) ;
#3699 = VERTEX_POINT ( 'NONE', #4376 ) ;
#3700 = CARTESIAN_POINT ( 'NONE',  ( 26.50000000000000355, 4.000000000000000000, -17.75000000000000000 ) ) ;
#3701 = CARTESIAN_POINT ( 'NONE',  ( -1.456475753049029986, 8.275210389775299546, 21.25000000000000000 ) ) ;
#3702 = LINE ( 'NONE', #1750, #2320 ) ;
#3703 = CARTESIAN_POINT ( 'NONE',  ( -29.75000000000001066, 4.000000000000000000, -18.50000000000000355 ) ) ;
#3704 = VERTEX_POINT ( 'NONE', #70 ) ;
#3705 = VECTOR ( 'NONE', #4413, 1000.000000000000000 ) ;
#3706 = CARTESIAN_POINT ( 'NONE',  ( 1.456475753048977806, 8.275210389775274678, -22.45000000000000284 ) ) ;
#3707 = DIRECTION ( 'NONE',  ( 0.000000000000000000, -1.000000000000000000, 0.000000000000000000 ) ) ;
#3708 = LINE ( 'NONE', #3325, #5037 ) ;
#3709 = DIRECTION ( 'NONE',  ( 1.000000000000000000, 5.077500907938790172E-33, -8.195543980992792121E-17 ) ) ;
#3710 = EDGE_CURVE ( 'NONE', #4365, #4849, #1294, .T. ) ;
#3711 = DIRECTION ( 'NONE',  ( -0.000000000000000000, -0.000000000000000000, -1.000000000000000000 ) ) ;
#3712 = ORIENTED_EDGE ( 'NONE', *, *, #4743, .T. ) ;
#3713 = VECTOR ( 'NONE', #151, 1000.000000000000000 ) ;
#3714 = CARTESIAN_POINT ( 'NONE',  ( -25.00000000000000000, 4.000000000000000000, -17.75000000000000000 ) ) ;
#3715 = EDGE_CURVE ( 'NONE', #258, #2466, #4019, .T. ) ;
#3716 = CARTESIAN_POINT ( 'NONE',  ( 4.519999999999994245, 18.80000000000001492, 18.85309986098562263 ) ) ;
#3717 = ORIENTED_EDGE ( 'NONE', *, *, #999, .T. ) ;
#3718 = EDGE_CURVE ( 'NONE', #2822, #68, #695, .T. ) ;
#3719 = AXIS2_PLACEMENT_3D ( 'NONE', #3594, #1333, #4772 ) ;
#3720 = ORIENTED_EDGE ( 'NONE', *, *, #4820, .T. ) ;
#3721 = CARTESIAN_POINT ( 'NONE',  ( 1.169999999999994822, 6.380000000000024762, -21.25000000000000000 ) ) ;
#3722 = EDGE_CURVE ( 'NONE', #723, #1687, #2864, .T. ) ;
#3723 = VECTOR ( 'NONE', #1383, 1000.000000000000000 ) ;
#3724 = CARTESIAN_POINT ( 'NONE',  ( 0.7190196755558458941, 4.984389807579290732, 21.25000000000000000 ) ) ;
#3725 = EDGE_CURVE ( 'NONE', #2146, #4995, #445, .T. ) ;
#3726 = CARTESIAN_POINT ( 'NONE',  ( 23.50000000000000355, 4.000000000000000000, 17.75000000000000000 ) ) ;
#3727 = CARTESIAN_POINT ( 'NONE',  ( -4.519999999999994245, 1.625000000000001332, 19.35000000000000853 ) ) ;
#3728 = VECTOR ( 'NONE', #5061, 1000.000000000000000 ) ;
#3729 = ORIENTED_EDGE ( 'NONE', *, *, #548, .T. ) ;
#3730 = PLANE ( 'NONE',  #5034 ) ;
#3731 = CARTESIAN_POINT ( 'NONE',  ( 2.369999999999994333, 6.690288182367369885, 22.45000000000000284 ) ) ;
#3732 = DIRECTION ( 'NONE',  ( 0.000000000000000000, -1.000000000000000000, 0.000000000000000000 ) ) ;
#3733 = DIRECTION ( 'NONE',  ( 1.000000000000000000, -0.000000000000000000, -0.000000000000000000 ) ) ;
#3734 = ORIENTED_EDGE ( 'NONE', *, *, #3470, .T. ) ;
#3735 = DIRECTION ( 'NONE',  ( 1.000000000000000000, 0.000000000000000000, 0.000000000000000000 ) ) ;
#3736 = CARTESIAN_POINT ( 'NONE',  ( -2.308315243703897846, 7.000342485931516201, 22.45000000000000639 ) ) ;
#3737 = CARTESIAN_POINT ( 'NONE',  ( -28.94866736959274078, 2.999999999999999556, -20.95818687989966023 ) ) ;
#3738 = CARTESIAN_POINT ( 'NONE',  ( -25.75000000000001066, 3.000000000000000000, 22.49999999999999645 ) ) ;
#3739 = AXIS2_PLACEMENT_3D ( 'NONE', #592, #622, #4494 ) ;
#3740 = CARTESIAN_POINT ( 'NONE',  ( -27.25000000000001066, 0.000000000000000000, 18.50000000000000000 ) ) ;
#3741 = VERTEX_POINT ( 'NONE', #4327 ) ;
#3742 = CYLINDRICAL_SURFACE ( 'NONE', #1753, 1.500000000000001332 ) ;
#3743 = AXIS2_PLACEMENT_3D ( 'NONE', #832, #4816, #1982 ) ;
#3744 = CARTESIAN_POINT ( 'NONE',  ( -21.16666666666666430, 18.80000000000000426, -18.41666666666665719 ) ) ;
#3745 = ORIENTED_EDGE ( 'NONE', *, *, #2358, .F. ) ;
#3746 = VECTOR ( 'NONE', #2641, 1000.000000000000000 ) ;
#3747 = EDGE_LOOP ( 'NONE', ( #2825, #248, #531, #73 ) ) ;
#3748 = EDGE_CURVE ( 'NONE', #4842, #1356, #3229, .T. ) ;
#3749 = CARTESIAN_POINT ( 'NONE',  ( 4.519999999999994245, 2.857629303562104539, 15.25445187039760775 ) ) ;
#3750 = CARTESIAN_POINT ( 'NONE',  ( 8.583333333333358794, 0.000000000000000000, 19.99999999999999645 ) ) ;
#3751 = CARTESIAN_POINT ( 'NONE',  ( 4.519999999999996021, 10.05000000000000426, -20.99999999999999645 ) ) ;
#3752 = AXIS2_PLACEMENT_3D ( 'NONE', #4815, #3662, #5052 ) ;
#3753 = ORIENTED_EDGE ( 'NONE', *, *, #2358, .T. ) ;
#3754 = CARTESIAN_POINT ( 'NONE',  ( 29.64589069183091041, 3.000000000000000000, 19.54699157326975012 ) ) ;
#3755 = ORIENTED_EDGE ( 'NONE', *, *, #83, .T. ) ;
#3756 = CARTESIAN_POINT ( 'NONE',  ( -1.456475753048972255, 8.275210389775274678, 22.45000000000000284 ) ) ;
#3757 = FACE_OUTER_BOUND ( 'NONE', #927, .T. ) ;
#3758 = ADVANCED_FACE ( 'NONE', ( #2762 ), #3805, .T. ) ;
#3759 = PLANE ( 'NONE',  #3141 ) ;
#3760 = ORIENTED_EDGE ( 'NONE', *, *, #236, .T. ) ;
#3761 = CARTESIAN_POINT ( 'NONE',  ( -21.99999999999999645, 4.000000000000000000, 17.75000000000000000 ) ) ;
#3762 = LINE ( 'NONE', #1021, #3544 ) ;
#3763 = B_SPLINE_CURVE_WITH_KNOTS ( 'NONE', 3,
 ( #3740, #230, #4154, #1786 ),
 .UNSPECIFIED., .F., .F.,
 ( 4, 4 ),
 ( 0.000000000000000000, 1.000000000000000000 ),
 .UNSPECIFIED. ) ;
#3764 = DIRECTION ( 'NONE',  ( 0.000000000000000000, 0.000000000000000000, 1.000000000000000000 ) ) ;
#3765 = LINE ( 'NONE', #3789, #2932 ) ;
#3766 = B_SPLINE_CURVE_WITH_KNOTS ( 'NONE', 3,
 ( #2849, #2062, #4845, #4796 ),
 .UNSPECIFIED., .F., .F.,
 ( 4, 4 ),
 ( 0.000000000000000000, 0.2394174757281553045 ),
 .UNSPECIFIED. ) ;
#3767 = DIRECTION ( 'NONE',  ( -1.000000000000000000, -0.000000000000000000, -0.000000000000000000 ) ) ;
#3768 = VERTEX_POINT ( 'NONE', #4430 ) ;
#3769 = LINE ( 'NONE', #3793, #3723 ) ;
#3770 = DIRECTION ( 'NONE',  ( 0.000000000000000000, 0.000000000000000000, -1.000000000000000000 ) ) ;
#3771 = ORIENTED_EDGE ( 'NONE', *, *, #4888, .F. ) ;
#3772 = VERTEX_POINT ( 'NONE', #3529 ) ;
#3773 = DIRECTION ( 'NONE',  ( -0.000000000000000000, 1.000000000000000000, 6.195440985631452852E-17 ) ) ;
#3774 = CARTESIAN_POINT ( 'NONE',  ( -18.60000000000000853, 6.250000000000000000, -15.74999999999999289 ) ) ;
#3775 = CARTESIAN_POINT ( 'NONE',  ( 0.000000000000000000, 4.000000000000000000, 0.000000000000000000 ) ) ;
#3776 = ORIENTED_EDGE ( 'NONE', *, *, #1236, .T. ) ;
#3777 = EDGE_CURVE ( 'NONE', #3215, #3983, #1648, .T. ) ;
#3778 = CARTESIAN_POINT ( 'NONE',  ( 26.27369315211980805, 0.000000000000000000, 22.49999999996184030 ) ) ;
#3779 = ORIENTED_EDGE ( 'NONE', *, *, #3858, .T. ) ;
#3780 = CARTESIAN_POINT ( 'NONE',  ( 25.00000000000000000, 3.000000000000000000, 17.75000000000000000 ) ) ;
#3781 = CARTESIAN_POINT ( 'NONE',  ( 27.05969883127823294, 0.000000000000000000, -19.25760272790654071 ) ) ;
#3782 = CARTESIAN_POINT ( 'NONE',  ( -13.42000000000000348, 6.250000000000000000, -17.74999999999999645 ) ) ;
#3783 = VERTEX_POINT ( 'NONE', #1624 ) ;
#3784 = ADVANCED_FACE ( 'NONE', ( #2469 ), #3194, .F. ) ;
#3785 = DIRECTION ( 'NONE',  ( 1.000000000000000000, 0.000000000000000000, -0.000000000000000000 ) ) ;
#3786 = CARTESIAN_POINT ( 'NONE',  ( 21.16666666666666430, 18.80000000000000426, 18.41666666666666075 ) ) ;
#3787 = CARTESIAN_POINT ( 'NONE',  ( -4.519999999999994245, 0.000000000000000000, -20.00000000000000355 ) ) ;
#3788 = EDGE_CURVE ( 'NONE', #1356, #3259, #4043, .T. ) ;
#3789 = CARTESIAN_POINT ( 'NONE',  ( -19.81348418192123262, 6.123233995736829515E-18, -19.35000000000000853 ) ) ;
#3790 = B_SPLINE_CURVE_WITH_KNOTS ( 'NONE', 3,
 ( #2703, #3162, #1568, #773, #3066, #409, #2328, #5036, #2373, #5060, #1205, #435, #3951, #2775, #1972, #4632, #3133, #1524 ),
 .UNSPECIFIED., .F., .F.,
 ( 4, 2, 2, 2, 2, 2, 2, 2, 4 ),
 ( 0.000000000000000000, 0.1250000000000000833, 0.2500000000000001665, 0.3750000000000001665, 0.5000000000000002220, 0.6250000000000002220, 0.7500000000000001110, 0.8750000000000001110, 1.000000000000000000 ),
 .UNSPECIFIED. ) ;
#3791 = ORIENTED_EDGE ( 'NONE', *, *, #710, .F. ) ;
#3792 = CARTESIAN_POINT ( 'NONE',  ( 17.91666666666666430, 17.00000000000000711, 21.66666666666666075 ) ) ;
#3793 = CARTESIAN_POINT ( 'NONE',  ( 4.750000000000003553, 14.25000000000000888, -9.545306638761546836 ) ) ;
#3794 = B_SPLINE_CURVE_WITH_KNOTS ( 'NONE', 3,
 ( #859, #1320, #3195, #886 ),
 .UNSPECIFIED., .F., .F.,
 ( 4, 4 ),
 ( 0.4122330097087378298, 0.5877669902912617816 ),
 .UNSPECIFIED. ) ;
#3795 = DIRECTION ( 'NONE',  ( 0.000000000000000000, 0.000000000000000000, 1.000000000000000000 ) ) ;
#3796 = ORIENTED_EDGE ( 'NONE', *, *, #2327, .T. ) ;
#3797 = AXIS2_PLACEMENT_3D ( 'NONE', #1302, #4414, #2452 ) ;
#3798 = EDGE_LOOP ( 'NONE', ( #1569, #3340, #2064, #1944 ) ) ;
#3799 = ORIENTED_EDGE ( 'NONE', *, *, #3343, .T. ) ;
#3800 = CARTESIAN_POINT ( 'NONE',  ( 25.00000000000000000, 4.000000000000000000, -20.24999999999999645 ) ) ;
#3801 = DIRECTION ( 'NONE',  ( 0.000000000000000000, -1.000000000000000000, 0.000000000000000000 ) ) ;
#3802 = LINE ( 'NONE', #567, #4235 ) ;
#3803 = AXIS2_PLACEMENT_3D ( 'NONE', #3369, #4198, #1416 ) ;
#3804 = ORIENTED_EDGE ( 'NONE', *, *, #393, .T. ) ;
#3805 =( BOUNDED_SURFACE ( )  B_SPLINE_SURFACE ( 2, 3, ( 
 ( #45, #1961, #4349, #3246 ),
 ( #3553, #2416, #496, #418 ),
 ( #1214, #1980, #1605, #829 ) ),
 .UNSPECIFIED., .F., .F., .T. ) 
 B_SPLINE_SURFACE_WITH_KNOTS ( ( 3, 3 ),
 ( 4, 4 ),
 ( 0.000000000000000000, 1.000000000000000000 ),
 ( 0.000000000000000000, 0.0004600000000000168190 ),
 .UNSPECIFIED. ) 
 GEOMETRIC_REPRESENTATION_ITEM ( )  RATIONAL_B_SPLINE_SURFACE ( (
 ( 1.000000000000000000, 1.000000000000000000, 1.000000000000000000, 1.000000000000000000),
 ( 0.05263157894736842507, 0.05263157894736842507, 0.05263157894736842507, 0.05263157894736842507),
 ( 1.000000000000000000, 1.000000000000000000, 1.000000000000000000, 1.000000000000000000) ) ) 
 REPRESENTATION_ITEM ( '' )  SURFACE ( )  );
#3806 = VECTOR ( 'NONE', #3807, 1000.000000000000000 ) ;
#3807 = DIRECTION ( 'NONE',  ( 1.000000000000000000, -0.000000000000000000, -0.000000000000000000 ) ) ;
#3808 = AXIS2_PLACEMENT_3D ( 'NONE', #1354, #4920, #946 ) ;
#3809 = ADVANCED_FACE ( 'NONE', ( #3604 ), #3219, .T. ) ;
#3810 = VERTEX_POINT ( 'NONE', #1577 ) ;
#3811 = B_SPLINE_CURVE_WITH_KNOTS ( 'NONE', 3,
 ( #1906, #676, #4197, #366, #1445, #5058, #3781, #1089, #5035, #1117 ),
 .UNSPECIFIED., .F., .F.,
 ( 4, 2, 2, 2, 4 ),
 ( 0.000000000000000000, 0.2500000000000000000, 0.5000000000000000000, 0.7500000000000000000, 1.000000000000000000 ),
 .UNSPECIFIED. ) ;
#3812 = CARTESIAN_POINT ( 'NONE',  ( -28.20818690732494716, 3.000000000000000000, -21.69866734216744675 ) ) ;
#3813 = FACE_OUTER_BOUND ( 'NONE', #1407, .T. ) ;
#3814 = FACE_OUTER_BOUND ( 'NONE', #1364, .T. ) ;
#3815 = ORIENTED_EDGE ( 'NONE', *, *, #2974, .F. ) ;
#3816 = AXIS2_PLACEMENT_3D ( 'NONE', #3165, #3915, #414 ) ;
#3817 = EDGE_CURVE ( 'NONE', #1249, #2952, #4423, .T. ) ;
#3818 = CARTESIAN_POINT ( 'NONE',  ( 2.369999999999994333, 6.380000000000024762, 22.45000000000000284 ) ) ;
#3819 = CARTESIAN_POINT ( 'NONE',  ( 25.75000000000001066, 0.000000000000000000, 19.99999999999999645 ) ) ;
#3820 = CARTESIAN_POINT ( 'NONE',  ( 17.91666666666666430, 18.80000000000000426, 18.41666666666666075 ) ) ;
#3821 = APPLICATION_CONTEXT ( 'automotive_design' ) ;
#3822 = ORIENTED_EDGE ( 'NONE', *, *, #771, .F. ) ;
#3823 = EDGE_CURVE ( 'NONE', #2796, #1590, #2839, .T. ) ;
#3824 = ORIENTED_EDGE ( 'NONE', *, *, #457, .F. ) ;
#3825 = CARTESIAN_POINT ( 'NONE',  ( -25.00000000000000000, 0.000000000000000000, -17.75000000000000000 ) ) ;
#3826 = CARTESIAN_POINT ( 'NONE',  ( 23.49999999999999645, 0.000000000000000000, -17.75000000000000000 ) ) ;
#3827 = ORIENTED_EDGE ( 'NONE', *, *, #3348, .F. ) ;
#3828 = VECTOR ( 'NONE', #4165, 1000.000000000000000 ) ;
#3829 = ORIENTED_EDGE ( 'NONE', *, *, #993, .T. ) ;
#3830 = ORIENTED_EDGE ( 'NONE', *, *, #3283, .T. ) ;
#3831 = CARTESIAN_POINT ( 'NONE',  ( 2.369999999999994333, 5.920000000000009699, -21.25000000000000000 ) ) ;
#3832 = CARTESIAN_POINT ( 'NONE',  ( 4.519999999999996021, 10.05000000000000959, -20.99999999999999645 ) ) ;
#3833 = CARTESIAN_POINT ( 'NONE',  ( 0.000000000000000000, 4.000000000000000000, 20.25000000000000000 ) ) ;
#3834 = ORIENTED_EDGE ( 'NONE', *, *, #4504, .T. ) ;
#3835 = CIRCLE ( 'NONE', #2509, 2.369999999999992113 ) ;
#3836 = LINE ( 'NONE', #5031, #3142 ) ;
#3837 = ORIENTED_EDGE ( 'NONE', *, *, #4379, .T. ) ;
#3838 = CARTESIAN_POINT ( 'NONE',  ( -29.64589069183085712, 3.000000000000000000, -19.54699157326988868 ) ) ;
#3839 = CARTESIAN_POINT ( 'NONE',  ( -4.519999999999994245, 10.05000000000000959, -18.85309986098562263 ) ) ;
#3840 = CARTESIAN_POINT ( 'NONE',  ( 0.000000000000000000, 3.000000000000000000, -19.25000000000000000 ) ) ;
#3841 =( BOUNDED_SURFACE ( )  B_SPLINE_SURFACE ( 2, 3, ( 
 ( #4407, #2786, #4431, #4044 ),
 ( #153, #527, #2890, #830 ),
 ( #4788, #1240, #1706, #4454 ) ),
 .UNSPECIFIED., .F., .F., .T. ) 
 B_SPLINE_SURFACE_WITH_KNOTS ( ( 3, 3 ),
 ( 4, 4 ),
 ( 0.000000000000000000, 1.000000000000000000 ),
 ( -0.0004600000000000168190, -8.673617379884035472E-19 ),
 .UNSPECIFIED. ) 
 GEOMETRIC_REPRESENTATION_ITEM ( )  RATIONAL_B_SPLINE_SURFACE ( (
 ( 1.000000000000000000, 1.000000000000000000, 1.000000000000000000, 1.000000000000000000),
 ( 0.05263157894736842507, 0.05263157894736842507, 0.05263157894736842507, 0.05263157894736842507),
 ( 1.000000000000000000, 1.000000000000000000, 1.000000000000000000, 1.000000000000000000) ) ) 
 REPRESENTATION_ITEM ( '' )  SURFACE ( )  );
#3842 = CARTESIAN_POINT ( 'NONE',  ( -29.75000000000001421, 3.209238430553887154E-11, -6.166666666666658969 ) ) ;
#3843 = DIRECTION ( 'NONE',  ( 0.000000000000000000, 0.000000000000000000, 1.000000000000000000 ) ) ;
#3844 = CARTESIAN_POINT ( 'NONE',  ( 27.05990971468531470, -0.000000000000000000, 19.25748032600842663 ) ) ;
#3845 = SHAPE_DEFINITION_REPRESENTATION ( #2382, #665 ) ;
#3846 = EDGE_CURVE ( 'NONE', #2369, #3512, #124, .T. ) ;
#3847 = CARTESIAN_POINT ( 'NONE',  ( 27.76447588565086377, 3.000000000000000000, -21.99514556825944211 ) ) ;
#3848 = CARTESIAN_POINT ( 'NONE',  ( -25.75000000000001066, 3.000000000000000000, -22.50000000000000355 ) ) ;
#3849 = CARTESIAN_POINT ( 'NONE',  ( -13.42000000000000348, 17.00000000000000355, -18.41666666666665719 ) ) ;
#3850 = ORIENTED_EDGE ( 'NONE', *, *, #4403, .F. ) ;
#3851 = EDGE_CURVE ( 'NONE', #3768, #1904, #2448, .T. ) ;
#3852 = ORIENTED_EDGE ( 'NONE', *, *, #548, .F. ) ;
#3853 = EDGE_LOOP ( 'NONE', ( #3358, #4905, #1701, #3830 ) ) ;
#3854 = EDGE_CURVE ( 'NONE', #3435, #4209, #3352, .T. ) ;
#3855 = DIRECTION ( 'NONE',  ( 0.000000000000000000, 0.000000000000000000, -1.000000000000000000 ) ) ;
#3856 = DIRECTION ( 'NONE',  ( -0.000000000000000000, -0.000000000000000000, 1.000000000000000000 ) ) ;
#3858 = EDGE_CURVE ( 'NONE', #806, #3512, #4939, .T. ) ;
#3857 = CARTESIAN_POINT ( 'NONE',  ( 4.519999999999994245, 0.000000000000000000, -20.00000000000000355 ) ) ;
#3859 = ORIENTED_EDGE ( 'NONE', *, *, #4102, .F. ) ;
#3860 = CARTESIAN_POINT ( 'NONE',  ( 28.94866734216704884, 3.000000000000000000, 20.95818690732533796 ) ) ;
#3861 = VECTOR ( 'NONE', #4437, 1000.000000000000000 ) ;
#3862 = ORIENTED_EDGE ( 'NONE', *, *, #4839, .F. ) ;
#3863 = CARTESIAN_POINT ( 'NONE',  ( 4.519999999999996021, 17.00000000000000355, -18.41666666666665719 ) ) ;
#3864 = CARTESIAN_POINT ( 'NONE',  ( 28.85348418192122111, 1.625000000000001332, 19.35000000000000853 ) ) ;
#3865 = FACE_OUTER_BOUND ( 'NONE', #3747, .T. ) ;
#3866 = CARTESIAN_POINT ( 'NONE',  ( 27.25000000000001066, 0.000000000000000000, 18.49999999999999645 ) ) ;
#3867 = CARTESIAN_POINT ( 'NONE',  ( -0.3062450419276300240, 4.780451975433845035, -21.25000000000000000 ) ) ;
#3868 = DIRECTION ( 'NONE',  ( 0.000000000000000000, 0.000000000000000000, -1.000000000000000000 ) ) ;
#3869 = PRODUCT_CONTEXT ( 'NONE', #1098, 'mechanical' ) ;
#3870 = CARTESIAN_POINT ( 'NONE',  ( -4.519999999999994245, 0.7639320224988379593, 21.66666666666666785 ) ) ;
#3871 = EDGE_CURVE ( 'NONE', #609, #133, #3557, .T. ) ;
#3872 = CARTESIAN_POINT ( 'NONE',  ( 25.00000000000000000, 3.000000000000000000, 20.24999999999999645 ) ) ;
#3873 = DIRECTION ( 'NONE',  ( 0.000000000000000000, 6.195440985631452852E-17, -1.000000000000000000 ) ) ;
#3874 = VERTEX_POINT ( 'NONE', #2136 ) ;
#3875 = EDGE_LOOP ( 'NONE', ( #2184, #441, #3104, #3952, #535, #1273, #4199, #743, #2275, #3053, #4440, #3134, #3609, #2923, #277, #484 ) ) ;
#3876 = ORIENTED_EDGE ( 'NONE', *, *, #4403, .T. ) ;
#3877 = VECTOR ( 'NONE', #1925, 1000.000000000000000 ) ;
#3878 = EDGE_CURVE ( 'NONE', #1373, #19, #4294, .T. ) ;
#3879 = CARTESIAN_POINT ( 'NONE',  ( 13.42000000000000881, -1.772319454357861865E-12, 20.95491502812631524 ) ) ;
#3880 = CARTESIAN_POINT ( 'NONE',  ( -2.369999999999989448, 6.380000000000024762, 22.50000000000000355 ) ) ;
#3881 = FACE_OUTER_BOUND ( 'NONE', #3875, .T. ) ;
#3882 = VERTEX_POINT ( 'NONE', #2550 ) ;
#3883 = B_SPLINE_CURVE_WITH_KNOTS ( 'NONE', 3,
 ( #1647, #4018, #2359, #417 ),
 .UNSPECIFIED., .F., .F.,
 ( 4, 4 ),
 ( 0.000000000000000000, 0.0004805875977918467701 ),
 .UNSPECIFIED. ) ;
#3884 = CARTESIAN_POINT ( 'NONE',  ( 2.308315243703902730, 5.299657514068514708, 22.45000000000000639 ) ) ;
#3885 = AXIS2_PLACEMENT_3D ( 'NONE', #1393, #3677, #2129 ) ;
#3886 = EDGE_CURVE ( 'NONE', #2146, #4911, #578, .T. ) ;
#3887 = CARTESIAN_POINT ( 'NONE',  ( -27.05990971468468942, -0.000000000000000000, -19.25748032600904835 ) ) ;
#3888 = CARTESIAN_POINT ( 'NONE',  ( -2.900000000000001688, 14.25000000000000888, -9.545306638761546836 ) ) ;
#3889 = DIRECTION ( 'NONE',  ( 1.000000000000000000, -0.000000000000000000, -0.000000000000000000 ) ) ;
#3890 = CARTESIAN_POINT ( 'NONE',  ( 2.369999999999994333, 6.690232274542017521, 22.45000000000000639 ) ) ;
#3891 = CARTESIAN_POINT ( 'NONE',  ( 4.750000000000003553, 14.25000000000000888, -22.50000000000000355 ) ) ;
#3892 = VECTOR ( 'NONE', #1337, 1000.000000000000000 ) ;
#3893 = TOROIDAL_SURFACE ( 'NONE', #3153, 2.500000000000000000, 1.000000000000000000 ) ;
#3894 = CARTESIAN_POINT ( 'NONE',  ( 26.79699157326989933, 3.000000000000000000, -22.39589069183084646 ) ) ;
#3895 = CARTESIAN_POINT ( 'NONE',  ( 17.91666666666666430, -43.57960786344599313, 18.41666666666665719 ) ) ;
#3896 = CARTESIAN_POINT ( 'NONE',  ( -4.519999999999994245, 0.000000000000000000, -20.00000000000000355 ) ) ;
#3897 = VERTEX_POINT ( 'NONE', #1806 ) ;
#3898 = ORIENTED_EDGE ( 'NONE', *, *, #3623, .T. ) ;
#3899 = ORIENTED_EDGE ( 'NONE', *, *, #4156, .T. ) ;
#3900 = LINE ( 'NONE', #1198, #5018 ) ;
#3901 = DIRECTION ( 'NONE',  ( 0.000000000000000000, 0.000000000000000000, 1.000000000000000000 ) ) ;
#3902 = EDGE_LOOP ( 'NONE', ( #686, #2216, #835, #813 ) ) ;
#3903 = ORIENTED_EDGE ( 'NONE', *, *, #21, .T. ) ;
#3904 = VECTOR ( 'NONE', #998, 1000.000000000000000 ) ;
#3905 = ADVANCED_FACE ( 'NONE', ( #4893 ), #2192, .F. ) ;
#3906 = CARTESIAN_POINT ( 'NONE',  ( -0.3102322745419885397, 3.550000000000016698, 22.45000000000000284 ) ) ;
#3907 = FACE_OUTER_BOUND ( 'NONE', #2629, .T. ) ;
#3908 = DIRECTION ( 'NONE',  ( 0.000000000000000000, 0.000000000000000000, -1.000000000000000000 ) ) ;
#3909 = VECTOR ( 'NONE', #2035, 1000.000000000000000 ) ;
#3910 = EDGE_CURVE ( 'NONE', #3363, #1359, #41, .T. ) ;
#3911 = FACE_BOUND ( 'NONE', #4900, .T. ) ;
#3912 = VECTOR ( 'NONE', #2470, 1000.000000000000000 ) ;
#3913 = EDGE_CURVE ( 'NONE', #318, #3741, #1995, .T. ) ;
#3914 = CARTESIAN_POINT ( 'NONE',  ( -1.895210389775169091, 4.463524246950954399, -22.45000000000000284 ) ) ;
#3915 = DIRECTION ( 'NONE',  ( 0.000000000000000000, -1.000000000000000000, 0.000000000000000000 ) ) ;
#3916 = ORIENTED_EDGE ( 'NONE', *, *, #1530, .F. ) ;
#3917 = DIRECTION ( 'NONE',  ( 0.000000000000000000, 0.000000000000000000, 1.000000000000000000 ) ) ;
#3918 = CARTESIAN_POINT ( 'NONE',  ( -17.91666666666665719, -43.57960786344599313, 18.41666666666666075 ) ) ;
#3919 = CARTESIAN_POINT ( 'NONE',  ( 2.369999999999994333, 6.380000000000024762, -21.25000000000000000 ) ) ;
#3920 = ORIENTED_EDGE ( 'NONE', *, *, #3376, .F. ) ;
#3921 = ORIENTED_EDGE ( 'NONE', *, *, #4722, .F. ) ;
#3922 = VERTEX_POINT ( 'NONE', #1423 ) ;
#3923 = LINE ( 'NONE', #3880, #3877 ) ;
#3924 = CARTESIAN_POINT ( 'NONE',  ( -21.16666666666666430, 17.00000000000000355, -2.550000000000003375 ) ) ;
#3925 = VERTEX_POINT ( 'NONE', #4915 ) ;
#3926 = ORIENTED_EDGE ( 'NONE', *, *, #581, .T. ) ;
#3927 = CARTESIAN_POINT ( 'NONE',  ( -2.308315243703896957, 5.299657514068514708, -22.45000000000000639 ) ) ;
#3928 = CARTESIAN_POINT ( 'NONE',  ( 17.91666666666666430, -43.57960786344599313, -18.41666666666666785 ) ) ;
#3929 = EDGE_CURVE ( 'NONE', #3435, #2855, #3708, .T. ) ;
#3930 = CYLINDRICAL_SURFACE ( 'NONE', #1987, 1.850000000000004530 ) ;
#3931 = ORIENTED_EDGE ( 'NONE', *, *, #1268, .T. ) ;
#3932 = CARTESIAN_POINT ( 'NONE',  ( 1.021565088421274581, 5.329108094148181429, 21.25000000000000355 ) ) ;
#3933 = SURFACE_SIDE_STYLE ('',( #4322 ) ) ;
#3934 = EDGE_CURVE ( 'NONE', #2534, #3103, #4252, .T. ) ;
#3935 = FACE_OUTER_BOUND ( 'NONE', #3456, .T. ) ;
#3936 = ORIENTED_EDGE ( 'NONE', *, *, #3718, .T. ) ;
#3937 = EDGE_CURVE ( 'NONE', #1162, #178, #770, .T. ) ;
#3938 = CARTESIAN_POINT ( 'NONE',  ( 26.50000000000000355, 4.000000000000000000, 17.75000000000000000 ) ) ;
#3939 = DIRECTION ( 'NONE',  ( 1.541976423090495387E-16, 0.000000000000000000, 1.000000000000000000 ) ) ;
#3940 = CARTESIAN_POINT ( 'NONE',  ( 1.169999999999994822, 6.380000000000024762, -21.25000000000000000 ) ) ;
#3941 = ORIENTED_EDGE ( 'NONE', *, *, #748, .F. ) ;
#3942 = VERTEX_POINT ( 'NONE', #3373 ) ;
#3943 = ORIENTED_EDGE ( 'NONE', *, *, #3396, .F. ) ;
#3944 = CYLINDRICAL_SURFACE ( 'NONE', #3389, 1.000000000000000888 ) ;
#3945 = CARTESIAN_POINT ( 'NONE',  ( 25.75000000000001421, 0.000000000000000000, -20.00000000000000355 ) ) ;
#3946 = CARTESIAN_POINT ( 'NONE',  ( 26.50000000000000355, 0.000000000000000000, 0.000000000000000000 ) ) ;
#3947 = ORIENTED_EDGE ( 'NONE', *, *, #1429, .T. ) ;
#3948 = ORIENTED_EDGE ( 'NONE', *, *, #2045, .F. ) ;
#3949 = DIRECTION ( 'NONE',  ( 0.000000000000000000, -1.000000000000000000, -6.122553444624023009E-17 ) ) ;
#3950 = DIRECTION ( 'NONE',  ( 0.000000000000000000, 0.000000000000000000, 1.000000000000000000 ) ) ;
#3951 = CARTESIAN_POINT ( 'NONE',  ( -0.7178126528277208873, 7.316714978189602370, 21.25000000000000355 ) ) ;
#3952 = ORIENTED_EDGE ( 'NONE', *, *, #2809, .T. ) ;
#3953 = AXIS2_PLACEMENT_3D ( 'NONE', #1142, #711, #2237 ) ;
#3954 = CARTESIAN_POINT ( 'NONE',  ( 1.169999999999994822, 5.920000000000007923, 21.25000000000000000 ) ) ;
#3955 = CIRCLE ( 'NONE', #1578, 1.850000000000004086 ) ;
#3956 = CARTESIAN_POINT ( 'NONE',  ( 2.308315229249408240, 5.299657479172279473, -22.45000000000000284 ) ) ;
#3957 = FACE_OUTER_BOUND ( 'NONE', #3370, .T. ) ;
#3958 = ORIENTED_EDGE ( 'NONE', *, *, #1550, .T. ) ;
#3959 = AXIS2_PLACEMENT_3D ( 'NONE', #4060, #4803, #2023 ) ;
#3960 = EDGE_CURVE ( 'NONE', #4115, #721, #81, .T. ) ;
#3961 = DIRECTION ( 'NONE',  ( 9.011550524554843201E-17, -0.000000000000000000, 1.000000000000000000 ) ) ;
#3962 = VECTOR ( 'NONE', #3378, 1000.000000000000000 ) ;
#3963 = CARTESIAN_POINT ( 'NONE',  ( -4.750000000000006217, 14.25000000000001066, -9.545306638761546836 ) ) ;
#3964 = DIRECTION ( 'NONE',  ( -0.000000000000000000, 1.000000000000000000, -0.000000000000000000 ) ) ;
#3965 = VECTOR ( 'NONE', #3500, 1000.000000000000000 ) ;
#3966 = PLANE ( 'NONE',  #4312 ) ;
#3967 = ORIENTED_EDGE ( 'NONE', *, *, #2347, .F. ) ;
#3968 = AXIS2_PLACEMENT_3D ( 'NONE', #3825, #330, #5020 ) ;
#3969 = EDGE_CURVE ( 'NONE', #3971, #1976, #755, .T. ) ;
#3970 = ORIENTED_EDGE ( 'NONE', *, *, #3969, .F. ) ;
#3971 = VERTEX_POINT ( 'NONE', #1161 ) ;
#3972 = VECTOR ( 'NONE', #2046, 1000.000000000000000 ) ;
#3973 = EDGE_CURVE ( 'NONE', #4331, #3615, #4784, .T. ) ;
#3974 = DIRECTION ( 'NONE',  ( 0.000000000000000000, -1.000000000000000000, 0.000000000000000000 ) ) ;
#3975 = CARTESIAN_POINT ( 'NONE',  ( -8.583333333333314386, 3.000000000000000000, -22.50000000000000355 ) ) ;
#3976 = DIRECTION ( 'NONE',  ( -0.000000000000000000, -0.000000000000000000, -1.000000000000000000 ) ) ;
#3977 = VERTEX_POINT ( 'NONE', #5042 ) ;
#3978 = ORIENTED_EDGE ( 'NONE', *, *, #2777, .T. ) ;
#3979 = CARTESIAN_POINT ( 'NONE',  ( 1.895210416483683380, 4.463524273659464470, -22.45000000000000284 ) ) ;
#3980 = PLANE ( 'NONE',  #2267 ) ;
#3981 = VECTOR ( 'NONE', #4114, 1000.000000000000000 ) ;
#3982 = CARTESIAN_POINT ( 'NONE',  ( -4.519999999999996021, 81.73647591023825498, 20.99999999999999645 ) ) ;
#3983 = VERTEX_POINT ( 'NONE', #4678 ) ;
#3984 = DIRECTION ( 'NONE',  ( 0.000000000000000000, 0.000000000000000000, -1.000000000000000000 ) ) ;
#3985 = VECTOR ( 'NONE', #3000, 1000.000000000000000 ) ;
#3986 = CARTESIAN_POINT ( 'NONE',  ( -2.369999999999989893, 5.609711817632623720, -22.45000000000000284 ) ) ;
#3987 = DIRECTION ( 'NONE',  ( -0.000000000000000000, -0.000000000000000000, 1.000000000000000000 ) ) ;
#3988 = FACE_OUTER_BOUND ( 'NONE', #5025, .T. ) ;
#3989 = ORIENTED_EDGE ( 'NONE', *, *, #792, .T. ) ;
#3990 = CIRCLE ( 'NONE', #2425, 3.249999999999999556 ) ;
#3991 = CARTESIAN_POINT ( 'NONE',  ( 13.42000000000000348, 1.624999999999998002, -19.35000000000000853 ) ) ;
#3992 = CARTESIAN_POINT ( 'NONE',  ( 25.00000000000000000, 4.000000000000000000, -17.75000000000000000 ) ) ;
#3993 = AXIS2_PLACEMENT_3D ( 'NONE', #4231, #4992, #3452 ) ;
#3994 = CARTESIAN_POINT ( 'NONE',  ( 0.000000000000000000, 4.000000000000000000, 22.50000000000000355 ) ) ;
#3995 = ADVANCED_FACE ( 'NONE', ( #1143 ), #3071, .T. ) ;
#3996 = ORIENTED_EDGE ( 'NONE', *, *, #2276, .T. ) ;
#3997 =( BOUNDED_SURFACE ( )  B_SPLINE_SURFACE ( 2, 3, ( 
 ( #1067, #675, #2261, #3421, #3812, #4986, #1473, #3838, #1880, #3446 ),
 ( #5012, #1496, #3064, #4629, #1116, #2679, #2061, #2040, #425, #4436 ),
 ( #2395, #3561, #917, #4332, #1220, #4051, #480, #1988, #532, #1197 ) ),
 .UNSPECIFIED., .F., .F., .T. ) 
 B_SPLINE_SURFACE_WITH_KNOTS ( ( 3, 3 ),
 ( 4, 2, 2, 2, 4 ),
 ( 0.000000000000000000, 1.000000000000000000 ),
 ( 3.141592653589793116, 3.534291735288517255, 3.926990816987241395, 4.319689898685965090, 4.712388980384689674 ),
 .UNSPECIFIED. ) 
 GEOMETRIC_REPRESENTATION_ITEM ( )  RATIONAL_B_SPLINE_SURFACE ( (
 ( 1.000000000000000000, 1.000000000000000000, 1.000000000000000000, 1.000000000000000000, 1.000000000000000000, 1.000000000000000000, 1.000000000000000000, 1.000000000000000000, 1.000000000000000000, 1.000000000000000000),
 ( 0.7071067811865476838, 0.7071067811865476838, 0.7071067811865476838, 0.7071067811865476838, 0.7071067811865476838, 0.7071067811865476838, 0.7071067811865476838, 0.7071067811865476838, 0.7071067811865476838, 0.7071067811865476838),
 ( 1.000000000000000000, 1.000000000000000000, 1.000000000000000000, 1.000000000000000000, 1.000000000000000000, 1.000000000000000000, 1.000000000000000000, 1.000000000000000000, 1.000000000000000000, 1.000000000000000000) ) ) 
 REPRESENTATION_ITEM ( '' )  SURFACE ( )  );
#3998 = ORIENTED_EDGE ( 'NONE', *, *, #121, .F. ) ;
#3999 = VERTEX_POINT ( 'NONE', #712 ) ;
#4000 = CARTESIAN_POINT ( 'NONE',  ( -17.91666666666666430, 18.80000000000000426, -18.41666666666665719 ) ) ;
#4001 = EDGE_CURVE ( 'NONE', #1652, #1456, #4584, .T. ) ;
#4002 = DIRECTION ( 'NONE',  ( 0.000000000000000000, 0.000000000000000000, 1.000000000000000000 ) ) ;
#4003 = CARTESIAN_POINT ( 'NONE',  ( -17.24999999999999645, 81.73647591023825498, -17.74999999999999289 ) ) ;
#4004 = ORIENTED_EDGE ( 'NONE', *, *, #4978, .F. ) ;
#4005 = EDGE_CURVE ( 'NONE', #2003, #2323, #3112, .T. ) ;
#4006 = VERTEX_POINT ( 'NONE', #327 ) ;
#4007 = DIRECTION ( 'NONE',  ( 0.000000000000000000, 0.000000000000000000, -1.000000000000000000 ) ) ;
#4008 = B_SPLINE_CURVE_WITH_KNOTS ( 'NONE', 3,
 ( #3491, #788, #2282, #4269, #2674, #1154, #317, #4308, #4598, #3441 ),
 .UNSPECIFIED., .F., .F.,
 ( 4, 2, 2, 2, 4 ),
 ( 0.000000000000000000, 0.2500000000000000000, 0.5000000000000000000, 0.7500000000000000000, 1.000000000000000000 ),
 .UNSPECIFIED. ) ;
#4009 = EDGE_CURVE ( 'NONE', #727, #1037, #1427, .T. ) ;
#4010 = CARTESIAN_POINT ( 'NONE',  ( 1.169999999999994822, 6.380000000000024762, -21.25000000000000000 ) ) ;
#4011 = DIRECTION ( 'NONE',  ( -1.000000000000000000, 0.000000000000000000, 1.005636797667714533E-16 ) ) ;
#4012 = ORIENTED_EDGE ( 'NONE', *, *, #1895, .T. ) ;
#4013 = CARTESIAN_POINT ( 'NONE',  ( 13.42000000000000348, 1.625000000000001332, 20.66875000000000639 ) ) ;
#4014 = CARTESIAN_POINT ( 'NONE',  ( -1.022330081510248734, 6.969234189806666535, 21.25000000000000000 ) ) ;
#4015 = CARTESIAN_POINT ( 'NONE',  ( 25.00000000000000000, 3.000000000000000000, -19.25000000000000000 ) ) ;
#4016 = DIRECTION ( 'NONE',  ( 0.000000000000000000, 0.000000000000000000, 1.000000000000000000 ) ) ;
#4017 = ORIENTED_EDGE ( 'NONE', *, *, #1525, .T. ) ;
#4018 = CARTESIAN_POINT ( 'NONE',  ( -21.99999999999999645, 3.970519631153956119, 19.40551279071536328 ) ) ;
#4019 = LINE ( 'NONE', #2785, #2489 ) ;
#4020 = DIRECTION ( 'NONE',  ( 1.000000000000000000, 0.000000000000000000, 0.000000000000000000 ) ) ;
#4021 = ORIENTED_EDGE ( 'NONE', *, *, #3973, .F. ) ;
#4022 = ORIENTED_EDGE ( 'NONE', *, *, #4069, .T. ) ;
#4023 = EDGE_CURVE ( 'NONE', #1057, #1005, #2659, .T. ) ;
#4024 = DIRECTION ( 'NONE',  ( 0.000000000000000000, -1.000000000000000000, -6.123233995736766036E-17 ) ) ;
#4025 = CARTESIAN_POINT ( 'NONE',  ( -25.74999999999999645, 0.000000000000000000, -22.50000000000000355 ) ) ;
#4026 = LINE ( 'NONE', #503, #431 ) ;
#4027 = ORIENTED_EDGE ( 'NONE', *, *, #3718, .F. ) ;
#4028 = ORIENTED_EDGE ( 'NONE', *, *, #1611, .F. ) ;
#4029 = EDGE_CURVE ( 'NONE', #2952, #833, #1147, .T. ) ;
#4030 = CARTESIAN_POINT ( 'NONE',  ( -2.308315229249335410, 7.000342520827889992, -21.25000000000000000 ) ) ;
#4031 = DIRECTION ( 'NONE',  ( 1.000000000000000000, 0.000000000000000000, -0.000000000000000000 ) ) ;
#4032 = DIRECTION ( 'NONE',  ( 0.000000000000000000, -1.000000000000000000, -6.123233995736766036E-17 ) ) ;
#4033 = ORIENTED_EDGE ( 'NONE', *, *, #182, .T. ) ;
#4034 = ADVANCED_FACE ( 'NONE', ( #2269 ), #5017, .T. ) ;
#4035 = CYLINDRICAL_SURFACE ( 'NONE', #4789, 1.850000000000004086 ) ;
#4036 = CARTESIAN_POINT ( 'NONE',  ( 26.27369315211958067, 0.000000000000000000, -22.49999999996150635 ) ) ;
#4037 = CARTESIAN_POINT ( 'NONE',  ( 13.42000000000000348, 1.625000000000001332, 19.35000000000000853 ) ) ;
#4038 = CARTESIAN_POINT ( 'NONE',  ( 4.519999999999994245, 1.625000000000001332, -19.35000000000000853 ) ) ;
#4039 = ORIENTED_EDGE ( 'NONE', *, *, #3402, .F. ) ;
#4040 = DIRECTION ( 'NONE',  ( 1.000000000000000000, -0.000000000000000000, -0.000000000000000000 ) ) ;
#4041 = CARTESIAN_POINT ( 'NONE',  ( 23.50000000000000355, 4.000000000000000000, 20.25000000000000000 ) ) ;
#4042 = AXIS2_PLACEMENT_3D ( 'NONE', #4452, #2524, #553 ) ;
#4043 = LINE ( 'NONE', #473, #1256 ) ;
#4044 = CARTESIAN_POINT ( 'NONE',  ( 1.169999999999994600, 5.920000000000008811, -21.25000000000000000 ) ) ;
#4045 = VECTOR ( 'NONE', #4580, 1000.000000000000000 ) ;
#4046 = DIRECTION ( 'NONE',  ( 0.000000000000000000, 0.000000000000000000, 1.000000000000000000 ) ) ;
#4047 = ORIENTED_EDGE ( 'NONE', *, *, #3187, .F. ) ;
#4048 = VECTOR ( 'NONE', #454, 1000.000000000000000 ) ;
#4049 = ORIENTED_EDGE ( 'NONE', *, *, #4005, .T. ) ;
#4050 = B_SPLINE_CURVE_WITH_KNOTS ( 'NONE', 3,
 ( #4579, #3089, #731, #3887, #1823, #4604, #2231, #2680, #2651, #3065 ),
 .UNSPECIFIED., .F., .F.,
 ( 4, 2, 2, 2, 4 ),
 ( 0.000000000000000000, 0.2500000000000000000, 0.5000000000000000000, 0.7500000000000000000, 1.000000000000000000 ),
 .UNSPECIFIED. ) ;
#4051 = CARTESIAN_POINT ( 'NONE',  ( -26.94950025331262822, 0.000000000000000000, -19.42182009024668332 ) ) ;
#4052 = CARTESIAN_POINT ( 'NONE',  ( 25.75000000000001421, 3.000000000000000000, -22.50000000000000355 ) ) ;
#4053 = CARTESIAN_POINT ( 'NONE',  ( 2.369999999999994333, 5.920000000000008811, -22.45000000000000284 ) ) ;
#4054 = ORIENTED_EDGE ( 'NONE', *, *, #416, .T. ) ;
#4055 = VECTOR ( 'NONE', #4963, 1000.000000000000000 ) ;
#4056 = VERTEX_POINT ( 'NONE', #1503 ) ;
#4057 = CARTESIAN_POINT ( 'NONE',  ( 1.139548024566146234, 6.686245041927689314, -21.25000000000000000 ) ) ;
#4058 = AXIS2_PLACEMENT_3D ( 'NONE', #2987, #3678, #168 ) ;
#4059 = LINE ( 'NONE', #565, #4246 ) ;
#4060 = CARTESIAN_POINT ( 'NONE',  ( -17.24999999999999645, 17.00000000000000000, 17.74999999999999645 ) ) ;
#4061 = ORIENTED_EDGE ( 'NONE', *, *, #1574, .T. ) ;
#4062 = EDGE_CURVE ( 'NONE', #4686, #421, #3451, .T. ) ;
#4063 = CARTESIAN_POINT ( 'NONE',  ( -27.25000000000001421, 0.000000000000000000, 18.69910585300468142 ) ) ;
#4064 = CARTESIAN_POINT ( 'NONE',  ( -0.5892341898066585371, 7.402330081510260840, 21.25000000000000000 ) ) ;
#4065 = CARTESIAN_POINT ( 'NONE',  ( 27.24999999998502531, 0.000000000000000000, -18.69638493204462293 ) ) ;
#4066 = PLANE ( 'NONE',  #32 ) ;
#4067 = ORIENTED_EDGE ( 'NONE', *, *, #4287, .F. ) ;
#4068 = VECTOR ( 'NONE', #261, 1000.000000000000000 ) ;
#4069 = EDGE_CURVE ( 'NONE', #1228, #1417, #1911, .T. ) ;
#4070 = LINE ( 'NONE', #523, #3560 ) ;
#4071 = LINE ( 'NONE', #2112, #3713 ) ;
#4072 = CARTESIAN_POINT ( 'NONE',  ( -27.76447592148361210, 3.000000000000000444, 21.99514555341702859 ) ) ;
#4073 = EDGE_CURVE ( 'NONE', #2796, #4265, #3395, .T. ) ;
#4074 = CARTESIAN_POINT ( 'NONE',  ( -29.64589069183090686, 2.528570332925544993E-13, 19.54699157326975367 ) ) ;
#4075 = AXIS2_PLACEMENT_3D ( 'NONE', #783, #2867, #3172 ) ;
#4076 = DIRECTION ( 'NONE',  ( -1.000000000000000000, 0.000000000000000000, -0.000000000000000000 ) ) ;
#4077 = AXIS2_PLACEMENT_3D ( 'NONE', #4745, #4363, #843 ) ;
#4078 = VERTEX_POINT ( 'NONE', #3891 ) ;
#4079 = DIRECTION ( 'NONE',  ( 0.000000000000000000, 0.000000000000000000, -1.000000000000000000 ) ) ;
#4080 = CARTESIAN_POINT ( 'NONE',  ( -19.81348418192123262, 2.857629303562104539, -15.25445187039760775 ) ) ;
#4081 = FACE_OUTER_BOUND ( 'NONE', #2398, .T. ) ;
#4082 = ORIENTED_EDGE ( 'NONE', *, *, #2205, .T. ) ;
#4083 = VERTEX_POINT ( 'NONE', #4204 ) ;
#4084 = CARTESIAN_POINT ( 'NONE',  ( 0.6203425208278010583, 8.688315229249461424, -21.25000000000000000 ) ) ;
#4085 = FACE_OUTER_BOUND ( 'NONE', #2851, .T. ) ;
#4086 = CARTESIAN_POINT ( 'NONE',  ( 17.24999999999999289, 6.250000000000000000, -20.99999999999999645 ) ) ;
#4087 = CARTESIAN_POINT ( 'NONE',  ( 2.369999999999994333, 6.380000000000024762, 22.45000000000000284 ) ) ;
#4088 = VERTEX_POINT ( 'NONE', #1552 ) ;
#4089 = LINE ( 'NONE', #569, #1259 ) ;
#4090 = EDGE_CURVE ( 'NONE', #478, #4056, #683, .T. ) ;
#4091 = CARTESIAN_POINT ( 'NONE',  ( -13.42000000000000348, 0.7639320224995977959, -21.66666666666666785 ) ) ;
#4092 = CARTESIAN_POINT ( 'NONE',  ( 29.75000000000001421, 0.000000000000000000, -18.50000000000000355 ) ) ;
#4093 = LINE ( 'NONE', #3703, #2730 ) ;
#4094 = VERTEX_POINT ( 'NONE', #2240 ) ;
#4095 = DIRECTION ( 'NONE',  ( 0.000000000000000000, 0.000000000000000000, 1.000000000000000000 ) ) ;
#4096 = EDGE_CURVE ( 'NONE', #4930, #29, #4704, .T. ) ;
#4097 = CARTESIAN_POINT ( 'NONE',  ( -22.00000000000000000, 18.80000000000001492, 2.550000000000009592 ) ) ;
#4098 = CARTESIAN_POINT ( 'NONE',  ( -2.900000000000001688, 12.40000000000000391, -9.545306638761546836 ) ) ;
#4099 = CARTESIAN_POINT ( 'NONE',  ( -28.20818690732466649, 0.000000000000000000, 21.69866734216703463 ) ) ;
#4100 = ADVANCED_FACE ( 'NONE', ( #3935 ), #940, .T. ) ;
#4101 = CARTESIAN_POINT ( 'NONE',  ( -25.00000000000000000, 0.000000000000000000, 19.25000000000000000 ) ) ;
#4102 = EDGE_CURVE ( 'NONE', #2861, #4304, #1594, .T. ) ;
#4103 = ORIENTED_EDGE ( 'NONE', *, *, #4541, .T. ) ;
#4105 = EDGE_CURVE ( 'NONE', #1590, #1633, #1348, .T. ) ;
#4104 = CIRCLE ( 'NONE', #3688, 1.318749999999996980 ) ;
#4106 = CARTESIAN_POINT ( 'NONE',  ( 2.369999999999994333, 6.073333333333347461, -22.45000000000000284 ) ) ;
#4107 = DIRECTION ( 'NONE',  ( 1.601283208593976254E-16, -6.195440985631452852E-17, 1.000000000000000000 ) ) ;
#4108 = ORIENTED_EDGE ( 'NONE', *, *, #249, .T. ) ;
#4109 = ORIENTED_EDGE ( 'NONE', *, *, #3113, .T. ) ;
#4110 = CARTESIAN_POINT ( 'NONE',  ( -2.369999999951361236, 6.690288182367315706, -21.25000000000000000 ) ) ;
#4111 = AXIS2_PLACEMENT_3D ( 'NONE', #3060, #4623, #3464 ) ;
#4112 = CARTESIAN_POINT ( 'NONE',  ( -0.7190196755558473374, 4.984389807579356457, 21.25000000000000000 ) ) ;
#4113 = CARTESIAN_POINT ( 'NONE',  ( 28.94866736959272657, 2.999999999999999556, 20.95818687989966023 ) ) ;
#4114 = DIRECTION ( 'NONE',  ( -1.000000000000000000, -0.000000000000000000, 8.260587980841940012E-17 ) ) ;
#4115 = VERTEX_POINT ( 'NONE', #1644 ) ;
#4116 = CARTESIAN_POINT ( 'NONE',  ( -4.519999999999994245, 6.250000000000000000, -18.85309986098562263 ) ) ;
#4117 = CARTESIAN_POINT ( 'NONE',  ( -0.9356101924206653431, 7.099019675555815923, 21.25000000000000000 ) ) ;
#4118 = CARTESIAN_POINT ( 'NONE',  ( -21.16666666666665719, 17.00000000000000711, 18.41666666666666430 ) ) ;
#4119 = CARTESIAN_POINT ( 'NONE',  ( -23.50000000000000355, 4.000000000000000000, -20.25000000000000000 ) ) ;
#4120 = VERTEX_POINT ( 'NONE', #1601 ) ;
#4121 = DIRECTION ( 'NONE',  ( -0.000000000000000000, -0.000000000000000000, 1.000000000000000000 ) ) ;
#4122 = CARTESIAN_POINT ( 'NONE',  ( -2.369999999999989448, 6.380000000000024762, 22.45000000000000284 ) ) ;
#4123 = CARTESIAN_POINT ( 'NONE',  ( 2.899999999999999911, 14.25000000000000888, -20.99999999999999645 ) ) ;
#4124 = DIRECTION ( 'NONE',  ( -1.000000000000000000, 0.000000000000000000, 0.000000000000000000 ) ) ;
#4125 = DIRECTION ( 'NONE',  ( -0.000000000000000000, -1.000000000000000000, -0.000000000000000000 ) ) ;
#4126 = ADVANCED_FACE ( 'NONE', ( #4345 ), #2727, .T. ) ;
#4127 = ORIENTED_EDGE ( 'NONE', *, *, #1671, .T. ) ;
#4128 = DIRECTION ( 'NONE',  ( 0.000000000000000000, -1.000000000000000000, 0.000000000000000000 ) ) ;
#4129 = CARTESIAN_POINT ( 'NONE',  ( 18.74999999999999289, 4.000000000000000000, -19.25000000000000355 ) ) ;
#4130 = ORIENTED_EDGE ( 'NONE', *, *, #4750, .T. ) ;
#4131 = VECTOR ( 'NONE', #346, 1000.000000000000000 ) ;
#4132 = ORIENTED_EDGE ( 'NONE', *, *, #3024, .T. ) ;
#4133 = EDGE_CURVE ( 'NONE', #1032, #4331, #1211, .T. ) ;
#4134 =( BOUNDED_CURVE ( )  B_SPLINE_CURVE ( 2, ( #3078, #3455, #2668 ),
 .UNSPECIFIED., .F., .T. ) 
 B_SPLINE_CURVE_WITH_KNOTS ( ( 3, 3 ),
 ( 0.000000000000000000, 0.001877141136577716507 ),
 .UNSPECIFIED. ) 
 CURVE ( )  GEOMETRIC_REPRESENTATION_ITEM ( )  RATIONAL_B_SPLINE_CURVE ( ( 0.8542150666577394968, 0.8633971813349838875, 1.000000000000000000 ) ) 
 REPRESENTATION_ITEM ( '' )  );
#4135 = AXIS2_PLACEMENT_3D ( 'NONE', #2889, #252, #1379 ) ;
#4136 = CIRCLE ( 'NONE', #2159, 3.249999999999999556 ) ;
#4137 = CARTESIAN_POINT ( 'NONE',  ( 1.139548024566163553, 5.613754958072345147, 21.25000000000000000 ) ) ;
#4138 = CARTESIAN_POINT ( 'NONE',  ( -25.75000000000001066, 0.000000000000000000, 19.99999999999999645 ) ) ;
#4139 = CARTESIAN_POINT ( 'NONE',  ( -20.49999999999999645, 6.250000000000000000, -17.75000000000000000 ) ) ;
#4140 = AXIS2_PLACEMENT_3D ( 'NONE', #3316, #115, #1668 ) ;
#4141 = ORIENTED_EDGE ( 'NONE', *, *, #489, .F. ) ;
#4142 = VECTOR ( 'NONE', #3525, 1000.000000000000000 ) ;
#4143 = LINE ( 'NONE', #1994, #936 ) ;
#4144 = EDGE_LOOP ( 'NONE', ( #4615, #2365, #2132, #1413 ) ) ;
#4145 = DIRECTION ( 'NONE',  ( 1.000000000000000000, -5.242622888684766343E-33, 8.462065736472231082E-17 ) ) ;
#4146 = CARTESIAN_POINT ( 'NONE',  ( -4.519999999999994245, 0.7639320224988379593, 21.66666666666667140 ) ) ;
#4147 = DIRECTION ( 'NONE',  ( -2.202823461557850834E-16, 0.000000000000000000, -1.000000000000000000 ) ) ;
#4148 = ORIENTED_EDGE ( 'NONE', *, *, #3024, .F. ) ;
#4149 = DIRECTION ( 'NONE',  ( 0.000000000000000000, 0.000000000000000000, -1.000000000000000000 ) ) ;
#4150 = DIRECTION ( 'NONE',  ( 8.462065736472231082E-17, -6.123233995736766036E-17, 1.000000000000000000 ) ) ;
#4151 = CARTESIAN_POINT ( 'NONE',  ( -29.64589070667327420, 3.000000000000000444, 19.54699153743711193 ) ) ;
#4152 = CARTESIAN_POINT ( 'NONE',  ( -21.16666666666665719, 17.00000000000000711, 21.66666666666666430 ) ) ;
#4153 = AXIS2_PLACEMENT_3D ( 'NONE', #1760, #2116, #201 ) ;
#4154 = CARTESIAN_POINT ( 'NONE',  ( -27.25000000000001066, 0.000000000000000000, -6.166666666666667851 ) ) ;
#4155 = ORIENTED_EDGE ( 'NONE', *, *, #4641, .T. ) ;
#4156 = EDGE_CURVE ( 'NONE', #642, #3897, #944, .T. ) ;
#4157 = DIRECTION ( 'NONE',  ( -8.080131182874688811E-16, 0.000000000000000000, -1.000000000000000000 ) ) ;
#4158 = AXIS2_PLACEMENT_3D ( 'NONE', #4129, #180, #3770 ) ;
#4159 = FACE_OUTER_BOUND ( 'NONE', #3853, .T. ) ;
#4160 = ORIENTED_EDGE ( 'NONE', *, *, #4263, .F. ) ;
#4161 = VECTOR ( 'NONE', #3964, 1000.000000000000000 ) ;
#4162 = ORIENTED_EDGE ( 'NONE', *, *, #3248, .T. ) ;
#4163 = ADVANCED_FACE ( 'NONE', ( #3957 ), #4297, .F. ) ;
#4164 = CARTESIAN_POINT ( 'NONE',  ( -0.3102322367705078743, 3.550000000000015365, 21.25000000000000000 ) ) ;
#4165 = DIRECTION ( 'NONE',  ( 0.000000000000000000, 0.000000000000000000, -1.000000000000000000 ) ) ;
#4166 = DIRECTION ( 'NONE',  ( 0.000000000000000000, 1.000000000000000000, 0.000000000000000000 ) ) ;
#4167 = LINE ( 'NONE', #2204, #4943 ) ;
#4168 = EDGE_CURVE ( 'NONE', #4712, #4586, #2024, .T. ) ;
#4169 =( BOUNDED_SURFACE ( )  B_SPLINE_SURFACE ( 2, 3, ( 
 ( #3044, #1501, #655, #4202 ),
 ( #2704, #3842, #2289, #1044 ),
 ( #753, #324, #3068, #371 ) ),
 .UNSPECIFIED., .F., .F., .T. ) 
 B_SPLINE_SURFACE_WITH_KNOTS ( ( 3, 3 ),
 ( 4, 4 ),
 ( 0.000000000000000000, 1.000000000000000000 ),
 ( -0.01850000000000000255, 0.01849999999999999561 ),
 .UNSPECIFIED. ) 
 GEOMETRIC_REPRESENTATION_ITEM ( )  RATIONAL_B_SPLINE_SURFACE ( (
 ( 1.000000000000000000, 1.000000000000000000, 1.000000000000000000, 1.000000000000000000),
 ( 0.7071067811865476838, 0.7071067811865476838, 0.7071067811865476838, 0.7071067811865476838),
 ( 1.000000000000000000, 1.000000000000000000, 1.000000000000000000, 1.000000000000000000) ) ) 
 REPRESENTATION_ITEM ( '' )  SURFACE ( )  );
#4170 = CARTESIAN_POINT ( 'NONE',  ( 27.50000000000000355, 4.000000000000000000, -17.75000000000000000 ) ) ;
#4171 = ADVANCED_FACE ( 'NONE', ( #67 ), #3481, .T. ) ;
#4172 = ORIENTED_EDGE ( 'NONE', *, *, #2429, .F. ) ;
#4173 = DIRECTION ( 'NONE',  ( 0.000000000000000000, -1.000000000000000000, 0.000000000000000000 ) ) ;
#4174 = CARTESIAN_POINT ( 'NONE',  ( 4.519999999999996021, 10.05000000000000959, 20.99999999999999645 ) ) ;
#4175 = CARTESIAN_POINT ( 'NONE',  ( -0.3047071151235357100, 4.779893194074317897, -21.25000000000000355 ) ) ;
#4176 = ORIENTED_EDGE ( 'NONE', *, *, #1336, .T. ) ;
#4177 = FACE_OUTER_BOUND ( 'NONE', #3486, .T. ) ;
#4178 = CYLINDRICAL_SURFACE ( 'NONE', #3383, 4.000000000000000000 ) ;
#4179 = CARTESIAN_POINT ( 'NONE',  ( 17.91666666666666430, 17.00000000000000711, -18.41666666666666430 ) ) ;
#4180 = DIRECTION ( 'NONE',  ( 1.000000000000000000, 0.000000000000000000, 0.000000000000000000 ) ) ;
#4181 = CARTESIAN_POINT ( 'NONE',  ( -22.00000000000000355, 3.970519631153642148, -19.40551279071535262 ) ) ;
#4182 = VERTEX_POINT ( 'NONE', #3213 ) ;
#4183 = CARTESIAN_POINT ( 'NONE',  ( 29.75000000000001066, 4.000000000000000000, 18.49999999999999645 ) ) ;
#4184 = CARTESIAN_POINT ( 'NONE',  ( 4.519999999999994245, 0.7639320224982412144, -21.66666666666666785 ) ) ;
#4185 = CARTESIAN_POINT ( 'NONE',  ( -1.169999999999989271, 6.380000000000024762, 21.25000000000000000 ) ) ;
#4186 = ORIENTED_EDGE ( 'NONE', *, *, #2811, .F. ) ;
#4187 = EDGE_CURVE ( 'NONE', #3590, #964, #2833, .T. ) ;
#4188 = VERTEX_POINT ( 'NONE', #3190 ) ;
#4189 = VERTEX_POINT ( 'NONE', #4015 ) ;
#4190 = CARTESIAN_POINT ( 'NONE',  ( 1.169999999999994822, 5.920000000000007923, -21.25000000000000000 ) ) ;
#4191 = LINE ( 'NONE', #3361, #538 ) ;
#4192 = FACE_OUTER_BOUND ( 'NONE', #1592, .T. ) ;
#4193 = ORIENTED_EDGE ( 'NONE', *, *, #1646, .F. ) ;
#4194 = EDGE_CURVE ( 'NONE', #3163, #1000, #777, .T. ) ;
#4195 = DIRECTION ( 'NONE',  ( 0.000000000000000000, -1.000000000000000000, 0.000000000000000000 ) ) ;
#4196 = ORIENTED_EDGE ( 'NONE', *, *, #802, .F. ) ;
#4197 = CARTESIAN_POINT ( 'NONE',  ( 26.14056997109113922, -0.000000000000000000, -19.96172888284616675 ) ) ;
#4198 = DIRECTION ( 'NONE',  ( 8.462065736472231082E-17, 6.123233995736766036E-17, -1.000000000000000000 ) ) ;
#4199 = ORIENTED_EDGE ( 'NONE', *, *, #3937, .T. ) ;
#4200 = EDGE_CURVE ( 'NONE', #4742, #3925, #851, .T. ) ;
#4201 = EDGE_CURVE ( 'NONE', #3772, #2458, #4703, .T. ) ;
#4202 = CARTESIAN_POINT ( 'NONE',  ( -29.75000000000001066, 3.000000000000000000, 18.50000000000000000 ) ) ;
#4203 = CYLINDRICAL_SURFACE ( 'NONE', #2065, 1.500000000000001332 ) ;
#4204 = CARTESIAN_POINT ( 'NONE',  ( 18.60000000000000142, 6.250000000000000000, 15.75000000000000711 ) ) ;
#4205 = ORIENTED_EDGE ( 'NONE', *, *, #2811, .T. ) ;
#4206 = CARTESIAN_POINT ( 'NONE',  ( 29.24514556825981870, 3.000000000000000000, -20.51447588564997560 ) ) ;
#4207 = B_SPLINE_CURVE_WITH_KNOTS ( 'NONE', 3,
 ( #662, #2218, #639, #2504 ),
 .UNSPECIFIED., .F., .F.,
 ( 4, 4 ),
 ( 0.000000000000000000, 1.000000000000000000 ),
 .UNSPECIFIED. ) ;
#4208 = DIRECTION ( 'NONE',  ( -0.000000000000000000, 1.000000000000000000, -0.000000000000000000 ) ) ;
#4209 = VERTEX_POINT ( 'NONE', #469 ) ;
#4210 = VECTOR ( 'NONE', #3018, 1000.000000000000000 ) ;
#4211 = AXIS2_PLACEMENT_3D ( 'NONE', #2032, #4374, #2005 ) ;
#4212 = ORIENTED_EDGE ( 'NONE', *, *, #1144, .T. ) ;
#4213 = ORIENTED_EDGE ( 'NONE', *, *, #3969, .T. ) ;
#4214 = CARTESIAN_POINT ( 'NONE',  ( -0.6203425208278060543, 3.611684770750704487, 21.25000000000000000 ) ) ;
#4215 = DIRECTION ( 'NONE',  ( 0.000000000000000000, 0.000000000000000000, 1.000000000000000000 ) ) ;
#4216 = LINE ( 'NONE', #3085, #540 ) ;
#4217 = VERTEX_POINT ( 'NONE', #2029 ) ;
#4218 = CARTESIAN_POINT ( 'NONE',  ( 28.94866734216704529, 0.000000000000000000, 20.95818690732533796 ) ) ;
#4219 = VECTOR ( 'NONE', #3405, 1000.000000000000000 ) ;
#4220 = ORIENTED_EDGE ( 'NONE', *, *, #2072, .T. ) ;
#4221 = CARTESIAN_POINT ( 'NONE',  ( -21.16666666666666430, -43.57960786344599313, -21.66666666666666075 ) ) ;
#4222 = DIRECTION ( 'NONE',  ( -0.000000000000000000, 1.000000000000000000, -0.000000000000000000 ) ) ;
#4223 = EDGE_CURVE ( 'NONE', #258, #3016, #2251, .T. ) ;
#4224 = CARTESIAN_POINT ( 'NONE',  ( 1.169999999999994600, 6.380000000000024762, 21.25000000000000000 ) ) ;
#4225 = ORIENTED_EDGE ( 'NONE', *, *, #765, .F. ) ;
#4226 = CIRCLE ( 'NONE', #2909, 1.000000000000000888 ) ;
#4227 = FACE_OUTER_BOUND ( 'NONE', #4144, .T. ) ;
#4228 = CIRCLE ( 'NONE', #2667, 1.000000000000000888 ) ;
#4229 = CARTESIAN_POINT ( 'NONE',  ( -18.60000000000000142, 6.250000000000000000, 15.75000000000000711 ) ) ;
#4230 = CARTESIAN_POINT ( 'NONE',  ( 25.00000000000000000, 3.000000000000000000, 17.75000000000000000 ) ) ;
#4231 = CARTESIAN_POINT ( 'NONE',  ( 0.000000000000000000, 0.000000000000000000, 0.000000000000000000 ) ) ;
#4232 = EDGE_CURVE ( 'NONE', #19, #1942, #1896, .T. ) ;
#4233 = EDGE_CURVE ( 'NONE', #3157, #2868, #2464, .T. ) ;
#4234 = CARTESIAN_POINT ( 'NONE',  ( 28.94866734216745385, 3.000000000000000000, -20.95818690732494005 ) ) ;
#4235 = VECTOR ( 'NONE', #3698, 1000.000000000000000 ) ;
#4236 = ORIENTED_EDGE ( 'NONE', *, *, #1025, .F. ) ;
#4237 = CARTESIAN_POINT ( 'NONE',  ( -25.00000000000000000, 3.000000000000000000, 17.75000000000000000 ) ) ;
#4238 = CARTESIAN_POINT ( 'NONE',  ( -2.369999999999989448, 6.380000000000024762, 21.25000000000000000 ) ) ;
#4239 = ORIENTED_EDGE ( 'NONE', *, *, #3878, .F. ) ;
#4240 = EDGE_LOOP ( 'NONE', ( #914, #4571, #3558, #1746 ) ) ;
#4241 = VERTEX_POINT ( 'NONE', #4037 ) ;
#4242 = CARTESIAN_POINT ( 'NONE',  ( 2.369999999999994333, 5.609711817632661912, 22.45000000000000284 ) ) ;
#4243 = CARTESIAN_POINT ( 'NONE',  ( -4.519999999999994245, 0.000000000000000000, -18.85309986098562263 ) ) ;
#4244 = DIRECTION ( 'NONE',  ( -1.000000000000000000, 0.000000000000000000, 0.000000000000000000 ) ) ;
#4245 = ORIENTED_EDGE ( 'NONE', *, *, #1554, .F. ) ;
#4246 = VECTOR ( 'NONE', #213, 1000.000000000000000 ) ;
#4247 = CARTESIAN_POINT ( 'NONE',  ( 26.94950025331260335, 0.000000000000000000, 19.42182009024704215 ) ) ;
#4248 = ORIENTED_EDGE ( 'NONE', *, *, #3748, .F. ) ;
#4249 = CARTESIAN_POINT ( 'NONE',  ( -20.49999999999999645, 14.20000000000000639, 2.550000000000010036 ) ) ;
#4250 = DIRECTION ( 'NONE',  ( -0.000000000000000000, -1.000000000000000000, -0.000000000000000000 ) ) ;
#4251 = DIRECTION ( 'NONE',  ( 0.000000000000000000, -1.000000000000000000, 0.000000000000000000 ) ) ;
#4252 = B_SPLINE_CURVE_WITH_KNOTS ( 'NONE', 3,
 ( #1022, #1400, #2969, #1319, #1728, #4558 ),
 .UNSPECIFIED., .F., .F.,
 ( 4, 2, 4 ),
 ( -7.745966695354574799E-06, 0.0008806264963362351542, 0.001768998959367824907 ),
 .UNSPECIFIED. ) ;
#4253 = EDGE_CURVE ( 'NONE', #4946, #4189, #2077, .T. ) ;
#4254 = DIRECTION ( 'NONE',  ( 0.000000000000000000, 0.000000000000000000, -1.000000000000000000 ) ) ;
#4255 = DIRECTION ( 'NONE',  ( 0.000000000000000000, 0.000000000000000000, 1.000000000000000000 ) ) ;
#4256 = DIRECTION ( 'NONE',  ( -0.000000000000000000, -1.000000000000000000, -6.195440985631452852E-17 ) ) ;
#4257 = EDGE_CURVE ( 'NONE', #333, #1687, #3644, .T. ) ;
#4258 = CARTESIAN_POINT ( 'NONE',  ( -25.00000000000000000, 4.000000000000000000, -17.75000000000000000 ) ) ;
#4259 = EDGE_CURVE ( 'NONE', #2752, #964, #369, .T. ) ;
#4260 = CARTESIAN_POINT ( 'NONE',  ( -13.42000000000000348, 1.625000000000001332, 20.66875000000000639 ) ) ;
#4261 = DIRECTION ( 'NONE',  ( 1.000000000000000000, -9.427844978134476553E-16, 0.000000000000000000 ) ) ;
#4262 = EDGE_LOOP ( 'NONE', ( #3457, #1353, #3720, #3001 ) ) ;
#4263 = EDGE_CURVE ( 'NONE', #3704, #1821, #1031, .T. ) ;
#4264 = EDGE_CURVE ( 'NONE', #3575, #421, #3100, .T. ) ;
#4265 = VERTEX_POINT ( 'NONE', #2246 ) ;
#4266 = ORIENTED_EDGE ( 'NONE', *, *, #4096, .T. ) ;
#4267 = CARTESIAN_POINT ( 'NONE',  ( 2.308315229249355838, 5.299657479172152463, 22.45000000000000284 ) ) ;
#4268 = FACE_OUTER_BOUND ( 'NONE', #2158, .T. ) ;
#4269 = CARTESIAN_POINT ( 'NONE',  ( 29.24514555341704636, 3.000000000000000444, -20.51447592148359789 ) ) ;
#4270 = EDGE_LOOP ( 'NONE', ( #2244, #4554, #88, #2892 ) ) ;
#4271 = LINE ( 'NONE', #386, #2903 ) ;
#4272 = CARTESIAN_POINT ( 'NONE',  ( 0.1547873186810601598, 7.550072292447105760, -21.24999999999999645 ) ) ;
#4273 = CARTESIAN_POINT ( 'NONE',  ( -21.16666666666665719, 18.80000000000000426, 21.66666666666666430 ) ) ;
#4274 = CARTESIAN_POINT ( 'NONE',  ( 4.519999999999994245, 18.80000000000001492, 21.66666666666666785 ) ) ;
#4275 = CARTESIAN_POINT ( 'NONE',  ( 1.895210416483683158, 7.836475726340568215, 22.45000000000000284 ) ) ;
#4276 = CARTESIAN_POINT ( 'NONE',  ( 13.42000000000000348, 1.625000000000001332, -20.66875000000000639 ) ) ;
#4277 = CARTESIAN_POINT ( 'NONE',  ( 28.20818690732495071, 3.000000000000000000, -21.69866734216744675 ) ) ;
#4278 = CARTESIAN_POINT ( 'NONE',  ( -25.75000000000000000, 0.000000000000000000, -20.00000000000000355 ) ) ;
#4279 = EDGE_CURVE ( 'NONE', #1665, #833, #3619, .T. ) ;
#4280 = CARTESIAN_POINT ( 'NONE',  ( -23.50000000000000355, 3.000000000000000000, -17.75000000000000000 ) ) ;
#4281 = ORIENTED_EDGE ( 'NONE', *, *, #4916, .F. ) ;
#4282 = EDGE_LOOP ( 'NONE', ( #2228, #3824, #286, #1582 ) ) ;
#4283 = VERTEX_POINT ( 'NONE', #3870 ) ;
#4284 = CARTESIAN_POINT ( 'NONE',  ( 25.75000000000001066, 0.000000000000000000, 19.99999999999999645 ) ) ;
#4285 = DIRECTION ( 'NONE',  ( 1.000000000000000000, 0.000000000000000000, 0.000000000000000000 ) ) ;
#4286 = ORIENTED_EDGE ( 'NONE', *, *, #3722, .F. ) ;
#4287 = EDGE_CURVE ( 'NONE', #3590, #1249, #3443, .T. ) ;
#4288 = CARTESIAN_POINT ( 'NONE',  ( -21.96532025671987043, 4.000000000000000000, -19.72351414627958022 ) ) ;
#4289 = VECTOR ( 'NONE', #1696, 1000.000000000000000 ) ;
#4290 = VECTOR ( 'NONE', #1475, 1000.000000000000000 ) ;
#4291 = LINE ( 'NONE', #1252, #3013 ) ;
#4292 = CARTESIAN_POINT ( 'NONE',  ( -4.750000000000004441, 18.80000000000001137, -22.50000000000000355 ) ) ;
#4293 = FACE_BOUND ( 'NONE', #1877, .T. ) ;
#4294 = B_SPLINE_CURVE_WITH_KNOTS ( 'NONE', 3,
 ( #2113, #995, #4151, #2499, #1758, #4865, #4072, #4453, #2918, #4531 ),
 .UNSPECIFIED., .F., .F.,
 ( 4, 2, 2, 2, 4 ),
 ( 0.000000000000000000, 0.2500000000000000000, 0.5000000000000000000, 0.7500000000000000000, 1.000000000000000000 ),
 .UNSPECIFIED. ) ;
#4295 =( BOUNDED_SURFACE ( )  B_SPLINE_SURFACE ( 2, 3, ( 
 ( #1282, #980, #1662, #2456, #2536, #4112, #590, #1691, #4902, #2149, #1007, #508, #3724, #4517, #2564, #4137, #3235, #4801 ),
 ( #4419, #136, #1060, #1133, #1897, #2280, #668, #4214, #4164, #2254, #315, #2592, #5026, #1081, #1873, #3031, #1516, #288 ),
 ( #2697, #1409, #745, #4924, #4950, #1490, #2300, #2201, #3057, #4651, #238, #1792, #337, #2979, #3438, #4267, #4242, #3083 ) ),
 .UNSPECIFIED., .F., .F., .T. ) 
 B_SPLINE_SURFACE_WITH_KNOTS ( ( 3, 3 ),
 ( 4, 2, 2, 2, 2, 2, 2, 2, 4 ),
 ( 0.000000000000000000, 1.000000000000000000 ),
 ( -3.141592653589793116, -2.748893571891068976, -2.356194490192344837, -1.963495408493620697, -1.570796326794896558, -1.178097245096172418, -0.7853981633974482790, -0.3926990816987241395, 0.000000000000000000 ),
 .UNSPECIFIED. ) 
 GEOMETRIC_REPRESENTATION_ITEM ( )  RATIONAL_B_SPLINE_SURFACE ( (
 ( 1.000000000000000000, 1.000000000000000000, 1.000000000000000000, 1.000000000000000000, 1.000000000000000000, 1.000000000000000000, 1.000000000000000000, 1.000000000000000000, 1.000000000000000000, 1.000000000000000000, 1.000000000000000000, 1.000000000000000000, 1.000000000000000000, 1.000000000000000000, 1.000000000000000000, 1.000000000000000000, 1.000000000000000000, 1.000000000000000000),
 ( 0.05263157894736842507, 0.05263157894736842507, 0.05263157894736842507, 0.05263157894736842507, 0.05263157894736842507, 0.05263157894736842507, 0.05263157894736842507, 0.05263157894736842507, 0.05263157894736842507, 0.05263157894736842507, 0.05263157894736842507, 0.05263157894736842507, 0.05263157894736842507, 0.05263157894736842507, 0.05263157894736843201, 0.05263157894736843201, 0.05263157894736842507, 0.05263157894736842507),
 ( 1.000000000000000000, 1.000000000000000000, 1.000000000000000000, 1.000000000000000000, 1.000000000000000000, 1.000000000000000000, 1.000000000000000000, 1.000000000000000000, 1.000000000000000000, 1.000000000000000000, 1.000000000000000000, 1.000000000000000000, 1.000000000000000000, 1.000000000000000000, 1.000000000000000000, 1.000000000000000000, 1.000000000000000000, 1.000000000000000000) ) ) 
 REPRESENTATION_ITEM ( '' )  SURFACE ( )  );
#4296 = CARTESIAN_POINT ( 'NONE',  ( -0.7190196755558290187, 4.984389807579354681, -21.25000000000000000 ) ) ;
#4297 = PLANE ( 'NONE',  #774 ) ;
#4298 = AXIS2_PLACEMENT_3D ( 'NONE', #4230, #1861, #3868 ) ;
#4299 = ORIENTED_EDGE ( 'NONE', *, *, #1291, .T. ) ;
#4300 = CARTESIAN_POINT ( 'NONE',  ( 2.369999999999994333, 5.920000000000008811, -22.50000000000000355 ) ) ;
#4301 = DIRECTION ( 'NONE',  ( 1.906289534040447240E-16, 1.000000000000000000, -0.000000000000000000 ) ) ;
#4302 = PLANE ( 'NONE',  #1449 ) ;
#4303 = EDGE_LOOP ( 'NONE', ( #4718, #2345, #3199, #1565, #1079, #74, #1580, #3510, #1725, #2080, #1439, #3584, #2297, #4977, #8, #4433, #3776, #4588, #3834, #920, #1200, #4737, #1080, #285 ) ) ;
#4304 = VERTEX_POINT ( 'NONE', #1052 ) ;
#4305 = VERTEX_POINT ( 'NONE', #2690 ) ;
#4306 = ADVANCED_FACE ( 'NONE', ( #5044 ), #3893, .T. ) ;
#4307 = LINE ( 'NONE', #2343, #594 ) ;
#4308 = CARTESIAN_POINT ( 'NONE',  ( 26.79699153743714390, 3.000000000000000444, -22.39589070667326709 ) ) ;
#4309 = EDGE_LOOP ( 'NONE', ( #4130, #1991, #1476, #4679 ) ) ;
#4310 = AXIS2_PLACEMENT_3D ( 'NONE', #4493, #2538, #2301 ) ;
#4311 = ORIENTED_EDGE ( 'NONE', *, *, #4105, .F. ) ;
#4312 = AXIS2_PLACEMENT_3D ( 'NONE', #3581, #126, #72 ) ;
#4313 = EDGE_CURVE ( 'NONE', #520, #1078, #1075, .T. ) ;
#4314 = CARTESIAN_POINT ( 'NONE',  ( 2.070873740399587160, 4.726423016520981513, -22.45000000000000639 ) ) ;
#4315 = CARTESIAN_POINT ( 'NONE',  ( 1.140313017655127492, 6.684587325882498376, -21.25000000000000711 ) ) ;
#4316 = DIRECTION ( 'NONE',  ( 1.000000000000000000, 0.000000000000000000, 0.000000000000000000 ) ) ;
#4317 = AXIS2_PLACEMENT_3D ( 'NONE', #4328, #2339, #805 ) ;
#4318 = CIRCLE ( 'NONE', #2012, 1.000000000000000888 ) ;
#4319 = ORIENTED_EDGE ( 'NONE', *, *, #2804, .T. ) ;
#4320 = FACE_OUTER_BOUND ( 'NONE', #4309, .T. ) ;
#4321 = VECTOR ( 'NONE', #1157, 1000.000000000000000 ) ;
#4322 = SURFACE_STYLE_FILL_AREA ( #4702 ) ;
#4323 = DIRECTION ( 'NONE',  ( -1.000000000000000000, 0.000000000000000000, -0.000000000000000000 ) ) ;
#4324 = ORIENTED_EDGE ( 'NONE', *, *, #575, .T. ) ;
#4325 =( BOUNDED_CURVE ( )  B_SPLINE_CURVE ( 2, ( #4858, #1341, #4146 ),
 .UNSPECIFIED., .F., .F. ) 
 B_SPLINE_CURVE_WITH_KNOTS ( ( 3, 3 ),
 ( 0.000000000000000000, 0.001873848393517076570 ),
 .UNSPECIFIED. ) 
 CURVE ( )  GEOMETRIC_REPRESENTATION_ITEM ( )  RATIONAL_B_SPLINE_CURVE ( ( 1.000000000000000000, 0.8633971813349841096, 0.8542150666577394968 ) ) 
 REPRESENTATION_ITEM ( '' )  );
#4326 = DIRECTION ( 'NONE',  ( 0.000000000000000000, 0.000000000000000000, -1.000000000000000000 ) ) ;
#4327 = CARTESIAN_POINT ( 'NONE',  ( -18.74999999999999645, 18.80000000000001137, 22.49999999999999645 ) ) ;
#4328 = CARTESIAN_POINT ( 'NONE',  ( -13.63195806652287168, 18.80000000000001492, 2.550000000000008704 ) ) ;
#4329 = VERTEX_POINT ( 'NONE', #4994 ) ;
#4330 = ORIENTED_EDGE ( 'NONE', *, *, #3459, .T. ) ;
#4331 = VERTEX_POINT ( 'NONE', #4969 ) ;
#4332 = CARTESIAN_POINT ( 'NONE',  ( -26.50542845711915874, 0.000000000000000000, -19.81067958809706653 ) ) ;
#4333 = DIRECTION ( 'NONE',  ( 1.541976423090495633E-16, 0.000000000000000000, 1.000000000000000000 ) ) ;
#4334 = CARTESIAN_POINT ( 'NONE',  ( 2.899999999999999911, 14.25000000000000888, -22.50000000000000355 ) ) ;
#4335 = ORIENTED_EDGE ( 'NONE', *, *, #4383, .F. ) ;
#4336 = ORIENTED_EDGE ( 'NONE', *, *, #150, .F. ) ;
#4337 = CARTESIAN_POINT ( 'NONE',  ( 21.16666666666666430, 17.00000000000000711, -18.41666666666666430 ) ) ;
#4338 = DIRECTION ( 'NONE',  ( 0.000000000000000000, -0.000000000000000000, 1.000000000000000000 ) ) ;
#4339 = CARTESIAN_POINT ( 'NONE',  ( 27.50000000000000355, 3.000000000000000000, 17.75000000000000000 ) ) ;
#4340 = ORIENTED_EDGE ( 'NONE', *, *, #2875, .F. ) ;
#4341 = EDGE_CURVE ( 'NONE', #833, #1091, #2611, .T. ) ;
#4342 = AXIS2_PLACEMENT_3D ( 'NONE', #4936, #2991, #3397 ) ;
#4343 = CARTESIAN_POINT ( 'NONE',  ( -20.49999999999999645, 17.00000000000000711, -17.74999999999999645 ) ) ;
#4344 = CARTESIAN_POINT ( 'NONE',  ( -0.3102322367705137030, 3.550000000000016254, -22.45000000000000284 ) ) ;
#4345 = FACE_OUTER_BOUND ( 'NONE', #4514, .T. ) ;
#4346 = ORIENTED_EDGE ( 'NONE', *, *, #121, .T. ) ;
#4347 = EDGE_CURVE ( 'NONE', #19, #768, #932, .T. ) ;
#4348 = DIRECTION ( 'NONE',  ( 1.000000000000000000, 0.000000000000000000, 0.000000000000000000 ) ) ;
#4349 = CARTESIAN_POINT ( 'NONE',  ( -1.169999999999989937, 6.073333333333344797, 21.25000000000000000 ) ) ;
#4350 = LINE ( 'NONE', #3632, #2338 ) ;
#4351 = DIRECTION ( 'NONE',  ( -1.000000000000000000, -0.000000000000000000, -0.000000000000000000 ) ) ;
#4352 = VERTEX_POINT ( 'NONE', #4663 ) ;
#4353 =( BOUNDED_CURVE ( )  B_SPLINE_CURVE ( 2, ( #3940, #3919, #99 ),
 .UNSPECIFIED., .F., .F. ) 
 B_SPLINE_CURVE_WITH_KNOTS ( ( 3, 3 ),
 ( 0.000000000000000000, 1.000000000000000000 ),
 .UNSPECIFIED. ) 
 CURVE ( )  GEOMETRIC_REPRESENTATION_ITEM ( )  RATIONAL_B_SPLINE_CURVE ( ( 1.000000000000000000, 0.05263157894736842507, 1.000000000000000000 ) ) 
 REPRESENTATION_ITEM ( '' )  );
#4354 = EDGE_LOOP ( 'NONE', ( #1864, #2043, #1285, #4542 ) ) ;
#4355 = EDGE_LOOP ( 'NONE', ( #1658, #2830, #4824, #1206 ) ) ;
#4356 = DIRECTION ( 'NONE',  ( 1.541976423090495387E-16, -6.195440985631452852E-17, 1.000000000000000000 ) ) ;
#4357 = FACE_OUTER_BOUND ( 'NONE', #2574, .T. ) ;
#4358 = CARTESIAN_POINT ( 'NONE',  ( 18.59999999999999432, 6.250000000000000000, -15.74999999999999289 ) ) ;
#4359 = ORIENTED_EDGE ( 'NONE', *, *, #4541, .F. ) ;
#4360 = VECTOR ( 'NONE', #1172, 1000.000000000000000 ) ;
#4361 = VERTEX_POINT ( 'NONE', #4183 ) ;
#4362 = CARTESIAN_POINT ( 'NONE',  ( -1.456475726340541232, 4.024789583516328761, 22.45000000000000639 ) ) ;
#4363 = DIRECTION ( 'NONE',  ( 0.000000000000000000, 1.000000000000000000, 6.123233995736766036E-17 ) ) ;
#4364 = DIRECTION ( 'NONE',  ( 0.000000000000000000, 1.000000000000000000, -0.000000000000000000 ) ) ;
#4365 = VERTEX_POINT ( 'NONE', #3404 ) ;
#4366 = B_SPLINE_CURVE_WITH_KNOTS ( 'NONE', 3,
 ( #2595, #670, #1794, #4926, #1410, #4546 ),
 .UNSPECIFIED., .F., .F.,
 ( 4, 2, 4 ),
 ( -7.745966695354300361E-06, 0.0008806264963362407921, 0.001768998959367835749 ),
 .UNSPECIFIED. ) ;
#4367 = VECTOR ( 'NONE', #2056, 1000.000000000000000 ) ;
#4368 = FACE_OUTER_BOUND ( 'NONE', #4303, .T. ) ;
#4369 = ADVANCED_FACE ( 'NONE', ( #4642 ), #2720, .T. ) ;
#4370 = DIRECTION ( 'NONE',  ( -1.000000000000000000, 0.000000000000000000, 0.000000000000000000 ) ) ;
#4371 = CARTESIAN_POINT ( 'NONE',  ( 18.74999999999999289, 18.80000000000001137, -22.50000000000000355 ) ) ;
#4372 = EDGE_LOOP ( 'NONE', ( #4212, #2522, #4311, #3299, #1602, #1486, #1795, #2765, #2374, #1463 ) ) ;
#4373 = VECTOR ( 'NONE', #3647, 1000.000000000000000 ) ;
#4374 = DIRECTION ( 'NONE',  ( 1.000000000000000000, -0.000000000000000000, 0.000000000000000000 ) ) ;
#4375 = AXIS2_PLACEMENT_3D ( 'NONE', #1076, #2636, #2273 ) ;
#4376 = CARTESIAN_POINT ( 'NONE',  ( -4.519999999999994245, 6.123233995736829515E-18, -19.35000000000000853 ) ) ;
#4377 = CARTESIAN_POINT ( 'NONE',  ( -21.16666666666666075, 18.80000000000001492, -2.550000000000003375 ) ) ;
#4378 = AXIS2_PLACEMENT_3D ( 'NONE', #2408, #466, #2027 ) ;
#4379 = EDGE_CURVE ( 'NONE', #4686, #3882, #1371, .T. ) ;
#4380 = CARTESIAN_POINT ( 'NONE',  ( 22.00000000000000355, 0.000000000000000000, 17.74999999999998579 ) ) ;
#4381 = ORIENTED_EDGE ( 'NONE', *, *, #1646, .T. ) ;
#4382 = AXIS2_PLACEMENT_3D ( 'NONE', #1349, #2164, #228 ) ;
#4383 = EDGE_CURVE ( 'NONE', #4612, #2844, #1660, .T. ) ;
#4384 = ORIENTED_EDGE ( 'NONE', *, *, #1434, .T. ) ;
#4385 = ORIENTED_EDGE ( 'NONE', *, *, #2356, .F. ) ;
#4386 = CIRCLE ( 'NONE', #2167, 1.500000000000001332 ) ;
#4387 = LINE ( 'NONE', #1684, #522 ) ;
#4388 = PLANE ( 'NONE',  #1650 ) ;
#4389 = FACE_OUTER_BOUND ( 'NONE', #2745, .T. ) ;
#4390 = ORIENTED_EDGE ( 'NONE', *, *, #679, .F. ) ;
#4391 = ORIENTED_EDGE ( 'NONE', *, *, #3123, .F. ) ;
#4392 = CARTESIAN_POINT ( 'NONE',  ( -2.070873754854133164, 7.573576948582677382, -22.45000000000000284 ) ) ;
#4393 = DIRECTION ( 'NONE',  ( 0.000000000000000000, -0.000000000000000000, -1.000000000000000000 ) ) ;
#4394 = VECTOR ( 'NONE', #1875, 1000.000000000000000 ) ;
#4395 = CARTESIAN_POINT ( 'NONE',  ( -13.42000000000000348, 17.00000000000000711, -21.66666666666666785 ) ) ;
#4396 = ORIENTED_EDGE ( 'NONE', *, *, #2556, .T. ) ;
#4397 = LINE ( 'NONE', #1974, #204 ) ;
#4398 = AXIS2_PLACEMENT_3D ( 'NONE', #1812, #4945, #4567 ) ;
#4399 = CARTESIAN_POINT ( 'NONE',  ( -2.070873754854175353, 4.726423051417348198, -21.25000000000000000 ) ) ;
#4400 = CARTESIAN_POINT ( 'NONE',  ( 22.00000000000000355, 3.970519631153640372, 19.40551279071534552 ) ) ;
#4401 = CARTESIAN_POINT ( 'NONE',  ( -1.169999999999989493, 6.380000000000023874, -21.25000000000000000 ) ) ;
#4402 = ORIENTED_EDGE ( 'NONE', *, *, #1150, .T. ) ;
#4403 = EDGE_CURVE ( 'NONE', #3922, #3313, #3702, .T. ) ;
#4404 = AXIS2_PLACEMENT_3D ( 'NONE', #2223, #2672, #3855 ) ;
#4405 = CARTESIAN_POINT ( 'NONE',  ( 2.369999999999994333, 6.380000000000024762, -22.50000000000000355 ) ) ;
#4406 = CARTESIAN_POINT ( 'NONE',  ( -1.169999999999989715, 6.073333333333345685, -21.25000000000000000 ) ) ;
#4407 = CARTESIAN_POINT ( 'NONE',  ( 1.169999999999994600, 6.380000000000024762, -21.25000000000000000 ) ) ;
#4408 = CARTESIAN_POINT ( 'NONE',  ( 18.75000000000000000, 1.000000000000000000, 22.49999999999999645 ) ) ;
#4409 = ORIENTED_EDGE ( 'NONE', *, *, #684, .T. ) ;
#4410 = EDGE_CURVE ( 'NONE', #3263, #4006, #1015, .T. ) ;
#4411 = ORIENTED_EDGE ( 'NONE', *, *, #4416, .F. ) ;
#4412 = FACE_OUTER_BOUND ( 'NONE', #2977, .T. ) ;
#4413 = DIRECTION ( 'NONE',  ( 0.000000000000000000, -6.195440985631452852E-17, 1.000000000000000000 ) ) ;
#4414 = DIRECTION ( 'NONE',  ( -1.000000000000000000, -9.803942024595657004E-33, 1.601283208593976254E-16 ) ) ;
#4415 = ORIENTED_EDGE ( 'NONE', *, *, #4257, .T. ) ;
#4416 = EDGE_CURVE ( 'NONE', #2031, #2534, #2993, .T. ) ;
#4417 = ORIENTED_EDGE ( 'NONE', *, *, #997, .T. ) ;
#4418 = CARTESIAN_POINT ( 'NONE',  ( 0.1531526232158246792, 7.550000000000016698, -21.25000000000000000 ) ) ;
#4419 = CARTESIAN_POINT ( 'NONE',  ( -2.369999999999989448, 5.920000000000007034, 21.25000000000000000 ) ) ;
#4420 = DIRECTION ( 'NONE',  ( 0.000000000000000000, -1.000000000000000000, 0.000000000000000000 ) ) ;
#4421 = ORIENTED_EDGE ( 'NONE', *, *, #1709, .T. ) ;
#4422 = CARTESIAN_POINT ( 'NONE',  ( 13.42000000000000171, -1.772319454357855604E-12, -20.95491502812631879 ) ) ;
#4423 = B_SPLINE_CURVE_WITH_KNOTS ( 'NONE', 3,
 ( #1190, #4406, #885, #2443 ),
 .UNSPECIFIED., .F., .F.,
 ( 4, 4 ),
 ( 0.000000000000000000, 1.000000000000000000 ),
 .UNSPECIFIED. ) ;
#4424 = CARTESIAN_POINT ( 'NONE',  ( 0.9356101924206702281, 7.099019675555883424, 21.25000000000000000 ) ) ;
#4425 = DIRECTION ( 'NONE',  ( 0.000000000000000000, 0.000000000000000000, -1.000000000000000000 ) ) ;
#4426 = CARTESIAN_POINT ( 'NONE',  ( -2.369999999999989448, 6.380000000000023874, -21.25000000000000000 ) ) ;
#4427 = ORIENTED_EDGE ( 'NONE', *, *, #1124, .T. ) ;
#4428 = LINE ( 'NONE', #3761, #3331 ) ;
#4429 = CARTESIAN_POINT ( 'NONE',  ( -1.169999999999989493, 6.380000000000023874, -21.25000000000000000 ) ) ;
#4430 = CARTESIAN_POINT ( 'NONE',  ( -25.75000000000001066, 3.000000000000000000, -22.50000000000000355 ) ) ;
#4431 = CARTESIAN_POINT ( 'NONE',  ( 1.169999999999994600, 6.073333333333356343, -21.25000000000000000 ) ) ;
#4432 = CARTESIAN_POINT ( 'NONE',  ( 1.169999999999994600, 6.226666666666687000, 21.25000000000000000 ) ) ;
#4433 = ORIENTED_EDGE ( 'NONE', *, *, #541, .T. ) ;
#4434 = ORIENTED_EDGE ( 'NONE', *, *, #422, .T. ) ;
#4435 = ADVANCED_FACE ( 'NONE', ( #517 ), #905, .T. ) ;
#4436 = CARTESIAN_POINT ( 'NONE',  ( -29.75000000000001421, 0.000000000000000000, -18.49999999999999289 ) ) ;
#4437 = DIRECTION ( 'NONE',  ( 1.601283208593976254E-16, 0.000000000000000000, 1.000000000000000000 ) ) ;
#4438 = CARTESIAN_POINT ( 'NONE',  ( 4.519999999999994245, 0.000000000000000000, 19.99999999999999645 ) ) ;
#4439 = ORIENTED_EDGE ( 'NONE', *, *, #1395, .T. ) ;
#4440 = ORIENTED_EDGE ( 'NONE', *, *, #4223, .T. ) ;
#4441 = CARTESIAN_POINT ( 'NONE',  ( 0.5892341898066640882, 7.402330081510260840, -21.25000000000000000 ) ) ;
#4442 = EDGE_CURVE ( 'NONE', #2736, #4217, #1394, .T. ) ;
#4443 = DIRECTION ( 'NONE',  ( -0.000000000000000000, -0.000000000000000000, 1.000000000000000000 ) ) ;
#4444 = CYLINDRICAL_SURFACE ( 'NONE', #56, 4.000000000000000000 ) ;
#4445 = VERTEX_POINT ( 'NONE', #2156 ) ;
#4446 = EDGE_CURVE ( 'NONE', #2031, #333, #1723, .T. ) ;
#4447 = CARTESIAN_POINT ( 'NONE',  ( -17.91666666666666430, 17.00000000000000355, -18.41666666666665719 ) ) ;
#4448 = DIRECTION ( 'NONE',  ( -0.000000000000000000, -1.000000000000000000, -0.000000000000000000 ) ) ;
#4449 = CARTESIAN_POINT ( 'NONE',  ( -2.369999999999989448, 6.380000000000024762, -22.45000000000000284 ) ) ;
#4450 = ORIENTED_EDGE ( 'NONE', *, *, #2180, .F. ) ;
#4451 = DIRECTION ( 'NONE',  ( 1.000000000000000000, 0.000000000000000000, -0.000000000000000000 ) ) ;
#4452 = CARTESIAN_POINT ( 'NONE',  ( 23.49999999999999645, 3.000000000000000000, -17.75000000000000000 ) ) ;
#4453 = CARTESIAN_POINT ( 'NONE',  ( -26.79699153743713325, 3.000000000000000444, 22.39589070667325998 ) ) ;
#4454 = CARTESIAN_POINT ( 'NONE',  ( 2.369999999999994333, 5.920000000000008811, -22.45000000000000284 ) ) ;
#4455 = CARTESIAN_POINT ( 'NONE',  ( 2.369999999999994333, 6.380000000000024762, 22.45000000000000284 ) ) ;
#4456 = VECTOR ( 'NONE', #3949, 1000.000000000000000 ) ;
#4457 = VECTOR ( 'NONE', #4157, 1000.000000000000000 ) ;
#4458 = ORIENTED_EDGE ( 'NONE', *, *, #4743, .F. ) ;
#4459 = FACE_OUTER_BOUND ( 'NONE', #4860, .T. ) ;
#4460 = DIRECTION ( 'NONE',  ( 0.000000000000000000, -1.000000000000000000, 0.000000000000000000 ) ) ;
#4461 = DIRECTION ( 'NONE',  ( 0.000000000000000000, 0.000000000000000000, 1.000000000000000000 ) ) ;
#4462 = ORIENTED_EDGE ( 'NONE', *, *, #267, .T. ) ;
#4463 = AXIS2_PLACEMENT_3D ( 'NONE', #2355, #439, #3547 ) ;
#4464 = ADVANCED_FACE ( 'NONE', ( #3757 ), #222, .F. ) ;
#4465 = ORIENTED_EDGE ( 'NONE', *, *, #4722, .T. ) ;
#4466 = CARTESIAN_POINT ( 'NONE',  ( 0.9356101924206710052, 7.099019675555815923, -21.25000000000000000 ) ) ;
#4467 = VECTOR ( 'NONE', #117, 1000.000000000000000 ) ;
#4468 = DIRECTION ( 'NONE',  ( 0.000000000000000000, -1.000000000000000000, 0.000000000000000000 ) ) ;
#4469 = LINE ( 'NONE', #954, #4373 ) ;
#4470 = PLANE ( 'NONE',  #2173 ) ;
#4471 = ORIENTED_EDGE ( 'NONE', *, *, #14, .F. ) ;
#4472 = EDGE_CURVE ( 'NONE', #2481, #4283, #4325, .T. ) ;
#4473 = PLANE ( 'NONE',  #3480 ) ;
#4474 = CARTESIAN_POINT ( 'NONE',  ( 1.895210389775145776, 7.836475753048972592, 21.25000000000000000 ) ) ;
#4475 = CYLINDRICAL_SURFACE ( 'NONE', #464, 3.249999999999999556 ) ;
#4476 = LINE ( 'NONE', #2411, #2479 ) ;
#4477 = ORIENTED_EDGE ( 'NONE', *, *, #3910, .T. ) ;
#4478 = ADVANCED_FACE ( 'NONE', ( #246 ), #4475, .T. ) ;
#4479 = VECTOR ( 'NONE', #1437, 1000.000000000000000 ) ;
#4480 = CARTESIAN_POINT ( 'NONE',  ( 2.369999999999994333, 5.920000000000008811, -21.25000000000000000 ) ) ;
#4481 = DIRECTION ( 'NONE',  ( -1.000000000000000000, -0.000000000000000000, 8.260587980841940012E-17 ) ) ;
#4482 = CARTESIAN_POINT ( 'NONE',  ( -29.75000000000001066, 3.000000000000000000, -18.50000000000000355 ) ) ;
#4483 = CARTESIAN_POINT ( 'NONE',  ( -25.94638493204487872, 0.000000000000000000, 19.99999999998500755 ) ) ;
#4484 = LINE ( 'NONE', #580, #3002 ) ;
#4485 = VECTOR ( 'NONE', #4250, 1000.000000000000000 ) ;
#4486 = ORIENTED_EDGE ( 'NONE', *, *, #4811, .T. ) ;
#4487 = CARTESIAN_POINT ( 'NONE',  ( 17.24999999999999289, 6.250000000000000000, 20.99999999999999645 ) ) ;
#4488 = DIRECTION ( 'NONE',  ( -1.000000000000000000, -0.000000000000000000, -0.000000000000000000 ) ) ;
#4489 = VERTEX_POINT ( 'NONE', #3367 ) ;
#4490 = ORIENTED_EDGE ( 'NONE', *, *, #892, .T. ) ;
#4491 = CARTESIAN_POINT ( 'NONE',  ( 29.75000000000001066, 4.000000000000000000, 0.000000000000000000 ) ) ;
#4492 = DIRECTION ( 'NONE',  ( -0.000000000000000000, 1.000000000000000000, 0.000000000000000000 ) ) ;
#4493 = CARTESIAN_POINT ( 'NONE',  ( 21.16666666666666430, -43.57960786344599313, 21.66666666666665719 ) ) ;
#4494 = DIRECTION ( 'NONE',  ( 0.000000000000000000, 0.000000000000000000, -1.000000000000000000 ) ) ;
#4495 = ORIENTED_EDGE ( 'NONE', *, *, #965, .T. ) ;
#4496 = CARTESIAN_POINT ( 'NONE',  ( -18.74999999999999645, 1.000000000000000000, 22.49999999999999645 ) ) ;
#4497 = CARTESIAN_POINT ( 'NONE',  ( -2.308315229249366052, 7.000342520827757653, 21.25000000000000000 ) ) ;
#4498 = CARTESIAN_POINT ( 'NONE',  ( -22.00000000000000355, 3.000000000000000000, -17.75000000000000000 ) ) ;
#4499 = EDGE_CURVE ( 'NONE', #49, #1130, #3811, .T. ) ;
#4500 = CARTESIAN_POINT ( 'NONE',  ( -18.60000000000000853, 6.250000000000000000, -15.74999999999999289 ) ) ;
#4501 = ORIENTED_EDGE ( 'NONE', *, *, #2183, .F. ) ;
#4502 = CARTESIAN_POINT ( 'NONE',  ( -21.99999999999999645, 0.000000000000000000, 17.74999999999998579 ) ) ;
#4503 = DIRECTION ( 'NONE',  ( -0.000000000000000000, 1.000000000000000000, -9.427844978134805410E-17 ) ) ;
#4504 = EDGE_CURVE ( 'NONE', #3333, #2189, #4050, .T. ) ;
#4505 = DIRECTION ( 'NONE',  ( -1.000000000000000000, 0.000000000000000000, 0.000000000000000000 ) ) ;
#4506 = CARTESIAN_POINT ( 'NONE',  ( -26.27369315211980805, 0.000000000000000000, 22.49999999996184030 ) ) ;
#4507 = CARTESIAN_POINT ( 'NONE',  ( 1.169999999999994600, 6.073333333333349238, 21.25000000000000000 ) ) ;
#4508 = ADVANCED_FACE ( 'NONE', ( #3813 ), #3014, .T. ) ;
#4509 = ORIENTED_EDGE ( 'NONE', *, *, #1375, .T. ) ;
#4510 = VECTOR ( 'NONE', #3094, 1000.000000000000000 ) ;
#4511 = CARTESIAN_POINT ( 'NONE',  ( -18.60000000000000142, 6.250000000000000000, 15.75000000000000711 ) ) ;
#4512 = LINE ( 'NONE', #2950, #2841 ) ;
#4513 = EDGE_LOOP ( 'NONE', ( #147, #4687, #2357, #129 ) ) ;
#4514 = EDGE_LOOP ( 'NONE', ( #3203, #2036, #4028, #649 ) ) ;
#4515 = CARTESIAN_POINT ( 'NONE',  ( -0.3102322367705097061, 8.750000000000015987, -22.45000000000000284 ) ) ;
#4516 = VECTOR ( 'NONE', #3442, 1000.000000000000000 ) ;
#4517 = CARTESIAN_POINT ( 'NONE',  ( 0.9356101924206708942, 5.200980324444214986, 21.25000000000000000 ) ) ;
#4518 = LINE ( 'NONE', #1847, #2502 ) ;
#4519 = CARTESIAN_POINT ( 'NONE',  ( 2.900000000000000355, 12.40000000000000391, -22.50000000000000355 ) ) ;
#4520 = VERTEX_POINT ( 'NONE', #2602 ) ;
#4521 = DIRECTION ( 'NONE',  ( 1.000000000000000000, 0.000000000000000000, -0.000000000000000000 ) ) ;
#4522 = VERTEX_POINT ( 'NONE', #3469 ) ;
#4523 = CARTESIAN_POINT ( 'NONE',  ( 21.16666666666666430, 17.00000000000000711, -21.66666666666666430 ) ) ;
#4524 = DIRECTION ( 'NONE',  ( 0.000000000000000000, 0.000000000000000000, -1.000000000000000000 ) ) ;
#4525 = DIRECTION ( 'NONE',  ( 1.000000000000000000, 0.000000000000000000, -2.202823461557850834E-16 ) ) ;
#4526 = ORIENTED_EDGE ( 'NONE', *, *, #367, .F. ) ;
#4527 = EDGE_CURVE ( 'NONE', #5050, #1311, #148, .T. ) ;
#4528 = AXIS2_PLACEMENT_3D ( 'NONE', #3536, #3154, #1543 ) ;
#4529 = CARTESIAN_POINT ( 'NONE',  ( 2.369999999999994333, 6.380000000000024762, -22.45000000000000284 ) ) ;
#4530 = CARTESIAN_POINT ( 'NONE',  ( -0.3102322745419880956, 8.750000000000017764, 22.45000000000000639 ) ) ;
#4531 = CARTESIAN_POINT ( 'NONE',  ( -25.75000000000001066, 3.000000000000000000, 22.49999999999999645 ) ) ;
#4532 = CARTESIAN_POINT ( 'NONE',  ( -25.75000000000001066, 0.000000000000000000, 19.99999999999999645 ) ) ;
#4533 = DIRECTION ( 'NONE',  ( -0.000000000000000000, 1.000000000000000000, 0.000000000000000000 ) ) ;
#4534 = EDGE_CURVE ( 'NONE', #4305, #4283, #2208, .T. ) ;
#4535 = ORIENTED_EDGE ( 'NONE', *, *, #2117, .F. ) ;
#4536 = AXIS2_PLACEMENT_3D ( 'NONE', #3780, #294, #2230 ) ;
#4537 = EDGE_CURVE ( 'NONE', #1297, #1694, #1547, .T. ) ;
#4538 = CARTESIAN_POINT ( 'NONE',  ( -18.60000000000000853, 6.250000000000000000, -15.74999999999999289 ) ) ;
#4539 = DIRECTION ( 'NONE',  ( -1.000000000000000000, 0.000000000000000000, -0.000000000000000000 ) ) ;
#4540 = ORIENTED_EDGE ( 'NONE', *, *, #2449, .F. ) ;
#4541 = EDGE_CURVE ( 'NONE', #964, #1091, #3392, .T. ) ;
#4542 = ORIENTED_EDGE ( 'NONE', *, *, #4499, .F. ) ;
#4543 = AXIS2_PLACEMENT_3D ( 'NONE', #4260, #739, #2294 ) ;
#4544 = DIRECTION ( 'NONE',  ( 0.000000000000000000, 0.000000000000000000, -1.000000000000000000 ) ) ;
#4545 = CARTESIAN_POINT ( 'NONE',  ( 25.75000000000001066, 3.000000000000000000, 22.49999999999999645 ) ) ;
#4546 = CARTESIAN_POINT ( 'NONE',  ( 21.99999999999999645, 3.925527804984171976, -19.25000000000000355 ) ) ;
#4547 = ORIENTED_EDGE ( 'NONE', *, *, #643, .F. ) ;
#4548 = VECTOR ( 'NONE', #2913, 1000.000000000000000 ) ;
#4549 = CARTESIAN_POINT ( 'NONE',  ( 27.21095900943646839, 0.000000000000000000, 18.89262183997611189 ) ) ;
#4550 = VERTEX_POINT ( 'NONE', #295 ) ;
#4551 = CARTESIAN_POINT ( 'NONE',  ( 1.193576948582684150, 8.450873754854148601, 22.45000000000000284 ) ) ;
#4552 = FACE_OUTER_BOUND ( 'NONE', #2908, .T. ) ;
#4553 = CARTESIAN_POINT ( 'NONE',  ( 1.021771253968525528, 5.329227837163744042, -21.25000000000000000 ) ) ;
#4554 = ORIENTED_EDGE ( 'NONE', *, *, #1489, .T. ) ;
#4555 = CARTESIAN_POINT ( 'NONE',  ( -2.900000000000001688, 14.25000000000000888, -20.99999999999999645 ) ) ;
#4556 = CARTESIAN_POINT ( 'NONE',  ( -2.369999999999989893, 5.920000000000007923, 22.45000000000000284 ) ) ;
#4557 = B_SPLINE_CURVE_WITH_KNOTS ( 'NONE', 3,
 ( #2305, #1156, #3927, #407, #4721, #2747, #2773, #5057, #769, #2721, #1203, #3131, #1637, #3979, #4314, #3566, #461, #362 ),
 .UNSPECIFIED., .F., .F.,
 ( 4, 2, 2, 2, 2, 2, 2, 2, 4 ),
 ( 0.000000000000000000, 0.1250000000000000000, 0.2500000000000000000, 0.3750000000000000000, 0.5000000000000000000, 0.6250000000000000000, 0.7500000000000000000, 0.8750000000000000000, 1.000000000000000000 ),
 .UNSPECIFIED. ) ;
#4558 = CARTESIAN_POINT ( 'NONE',  ( -21.99999999999999645, 3.925527804984169311, 19.24999999999999289 ) ) ;
#4559 = CARTESIAN_POINT ( 'NONE',  ( -29.75000000000001066, 3.000000000000000000, 19.02369315211960910 ) ) ;
#4560 = VECTOR ( 'NONE', #2539, 1000.000000000000000 ) ;
#4561 = EDGE_CURVE ( 'NONE', #2844, #630, #1450, .T. ) ;
#4562 = CARTESIAN_POINT ( 'NONE',  ( -21.96532025671987043, 4.000000000000000000, -19.72351414627958022 ) ) ;
#4563 = ORIENTED_EDGE ( 'NONE', *, *, #2414, .T. ) ;
#4564 = CARTESIAN_POINT ( 'NONE',  ( 4.519999999999994245, 0.000000000000000000, -20.00000000000000355 ) ) ;
#4565 = AXIS2_PLACEMENT_3D ( 'NONE', #4280, #3121, #2637 ) ;
#4566 = ADVANCED_FACE ( 'NONE', ( #4552 ), #1523, .T. ) ;
#4567 = DIRECTION ( 'NONE',  ( -1.000000000000000000, 0.000000000000000000, -0.000000000000000000 ) ) ;
#4568 = VERTEX_POINT ( 'NONE', #4174 ) ;
#4569 = AXIS2_PLACEMENT_3D ( 'NONE', #1215, #4020, #2085 ) ;
#4570 = VERTEX_POINT ( 'NONE', #1041 ) ;
#4571 = ORIENTED_EDGE ( 'NONE', *, *, #2105, .T. ) ;
#4572 = EDGE_CURVE ( 'NONE', #2441, #102, #2306, .T. ) ;
#4573 = LINE ( 'NONE', #4880, #713 ) ;
#4574 = LINE ( 'NONE', #2225, #4560 ) ;
#4575 = CARTESIAN_POINT ( 'NONE',  ( -25.75000000000001066, 3.000000000000000000, 22.49999999999999645 ) ) ;
#4576 = CARTESIAN_POINT ( 'NONE',  ( 2.900000000000000355, 12.40000000000000391, -20.99999999999999645 ) ) ;
#4577 = EDGE_LOOP ( 'NONE', ( #4974, #4956, #415, #4768 ) ) ;
#4578 = FACE_OUTER_BOUND ( 'NONE', #3129, .T. ) ;
#4579 = CARTESIAN_POINT ( 'NONE',  ( -27.25000000000001066, 0.000000000000000000, -18.50000000000000000 ) ) ;
#4580 = DIRECTION ( 'NONE',  ( 1.000000000000000000, 0.000000000000000000, 0.000000000000000000 ) ) ;
#4581 = ORIENTED_EDGE ( 'NONE', *, *, #710, .T. ) ;
#4582 = DIRECTION ( 'NONE',  ( 0.000000000000000000, 0.000000000000000000, -1.000000000000000000 ) ) ;
#4583 = CARTESIAN_POINT ( 'NONE',  ( 0.6203424859314948803, 8.688315243703927493, 22.45000000000000639 ) ) ;
#4584 = LINE ( 'NONE', #2214, #3641 ) ;
#4585 = LINE ( 'NONE', #4152, #4728 ) ;
#4586 = VERTEX_POINT ( 'NONE', #1854 ) ;
#4587 = CARTESIAN_POINT ( 'NONE',  ( -25.00000000000000000, 3.000000000000000000, 17.75000000000000000 ) ) ;
#4588 = ORIENTED_EDGE ( 'NONE', *, *, #2277, .T. ) ;
#4589 = LINE ( 'NONE', #689, #37 ) ;
#4590 = CARTESIAN_POINT ( 'NONE',  ( -29.75000000000001066, 3.000000000000000000, -18.50000000000000355 ) ) ;
#4591 = ORIENTED_EDGE ( 'NONE', *, *, #4906, .F. ) ;
#4592 = CIRCLE ( 'NONE', #4342, 3.249999999999999556 ) ;
#4593 = ORIENTED_EDGE ( 'NONE', *, *, #3473, .T. ) ;
#4594 = ORIENTED_EDGE ( 'NONE', *, *, #2740, .T. ) ;
#4595 = EDGE_CURVE ( 'NONE', #2952, #1264, #1890, .T. ) ;
#4596 = CARTESIAN_POINT ( 'NONE',  ( -27.50000000000000355, 3.000000000000000000, 17.75000000000000000 ) ) ;
#4597 = DIRECTION ( 'NONE',  ( -0.000000000000000000, -1.000000000000000000, 0.000000000000000000 ) ) ;
#4598 = CARTESIAN_POINT ( 'NONE',  ( 26.27359877559831247, 3.000000000000000444, -22.50000000000000355 ) ) ;
#4599 = ORIENTED_EDGE ( 'NONE', *, *, #1796, .F. ) ;
#4600 = ADVANCED_FACE ( 'NONE', ( #3519 ), #1226, .T. ) ;
#4601 = CARTESIAN_POINT ( 'NONE',  ( 29.75000000000001066, 3.000000000000000000, 19.02369315211960910 ) ) ;
#4602 = ORIENTED_EDGE ( 'NONE', *, *, #1426, .F. ) ;
#4603 = FACE_OUTER_BOUND ( 'NONE', #563, .T. ) ;
#4604 = CARTESIAN_POINT ( 'NONE',  ( -26.67032366552882650, -0.000000000000000000, -19.70110128955766626 ) ) ;
#4605 = EDGE_CURVE ( 'NONE', #2323, #1470, #4291, .T. ) ;
#4606 = VERTEX_POINT ( 'NONE', #3161 ) ;
#4607 = ADVANCED_FACE ( 'NONE', ( #2349 ), #3980, .F. ) ;
#4608 = CARTESIAN_POINT ( 'NONE',  ( 29.75000000000001421, 0.000000000000000000, 18.49999999999999645 ) ) ;
#4609 = CARTESIAN_POINT ( 'NONE',  ( -0.1531526232158212653, 4.750000000000015099, -21.25000000000000000 ) ) ;
#4610 = CARTESIAN_POINT ( 'NONE',  ( -4.519999999999994245, 20.34143585281091049, 18.85309986098562263 ) ) ;
#4611 = VECTOR ( 'NONE', #2716, 1000.000000000000000 ) ;
#4612 = VERTEX_POINT ( 'NONE', #486 ) ;
#4613 = EDGE_LOOP ( 'NONE', ( #785, #1328, #2140, #2423, #5002, #1539, #3242, #3850, #4646 ) ) ;
#4614 = DIRECTION ( 'NONE',  ( 0.000000000000000000, 1.000000000000000000, 0.000000000000000000 ) ) ;
#4615 = ORIENTED_EDGE ( 'NONE', *, *, #1520, .F. ) ;
#4616 = AXIS2_PLACEMENT_3D ( 'NONE', #1122, #2992, #300 ) ;
#4617 = AXIS2_PLACEMENT_3D ( 'NONE', #4783, #1163, #3528 ) ;
#4618 = ORIENTED_EDGE ( 'NONE', *, *, #3934, .F. ) ;
#4619 = EDGE_LOOP ( 'NONE', ( #1870, #1615, #3543, #3173 ) ) ;
#4620 = LINE ( 'NONE', #260, #1859 ) ;
#4621 = CARTESIAN_POINT ( 'NONE',  ( -25.00000000000000000, 3.000000000000000000, -19.25000000000000000 ) ) ;
#4622 = CARTESIAN_POINT ( 'NONE',  ( 18.74999999999999289, 1.000000000000000000, -22.50000000000000355 ) ) ;
#4623 = DIRECTION ( 'NONE',  ( -1.000000000000000000, -0.000000000000000000, -0.000000000000000000 ) ) ;
#4624 = ADVANCED_FACE ( 'NONE', ( #2022 ), #817, .F. ) ;
#4625 = CIRCLE ( 'NONE', #2394, 3.249999999999999556 ) ;
#4626 = CARTESIAN_POINT ( 'NONE',  ( 26.50542845711914808, 0.000000000000000000, 19.81067958809740404 ) ) ;
#4627 = AXIS2_PLACEMENT_3D ( 'NONE', #1405, #2975, #559 ) ;
#4628 = ORIENTED_EDGE ( 'NONE', *, *, #2356, .T. ) ;
#4629 = CARTESIAN_POINT ( 'NONE',  ( -27.76447588565130431, 1.290306018602424603E-13, -21.99514556825906553 ) ) ;
#4630 = CIRCLE ( 'NONE', #4140, 1.500000000000001332 ) ;
#4631 = DIRECTION ( 'NONE',  ( 0.000000000000000000, 0.000000000000000000, -1.000000000000000000 ) ) ;
#4632 = CARTESIAN_POINT ( 'NONE',  ( -1.140313017655121941, 6.684587325882498376, 21.25000000000000711 ) ) ;
#4633 = ADVANCED_FACE ( 'NONE', ( #1638 ), #1179, .F. ) ;
#4634 = AXIS2_PLACEMENT_3D ( 'NONE', #3918, #4644, #2691 ) ;
#4635 = ADVANCED_FACE ( 'NONE', ( #3907 ), #1971, .F. ) ;
#4636 = CARTESIAN_POINT ( 'NONE',  ( -29.75000000000001066, 4.000000000000000000, 0.000000000000000000 ) ) ;
#4637 = CIRCLE ( 'NONE', #4875, 1.000000000000000888 ) ;
#4638 = CARTESIAN_POINT ( 'NONE',  ( -1.169999999999989271, 5.920000000000007923, 21.25000000000000000 ) ) ;
#4639 = DIRECTION ( 'NONE',  ( 1.000000000000000000, 5.077500907938790172E-33, -8.195543980992792121E-17 ) ) ;
#4640 = ADVANCED_FACE ( 'NONE', ( #33 ), #110, .T. ) ;
#4641 = EDGE_CURVE ( 'NONE', #3942, #1013, #772, .T. ) ;
#4642 = FACE_OUTER_BOUND ( 'NONE', #4354, .T. ) ;
#4643 = AXIS2_PLACEMENT_3D ( 'NONE', #1745, #2620, #2126 ) ;
#4644 = DIRECTION ( 'NONE',  ( 0.000000000000000000, -1.000000000000000000, -6.122553444624023009E-17 ) ) ;
#4645 = CARTESIAN_POINT ( 'NONE',  ( 21.99999999999999645, 0.000000000000000000, -22.50000000000000355 ) ) ;
#4646 = ORIENTED_EDGE ( 'NONE', *, *, #236, .F. ) ;
#4647 = VERTEX_POINT ( 'NONE', #2827 ) ;
#4648 = B_SPLINE_CURVE_WITH_KNOTS ( 'NONE', 3,
 ( #296, #1090, #4910, #4553, #2988, #1042, #1855, #2603, #2573, #3042, #4175, #1446, #2188, #653, #2263, #3423, #4988, #2544 ),
 .UNSPECIFIED., .F., .F.,
 ( 4, 2, 2, 2, 2, 2, 2, 2, 4 ),
 ( 0.000000000000000000, 0.1250000000000000278, 0.2500000000000000555, 0.3750000000000000000, 0.5000000000000000000, 0.6249999999999998890, 0.7499999999999998890, 0.8750000000000000000, 1.000000000000000000 ),
 .UNSPECIFIED. ) ;
#4649 = ORIENTED_EDGE ( 'NONE', *, *, #367, .T. ) ;
#4650 = TOROIDAL_SURFACE ( 'NONE', #4565, 2.500000000000000000, 1.000000000000000000 ) ;
#4651 = CARTESIAN_POINT ( 'NONE',  ( 0.3102322367705167561, 3.550000000000016254, 22.45000000000000284 ) ) ;
#4652 = LINE ( 'NONE', #787, #4611 ) ;
#4653 = CARTESIAN_POINT ( 'NONE',  ( 4.519999999999994245, 13.35663557268043533, -21.66666666666666785 ) ) ;
#4654 = AXIS2_PLACEMENT_3D ( 'NONE', #2485, #4468, #1718 ) ;
#4655 = CARTESIAN_POINT ( 'NONE',  ( -21.16666666666666075, -43.57960786344598603, -2.549999999999986500 ) ) ;
#4656 = AXIS2_PLACEMENT_3D ( 'NONE', #2114, #4180, #579 ) ;
#4657 = DIRECTION ( 'NONE',  ( 9.427844978134476553E-16, 1.000000000000000000, -0.000000000000000000 ) ) ;
#4658 = DIRECTION ( 'NONE',  ( -1.000000000000000000, 0.000000000000000000, -0.000000000000000000 ) ) ;
#4659 = CARTESIAN_POINT ( 'NONE',  ( -22.00000000000000000, 14.20000000000000639, -2.550000000000001599 ) ) ;
#4660 = EDGE_CURVE ( 'NONE', #1694, #2422, #4696, .T. ) ;
#4661 = CARTESIAN_POINT ( 'NONE',  ( 2.899999999999999023, 12.40000000000000391, -20.99999999999999645 ) ) ;
#4662 = CARTESIAN_POINT ( 'NONE',  ( -2.369999999999989448, 6.380000000000024762, -22.45000000000000284 ) ) ;
#4663 = CARTESIAN_POINT ( 'NONE',  ( -20.49999999999999645, 17.00000000000000000, -2.550000000000002931 ) ) ;
#4664 = DIRECTION ( 'NONE',  ( -1.000000000000000000, -0.000000000000000000, -0.000000000000000000 ) ) ;
#4665 = ADVANCED_FACE ( 'NONE', ( #1204 ), #1595, .F. ) ;
#4666 = DIRECTION ( 'NONE',  ( 0.000000000000000000, 0.000000000000000000, 1.000000000000000000 ) ) ;
#4667 = VERTEX_POINT ( 'NONE', #60 ) ;
#4668 = ORIENTED_EDGE ( 'NONE', *, *, #511, .T. ) ;
#4669 = ORIENTED_EDGE ( 'NONE', *, *, #2429, .T. ) ;
#4670 = PLANE ( 'NONE',  #349 ) ;
#4671 = CARTESIAN_POINT ( 'NONE',  ( -25.00000000000000000, 4.000000000000000000, 17.75000000000000000 ) ) ;
#4672 = LINE ( 'NONE', #3086, #1230 ) ;
#4673 = CARTESIAN_POINT ( 'NONE',  ( -1.193576983479025966, 3.849126259600423428, 22.45000000000000284 ) ) ;
#4674 = DIRECTION ( 'NONE',  ( 0.000000000000000000, -1.000000000000000000, 2.828353493440441376E-16 ) ) ;
#4675 = LINE ( 'NONE', #1548, #4131 ) ;
#4676 = DIRECTION ( 'NONE',  ( 0.000000000000000000, 0.000000000000000000, -1.000000000000000000 ) ) ;
#4677 =( LENGTH_UNIT ( ) NAMED_UNIT ( * ) SI_UNIT ( .MILLI., .METRE. ) );
#4678 = CARTESIAN_POINT ( 'NONE',  ( 13.42000000000000171, 17.00000000000000000, -20.99999999999999645 ) ) ;
#4679 = ORIENTED_EDGE ( 'NONE', *, *, #2749, .F. ) ;
#4680 = EDGE_CURVE ( 'NONE', #2466, #4182, #1618, .T. ) ;
#4681 = CARTESIAN_POINT ( 'NONE',  ( 4.519999999999994245, 6.250000000000000000, -18.85309986098562263 ) ) ;
#4682 = CARTESIAN_POINT ( 'NONE',  ( 23.50000000000000355, 4.000000000000000000, 19.25000000000000000 ) ) ;
#4683 = PLANE ( 'NONE',  #2418 ) ;
#4684 = EDGE_LOOP ( 'NONE', ( #4359, #3533, #2087, #2097 ) ) ;
#4685 = ADVANCED_FACE ( 'NONE', ( #874 ), #3132, .F. ) ;
#4686 = VERTEX_POINT ( 'NONE', #2929 ) ;
#4687 = ORIENTED_EDGE ( 'NONE', *, *, #2491, .T. ) ;
#4688 = EDGE_CURVE ( 'NONE', #4329, #3925, #3835, .T. ) ;
#4689 = LINE ( 'NONE', #4243, #2141 ) ;
#4691 = EDGE_CURVE ( 'NONE', #796, #406, #2905, .T. ) ;
#4690 = CARTESIAN_POINT ( 'NONE',  ( -4.519999999999994245, 0.000000000000000000, 19.99999999999999645 ) ) ;
#4692 = ORIENTED_EDGE ( 'NONE', *, *, #298, .F. ) ;
#4693 = ORIENTED_EDGE ( 'NONE', *, *, #4472, .F. ) ;
#4694 = CARTESIAN_POINT ( 'NONE',  ( -21.16666666666666430, 18.80000000000000426, -18.41666666666665719 ) ) ;
#4695 = CIRCLE ( 'NONE', #3633, 4.945548129602392429 ) ;
#4696 = LINE ( 'NONE', #2326, #4321 ) ;
#4697 = LINE ( 'NONE', #1180, #200 ) ;
#4698 = ORIENTED_EDGE ( 'NONE', *, *, #459, .T. ) ;
#4699 = AXIS2_PLACEMENT_3D ( 'NONE', #2701, #2325, #3540 ) ;
#4700 = AXIS2_PLACEMENT_3D ( 'NONE', #1325, #256, #4079 ) ;
#4701 = LINE ( 'NONE', #3164, #3965 ) ;
#4702 = FILL_AREA_STYLE ('',( #3138 ) ) ;
#4703 = LINE ( 'NONE', #2053, #3399 ) ;
#4704 = CIRCLE ( 'NONE', #3149, 1.318749999999996980 ) ;
#4705 = EDGE_LOOP ( 'NONE', ( #4039, #293, #3284, #3589 ) ) ;
#4706 = VECTOR ( 'NONE', #4448, 1000.000000000000000 ) ;
#4707 = CARTESIAN_POINT ( 'NONE',  ( -22.00000000000000355, 3.000000000000000000, -17.75000000000000000 ) ) ;
#4708 = ADVANCED_FACE ( 'NONE', ( #4085 ), #1769, .F. ) ;
#4709 = CARTESIAN_POINT ( 'NONE',  ( 20.49999999999999645, 6.250000000000000000, 17.75000000000000000 ) ) ;
#4710 = CARTESIAN_POINT ( 'NONE',  ( 4.519999999999994245, 0.000000000000000000, 19.99999999999999645 ) ) ;
#4711 = ORIENTED_EDGE ( 'NONE', *, *, #1368, .F. ) ;
#4712 = VERTEX_POINT ( 'NONE', #2512 ) ;
#4713 = ORIENTED_EDGE ( 'NONE', *, *, #1140, .T. ) ;
#4714 = ADVANCED_FACE ( 'NONE', ( #3673 ), #2176, .F. ) ;
#4715 = CARTESIAN_POINT ( 'NONE',  ( -2.070873754854107851, 7.573576948582735113, 22.45000000000000284 ) ) ;
#4716 = CARTESIAN_POINT ( 'NONE',  ( -17.24999999999999645, 6.250000000000000000, 18.85309986098562263 ) ) ;
#4717 = FACE_OUTER_BOUND ( 'NONE', #4999, .T. ) ;
#4718 = ORIENTED_EDGE ( 'NONE', *, *, #1642, .F. ) ;
#4719 = AXIS2_PLACEMENT_3D ( 'NONE', #2101, #3311, #2642 ) ;
#4720 = ORIENTED_EDGE ( 'NONE', *, *, #4009, .T. ) ;
#4721 = CARTESIAN_POINT ( 'NONE',  ( -1.895210416483677163, 4.463524273659462693, -22.45000000000000639 ) ) ;
#4722 = EDGE_CURVE ( 'NONE', #1218, #4960, #4059, .T. ) ;
#4723 = ADVANCED_FACE ( 'NONE', ( #953 ), #1388, .T. ) ;
#4724 = DIRECTION ( 'NONE',  ( -1.000000000000000000, 0.000000000000000000, 0.000000000000000000 ) ) ;
#4725 = CIRCLE ( 'NONE', #3663, 1.500000000000001332 ) ;
#4726 = ORIENTED_EDGE ( 'NONE', *, *, #2050, .F. ) ;
#4727 = CARTESIAN_POINT ( 'NONE',  ( 29.75000000000001066, 4.000000000000000000, -18.50000000000000355 ) ) ;
#4728 = VECTOR ( 'NONE', #3709, 1000.000000000000000 ) ;
#4729 = CARTESIAN_POINT ( 'NONE',  ( 2.369999999999994333, 5.920000000000007034, -21.25000000000000000 ) ) ;
#4730 = DIRECTION ( 'NONE',  ( 0.000000000000000000, 0.000000000000000000, -1.000000000000000000 ) ) ;
#4731 = ORIENTED_EDGE ( 'NONE', *, *, #3118, .F. ) ;
#4732 = PLANE ( 'NONE',  #1743 ) ;
#4733 = CARTESIAN_POINT ( 'NONE',  ( -22.00000000000000355, 0.000000000000000000, -22.50000000000000355 ) ) ;
#4734 = CARTESIAN_POINT ( 'NONE',  ( -4.750000000000006217, 14.25000000000001066, -22.50000000000000355 ) ) ;
#4735 = CARTESIAN_POINT ( 'NONE',  ( -18.74999999999999645, 1.000000000000000000, 19.24999999999999645 ) ) ;
#4736 = EDGE_LOOP ( 'NONE', ( #3694, #1710, #310, #95 ) ) ;
#4737 = ORIENTED_EDGE ( 'NONE', *, *, #5041, .T. ) ;
#4738 = ORIENTED_EDGE ( 'NONE', *, *, #3030, .F. ) ;
#4739 = CARTESIAN_POINT ( 'NONE',  ( -23.50000000000000355, 0.000000000000000000, -17.75000000000000000 ) ) ;
#4740 = DIRECTION ( 'NONE',  ( -1.000000000000000000, -5.117798534192273047E-33, 8.260587980841941245E-17 ) ) ;
#4741 = DIRECTION ( 'NONE',  ( -1.000000000000000000, 0.000000000000000000, 2.202823461557850834E-16 ) ) ;
#4742 = VERTEX_POINT ( 'NONE', #163 ) ;
#4743 = EDGE_CURVE ( 'NONE', #1472, #4217, #308, .T. ) ;
#4744 = LINE ( 'NONE', #4694, #36 ) ;
#4745 = CARTESIAN_POINT ( 'NONE',  ( 17.24999999999999645, 81.73647591023825498, -17.74999999999999289 ) ) ;
#4746 = FACE_OUTER_BOUND ( 'NONE', #4798, .T. ) ;
#4747 = ORIENTED_EDGE ( 'NONE', *, *, #4029, .F. ) ;
#4748 = ADVANCED_FACE ( 'NONE', ( #619 ), #1331, .T. ) ;
#4749 = CARTESIAN_POINT ( 'NONE',  ( -18.60000000000000853, 1.000000000000000000, -15.74999999999999289 ) ) ;
#4750 = EDGE_CURVE ( 'NONE', #2616, #3704, #4318, .T. ) ;
#4751 = CARTESIAN_POINT ( 'NONE',  ( 2.369999999999994333, 5.609711817632568653, -22.45000000000000284 ) ) ;
#4752 = DIRECTION ( 'NONE',  ( 0.000000000000000000, -1.000000000000000000, 0.000000000000000000 ) ) ;
#4753 = ORIENTED_EDGE ( 'NONE', *, *, #765, .T. ) ;
#4754 = EDGE_CURVE ( 'NONE', #536, #3642, #4827, .T. ) ;
#4755 = CARTESIAN_POINT ( 'NONE',  ( -17.91666666666666785, 17.00000000000000711, -21.66666666666665719 ) ) ;
#4756 = CLOSED_SHELL ( 'NONE', ( #1977, #2199, #219, #2772, #1465, #1838, #4034, #1202, #2901, #1177, #1260, #1888, #272, #2139, #604, #1271, #2488, #86, #419, #389, #899, #5010, #4635, #3334, #2707, #4967, #4665, #862, #2520, #2525, #554, #3181, #2837, #680, #2021, #4508, #3809, #4435, #4748, #887, #1872, #2304, #2391, #2997, #2424, #1059, #1617, #4633, #4478, #2169, #3689, #3646, #4708, #1934, #2685, #2622, #967, #4624, #4685, #2561, #5003, #3004, #2583, #3439, #3784, #1807, #4464, #896, #4723, #120, #3061, #552, #4607, #1229, #2242, #818, #2145, #4714, #2654, #217, #311, #2265, #4600, #3209, #4369, #1033, #2966, #4996, #1365, #1959, #4126, #4171, #1092, #4306, #3995, #4100, #2910, #2655, #331, #2748, #3146, #3314, #1165, #928, #1829, #5038, #971, #396, #1001, #453, #4566, #46, #2211, #3098, #2421, #1303, #2271, #4163, #2808, #3037, #2645, #4786, #2175, #2377, #59, #1557, #3069, #4883, #1663, #1951, #3905, #1767, #4640, #2232, #4771, #3124, #3758 ) ) ;
#4757 = CARTESIAN_POINT ( 'NONE',  ( 23.49999999999999645, 4.000000000000000000, -17.75000000000000000 ) ) ;
#4758 = CARTESIAN_POINT ( 'NONE',  ( 23.50000000000000355, 3.000000000000000000, 20.25000000000000000 ) ) ;
#4759 = CARTESIAN_POINT ( 'NONE',  ( 20.49999999999999645, 6.250000000000000000, 17.75000000000000000 ) ) ;
#4760 = EDGE_LOOP ( 'NONE', ( #1169, #1622, #2817, #100 ) ) ;
#4761 = VERTEX_POINT ( 'NONE', #4879 ) ;
#4762 = ORIENTED_EDGE ( 'NONE', *, *, #2718, .T. ) ;
#4763 = DIRECTION ( 'NONE',  ( 0.000000000000000000, 0.000000000000000000, 1.000000000000000000 ) ) ;
#4764 = CYLINDRICAL_SURFACE ( 'NONE', #4767, 1.500000000000001332 ) ;
#4765 = LINE ( 'NONE', #427, #685 ) ;
#4766 = ORIENTED_EDGE ( 'NONE', *, *, #1835, .F. ) ;
#4767 = AXIS2_PLACEMENT_3D ( 'NONE', #3280, #533, #4002 ) ;
#4768 = ORIENTED_EDGE ( 'NONE', *, *, #4259, .T. ) ;
#4769 = FACE_OUTER_BOUND ( 'NONE', #155, .T. ) ;
#4770 = DIRECTION ( 'NONE',  ( -1.000000000000000000, 0.000000000000000000, 0.000000000000000000 ) ) ;
#4771 = ADVANCED_FACE ( 'NONE', ( #1361 ), #4295, .T. ) ;
#4772 = DIRECTION ( 'NONE',  ( 0.000000000000000000, 0.000000000000000000, 1.000000000000000000 ) ) ;
#4773 = ORIENTED_EDGE ( 'NONE', *, *, #4253, .F. ) ;
#4774 = AXIS2_PLACEMENT_3D ( 'NONE', #15, #3192, #2784 ) ;
#4775 = CARTESIAN_POINT ( 'NONE',  ( -4.519999999999996021, 17.00000000000000000, 20.99999999999999289 ) ) ;
#4776 = CARTESIAN_POINT ( 'NONE',  ( -1.169999999976057303, 5.766819758071837221, -21.25000000000000000 ) ) ;
#4777 = EDGE_CURVE ( 'NONE', #421, #1032, #3990, .T. ) ;
#4778 = DIRECTION ( 'NONE',  ( 0.000000000000000000, 0.000000000000000000, 1.000000000000000000 ) ) ;
#4779 = CARTESIAN_POINT ( 'NONE',  ( 21.96532025671985977, 4.000000000000000000, -19.72351414627957666 ) ) ;
#4780 = VERTEX_POINT ( 'NONE', #696 ) ;
#4781 = VECTOR ( 'NONE', #4251, 1000.000000000000000 ) ;
#4782 = EDGE_CURVE ( 'NONE', #2964, #1228, #4620, .T. ) ;
#4783 = CARTESIAN_POINT ( 'NONE',  ( 13.42000000000000348, 18.80000000000001492, -21.66666666666666785 ) ) ;
#4784 = CIRCLE ( 'NONE', #1026, 3.249999999999999556 ) ;
#4785 = VECTOR ( 'NONE', #1128, 1000.000000000000000 ) ;
#4786 = ADVANCED_FACE ( 'NONE', ( #5004 ), #644, .F. ) ;
#4787 = CARTESIAN_POINT ( 'NONE',  ( -20.49999999999999645, 81.73647591023825498, 20.99999999999999645 ) ) ;
#4788 = CARTESIAN_POINT ( 'NONE',  ( 2.369999999999994333, 6.380000000000024762, -22.45000000000000284 ) ) ;
#4789 = AXIS2_PLACEMENT_3D ( 'NONE', #3676, #2153, #2569 ) ;
#4790 = CARTESIAN_POINT ( 'NONE',  ( 25.75000000000001066, 0.000000000000000000, 19.99999999999999645 ) ) ;
#4791 = EDGE_LOOP ( 'NONE', ( #4628, #2420, #4599, #2728 ) ) ;
#4792 = AXIS2_PLACEMENT_3D ( 'NONE', #3599, #1185, #4778 ) ;
#4793 = ORIENTED_EDGE ( 'NONE', *, *, #999, .F. ) ;
#4794 = ORIENTED_EDGE ( 'NONE', *, *, #4446, .T. ) ;
#4795 = CARTESIAN_POINT ( 'NONE',  ( -29.75000000000001066, 3.000000000000000000, -18.50000000000000355 ) ) ;
#4796 = CARTESIAN_POINT ( 'NONE',  ( -13.42000000000000348, 0.000000000000000000, -20.00000000000000355 ) ) ;
#4797 = CARTESIAN_POINT ( 'NONE',  ( 2.770070464751050862E-15, 6.380000000000024762, 22.50000000000000355 ) ) ;
#4798 = EDGE_LOOP ( 'NONE', ( #4834, #471, #1879, #3916 ) ) ;
#4799 = ORIENTED_EDGE ( 'NONE', *, *, #2276, .F. ) ;
#4800 = LINE ( 'NONE', #1717, #3319 ) ;
#4801 = CARTESIAN_POINT ( 'NONE',  ( 1.169999999999994822, 5.920000000000007923, 21.25000000000000000 ) ) ;
#4802 = AXIS2_PLACEMENT_3D ( 'NONE', #2178, #262, #290 ) ;
#4803 = DIRECTION ( 'NONE',  ( 0.000000000000000000, -1.000000000000000000, -6.195440985631452852E-17 ) ) ;
#4804 = ORIENTED_EDGE ( 'NONE', *, *, #449, .T. ) ;
#4805 = DIRECTION ( 'NONE',  ( 0.000000000000000000, -1.000000000000000000, 0.000000000000000000 ) ) ;
#4806 = CARTESIAN_POINT ( 'NONE',  ( 0.5892341898066633110, 7.402330081510326565, 21.25000000000000000 ) ) ;
#4807 = CARTESIAN_POINT ( 'NONE',  ( 4.519999999999994245, 1.625000000000001332, -20.66875000000000639 ) ) ;
#4808 = LINE ( 'NONE', #3626, #1339 ) ;
#4809 = ORIENTED_EDGE ( 'NONE', *, *, #515, .T. ) ;
#4810 = CIRCLE ( 'NONE', #3254, 1.500000000000001332 ) ;
#4811 = EDGE_CURVE ( 'NONE', #2466, #265, #1436, .T. ) ;
#4812 = DIRECTION ( 'NONE',  ( -0.000000000000000000, 1.000000000000000000, -0.000000000000000000 ) ) ;
#4813 = LINE ( 'NONE', #173, #1979 ) ;
#4814 = DIRECTION ( 'NONE',  ( -1.000000000000000000, -0.000000000000000000, -0.000000000000000000 ) ) ;
#4815 = CARTESIAN_POINT ( 'NONE',  ( 21.16666666666666430, -43.57960786344599313, -21.66666666666666785 ) ) ;
#4816 = DIRECTION ( 'NONE',  ( 8.462065736472231082E-17, 6.123233995736766036E-17, -1.000000000000000000 ) ) ;
#4817 = ORIENTED_EDGE ( 'NONE', *, *, #1956, .T. ) ;
#4818 = EDGE_CURVE ( 'NONE', #3363, #2422, #3382, .T. ) ;
#4819 = ORIENTED_EDGE ( 'NONE', *, *, #3341, .T. ) ;
#4820 = EDGE_CURVE ( 'NONE', #2665, #2585, #656, .T. ) ;
#4821 =( BOUNDED_CURVE ( )  B_SPLINE_CURVE ( 2, ( #4556, #3070, #4638 ),
 .UNSPECIFIED., .F., .T. ) 
 B_SPLINE_CURVE_WITH_KNOTS ( ( 3, 3 ),
 ( 0.000000000000000000, 1.000000000000000000 ),
 .UNSPECIFIED. ) 
 CURVE ( )  GEOMETRIC_REPRESENTATION_ITEM ( )  RATIONAL_B_SPLINE_CURVE ( ( 1.000000000000000000, 0.05263157894736842507, 1.000000000000000000 ) ) 
 REPRESENTATION_ITEM ( '' )  );
#4822 = CARTESIAN_POINT ( 'NONE',  ( -13.42000000000000348, 81.73647591023825498, 20.99999999999999645 ) ) ;
#4823 = PLANE ( 'NONE',  #2386 ) ;
#4824 = ORIENTED_EDGE ( 'NONE', *, *, #1235, .T. ) ;
#4825 = ORIENTED_EDGE ( 'NONE', *, *, #4383, .T. ) ;
#4826 = LINE ( 'NONE', #135, #3972 ) ;
#4827 = LINE ( 'NONE', #3310, #2684 ) ;
#4828 = DIRECTION ( 'NONE',  ( 0.000000000000000000, 1.000000000000000000, 0.000000000000000000 ) ) ;
#4829 = ORIENTED_EDGE ( 'NONE', *, *, #672, .T. ) ;
#4830 = CARTESIAN_POINT ( 'NONE',  ( -26.14056997108898983, -0.000000000000000000, 19.96172888284705138 ) ) ;
#4831 = CARTESIAN_POINT ( 'NONE',  ( 1.169999999999994822, 6.380000000000024762, 21.25000000000000000 ) ) ;
#4832 = CARTESIAN_POINT ( 'NONE',  ( 26.94950025331297283, 0.000000000000000000, -19.42182009024702438 ) ) ;
#4833 = LINE ( 'NONE', #2131, #2899 ) ;
#4834 = ORIENTED_EDGE ( 'NONE', *, *, #2941, .F. ) ;
#4835 = CARTESIAN_POINT ( 'NONE',  ( 1.169999999999994600, 6.380000000000024762, 21.25000000000000000 ) ) ;
#4836 = LINE ( 'NONE', #577, #1096 ) ;
#4837 = CARTESIAN_POINT ( 'NONE',  ( 20.49999999999999645, 17.00000000000001421, 17.75000000000000000 ) ) ;
#4838 = LINE ( 'NONE', #446, #2515 ) ;
#4839 = EDGE_CURVE ( 'NONE', #232, #1464, #1536, .T. ) ;
#4840 = LINE ( 'NONE', #4918, #3904 ) ;
#4841 = EDGE_LOOP ( 'NONE', ( #3381, #2615, #3559, #3779, #2874, #2599 ) ) ;
#4842 = VERTEX_POINT ( 'NONE', #3800 ) ;
#4843 = DIRECTION ( 'NONE',  ( -1.000000000000000000, 0.000000000000000000, 0.000000000000000000 ) ) ;
#4844 = EDGE_CURVE ( 'NONE', #2555, #4352, #3413, .T. ) ;
#4845 = CARTESIAN_POINT ( 'NONE',  ( -17.52999999999999758, 0.000000000000000000, -20.00000000000000355 ) ) ;
#4846 = LINE ( 'NONE', #663, #3985 ) ;
#4847 = ORIENTED_EDGE ( 'NONE', *, *, #205, .F. ) ;
#4848 = EDGE_CURVE ( 'NONE', #1652, #666, #637, .T. ) ;
#4849 = VERTEX_POINT ( 'NONE', #4734 ) ;
#4850 = CARTESIAN_POINT ( 'NONE',  ( -0.6203425208277770775, 8.688315229249329974, -21.25000000000000000 ) ) ;
#4851 =( BOUNDED_CURVE ( )  B_SPLINE_CURVE ( 2, ( #1038, #1902, #3036 ),
 .UNSPECIFIED., .F., .T. ) 
 B_SPLINE_CURVE_WITH_KNOTS ( ( 3, 3 ),
 ( 0.000000000000000000, 0.001873848393516900929 ),
 .UNSPECIFIED. ) 
 CURVE ( )  GEOMETRIC_REPRESENTATION_ITEM ( )  RATIONAL_B_SPLINE_CURVE ( ( 1.000000000000000000, 0.8633971813349841096, 0.8542150666577394968 ) ) 
 REPRESENTATION_ITEM ( '' )  );
#4852 = EDGE_CURVE ( 'NONE', #2003, #2473, #3794, .T. ) ;
#4853 = DIRECTION ( 'NONE',  ( 0.000000000000000000, 0.000000000000000000, -1.000000000000000000 ) ) ;
#4854 = CARTESIAN_POINT ( 'NONE',  ( -22.00000000000000000, 14.20000000000000639, -2.550000000000001599 ) ) ;
#4855 = ORIENTED_EDGE ( 'NONE', *, *, #3494, .F. ) ;
#4856 = LINE ( 'NONE', #2461, #3892 ) ;
#4857 = CARTESIAN_POINT ( 'NONE',  ( 2.070873754854116289, 7.573576948582682711, 21.25000000000000000 ) ) ;
#4858 = CARTESIAN_POINT ( 'NONE',  ( -4.519999999999994245, 0.000000000000000000, 19.99999999999999645 ) ) ;
#4859 = CARTESIAN_POINT ( 'NONE',  ( -2.369999999999989448, 6.226666666666683447, -22.45000000000000284 ) ) ;
#4860 = EDGE_LOOP ( 'NONE', ( #3516, #1559, #1322, #1131 ) ) ;
#4861 = VECTOR ( 'NONE', #1502, 1000.000000000000000 ) ;
#4862 = AXIS2_PLACEMENT_3D ( 'NONE', #3639, #2769, #54 ) ;
#4863 = CARTESIAN_POINT ( 'NONE',  ( 0.000000000000000000, 4.000000000000000000, -20.25000000000000000 ) ) ;
#4864 = CARTESIAN_POINT ( 'NONE',  ( 13.42000000000000348, 0.000000000000000000, -20.00000000000000355 ) ) ;
#4865 = CARTESIAN_POINT ( 'NONE',  ( -28.20818687989967444, 2.999999999999999556, 21.69866736959271236 ) ) ;
#4866 = CARTESIAN_POINT ( 'NONE',  ( -27.24999999998502176, 0.000000000000000000, 18.69638493204487162 ) ) ;
#4867 = AXIS2_PLACEMENT_3D ( 'NONE', #87, #509, #463 ) ;
#4868 = FACE_OUTER_BOUND ( 'NONE', #4760, .T. ) ;
#4869 = CIRCLE ( 'NONE', #4627, 4.945548129602392429 ) ;
#4870 = ORIENTED_EDGE ( 'NONE', *, *, #3715, .T. ) ;
#4871 = LINE ( 'NONE', #2586, #4457 ) ;
#4872 = CARTESIAN_POINT ( 'NONE',  ( 28.85348418192122111, 6.123233995736829515E-18, 19.35000000000000853 ) ) ;
#4873 = VERTEX_POINT ( 'NONE', #3605 ) ;
#4874 = VECTOR ( 'NONE', #1832, 1000.000000000000000 ) ;
#4875 = AXIS2_PLACEMENT_3D ( 'NONE', #3350, #149, #197 ) ;
#4876 = ORIENTED_EDGE ( 'NONE', *, *, #3341, .F. ) ;
#4877 = EDGE_CURVE ( 'NONE', #3103, #318, #942, .T. ) ;
#4878 = CARTESIAN_POINT ( 'NONE',  ( 0.7190196755558460051, 7.315610192420741065, -21.25000000000000000 ) ) ;
#4879 = CARTESIAN_POINT ( 'NONE',  ( 29.75000000000001066, 4.000000000000000000, -18.50000000000000355 ) ) ;
#4880 = CARTESIAN_POINT ( 'NONE',  ( 2.369999999999994333, 5.920000000000008811, 22.50000000000000355 ) ) ;
#4881 = DIRECTION ( 'NONE',  ( 0.000000000000000000, 0.000000000000000000, 1.000000000000000000 ) ) ;
#4882 = ORIENTED_EDGE ( 'NONE', *, *, #4978, .T. ) ;
#4883 = ADVANCED_FACE ( 'NONE', ( #71 ), #3841, .T. ) ;
#4884 = LINE ( 'NONE', #166, #849 ) ;
#4885 = AXIS2_PLACEMENT_3D ( 'NONE', #3250, #2529, #943 ) ;
#4886 = CARTESIAN_POINT ( 'NONE',  ( 2.369999999999994333, 6.380000000000023874, 21.25000000000000000 ) ) ;
#4887 = CARTESIAN_POINT ( 'NONE',  ( 26.67182009024669398, 0.000000000000000000, -19.69950025331262111 ) ) ;
#4888 = EDGE_CURVE ( 'NONE', #1456, #2247, #4810, .T. ) ;
#4889 = CARTESIAN_POINT ( 'NONE',  ( -2.369999999999989893, 5.920000000000007923, -22.45000000000000284 ) ) ;
#4890 = ORIENTED_EDGE ( 'NONE', *, *, #1454, .T. ) ;
#4891 = CARTESIAN_POINT ( 'NONE',  ( 2.308315229249378042, 7.000342520827826931, -22.45000000000000284 ) ) ;
#4892 = CARTESIAN_POINT ( 'NONE',  ( 29.75000000000001421, 3.209238430553880691E-11, 6.166666666666674068 ) ) ;
#4893 = FACE_OUTER_BOUND ( 'NONE', #4619, .T. ) ;
#4894 = FACE_OUTER_BOUND ( 'NONE', #1458, .T. ) ;
#4895 = PLANE ( 'NONE',  #4153 ) ;
#4896 = VECTOR ( 'NONE', #322, 1000.000000000000000 ) ;
#4897 = ORIENTED_EDGE ( 'NONE', *, *, #2050, .T. ) ;
#4898 = CYLINDRICAL_SURFACE ( 'NONE', #1279, 4.945548129602392429 ) ;
#4899 = ORIENTED_EDGE ( 'NONE', *, *, #2324, .T. ) ;
#4900 = EDGE_LOOP ( 'NONE', ( #3130, #1010, #2670, #5048, #3431, #208, #1969, #3436 ) ) ;
#4901 = CARTESIAN_POINT ( 'NONE',  ( 1.193576948582754094, 8.450873754854121955, -22.45000000000000284 ) ) ;
#4902 = CARTESIAN_POINT ( 'NONE',  ( -0.1531526232158183787, 4.750000000000015099, 21.25000000000000000 ) ) ;
#4903 = CARTESIAN_POINT ( 'NONE',  ( 29.75000000000000711, 3.000000000000000444, 19.02359877559830181 ) ) ;
#4904 = CARTESIAN_POINT ( 'NONE',  ( -17.24999999999999645, 6.250000000000000000, -17.74999999999999645 ) ) ;
#4905 = ORIENTED_EDGE ( 'NONE', *, *, #3158, .F. ) ;
#4906 = EDGE_CURVE ( 'NONE', #156, #3163, #2949, .T. ) ;
#4907 = DIRECTION ( 'NONE',  ( 0.000000000000000000, -1.000000000000000000, 0.000000000000000000 ) ) ;
#4908 = CARTESIAN_POINT ( 'NONE',  ( 1.456475753048984023, 8.275210389775267572, 22.45000000000000284 ) ) ;
#4909 = CARTESIAN_POINT ( 'NONE',  ( 29.24514556825975475, 0.000000000000000000, -20.51447588564994717 ) ) ;
#4910 = CARTESIAN_POINT ( 'NONE',  ( 1.140106852107877877, 5.615292931101969032, -21.25000000000000355 ) ) ;
#4911 = VERTEX_POINT ( 'NONE', #1625 ) ;
#4912 = EDGE_CURVE ( 'NONE', #2868, #4520, #1050, .T. ) ;
#4913 = CARTESIAN_POINT ( 'NONE',  ( 2.369999999999994333, 6.380000000000024762, -22.45000000000000284 ) ) ;
#4914 = CARTESIAN_POINT ( 'NONE',  ( -1.456475726340540344, 8.275210416483703924, 22.45000000000000284 ) ) ;
#4915 = CARTESIAN_POINT ( 'NONE',  ( -2.369999999999989893, 5.920000000000007923, 22.50000000000000355 ) ) ;
#4916 = EDGE_CURVE ( 'NONE', #1620, #2900, #2444, .T. ) ;
#4917 = CARTESIAN_POINT ( 'NONE',  ( -26.67182009024671174, 0.000000000000000000, 19.69950025331259269 ) ) ;
#4918 = CARTESIAN_POINT ( 'NONE',  ( -4.519999999999994245, 10.05000000000000959, 18.85309986098562263 ) ) ;
#4919 = VERTEX_POINT ( 'NONE', #1924 ) ;
#4920 = DIRECTION ( 'NONE',  ( 1.000000000000000000, 0.000000000000000000, 0.000000000000000000 ) ) ;
#4921 = CARTESIAN_POINT ( 'NONE',  ( -2.369999999999989448, 6.380000000000024762, 22.45000000000000284 ) ) ;
#4922 = ORIENTED_EDGE ( 'NONE', *, *, #3123, .T. ) ;
#4923 = ORIENTED_EDGE ( 'NONE', *, *, #76, .T. ) ;
#4924 = CARTESIAN_POINT ( 'NONE',  ( -2.070873754854083870, 4.726423051417233623, 22.45000000000000284 ) ) ;
#4925 = DIRECTION ( 'NONE',  ( 1.000000000000000000, -0.000000000000000000, -0.000000000000000000 ) ) ;
#4926 = CARTESIAN_POINT ( 'NONE',  ( 21.99999999999999289, 3.703536140306538993, -18.70304381530490545 ) ) ;
#4927 = VERTEX_POINT ( 'NONE', #4377 ) ;
#4928 = DIRECTION ( 'NONE',  ( 0.000000000000000000, 0.000000000000000000, -1.000000000000000000 ) ) ;
#4929 = EDGE_CURVE ( 'NONE', #5022, #4352, #474, .T. ) ;
#4930 = VERTEX_POINT ( 'NONE', #125 ) ;
#4931 = CARTESIAN_POINT ( 'NONE',  ( -2.308315229249366940, 7.000342520827838477, 22.45000000000000284 ) ) ;
#4932 = CARTESIAN_POINT ( 'NONE',  ( 27.21095900943647194, 0.000000000000000000, -18.89262183997645650 ) ) ;
#4933 = PLANE ( 'NONE',  #1827 ) ;
#4934 = ORIENTED_EDGE ( 'NONE', *, *, #298, .T. ) ;
#4935 = B_SPLINE_CURVE_WITH_KNOTS ( 'NONE', 3,
 ( #4122, #2162, #3736, #1783, #3351, #4914, #1399, #2967, #4530, #3476, #4583, #1528, #1072, #4275, #1478, #5016, #3890, #3818 ),
 .UNSPECIFIED., .F., .F.,
 ( 4, 2, 2, 2, 2, 2, 2, 2, 4 ),
 ( 0.000000000000000000, 0.1250000000000000000, 0.2500000000000000000, 0.3750000000000000000, 0.5000000000000000000, 0.6250000000000000000, 0.7500000000000000000, 0.8750000000000000000, 1.000000000000000000 ),
 .UNSPECIFIED. ) ;
#4936 = CARTESIAN_POINT ( 'NONE',  ( -17.91666666666665719, 17.00000000000000711, 18.41666666666666430 ) ) ;
#4937 = EDGE_CURVE ( 'NONE', #1633, #2739, #1693, .T. ) ;
#4938 = CARTESIAN_POINT ( 'NONE',  ( 25.75000000000001066, 4.000000000000000000, 22.49999999999999645 ) ) ;
#4939 = LINE ( 'NONE', #4098, #853 ) ;
#4940 = ORIENTED_EDGE ( 'NONE', *, *, #3614, .T. ) ;
#4941 = COLOUR_RGB ( '',0.7921568627450980005, 0.8196078431372548767, 0.9333333333333333481 ) ;
#4942 = EDGE_CURVE ( 'NONE', #1037, #4570, #4350, .T. ) ;
#4943 = VECTOR ( 'NONE', #118, 1000.000000000000000 ) ;
#4944 = DIRECTION ( 'NONE',  ( 0.000000000000000000, 0.000000000000000000, -1.000000000000000000 ) ) ;
#4945 = DIRECTION ( 'NONE',  ( 0.000000000000000000, -1.000000000000000000, -6.195440985631452852E-17 ) ) ;
#4946 = VERTEX_POINT ( 'NONE', #358 ) ;
#4947 = CIRCLE ( 'NONE', #1175, 3.249999999999999556 ) ;
#4948 = ORIENTED_EDGE ( 'NONE', *, *, #3788, .F. ) ;
#4949 = AXIS2_PLACEMENT_3D ( 'NONE', #4276, #3503, #2310 ) ;
#4950 = CARTESIAN_POINT ( 'NONE',  ( -1.895210389775172199, 4.463524246950958840, 22.45000000000000284 ) ) ;
#4951 = LINE ( 'NONE', #214, #4479 ) ;
#4952 = PLANE ( 'NONE',  #3087 ) ;
#4953 = CARTESIAN_POINT ( 'NONE',  ( -19.81348418192123262, 2.857629303562102763, -20.19999999999999929 ) ) ;
#4954 = AXIS2_PLACEMENT_3D ( 'NONE', #4258, #1887, #2312 ) ;
#4955 = CARTESIAN_POINT ( 'NONE',  ( 25.75000000000001421, 0.000000000000000000, -20.00000000000000355 ) ) ;
#4956 = ORIENTED_EDGE ( 'NONE', *, *, #1426, .T. ) ;
#4957 = CARTESIAN_POINT ( 'NONE',  ( -4.519999999999996021, 81.73647591023825498, -20.99999999999998934 ) ) ;
#4958 = DIRECTION ( 'NONE',  ( 1.000000000000000000, 0.000000000000000000, -0.000000000000000000 ) ) ;
#4959 = DIRECTION ( 'NONE',  ( 0.000000000000000000, 0.000000000000000000, 1.000000000000000000 ) ) ;
#4960 = VERTEX_POINT ( 'NONE', #3489 ) ;
#4961 = CARTESIAN_POINT ( 'NONE',  ( -19.81348418192123262, 1.625000000000001332, -20.66875000000000639 ) ) ;
#4962 = CARTESIAN_POINT ( 'NONE',  ( -25.75000000000001066, 1.000000000000000000, 18.49999999999999645 ) ) ;
#4963 = DIRECTION ( 'NONE',  ( -0.000000000000000000, -1.000000000000000000, -0.000000000000000000 ) ) ;
#4964 = VECTOR ( 'NONE', #4364, 1000.000000000000000 ) ;
#4965 = CARTESIAN_POINT ( 'NONE',  ( -2.900000000000001688, 14.25000000000000888, -22.50000000000000355 ) ) ;
#4966 = VECTOR ( 'NONE', #4244, 1000.000000000000000 ) ;
#4967 = ADVANCED_FACE ( 'NONE', ( #1679 ), #3247, .F. ) ;
#4968 = ORIENTED_EDGE ( 'NONE', *, *, #4232, .F. ) ;
#4969 = CARTESIAN_POINT ( 'NONE',  ( 21.16666666666666430, 17.00000000000001066, -18.41666666666666430 ) ) ;
#4970 = LINE ( 'NONE', #2734, #2241 ) ;
#4971 = CIRCLE ( 'NONE', #4075, 1.850000000000004086 ) ;
#4972 = AXIS2_PLACEMENT_3D ( 'NONE', #4758, #1649, #2813 ) ;
#4973 = DIRECTION ( 'NONE',  ( 0.000000000000000000, 1.000000000000000000, 6.123233995736766036E-17 ) ) ;
#4974 = ORIENTED_EDGE ( 'NONE', *, *, #4187, .F. ) ;
#4975 = AXIS2_PLACEMENT_3D ( 'NONE', #3820, #4256, #736 ) ;
#4976 = ORIENTED_EDGE ( 'NONE', *, *, #4877, .F. ) ;
#4977 = ORIENTED_EDGE ( 'NONE', *, *, #985, .F. ) ;
#4978 = EDGE_CURVE ( 'NONE', #1228, #2796, #2387, .T. ) ;
#4979 = CARTESIAN_POINT ( 'NONE',  ( 2.770070464751050862E-15, 6.380000000000024762, -21.25000000000000000 ) ) ;
#4980 = CARTESIAN_POINT ( 'NONE',  ( 25.75000000000000711, 3.000000000000000000, 22.49999999999999645 ) ) ;
#4982 = EDGE_CURVE ( 'NONE', #4667, #3003, #4838, .T. ) ;
#4981 = DIRECTION ( 'NONE',  ( 1.000000000000000000, 0.000000000000000000, -0.000000000000000000 ) ) ;
#4983 = ORIENTED_EDGE ( 'NONE', *, *, #1531, .F. ) ;
#4984 = FACE_OUTER_BOUND ( 'NONE', #2568, .T. ) ;
#4985 = ORIENTED_EDGE ( 'NONE', *, *, #3910, .F. ) ;
#4986 = CARTESIAN_POINT ( 'NONE',  ( -28.94866734216745030, 3.000000000000000000, -20.95818690732494005 ) ) ;
#4987 = CARTESIAN_POINT ( 'NONE',  ( -1.169999999975778637, 6.534962144603146506, -21.24999999999999645 ) ) ;
#4988 = CARTESIAN_POINT ( 'NONE',  ( -1.169999999975720240, 5.764659212739795535, -21.25000000000000000 ) ) ;
#4989 = ORIENTED_EDGE ( 'NONE', *, *, #672, .F. ) ;
#4990 = CARTESIAN_POINT ( 'NONE',  ( -2.369999999999989893, 5.920000000000007923, 22.45000000000000284 ) ) ;
#4991 = CARTESIAN_POINT ( 'NONE',  ( 0.3062450419276430136, 4.780451975433914313, -21.25000000000000000 ) ) ;
#4992 = DIRECTION ( 'NONE',  ( 0.000000000000000000, 0.000000000000000000, 1.000000000000000000 ) ) ;
#4993 = ORIENTED_EDGE ( 'NONE', *, *, #370, .F. ) ;
#4994 = CARTESIAN_POINT ( 'NONE',  ( 2.369999999999993445, 5.920000000000008811, 22.49999999999999645 ) ) ;
#4995 = VERTEX_POINT ( 'NONE', #3326 ) ;
#4996 = ADVANCED_FACE ( 'NONE', ( #3353 ), #2412, .T. ) ;
#4997 = CARTESIAN_POINT ( 'NONE',  ( 22.00000000000000355, 1.000000000000000000, 17.75000000000000000 ) ) ;
#4998 = LINE ( 'NONE', #4645, #2508 ) ;
#4999 = EDGE_LOOP ( 'NONE', ( #2278, #790, #2711, #3156 ) ) ;
#5000 = AXIS2_PLACEMENT_3D ( 'NONE', #2896, #4460, #947 ) ;
#5001 = VERTEX_POINT ( 'NONE', #3374 ) ;
#5002 = ORIENTED_EDGE ( 'NONE', *, *, #3099, .F. ) ;
#5003 = ADVANCED_FACE ( 'NONE', ( #4894 ), #1023, .F. ) ;
#5004 = FACE_OUTER_BOUND ( 'NONE', #3902, .T. ) ;
#5005 = CARTESIAN_POINT ( 'NONE',  ( -22.00000000000000355, 0.000000000000000000, -17.75000000000000355 ) ) ;
#5006 = DIRECTION ( 'NONE',  ( 1.000000000000000000, 0.000000000000000000, -0.000000000000000000 ) ) ;
#5007 = CYLINDRICAL_SURFACE ( 'NONE', #4111, 1.318749999999996980 ) ;
#5008 = EDGE_CURVE ( 'NONE', #478, #4667, #4585, .T. ) ;
#5009 = CARTESIAN_POINT ( 'NONE',  ( 4.519999999999994245, 0.000000000000000000, -19.35000000000000853 ) ) ;
#5010 = ADVANCED_FACE ( 'NONE', ( #972 ), #3020, .F. ) ;
#5011 = VERTEX_POINT ( 'NONE', #658 ) ;
#5012 = CARTESIAN_POINT ( 'NONE',  ( -25.75000000000001066, 0.000000000000000000, -22.50000000000000355 ) ) ;
#5013 = CARTESIAN_POINT ( 'NONE',  ( -25.75000000000001066, 4.000000000000000000, 18.49999999999999645 ) ) ;
#5014 = CARTESIAN_POINT ( 'NONE',  ( 1.169999999999994600, 6.073333333333347461, -21.25000000000000000 ) ) ;
#5015 = DIRECTION ( 'NONE',  ( -0.000000000000000000, -1.000000000000000000, -0.000000000000000000 ) ) ;
#5016 = CARTESIAN_POINT ( 'NONE',  ( 2.308315243703903619, 7.000342485931517089, 22.45000000000000284 ) ) ;
#5017 = PLANE ( 'NONE',  #525 ) ;
#5018 = VECTOR ( 'NONE', #26, 1000.000000000000000 ) ;
#5019 = DIRECTION ( 'NONE',  ( 0.000000000000000000, -1.000000000000000000, 0.000000000000000000 ) ) ;
#5020 = DIRECTION ( 'NONE',  ( 0.000000000000000000, 0.000000000000000000, 1.000000000000000000 ) ) ;
#5021 = PLANE ( 'NONE',  #2597 ) ;
#5022 = VERTEX_POINT ( 'NONE', #2215 ) ;
#5023 = VECTOR ( 'NONE', #4481, 1000.000000000000000 ) ;
#5024 = ORIENTED_EDGE ( 'NONE', *, *, #1635, .T. ) ;
#5025 = EDGE_LOOP ( 'NONE', ( #2713, #870, #2694, #3717 ) ) ;
#5026 = CARTESIAN_POINT ( 'NONE',  ( 1.456475753049001565, 4.024789610224732250, 21.25000000000000000 ) ) ;
#5027 = LINE ( 'NONE', #1491, #1733 ) ;
#5028 = CARTESIAN_POINT ( 'NONE',  ( 22.00000000000000355, 3.000000000000000000, 17.75000000000000000 ) ) ;
#5029 = AXIS2_PLACEMENT_3D ( 'NONE', #4339, #3111, #4316 ) ;
#5030 = EDGE_CURVE ( 'NONE', #2807, #2752, #1380, .T. ) ;
#5031 = CARTESIAN_POINT ( 'NONE',  ( -22.00000000000000355, 1.000000000000000000, -19.25000000000000355 ) ) ;
#5032 = VECTOR ( 'NONE', #3391, 1000.000000000000000 ) ;
#5033 = ORIENTED_EDGE ( 'NONE', *, *, #1085, .T. ) ;
#5034 = AXIS2_PLACEMENT_3D ( 'NONE', #1695, #218, #1747 ) ;
#5035 = CARTESIAN_POINT ( 'NONE',  ( 27.25000000000001776, 0.000000000000000000, -18.69910585300619488 ) ) ;
#5036 = CARTESIAN_POINT ( 'NONE',  ( 0.3047624453670703670, 7.520240384949838486, 21.25000000000000355 ) ) ;
#5037 = VECTOR ( 'NONE', #555, 1000.000000000000000 ) ;
#5038 = ADVANCED_FACE ( 'NONE', ( #3685 ), #2500, .F. ) ;
#5039 = CARTESIAN_POINT ( 'NONE',  ( 18.75000000000000000, 18.80000000000001137, 22.49999999999999645 ) ) ;
#5040 = AXIS2_PLACEMENT_3D ( 'NONE', #2916, #2548, #3735 ) ;
#5041 = EDGE_CURVE ( 'NONE', #269, #3699, #3765, .T. ) ;
#5042 = CARTESIAN_POINT ( 'NONE',  ( -17.24999999999999289, 17.00000000000000711, -20.99999999999999645 ) ) ;
#5043 =( NAMED_UNIT ( * ) SI_UNIT ( $, .STERADIAN. ) SOLID_ANGLE_UNIT ( ) );
#5044 = FACE_OUTER_BOUND ( 'NONE', #2589, .T. ) ;
#5045 = AXIS2_PLACEMENT_3D ( 'NONE', #1707, #2501, #4076 ) ;
#5046 = DIRECTION ( 'NONE',  ( 0.000000000000000000, 0.000000000000000000, 1.000000000000000000 ) ) ;
#5047 = LINE ( 'NONE', #1129, #379 ) ;
#5048 = ORIENTED_EDGE ( 'NONE', *, *, #1738, .T. ) ;
#5049 = ORIENTED_EDGE ( 'NONE', *, *, #3184, .F. ) ;
#5050 = VERTEX_POINT ( 'NONE', #253 ) ;
#5051 = AXIS2_PLACEMENT_3D ( 'NONE', #3102, #4973, #3406 ) ;
#5052 = DIRECTION ( 'NONE',  ( -1.000000000000000000, 0.000000000000000000, 1.639108796198558178E-16 ) ) ;
#5053 = CARTESIAN_POINT ( 'NONE',  ( 2.369999999999994333, 6.380000000000024762, 21.25000000000000000 ) ) ;
#5054 = LINE ( 'NONE', #2717, #4394 ) ;
#5055 = DIRECTION ( 'NONE',  ( 0.000000000000000000, -1.000000000000000000, 0.000000000000000000 ) ) ;
#5056 = VECTOR ( 'NONE', #1466, 1000.000000000000000 ) ;
#5057 = CARTESIAN_POINT ( 'NONE',  ( -0.6203424859314896622, 3.611684756296107413, -22.45000000000000284 ) ) ;
#5058 = CARTESIAN_POINT ( 'NONE',  ( 26.95110128955696993, -0.000000000000000000, -19.42032366553138445 ) ) ;
#5059 = EDGE_CURVE ( 'NONE', #2017, #808, #1533, .T. ) ;
#5060 = CARTESIAN_POINT ( 'NONE',  ( -0.1547873186810468371, 7.550072292447106648, 21.24999999999999645 ) ) ;
#5061 = DIRECTION ( 'NONE',  ( -0.000000000000000000, 1.000000000000000000, -0.000000000000000000 ) ) ;
#5062 = CARTESIAN_POINT ( 'NONE',  ( -1.169999999999989271, 5.920000000000009699, -21.25000000000000000 ) ) ;
#5063 = EDGE_CURVE ( 'NONE', #3512, #4849, #2688, .T. ) ;
#5064 = CARTESIAN_POINT ( 'NONE',  ( -4.519999999999996021, 0.7639320224988279673, -21.66666666666667496 ) ) ;
#5065 = ORIENTED_EDGE ( 'NONE', *, *, #4347, .F. ) ;
#5066 = EDGE_CURVE ( 'NONE', #4522, #2222, #2746, .T. ) ;
#5067 = EDGE_CURVE ( 'NONE', #2989, #3575, #3171, .T. ) ;
#5068 = CARTESIAN_POINT ( 'NONE',  ( -1.456475726340541010, 8.275210416483707476, -22.45000000000000639 ) ) ;
#5069 = DIRECTION ( 'NONE',  ( 0.000000000000000000, -1.000000000000000000, -6.122553444624023009E-17 ) ) ;
#5070 = CARTESIAN_POINT ( 'NONE',  ( -23.49999999999999645, 3.000000000000000000, 19.25000000000000000 ) ) ;
#5071 = ORIENTED_EDGE ( 'NONE', *, *, #3252, .F. ) ;
#5072 = EDGE_LOOP ( 'NONE', ( #3796, #165, #2591, #4281, #3347, #477, #3420, #4692 ) ) ;
#5073 = ORIENTED_EDGE ( 'NONE', *, *, #449, .F. ) ;
ENDSEC;
END-ISO-10303-21;
