ISO-10303-21;
HEADER;
FILE_DESCRIPTION (( 'STEP AP214' ),
    '1' );
FILE_NAME ('Top Cover.STEP',
    '2025-04-22T17:41:22',
    ( '' ),
    ( '' ),
    'SwSTEP 2.0',
    'SolidWorks 2023',
    '' );
FILE_SCHEMA (( 'AUTOMOTIVE_DESIGN' ));
ENDSEC;

DATA;
#1 = FACE_OUTER_BOUND ( 'NONE', #596, .T. ) ;
#2 = ORIENTED_EDGE ( 'NONE', *, *, #66, .F. ) ;
#3 = CARTESIAN_POINT ( 'NONE',  ( -11.22499999999999964, -20.19999999999999574, -9.049999999999995381 ) ) ;
#4 = DIRECTION ( 'NONE',  ( 1.000000000000000000, 1.020425574104002027E-15, -0.000000000000000000 ) ) ;
#5 = DIRECTION ( 'NONE',  ( -0.8660254037844385966, 0.5000000000000003331, 0.000000000000000000 ) ) ;
#6 = ORIENTED_EDGE ( 'NONE', *, *, #1125, .F. ) ;
#7 = PLANE ( 'NONE',  #4516 ) ;
#8 = ORIENTED_EDGE ( 'NONE', *, *, #4000, .T. ) ;
#9 = EDGE_CURVE ( 'NONE', #3386, #2878, #613, .T. ) ;
#10 = PLANE ( 'NONE',  #2579 ) ;
#11 = ORIENTED_EDGE ( 'NONE', *, *, #2259, .F. ) ;
#12 = ORIENTED_EDGE ( 'NONE', *, *, #88, .T. ) ;
#13 = DIRECTION ( 'NONE',  ( 1.000000000000000000, 0.000000000000000000, -0.000000000000000000 ) ) ;
#14 = FACE_OUTER_BOUND ( 'NONE', #4034, .T. ) ;
#15 = ADVANCED_FACE ( 'NONE', ( #772 ), #422, .F. ) ;
#16 = AXIS2_PLACEMENT_3D ( 'NONE', #3961, #1885, #767 ) ;
#17 = DIRECTION ( 'NONE',  ( 1.000000000000000000, -3.243484218093128570E-16, 0.000000000000000000 ) ) ;
#18 = CARTESIAN_POINT ( 'NONE',  ( 8.843997974534145712, -9.487972156611116148, 0.000000000000000000 ) ) ;
#19 = DIRECTION ( 'NONE',  ( -0.000000000000000000, -0.000000000000000000, 1.000000000000000000 ) ) ;
#20 = VECTOR ( 'NONE', #3356, 1000.000000000000000 ) ;
#21 = EDGE_LOOP ( 'NONE', ( #3064, #2983, #118, #538 ) ) ;
#22 = CARTESIAN_POINT ( 'NONE',  ( 10.38666666666666316, 19.99999999999999645, -1.199999999999999956 ) ) ;
#23 = CYLINDRICAL_SURFACE ( 'NONE', #3330, 1.060308641975302280 ) ;
#24 = ORIENTED_EDGE ( 'NONE', *, *, #491, .F. ) ;
#25 = CARTESIAN_POINT ( 'NONE',  ( -15.59170824512633580, -20.66874999999999574, -17.17500000000000426 ) ) ;
#26 = VERTEX_POINT ( 'NONE', #3376 ) ;
#27 = CARTESIAN_POINT ( 'NONE',  ( -4.719999999999998863, -20.10452391881823075, -1.642266839404367795 ) ) ;
#28 = VERTEX_POINT ( 'NONE', #2326 ) ;
#29 = ORIENTED_EDGE ( 'NONE', *, *, #240, .F. ) ;
#30 = EDGE_CURVE ( 'NONE', #2577, #634, #2612, .T. ) ;
#31 = PLANE ( 'NONE',  #1397 ) ;
#32 = CARTESIAN_POINT ( 'NONE',  ( -13.38475652638007318, 11.71179331365875420, -0.5000000000000004441 ) ) ;
#33 = CARTESIAN_POINT ( 'NONE',  ( 6.920000000000000817, -20.17310513378244252, -2.697374847309974122 ) ) ;
#34 = EDGE_CURVE ( 'NONE', #3186, #289, #1979, .T. ) ;
#35 = CARTESIAN_POINT ( 'NONE',  ( -17.56666666666665577, -15.91666666666666252, -1.199999999999999956 ) ) ;
#36 = EDGE_CURVE ( 'NONE', #2076, #2057, #3405, .T. ) ;
#37 = ORIENTED_EDGE ( 'NONE', *, *, #2655, .F. ) ;
#38 = LINE ( 'NONE', #2167, #49 ) ;
#39 = EDGE_CURVE ( 'NONE', #2869, #2647, #137, .T. ) ;
#40 = AXIS2_PLACEMENT_3D ( 'NONE', #149, #1298, #1255 ) ;
#41 = CIRCLE ( 'NONE', #3929, 0.7017459490682563805 ) ;
#42 = ORIENTED_EDGE ( 'NONE', *, *, #271, .F. ) ;
#43 = VECTOR ( 'NONE', #2252, 1000.000000000000000 ) ;
#44 = CARTESIAN_POINT ( 'NONE',  ( -13.21999999999999886, 20.19999999999999574, -16.05000000000000426 ) ) ;
#45 = AXIS2_PLACEMENT_3D ( 'NONE', #2428, #2008, #1713 ) ;
#46 = FACE_OUTER_BOUND ( 'NONE', #918, .T. ) ;
#47 = ORIENTED_EDGE ( 'NONE', *, *, #1054, .T. ) ;
#48 = CARTESIAN_POINT ( 'NONE',  ( 20.06666666666665577, 12.25000000000000355, -41.50206437473708831 ) ) ;
#49 = VECTOR ( 'NONE', #3576, 1000.000000000000000 ) ;
#50 = ORIENTED_EDGE ( 'NONE', *, *, #2306, .F. ) ;
#51 = VECTOR ( 'NONE', #3949, 1000.000000000000000 ) ;
#52 = CARTESIAN_POINT ( 'NONE',  ( -15.25002883514971863, -2.400000000000009237, -1.800000000000000044 ) ) ;
#53 = CARTESIAN_POINT ( 'NONE',  ( -13.21999999999999709, 20.00000000000000000, -6.049999999999994493 ) ) ;
#54 = DIRECTION ( 'NONE',  ( 0.5993361687399259008, -0.8004974433689011626, 0.000000000000000000 ) ) ;
#55 = VECTOR ( 'NONE', #2553, 1000.000000000000000 ) ;
#56 = CARTESIAN_POINT ( 'NONE',  ( -12.21524347361992646, 12.28820668634124580, -10.78483074862842273 ) ) ;
#57 = ORIENTED_EDGE ( 'NONE', *, *, #9, .F. ) ;
#58 = CARTESIAN_POINT ( 'NONE',  ( -13.21999999999999886, 20.66874999999999574, -17.17500000000000426 ) ) ;
#59 = CARTESIAN_POINT ( 'NONE',  ( -20.06666666666665577, -18.41666666666666430, -1.800000000000000044 ) ) ;
#60 = EDGE_LOOP ( 'NONE', ( #3371, #2223, #3937, #3073, #2260, #1982, #1797, #1548 ) ) ;
#61 = EDGE_CURVE ( 'NONE', #3435, #1153, #4458, .T. ) ;
#62 = CARTESIAN_POINT ( 'NONE',  ( -6.920000000000001705, -18.06666666666666288, -1.199999999999999956 ) ) ;
#63 = ORIENTED_EDGE ( 'NONE', *, *, #1799, .T. ) ;
#64 = EDGE_CURVE ( 'NONE', #1695, #341, #4419, .T. ) ;
#65 = CARTESIAN_POINT ( 'NONE',  ( -13.53500000000000014, -20.19999999999999574, -9.049999999999995381 ) ) ;
#66 = EDGE_CURVE ( 'NONE', #2568, #992, #4101, .T. ) ;
#67 = CARTESIAN_POINT ( 'NONE',  ( -15.41666666666665897, 15.91666666666666252, -41.50206437473708831 ) ) ;
#68 = ORIENTED_EDGE ( 'NONE', *, *, #1790, .F. ) ;
#69 = DIRECTION ( 'NONE',  ( 0.000000000000000000, 0.000000000000000000, -1.000000000000000000 ) ) ;
#70 = EDGE_LOOP ( 'NONE', ( #2856, #1368, #344, #2301 ) ) ;
#71 = ORIENTED_EDGE ( 'NONE', *, *, #1291, .T. ) ;
#72 = DIRECTION ( 'NONE',  ( -2.492120401259631284E-16, 1.000000000000000000, 0.000000000000000000 ) ) ;
#73 = ORIENTED_EDGE ( 'NONE', *, *, #3428, .F. ) ;
#74 = CARTESIAN_POINT ( 'NONE',  ( -5.758948872912925232, 4.222033189064340775, -0.05000000000000000278 ) ) ;
#76 = CARTESIAN_POINT ( 'NONE',  ( -6.919999999999999041, -20.10051984729276953, -1.606434314145477105 ) ) ;
#75 = B_SPLINE_CURVE_WITH_KNOTS ( 'NONE', 3,
 ( #3370, #1997, #2670, #923 ),
 .UNSPECIFIED., .F., .F.,
 ( 4, 4 ),
 ( 0.000000000000000000, 1.000000000000000000 ),
 .UNSPECIFIED. ) ;
#77 = CARTESIAN_POINT ( 'NONE',  ( -3.873628607401183643, -5.248796881907741074, -0.05000000000000000278 ) ) ;
#78 = VERTEX_POINT ( 'NONE', #4082 ) ;
#79 = CARTESIAN_POINT ( 'NONE',  ( 20.06666666666665577, 18.41666666666666430, -1.800000000000000044 ) ) ;
#80 = CARTESIAN_POINT ( 'NONE',  ( -4.232501089925345461, 10.18971810567936487, 0.000000000000000000 ) ) ;
#81 = DIRECTION ( 'NONE',  ( 1.000000000000000000, 1.020425574104002027E-15, -0.000000000000000000 ) ) ;
#82 = CARTESIAN_POINT ( 'NONE',  ( -15.41666666666665897, 18.06666666666666288, -6.049999999999992717 ) ) ;
#83 = VECTOR ( 'NONE', #204, 1000.000000000000000 ) ;
#84 = CARTESIAN_POINT ( 'NONE',  ( -6.920000000000001705, -20.19999999999999929, -9.049999999999995381 ) ) ;
#85 = EDGE_CURVE ( 'NONE', #4041, #4548, #2696, .T. ) ;
#86 = EDGE_LOOP ( 'NONE', ( #1806, #2748, #287, #4626 ) ) ;
#87 = DIRECTION ( 'NONE',  ( -1.320855438561024143E-16, -1.000000000000000000, 0.000000000000000000 ) ) ;
#88 = EDGE_CURVE ( 'NONE', #966, #2534, #2966, .T. ) ;
#89 = CARTESIAN_POINT ( 'NONE',  ( 4.719999999999998863, -20.56666666666666288, -1.800000000000000044 ) ) ;
#90 = ORIENTED_EDGE ( 'NONE', *, *, #143, .T. ) ;
#91 = CARTESIAN_POINT ( 'NONE',  ( -2.899999999999983036, 20.56666666666665222, -4.550000000000010481 ) ) ;
#92 = ORIENTED_EDGE ( 'NONE', *, *, #1189, .F. ) ;
#93 = DIRECTION ( 'NONE',  ( 0.000000000000000000, 0.000000000000000000, 1.000000000000000000 ) ) ;
#94 = EDGE_CURVE ( 'NONE', #4242, #3834, #2938, .T. ) ;
#95 = PLANE ( 'NONE',  #1311 ) ;
#96 = CARTESIAN_POINT ( 'NONE',  ( -2.439184172310317589, -3.351423184354708873, -0.05000000000000000278 ) ) ;
#97 = LINE ( 'NONE', #4423, #2429 ) ;
#98 = ORIENTED_EDGE ( 'NONE', *, *, #1229, .T. ) ;
#99 = DIRECTION ( 'NONE',  ( 0.000000000000000000, -0.000000000000000000, -1.000000000000000000 ) ) ;
#100 = DIRECTION ( 'NONE',  ( 1.000000000000000000, 0.000000000000000000, -0.000000000000000000 ) ) ;
#101 = CARTESIAN_POINT ( 'NONE',  ( -15.41666666666665897, 18.06666666666666288, -1.199999999999999734 ) ) ;
#102 = VERTEX_POINT ( 'NONE', #527 ) ;
#103 = DIRECTION ( 'NONE',  ( 1.269309860470839063E-15, -1.000000000000000000, 0.000000000000000000 ) ) ;
#104 = PLANE ( 'NONE',  #108 ) ;
#105 = ORIENTED_EDGE ( 'NONE', *, *, #2740, .T. ) ;
#106 = ADVANCED_FACE ( 'NONE', ( #1178 ), #2591, .F. ) ;
#107 = FACE_OUTER_BOUND ( 'NONE', #1312, .T. ) ;
#108 = AXIS2_PLACEMENT_3D ( 'NONE', #1537, #2279, #2959 ) ;
#109 = AXIS2_PLACEMENT_3D ( 'NONE', #3343, #3734, #2332 ) ;
#110 = CARTESIAN_POINT ( 'NONE',  ( -5.453333333333333144, -20.19999999999999929, -4.200000000000000178 ) ) ;
#111 = CARTESIAN_POINT ( 'NONE',  ( -7.411666666666665293, 20.00000000000000355, -6.049999999999995381 ) ) ;
#112 = DIRECTION ( 'NONE',  ( 1.000000000000000000, 0.000000000000000000, 0.000000000000000000 ) ) ;
#113 = VECTOR ( 'NONE', #13, 1000.000000000000000 ) ;
#114 = ORIENTED_EDGE ( 'NONE', *, *, #1799, .F. ) ;
#115 = VECTOR ( 'NONE', #4047, 1000.000000000000000 ) ;
#116 = EDGE_CURVE ( 'NONE', #2466, #2370, #2263, .T. ) ;
#117 = CARTESIAN_POINT ( 'NONE',  ( 13.21999999999999886, 20.19999999999999574, -16.05000000000000426 ) ) ;
#118 = ORIENTED_EDGE ( 'NONE', *, *, #945, .T. ) ;
#119 = CARTESIAN_POINT ( 'NONE',  ( -3.873628607401181423, -7.146170579460782157, -0.05000000000000000278 ) ) ;
#120 = AXIS2_PLACEMENT_3D ( 'NONE', #3354, #2610, #860 ) ;
#121 = CARTESIAN_POINT ( 'NONE',  ( 17.91666666666666785, -20.56666666666665932, -6.049999999999992717 ) ) ;
#122 = VECTOR ( 'NONE', #399, 1000.000000000000000 ) ;
#123 = CARTESIAN_POINT ( 'NONE',  ( 4.943248910074700575, -2.065781894320751988, 0.000000000000000000 ) ) ;
#124 = ADVANCED_FACE ( 'NONE', ( #3664 ), #4397, .T. ) ;
#125 = CARTESIAN_POINT ( 'NONE',  ( -4.719999999999997975, 20.66874999999999574, -17.17500000000000426 ) ) ;
#126 = VECTOR ( 'NONE', #247, 1000.000000000000000 ) ;
#127 = VECTOR ( 'NONE', #1634, 1000.000000000000000 ) ;
#128 = CARTESIAN_POINT ( 'NONE',  ( 4.719999999999998863, -20.19999999999999929, 0.002000000000000048614 ) ) ;
#129 = CARTESIAN_POINT ( 'NONE',  ( -6.920000000000001705, -18.06666666666666288, -6.049999999999992717 ) ) ;
#130 = CARTESIAN_POINT ( 'NONE',  ( -4.719999999999997975, 20.11414987847892988, -6.584827785918800025 ) ) ;
#131 = LINE ( 'NONE', #2256, #786 ) ;
#132 = VECTOR ( 'NONE', #3670, 1000.000000000000000 ) ;
#133 = LINE ( 'NONE', #2982, #2880 ) ;
#134 = ORIENTED_EDGE ( 'NONE', *, *, #4033, .T. ) ;
#135 = CARTESIAN_POINT ( 'NONE',  ( 13.21999999999999886, 20.66874999999999574, -17.17500000000000426 ) ) ;
#136 = FACE_OUTER_BOUND ( 'NONE', #3586, .T. ) ;
#137 = LINE ( 'NONE', #4366, #2182 ) ;
#138 = CARTESIAN_POINT ( 'NONE',  ( 6.919999999999999041, -20.13942194730196888, -6.892743297701598770 ) ) ;
#139 = ORIENTED_EDGE ( 'NONE', *, *, #4517, .T. ) ;
#140 = DIRECTION ( 'NONE',  ( -0.000000000000000000, 0.000000000000000000, 1.000000000000000000 ) ) ;
#141 = LINE ( 'NONE', #807, #4070 ) ;
#142 = CARTESIAN_POINT ( 'NONE',  ( -15.82124819948378303, 6.938206686341246154, -1.199999999999999956 ) ) ;
#143 = EDGE_CURVE ( 'NONE', #488, #2885, #506, .T. ) ;
#144 = LINE ( 'NONE', #2637, #3707 ) ;
#145 = DIRECTION ( 'NONE',  ( 1.000000000000000000, 1.802310104910968147E-16, 3.154042683594196600E-16 ) ) ;
#146 = CARTESIAN_POINT ( 'NONE',  ( 25.03170824512632464, -20.66874999999999574, -17.17500000000000426 ) ) ;
#147 = EDGE_CURVE ( 'NONE', #2566, #442, #1725, .T. ) ;
#148 = DIRECTION ( 'NONE',  ( -0.000000000000000000, -0.000000000000000000, 1.000000000000000000 ) ) ;
#149 = CARTESIAN_POINT ( 'NONE',  ( -17.56666666666665577, 4.494999999999998330, -41.50206437473708831 ) ) ;
#150 = DIRECTION ( 'NONE',  ( -0.000000000000000000, -0.000000000000000000, 1.000000000000000000 ) ) ;
#151 = VECTOR ( 'NONE', #881, 1000.000000000000000 ) ;
#152 = DIRECTION ( 'NONE',  ( -1.269309860470838865E-15, -1.000000000000000000, 0.000000000000000000 ) ) ;
#153 = CARTESIAN_POINT ( 'NONE',  ( 17.91666666666666430, 18.41666666666666430, -1.800000000000000044 ) ) ;
#154 = CARTESIAN_POINT ( 'NONE',  ( -13.21999999999999886, -19.99999999999999645, -6.049999999999994493 ) ) ;
#155 = CARTESIAN_POINT ( 'NONE',  ( 6.919999999999999929, -20.16243789385025309, -7.296127641026978417 ) ) ;
#156 = ORIENTED_EDGE ( 'NONE', *, *, #601, .T. ) ;
#157 = CARTESIAN_POINT ( 'NONE',  ( 4.719999999999998863, -20.19999999999999929, -1.800000000000000044 ) ) ;
#158 = ORIENTED_EDGE ( 'NONE', *, *, #1007, .T. ) ;
#159 = ORIENTED_EDGE ( 'NONE', *, *, #3487, .T. ) ;
#160 = PLANE ( 'NONE',  #564 ) ;
#161 = LINE ( 'NONE', #494, #4437 ) ;
#162 = CARTESIAN_POINT ( 'NONE',  ( -17.91666666666665719, -20.56666666666666288, -41.50206437473708831 ) ) ;
#163 = LINE ( 'NONE', #3758, #3697 ) ;
#164 = ORIENTED_EDGE ( 'NONE', *, *, #3717, .T. ) ;
#165 = EDGE_CURVE ( 'NONE', #1410, #2391, #4154, .T. ) ;
#166 = FACE_OUTER_BOUND ( 'NONE', #4583, .T. ) ;
#167 = LINE ( 'NONE', #1950, #2246 ) ;
#168 = B_SPLINE_CURVE_WITH_KNOTS ( 'NONE', 3,
 ( #4353, #1509, #2514, #3942, #1096, #4002, #1802, #4336, #809, #33, #1432, #2228, #745, #449, #1465, #1078, #1819, #2143, #3651, #1450, #765, #4291, #1880, #2539, #1835, #2164, #1139, #3254 ),
 .UNSPECIFIED., .F., .F.,
 ( 4, 1, 1, 1, 1, 1, 2, 2, 1, 1, 1, 1, 2, 2, 1, 2, 2, 1, 1, 4 ),
 ( 0.000000000000000000, 0.2500000000000114353, 0.3750000000000173195, 0.4375000000000203726, 0.4687500000000218159, 0.4843750000000225930, 0.4921875000000227596, 0.5000000000000228706, 0.6250000000000234257, 0.6875000000000238698, 0.7187500000000238698, 0.7343750000000235367, 0.7421875000000230926, 0.7500000000000224265, 0.8125000000000158762, 0.8437500000000126565, 0.8515625000000119904, 0.8593750000000113243, 0.8750000000000097700, 1.000000000000000000 ),
 .UNSPECIFIED. ) ;
#169 = LINE ( 'NONE', #903, #1683 ) ;
#170 = ORIENTED_EDGE ( 'NONE', *, *, #30, .T. ) ;
#171 = EDGE_CURVE ( 'NONE', #3512, #1365, #2375, .T. ) ;
#172 = LINE ( 'NONE', #2671, #2426 ) ;
#173 = EDGE_CURVE ( 'NONE', #4299, #4307, #1304, .T. ) ;
#174 = CARTESIAN_POINT ( 'NONE',  ( -15.41666666666665897, 18.06666666666666288, -1.199999999999999956 ) ) ;
#175 = ADVANCED_FACE ( 'NONE', ( #1381 ), #580, .T. ) ;
#176 = EDGE_CURVE ( 'NONE', #3431, #223, #1334, .T. ) ;
#177 = VECTOR ( 'NONE', #3261, 1000.000000000000000 ) ;
#178 = APPLICATION_PROTOCOL_DEFINITION ( 'draft international standard', 'automotive_design', 1998, #4134 ) ;
#179 = CARTESIAN_POINT ( 'NONE',  ( 2.840710077089037888, -7.146170579460782157, 0.000000000000000000 ) ) ;
#180 = CARTESIAN_POINT ( 'NONE',  ( 4.719999999999987317, -19.79095546287935292, -18.02047519957782029 ) ) ;
#181 = ORIENTED_EDGE ( 'NONE', *, *, #2606, .T. ) ;
#182 = COLOUR_RGB ( '',0.7921568627450980005, 0.8196078431372548767, 0.9333333333333333481 ) ;
#183 = FACE_OUTER_BOUND ( 'NONE', #2358, .T. ) ;
#184 = ORIENTED_EDGE ( 'NONE', *, *, #3090, .T. ) ;
#185 = DIRECTION ( 'NONE',  ( -1.000000000000000000, 0.000000000000000000, 0.000000000000000000 ) ) ;
#186 = VECTOR ( 'NONE', #2997, 1000.000000000000114 ) ;
#187 = CARTESIAN_POINT ( 'NONE',  ( 20.06666666666666288, 17.25000000000000355, -1.800000000000000044 ) ) ;
#188 = CARTESIAN_POINT ( 'NONE',  ( 20.06666666666666288, 18.41666666666666430, -1.800000000000000044 ) ) ;
#189 = VECTOR ( 'NONE', #3346, 1000.000000000000000 ) ;
#190 = CARTESIAN_POINT ( 'NONE',  ( 8.142252025465888110, -9.487972156611116148, 0.000000000000000000 ) ) ;
#191 = ORIENTED_EDGE ( 'NONE', *, *, #3657, .T. ) ;
#192 = AXIS2_PLACEMENT_3D ( 'NONE', #3998, #3363, #2226 ) ;
#193 = VECTOR ( 'NONE', #2757, 1000.000000000000000 ) ;
#194 = CARTESIAN_POINT ( 'NONE',  ( 4.719999999999999751, -20.13942194730199375, -2.042743297701642202 ) ) ;
#195 = CARTESIAN_POINT ( 'NONE',  ( -4.599999999999994316, 10.96445338013734094, -4.549999999999998934 ) ) ;
#196 = VECTOR ( 'NONE', #1060, 1000.000000000000000 ) ;
#197 = VECTOR ( 'NONE', #2367, 1000.000000000000000 ) ;
#198 = DIRECTION ( 'NONE',  ( 0.000000000000000000, 1.000000000000000000, 0.000000000000000000 ) ) ;
#199 = LINE ( 'NONE', #4032, #3173 ) ;
#200 = EDGE_CURVE ( 'NONE', #2905, #1266, #3780, .T. ) ;
#201 = VECTOR ( 'NONE', #1269, 1000.000000000000000 ) ;
#202 = CARTESIAN_POINT ( 'NONE',  ( 21.06666666666666288, 18.41666666666666430, 0.000000000000000000 ) ) ;
#203 = VECTOR ( 'NONE', #1313, 1000.000000000000000 ) ;
#204 = DIRECTION ( 'NONE',  ( -1.000000000000000000, 0.000000000000000000, 0.000000000000000000 ) ) ;
#205 = ADVANCED_FACE ( 'NONE', ( #2102 ), #3429, .F. ) ;
#206 = CARTESIAN_POINT ( 'NONE',  ( 6.919999999999999929, -20.00000000000000000, -6.049999999999992717 ) ) ;
#207 = ORIENTED_EDGE ( 'NONE', *, *, #3603, .T. ) ;
#208 = CARTESIAN_POINT ( 'NONE',  ( 8.699915402087103899, -9.061992185944493627, -0.05000000000000000278 ) ) ;
#209 = ORIENTED_EDGE ( 'NONE', *, *, #705, .T. ) ;
#210 = ORIENTED_EDGE ( 'NONE', *, *, #3502, .T. ) ;
#211 = CARTESIAN_POINT ( 'NONE',  ( -20.06666666666665577, -18.41666666666666430, -41.50206437473708831 ) ) ;
#212 = LINE ( 'NONE', #3039, #414 ) ;
#213 = CARTESIAN_POINT ( 'NONE',  ( -15.41666666666665897, 18.06666666666666288, -41.50206437473708831 ) ) ;
#214 = ORIENTED_EDGE ( 'NONE', *, *, #2530, .T. ) ;
#215 = CARTESIAN_POINT ( 'NONE',  ( -4.719999999999998863, -20.17310573842154753, -2.697386308951537082 ) ) ;
#216 = ORIENTED_EDGE ( 'NONE', *, *, #1842, .T. ) ;
#217 = DIRECTION ( 'NONE',  ( -0.000000000000000000, 1.000000000000000000, -6.195440985631452852E-17 ) ) ;
#218 = CARTESIAN_POINT ( 'NONE',  ( 13.22000000000000064, -20.12565451204273970, -6.713567653500578380 ) ) ;
#219 = LINE ( 'NONE', #3394, #2345 ) ;
#220 = ORIENTED_EDGE ( 'NONE', *, *, #729, .F. ) ;
#221 = FACE_OUTER_BOUND ( 'NONE', #4542, .T. ) ;
#222 = B_SPLINE_CURVE_WITH_KNOTS ( 'NONE', 3,
 ( #536, #3385, #4470, #3516 ),
 .UNSPECIFIED., .F., .F.,
 ( 4, 4 ),
 ( 0.000000000000000000, 1.000000000000000000 ),
 .UNSPECIFIED. ) ;
#223 = VERTEX_POINT ( 'NONE', #3150 ) ;
#224 = DIRECTION ( 'NONE',  ( -1.526172063499548279E-16, 1.000000000000000000, 0.000000000000000000 ) ) ;
#225 = EDGE_CURVE ( 'NONE', #1923, #1264, #1658, .T. ) ;
#226 = LINE ( 'NONE', #905, #2519 ) ;
#227 = CARTESIAN_POINT ( 'NONE',  ( -13.21999999999999886, -20.17030480774295143, -7.476782287711618125 ) ) ;
#228 = DIRECTION ( 'NONE',  ( 1.423362852083536858E-15, -1.000000000000000000, 0.000000000000000000 ) ) ;
#229 = VERTEX_POINT ( 'NONE', #3101 ) ;
#230 = DIRECTION ( 'NONE',  ( -0.000000000000000000, -0.000000000000000000, -1.000000000000000000 ) ) ;
#231 = EDGE_CURVE ( 'NONE', #26, #2091, #3075, .T. ) ;
#232 = ORIENTED_EDGE ( 'NONE', *, *, #3562, .T. ) ;
#233 = DIRECTION ( 'NONE',  ( -0.000000000000000000, -0.000000000000000000, -1.000000000000000000 ) ) ;
#234 = VERTEX_POINT ( 'NONE', #4501 ) ;
#235 = EDGE_CURVE ( 'NONE', #4428, #229, #2933, .T. ) ;
#236 = CARTESIAN_POINT ( 'NONE',  ( -4.719999999999997975, -20.19999999999999574, -16.05000000000000426 ) ) ;
#237 = VERTEX_POINT ( 'NONE', #2910 ) ;
#238 = CARTESIAN_POINT ( 'NONE',  ( -4.719999999999999751, -20.18666278350513110, -3.105150149082973599 ) ) ;
#239 = ORIENTED_EDGE ( 'NONE', *, *, #2686, .F. ) ;
#240 = EDGE_CURVE ( 'NONE', #341, #2786, #4050, .T. ) ;
#241 = FACE_OUTER_BOUND ( 'NONE', #2962, .T. ) ;
#242 = CARTESIAN_POINT ( 'NONE',  ( 13.22000000000000242, -20.16719608564329391, -7.395411147780325933 ) ) ;
#243 = FACE_OUTER_BOUND ( 'NONE', #4211, .T. ) ;
#244 = ORIENTED_EDGE ( 'NONE', *, *, #3872, .T. ) ;
#245 = FACE_OUTER_BOUND ( 'NONE', #3797, .T. ) ;
#246 = ORIENTED_EDGE ( 'NONE', *, *, #3347, .F. ) ;
#247 = DIRECTION ( 'NONE',  ( -1.000000000000000000, -0.000000000000000000, -0.000000000000000000 ) ) ;
#248 = PLANE ( 'NONE',  #1983 ) ;
#249 = CARTESIAN_POINT ( 'NONE',  ( 0.000000000000000000, 0.000000000000000000, 0.000000000000000000 ) ) ;
#250 = DIRECTION ( 'NONE',  ( 0.000000000000000000, -0.1397268238372009475, 0.9901900901848935677 ) ) ;
#251 = LINE ( 'NONE', #2454, #2506 ) ;
#252 = ORIENTED_EDGE ( 'NONE', *, *, #269, .T. ) ;
#253 = EDGE_CURVE ( 'NONE', #4041, #3548, #1207, .T. ) ;
#254 = LINE ( 'NONE', #1684, #193 ) ;
#255 = DIRECTION ( 'NONE',  ( 0.000000000000000000, 0.000000000000000000, -1.000000000000000000 ) ) ;
#256 = VERTEX_POINT ( 'NONE', #411 ) ;
#257 = LINE ( 'NONE', #3082, #3041 ) ;
#258 = AXIS2_PLACEMENT_3D ( 'NONE', #2958, #1453, #2298 ) ;
#259 = ORIENTED_EDGE ( 'NONE', *, *, #4525, .T. ) ;
#260 = EDGE_CURVE ( 'NONE', #1277, #3186, #2955, .T. ) ;
#261 = ORIENTED_EDGE ( 'NONE', *, *, #3347, .T. ) ;
#262 = CARTESIAN_POINT ( 'NONE',  ( -4.719999999999998863, -20.13311550684676376, -1.960981134832077366 ) ) ;
#263 = ORIENTED_EDGE ( 'NONE', *, *, #3203, .T. ) ;
#264 = VERTEX_POINT ( 'NONE', #4382 ) ;
#265 = VECTOR ( 'NONE', #1675, 1000.000000000000000 ) ;
#266 = CARTESIAN_POINT ( 'NONE',  ( 13.21999999999999886, 20.13056421420422382, -1.927440005114910537 ) ) ;
#267 = CIRCLE ( 'NONE', #1978, 0.7017459490682563805 ) ;
#268 = PLANE ( 'NONE',  #3964 ) ;
#269 = EDGE_CURVE ( 'NONE', #4503, #4084, #2690, .T. ) ;
#270 = DIRECTION ( 'NONE',  ( -0.5000000000000002220, 0.8660254037844384856, 0.000000000000000000 ) ) ;
#271 = EDGE_CURVE ( 'NONE', #2204, #2901, #815, .T. ) ;
#272 = ORIENTED_EDGE ( 'NONE', *, *, #260, .T. ) ;
#273 = VECTOR ( 'NONE', #739, 1000.000000000000000 ) ;
#274 = CARTESIAN_POINT ( 'NONE',  ( -4.599999999999996092, 20.56666666666665222, -4.549999999999998934 ) ) ;
#275 = VECTOR ( 'NONE', #3505, 1000.000000000000000 ) ;
#276 = EDGE_LOOP ( 'NONE', ( #3143, #2039, #3010, #4544 ) ) ;
#277 = CARTESIAN_POINT ( 'NONE',  ( 17.91666666666666430, 21.56666666666665932, 0.000000000000000000 ) ) ;
#278 = LINE ( 'NONE', #3798, #3851 ) ;
#279 = AXIS2_PLACEMENT_3D ( 'NONE', #2023, #2830, #2048 ) ;
#280 = PLANE ( 'NONE',  #1627 ) ;
#281 = CARTESIAN_POINT ( 'NONE',  ( -17.91666666666666430, 18.41666666666665719, -1.199999999999999956 ) ) ;
#282 = CARTESIAN_POINT ( 'NONE',  ( -6.920000000000001705, -20.13171815875898574, -6.792456542485399318 ) ) ;
#283 = ORIENTED_EDGE ( 'NONE', *, *, #1046, .F. ) ;
#284 = CARTESIAN_POINT ( 'NONE',  ( 8.699915402087103899, -9.061992185944493627, 0.000000000000000000 ) ) ;
#285 = LINE ( 'NONE', #310, #2197 ) ;
#286 = CARTESIAN_POINT ( 'NONE',  ( 4.719999999999997087, 21.56666666666665577, -10.80000000000000426 ) ) ;
#287 = ORIENTED_EDGE ( 'NONE', *, *, #806, .F. ) ;
#288 = DIRECTION ( 'NONE',  ( -0.000000000000000000, -0.000000000000000000, -1.000000000000000000 ) ) ;
#289 = VERTEX_POINT ( 'NONE', #853 ) ;
#290 = ORIENTED_EDGE ( 'NONE', *, *, #3926, .T. ) ;
#291 = CARTESIAN_POINT ( 'NONE',  ( 17.56666666666665577, -15.91666666666666252, -1.199999999999999734 ) ) ;
#292 = ORIENTED_EDGE ( 'NONE', *, *, #2398, .F. ) ;
#293 = ORIENTED_EDGE ( 'NONE', *, *, #3552, .F. ) ;
#294 = EDGE_CURVE ( 'NONE', #264, #551, #3278, .T. ) ;
#295 = DIRECTION ( 'NONE',  ( -1.936435508067133736E-16, -1.000000000000000000, 0.000000000000000000 ) ) ;
#296 = CARTESIAN_POINT ( 'NONE',  ( -17.91666666666665719, -18.41666666666666430, -6.049999999999992717 ) ) ;
#297 = PRODUCT_DEFINITION_FORMATION_WITH_SPECIFIED_SOURCE ( 'ANY', '', #503, .NOT_KNOWN. ) ;
#298 = DIRECTION ( 'NONE',  ( 0.000000000000000000, 0.000000000000000000, 1.000000000000000000 ) ) ;
#299 = ORIENTED_EDGE ( 'NONE', *, *, #3831, .T. ) ;
#300 = EDGE_CURVE ( 'NONE', #3152, #1778, #319, .T. ) ;
#301 = CARTESIAN_POINT ( 'NONE',  ( -17.91666666666666430, 18.41666666666665719, -1.800000000000000044 ) ) ;
#302 = ORIENTED_EDGE ( 'NONE', *, *, #1764, .F. ) ;
#303 = DIRECTION ( 'NONE',  ( 0.000000000000000000, 1.000000000000000000, 0.000000000000000000 ) ) ;
#304 = DIRECTION ( 'NONE',  ( -0.000000000000000000, -0.000000000000000000, 1.000000000000000000 ) ) ;
#305 = B_SPLINE_CURVE_WITH_KNOTS ( 'NONE', 3,
 ( #4586, #1064, #2083, #84 ),
 .UNSPECIFIED., .F., .F.,
 ( 4, 4 ),
 ( 0.000000000000000000, 1.000000000000000000 ),
 .UNSPECIFIED. ) ;
#306 = CARTESIAN_POINT ( 'NONE',  ( -13.21999999999999709, -20.10051716226534069, -6.456406644123982908 ) ) ;
#307 = DIRECTION ( 'NONE',  ( 2.492120401259631284E-16, -1.000000000000000000, 0.000000000000000000 ) ) ;
#308 = ORIENTED_EDGE ( 'NONE', *, *, #749, .F. ) ;
#309 = LINE ( 'NONE', #1737, #2957 ) ;
#310 = CARTESIAN_POINT ( 'NONE',  ( 20.06666666666666288, 18.41666666666666430, -1.800000000000000044 ) ) ;
#311 = DIRECTION ( 'NONE',  ( -1.000000000000000000, 0.000000000000000000, 0.000000000000000000 ) ) ;
#312 = ORIENTED_EDGE ( 'NONE', *, *, #4051, .F. ) ;
#313 = FACE_OUTER_BOUND ( 'NONE', #1173, .T. ) ;
#314 = VERTEX_POINT ( 'NONE', #1840 ) ;
#315 = ORIENTED_EDGE ( 'NONE', *, *, #3624, .T. ) ;
#316 = CARTESIAN_POINT ( 'NONE',  ( 6.919999999999999929, -20.56666666666666288, -41.50206437473708831 ) ) ;
#317 = ORIENTED_EDGE ( 'NONE', *, *, #3214, .T. ) ;
#318 = ORIENTED_EDGE ( 'NONE', *, *, #3316, .T. ) ;
#319 = CIRCLE ( 'NONE', #2021, 1.060308641975302280 ) ;
#320 = CARTESIAN_POINT ( 'NONE',  ( 13.21999999999999353, 20.12972218026942528, -1.916598685423437809 ) ) ;
#321 = CARTESIAN_POINT ( 'NONE',  ( -4.719999999999998863, -20.00000000000000355, -1.199999999999999956 ) ) ;
#322 = EDGE_CURVE ( 'NONE', #759, #2065, #2603, .T. ) ;
#323 = LINE ( 'NONE', #4598, #3242 ) ;
#324 = ORIENTED_EDGE ( 'NONE', *, *, #3897, .T. ) ;
#325 = DIRECTION ( 'NONE',  ( 0.000000000000000000, -1.000000000000000000, 0.000000000000000000 ) ) ;
#326 = ORIENTED_EDGE ( 'NONE', *, *, #2005, .T. ) ;
#327 = EDGE_CURVE ( 'NONE', #2988, #1778, #4406, .T. ) ;
#328 = DIRECTION ( 'NONE',  ( 0.000000000000000000, 0.000000000000000000, 1.000000000000000000 ) ) ;
#329 = CARTESIAN_POINT ( 'NONE',  ( -7.030000000000002913, -20.19999999999999929, -1.199999999999999734 ) ) ;
#330 = EDGE_CURVE ( 'NONE', #1089, #3984, #3611, .T. ) ;
#331 = DIRECTION ( 'NONE',  ( 0.000000000000000000, 0.000000000000000000, -1.000000000000000000 ) ) ;
#332 = DIRECTION ( 'NONE',  ( 1.000000000000000000, 0.000000000000000000, -0.000000000000000000 ) ) ;
#333 = ORIENTED_EDGE ( 'NONE', *, *, #143, .F. ) ;
#334 = EDGE_CURVE ( 'NONE', #396, #3191, #4357, .T. ) ;
#335 = DIRECTION ( 'NONE',  ( 0.000000000000000000, 0.000000000000000000, -1.000000000000000000 ) ) ;
#336 = ADVANCED_FACE ( 'NONE', ( #2581 ), #2233, .T. ) ;
#337 = LINE ( 'NONE', #1762, #2650 ) ;
#338 = ORIENTED_EDGE ( 'NONE', *, *, #2061, .F. ) ;
#339 = DIRECTION ( 'NONE',  ( -0.000000000000000000, -0.000000000000000000, 1.000000000000000000 ) ) ;
#340 = VERTEX_POINT ( 'NONE', #101 ) ;
#341 = VERTEX_POINT ( 'NONE', #2297 ) ;
#342 = CARTESIAN_POINT ( 'NONE',  ( -17.91666666666666430, 18.41666666666665719, -1.800000000000000044 ) ) ;
#343 = ORIENTED_EDGE ( 'NONE', *, *, #841, .T. ) ;
#344 = ORIENTED_EDGE ( 'NONE', *, *, #699, .T. ) ;
#345 = CARTESIAN_POINT ( 'NONE',  ( -6.920000000000001705, -20.19999999999999929, -4.200000000000001954 ) ) ;
#346 = CARTESIAN_POINT ( 'NONE',  ( -15.82124819948378303, 6.938206686341246154, 11.78977391353786253 ) ) ;
#347 = CARTESIAN_POINT ( 'NONE',  ( 6.186666666666667425, -19.99999999999999645, -1.199999999999999956 ) ) ;
#348 = AXIS2_PLACEMENT_3D ( 'NONE', #1582, #3744, #2276 ) ;
#349 = ORIENTED_EDGE ( 'NONE', *, *, #1103, .T. ) ;
#350 = VECTOR ( 'NONE', #780, 1000.000000000000000 ) ;
#351 = DIRECTION ( 'NONE',  ( -1.000000000000000000, -4.017423520094500180E-16, -0.000000000000000000 ) ) ;
#352 = VECTOR ( 'NONE', #2615, 1000.000000000000000 ) ;
#353 = DIRECTION ( 'NONE',  ( -0.000000000000000000, -0.000000000000000000, 1.000000000000000000 ) ) ;
#354 = ORIENTED_EDGE ( 'NONE', *, *, #4617, .F. ) ;
#355 = CARTESIAN_POINT ( 'NONE',  ( -6.223333333333327388, -20.19999999999999929, -4.200000000000000178 ) ) ;
#356 = VECTOR ( 'NONE', #4183, 1000.000000000000000 ) ;
#357 = VECTOR ( 'NONE', #3754, 1000.000000000000000 ) ;
#358 = EDGE_CURVE ( 'NONE', #3873, #1072, #3019, .T. ) ;
#359 = DIRECTION ( 'NONE',  ( -0.000000000000000000, -0.000000000000000000, 1.000000000000000000 ) ) ;
#360 = ORIENTED_EDGE ( 'NONE', *, *, #2398, .T. ) ;
#361 = VECTOR ( 'NONE', #2285, 1000.000000000000000 ) ;
#362 = CARTESIAN_POINT ( 'NONE',  ( 19.37500000000000355, 17.25000000000000355, -1.199999999999999956 ) ) ;
#363 = CARTESIAN_POINT ( 'NONE',  ( -20.06666666666665577, -18.41666666666666430, -6.049999999999992717 ) ) ;
#364 = EDGE_CURVE ( 'NONE', #2549, #3768, #3089, .T. ) ;
#365 = CARTESIAN_POINT ( 'NONE',  ( 2.899999999999999911, 14.00000000000000000, -2.849999999999992983 ) ) ;
#366 = EDGE_LOOP ( 'NONE', ( #2007, #858, #3854, #3911, #1991, #1616, #2934, #999, #1998 ) ) ;
#367 = CARTESIAN_POINT ( 'NONE',  ( -13.21999999999999709, 21.56666666666665932, -1.800000000000000044 ) ) ;
#368 = ORIENTED_EDGE ( 'NONE', *, *, #1265, .F. ) ;
#369 = EDGE_LOOP ( 'NONE', ( #2583, #3578, #967, #2047 ) ) ;
#370 = LINE ( 'NONE', #52, #4302 ) ;
#371 = ORIENTED_EDGE ( 'NONE', *, *, #4469, .T. ) ;
#372 = VECTOR ( 'NONE', #2994, 1000.000000000000000 ) ;
#373 = ORIENTED_EDGE ( 'NONE', *, *, #1556, .T. ) ;
#374 = CARTESIAN_POINT ( 'NONE',  ( 19.37500000000000355, 12.25000000000000533, -2.949999999999994404 ) ) ;
#375 = DIRECTION ( 'NONE',  ( -1.269309860470838865E-15, 1.000000000000000000, 0.000000000000000000 ) ) ;
#376 = CARTESIAN_POINT ( 'NONE',  ( 0.000000000000000000, 18.06666666666666288, 0.000000000000000000 ) ) ;
#377 = LINE ( 'NONE', #1862, #2510 ) ;
#378 = DIRECTION ( 'NONE',  ( -1.000000000000000000, -0.000000000000000000, -0.000000000000000000 ) ) ;
#379 = VERTEX_POINT ( 'NONE', #3721 ) ;
#380 = EDGE_CURVE ( 'NONE', #3440, #551, #1651, .T. ) ;
#381 = DIRECTION ( 'NONE',  ( 1.000000000000000000, -3.469446951953616161E-16, 0.000000000000000000 ) ) ;
#382 = DIRECTION ( 'NONE',  ( 0.8041761414663217700, 0.5943910610838107900, 0.000000000000000000 ) ) ;
#383 = EDGE_LOOP ( 'NONE', ( #1315, #2107, #360, #3087 ) ) ;
#384 = LINE ( 'NONE', #3601, #579 ) ;
#385 = VERTEX_POINT ( 'NONE', #521 ) ;
#386 = EDGE_CURVE ( 'NONE', #582, #3600, #167, .T. ) ;
#387 = CARTESIAN_POINT ( 'NONE',  ( -4.719999999999998863, -20.12565444790254787, -1.863567466246550453 ) ) ;
#388 = VERTEX_POINT ( 'NONE', #3765 ) ;
#389 = ORIENTED_EDGE ( 'NONE', *, *, #736, .F. ) ;
#390 = EDGE_CURVE ( 'NONE', #4535, #3600, #948, .T. ) ;
#391 = CARTESIAN_POINT ( 'NONE',  ( 10.52833333333333066, 20.19999999999999574, -1.199999999999999734 ) ) ;
#392 = CARTESIAN_POINT ( 'NONE',  ( -6.920000000000001705, -20.16242539250002963, -2.445890775627682423 ) ) ;
#393 = EDGE_CURVE ( 'NONE', #264, #2819, #1581, .T. ) ;
#394 = DIRECTION ( 'NONE',  ( 0.000000000000000000, -1.000000000000000000, 6.195440985631452852E-17 ) ) ;
#395 = DIRECTION ( 'NONE',  ( -1.269309860470838865E-15, -1.000000000000000000, 0.000000000000000000 ) ) ;
#396 = VERTEX_POINT ( 'NONE', #3743 ) ;
#397 = LINE ( 'NONE', #1534, #2732 ) ;
#398 = LINE ( 'NONE', #362, #2059 ) ;
#399 = DIRECTION ( 'NONE',  ( 0.000000000000000000, -1.000000000000000000, 0.000000000000000000 ) ) ;
#400 = ORIENTED_EDGE ( 'NONE', *, *, #2150, .T. ) ;
#401 =( BOUNDED_SURFACE ( )  B_SPLINE_SURFACE ( 2, 3, ( 
 ( #3677, #885, #4410, #925 ),
 ( #525, #4098, #3373, #2300 ),
 ( #1889, #1935, #4429, #2607 ) ),
 .UNSPECIFIED., .F., .F., .F. ) 
 B_SPLINE_SURFACE_WITH_KNOTS ( ( 3, 3 ),
 ( 4, 4 ),
 ( 0.000000000000000000, 1.000000000000000000 ),
 ( -0.008610000000000001333, -0.006189999999999999322 ),
 .UNSPECIFIED. ) 
 GEOMETRIC_REPRESENTATION_ITEM ( )  RATIONAL_B_SPLINE_SURFACE ( (
 ( 1.000000000000000000, 1.000000000000000000, 1.000000000000000000, 1.000000000000000000),
 ( 0.7071067811865475727, 0.7071067811865475727, 0.7071067811865475727, 0.7071067811865475727),
 ( 1.000000000000000000, 1.000000000000000000, 1.000000000000000000, 1.000000000000000000) ) ) 
 REPRESENTATION_ITEM ( '' )  SURFACE ( )  );
#402 = PLANE ( 'NONE',  #660 ) ;
#403 = ORIENTED_EDGE ( 'NONE', *, *, #3309, .T. ) ;
#404 = CARTESIAN_POINT ( 'NONE',  ( 4.943248910074703240, -2.065781894320754208, 0.000000000000000000 ) ) ;
#405 = LINE ( 'NONE', #3231, #645 ) ;
#406 = EDGE_CURVE ( 'NONE', #2735, #2062, #1233, .T. ) ;
#407 = CARTESIAN_POINT ( 'NONE',  ( -6.920000000000001705, -20.10137017184596075, -1.613886965601024404 ) ) ;
#408 = CARTESIAN_POINT ( 'NONE',  ( -17.91666666666665719, -20.56666666666666288, -1.800000000000002931 ) ) ;
#409 = DIRECTION ( 'NONE',  ( 0.000000000000000000, 1.000000000000000000, 0.000000000000000000 ) ) ;
#410 = EDGE_CURVE ( 'NONE', #3525, #4568, #4518, .T. ) ;
#411 = CARTESIAN_POINT ( 'NONE',  ( -20.06666666666665577, -4.495000000000002771, -1.199999999999999956 ) ) ;
#412 = VERTEX_POINT ( 'NONE', #1626 ) ;
#413 = DIRECTION ( 'NONE',  ( 1.000000000000000000, 0.000000000000000000, 0.000000000000000000 ) ) ;
#414 = VECTOR ( 'NONE', #3013, 1000.000000000000000 ) ;
#415 = VECTOR ( 'NONE', #3676, 1000.000000000000000 ) ;
#416 = VECTOR ( 'NONE', #667, 1000.000000000000000 ) ;
#417 = ORIENTED_EDGE ( 'NONE', *, *, #4379, .F. ) ;
#418 = VECTOR ( 'NONE', #3138, 1000.000000000000000 ) ;
#419 = LINE ( 'NONE', #2190, #3564 ) ;
#420 = VECTOR ( 'NONE', #1040, 1000.000000000000000 ) ;
#421 = CYLINDRICAL_SURFACE ( 'NONE', #2148, 2.149999999999999023 ) ;
#422 = PLANE ( 'NONE',  #3298 ) ;
#423 = DIRECTION ( 'NONE',  ( 1.000000000000000000, 0.000000000000000000, 0.000000000000000000 ) ) ;
#424 = VECTOR ( 'NONE', #1782, 1000.000000000000114 ) ;
#425 = ORIENTED_EDGE ( 'NONE', *, *, #3034, .F. ) ;
#426 = VECTOR ( 'NONE', #1216, 1000.000000000000000 ) ;
#427 = CARTESIAN_POINT ( 'NONE',  ( -15.32124819948378303, 8.211793313658755977, -10.78483074862842273 ) ) ;
#428 = LINE ( 'NONE', #447, #1976 ) ;
#429 = CARTESIAN_POINT ( 'NONE',  ( -10.61524347361992682, 12.28820668634124580, -0.5000000000000004441 ) ) ;
#430 = CARTESIAN_POINT ( 'NONE',  ( -4.719999999999998863, 20.19999999999999929, -16.05000000000000426 ) ) ;
#431 = PLANE ( 'NONE',  #1476 ) ;
#432 = EDGE_CURVE ( 'NONE', #234, #4411, #1933, .T. ) ;
#433 = DIRECTION ( 'NONE',  ( 0.000000000000000000, 1.000000000000000000, 0.000000000000000000 ) ) ;
#434 = VECTOR ( 'NONE', #3108, 1000.000000000000000 ) ;
#435 = CARTESIAN_POINT ( 'NONE',  ( -17.91666666666666430, 18.41666666666665719, -1.800000000000000044 ) ) ;
#436 = ORIENTED_EDGE ( 'NONE', *, *, #1970, .T. ) ;
#437 = CARTESIAN_POINT ( 'NONE',  ( 8.699915402087103899, -9.061992185944493627, -0.05000000000000000278 ) ) ;
#438 = EDGE_CURVE ( 'NONE', #2921, #4267, #1275, .T. ) ;
#439 = CARTESIAN_POINT ( 'NONE',  ( -17.91666666666665719, -21.56666666666666288, -1.199999999999999956 ) ) ;
#440 = CARTESIAN_POINT ( 'NONE',  ( 4.719999999999998863, 20.10830970775395699, -1.677419517144765226 ) ) ;
#441 = CARTESIAN_POINT ( 'NONE',  ( -4.599999999999998757, 22.50000000000000711, -4.549999999999998934 ) ) ;
#442 = VERTEX_POINT ( 'NONE', #4168 ) ;
#443 = CARTESIAN_POINT ( 'NONE',  ( -14.88475652638006785, 11.71179331365875420, -10.78483074862842273 ) ) ;
#444 = ORIENTED_EDGE ( 'NONE', *, *, #4246, .F. ) ;
#445 = LINE ( 'NONE', #3314, #3769 ) ;
#446 = ORIENTED_EDGE ( 'NONE', *, *, #3640, .T. ) ;
#447 = CARTESIAN_POINT ( 'NONE',  ( 13.21999999999999886, -20.56666666666665932, -41.50206437473708831 ) ) ;
#448 = CARTESIAN_POINT ( 'NONE',  ( -6.920000000000000817, -20.12971769886968332, -1.916549265722402584 ) ) ;
#449 = CARTESIAN_POINT ( 'NONE',  ( 6.919999999999999929, -20.13819791097483858, -2.030667859300264055 ) ) ;
#450 = ORIENTED_EDGE ( 'NONE', *, *, #914, .T. ) ;
#451 = CARTESIAN_POINT ( 'NONE',  ( -17.91666666666665719, -21.56666666666666288, -1.199999999999999956 ) ) ;
#452 = CARTESIAN_POINT ( 'NONE',  ( 4.719999999999997975, 20.19999999999999574, -16.05000000000000426 ) ) ;
#453 = DIRECTION ( 'NONE',  ( -1.000000000000000000, -0.000000000000000000, -0.000000000000000000 ) ) ;
#454 = ORIENTED_EDGE ( 'NONE', *, *, #2460, .F. ) ;
#455 = ADVANCED_FACE ( 'NONE', ( #2274 ), #3699, .F. ) ;
#456 = FACE_OUTER_BOUND ( 'NONE', #1965, .T. ) ;
#457 = CARTESIAN_POINT ( 'NONE',  ( -13.21999999999999709, 20.00000000000000000, -6.049999999999994493 ) ) ;
#458 = EDGE_CURVE ( 'NONE', #3646, #4285, #3732, .T. ) ;
#459 = ORIENTED_EDGE ( 'NONE', *, *, #3872, .F. ) ;
#460 = EDGE_CURVE ( 'NONE', #4187, #3514, #4572, .T. ) ;
#461 = FACE_OUTER_BOUND ( 'NONE', #3240, .T. ) ;
#462 = CARTESIAN_POINT ( 'NONE',  ( 17.91666666666666430, -21.56666666666666288, -1.800000000000000044 ) ) ;
#463 = CARTESIAN_POINT ( 'NONE',  ( -17.91666666666666430, 21.56666666666665932, -1.800000000000000044 ) ) ;
#464 = EDGE_CURVE ( 'NONE', #379, #3568, #4597, .T. ) ;
#465 = CARTESIAN_POINT ( 'NONE',  ( -17.91666666666666430, 18.41666666666665719, -1.800000000000000044 ) ) ;
#466 = ORIENTED_EDGE ( 'NONE', *, *, #1285, .T. ) ;
#467 = ADVANCED_FACE ( 'NONE', ( #3216 ), #268, .F. ) ;
#468 = DIRECTION ( 'NONE',  ( -1.883862598345854807E-16, 1.000000000000000000, 0.000000000000000000 ) ) ;
#469 = ORIENTED_EDGE ( 'NONE', *, *, #1002, .T. ) ;
#470 = DIRECTION ( 'NONE',  ( -0.000000000000000000, -0.000000000000000000, 1.000000000000000000 ) ) ;
#471 = CARTESIAN_POINT ( 'NONE',  ( -20.06666666666665577, 2.400000000000010125, -2.199999999999999289 ) ) ;
#472 = LINE ( 'NONE', #4001, #3575 ) ;
#473 = DIRECTION ( 'NONE',  ( 0.000000000000000000, 0.000000000000000000, 1.000000000000000000 ) ) ;
#474 = DIRECTION ( 'NONE',  ( 1.000000000000000000, 0.000000000000000000, 0.000000000000000000 ) ) ;
#475 = CARTESIAN_POINT ( 'NONE',  ( 4.719999999999998863, -20.12137088710707644, -1.814468230633518697 ) ) ;
#476 = CARTESIAN_POINT ( 'NONE',  ( -4.719999999999997975, 20.19092508697731958, -8.005805175443665433 ) ) ;
#477 = FACE_OUTER_BOUND ( 'NONE', #3908, .T. ) ;
#478 = DIRECTION ( 'NONE',  ( -0.000000000000000000, -0.000000000000000000, 1.000000000000000000 ) ) ;
#479 = ORIENTED_EDGE ( 'NONE', *, *, #3681, .T. ) ;
#480 = PLANE ( 'NONE',  #1614 ) ;
#481 = VECTOR ( 'NONE', #3072, 1000.000000000000000 ) ;
#482 = EDGE_CURVE ( 'NONE', #1089, #4267, #3894, .T. ) ;
#483 = AXIS2_PLACEMENT_3D ( 'NONE', #930, #1238, #1922 ) ;
#484 = DIRECTION ( 'NONE',  ( 0.000000000000000000, 0.000000000000000000, -1.000000000000000000 ) ) ;
#485 = CARTESIAN_POINT ( 'NONE',  ( -13.64499999999999780, 19.99999999999999645, -6.049999999999995381 ) ) ;
#486 = CARTESIAN_POINT ( 'NONE',  ( 6.920000000000000817, -20.10739701523294087, -6.518459906142492599 ) ) ;
#487 = VECTOR ( 'NONE', #3593, 1000.000000000000000 ) ;
#488 = VERTEX_POINT ( 'NONE', #3839 ) ;
#489 = AXIS2_PLACEMENT_3D ( 'NONE', #2949, #145, #2995 ) ;
#490 = CARTESIAN_POINT ( 'NONE',  ( 2.900000000000003464, 22.50000000000000355, -4.549999999999998934 ) ) ;
#491 = EDGE_CURVE ( 'NONE', #3107, #2466, #1776, .T. ) ;
#492 = DIRECTION ( 'NONE',  ( 1.000000000000000000, 0.000000000000000000, 0.000000000000000000 ) ) ;
#493 = CIRCLE ( 'NONE', #4149, 2.150000000000000799 ) ;
#494 = CARTESIAN_POINT ( 'NONE',  ( -15.32124819948378303, 8.211793313658755977, -0.5000000000000004441 ) ) ;
#495 = DIRECTION ( 'NONE',  ( -1.000000000000000000, 4.081702296416016490E-16, 0.000000000000000000 ) ) ;
#496 = DIRECTION ( 'NONE',  ( 1.000000000000000000, 0.000000000000000000, 0.000000000000000000 ) ) ;
#497 = DIRECTION ( 'NONE',  ( -0.000000000000000000, -0.000000000000000000, 1.000000000000000000 ) ) ;
#498 = CARTESIAN_POINT ( 'NONE',  ( 13.22000000000000064, -20.13208440688161716, -6.797290515709216940 ) ) ;
#499 = PLANE ( 'NONE',  #2945 ) ;
#500 = ORIENTED_EDGE ( 'NONE', *, *, #4000, .F. ) ;
#501 = LINE ( 'NONE', #3352, #4065 ) ;
#502 = ORIENTED_EDGE ( 'NONE', *, *, #1083, .F. ) ;
#503 = PRODUCT ( 'Top Cover', 'Top Cover', '', ( #1333 ) ) ;
#504 = CYLINDRICAL_SURFACE ( 'NONE', #1404, 4.120213967093724783 ) ;
#505 = DIRECTION ( 'NONE',  ( -0.000000000000000000, -0.000000000000000000, 1.000000000000000000 ) ) ;
#506 = LINE ( 'NONE', #1938, #20 ) ;
#507 = FACE_OUTER_BOUND ( 'NONE', #565, .T. ) ;
#508 = ORIENTED_EDGE ( 'NONE', *, *, #225, .T. ) ;
#509 = EDGE_CURVE ( 'NONE', #3378, #3244, #1926, .T. ) ;
#510 = DIRECTION ( 'NONE',  ( 0.000000000000000000, 0.000000000000000000, 1.000000000000000000 ) ) ;
#511 = ORIENTED_EDGE ( 'NONE', *, *, #2898, .T. ) ;
#512 = VERTEX_POINT ( 'NONE', #1053 ) ;
#513 = FACE_OUTER_BOUND ( 'NONE', #86, .T. ) ;
#514 = PRODUCT_DEFINITION_CONTEXT ( 'detailed design', #4134, 'design' ) ;
#515 = CARTESIAN_POINT ( 'NONE',  ( -17.56666666666665577, -4.495000000000003659, -6.049999999999992717 ) ) ;
#516 = DIRECTION ( 'NONE',  ( 0.000000000000000000, -0.1397268238372009475, 0.9901900901848935677 ) ) ;
#517 = ADVANCED_FACE ( 'NONE', ( #14 ), #696, .F. ) ;
#518 = CARTESIAN_POINT ( 'NONE',  ( -12.52124819948378232, 8.211793313658755977, -0.5000000000000004441 ) ) ;
#519 = EDGE_CURVE ( 'NONE', #4015, #2381, #4633, .T. ) ;
#520 = CARTESIAN_POINT ( 'NONE',  ( 4.719999999999997087, -20.10317326858652009, -1.629929317290757185 ) ) ;
#521 = CARTESIAN_POINT ( 'NONE',  ( 13.21999999999999709, -20.56666666666666288, -6.049999999999994493 ) ) ;
#522 = EDGE_CURVE ( 'NONE', #3679, #3435, #3520, .T. ) ;
#523 = DIRECTION ( 'NONE',  ( 0.000000000000000000, -0.1397268238372009475, -0.9901900901848935677 ) ) ;
#524 = EDGE_LOOP ( 'NONE', ( #1624, #3809, #2642, #2305 ) ) ;
#525 = CARTESIAN_POINT ( 'NONE',  ( 4.609999999999997655, -20.19999999999999929, -1.199999999999999734 ) ) ;
#526 = CARTESIAN_POINT ( 'NONE',  ( -15.32124819948378303, 8.211793313658755977, -0.5000000000000004441 ) ) ;
#527 = CARTESIAN_POINT ( 'NONE',  ( -3.873628607401181423, -7.146170579460782157, -0.05000000000000000278 ) ) ;
#528 = CARTESIAN_POINT ( 'NONE',  ( 6.920000000000001705, -20.17207755206233699, -7.521042373960563410 ) ) ;
#529 = ORIENTED_EDGE ( 'NONE', *, *, #2601, .T. ) ;
#530 = LINE ( 'NONE', #2267, #352 ) ;
#531 = ORIENTED_EDGE ( 'NONE', *, *, #545, .F. ) ;
#532 = EDGE_LOOP ( 'NONE', ( #3830, #239, #210, #1598 ) ) ;
#533 = DIRECTION ( 'NONE',  ( -0.000000000000000000, -0.000000000000000000, 1.000000000000000000 ) ) ;
#534 = CYLINDRICAL_SURFACE ( 'NONE', #4237, 2.150000000000000799 ) ;
#535 = CARTESIAN_POINT ( 'NONE',  ( 8.970000000000000639, -19.79095546287932805, -18.02047519957779542 ) ) ;
#536 = CARTESIAN_POINT ( 'NONE',  ( -13.21999999999999709, 20.00000000000000000, -6.049999999999994493 ) ) ;
#537 = EDGE_LOOP ( 'NONE', ( #2110, #3584, #3752, #2695 ) ) ;
#538 = ORIENTED_EDGE ( 'NONE', *, *, #2608, .T. ) ;
#539 = ADVANCED_FACE ( 'NONE', ( #1373 ), #1024, .T. ) ;
#540 = CARTESIAN_POINT ( 'NONE',  ( 4.719999999999998863, -20.13056421420423092, -1.927440005114914090 ) ) ;
#541 = CARTESIAN_POINT ( 'NONE',  ( 13.22000000000000064, -20.11723391269380912, -6.615303106550431522 ) ) ;
#542 = CARTESIAN_POINT ( 'NONE',  ( 19.37500000000000355, 17.25000000000000355, -10.25787089075391023 ) ) ;
#543 = EDGE_CURVE ( 'NONE', #2099, #2525, #2115, .T. ) ;
#544 = CARTESIAN_POINT ( 'NONE',  ( -13.21999999999999886, -20.19999999999999574, -16.05000000000000426 ) ) ;
#545 = EDGE_CURVE ( 'NONE', #340, #3794, #805, .T. ) ;
#546 = DIRECTION ( 'NONE',  ( 1.000000000000000000, 0.000000000000000000, 0.000000000000000000 ) ) ;
#547 = VECTOR ( 'NONE', #19, 1000.000000000000000 ) ;
#548 =( NAMED_UNIT ( * ) SI_UNIT ( $, .STERADIAN. ) SOLID_ANGLE_UNIT ( ) );
#549 = CARTESIAN_POINT ( 'NONE',  ( 17.91666666666666430, -21.56666666666666288, -1.800000000000000044 ) ) ;
#550 = LINE ( 'NONE', #3406, #4006 ) ;
#551 = VERTEX_POINT ( 'NONE', #1400 ) ;
#552 = VECTOR ( 'NONE', #789, 1000.000000000000000 ) ;
#553 = CARTESIAN_POINT ( 'NONE',  ( -4.719999999999998863, 20.56666666666665222, -1.199999999999999956 ) ) ;
#554 = VECTOR ( 'NONE', #4045, 1000.000000000000000 ) ;
#555 = ORIENTED_EDGE ( 'NONE', *, *, #1972, .F. ) ;
#556 = CARTESIAN_POINT ( 'NONE',  ( 13.22000000000000419, -20.50833333333332575, -17.23969135802470021 ) ) ;
#557 = VECTOR ( 'NONE', #1470, 1000.000000000000000 ) ;
#558 = DIRECTION ( 'NONE',  ( -1.000000000000000000, -1.230601329064322048E-16, 0.000000000000000000 ) ) ;
#559 = DIRECTION ( 'NONE',  ( -1.000000000000000000, 3.243484218093128570E-16, 0.000000000000000000 ) ) ;
#560 = VECTOR ( 'NONE', #468, 1000.000000000000000 ) ;
#561 = ORIENTED_EDGE ( 'NONE', *, *, #64, .T. ) ;
#562 = CARTESIAN_POINT ( 'NONE',  ( -8.843997974534151041, -0.1256880636728811562, -0.05000000000000000278 ) ) ;
#563 = ORIENTED_EDGE ( 'NONE', *, *, #1159, .T. ) ;
#564 = AXIS2_PLACEMENT_3D ( 'NONE', #1594, #3012, #3272 ) ;
#565 = EDGE_LOOP ( 'NONE', ( #3293, #3753, #717, #3565 ) ) ;
#566 = AXIS2_PLACEMENT_3D ( 'NONE', #451, #2854, #99 ) ;
#567 = CARTESIAN_POINT ( 'NONE',  ( 21.06666666666666288, -18.41666666666666075, -1.800000000000000044 ) ) ;
#568 = CARTESIAN_POINT ( 'NONE',  ( 13.22000000000000064, -20.13171815875898218, -6.792456542485399318 ) ) ;
#569 = VECTOR ( 'NONE', #2578, 1000.000000000000000 ) ;
#570 = ADVANCED_FACE ( 'NONE', ( #672 ), #2094, .F. ) ;
#571 = FACE_OUTER_BOUND ( 'NONE', #1245, .T. ) ;
#572 = ORIENTED_EDGE ( 'NONE', *, *, #1848, .T. ) ;
#573 = CARTESIAN_POINT ( 'NONE',  ( -15.25002883514971863, -2.400000000000009237, -1.800000000000000044 ) ) ;
#574 = ORIENTED_EDGE ( 'NONE', *, *, #410, .F. ) ;
#575 = EDGE_CURVE ( 'NONE', #698, #2187, #4546, .T. ) ;
#576 = VECTOR ( 'NONE', #2270, 1000.000000000000000 ) ;
#577 = CARTESIAN_POINT ( 'NONE',  ( -11.46169484682894257, 16.56179331365875385, -10.78483074862842273 ) ) ;
#578 = EDGE_CURVE ( 'NONE', #3723, #2915, #3543, .T. ) ;
#579 = VECTOR ( 'NONE', #4284, 1000.000000000000000 ) ;
#580 = CYLINDRICAL_SURFACE ( 'NONE', #4570, 3.149999999999999911 ) ;
#581 = CARTESIAN_POINT ( 'NONE',  ( -6.920000000000004370, -20.19659494025138713, -8.387984260931531821 ) ) ;
#582 = VERTEX_POINT ( 'NONE', #4252 ) ;
#583 = ADVANCED_FACE ( 'NONE', ( #4290 ), #3957, .F. ) ;
#584 = LINE ( 'NONE', #4105, #870 ) ;
#585 = EDGE_LOOP ( 'NONE', ( #4588, #1712, #1316, #3875 ) ) ;
#586 = CARTESIAN_POINT ( 'NONE',  ( -15.41666666666665719, -18.06666666666666288, -41.50206437473708831 ) ) ;
#587 = ORIENTED_EDGE ( 'NONE', *, *, #762, .F. ) ;
#588 = LINE ( 'NONE', #4487, #576 ) ;
#589 = VERTEX_POINT ( 'NONE', #96 ) ;
#590 = LINE ( 'NONE', #3835, #3396 ) ;
#591 = ORIENTED_EDGE ( 'NONE', *, *, #1574, .T. ) ;
#592 = ORIENTED_EDGE ( 'NONE', *, *, #4276, .T. ) ;
#593 = CARTESIAN_POINT ( 'NONE',  ( 13.21999999999999709, 20.12834852173288169, -1.899196007461998681 ) ) ;
#594 = DIRECTION ( 'NONE',  ( -0.000000000000000000, -0.000000000000000000, 1.000000000000000000 ) ) ;
#595 = LINE ( 'NONE', #4219, #1621 ) ;
#596 = EDGE_LOOP ( 'NONE', ( #1244, #2254, #797, #3826, #3757, #1814, #2417, #1113, #6, #1640, #3480, #3536, #2087, #3508, #531, #3328, #2803, #612, #4197, #4559, #4599, #1827, #740, #1740, #2861, #4195, #561, #669, #3237, #1769, #246, #2859, #1730, #2189 ) ) ;
#597 = CARTESIAN_POINT ( 'NONE',  ( 21.06666666666666288, -18.41666666666666075, 0.000000000000000000 ) ) ;
#598 = EDGE_CURVE ( 'NONE', #1264, #987, #4314, .T. ) ;
#599 = ORIENTED_EDGE ( 'NONE', *, *, #3290, .T. ) ;
#600 = DIRECTION ( 'NONE',  ( -0.000000000000000000, 1.000000000000000000, -0.000000000000000000 ) ) ;
#601 = EDGE_CURVE ( 'NONE', #28, #4086, #2249, .T. ) ;
#602 = CARTESIAN_POINT ( 'NONE',  ( -13.21999999999999886, -20.19092508697731958, -8.005805175443752475 ) ) ;
#603 = FACE_OUTER_BOUND ( 'NONE', #1573, .T. ) ;
#604 = ORIENTED_EDGE ( 'NONE', *, *, #4275, .T. ) ;
#605 = VECTOR ( 'NONE', #1600, 1000.000000000000114 ) ;
#606 = LINE ( 'NONE', #3827, #356 ) ;
#607 = EDGE_CURVE ( 'NONE', #289, #1875, #1852, .T. ) ;
#608 = DIRECTION ( 'NONE',  ( 0.5766306079752016034, 0.8170049828159858807, 0.000000000000000000 ) ) ;
#609 = ORIENTED_EDGE ( 'NONE', *, *, #2655, .T. ) ;
#610 = LINE ( 'NONE', #3886, #741 ) ;
#611 = ORIENTED_EDGE ( 'NONE', *, *, #2746, .F. ) ;
#612 = ORIENTED_EDGE ( 'NONE', *, *, #1752, .T. ) ;
#613 = CIRCLE ( 'NONE', #3530, 3.149999999999999911 ) ;
#614 = LINE ( 'NONE', #3135, #2281 ) ;
#615 = ORIENTED_EDGE ( 'NONE', *, *, #386, .F. ) ;
#616 = VERTEX_POINT ( 'NONE', #2538 ) ;
#617 = CARTESIAN_POINT ( 'NONE',  ( 13.22000000000000064, 20.10201340157416894, -1.619586866141213610 ) ) ;
#618 = CARTESIAN_POINT ( 'NONE',  ( -15.41666666666665897, 15.91666666666666252, -1.199999999999999956 ) ) ;
#619 = CARTESIAN_POINT ( 'NONE',  ( 8.915000000000002700, -20.19999999999999929, -6.049999999999995381 ) ) ;
#620 = ORIENTED_EDGE ( 'NONE', *, *, #760, .T. ) ;
#621 = DIRECTION ( 'NONE',  ( 9.011550524554841969E-17, -1.000000000000000000, 0.000000000000000000 ) ) ;
#622 = ORIENTED_EDGE ( 'NONE', *, *, #88, .F. ) ;
#623 = FACE_OUTER_BOUND ( 'NONE', #366, .T. ) ;
#624 = FACE_BOUND ( 'NONE', #1767, .T. ) ;
#625 = CARTESIAN_POINT ( 'NONE',  ( 8.142252025465888110, -9.487972156611116148, -0.05000000000000000278 ) ) ;
#626 = CARTESIAN_POINT ( 'NONE',  ( -4.719999999999998863, 20.06515672975467623, -6.168219924002483090 ) ) ;
#627 = CARTESIAN_POINT ( 'NONE',  ( -6.920000000000000817, -20.17660794891445164, -7.641147045578008168 ) ) ;
#628 = ORIENTED_EDGE ( 'NONE', *, *, #3217, .F. ) ;
#629 = EDGE_CURVE ( 'NONE', #3360, #2012, #472, .T. ) ;
#630 = DIRECTION ( 'NONE',  ( 1.000000000000000000, 0.000000000000000000, -0.000000000000000000 ) ) ;
#631 = PLANE ( 'NONE',  #1981 ) ;
#632 = EDGE_LOOP ( 'NONE', ( #1613, #2465, #609 ) ) ;
#633 = DIRECTION ( 'NONE',  ( 0.000000000000000000, 0.000000000000000000, 1.000000000000000000 ) ) ;
#634 = VERTEX_POINT ( 'NONE', #2907 ) ;
#635 = AXIS2_PLACEMENT_3D ( 'NONE', #1038, #3880, #228 ) ;
#636 = ORIENTED_EDGE ( 'NONE', *, *, #1291, .F. ) ;
#637 = EDGE_CURVE ( 'NONE', #2065, #1059, #1158, .T. ) ;
#638 = DIRECTION ( 'NONE',  ( -1.000000000000000000, -1.156482317317874486E-15, 0.000000000000000000 ) ) ;
#639 = ORIENTED_EDGE ( 'NONE', *, *, #3918, .F. ) ;
#640 = VERTEX_POINT ( 'NONE', #123 ) ;
#641 = VECTOR ( 'NONE', #2237, 1000.000000000000000 ) ;
#642 = CARTESIAN_POINT ( 'NONE',  ( 13.21999999999999886, 20.06515672975466558, -1.318219924002478782 ) ) ;
#643 = VECTOR ( 'NONE', #2013, 1000.000000000000000 ) ;
#644 = DIRECTION ( 'NONE',  ( 1.000000000000000000, 9.682177540335668679E-17, 0.000000000000000000 ) ) ;
#645 = VECTOR ( 'NONE', #3625, 1000.000000000000000 ) ;
#646 = DIRECTION ( 'NONE',  ( -0.000000000000000000, -1.000000000000000000, -0.000000000000000000 ) ) ;
#647 = B_SPLINE_CURVE_WITH_KNOTS ( 'NONE', 3,
 ( #1438, #2857, #733, #3579, #1455, #1954, #3705, #4016, #1149, #4362, #2648, #1194, #1918, #2239, #4412, #3335, #1542, #1175, #2282, #2629, #440, #3662, #3680, #2589, #823, #887, #1214, #2218 ),
 .UNSPECIFIED., .F., .F.,
 ( 4, 1, 1, 1, 1, 1, 2, 2, 1, 1, 1, 1, 2, 2, 1, 2, 2, 1, 1, 4 ),
 ( 0.000000000000000000, 0.2500000000000018319, 0.3750000000000029976, 0.4375000000000037748, 0.4687500000000039413, 0.4843750000000043299, 0.4921875000000042744, 0.5000000000000042188, 0.6250000000000011102, 0.6874999999999993339, 0.7187499999999984457, 0.7343749999999980016, 0.7421874999999977796, 0.7499999999999976685, 0.8124999999999990008, 0.8437499999999995559, 0.8515624999999997780, 0.8593750000000001110, 0.8750000000000003331, 1.000000000000000000 ),
 .UNSPECIFIED. ) ;
#648 = ORIENTED_EDGE ( 'NONE', *, *, #762, .T. ) ;
#649 = CIRCLE ( 'NONE', #2886, 1.218749999999997558 ) ;
#650 = DIRECTION ( 'NONE',  ( -0.000000000000000000, -0.000000000000000000, 1.000000000000000000 ) ) ;
#651 = ORIENTED_EDGE ( 'NONE', *, *, #1583, .F. ) ;
#652 = CARTESIAN_POINT ( 'NONE',  ( 2.854303231614408798, 20.50833333333332575, -18.30000000000000426 ) ) ;
#653 = CARTESIAN_POINT ( 'NONE',  ( -13.21999999999999886, -19.99999999999999645, -6.049999999999994493 ) ) ;
#654 = AXIS2_PLACEMENT_3D ( 'NONE', #3320, #1487, #1094 ) ;
#655 = CARTESIAN_POINT ( 'NONE',  ( -12.52124819948378232, 8.211793313658755977, 0.000000000000000000 ) ) ;
#656 = CARTESIAN_POINT ( 'NONE',  ( -6.920000000000000817, -20.18666351598458419, -7.955179441011584807 ) ) ;
#657 = ORIENTED_EDGE ( 'NONE', *, *, #3761, .F. ) ;
#658 = CARTESIAN_POINT ( 'NONE',  ( -17.91666666666666430, 20.56666666666665577, -6.049999999999992717 ) ) ;
#659 = CARTESIAN_POINT ( 'NONE',  ( -13.21999999999999886, 20.56666666666665577, -41.50206437473708831 ) ) ;
#660 = AXIS2_PLACEMENT_3D ( 'NONE', #3951, #1826, #2243 ) ;
#661 = FACE_OUTER_BOUND ( 'NONE', #537, .T. ) ;
#662 = EDGE_LOOP ( 'NONE', ( #326, #2109, #2387, #1273 ) ) ;
#663 = EDGE_CURVE ( 'NONE', #1072, #2733, #4375, .T. ) ;
#664 = LINE ( 'NONE', #1717, #434 ) ;
#665 = ORIENTED_EDGE ( 'NONE', *, *, #300, .F. ) ;
#666 = ORIENTED_EDGE ( 'NONE', *, *, #3978, .T. ) ;
#667 = DIRECTION ( 'NONE',  ( 0.000000000000000000, 0.000000000000000000, 1.000000000000000000 ) ) ;
#668 = ORIENTED_EDGE ( 'NONE', *, *, #3174, .T. ) ;
#669 = ORIENTED_EDGE ( 'NONE', *, *, #240, .T. ) ;
#670 = DIRECTION ( 'NONE',  ( 0.000000000000000000, -1.000000000000000000, 0.000000000000000000 ) ) ;
#671 = EDGE_CURVE ( 'NONE', #4285, #4029, #3291, .T. ) ;
#672 = FACE_OUTER_BOUND ( 'NONE', #632, .T. ) ;
#673 = ADVANCED_FACE ( 'NONE', ( #3607 ), #4313, .F. ) ;
#674 = CARTESIAN_POINT ( 'NONE',  ( -10.38666666666666316, 20.19999999999999574, -9.049999999999995381 ) ) ;
#675 = ORIENTED_EDGE ( 'NONE', *, *, #3290, .F. ) ;
#676 = LINE ( 'NONE', #1351, #481 ) ;
#677 = EDGE_CURVE ( 'NONE', #2846, #4574, #4335, .T. ) ;
#678 = VERTEX_POINT ( 'NONE', #3627 ) ;
#679 = DIRECTION ( 'NONE',  ( 1.000000000000000000, 0.000000000000000000, 0.000000000000000000 ) ) ;
#680 = EDGE_LOOP ( 'NONE', ( #1424, #349, #114, #4566 ) ) ;
#681 = DIRECTION ( 'NONE',  ( -0.000000000000000000, -0.000000000000000000, 1.000000000000000000 ) ) ;
#682 = CARTESIAN_POINT ( 'NONE',  ( -13.21999999999999531, -20.13942194730197954, -6.892743297701620087 ) ) ;
#683 = CARTESIAN_POINT ( 'NONE',  ( -6.920000000000001705, -20.19999999999999929, -9.049999999999995381 ) ) ;
#684 = ORIENTED_EDGE ( 'NONE', *, *, #393, .F. ) ;
#685 = CARTESIAN_POINT ( 'NONE',  ( -17.56666666666665577, -4.495000000000003659, -41.50206437473708831 ) ) ;
#686 = CARTESIAN_POINT ( 'NONE',  ( -15.25002883514971863, 2.400000000000010125, -1.800000000000000044 ) ) ;
#687 = PLANE ( 'NONE',  #3778 ) ;
#688 = ORIENTED_EDGE ( 'NONE', *, *, #3772, .T. ) ;
#689 = VECTOR ( 'NONE', #2004, 1000.000000000000000 ) ;
#690 = LINE ( 'NONE', #3458, #1999 ) ;
#691 = EDGE_LOOP ( 'NONE', ( #1891, #315, #953, #2266, #3952 ) ) ;
#692 = ORIENTED_EDGE ( 'NONE', *, *, #578, .F. ) ;
#693 = DIRECTION ( 'NONE',  ( 0.000000000000000000, 1.000000000000000000, 0.000000000000000000 ) ) ;
#694 = ORIENTED_EDGE ( 'NONE', *, *, #1661, .F. ) ;
#695 = CARTESIAN_POINT ( 'NONE',  ( -13.21999999999999709, 20.09579950607178489, -6.415293205231899165 ) ) ;
#696 = PLANE ( 'NONE',  #2895 ) ;
#697 = CARTESIAN_POINT ( 'NONE',  ( 6.604999999999997762, -20.19999999999999929, -9.049999999999995381 ) ) ;
#698 = VERTEX_POINT ( 'NONE', #429 ) ;
#699 = EDGE_CURVE ( 'NONE', #616, #4535, #3756, .T. ) ;
#700 = AXIS2_PLACEMENT_3D ( 'NONE', #3311, #2675, #1568 ) ;
#701 = LINE ( 'NONE', #3257, #2644 ) ;
#702 = FACE_OUTER_BOUND ( 'NONE', #4244, .T. ) ;
#703 = EDGE_LOOP ( 'NONE', ( #1795, #750, #400, #4234 ) ) ;
#704 = FACE_OUTER_BOUND ( 'NONE', #3750, .T. ) ;
#705 = EDGE_CURVE ( 'NONE', #4480, #2735, #3915, .T. ) ;
#706 = CARTESIAN_POINT ( 'NONE',  ( -8.970000000000000639, -19.79095546287929963, -18.02047519957776700 ) ) ;
#707 = ORIENTED_EDGE ( 'NONE', *, *, #1561, .F. ) ;
#708 = CARTESIAN_POINT ( 'NONE',  ( -8.914999999999997371, -20.19999999999999929, -6.049999999999995381 ) ) ;
#709 = CARTESIAN_POINT ( 'NONE',  ( -6.920000000000001705, -20.00000000000000000, -6.049999999999992717 ) ) ;
#710 = DIRECTION ( 'NONE',  ( -0.000000000000000000, -0.000000000000000000, 1.000000000000000000 ) ) ;
#711 = VERTEX_POINT ( 'NONE', #3040 ) ;
#712 = CARTESIAN_POINT ( 'NONE',  ( -13.22000000000000242, 18.41666666666665009, -1.800000000000000044 ) ) ;
#713 = ORIENTED_EDGE ( 'NONE', *, *, #2952, .F. ) ;
#714 = ORIENTED_EDGE ( 'NONE', *, *, #1945, .F. ) ;
#715 = CARTESIAN_POINT ( 'NONE',  ( -4.719999999999998863, -20.13171739020800644, -1.942446462674368046 ) ) ;
#716 = ORIENTED_EDGE ( 'NONE', *, *, #2320, .T. ) ;
#717 = ORIENTED_EDGE ( 'NONE', *, *, #1128, .F. ) ;
#718 = PLANE ( 'NONE',  #3392 ) ;
#719 = DIRECTION ( 'NONE',  ( 1.000000000000000000, 0.000000000000000000, 0.000000000000000000 ) ) ;
#720 = DIRECTION ( 'NONE',  ( 1.000000000000000000, 0.000000000000000000, 0.000000000000000000 ) ) ;
#721 = VECTOR ( 'NONE', #1363, 1000.000000000000000 ) ;
#722 = VECTOR ( 'NONE', #895, 1000.000000000000000 ) ;
#723 = DIRECTION ( 'NONE',  ( -0.000000000000000000, -0.000000000000000000, 1.000000000000000000 ) ) ;
#724 = VECTOR ( 'NONE', #1800, 1000.000000000000000 ) ;
#725 = EDGE_CURVE ( 'NONE', #488, #4266, #3415, .T. ) ;
#726 = AXIS2_PLACEMENT_3D ( 'NONE', #125, #2271, #898 ) ;
#727 = CARTESIAN_POINT ( 'NONE',  ( -4.879342922605667709, -0.1256880636728806566, -0.05000000000000000278 ) ) ;
#728 = CIRCLE ( 'NONE', #3700, 3.149999999999999911 ) ;
#729 = EDGE_CURVE ( 'NONE', #4162, #4245, #144, .T. ) ;
#730 = ORIENTED_EDGE ( 'NONE', *, *, #1237, .T. ) ;
#731 = AXIS2_PLACEMENT_3D ( 'NONE', #2203, #3200, #4229 ) ;
#732 = ADVANCED_FACE ( 'NONE', ( #2313 ), #2333, .F. ) ;
#733 = CARTESIAN_POINT ( 'NONE',  ( 4.719999999999999751, 20.19659494025138713, -3.537984260931485991 ) ) ;
#734 = DIRECTION ( 'NONE',  ( 9.682177540335671144E-17, 1.000000000000000000, 0.000000000000000000 ) ) ;
#735 = ORIENTED_EDGE ( 'NONE', *, *, #900, .F. ) ;
#736 = EDGE_CURVE ( 'NONE', #3789, #2034, #850, .T. ) ;
#737 = FACE_OUTER_BOUND ( 'NONE', #1352, .T. ) ;
#738 = EDGE_LOOP ( 'NONE', ( #2045, #2532, #747, #317 ) ) ;
#739 = DIRECTION ( 'NONE',  ( 0.000000000000000000, -1.000000000000000000, 0.000000000000000000 ) ) ;
#740 = ORIENTED_EDGE ( 'NONE', *, *, #3501, .T. ) ;
#741 = VECTOR ( 'NONE', #2036, 1000.000000000000000 ) ;
#742 = ORIENTED_EDGE ( 'NONE', *, *, #3552, .T. ) ;
#743 = CARTESIAN_POINT ( 'NONE',  ( -13.21999999999999886, 20.13465588649388138, -6.831643267166211508 ) ) ;
#744 = CARTESIAN_POINT ( 'NONE',  ( -6.920000000000001705, -20.15086904676632429, -2.218151213717482584 ) ) ;
#745 = CARTESIAN_POINT ( 'NONE',  ( 6.919999999999999929, -20.14504613594076687, -2.131391819658687847 ) ) ;
#746 = CARTESIAN_POINT ( 'NONE',  ( 4.719999999999999751, -20.03166874728551861, -1.199999999999999734 ) ) ;
#747 = ORIENTED_EDGE ( 'NONE', *, *, #2948, .F. ) ;
#748 = LINE ( 'NONE', #2585, #547 ) ;
#749 = EDGE_CURVE ( 'NONE', #992, #551, #1223, .T. ) ;
#750 = ORIENTED_EDGE ( 'NONE', *, *, #2551, .T. ) ;
#751 = CARTESIAN_POINT ( 'NONE',  ( -11.22500000000000497, -19.99999999999999645, -6.049999999999995381 ) ) ;
#752 = EDGE_CURVE ( 'NONE', #3244, #1682, #1929, .T. ) ;
#753 = DIRECTION ( 'NONE',  ( -1.000000000000000000, 0.000000000000000000, 0.000000000000000000 ) ) ;
#754 = ORIENTED_EDGE ( 'NONE', *, *, #3340, .F. ) ;
#755 = DIRECTION ( 'NONE',  ( -0.000000000000000000, -0.000000000000000000, 1.000000000000000000 ) ) ;
#756 = ORIENTED_EDGE ( 'NONE', *, *, #3945, .T. ) ;
#757 = CARTESIAN_POINT ( 'NONE',  ( -4.719999999999998863, -20.10831179421894177, -1.677439812424878829 ) ) ;
#758 = VERTEX_POINT ( 'NONE', #236 ) ;
#759 = VERTEX_POINT ( 'NONE', #3365 ) ;
#760 = EDGE_CURVE ( 'NONE', #1010, #2568, #2829, .T. ) ;
#761 = DIRECTION ( 'NONE',  ( 0.000000000000000000, -0.000000000000000000, 1.000000000000000000 ) ) ;
#762 = EDGE_CURVE ( 'NONE', #3459, #2238, #588, .T. ) ;
#763 = CARTESIAN_POINT ( 'NONE',  ( -6.919999999999998153, -20.03178943724278582, -1.201243746590418215 ) ) ;
#764 = AXIS2_PLACEMENT_3D ( 'NONE', #1801, #1347, #3917 ) ;
#765 = CARTESIAN_POINT ( 'NONE',  ( 6.919999999999998153, -20.10832610144845134, -1.677599366186256269 ) ) ;
#766 = CARTESIAN_POINT ( 'NONE',  ( -4.723784007440428034, -6.069504138585642750, -0.05000000000000000278 ) ) ;
#767 = DIRECTION ( 'NONE',  ( 0.000000000000000000, 0.000000000000000000, -1.000000000000000000 ) ) ;
#768 = ORIENTED_EDGE ( 'NONE', *, *, #4617, .T. ) ;
#769 = CYLINDRICAL_SURFACE ( 'NONE', #3841, 1.060308641975302280 ) ;
#770 = CARTESIAN_POINT ( 'NONE',  ( -8.915000000000002700, -20.19999999999999929, -9.049999999999995381 ) ) ;
#771 = FACE_OUTER_BOUND ( 'NONE', #2788, .T. ) ;
#772 = FACE_OUTER_BOUND ( 'NONE', #4625, .T. ) ;
#773 = CARTESIAN_POINT ( 'NONE',  ( 4.719999999999998863, 21.56666666666665932, -27.40916823960234794 ) ) ;
#774 = EDGE_LOOP ( 'NONE', ( #3538, #1370, #4354, #1181 ) ) ;
#775 = ADVANCED_FACE ( 'NONE', ( #1596 ), #3736, .F. ) ;
#776 = CARTESIAN_POINT ( 'NONE',  ( -20.06666666666665577, 4.494999999999998330, -41.50206437473708831 ) ) ;
#777 = CARTESIAN_POINT ( 'NONE',  ( -13.21999999999999531, 20.17310723678404827, -7.547425145945822145 ) ) ;
#778 = CARTESIAN_POINT ( 'NONE',  ( -4.723784007440428034, -6.069504138585642750, 0.000000000000000000 ) ) ;
#779 = ADVANCED_FACE ( 'NONE', ( #1577 ), #3014, .F. ) ;
#780 = DIRECTION ( 'NONE',  ( -0.000000000000000000, -0.000000000000000000, 1.000000000000000000 ) ) ;
#781 = ORIENTED_EDGE ( 'NONE', *, *, #671, .F. ) ;
#782 = CARTESIAN_POINT ( 'NONE',  ( -7.030000000000002913, -20.19999999999999929, -4.200000000000000178 ) ) ;
#783 = LINE ( 'NONE', #3943, #487 ) ;
#784 = CARTESIAN_POINT ( 'NONE',  ( -4.719999999999997975, 20.10739701523294443, -6.518459906142440197 ) ) ;
#785 = ORIENTED_EDGE ( 'NONE', *, *, #4490, .F. ) ;
#786 = VECTOR ( 'NONE', #2321, 1000.000000000000000 ) ;
#787 = CARTESIAN_POINT ( 'NONE',  ( 17.91666666666666430, -20.56666666666666288, -1.199999999999999956 ) ) ;
#788 = AXIS2_PLACEMENT_3D ( 'NONE', #4329, #2939, #3970 ) ;
#789 = DIRECTION ( 'NONE',  ( 0.000000000000000000, 0.000000000000000000, -1.000000000000000000 ) ) ;
#790 = CIRCLE ( 'NONE', #867, 1.060308641975302280 ) ;
#791 = CIRCLE ( 'NONE', #3248, 3.150000000000001688 ) ;
#792 = ORIENTED_EDGE ( 'NONE', *, *, #3822, .F. ) ;
#793 = AXIS2_PLACEMENT_3D ( 'NONE', #1643, #233, #4159 ) ;
#794 = DIRECTION ( 'NONE',  ( -1.936435508067133736E-16, -1.000000000000000000, -0.000000000000000000 ) ) ;
#795 = VECTOR ( 'NONE', #2355, 1000.000000000000000 ) ;
#796 = CARTESIAN_POINT ( 'NONE',  ( 13.22000000000002551, -21.56666666666665577, -10.80000000000000426 ) ) ;
#797 = ORIENTED_EDGE ( 'NONE', *, *, #519, .F. ) ;
#798 = PLANE ( 'NONE',  #4014 ) ;
#799 = AXIS2_PLACEMENT_3D ( 'NONE', #3324, #1557, #474 ) ;
#800 = VERTEX_POINT ( 'NONE', #4442 ) ;
#801 = AXIS2_PLACEMENT_3D ( 'NONE', #211, #4538, #255 ) ;
#802 = AXIS2_PLACEMENT_3D ( 'NONE', #3583, #4479, #2613 ) ;
#803 = DIRECTION ( 'NONE',  ( 1.000000000000000000, 0.000000000000000000, 0.000000000000000000 ) ) ;
#804 = ORIENTED_EDGE ( 'NONE', *, *, #1154, .T. ) ;
#805 = CIRCLE ( 'NONE', #4534, 2.149999999999999023 ) ;
#806 = EDGE_CURVE ( 'NONE', #3360, #3539, #3344, .T. ) ;
#807 = CARTESIAN_POINT ( 'NONE',  ( 4.719999999999998863, -20.56666666666666288, 0.002000000000000048614 ) ) ;
#808 = CARTESIAN_POINT ( 'NONE',  ( -6.920000000000002593, -20.12134782606619154, -1.814213919523331775 ) ) ;
#809 = CARTESIAN_POINT ( 'NONE',  ( 6.919999999999996376, -20.17332335005270849, -2.703054953722354270 ) ) ;
#810 = ORIENTED_EDGE ( 'NONE', *, *, #4384, .F. ) ;
#811 = DIRECTION ( 'NONE',  ( 0.000000000000000000, 0.000000000000000000, -1.000000000000000000 ) ) ;
#812 = EDGE_CURVE ( 'NONE', #3971, #582, #2743, .T. ) ;
#813 = CARTESIAN_POINT ( 'NONE',  ( 4.720000000000000639, -20.17249166989999765, -2.681592386979178677 ) ) ;
#814 = VECTOR ( 'NONE', #3807, 1000.000000000000000 ) ;
#815 = LINE ( 'NONE', #59, #3066 ) ;
#816 = EDGE_CURVE ( 'NONE', #2988, #2499, #2294, .T. ) ;
#817 = ORIENTED_EDGE ( 'NONE', *, *, #543, .T. ) ;
#818 = CARTESIAN_POINT ( 'NONE',  ( -17.91666666666666430, 21.56666666666665932, -1.199999999999999956 ) ) ;
#819 = EDGE_CURVE ( 'NONE', #589, #2160, #1289, .T. ) ;
#820 = CARTESIAN_POINT ( 'NONE',  ( 21.06666666666666288, 18.41666666666666430, -1.800000000000000044 ) ) ;
#821 = EDGE_CURVE ( 'NONE', #1166, #4548, #2705, .T. ) ;
#822 = ORIENTED_EDGE ( 'NONE', *, *, #1079, .F. ) ;
#823 = CARTESIAN_POINT ( 'NONE',  ( 4.719999999999997087, 20.09579950607178489, -1.565293205231903517 ) ) ;
#824 = CARTESIAN_POINT ( 'NONE',  ( -20.06666666666665932, 18.41666666666665719, -1.800000000000002931 ) ) ;
#825 = DIRECTION ( 'NONE',  ( 0.000000000000000000, -0.000000000000000000, 1.000000000000000000 ) ) ;
#826 = CARTESIAN_POINT ( 'NONE',  ( -2.477412760348212561, -3.351423184354708873, -0.05000000000000000278 ) ) ;
#827 = ORIENTED_EDGE ( 'NONE', *, *, #1237, .F. ) ;
#828 = DIRECTION ( 'NONE',  ( -1.000000000000000000, 0.000000000000000000, -0.000000000000000000 ) ) ;
#829 = DIRECTION ( 'NONE',  ( -1.000000000000000000, 9.419312991729270339E-17, 0.000000000000000000 ) ) ;
#830 = CARTESIAN_POINT ( 'NONE',  ( -13.22000000000000419, -20.50833333333332575, -17.23969135802470021 ) ) ;
#831 = CARTESIAN_POINT ( 'NONE',  ( -6.920000000000001705, -20.06529439173718998, -1.319638572457182413 ) ) ;
#832 = CARTESIAN_POINT ( 'NONE',  ( -27.28015151297764973, -2.400000000000010125, 0.000000000000000000 ) ) ;
#833 = CARTESIAN_POINT ( 'NONE',  ( -6.223333333333332718, -20.19999999999999929, -1.199999999999999734 ) ) ;
#834 = DIRECTION ( 'NONE',  ( -1.000000000000000000, 0.000000000000000000, 0.000000000000000000 ) ) ;
#835 = DIRECTION ( 'NONE',  ( -1.636055208175143726E-15, 1.000000000000000000, 0.000000000000000000 ) ) ;
#836 = ORIENTED_EDGE ( 'NONE', *, *, #173, .F. ) ;
#837 = EDGE_CURVE ( 'NONE', #1753, #1923, #4132, .T. ) ;
#838 = CARTESIAN_POINT ( 'NONE',  ( 13.22000000000000419, 19.79095546287933161, -18.02047519957779187 ) ) ;
#839 = CARTESIAN_POINT ( 'NONE',  ( 20.06666666666666288, -18.41666666666666430, -41.50206437473708831 ) ) ;
#840 = EDGE_LOOP ( 'NONE', ( #1868, #1855, #29, #1484 ) ) ;
#841 = EDGE_CURVE ( 'NONE', #512, #3378, #610, .T. ) ;
#842 = DIRECTION ( 'NONE',  ( -1.883862598345854807E-16, 1.000000000000000000, 0.000000000000000000 ) ) ;
#843 = DIRECTION ( 'NONE',  ( 0.000000000000000000, 0.000000000000000000, -1.000000000000000000 ) ) ;
#844 = CARTESIAN_POINT ( 'NONE',  ( -6.920000000000001705, -20.56666666666666288, -41.50206437473708831 ) ) ;
#845 = CARTESIAN_POINT ( 'NONE',  ( -4.719999999999998863, 20.19999999999999929, 0.002000000000000048614 ) ) ;
#846 = ORIENTED_EDGE ( 'NONE', *, *, #1189, .T. ) ;
#847 = DIRECTION ( 'NONE',  ( 1.000000000000000000, 0.000000000000000000, 0.000000000000000000 ) ) ;
#848 = CARTESIAN_POINT ( 'NONE',  ( -20.06666666666665577, 2.400000000000003020, -1.800000000000000044 ) ) ;
#849 = CARTESIAN_POINT ( 'NONE',  ( -15.25002883514971863, -2.400000000000009237, -2.199999999999999289 ) ) ;
#850 = LINE ( 'NONE', #188, #2220 ) ;
#851 = CARTESIAN_POINT ( 'NONE',  ( 4.719999999999998863, 20.00000000000000000, -1.199999999999999956 ) ) ;
#852 = CARTESIAN_POINT ( 'NONE',  ( 4.719999999999999751, -20.19092508697731247, -3.155805175443503696 ) ) ;
#853 = CARTESIAN_POINT ( 'NONE',  ( 15.41666666666665542, -18.06666666666666288, -1.199999999999999956 ) ) ;
#854 = DIRECTION ( 'NONE',  ( 0.000000000000000000, -1.000000000000000000, 0.000000000000000000 ) ) ;
#855 = ORIENTED_EDGE ( 'NONE', *, *, #4398, .T. ) ;
#856 = CARTESIAN_POINT ( 'NONE',  ( -17.56666666666665577, 4.494999999999998330, -6.049999999999992717 ) ) ;
#857 = EDGE_CURVE ( 'NONE', #2234, #2680, #2408, .T. ) ;
#858 = ORIENTED_EDGE ( 'NONE', *, *, #1356, .T. ) ;
#859 = APPLICATION_CONTEXT ( 'automotive_design' ) ;
#860 = DIRECTION ( 'NONE',  ( 1.000000000000000000, -4.081702296416016490E-16, 0.000000000000000000 ) ) ;
#861 = CIRCLE ( 'NONE', #2053, 3.149999999999999911 ) ;
#862 = AXIS2_PLACEMENT_3D ( 'NONE', #56, #1488, #1160 ) ;
#863 = EDGE_CURVE ( 'NONE', #3971, #3194, #3488, .T. ) ;
#864 = LINE ( 'NONE', #2590, #4614 ) ;
#865 = DIRECTION ( 'NONE',  ( -1.000000000000000000, 0.000000000000000000, 0.000000000000000000 ) ) ;
#866 = PLANE ( 'NONE',  #1408 ) ;
#867 = AXIS2_PLACEMENT_3D ( 'NONE', #4448, #1558, #901 ) ;
#868 = ORIENTED_EDGE ( 'NONE', *, *, #4054, .F. ) ;
#869 = ADVANCED_FACE ( 'NONE', ( #3513 ), #2841, .F. ) ;
#870 = VECTOR ( 'NONE', #2031, 1000.000000000000000 ) ;
#871 = LINE ( 'NONE', #3379, #2205 ) ;
#872 = EDGE_CURVE ( 'NONE', #2012, #2842, #2058, .T. ) ;
#873 = DIRECTION ( 'NONE',  ( 0.000000000000000000, 0.000000000000000000, -1.000000000000000000 ) ) ;
#874 = VECTOR ( 'NONE', #4056, 1000.000000000000000 ) ;
#875 = LINE ( 'NONE', #3197, #3175 ) ;
#876 = CARTESIAN_POINT ( 'NONE',  ( -17.56666666666665577, 4.494999999999998330, -41.50206437473708831 ) ) ;
#877 = LINE ( 'NONE', #518, #3325 ) ;
#878 = AXIS2_PLACEMENT_3D ( 'NONE', #3097, #4529, #1731 ) ;
#879 = AXIS2_PLACEMENT_3D ( 'NONE', #4178, #1709, #4100 ) ;
#880 = CARTESIAN_POINT ( 'NONE',  ( 4.719999999999997975, -20.10739701523295153, -1.668459906142537585 ) ) ;
#881 = DIRECTION ( 'NONE',  ( 1.000000000000000000, 0.000000000000000000, -0.000000000000000000 ) ) ;
#882 = CARTESIAN_POINT ( 'NONE',  ( 2.854303231614408798, 20.50833333333332575, -18.30000000000000426 ) ) ;
#883 = ORIENTED_EDGE ( 'NONE', *, *, #4114, .F. ) ;
#884 = AXIS2_PLACEMENT_3D ( 'NONE', #4422, #2974, #495 ) ;
#885 = CARTESIAN_POINT ( 'NONE',  ( 5.416666666666665186, -20.19999999999999929, -4.200000000000000178 ) ) ;
#886 = ORIENTED_EDGE ( 'NONE', *, *, #2740, .F. ) ;
#887 = CARTESIAN_POINT ( 'NONE',  ( 4.719999999999998863, 20.06371770714295977, -1.312638590050093867 ) ) ;
#888 = DIRECTION ( 'NONE',  ( -1.000000000000000000, 0.000000000000000000, 0.000000000000000000 ) ) ;
#889 = PLANE ( 'NONE',  #3404 ) ;
#890 = ORIENTED_EDGE ( 'NONE', *, *, #3120, .F. ) ;
#891 = EDGE_CURVE ( 'NONE', #4190, #616, #690, .T. ) ;
#892 = CARTESIAN_POINT ( 'NONE',  ( 5.453333333333332256, -20.19999999999999929, -4.200000000000000178 ) ) ;
#893 = ORIENTED_EDGE ( 'NONE', *, *, #900, .T. ) ;
#894 = PLANE ( 'NONE',  #3696 ) ;
#895 = DIRECTION ( 'NONE',  ( -0.000000000000000000, -0.000000000000000000, 1.000000000000000000 ) ) ;
#896 = CARTESIAN_POINT ( 'NONE',  ( 4.719999999999997087, 20.50833333333331510, -17.23969135802470021 ) ) ;
#897 = EDGE_CURVE ( 'NONE', #1457, #412, #1690, .T. ) ;
#898 = DIRECTION ( 'NONE',  ( 0.000000000000000000, 0.000000000000000000, 1.000000000000000000 ) ) ;
#899 = EDGE_LOOP ( 'NONE', ( #333, #2395, #511, #1702 ) ) ;
#900 = EDGE_CURVE ( 'NONE', #1718, #3472, #1012, .T. ) ;
#901 = DIRECTION ( 'NONE',  ( 0.000000000000000000, 0.000000000000000000, -1.000000000000000000 ) ) ;
#902 = CARTESIAN_POINT ( 'NONE',  ( 13.21999999999999709, -20.10452134380803813, -6.492243154551267104 ) ) ;
#903 = CARTESIAN_POINT ( 'NONE',  ( -13.21999999999999886, -20.56666666666666288, -41.50206437473708831 ) ) ;
#904 = CARTESIAN_POINT ( 'NONE',  ( -4.719999999999998863, -20.19999999999999929, -1.800000000000000044 ) ) ;
#905 = CARTESIAN_POINT ( 'NONE',  ( -4.723784007440428034, -10.18971810567937020, -0.05000000000000000278 ) ) ;
#906 = DIRECTION ( 'NONE',  ( 1.000000000000000000, 0.000000000000000000, -0.000000000000000000 ) ) ;
#907 = LINE ( 'NONE', #4040, #1912 ) ;
#908 = ORIENTED_EDGE ( 'NONE', *, *, #171, .T. ) ;
#909 = ORIENTED_EDGE ( 'NONE', *, *, #2850, .T. ) ;
#910 = CARTESIAN_POINT ( 'NONE',  ( -17.91666666666666430, 18.41666666666665719, -0.5000000000000000000 ) ) ;
#911 = ORIENTED_EDGE ( 'NONE', *, *, #176, .T. ) ;
#912 = LINE ( 'NONE', #1338, #357 ) ;
#913 = DIRECTION ( 'NONE',  ( -1.230601329064322048E-16, 1.000000000000000000, 0.000000000000000000 ) ) ;
#914 = EDGE_CURVE ( 'NONE', #3904, #589, #664, .T. ) ;
#915 = DIRECTION ( 'NONE',  ( -1.000000000000000000, 0.000000000000000000, 0.000000000000000000 ) ) ;
#916 = ORIENTED_EDGE ( 'NONE', *, *, #4174, .F. ) ;
#917 = CARTESIAN_POINT ( 'NONE',  ( -13.38475652638007318, 11.71179331365875420, 0.000000000000000000 ) ) ;
#918 = EDGE_LOOP ( 'NONE', ( #2407, #4185, #1669, #2881 ) ) ;
#919 = EDGE_LOOP ( 'NONE', ( #2386, #964, #2785, #1437 ) ) ;
#920 = LINE ( 'NONE', #4571, #3623 ) ;
#921 = EDGE_CURVE ( 'NONE', #4010, #2869, #1741, .T. ) ;
#922 = CARTESIAN_POINT ( 'NONE',  ( -13.22000000000002551, 20.50833333333332575, -18.30000000000000426 ) ) ;
#923 = CARTESIAN_POINT ( 'NONE',  ( -13.21999999999999886, -19.99999999999999645, -6.049999999999994493 ) ) ;
#924 = ORIENTED_EDGE ( 'NONE', *, *, #671, .T. ) ;
#925 = CARTESIAN_POINT ( 'NONE',  ( 7.030000000000002913, -20.19999999999999929, -4.200000000000000178 ) ) ;
#926 = EDGE_CURVE ( 'NONE', #759, #4136, #257, .T. ) ;
#927 = VERTEX_POINT ( 'NONE', #3563 ) ;
#928 = CARTESIAN_POINT ( 'NONE',  ( 13.22000000000000242, -16.62499999999999645, -6.049999999999994493 ) ) ;
#929 = CARTESIAN_POINT ( 'NONE',  ( -13.22000000000000064, -20.12834852173288169, -6.749196007461992330 ) ) ;
#930 = CARTESIAN_POINT ( 'NONE',  ( -15.41666666666665719, -15.91666666666666252, -1.199999999999999956 ) ) ;
#931 = ORIENTED_EDGE ( 'NONE', *, *, #3635, .F. ) ;
#932 = VECTOR ( 'NONE', #2457, 1000.000000000000000 ) ;
#933 = DIRECTION ( 'NONE',  ( 1.000000000000000000, 0.000000000000000000, 0.000000000000000000 ) ) ;
#934 = VECTOR ( 'NONE', #2653, 1000.000000000000000 ) ;
#935 = ORIENTED_EDGE ( 'NONE', *, *, #2545, .T. ) ;
#936 = CARTESIAN_POINT ( 'NONE',  ( 13.21999999999999886, -20.19999999999999574, -27.40916823960234794 ) ) ;
#937 = AXIS2_PLACEMENT_3D ( 'NONE', #1839, #3219, #2117 ) ;
#938 = EDGE_LOOP ( 'NONE', ( #2455, #1674, #1342, #1666 ) ) ;
#939 = DIRECTION ( 'NONE',  ( -9.419312991729270339E-17, -1.000000000000000000, 0.000000000000000000 ) ) ;
#940 = VECTOR ( 'NONE', #3688, 1000.000000000000114 ) ;
#941 = ORIENTED_EDGE ( 'NONE', *, *, #857, .T. ) ;
#942 = DIRECTION ( 'NONE',  ( 4.818676322157800333E-16, -0.000000000000000000, 1.000000000000000000 ) ) ;
#943 = ORIENTED_EDGE ( 'NONE', *, *, #601, .F. ) ;
#944 = VERTEX_POINT ( 'NONE', #3188 ) ;
#945 = EDGE_CURVE ( 'NONE', #2486, #2680, #1366, .T. ) ;
#946 = VECTOR ( 'NONE', #533, 1000.000000000000000 ) ;
#947 = DIRECTION ( 'NONE',  ( 1.000000000000000000, 0.000000000000000000, 0.000000000000000000 ) ) ;
#948 = LINE ( 'NONE', #3369, #2616 ) ;
#949 = DIRECTION ( 'NONE',  ( 0.000000000000000000, 0.000000000000000000, -1.000000000000000000 ) ) ;
#950 = VERTEX_POINT ( 'NONE', #4564 ) ;
#951 = ADVANCED_FACE ( 'NONE', ( #313 ), #1389, .T. ) ;
#952 = FACE_OUTER_BOUND ( 'NONE', #4499, .T. ) ;
#953 = ORIENTED_EDGE ( 'NONE', *, *, #729, .T. ) ;
#954 = VECTOR ( 'NONE', #4589, 1000.000000000000000 ) ;
#955 = DIRECTION ( 'NONE',  ( -1.000000000000000000, -9.011550524554841969E-17, 0.000000000000000000 ) ) ;
#956 = ADVANCED_FACE ( 'NONE', ( #1044 ), #1340, .T. ) ;
#957 = EDGE_CURVE ( 'NONE', #3378, #3380, #2461, .T. ) ;
#958 = DIRECTION ( 'NONE',  ( 0.000000000000000000, 0.9901900901848936787, 0.1397268238372009752 ) ) ;
#959 = CARTESIAN_POINT ( 'NONE',  ( -6.920000000000002593, -20.14503449320046613, -6.981167547519272709 ) ) ;
#960 = VERTEX_POINT ( 'NONE', #1665 ) ;
#961 = DIRECTION ( 'NONE',  ( 0.000000000000000000, -1.000000000000000000, 0.000000000000000000 ) ) ;
#962 = ORIENTED_EDGE ( 'NONE', *, *, #1293, .F. ) ;
#963 = DIRECTION ( 'NONE',  ( 0.000000000000000000, 0.000000000000000000, -1.000000000000000000 ) ) ;
#964 = ORIENTED_EDGE ( 'NONE', *, *, #334, .T. ) ;
#965 = CARTESIAN_POINT ( 'NONE',  ( 20.06666666666665577, 12.25000000000000355, -6.049999999999992717 ) ) ;
#966 = VERTEX_POINT ( 'NONE', #1422 ) ;
#967 = ORIENTED_EDGE ( 'NONE', *, *, #891, .F. ) ;
#968 = CARTESIAN_POINT ( 'NONE',  ( -4.719999999999999751, -20.13819050414586442, -2.030527454191082715 ) ) ;
#969 = VERTEX_POINT ( 'NONE', #4262 ) ;
#970 = VERTEX_POINT ( 'NONE', #3909 ) ;
#971 = CARTESIAN_POINT ( 'NONE',  ( -13.21999999999999886, 20.19659494025138002, -8.387984260931487412 ) ) ;
#972 = DIRECTION ( 'NONE',  ( -1.000000000000000000, 9.682177540335671144E-17, 0.000000000000000000 ) ) ;
#973 = LINE ( 'NONE', #3871, #1768 ) ;
#974 = ORIENTED_EDGE ( 'NONE', *, *, #300, .T. ) ;
#975 = CARTESIAN_POINT ( 'NONE',  ( -6.292840671453329371, -20.50833333333330444, -17.23969135802470021 ) ) ;
#976 = EDGE_CURVE ( 'NONE', #2088, #992, #4509, .T. ) ;
#977 = ORIENTED_EDGE ( 'NONE', *, *, #3686, .T. ) ;
#978 = DIRECTION ( 'NONE',  ( -1.000000000000000000, 0.000000000000000000, 0.000000000000000000 ) ) ;
#979 = LINE ( 'NONE', #174, #3999 ) ;
#980 = CARTESIAN_POINT ( 'NONE',  ( -4.719999999999998863, -20.56666666666665932, -1.199999999999999956 ) ) ;
#981 = CARTESIAN_POINT ( 'NONE',  ( -13.21999999999999353, -20.10739701523293732, -6.518459906142506810 ) ) ;
#982 = ADVANCED_FACE ( 'NONE', ( #2734 ), #4161, .T. ) ;
#983 = CARTESIAN_POINT ( 'NONE',  ( -6.920000000000003482, -20.13208440688162071, -6.797290515709216940 ) ) ;
#984 = ORIENTED_EDGE ( 'NONE', *, *, #1259, .T. ) ;
#985 = FACE_BOUND ( 'NONE', #2745, .T. ) ;
#986 = CARTESIAN_POINT ( 'NONE',  ( -4.232501089925345461, 10.18971810567936487, -0.05000000000000000278 ) ) ;
#987 = VERTEX_POINT ( 'NONE', #2548 ) ;
#988 = DIRECTION ( 'NONE',  ( 0.000000000000000000, -0.000000000000000000, 1.000000000000000000 ) ) ;
#989 = VERTEX_POINT ( 'NONE', #2860 ) ;
#990 = VERTEX_POINT ( 'NONE', #2920 ) ;
#991 = CARTESIAN_POINT ( 'NONE',  ( -10.61524347361992682, 12.28820668634124580, -10.78483074862842273 ) ) ;
#992 = VERTEX_POINT ( 'NONE', #367 ) ;
#993 = ORIENTED_EDGE ( 'NONE', *, *, #1561, .T. ) ;
#994 = CARTESIAN_POINT ( 'NONE',  ( -21.06666666666665932, -18.41666666666666430, -1.199999999999999956 ) ) ;
#995 = CARTESIAN_POINT ( 'NONE',  ( -4.879342922605667709, -0.1256880636728806566, 0.000000000000000000 ) ) ;
#996 = CARTESIAN_POINT ( 'NONE',  ( 2.900000000000000799, 20.56666666666664867, -2.849999999999992983 ) ) ;
#997 = VERTEX_POINT ( 'NONE', #2174 ) ;
#998 = CARTESIAN_POINT ( 'NONE',  ( 0.000000000000000000, 0.000000000000000000, -0.05000000000000000278 ) ) ;
#999 = ORIENTED_EDGE ( 'NONE', *, *, #147, .T. ) ;
#1000 = CARTESIAN_POINT ( 'NONE',  ( -20.06666666666665577, -2.400000000000009681, -1.800000000000000044 ) ) ;
#1001 = DIRECTION ( 'NONE',  ( -0.000000000000000000, -0.000000000000000000, -1.000000000000000000 ) ) ;
#1002 = EDGE_CURVE ( 'NONE', #4242, #3435, #1794, .T. ) ;
#1003 = CARTESIAN_POINT ( 'NONE',  ( -13.22000000000000064, -20.12137088710707644, -6.664468230633477042 ) ) ;
#1004 = CARTESIAN_POINT ( 'NONE',  ( -6.920000000000003482, -20.18020809021117401, -7.744817727912398198 ) ) ;
#1005 = ORIENTED_EDGE ( 'NONE', *, *, #4384, .T. ) ;
#1006 = LINE ( 'NONE', #1984, #2584 ) ;
#1007 = EDGE_CURVE ( 'NONE', #1059, #4136, #384, .T. ) ;
#1008 = CARTESIAN_POINT ( 'NONE',  ( -6.292840671453329371, 20.50833333333330444, -17.23969135802470021 ) ) ;
#1009 = DIRECTION ( 'NONE',  ( -0.000000000000000000, -0.000000000000000000, 1.000000000000000000 ) ) ;
#1010 = VERTEX_POINT ( 'NONE', #4347 ) ;
#1011 = ADVANCED_FACE ( 'NONE', ( #3292 ), #798, .F. ) ;
#1012 = LINE ( 'NONE', #3832, #1419 ) ;
#1013 = EDGE_LOOP ( 'NONE', ( #4590, #318, #2363, #371, #3230, #4563 ) ) ;
#1014 = CIRCLE ( 'NONE', #3551, 1.060308641975302280 ) ;
#1015 = ORIENTED_EDGE ( 'NONE', *, *, #1497, .T. ) ;
#1016 = CARTESIAN_POINT ( 'NONE',  ( -17.56666666666665577, -4.495000000000003659, -1.199999999999999956 ) ) ;
#1017 = ORIENTED_EDGE ( 'NONE', *, *, #1700, .T. ) ;
#1018 = EDGE_LOOP ( 'NONE', ( #57, #4407, #1367, #3561 ) ) ;
#1019 = ADVANCED_FACE ( 'NONE', ( #1112 ), #402, .F. ) ;
#1020 = VECTOR ( 'NONE', #1405, 1000.000000000000000 ) ;
#1021 = DIRECTION ( 'NONE',  ( 1.000000000000000000, -1.936435508067133736E-16, 0.000000000000000000 ) ) ;
#1022 = ADVANCED_FACE ( 'NONE', ( #1874 ), #2193, .F. ) ;
#1023 = AXIS2_PLACEMENT_3D ( 'NONE', #3439, #2063, #1292 ) ;
#1024 = CYLINDRICAL_SURFACE ( 'NONE', #3113, 2.149999999999999023 ) ;
#1025 = VECTOR ( 'NONE', #1697, 1000.000000000000000 ) ;
#1026 = CARTESIAN_POINT ( 'NONE',  ( 8.914999999999993818, -20.19999999999999929, -9.049999999999995381 ) ) ;
#1027 = ORIENTED_EDGE ( 'NONE', *, *, #4324, .F. ) ;
#1028 = AXIS2_PLACEMENT_3D ( 'NONE', #2104, #2170, #3265 ) ;
#1029 = DIRECTION ( 'NONE',  ( 0.000000000000000000, 0.000000000000000000, 1.000000000000000000 ) ) ;
#1030 = AXIS2_PLACEMENT_3D ( 'NONE', #3511, #5, #1739 ) ;
#1031 = EDGE_LOOP ( 'NONE', ( #4020, #263, #1523, #4435 ) ) ;
#1032 = DIRECTION ( 'NONE',  ( 0.000000000000000000, 1.000000000000000000, 0.000000000000000000 ) ) ;
#1033 = ORIENTED_EDGE ( 'NONE', *, *, #4276, .F. ) ;
#1034 = LINE ( 'NONE', #1882, #1618 ) ;
#1035 = VECTOR ( 'NONE', #644, 1000.000000000000000 ) ;
#1036 = VECTOR ( 'NONE', #843, 1000.000000000000000 ) ;
#1037 = DIRECTION ( 'NONE',  ( 0.000000000000000000, 0.000000000000000000, 1.000000000000000000 ) ) ;
#1038 = CARTESIAN_POINT ( 'NONE',  ( -13.21999999999999886, -20.66874999999999574, -17.17500000000000426 ) ) ;
#1039 = ORIENTED_EDGE ( 'NONE', *, *, #3002, .T. ) ;
#1040 = DIRECTION ( 'NONE',  ( -0.000000000000000000, -0.000000000000000000, 1.000000000000000000 ) ) ;
#1041 = CARTESIAN_POINT ( 'NONE',  ( -20.06666666666665577, -18.41666666666666430, -1.800000000000002931 ) ) ;
#1042 = CARTESIAN_POINT ( 'NONE',  ( 17.56666666666665932, 12.25000000000000355, -41.50206437473708831 ) ) ;
#1043 = ORIENTED_EDGE ( 'NONE', *, *, #1579, .F. ) ;
#1044 = FACE_OUTER_BOUND ( 'NONE', #3931, .T. ) ;
#1045 = ORIENTED_EDGE ( 'NONE', *, *, #61, .F. ) ;
#1046 = EDGE_CURVE ( 'NONE', #4084, #2088, #2531, .T. ) ;
#1047 = ORIENTED_EDGE ( 'NONE', *, *, #1574, .F. ) ;
#1048 = CARTESIAN_POINT ( 'NONE',  ( 17.56666666666665932, 12.25000000000000355, -6.049999999999992717 ) ) ;
#1049 = EDGE_LOOP ( 'NONE', ( #105, #2168, #3315, #2765 ) ) ;
#1050 = ORIENTED_EDGE ( 'NONE', *, *, #34, .T. ) ;
#1051 = ORIENTED_EDGE ( 'NONE', *, *, #2474, .F. ) ;
#1052 = CARTESIAN_POINT ( 'NONE',  ( -13.22000000000000064, 20.18020809021116335, -7.744817727912375105 ) ) ;
#1053 = CARTESIAN_POINT ( 'NONE',  ( -20.06666666666665577, -4.495000000000002771, -6.049999999999992717 ) ) ;
#1054 = EDGE_CURVE ( 'NONE', #488, #3525, #4457, .T. ) ;
#1055 = CARTESIAN_POINT ( 'NONE',  ( 13.53500000000000014, -20.19999999999999574, -6.049999999999995381 ) ) ;
#1056 = ORIENTED_EDGE ( 'NONE', *, *, #2645, .F. ) ;
#1057 = LINE ( 'NONE', #4637, #3179 ) ;
#1058 = PLANE ( 'NONE',  #1406 ) ;
#1059 = VERTEX_POINT ( 'NONE', #1854 ) ;
#1060 = DIRECTION ( 'NONE',  ( 0.000000000000000000, -1.000000000000000000, 0.000000000000000000 ) ) ;
#1061 = CARTESIAN_POINT ( 'NONE',  ( -20.06666666666665577, 4.494999999999998330, -41.50206437473708831 ) ) ;
#1062 = ORIENTED_EDGE ( 'NONE', *, *, #1757, .F. ) ;
#1063 = CARTESIAN_POINT ( 'NONE',  ( -17.91666666666666430, 20.56666666666665577, -1.800000000000000044 ) ) ;
#1064 = CARTESIAN_POINT ( 'NONE',  ( -11.11999999999999922, -20.19999999999999574, -9.049999999999995381 ) ) ;
#1065 = CARTESIAN_POINT ( 'NONE',  ( 2.840710077089037888, -7.146170579460782157, -0.05000000000000000278 ) ) ;
#1066 = ORIENTED_EDGE ( 'NONE', *, *, #2850, .F. ) ;
#1067 = VECTOR ( 'NONE', #4009, 1000.000000000000000 ) ;
#1068 = DIRECTION ( 'NONE',  ( 0.4841229182759274607, 0.8749999999999997780, 0.000000000000000000 ) ) ;
#1069 = VERTEX_POINT ( 'NONE', #4305 ) ;
#1070 = ORIENTED_EDGE ( 'NONE', *, *, #4051, .T. ) ;
#1071 = DIRECTION ( 'NONE',  ( -1.000000000000000000, 0.000000000000000000, -0.000000000000000000 ) ) ;
#1072 = VERTEX_POINT ( 'NONE', #1810 ) ;
#1073 = EDGE_LOOP ( 'NONE', ( #3644, #668, #3541, #3790, #2739, #2459, #2666, #1084, #354, #792 ) ) ;
#1074 = EDGE_CURVE ( 'NONE', #1371, #4010, #3616, .T. ) ;
#1075 = DIRECTION ( 'NONE',  ( 0.000000000000000000, 1.000000000000000000, 0.000000000000000000 ) ) ;
#1076 = DIRECTION ( 'NONE',  ( -0.000000000000000000, -0.000000000000000000, 1.000000000000000000 ) ) ;
#1077 = VECTOR ( 'NONE', #3683, 1000.000000000000114 ) ;
#1078 = CARTESIAN_POINT ( 'NONE',  ( 6.920000000000001705, -20.13311783092831320, -1.961025190516845651 ) ) ;
#1079 = EDGE_CURVE ( 'NONE', #2875, #3739, #1309, .T. ) ;
#1080 = DIRECTION ( 'NONE',  ( -1.000000000000000000, 0.000000000000000000, 0.000000000000000000 ) ) ;
#1081 = EDGE_CURVE ( 'NONE', #2968, #3440, #1014, .T. ) ;
#1082 = FACE_OUTER_BOUND ( 'NONE', #2764, .T. ) ;
#1083 = EDGE_CURVE ( 'NONE', #26, #2609, #3399, .T. ) ;
#1084 = ORIENTED_EDGE ( 'NONE', *, *, #4581, .F. ) ;
#1085 = FACE_OUTER_BOUND ( 'NONE', #3713, .T. ) ;
#1086 = CARTESIAN_POINT ( 'NONE',  ( 17.91666666666666430, 21.56666666666666288, -1.800000000000000044 ) ) ;
#1087 = ORIENTED_EDGE ( 'NONE', *, *, #4320, .T. ) ;
#1088 = DIRECTION ( 'NONE',  ( 0.000000000000000000, -1.000000000000000000, 0.000000000000000000 ) ) ;
#1089 = VERTEX_POINT ( 'NONE', #3992 ) ;
#1090 = DIRECTION ( 'NONE',  ( 0.000000000000000000, 0.000000000000000000, 1.000000000000000000 ) ) ;
#1091 = ORIENTED_EDGE ( 'NONE', *, *, #3635, .T. ) ;
#1092 = ORIENTED_EDGE ( 'NONE', *, *, #1416, .T. ) ;
#1093 = CARTESIAN_POINT ( 'NONE',  ( -13.22000000000000242, 20.10830970775395343, -6.527419517144728012 ) ) ;
#1094 = DIRECTION ( 'NONE',  ( 1.000000000000000000, 0.000000000000000000, 0.000000000000000000 ) ) ;
#1095 = ADVANCED_FACE ( 'NONE', ( #3645 ), #7, .T. ) ;
#1096 = CARTESIAN_POINT ( 'NONE',  ( 6.920000000000000817, -20.18020700318047034, -2.894865535457544325 ) ) ;
#1097 = AXIS2_PLACEMENT_3D ( 'NONE', #2074, #3500, #4498 ) ;
#1098 = VECTOR ( 'NONE', #4611, 1000.000000000000000 ) ;
#1099 = CARTESIAN_POINT ( 'NONE',  ( 4.720000000000000639, -20.06515672975468334, -1.318219924002481225 ) ) ;
#1100 = VECTOR ( 'NONE', #834, 1000.000000000000000 ) ;
#1101 = ORIENTED_EDGE ( 'NONE', *, *, #3772, .F. ) ;
#1102 = AXIS2_PLACEMENT_3D ( 'NONE', #4377, #3737, #1597 ) ;
#1103 = EDGE_CURVE ( 'NONE', #1072, #1500, #1442, .T. ) ;
#1104 = FACE_OUTER_BOUND ( 'NONE', #1653, .T. ) ;
#1105 = AXIS2_PLACEMENT_3D ( 'NONE', #4151, #1708, #955 ) ;
#1106 = ORIENTED_EDGE ( 'NONE', *, *, #406, .F. ) ;
#1107 = ADVANCED_FACE ( 'NONE', ( #737 ), #2157, .T. ) ;
#1108 = CARTESIAN_POINT ( 'NONE',  ( -6.605000000000001315, -20.19999999999999929, -9.049999999999995381 ) ) ;
#1109 = CARTESIAN_POINT ( 'NONE',  ( -3.873628607401183643, -5.248796881907741074, 0.000000000000000000 ) ) ;
#1110 = VECTOR ( 'NONE', #3166, 1000.000000000000000 ) ;
#1111 = EDGE_LOOP ( 'NONE', ( #974, #4166, #3847, #1745, #2790, #4323, #324, #3426, #935 ) ) ;
#1112 = FACE_OUTER_BOUND ( 'NONE', #3622, .T. ) ;
#1113 = ORIENTED_EDGE ( 'NONE', *, *, #4549, .F. ) ;
#1114 = CARTESIAN_POINT ( 'NONE',  ( -5.758948872912925232, 9.866548189055240670, -0.05000000000000000278 ) ) ;
#1115 = ORIENTED_EDGE ( 'NONE', *, *, #2628, .T. ) ;
#1116 = ORIENTED_EDGE ( 'NONE', *, *, #2952, .T. ) ;
#1117 = CARTESIAN_POINT ( 'NONE',  ( -4.599999999999997868, 22.50000000000000711, 0.000000000000000000 ) ) ;
#1118 = CARTESIAN_POINT ( 'NONE',  ( 4.943248910074703240, -2.065781894320754208, -0.05000000000000000278 ) ) ;
#1119 = LINE ( 'NONE', #2868, #3558 ) ;
#1120 = VERTEX_POINT ( 'NONE', #4127 ) ;
#1121 = DIRECTION ( 'NONE',  ( -0.000000000000000000, -0.000000000000000000, 1.000000000000000000 ) ) ;
#1122 = DIRECTION ( 'NONE',  ( -0.000000000000000000, 1.000000000000000000, -0.000000000000000000 ) ) ;
#1123 = ORIENTED_EDGE ( 'NONE', *, *, #3210, .T. ) ;
#1124 = CARTESIAN_POINT ( 'NONE',  ( -3.873628607401183643, -5.248796881907741074, -0.05000000000000000278 ) ) ;
#1125 = EDGE_CURVE ( 'NONE', #3768, #1193, #3095, .T. ) ;
#1126 = EDGE_LOOP ( 'NONE', ( #1843, #4310, #3016 ) ) ;
#1127 = CARTESIAN_POINT ( 'NONE',  ( -13.53500000000000014, -19.99999999999999645, -6.049999999999995381 ) ) ;
#1128 = EDGE_CURVE ( 'NONE', #1798, #1153, #907, .T. ) ;
#1129 = FACE_OUTER_BOUND ( 'NONE', #3522, .T. ) ;
#1130 = CARTESIAN_POINT ( 'NONE',  ( -17.91666666666666430, 18.41666666666665719, 0.000000000000000000 ) ) ;
#1131 = CARTESIAN_POINT ( 'NONE',  ( 4.719999999999998863, 20.19999999999999929, -4.200000000000000178 ) ) ;
#1132 = ORIENTED_EDGE ( 'NONE', *, *, #598, .F. ) ;
#1133 = CARTESIAN_POINT ( 'NONE',  ( -17.91666666666665719, -21.56666666666666288, -1.800000000000000044 ) ) ;
#1134 = B_SPLINE_CURVE_WITH_KNOTS ( 'NONE', 3,
 ( #2852, #746, #1099, #2165, #2639, #1580, #4405, #4027, #520, #880, #3302, #475, #1948, #3348, #4095, #540, #194, #1932, #2602, #3368, #3326, #2296, #1599, #813, #852, #3017, #2318 ),
 .UNSPECIFIED., .F., .F.,
 ( 4, 1, 1, 2, 2, 1, 1, 1, 1, 1, 2, 2, 1, 1, 1, 1, 2, 2, 4 ),
 ( 0.000000000000000000, 0.1250000000000004996, 0.1406250000000002776, 0.1425781250000002776, 0.1445312500000002498, 0.1484375000000003886, 0.1562500000000004163, 0.1875000000000008327, 0.2187500000000012490, 0.2343750000000014433, 0.2421875000000014433, 0.2500000000000014433, 0.3750000000000026645, 0.4375000000000031086, 0.4687500000000033862, 0.4843750000000034972, 0.4921875000000036082, 0.5000000000000037748, 1.000000000000000000 ),
 .UNSPECIFIED. ) ;
#1135 = EDGE_LOOP ( 'NONE', ( #810, #1940, #3054, #1318 ) ) ;
#1136 = CARTESIAN_POINT ( 'NONE',  ( -13.22000000000000419, 20.11723391269380912, -6.615303106550485701 ) ) ;
#1137 = CARTESIAN_POINT ( 'NONE',  ( 0.000000000000000000, 18.06666666666666288, -0.05000000000000000278 ) ) ;
#1138 = VECTOR ( 'NONE', #2558, 1000.000000000000000 ) ;
#1139 = CARTESIAN_POINT ( 'NONE',  ( 6.920000000000002593, -20.03112490780437582, -1.201219449745861700 ) ) ;
#1140 = CARTESIAN_POINT ( 'NONE',  ( -4.609999999999997655, -20.00000000000000355, -1.199999999999999734 ) ) ;
#1141 = CARTESIAN_POINT ( 'NONE',  ( -15.82124819948378303, 6.938206686341246154, 11.78977391353786253 ) ) ;
#1142 = CARTESIAN_POINT ( 'NONE',  ( -4.719999999999998863, 20.10201340157418315, -6.469586866141206372 ) ) ;
#1143 = ORIENTED_EDGE ( 'NONE', *, *, #3711, .T. ) ;
#1144 = DIRECTION ( 'NONE',  ( -0.000000000000000000, -0.000000000000000000, 1.000000000000000000 ) ) ;
#1145 = CLOSED_SHELL ( 'NONE', ( #583, #3608, #1728, #4630, #1495, #1924, #2935, #2198, #982, #4008, #2704, #775, #2498, #3577, #1871, #1321, #1210, #1148, #3285, #3902, #4322, #2127, #4520, #2521, #1095, #1163, #2438, #4026, #4080, #3972, #2405, #4087, #3367, #2663, #175, #2820, #2314, #4555, #2176, #2072, #2207, #4426, #1501, #4147, #570, #1898, #956, #3495, #4121, #1689, #4461, #4269, #2317, #467, #2183, #869, #4261, #2772, #2264, #3632, #1818, #1431, #2973, #3528, #2678, #2523, #2026, #3689, #1607, #517, #2943, #3238, #2427, #15, #4210, #539, #106, #1019, #3828, #3345, #4370, #1022, #4431, #1452, #455, #4508, #951, #3735, #4556, #779, #3050, #3461, #2874, #2069, #732, #3153, #1212, #1838, #336, #3256, #3084, #1890, #3796, #3141, #1107, #205, #4376, #3280, #3588, #2378, #3425, #2711, #1504, #124, #3981, #3005, #4062, #2843, #2718, #3115, #4296, #3149, #2495, #4182, #1448, #2575, #1011, #3862, #673, #2468, #4331, #2651, #3546 ) ) ;
#1146 = SURFACE_SIDE_STYLE ('',( #2838 ) ) ;
#1147 = ORIENTED_EDGE ( 'NONE', *, *, #4469, .F. ) ;
#1148 = ADVANCED_FACE ( 'NONE', ( #507 ), #866, .T. ) ;
#1149 = CARTESIAN_POINT ( 'NONE',  ( 4.719999999999998863, 20.17332481513340170, -2.703086493488711106 ) ) ;
#1150 = LINE ( 'NONE', #3336, #361 ) ;
#1151 = ORIENTED_EDGE ( 'NONE', *, *, #3978, .F. ) ;
#1152 = DIRECTION ( 'NONE',  ( 1.636055208175143726E-15, 1.000000000000000000, 0.000000000000000000 ) ) ;
#1153 = VERTEX_POINT ( 'NONE', #1546 ) ;
#1154 = EDGE_CURVE ( 'NONE', #3119, #340, #4060, .T. ) ;
#1155 = LINE ( 'NONE', #404, #2350 ) ;
#1156 = EDGE_CURVE ( 'NONE', #229, #1692, #1896, .T. ) ;
#1157 = CARTESIAN_POINT ( 'NONE',  ( -4.719999999999997975, -21.56666666666665577, -10.80000000000000426 ) ) ;
#1158 = LINE ( 'NONE', #3297, #1707 ) ;
#1159 = EDGE_CURVE ( 'NONE', #4145, #3107, #2265, .T. ) ;
#1160 = DIRECTION ( 'NONE',  ( 0.000000000000000000, -0.000000000000000000, -1.000000000000000000 ) ) ;
#1161 = VERTEX_POINT ( 'NONE', #1636 ) ;
#1162 = CARTESIAN_POINT ( 'NONE',  ( -12.21524347361992646, 12.28820668634124580, 0.000000000000000000 ) ) ;
#1163 = ADVANCED_FACE ( 'NONE', ( #3749 ), #889, .T. ) ;
#1164 = LINE ( 'NONE', #1206, #43 ) ;
#1165 = CARTESIAN_POINT ( 'NONE',  ( -12.29430323161440164, 20.50833333333332575, -18.30000000000000426 ) ) ;
#1166 = VERTEX_POINT ( 'NONE', #180 ) ;
#1167 = VECTOR ( 'NONE', #1751, 1000.000000000000000 ) ;
#1168 = LINE ( 'NONE', #3944, #3687 ) ;
#1169 = VECTOR ( 'NONE', #4547, 1000.000000000000000 ) ;
#1170 = PLANE ( 'NONE',  #3470 ) ;
#1171 = VECTOR ( 'NONE', #470, 1000.000000000000000 ) ;
#1172 = AXIS2_PLACEMENT_3D ( 'NONE', #2089, #4491, #4543 ) ;
#1173 = EDGE_LOOP ( 'NONE', ( #2559, #890, #3704, #159 ) ) ;
#1174 = CIRCLE ( 'NONE', #3398, 1.060308641975302280 ) ;
#1175 = CARTESIAN_POINT ( 'NONE',  ( 4.719999999999999751, 20.13171815875898929, -1.942456542485387905 ) ) ;
#1176 = VECTOR ( 'NONE', #600, 1000.000000000000000 ) ;
#1177 = CARTESIAN_POINT ( 'NONE',  ( -5.758948872912925232, 4.222033189064340775, 0.000000000000000000 ) ) ;
#1178 = FACE_OUTER_BOUND ( 'NONE', #1031, .T. ) ;
#1179 = DIRECTION ( 'NONE',  ( 0.000000000000000000, 0.000000000000000000, 1.000000000000000000 ) ) ;
#1180 = VECTOR ( 'NONE', #4553, 1000.000000000000000 ) ;
#1181 = ORIENTED_EDGE ( 'NONE', *, *, #637, .F. ) ;
#1182 = VECTOR ( 'NONE', #1009, 1000.000000000000000 ) ;
#1183 = PLANE ( 'NONE',  #3252 ) ;
#1184 = DIRECTION ( 'NONE',  ( 0.000000000000000000, -0.000000000000000000, 1.000000000000000000 ) ) ;
#1185 = EDGE_CURVE ( 'NONE', #640, #2448, #3053, .T. ) ;
#1186 = CARTESIAN_POINT ( 'NONE',  ( -6.920000000000003482, -20.17249166989998699, -2.681595674503879145 ) ) ;
#1187 = LINE ( 'NONE', #832, #2806 ) ;
#1188 = DIRECTION ( 'NONE',  ( 0.000000000000000000, 0.000000000000000000, 1.000000000000000000 ) ) ;
#1189 = EDGE_CURVE ( 'NONE', #3191, #2014, #550, .T. ) ;
#1190 = DIRECTION ( 'NONE',  ( 0.000000000000000000, 1.000000000000000000, 0.000000000000000000 ) ) ;
#1191 = ORIENTED_EDGE ( 'NONE', *, *, #2948, .T. ) ;
#1192 = DIRECTION ( 'NONE',  ( 0.000000000000000000, 0.000000000000000000, 1.000000000000000000 ) ) ;
#1193 = VERTEX_POINT ( 'NONE', #3032 ) ;
#1194 = CARTESIAN_POINT ( 'NONE',  ( 4.719999999999998863, 20.15780912064545305, -2.343758144615446071 ) ) ;
#1195 = CARTESIAN_POINT ( 'NONE',  ( -20.06666666666665577, -18.41666666666666430, -1.800000000000000044 ) ) ;
#1196 = CARTESIAN_POINT ( 'NONE',  ( -13.64499999999999780, 20.19999999999999574, -6.049999999999995381 ) ) ;
#1197 = CARTESIAN_POINT ( 'NONE',  ( 6.919999999999999041, -20.10143214538320322, -6.464443289110541890 ) ) ;
#1198 = ORIENTED_EDGE ( 'NONE', *, *, #2122, .F. ) ;
#1199 = DIRECTION ( 'NONE',  ( -1.000000000000000000, 0.000000000000000000, -0.000000000000000000 ) ) ;
#1200 = DIRECTION ( 'NONE',  ( 0.000000000000000000, 0.000000000000000000, -1.000000000000000000 ) ) ;
#1201 = DIRECTION ( 'NONE',  ( -1.000000000000000000, -0.000000000000000000, -0.000000000000000000 ) ) ;
#1202 = CARTESIAN_POINT ( 'NONE',  ( 11.11999999999999744, -20.19999999999999574, -9.049999999999995381 ) ) ;
#1203 = LINE ( 'NONE', #4092, #2643 ) ;
#1204 = CARTESIAN_POINT ( 'NONE',  ( -5.758948872912925232, 4.222033189064340775, -0.05000000000000000278 ) ) ;
#1205 = EDGE_CURVE ( 'NONE', #2534, #4480, #1571, .T. ) ;
#1206 = CARTESIAN_POINT ( 'NONE',  ( 8.970000000000000639, 19.79095546287932805, -18.02047519957779542 ) ) ;
#1207 = LINE ( 'NONE', #3634, #1508 ) ;
#1208 =( BOUNDED_SURFACE ( )  B_SPLINE_SURFACE ( 2, 3, ( 
 ( #3614, #1760, #751, #1127 ),
 ( #3905, #708, #2481, #3966 ),
 ( #1108, #770, #3, #65 ) ),
 .UNSPECIFIED., .F., .F., .T. ) 
 B_SPLINE_SURFACE_WITH_KNOTS ( ( 3, 3 ),
 ( 4, 4 ),
 ( 0.000000000000000000, 1.000000000000000000 ),
 ( -0.006614999999999997618, 0.0003149999999999999046 ),
 .UNSPECIFIED. ) 
 GEOMETRIC_REPRESENTATION_ITEM ( )  RATIONAL_B_SPLINE_SURFACE ( (
 ( 1.000000000000000000, 1.000000000000000000, 1.000000000000000000, 1.000000000000000000),
 ( 0.7071067811865475727, 0.7071067811865475727, 0.7071067811865475727, 0.7071067811865475727),
 ( 1.000000000000000000, 1.000000000000000000, 1.000000000000000000, 1.000000000000000000) ) ) 
 REPRESENTATION_ITEM ( '' )  SURFACE ( )  );
#1209 = DIRECTION ( 'NONE',  ( 0.000000000000000000, -0.1397268238372009475, -0.9901900901848935677 ) ) ;
#1210 = ADVANCED_FACE ( 'NONE', ( #3479 ), #3430, .T. ) ;
#1211 = CARTESIAN_POINT ( 'NONE',  ( -17.91666666666666430, 20.56666666666665577, -41.50206437473708831 ) ) ;
#1212 = ADVANCED_FACE ( 'NONE', ( #603 ), #4582, .F. ) ;
#1213 = VERTEX_POINT ( 'NONE', #4180 ) ;
#1214 = CARTESIAN_POINT ( 'NONE',  ( 4.719999999999998863, 20.03096976058487044, -1.199999999999999734 ) ) ;
#1215 = EDGE_CURVE ( 'NONE', #2217, #4084, #251, .T. ) ;
#1216 = DIRECTION ( 'NONE',  ( -0.000000000000000000, -0.000000000000000000, 1.000000000000000000 ) ) ;
#1217 = CARTESIAN_POINT ( 'NONE',  ( 6.919999999999999929, -18.06666666666666288, -6.049999999999992717 ) ) ;
#1218 = CARTESIAN_POINT ( 'NONE',  ( 6.919999999999999929, -20.12834852173287814, -6.749196007461975455 ) ) ;
#1219 = ORIENTED_EDGE ( 'NONE', *, *, #94, .F. ) ;
#1220 = CARTESIAN_POINT ( 'NONE',  ( -13.21999999999999886, 20.56666666666665577, -1.800000000000002931 ) ) ;
#1221 = DIRECTION ( 'NONE',  ( 0.000000000000000000, 0.000000000000000000, -1.000000000000000000 ) ) ;
#1222 = DIRECTION ( 'NONE',  ( -1.000000000000000000, -1.020425574104002027E-15, -0.000000000000000000 ) ) ;
#1223 = LINE ( 'NONE', #3786, #201 ) ;
#1224 = PLANE ( 'NONE',  #1102 ) ;
#1225 = CARTESIAN_POINT ( 'NONE',  ( 4.719999999999998863, -21.56666666666665932, -27.40916823960234794 ) ) ;
#1226 = CARTESIAN_POINT ( 'NONE',  ( 13.22000000000000064, -20.10830970775393922, -6.527419517144709360 ) ) ;
#1227 = CARTESIAN_POINT ( 'NONE',  ( -12.52124819948378232, 8.211793313658755977, -10.78483074862842273 ) ) ;
#1228 = ORIENTED_EDGE ( 'NONE', *, *, #2746, .T. ) ;
#1229 = EDGE_CURVE ( 'NONE', #78, #3284, #3187, .T. ) ;
#1230 = VECTOR ( 'NONE', #359, 1000.000000000000000 ) ;
#1231 = ORIENTED_EDGE ( 'NONE', *, *, #334, .F. ) ;
#1232 = DIRECTION ( 'NONE',  ( 1.000000000000000000, 1.269309860470838865E-15, 0.000000000000000000 ) ) ;
#1233 = B_SPLINE_CURVE_WITH_KNOTS ( 'NONE', 3,
 ( #2998, #3046, #4449, #2640, #3443, #1296, #1254, #2669, #3421, #4425, #242, #4096, #2712, #2365, #1672, #3069, #498, #568, #218, #541, #1226, #902, #3391, #2692, #2319, #4495, #4142, #3792 ),
 .UNSPECIFIED., .F., .F.,
 ( 4, 1, 1, 1, 1, 1, 2, 2, 1, 1, 1, 1, 2, 2, 1, 2, 2, 1, 1, 4 ),
 ( 0.000000000000000000, 0.2500000000000058842, 0.3750000000000096589, 0.4375000000000106581, 0.4687500000000111577, 0.4843750000000113243, 0.4921875000000114353, 0.5000000000000114353, 0.6250000000000103251, 0.6875000000000098810, 0.7187500000000095479, 0.7343750000000096589, 0.7421875000000094369, 0.7500000000000093259, 0.8125000000000075495, 0.8437500000000061062, 0.8515625000000055511, 0.8593750000000048850, 0.8750000000000043299, 1.000000000000000000 ),
 .UNSPECIFIED. ) ;
#1234 = AXIS2_PLACEMENT_3D ( 'NONE', #4360, #4205, #2430 ) ;
#1235 = VECTOR ( 'NONE', #3935, 1000.000000000000000 ) ;
#1236 = CARTESIAN_POINT ( 'NONE',  ( -13.21999999999999709, -20.09666961761370985, -6.422926392209213908 ) ) ;
#1237 = EDGE_CURVE ( 'NONE', #4430, #2921, #2424, .T. ) ;
#1238 = DIRECTION ( 'NONE',  ( 0.000000000000000000, -0.000000000000000000, 1.000000000000000000 ) ) ;
#1239 = AXIS2_PLACEMENT_3D ( 'NONE', #146, #4356, #1188 ) ;
#1240 = ORIENTED_EDGE ( 'NONE', *, *, #816, .T. ) ;
#1241 = EDGE_CURVE ( 'NONE', #4503, #388, #2080, .T. ) ;
#1242 = VECTOR ( 'NONE', #3849, 1000.000000000000000 ) ;
#1243 = FACE_OUTER_BOUND ( 'NONE', #919, .T. ) ;
#1244 = ORIENTED_EDGE ( 'NONE', *, *, #260, .F. ) ;
#1245 = EDGE_LOOP ( 'NONE', ( #4569, #2413, #3587, #184 ) ) ;
#1246 = CARTESIAN_POINT ( 'NONE',  ( -17.56666666666665577, 4.494999999999998330, -6.049999999999992717 ) ) ;
#1247 = DIRECTION ( 'NONE',  ( 1.636055208175143726E-15, -1.000000000000000000, 0.000000000000000000 ) ) ;
#1248 = CARTESIAN_POINT ( 'NONE',  ( 17.91666666666666430, -18.41666666666666075, -1.800000000000000044 ) ) ;
#1249 = DIRECTION ( 'NONE',  ( -0.000000000000000000, -0.000000000000000000, -1.000000000000000000 ) ) ;
#1250 = ORIENTED_EDGE ( 'NONE', *, *, #173, .T. ) ;
#1251 = AXIS2_PLACEMENT_3D ( 'NONE', #2262, #2241, #484 ) ;
#1252 = ORIENTED_EDGE ( 'NONE', *, *, #1930, .F. ) ;
#1253 = FACE_OUTER_BOUND ( 'NONE', #2022, .T. ) ;
#1254 = CARTESIAN_POINT ( 'NONE',  ( 13.21999999999999886, -20.17471477116359324, -7.589689247964595431 ) ) ;
#1255 = DIRECTION ( 'NONE',  ( 3.037601300411745514E-16, -1.000000000000000000, 0.000000000000000000 ) ) ;
#1256 = AXIS2_PLACEMENT_3D ( 'NONE', #48, #1522, #4367 ) ;
#1257 = CARTESIAN_POINT ( 'NONE',  ( 4.719999999999998863, 21.56666666666665932, -1.800000000000000044 ) ) ;
#1258 = CARTESIAN_POINT ( 'NONE',  ( -2.462247295386060575, -3.320935198239450159, -0.05000000000000000278 ) ) ;
#1259 = EDGE_CURVE ( 'NONE', #3842, #1089, #2726, .T. ) ;
#1260 = DIRECTION ( 'NONE',  ( -1.000000000000000000, 0.000000000000000000, 0.000000000000000000 ) ) ;
#1261 = CARTESIAN_POINT ( 'NONE',  ( 6.919999999999999929, -20.17030480774294787, -7.476782287711596808 ) ) ;
#1262 = EDGE_LOOP ( 'NONE', ( #1231, #4304, #4528, #92 ) ) ;
#1263 = LINE ( 'NONE', #3712, #560 ) ;
#1264 = VERTEX_POINT ( 'NONE', #4233 ) ;
#1265 = EDGE_CURVE ( 'NONE', #3453, #2508, #4615, .T. ) ;
#1266 = VERTEX_POINT ( 'NONE', #2103 ) ;
#1267 = CARTESIAN_POINT ( 'NONE',  ( -5.758948872912925232, 9.866548189055240670, 0.000000000000000000 ) ) ;
#1268 = LINE ( 'NONE', #142, #1685 ) ;
#1269 = DIRECTION ( 'NONE',  ( 0.000000000000000000, 0.000000000000000000, -1.000000000000000000 ) ) ;
#1270 = ORIENTED_EDGE ( 'NONE', *, *, #2154, .F. ) ;
#1271 = DIRECTION ( 'NONE',  ( -0.000000000000000000, -0.000000000000000000, 1.000000000000000000 ) ) ;
#1272 = ORIENTED_EDGE ( 'NONE', *, *, #3501, .F. ) ;
#1273 = ORIENTED_EDGE ( 'NONE', *, *, #1361, .T. ) ;
#1274 = LINE ( 'NONE', #3814, #1025 ) ;
#1275 = LINE ( 'NONE', #1323, #2771 ) ;
#1276 = LINE ( 'NONE', #4427, #2572 ) ;
#1277 = VERTEX_POINT ( 'NONE', #3177 ) ;
#1278 = LINE ( 'NONE', #856, #1605 ) ;
#1279 = VECTOR ( 'NONE', #2625, 1000.000000000000000 ) ;
#1280 = DIRECTION ( 'NONE',  ( -0.000000000000000000, -0.000000000000000000, 1.000000000000000000 ) ) ;
#1281 = CARTESIAN_POINT ( 'NONE',  ( -13.21999999999999709, -20.16775842883301095, -7.415620339616576295 ) ) ;
#1282 = VECTOR ( 'NONE', #2652, 1000.000000000000000 ) ;
#1283 = DIRECTION ( 'NONE',  ( -1.526172063499548279E-16, 1.000000000000000000, -0.000000000000000000 ) ) ;
#1284 = EDGE_LOOP ( 'NONE', ( #1240, #886, #2487, #2133, #1272, #259, #1045, #4088, #3566 ) ) ;
#1285 = EDGE_CURVE ( 'NONE', #2762, #102, #1413, .T. ) ;
#1286 = CARTESIAN_POINT ( 'NONE',  ( -4.599999999999996092, 22.50000000000000711, 6.358783445487907835E-16 ) ) ;
#1287 = FACE_OUTER_BOUND ( 'NONE', #3602, .T. ) ;
#1288 = CARTESIAN_POINT ( 'NONE',  ( 15.41666666666665719, -15.91666666666666252, -41.50206437473708831 ) ) ;
#1289 = LINE ( 'NONE', #2011, #372 ) ;
#1290 = ORIENTED_EDGE ( 'NONE', *, *, #1159, .F. ) ;
#1291 = EDGE_CURVE ( 'NONE', #2160, #3723, #3076, .T. ) ;
#1292 = DIRECTION ( 'NONE',  ( -1.000000000000000000, -4.081702296416016490E-16, 0.000000000000000000 ) ) ;
#1293 = EDGE_CURVE ( 'NONE', #2508, #1788, #3201, .T. ) ;
#1294 = ORIENTED_EDGE ( 'NONE', *, *, #1205, .F. ) ;
#1295 = CARTESIAN_POINT ( 'NONE',  ( 13.22000000000000242, 20.10317326858652009, -1.629929317290751634 ) ) ;
#1296 = CARTESIAN_POINT ( 'NONE',  ( 13.22000000000000064, -20.17660794891445519, -7.641147045577984187 ) ) ;
#1297 = EDGE_CURVE ( 'NONE', #970, #388, #3553, .T. ) ;
#1298 = DIRECTION ( 'NONE',  ( -1.000000000000000000, -3.037601300411745514E-16, 0.000000000000000000 ) ) ;
#1299 = VERTEX_POINT ( 'NONE', #1786 ) ;
#1300 = CARTESIAN_POINT ( 'NONE',  ( 17.91666666666666430, 18.41666666666666430, 0.000000000000000000 ) ) ;
#1301 = ORIENTED_EDGE ( 'NONE', *, *, #2118, .T. ) ;
#1302 = DIRECTION ( 'NONE',  ( 0.7975179748997502926, 0.6032951845587709583, 0.000000000000000000 ) ) ;
#1303 = DIRECTION ( 'NONE',  ( -1.000000000000000000, -1.269309860470838865E-15, 0.000000000000000000 ) ) ;
#1304 = LINE ( 'NONE', #3506, #1951 ) ;
#1305 = CARTESIAN_POINT ( 'NONE',  ( -2.462247295386060575, -3.320935198239450159, 0.000000000000000000 ) ) ;
#1306 = ORIENTED_EDGE ( 'NONE', *, *, #509, .T. ) ;
#1307 = AXIS2_PLACEMENT_3D ( 'NONE', #998, #3093, #4524 ) ;
#1308 = DIRECTION ( 'NONE',  ( -0.000000000000000000, -0.000000000000000000, 1.000000000000000000 ) ) ;
#1309 = CIRCLE ( 'NONE', #788, 0.7017459490682563805 ) ;
#1310 = LINE ( 'NONE', #586, #1182 ) ;
#1311 = AXIS2_PLACEMENT_3D ( 'NONE', #3317, #4373, #1184 ) ;
#1312 = EDGE_LOOP ( 'NONE', ( #3408, #1015, #2137, #1396 ) ) ;
#1313 = DIRECTION ( 'NONE',  ( 1.269309860470838865E-15, 1.000000000000000000, 0.000000000000000000 ) ) ;
#1314 = VECTOR ( 'NONE', #2385, 1000.000000000000000 ) ;
#1315 = ORIENTED_EDGE ( 'NONE', *, *, #364, .F. ) ;
#1316 = ORIENTED_EDGE ( 'NONE', *, *, #491, .T. ) ;
#1317 = FACE_OUTER_BOUND ( 'NONE', #2288, .T. ) ;
#1318 = ORIENTED_EDGE ( 'NONE', *, *, #2041, .T. ) ;
#1319 = VECTOR ( 'NONE', #933, 1000.000000000000000 ) ;
#1320 = VECTOR ( 'NONE', #1520, 1000.000000000000000 ) ;
#1321 = ADVANCED_FACE ( 'NONE', ( #1436, #1 ), #2855, .F. ) ;
#1322 = CARTESIAN_POINT ( 'NONE',  ( -13.21999999999999886, 20.19999999999999574, -9.049999999999995381 ) ) ;
#1323 = CARTESIAN_POINT ( 'NONE',  ( -17.91666666666666430, 21.56666666666665932, 0.000000000000000000 ) ) ;
#1324 = CARTESIAN_POINT ( 'NONE',  ( 2.250000000000000000, 14.16955234963668886, -0.05000000000000000278 ) ) ;
#1325 = EDGE_LOOP ( 'NONE', ( #1688, #47, #1722, #3441 ) ) ;
#1326 = EDGE_CURVE ( 'NONE', #1778, #3834, #3755, .T. ) ;
#1327 = LINE ( 'NONE', #597, #1390 ) ;
#1328 = ORIENTED_EDGE ( 'NONE', *, *, #4169, .T. ) ;
#1329 = DIRECTION ( 'NONE',  ( 0.000000000000000000, 0.000000000000000000, -1.000000000000000000 ) ) ;
#1330 = VECTOR ( 'NONE', #2131, 1000.000000000000000 ) ;
#1331 = CIRCLE ( 'NONE', #2536, 0.7017459490682563805 ) ;
#1332 = CARTESIAN_POINT ( 'NONE',  ( -17.91666666666666430, 18.41666666666665719, 0.000000000000000000 ) ) ;
#1333 = PRODUCT_CONTEXT ( 'NONE', #859, 'mechanical' ) ;
#1334 = LINE ( 'NONE', #655, #83 ) ;
#1335 = CARTESIAN_POINT ( 'NONE',  ( -6.920000000000002593, -20.15780912064545660, -7.193758144615497230 ) ) ;
#1336 = ORIENTED_EDGE ( 'NONE', *, *, #1698, .T. ) ;
#1337 = CYLINDRICAL_SURFACE ( 'NONE', #45, 1.700000000000013500 ) ;
#1338 = CARTESIAN_POINT ( 'NONE',  ( -17.56666666666665577, -4.495000000000003659, -1.199999999999999956 ) ) ;
#1339 = ORIENTED_EDGE ( 'NONE', *, *, #1241, .T. ) ;
#1340 = PLANE ( 'NONE',  #2225 ) ;
#1341 = ORIENTED_EDGE ( 'NONE', *, *, #3401, .F. ) ;
#1342 = ORIENTED_EDGE ( 'NONE', *, *, #4576, .T. ) ;
#1343 = FACE_OUTER_BOUND ( 'NONE', #680, .T. ) ;
#1344 = ORIENTED_EDGE ( 'NONE', *, *, #1667, .F. ) ;
#1345 = EDGE_LOOP ( 'NONE', ( #2437, #3812, #3900, #2202, #931, #4228, #1541, #1443, #2328 ) ) ;
#1346 = LINE ( 'NONE', #1723, #418 ) ;
#1347 = DIRECTION ( 'NONE',  ( 0.000000000000000000, -1.000000000000000000, -0.000000000000000000 ) ) ;
#1348 = EDGE_CURVE ( 'NONE', #3539, #2842, #2703, .T. ) ;
#1349 = LINE ( 'NONE', #2445, #197 ) ;
#1350 = ORIENTED_EDGE ( 'NONE', *, *, #438, .T. ) ;
#1351 = CARTESIAN_POINT ( 'NONE',  ( 20.06666666666665577, 17.25000000000000355, -10.25787089075391023 ) ) ;
#1352 = EDGE_LOOP ( 'NONE', ( #3164, #1772, #2903, #4163 ) ) ;
#1353 = EDGE_CURVE ( 'NONE', #1888, #314, #4467, .T. ) ;
#1354 = DIRECTION ( 'NONE',  ( -0.000000000000000000, -0.000000000000000000, 1.000000000000000000 ) ) ;
#1355 = FACE_BOUND ( 'NONE', #1670, .T. ) ;
#1356 = EDGE_CURVE ( 'NONE', #2508, #2466, #4222, .T. ) ;
#1357 = DIRECTION ( 'NONE',  ( 0.000000000000000000, 0.000000000000000000, -1.000000000000000000 ) ) ;
#1358 = DIRECTION ( 'NONE',  ( 0.000000000000000000, 0.000000000000000000, 1.000000000000000000 ) ) ;
#1359 = ORIENTED_EDGE ( 'NONE', *, *, #165, .T. ) ;
#1360 = VECTOR ( 'NONE', #972, 1000.000000000000000 ) ;
#1361 = EDGE_CURVE ( 'NONE', #4283, #3490, #3364, .T. ) ;
#1362 = FACE_OUTER_BOUND ( 'NONE', #1325, .T. ) ;
#1363 = DIRECTION ( 'NONE',  ( 0.000000000000000000, 0.000000000000000000, 1.000000000000000000 ) ) ;
#1364 = FACE_OUTER_BOUND ( 'NONE', #2336, .T. ) ;
#1365 = VERTEX_POINT ( 'NONE', #3715 ) ;
#1366 = LINE ( 'NONE', #2086, #4634 ) ;
#1367 = ORIENTED_EDGE ( 'NONE', *, *, #760, .F. ) ;
#1368 = ORIENTED_EDGE ( 'NONE', *, *, #891, .T. ) ;
#1369 = CARTESIAN_POINT ( 'NONE',  ( -4.599999999999996092, 21.56666666666665932, 0.000000000000000000 ) ) ;
#1370 = ORIENTED_EDGE ( 'NONE', *, *, #926, .T. ) ;
#1371 = VERTEX_POINT ( 'NONE', #121 ) ;
#1372 = DIRECTION ( 'NONE',  ( 0.000000000000000000, 0.000000000000000000, -1.000000000000000000 ) ) ;
#1373 = FACE_OUTER_BOUND ( 'NONE', #4093, .T. ) ;
#1374 = CARTESIAN_POINT ( 'NONE',  ( -4.879342922605667709, -0.1256880636728806566, -0.05000000000000000278 ) ) ;
#1375 = ORIENTED_EDGE ( 'NONE', *, *, #3681, .F. ) ;
#1376 = CARTESIAN_POINT ( 'NONE',  ( -17.56666666666665577, 4.494999999999998330, -6.049999999999992717 ) ) ;
#1377 = VERTEX_POINT ( 'NONE', #515 ) ;
#1378 = CARTESIAN_POINT ( 'NONE',  ( -15.25002883514971863, 2.400000000000010125, -2.199999999999999289 ) ) ;
#1379 = CARTESIAN_POINT ( 'NONE',  ( -5.416666666666668739, -20.20000000000000284, -1.199999999999999734 ) ) ;
#1380 = EDGE_CURVE ( 'NONE', #2733, #2490, #161, .T. ) ;
#1381 = FACE_OUTER_BOUND ( 'NONE', #1018, .T. ) ;
#1382 = CARTESIAN_POINT ( 'NONE',  ( -6.920000000000003482, -20.10079964595545476, -6.458705995147039580 ) ) ;
#1383 = ORIENTED_EDGE ( 'NONE', *, *, #1846, .F. ) ;
#1384 = DIRECTION ( 'NONE',  ( 0.000000000000000000, 0.000000000000000000, -1.000000000000000000 ) ) ;
#1385 = LINE ( 'NONE', #820, #932 ) ;
#1386 = EDGE_CURVE ( 'NONE', #2034, #2786, #2993, .T. ) ;
#1387 = DIRECTION ( 'NONE',  ( -1.000000000000000000, -1.020425574104002027E-15, -0.000000000000000000 ) ) ;
#1388 = ORIENTED_EDGE ( 'NONE', *, *, #4246, .T. ) ;
#1389 = CYLINDRICAL_SURFACE ( 'NONE', #3417, 2.149999999999999023 ) ;
#1390 = VECTOR ( 'NONE', #1703, 1000.000000000000000 ) ;
#1391 = ORIENTED_EDGE ( 'NONE', *, *, #3897, .F. ) ;
#1392 = VECTOR ( 'NONE', #3692, 1000.000000000000000 ) ;
#1393 = ORIENTED_EDGE ( 'NONE', *, *, #3870, .F. ) ;
#1394 = DIRECTION ( 'NONE',  ( -1.000000000000000000, 0.000000000000000000, 0.000000000000000000 ) ) ;
#1395 = ORIENTED_EDGE ( 'NONE', *, *, #663, .T. ) ;
#1396 = ORIENTED_EDGE ( 'NONE', *, *, #1492, .T. ) ;
#1397 = AXIS2_PLACEMENT_3D ( 'NONE', #2823, #1075, #761 ) ;
#1398 = CARTESIAN_POINT ( 'NONE',  ( -13.21999999999999886, 20.10079964595545121, -6.458705995147039580 ) ) ;
#1399 = VECTOR ( 'NONE', #1271, 1000.000000000000000 ) ;
#1400 = CARTESIAN_POINT ( 'NONE',  ( -13.22000000000002551, 21.56666666666665577, -10.80000000000000426 ) ) ;
#1401 = VECTOR ( 'NONE', #4420, 1000.000000000000000 ) ;
#1402 = LINE ( 'NONE', #3142, #350 ) ;
#1403 = VERTEX_POINT ( 'NONE', #3383 ) ;
#1404 = AXIS2_PLACEMENT_3D ( 'NONE', #4343, #4390, #2261 ) ;
#1405 = DIRECTION ( 'NONE',  ( 0.000000000000000000, -1.000000000000000000, 0.000000000000000000 ) ) ;
#1406 = AXIS2_PLACEMENT_3D ( 'NONE', #2119, #2853, #3473 ) ;
#1407 = AXIS2_PLACEMENT_3D ( 'NONE', #1937, #1499, #4057 ) ;
#1408 = AXIS2_PLACEMENT_3D ( 'NONE', #465, #2632, #2967 ) ;
#1409 = CARTESIAN_POINT ( 'NONE',  ( -17.56666666666665577, 15.91666666666666252, -41.50206437473708831 ) ) ;
#1410 = VERTEX_POINT ( 'NONE', #2248 ) ;
#1411 = PLANE ( 'NONE',  #3333 ) ;
#1412 = DIRECTION ( 'NONE',  ( -1.000000000000000000, 0.000000000000000000, 0.000000000000000000 ) ) ;
#1413 = LINE ( 'NONE', #2352, #2422 ) ;
#1414 = VECTOR ( 'NONE', #4468, 1000.000000000000000 ) ;
#1415 = VERTEX_POINT ( 'NONE', #4400 ) ;
#1416 = EDGE_CURVE ( 'NONE', #1365, #3532, #212, .T. ) ;
#1417 = FACE_OUTER_BOUND ( 'NONE', #4346, .T. ) ;
#1418 = PLANE ( 'NONE',  #3094 ) ;
#1419 = VECTOR ( 'NONE', #288, 1000.000000000000000 ) ;
#1420 = CARTESIAN_POINT ( 'NONE',  ( -17.91666666666665719, -21.56666666666666288, 0.000000000000000000 ) ) ;
#1421 = ORIENTED_EDGE ( 'NONE', *, *, #2941, .T. ) ;
#1422 = CARTESIAN_POINT ( 'NONE',  ( 6.919999999999999041, -18.06666666666666288, -6.049999999999992717 ) ) ;
#1423 = ORIENTED_EDGE ( 'NONE', *, *, #1046, .T. ) ;
#1424 = ORIENTED_EDGE ( 'NONE', *, *, #663, .F. ) ;
#1425 = EDGE_CURVE ( 'NONE', #4493, #2577, #4441, .T. ) ;
#1426 = DIRECTION ( 'NONE',  ( 1.000000000000000000, 0.000000000000000000, 0.000000000000000000 ) ) ;
#1427 = ORIENTED_EDGE ( 'NONE', *, *, #1966, .T. ) ;
#1428 = ORIENTED_EDGE ( 'NONE', *, *, #1865, .F. ) ;
#1429 = CARTESIAN_POINT ( 'NONE',  ( 13.64499999999999780, 20.19999999999999574, -4.200000000000000178 ) ) ;
#1430 = DIRECTION ( 'NONE',  ( 0.000000000000000000, 1.000000000000000000, -0.000000000000000000 ) ) ;
#1431 = ADVANCED_FACE ( 'NONE', ( #3414 ), #2312, .F. ) ;
#1432 = CARTESIAN_POINT ( 'NONE',  ( 6.920000000000000817, -20.16720429948851034, -2.545561859519731573 ) ) ;
#1433 = DIRECTION ( 'NONE',  ( -1.000000000000000000, -4.017423520094500180E-16, -0.000000000000000000 ) ) ;
#1434 = CARTESIAN_POINT ( 'NONE',  ( 2.900000000000000799, 20.56666666666664867, -2.849999999999992983 ) ) ;
#1435 = CARTESIAN_POINT ( 'NONE',  ( 20.06666666666666288, 17.25000000000000355, -1.199999999999999956 ) ) ;
#1436 = FACE_BOUND ( 'NONE', #1262, .T. ) ;
#1437 = ORIENTED_EDGE ( 'NONE', *, *, #1416, .F. ) ;
#1438 = CARTESIAN_POINT ( 'NONE',  ( 4.719999999999998863, 20.19999999999999929, -4.200000000000000178 ) ) ;
#1439 = CARTESIAN_POINT ( 'NONE',  ( -4.719999999999997975, 20.00000000000000355, -6.049999999999992717 ) ) ;
#1440 = VERTEX_POINT ( 'NONE', #1619 ) ;
#1441 = EDGE_CURVE ( 'NONE', #2090, #396, #1268, .T. ) ;
#1442 = LINE ( 'NONE', #443, #1989 ) ;
#1443 = ORIENTED_EDGE ( 'NONE', *, *, #749, .T. ) ;
#1444 = DIRECTION ( 'NONE',  ( 1.000000000000000000, 0.000000000000000000, 0.000000000000000000 ) ) ;
#1445 = ORIENTED_EDGE ( 'NONE', *, *, #1519, .F. ) ;
#1446 = VERTEX_POINT ( 'NONE', #2683 ) ;
#1447 = LINE ( 'NONE', #4289, #4602 ) ;
#1448 = ADVANCED_FACE ( 'NONE', ( #3059 ), #4108, .F. ) ;
#1449 = CARTESIAN_POINT ( 'NONE',  ( 4.719999999999998863, -20.19999999999999929, -1.199999999999999956 ) ) ;
#1450 = CARTESIAN_POINT ( 'NONE',  ( 6.920000000000002593, -20.11726596820554391, -1.765661280341732864 ) ) ;
#1451 = LINE ( 'NONE', #2928, #3555 ) ;
#1452 = ADVANCED_FACE ( 'NONE', ( #4486 ), #534, .F. ) ;
#1453 = DIRECTION ( 'NONE',  ( 0.000000000000000000, -0.9901900901848936787, -0.1397268238372009752 ) ) ;
#1454 = ORIENTED_EDGE ( 'NONE', *, *, #1205, .T. ) ;
#1455 = CARTESIAN_POINT ( 'NONE',  ( 4.719999999999998863, 20.18020809021117401, -2.894817727912380345 ) ) ;
#1456 = CARTESIAN_POINT ( 'NONE',  ( -3.147159328546667467, -20.50833333333331510, -17.23969135802470021 ) ) ;
#1457 = VERTEX_POINT ( 'NONE', #2972 ) ;
#1458 = DIRECTION ( 'NONE',  ( 0.000000000000000000, 0.000000000000000000, -1.000000000000000000 ) ) ;
#1459 = ORIENTED_EDGE ( 'NONE', *, *, #3921, .F. ) ;
#1460 = CARTESIAN_POINT ( 'NONE',  ( -4.719999999999999751, -20.03097070969682392, -1.199999999999999956 ) ) ;
#1461 = ORIENTED_EDGE ( 'NONE', *, *, #3776, .F. ) ;
#1462 = VERTEX_POINT ( 'NONE', #471 ) ;
#1463 = DIRECTION ( 'NONE',  ( 0.000000000000000000, -0.000000000000000000, 1.000000000000000000 ) ) ;
#1464 = CARTESIAN_POINT ( 'NONE',  ( -6.919999999999999041, -20.19092508697730892, -3.155594773862550273 ) ) ;
#1465 = CARTESIAN_POINT ( 'NONE',  ( 6.919999999999999929, -20.13465906497047797, -1.981707715669593473 ) ) ;
#1466 = STYLED_ITEM ( 'NONE', ( #3023 ), #3412 ) ;
#1467 = ORIENTED_EDGE ( 'NONE', *, *, #4456, .T. ) ;
#1468 = EDGE_CURVE ( 'NONE', #2391, #1692, #1902, .T. ) ;
#1469 = AXIS2_PLACEMENT_3D ( 'NONE', #316, #4512, #2737 ) ;
#1470 = DIRECTION ( 'NONE',  ( 1.000000000000000000, 3.154998743819595005E-16, -0.000000000000000000 ) ) ;
#1471 = AXIS2_PLACEMENT_3D ( 'NONE', #4064, #829, #3649 ) ;
#1472 = VERTEX_POINT ( 'NONE', #2636 ) ;
#1473 = AXIS2_PLACEMENT_3D ( 'NONE', #1063, #3180, #2544 ) ;
#1474 = DIRECTION ( 'NONE',  ( 0.000000000000000000, 0.000000000000000000, 1.000000000000000000 ) ) ;
#1475 = EDGE_CURVE ( 'NONE', #3269, #4319, #2292, .T. ) ;
#1476 = AXIS2_PLACEMENT_3D ( 'NONE', #3653, #4025, #2556 ) ;
#1477 = VECTOR ( 'NONE', #963, 1000.000000000000000 ) ;
#1478 = ORIENTED_EDGE ( 'NONE', *, *, #2870, .F. ) ;
#1479 = VECTOR ( 'NONE', #1329, 1000.000000000000000 ) ;
#1480 = CARTESIAN_POINT ( 'NONE',  ( -17.91666666666665719, -21.56666666666666288, 0.000000000000000000 ) ) ;
#1481 = PLANE ( 'NONE',  #1847 ) ;
#1482 = ORIENTED_EDGE ( 'NONE', *, *, #1519, .T. ) ;
#1483 = CARTESIAN_POINT ( 'NONE',  ( -17.91666666666666430, 20.56666666666665577, -1.800000000000000044 ) ) ;
#1484 = ORIENTED_EDGE ( 'NONE', *, *, #2713, .F. ) ;
#1485 = LINE ( 'NONE', #3604, #3995 ) ;
#1486 = CARTESIAN_POINT ( 'NONE',  ( 13.64499999999999780, 19.99999999999999645, -1.199999999999999734 ) ) ;
#1487 = DIRECTION ( 'NONE',  ( -0.000000000000000000, -0.000000000000000000, 1.000000000000000000 ) ) ;
#1488 = DIRECTION ( 'NONE',  ( 0.000000000000000000, -1.000000000000000000, 0.000000000000000000 ) ) ;
#1489 = DIRECTION ( 'NONE',  ( -1.423362852083536858E-15, -1.000000000000000000, 0.000000000000000000 ) ) ;
#1490 = CARTESIAN_POINT ( 'NONE',  ( -4.719999999999997975, 20.13056421420421671, -6.777440005114905297 ) ) ;
#1491 = ORIENTED_EDGE ( 'NONE', *, *, #3174, .F. ) ;
#1492 = EDGE_CURVE ( 'NONE', #1266, #1415, #875, .T. ) ;
#1493 = DIRECTION ( 'NONE',  ( -0.000000000000000000, -0.000000000000000000, 1.000000000000000000 ) ) ;
#1494 = DIRECTION ( 'NONE',  ( 0.000000000000000000, 0.000000000000000000, 1.000000000000000000 ) ) ;
#1495 = ADVANCED_FACE ( 'NONE', ( #2471 ), #3467, .F. ) ;
#1496 = EDGE_LOOP ( 'NONE', ( #2096, #4160, #1359, #1736 ) ) ;
#1497 = EDGE_CURVE ( 'NONE', #4411, #2905, #3816, .T. ) ;
#1498 = CARTESIAN_POINT ( 'NONE',  ( 14.87500000000000178, 12.25000000000000533, -2.949999999999994404 ) ) ;
#1499 = DIRECTION ( 'NONE',  ( -0.9848077530122074652, 0.1736481776669341615, 0.000000000000000000 ) ) ;
#1500 = VERTEX_POINT ( 'NONE', #4144 ) ;
#1501 = ADVANCED_FACE ( 'NONE', ( #3793 ), #1701, .F. ) ;
#1502 = DIRECTION ( 'NONE',  ( 0.000000000000000000, -0.000000000000000000, -1.000000000000000000 ) ) ;
#1503 = ORIENTED_EDGE ( 'NONE', *, *, #2606, .F. ) ;
#1504 = ADVANCED_FACE ( 'NONE', ( #243 ), #3140, .T. ) ;
#1505 = FACE_OUTER_BOUND ( 'NONE', #532, .T. ) ;
#1506 = DIRECTION ( 'NONE',  ( 0.6032951845587708473, -0.7975179748997502926, 0.000000000000000000 ) ) ;
#1507 = DIRECTION ( 'NONE',  ( 1.000000000000000000, -1.936435508067133736E-16, 0.000000000000000000 ) ) ;
#1508 = VECTOR ( 'NONE', #1412, 1000.000000000000000 ) ;
#1509 = CARTESIAN_POINT ( 'NONE',  ( 6.920000000000001705, -20.20000000000000995, -3.929769735548052534 ) ) ;
#1510 = DIRECTION ( 'NONE',  ( -0.000000000000000000, -0.000000000000000000, 1.000000000000000000 ) ) ;
#1511 = DIRECTION ( 'NONE',  ( 1.000000000000000000, -1.269309860470838865E-15, -0.000000000000000000 ) ) ;
#1512 = CARTESIAN_POINT ( 'NONE',  ( -4.719999999999997975, 20.12137088710705868, -6.664468230633377566 ) ) ;
#1513 = EDGE_LOOP ( 'NONE', ( #3518, #2052, #37, #2172 ) ) ;
#1514 = CARTESIAN_POINT ( 'NONE',  ( -4.719999999999997975, -20.66874999999999574, -17.17500000000000426 ) ) ;
#1515 = AXIS2_PLACEMENT_3D ( 'NONE', #1611, #2631, #888 ) ;
#1516 = LINE ( 'NONE', #2781, #3246 ) ;
#1517 = ORIENTED_EDGE ( 'NONE', *, *, #3316, .F. ) ;
#1518 = DIRECTION ( 'NONE',  ( 1.000000000000000000, 0.000000000000000000, 0.000000000000000000 ) ) ;
#1519 = EDGE_CURVE ( 'NONE', #2869, #3910, #2714, .T. ) ;
#1520 = DIRECTION ( 'NONE',  ( 0.000000000000000000, 1.000000000000000000, 0.000000000000000000 ) ) ;
#1521 = DIRECTION ( 'NONE',  ( 1.000000000000000000, 9.682177540335668679E-17, 0.000000000000000000 ) ) ;
#1522 = DIRECTION ( 'NONE',  ( 0.000000000000000000, -1.000000000000000000, -0.000000000000000000 ) ) ;
#1523 = ORIENTED_EDGE ( 'NONE', *, *, #4037, .F. ) ;
#1524 = CARTESIAN_POINT ( 'NONE',  ( 4.719999999999998863, -20.19999999999999929, -4.200000000000000178 ) ) ;
#1525 = EDGE_CURVE ( 'NONE', #4283, #1888, #323, .T. ) ;
#1526 = LINE ( 'NONE', #2247, #3993 ) ;
#1527 = CARTESIAN_POINT ( 'NONE',  ( -6.920000000000002593, -20.10316741854305533, -1.629864804545893442 ) ) ;
#1528 = DIRECTION ( 'NONE',  ( 9.553223930492242290E-33, 8.608936012201724481E-49, 1.000000000000000000 ) ) ;
#1529 = CARTESIAN_POINT ( 'NONE',  ( -5.416666666666674068, -20.20000000000000284, -4.200000000000000178 ) ) ;
#1530 = CARTESIAN_POINT ( 'NONE',  ( -11.46169484682894257, 16.56179331365875385, -0.5000000000000004441 ) ) ;
#1531 = DIRECTION ( 'NONE',  ( 0.000000000000000000, -1.000000000000000000, 0.000000000000000000 ) ) ;
#1532 = ORIENTED_EDGE ( 'NONE', *, *, #3487, .F. ) ;
#1533 = VECTOR ( 'NONE', #2641, 1000.000000000000000 ) ;
#1534 = CARTESIAN_POINT ( 'NONE',  ( -14.88475652638006785, 11.71179331365875420, 0.000000000000000000 ) ) ;
#1535 = ORIENTED_EDGE ( 'NONE', *, *, #3603, .F. ) ;
#1536 = VECTOR ( 'NONE', #1283, 1000.000000000000000 ) ;
#1537 = CARTESIAN_POINT ( 'NONE',  ( -12.52124819948378232, 8.211793313658755977, -10.78483074862842273 ) ) ;
#1538 = VECTOR ( 'NONE', #409, 1000.000000000000000 ) ;
#1539 = B_SPLINE_CURVE_WITH_KNOTS ( 'NONE', 3,
 ( #1524, #892, #3295, #4042 ),
 .UNSPECIFIED., .F., .F.,
 ( 4, 4 ),
 ( 0.000000000000000000, 1.000000000000000000 ),
 .UNSPECIFIED. ) ;
#1540 = VECTOR ( 'NONE', #3274, 1000.000000000000000 ) ;
#1541 = ORIENTED_EDGE ( 'NONE', *, *, #976, .T. ) ;
#1542 = CARTESIAN_POINT ( 'NONE',  ( 4.720000000000000639, 20.13208440688162781, -1.947290515709210412 ) ) ;
#1543 = AXIS2_PLACEMENT_3D ( 'NONE', #2984, #794, #1518 ) ;
#1544 = DIRECTION ( 'NONE',  ( -1.000000000000000000, 0.000000000000000000, 0.000000000000000000 ) ) ;
#1545 = CARTESIAN_POINT ( 'NONE',  ( -12.29430323161440164, 21.56666666666665577, -10.80000000000000426 ) ) ;
#1546 = CARTESIAN_POINT ( 'NONE',  ( 4.719999999999998863, 20.56666666666664867, -1.800000000000000044 ) ) ;
#1547 = VECTOR ( 'NONE', #3172, 1000.000000000000227 ) ;
#1548 = ORIENTED_EDGE ( 'NONE', *, *, #3945, .F. ) ;
#1549 = EDGE_CURVE ( 'NONE', #1277, #2381, #2563, .T. ) ;
#1550 = FACE_OUTER_BOUND ( 'NONE', #1637, .T. ) ;
#1551 = DIRECTION ( 'NONE',  ( -1.000000000000000000, 0.000000000000000000, 0.000000000000000000 ) ) ;
#1552 = CARTESIAN_POINT ( 'NONE',  ( -4.879342922605667709, -0.1256880636728806566, -0.05000000000000000278 ) ) ;
#1553 = CARTESIAN_POINT ( 'NONE',  ( -6.920000000000001705, -20.10738063995601266, -1.668279323883621323 ) ) ;
#1554 = EDGE_CURVE ( 'NONE', #3044, #1753, #2095, .T. ) ;
#1555 = CARTESIAN_POINT ( 'NONE',  ( -4.719999999999997975, 20.56666666666665577, -41.50206437473708831 ) ) ;
#1556 = EDGE_CURVE ( 'NONE', #1875, #927, #595, .T. ) ;
#1557 = DIRECTION ( 'NONE',  ( 0.000000000000000000, 0.000000000000000000, 1.000000000000000000 ) ) ;
#1558 = DIRECTION ( 'NONE',  ( 1.000000000000000000, 0.000000000000000000, 0.000000000000000000 ) ) ;
#1559 = CARTESIAN_POINT ( 'NONE',  ( 2.854303231614408798, 21.56666666666665577, -10.80000000000000426 ) ) ;
#1560 = ORIENTED_EDGE ( 'NONE', *, *, #4344, .T. ) ;
#1561 = EDGE_CURVE ( 'NONE', #4294, #927, #973, .T. ) ;
#1562 = DIRECTION ( 'NONE',  ( 0.000000000000000000, -0.000000000000000000, -1.000000000000000000 ) ) ;
#1563 = DIRECTION ( 'NONE',  ( -1.000000000000000000, 0.000000000000000000, 0.000000000000000000 ) ) ;
#1564 =( GEOMETRIC_REPRESENTATION_CONTEXT ( 3 ) GLOBAL_UNCERTAINTY_ASSIGNED_CONTEXT ( ( #4440 ) ) GLOBAL_UNIT_ASSIGNED_CONTEXT ( ( #4477, #3375, #548 ) ) REPRESENTATION_CONTEXT ( 'NONE', 'WORKASPACE' ) );
#1565 = EDGE_LOOP ( 'NONE', ( #2897, #3913, #3114, #639, #4003, #2794 ) ) ;
#1566 = CARTESIAN_POINT ( 'NONE',  ( -17.56666666666665577, -15.91666666666666252, -6.049999999999992717 ) ) ;
#1567 = CYLINDRICAL_SURFACE ( 'NONE', #2961, 3.149999999999999911 ) ;
#1568 = DIRECTION ( 'NONE',  ( 1.423362852083536858E-15, 1.000000000000000000, 0.000000000000000000 ) ) ;
#1569 = DIRECTION ( 'NONE',  ( 1.000000000000000000, -0.000000000000000000, 0.000000000000000000 ) ) ;
#1570 = ORIENTED_EDGE ( 'NONE', *, *, #1667, .T. ) ;
#1571 = B_SPLINE_CURVE_WITH_KNOTS ( 'NONE', 3,
 ( #206, #2287, #2699, #3007, #3665, #4083, #1197, #2987, #3709, #486, #1590, #3377, #4102, #1218, #3357, #3338, #138, #1939, #155, #4434, #1261, #2304, #528, #1956, #2676, #2327, #3126 ),
 .UNSPECIFIED., .F., .F.,
 ( 4, 1, 1, 2, 2, 1, 1, 1, 1, 1, 2, 2, 1, 1, 1, 1, 2, 2, 4 ),
 ( 0.000000000000000000, 0.1249999999999797939, 0.1406249999999776568, 0.1425781249999774625, 0.1445312499999772404, 0.1484374999999773515, 0.1562499999999776013, 0.1874999999999787947, 0.2187499999999799605, 0.2343749999999801548, 0.2421874999999802380, 0.2499999999999803491, 0.3749999999999844569, 0.4374999999999860667, 0.4687499999999867883, 0.4843749999999870659, 0.4921874999999871769, 0.4999999999999872324, 1.000000000000000000 ),
 .UNSPECIFIED. ) ;
#1572 = DIRECTION ( 'NONE',  ( -0.000000000000000000, 1.000000000000000000, -6.195440985631452852E-17 ) ) ;
#1573 = EDGE_LOOP ( 'NONE', ( #1091, #572, #2158, #3962, #1763, #3605, #1721, #1815, #4438, #1660 ) ) ;
#1574 = EDGE_CURVE ( 'NONE', #2525, #1695, #1349, .T. ) ;
#1575 = LINE ( 'NONE', #3714, #2723 ) ;
#1576 = DIRECTION ( 'NONE',  ( -0.000000000000000000, -0.000000000000000000, 1.000000000000000000 ) ) ;
#1577 = FACE_OUTER_BOUND ( 'NONE', #21, .T. ) ;
#1578 = CARTESIAN_POINT ( 'NONE',  ( 4.719999999999998863, -20.19999999999999929, -4.200000000000000178 ) ) ;
#1579 = EDGE_CURVE ( 'NONE', #229, #1410, #2673, .T. ) ;
#1580 = CARTESIAN_POINT ( 'NONE',  ( 4.719999999999998863, -20.10137124364703709, -1.613898010835943087 ) ) ;
#1581 = LINE ( 'NONE', #2017, #605 ) ;
#1582 = CARTESIAN_POINT ( 'NONE',  ( -4.719999999999997975, 20.50833333333331510, -17.23969135802470021 ) ) ;
#1583 = EDGE_CURVE ( 'NONE', #2238, #412, #2416, .T. ) ;
#1584 = LINE ( 'NONE', #3001, #1020 ) ;
#1585 = EDGE_CURVE ( 'NONE', #3269, #2901, #1749, .T. ) ;
#1586 = ORIENTED_EDGE ( 'NONE', *, *, #2870, .T. ) ;
#1587 = CARTESIAN_POINT ( 'NONE',  ( 2.900000000000000799, 20.56666666666664867, -11.71134185562410224 ) ) ;
#1588 = PLANE ( 'NONE',  #2359 ) ;
#1589 = CARTESIAN_POINT ( 'NONE',  ( -13.22000000000000419, -20.03166874728551505, -6.050000000000002487 ) ) ;
#1590 = CARTESIAN_POINT ( 'NONE',  ( 6.919999999999999041, -20.11414987847893343, -6.584827785918899501 ) ) ;
#1591 = ORIENTED_EDGE ( 'NONE', *, *, #1229, .F. ) ;
#1592 = DIRECTION ( 'NONE',  ( 0.000000000000000000, 1.000000000000000000, -0.000000000000000000 ) ) ;
#1593 = ORIENTED_EDGE ( 'NONE', *, *, #116, .F. ) ;
#1594 = CARTESIAN_POINT ( 'NONE',  ( 2.250000000000000000, 14.16955234963668886, -0.05000000000000000278 ) ) ;
#1595 = DIRECTION ( 'NONE',  ( 0.000000000000000000, 0.000000000000000000, 1.000000000000000000 ) ) ;
#1596 = FACE_OUTER_BOUND ( 'NONE', #938, .T. ) ;
#1597 = DIRECTION ( 'NONE',  ( 1.000000000000000000, 4.081702296416016490E-16, 0.000000000000000000 ) ) ;
#1598 = ORIENTED_EDGE ( 'NONE', *, *, #1297, .T. ) ;
#1599 = CARTESIAN_POINT ( 'NONE',  ( 4.719999999999997975, -20.17207755206234765, -2.671042373960567762 ) ) ;
#1600 = DIRECTION ( 'NONE',  ( 0.000000000000000000, -0.1397268238372009475, -0.9901900901848935677 ) ) ;
#1601 = EDGE_CURVE ( 'NONE', #4145, #2657, #1402, .T. ) ;
#1602 = LINE ( 'NONE', #4097, #2272 ) ;
#1603 = ORIENTED_EDGE ( 'NONE', *, *, #4465, .T. ) ;
#1604 = DIRECTION ( 'NONE',  ( 1.000000000000000000, 9.682177540335668679E-17, 0.000000000000000000 ) ) ;
#1605 = VECTOR ( 'NONE', #2323, 1000.000000000000000 ) ;
#1606 = AXIS2_PLACEMENT_3D ( 'NONE', #2402, #1358, #332 ) ;
#1607 = ADVANCED_FACE ( 'NONE', ( #2888 ), #3234, .F. ) ;
#1608 = DIRECTION ( 'NONE',  ( 0.000000000000000000, 0.000000000000000000, 1.000000000000000000 ) ) ;
#1609 = CIRCLE ( 'NONE', #348, 1.060308641975302280 ) ;
#1610 = VECTOR ( 'NONE', #1592, 1000.000000000000000 ) ;
#1611 = CARTESIAN_POINT ( 'NONE',  ( 17.91666666666666430, 18.41666666666666430, -1.199999999999999956 ) ) ;
#1612 = CARTESIAN_POINT ( 'NONE',  ( -4.719999999999997975, -20.50833333333332575, -18.30000000000000426 ) ) ;
#1613 = ORIENTED_EDGE ( 'NONE', *, *, #2917, .T. ) ;
#1614 = AXIS2_PLACEMENT_3D ( 'NONE', #1587, #3724, #87 ) ;
#1615 = CARTESIAN_POINT ( 'NONE',  ( -4.719999999999998863, -20.19999999999999929, 0.002000000000000048614 ) ) ;
#1616 = ORIENTED_EDGE ( 'NONE', *, *, #3203, .F. ) ;
#1617 = CYLINDRICAL_SURFACE ( 'NONE', #4075, 0.7017459490682563805 ) ;
#1618 = VECTOR ( 'NONE', #304, 1000.000000000000000 ) ;
#1619 = CARTESIAN_POINT ( 'NONE',  ( 8.843997974534145712, -9.487972156611116148, -0.05000000000000000278 ) ) ;
#1620 = AXIS2_PLACEMENT_3D ( 'NONE', #3184, #382, #3535 ) ;
#1621 = VECTOR ( 'NONE', #1777, 1000.000000000000000 ) ;
#1622 = DIRECTION ( 'NONE',  ( -1.000000000000000000, 0.000000000000000000, 0.000000000000000000 ) ) ;
#1623 = FACE_OUTER_BOUND ( 'NONE', #1496, .T. ) ;
#1624 = ORIENTED_EDGE ( 'NONE', *, *, #2092, .F. ) ;
#1625 = DIRECTION ( 'NONE',  ( 1.000000000000000000, 0.000000000000000000, 0.000000000000000000 ) ) ;
#1626 = CARTESIAN_POINT ( 'NONE',  ( -21.06666666666665577, -18.41666666666666430, 0.000000000000000000 ) ) ;
#1627 = AXIS2_PLACEMENT_3D ( 'NONE', #3779, #1303, #3747 ) ;
#1628 = CARTESIAN_POINT ( 'NONE',  ( 21.06666666666666288, -18.41666666666666075, 0.000000000000000000 ) ) ;
#1629 = VECTOR ( 'NONE', #339, 1000.000000000000000 ) ;
#1630 = FACE_OUTER_BOUND ( 'NONE', #3934, .T. ) ;
#1631 = EDGE_CURVE ( 'NONE', #2062, #2534, #2075, .T. ) ;
#1632 = DIRECTION ( 'NONE',  ( -1.269309860470839063E-15, -1.000000000000000000, 0.000000000000000000 ) ) ;
#1633 = EDGE_CURVE ( 'NONE', #3119, #2486, #2184, .T. ) ;
#1634 = DIRECTION ( 'NONE',  ( 0.000000000000000000, 1.000000000000000000, 0.000000000000000000 ) ) ;
#1635 = CARTESIAN_POINT ( 'NONE',  ( -13.21999999999999886, -20.17207755206232989, -7.521042373960564298 ) ) ;
#1636 = CARTESIAN_POINT ( 'NONE',  ( 4.719999999999997087, -21.56666666666665577, -10.80000000000000426 ) ) ;
#1637 = EDGE_LOOP ( 'NONE', ( #1336, #924, #4396, #98, #1143, #2604 ) ) ;
#1638 = EDGE_CURVE ( 'NONE', #314, #944, #1119, .T. ) ;
#1639 = CARTESIAN_POINT ( 'NONE',  ( -13.22000000000002551, -21.56666666666665577, -10.80000000000000426 ) ) ;
#1640 = ORIENTED_EDGE ( 'NONE', *, *, #4238, .F. ) ;
#1641 = EDGE_LOOP ( 'NONE', ( #3890, #1147, #781, #3464 ) ) ;
#1642 = EDGE_CURVE ( 'NONE', #4574, #2012, #3628, .T. ) ;
#1643 = CARTESIAN_POINT ( 'NONE',  ( -15.41666666666665897, 15.91666666666666252, -6.049999999999992717 ) ) ;
#1644 = DIRECTION ( 'NONE',  ( -0.4841229182759274607, -0.8749999999999997780, 0.000000000000000000 ) ) ;
#1645 = DIRECTION ( 'NONE',  ( -1.000000000000000000, -0.000000000000000000, -0.000000000000000000 ) ) ;
#1646 = ORIENTED_EDGE ( 'NONE', *, *, #2713, .T. ) ;
#1647 = LINE ( 'NONE', #991, #4523 ) ;
#1648 = EDGE_LOOP ( 'NONE', ( #2410, #3774, #181, #4577, #156, #216, #2368, #3056, #1560, #2884, #232, #1705, #1350, #2956, #1897, #244 ) ) ;
#1649 = EDGE_LOOP ( 'NONE', ( #4514, #3888, #3936, #1375 ) ) ;
#1650 = CARTESIAN_POINT ( 'NONE',  ( 13.22000000000000064, 20.12137088710707644, -1.814468230633515144 ) ) ;
#1651 = LINE ( 'NONE', #922, #4191 ) ;
#1652 = LINE ( 'NONE', #3070, #1533 ) ;
#1653 = EDGE_LOOP ( 'NONE', ( #4055, #4215, #2450, #3656 ) ) ;
#1654 = DIRECTION ( 'NONE',  ( 1.000000000000000000, -1.020425574104002027E-15, -0.000000000000000000 ) ) ;
#1655 = ORIENTED_EDGE ( 'NONE', *, *, #1812, .T. ) ;
#1656 = FACE_OUTER_BOUND ( 'NONE', #1648, .T. ) ;
#1657 = DIRECTION ( 'NONE',  ( 1.000000000000000000, 0.000000000000000000, 0.000000000000000000 ) ) ;
#1658 = LINE ( 'NONE', #1680, #2394 ) ;
#1659 = CARTESIAN_POINT ( 'NONE',  ( -6.920000000000002593, -20.17471477116360390, -7.589689247964602536 ) ) ;
#1660 = ORIENTED_EDGE ( 'NONE', *, *, #2125, .F. ) ;
#1661 = EDGE_CURVE ( 'NONE', #2462, #1277, #168, .T. ) ;
#1662 = LINE ( 'NONE', #3079, #1844 ) ;
#1663 = CARTESIAN_POINT ( 'NONE',  ( 8.699915402087103899, -9.061992185944493627, 0.000000000000000000 ) ) ;
#1664 = ORIENTED_EDGE ( 'NONE', *, *, #2255, .T. ) ;
#1665 = CARTESIAN_POINT ( 'NONE',  ( -4.719999999999998863, -20.56666666666665932, -1.800000000000000044 ) ) ;
#1666 = ORIENTED_EDGE ( 'NONE', *, *, #3433, .F. ) ;
#1667 = EDGE_CURVE ( 'NONE', #2322, #4288, #3592, .T. ) ;
#1668 = CYLINDRICAL_SURFACE ( 'NONE', #4068, 1.218749999999997558 ) ;
#1669 = ORIENTED_EDGE ( 'NONE', *, *, #3717, .F. ) ;
#1670 = EDGE_LOOP ( 'NONE', ( #716, #63, #1039, #2779, #2863, #3582, #911 ) ) ;
#1671 = PLANE ( 'NONE',  #3323 ) ;
#1672 = CARTESIAN_POINT ( 'NONE',  ( 13.22000000000000064, -20.13465588649388138, -6.831643267166222167 ) ) ;
#1673 = DIRECTION ( 'NONE',  ( 1.320855438561024143E-16, 1.000000000000000000, 0.000000000000000000 ) ) ;
#1674 = ORIENTED_EDGE ( 'NONE', *, *, #1083, .T. ) ;
#1675 = DIRECTION ( 'NONE',  ( 2.492120401259631284E-16, -1.000000000000000000, 0.000000000000000000 ) ) ;
#1676 = ORIENTED_EDGE ( 'NONE', *, *, #3309, .F. ) ;
#1677 = CARTESIAN_POINT ( 'NONE',  ( -13.22000000000000419, 19.79095546287927121, -18.02047519957773858 ) ) ;
#1678 = FACE_OUTER_BOUND ( 'NONE', #3260, .T. ) ;
#1679 = DIRECTION ( 'NONE',  ( 0.000000000000000000, 0.000000000000000000, -1.000000000000000000 ) ) ;
#1680 = CARTESIAN_POINT ( 'NONE',  ( -8.843997974534154594, -6.069504138585642750, -0.05000000000000000278 ) ) ;
#1681 = CARTESIAN_POINT ( 'NONE',  ( -6.919999999999999929, -20.17332481513339815, -7.553086493488714304 ) ) ;
#1682 = VERTEX_POINT ( 'NONE', #408 ) ;
#1683 = VECTOR ( 'NONE', #3047, 1000.000000000000000 ) ;
#1684 = CARTESIAN_POINT ( 'NONE',  ( 17.91666666666666430, -20.56666666666666288, -1.800000000000000044 ) ) ;
#1685 = VECTOR ( 'NONE', #1201, 1000.000000000000000 ) ;
#1686 = CARTESIAN_POINT ( 'NONE',  ( 4.600000000000003197, 21.56666666666665932, 0.000000000000000000 ) ) ;
#1687 = CIRCLE ( 'NONE', #4300, 3.149999999999999911 ) ;
#1688 = ORIENTED_EDGE ( 'NONE', *, *, #725, .F. ) ;
#1689 = ADVANCED_FACE ( 'NONE', ( #2554 ), #3919, .T. ) ;
#1690 = LINE ( 'NONE', #4186, #3263 ) ;
#1691 = ORIENTED_EDGE ( 'NONE', *, *, #3948, .F. ) ;
#1692 = VERTEX_POINT ( 'NONE', #430 ) ;
#1693 = PLANE ( 'NONE',  #1023 ) ;
#1694 = ORIENTED_EDGE ( 'NONE', *, *, #1975, .F. ) ;
#1695 = VERTEX_POINT ( 'NONE', #1860 ) ;
#1696 = VECTOR ( 'NONE', #2730, 1000.000000000000000 ) ;
#1697 = DIRECTION ( 'NONE',  ( -0.000000000000000000, -0.000000000000000000, 1.000000000000000000 ) ) ;
#1698 = EDGE_CURVE ( 'NONE', #3061, #4285, #2908, .T. ) ;
#1699 = CARTESIAN_POINT ( 'NONE',  ( 4.600000000000003197, 32.76364944841746052, 0.000000000000000000 ) ) ;
#1700 = EDGE_CURVE ( 'NONE', #102, #3904, #4146, .T. ) ;
#1701 = PLANE ( 'NONE',  #2588 ) ;
#1702 = ORIENTED_EDGE ( 'NONE', *, *, #1900, .T. ) ;
#1703 = DIRECTION ( 'NONE',  ( 0.000000000000000000, 1.000000000000000000, 0.000000000000000000 ) ) ;
#1704 = EDGE_CURVE ( 'NONE', #2065, #2234, #2621, .T. ) ;
#1705 = ORIENTED_EDGE ( 'NONE', *, *, #3523, .T. ) ;
#1706 = CARTESIAN_POINT ( 'NONE',  ( 20.06666666666665577, 12.25000000000000355, -6.049999999999992717 ) ) ;
#1707 = VECTOR ( 'NONE', #1507, 1000.000000000000000 ) ;
#1708 = DIRECTION ( 'NONE',  ( -9.011550524554841969E-17, 1.000000000000000000, 0.000000000000000000 ) ) ;
#1709 = DIRECTION ( 'NONE',  ( -0.000000000000000000, -0.000000000000000000, -1.000000000000000000 ) ) ;
#1710 = CARTESIAN_POINT ( 'NONE',  ( -13.22000000000000064, -20.13056421420422382, -6.777440005114918620 ) ) ;
#1711 = CARTESIAN_POINT ( 'NONE',  ( -6.920000000000005258, -20.10452134380804878, -6.492243154551262663 ) ) ;
#1712 = ORIENTED_EDGE ( 'NONE', *, *, #4200, .F. ) ;
#1713 = DIRECTION ( 'NONE',  ( -1.000000000000000000, 0.000000000000000000, 0.000000000000000000 ) ) ;
#1714 = CARTESIAN_POINT ( 'NONE',  ( -13.21999999999999709, 20.56666666666665932, -6.049999999999994493 ) ) ;
#1715 = CARTESIAN_POINT ( 'NONE',  ( -17.56666666666665577, 4.494999999999997442, -1.199999999999999956 ) ) ;
#1716 = ORIENTED_EDGE ( 'NONE', *, *, #1829, .F. ) ;
#1717 = CARTESIAN_POINT ( 'NONE',  ( -3.873628607401181423, -3.351423184354708873, -0.05000000000000000278 ) ) ;
#1718 = VERTEX_POINT ( 'NONE', #2975 ) ;
#1719 = ORIENTED_EDGE ( 'NONE', *, *, #1215, .T. ) ;
#1720 = CARTESIAN_POINT ( 'NONE',  ( 4.600000000000004974, 20.56666666666664867, -4.549999999999998934 ) ) ;
#1721 = ORIENTED_EDGE ( 'NONE', *, *, #3624, .F. ) ;
#1722 = ORIENTED_EDGE ( 'NONE', *, *, #410, .T. ) ;
#1723 = CARTESIAN_POINT ( 'NONE',  ( -4.719999999999998863, 21.56666666666665932, 0.002000000000000048614 ) ) ;
#1724 = DIRECTION ( 'NONE',  ( 0.000000000000000000, -0.000000000000000000, -1.000000000000000000 ) ) ;
#1725 = B_SPLINE_CURVE_WITH_KNOTS ( 'NONE', 3,
 ( #154, #1589, #4433, #1236, #306, #4201, #2801, #2453, #3451, #981, #2400, #1003, #4232, #929, #3879, #1710, #682, #2423, #2725, #1281, #227, #2079, #1635, #2698, #602, #2351, #4532 ),
 .UNSPECIFIED., .F., .F.,
 ( 4, 1, 1, 2, 2, 1, 1, 1, 1, 1, 2, 2, 1, 1, 1, 1, 2, 2, 4 ),
 ( 0.000000000000000000, 0.1249999999999668043, 0.1406249999999625577, 0.1425781249999621414, 0.1445312499999617251, 0.1484374999999614197, 0.1562499999999608091, 0.1874999999999614753, 0.2187499999999621414, 0.2343749999999624467, 0.2421874999999630296, 0.2499999999999635847, 0.3749999999999714673, 0.4374999999999754086, 0.4687499999999776845, 0.4843749999999788503, 0.4921874999999789613, 0.4999999999999791278, 1.000000000000000000 ),
 .UNSPECIFIED. ) ;
#1726 = DIRECTION ( 'NONE',  ( 0.8660254037844385966, 0.5000000000000003331, 0.000000000000000000 ) ) ;
#1727 = EDGE_LOOP ( 'NONE', ( #1459, #1219, #469, #2529, #3833, #3837, #827, #73 ) ) ;
#1728 = ADVANCED_FACE ( 'NONE', ( #1963 ), #4402, .T. ) ;
#1729 = LINE ( 'NONE', #1376, #3691 ) ;
#1730 = ORIENTED_EDGE ( 'NONE', *, *, #607, .F. ) ;
#1731 = DIRECTION ( 'NONE',  ( -1.000000000000000000, 0.000000000000000000, 0.000000000000000000 ) ) ;
#1732 = CARTESIAN_POINT ( 'NONE',  ( 2.840710077089037888, -7.146170579460782157, -0.05000000000000000278 ) ) ;
#1733 = EDGE_CURVE ( 'NONE', #2490, #1822, #877, .T. ) ;
#1734 = DIRECTION ( 'NONE',  ( 0.000000000000000000, 0.000000000000000000, -1.000000000000000000 ) ) ;
#1735 = CARTESIAN_POINT ( 'NONE',  ( -6.920000000000001705, -20.20000000000000284, -8.779670781528460921 ) ) ;
#1736 = ORIENTED_EDGE ( 'NONE', *, *, #1468, .T. ) ;
#1737 = CARTESIAN_POINT ( 'NONE',  ( -17.56666666666665577, 4.494999999999998330, -1.199999999999999956 ) ) ;
#1738 = DIRECTION ( 'NONE',  ( 1.000000000000000000, -1.936435508067133736E-16, 0.000000000000000000 ) ) ;
#1739 = DIRECTION ( 'NONE',  ( -0.5000000000000002220, -0.8660254037844384856, 0.000000000000000000 ) ) ;
#1740 = ORIENTED_EDGE ( 'NONE', *, *, #2470, .T. ) ;
#1741 = LINE ( 'NONE', #965, #814 ) ;
#1742 = ORIENTED_EDGE ( 'NONE', *, *, #637, .T. ) ;
#1743 = ORIENTED_EDGE ( 'NONE', *, *, #1975, .T. ) ;
#1744 = PLANE ( 'NONE',  #1469 ) ;
#1745 = ORIENTED_EDGE ( 'NONE', *, *, #2240, .F. ) ;
#1746 = VERTEX_POINT ( 'NONE', #1578 ) ;
#1747 = CARTESIAN_POINT ( 'NONE',  ( 7.411666666666664405, 20.19999999999999929, -1.199999999999999734 ) ) ;
#1748 = CARTESIAN_POINT ( 'NONE',  ( 0.000000000000000000, 0.000000000000000000, -0.05000000000000000278 ) ) ;
#1749 = LINE ( 'NONE', #2071, #2346 ) ;
#1750 = EDGE_LOOP ( 'NONE', ( #71, #1198, #3914, #2120 ) ) ;
#1751 = DIRECTION ( 'NONE',  ( -0.000000000000000000, -0.000000000000000000, 1.000000000000000000 ) ) ;
#1752 = EDGE_CURVE ( 'NONE', #2234, #2885, #2687, .T. ) ;
#1753 = VERTEX_POINT ( 'NONE', #562 ) ;
#1754 = CARTESIAN_POINT ( 'NONE',  ( -8.843997974534151041, -0.1256880636728811562, 0.000000000000000000 ) ) ;
#1755 = CARTESIAN_POINT ( 'NONE',  ( 4.943248910074702351, 3.617468105679394696, -0.05000000000000000278 ) ) ;
#1756 = CARTESIAN_POINT ( 'NONE',  ( -4.719999999999997975, 20.17030480774296208, -7.476782287711631447 ) ) ;
#1757 = EDGE_CURVE ( 'NONE', #1809, #2014, #1203, .T. ) ;
#1758 = CARTESIAN_POINT ( 'NONE',  ( -6.920000000000001705, -20.00000000000000000, -6.049999999999992717 ) ) ;
#1759 = ORIENTED_EDGE ( 'NONE', *, *, #386, .T. ) ;
#1760 = CARTESIAN_POINT ( 'NONE',  ( -8.914999999999993818, -20.00000000000000000, -6.049999999999995381 ) ) ;
#1761 = FILL_AREA_STYLE ('',( #1791 ) ) ;
#1762 = CARTESIAN_POINT ( 'NONE',  ( 8.142252025465888110, -10.18971810567937197, -0.05000000000000000278 ) ) ;
#1763 = ORIENTED_EDGE ( 'NONE', *, *, #4177, .F. ) ;
#1764 = EDGE_CURVE ( 'NONE', #4086, #4319, #1947, .T. ) ;
#1765 = DIRECTION ( 'NONE',  ( 0.000000000000000000, 1.000000000000000000, 0.000000000000000000 ) ) ;
#1766 = AXIS2_PLACEMENT_3D ( 'NONE', #4030, #854, #3722 ) ;
#1767 = EDGE_LOOP ( 'NONE', ( #3974, #2505, #1877, #3209 ) ) ;
#1768 = VECTOR ( 'NONE', #3521, 1000.000000000000000 ) ;
#1769 = ORIENTED_EDGE ( 'NONE', *, *, #2041, .F. ) ;
#1770 = CARTESIAN_POINT ( 'NONE',  ( -2.899999999999999911, 14.00000000000000000, -11.71134185562410224 ) ) ;
#1771 = VERTEX_POINT ( 'NONE', #851 ) ;
#1772 = ORIENTED_EDGE ( 'NONE', *, *, #1326, .F. ) ;
#1773 = VECTOR ( 'NONE', #1883, 1000.000000000000000 ) ;
#1774 = CARTESIAN_POINT ( 'NONE',  ( -13.22000000000000242, 20.10411853758553846, -6.488430067521370859 ) ) ;
#1775 = VECTOR ( 'NONE', #4021, 1000.000000000000000 ) ;
#1776 = LINE ( 'NONE', #4218, #2620 ) ;
#1777 = DIRECTION ( 'NONE',  ( 1.231756314303058296E-16, 1.000000000000000000, -0.000000000000000000 ) ) ;
#1778 = VERTEX_POINT ( 'NONE', #2295 ) ;
#1779 = CIRCLE ( 'NONE', #1543, 1.700000000000001510 ) ;
#1780 = LINE ( 'NONE', #3898, #1538 ) ;
#1781 = AXIS2_PLACEMENT_3D ( 'NONE', #1514, #378, #1845 ) ;
#1782 = DIRECTION ( 'NONE',  ( -0.5000000000000002220, -0.8660254037844384856, 0.000000000000000000 ) ) ;
#1783 = ORIENTED_EDGE ( 'NONE', *, *, #4139, .F. ) ;
#1784 = CARTESIAN_POINT ( 'NONE',  ( 13.21999999999999886, -20.19999999999999574, -9.050000000000009592 ) ) ;
#1785 = EDGE_CURVE ( 'NONE', #1692, #800, #2724, .T. ) ;
#1786 = CARTESIAN_POINT ( 'NONE',  ( -13.21999999999999886, -20.56666666666666288, -1.800000000000000044 ) ) ;
#1787 = VECTOR ( 'NONE', #1990, 1000.000000000000000 ) ;
#1788 = VERTEX_POINT ( 'NONE', #3695 ) ;
#1789 = DIRECTION ( 'NONE',  ( 1.000000000000000000, 0.000000000000000000, 0.000000000000000000 ) ) ;
#1790 = EDGE_CURVE ( 'NONE', #3739, #4288, #41, .T. ) ;
#1791 = FILL_AREA_STYLE_COLOUR ( '', #182 ) ;
#1792 = LINE ( 'NONE', #1420, #4236 ) ;
#1793 = ORIENTED_EDGE ( 'NONE', *, *, #2179, .F. ) ;
#1794 = LINE ( 'NONE', #773, #2832 ) ;
#1795 = ORIENTED_EDGE ( 'NONE', *, *, #2338, .F. ) ;
#1796 = CARTESIAN_POINT ( 'NONE',  ( -4.719999999999997975, -20.06371954081708964, -1.312644996360730953 ) ) ;
#1797 = ORIENTED_EDGE ( 'NONE', *, *, #3146, .F. ) ;
#1798 = VERTEX_POINT ( 'NONE', #4024 ) ;
#1799 = EDGE_CURVE ( 'NONE', #3202, #1500, #4112, .T. ) ;
#1800 = DIRECTION ( 'NONE',  ( -1.000000000000000000, -0.000000000000000000, -0.000000000000000000 ) ) ;
#1801 = CARTESIAN_POINT ( 'NONE',  ( 15.41666666666665719, -18.06666666666666288, -41.50206437473708831 ) ) ;
#1802 = CARTESIAN_POINT ( 'NONE',  ( 6.919999999999999041, -20.17471338242343393, -2.739674504813899514 ) ) ;
#1803 = ORIENTED_EDGE ( 'NONE', *, *, #1790, .T. ) ;
#1804 = CARTESIAN_POINT ( 'NONE',  ( 4.600000000000006750, 21.56666666666665932, -1.800000000000000044 ) ) ;
#1805 = CARTESIAN_POINT ( 'NONE',  ( -4.719999999999997975, 18.06666666666665932, -41.50206437473708831 ) ) ;
#1806 = ORIENTED_EDGE ( 'NONE', *, *, #872, .T. ) ;
#1807 = CARTESIAN_POINT ( 'NONE',  ( -3.873628607401181867, -3.351423184354707985, 0.000000000000000000 ) ) ;
#1808 = CARTESIAN_POINT ( 'NONE',  ( -17.56666666666665577, 4.494999999999998330, -1.199999999999999956 ) ) ;
#1809 = VERTEX_POINT ( 'NONE', #2250 ) ;
#1810 = CARTESIAN_POINT ( 'NONE',  ( -14.88475652638006785, 11.71179331365875420, -0.5000000000000004441 ) ) ;
#1811 = ORIENTED_EDGE ( 'NONE', *, *, #4465, .F. ) ;
#1812 = EDGE_CURVE ( 'NONE', #1161, #4535, #163, .T. ) ;
#1813 = LINE ( 'NONE', #2550, #3471 ) ;
#1814 = ORIENTED_EDGE ( 'NONE', *, *, #458, .T. ) ;
#1815 = ORIENTED_EDGE ( 'NONE', *, *, #3502, .F. ) ;
#1816 = CARTESIAN_POINT ( 'NONE',  ( -13.21999999999999531, 20.15780912064544594, -7.193758144615495453 ) ) ;
#1817 = CARTESIAN_POINT ( 'NONE',  ( -6.920000000000001705, -20.17207638006074433, -2.671020167829370795 ) ) ;
#1818 = ADVANCED_FACE ( 'NONE', ( #2315 ), #1931, .T. ) ;
#1819 = CARTESIAN_POINT ( 'NONE',  ( 6.919999999999998153, -20.13208487806583236, -1.947303594536374582 ) ) ;
#1820 = CARTESIAN_POINT ( 'NONE',  ( 6.919999999999999929, -20.56666666666666288, -6.049999999999992717 ) ) ;
#1821 = CARTESIAN_POINT ( 'NONE',  ( -13.22000000000000242, -16.62500000000003908, -6.049999999999994493 ) ) ;
#1822 = VERTEX_POINT ( 'NONE', #1992 ) ;
#1823 = DIRECTION ( 'NONE',  ( 1.000000000000000000, -1.936435508067133736E-16, 0.000000000000000000 ) ) ;
#1824 = CARTESIAN_POINT ( 'NONE',  ( 17.91666666666666430, -20.56666666666666288, -1.800000000000000044 ) ) ;
#1825 = ORIENTED_EDGE ( 'NONE', *, *, #1848, .F. ) ;
#1826 = DIRECTION ( 'NONE',  ( 0.000000000000000000, -1.000000000000000000, -0.000000000000000000 ) ) ;
#1827 = ORIENTED_EDGE ( 'NONE', *, *, #2460, .T. ) ;
#1828 = CARTESIAN_POINT ( 'NONE',  ( -4.719999999999998863, -20.10412126507949893, -1.638455003195765203 ) ) ;
#1829 = EDGE_CURVE ( 'NONE', #990, #28, #97, .T. ) ;
#1830 = CARTESIAN_POINT ( 'NONE',  ( -13.22000000000000064, 20.18666351598458775, -7.955179441011553720 ) ) ;
#1831 = VECTOR ( 'NONE', #1493, 1000.000000000000000 ) ;
#1832 = ORIENTED_EDGE ( 'NONE', *, *, #2530, .F. ) ;
#1833 = CARTESIAN_POINT ( 'NONE',  ( -6.920000000000001705, -20.12626354799857964, -1.873159844232658466 ) ) ;
#1834 = AXIS2_PLACEMENT_3D ( 'NONE', #2479, #3903, #2661 ) ;
#1835 = CARTESIAN_POINT ( 'NONE',  ( 6.919999999999998153, -20.09584401867999404, -1.565645836717908912 ) ) ;
#1836 = VECTOR ( 'NONE', #1910, 1000.000000000000000 ) ;
#1837 = VECTOR ( 'NONE', #3609, 1000.000000000000114 ) ;
#1838 = ADVANCED_FACE ( 'NONE', ( #1623 ), #1224, .T. ) ;
#1839 = CARTESIAN_POINT ( 'NONE',  ( 16.62500000000000000, -16.62500000000000000, -6.049999999999994493 ) ) ;
#1840 = CARTESIAN_POINT ( 'NONE',  ( 4.943248910074702351, 3.617468105679394696, -0.05000000000000000278 ) ) ;
#1841 = CIRCLE ( 'NONE', #2349, 1.700000000000013056 ) ;
#1842 = EDGE_CURVE ( 'NONE', #4086, #2238, #1187, .T. ) ;
#1843 = ORIENTED_EDGE ( 'NONE', *, *, #1642, .F. ) ;
#1844 = VECTOR ( 'NONE', #4560, 1000.000000000000114 ) ;
#1845 = DIRECTION ( 'NONE',  ( 0.000000000000000000, 0.000000000000000000, 1.000000000000000000 ) ) ;
#1846 = EDGE_CURVE ( 'NONE', #800, #2968, #3015, .T. ) ;
#1847 = AXIS2_PLACEMENT_3D ( 'NONE', #3223, #4282, #3907 ) ;
#1848 = EDGE_CURVE ( 'NONE', #3489, #4428, #222, .T. ) ;
#1849 = ORIENTED_EDGE ( 'NONE', *, *, #3210, .F. ) ;
#1850 = LINE ( 'NONE', #685, #420 ) ;
#1851 = DIRECTION ( 'NONE',  ( 1.000000000000000000, 0.000000000000000000, 0.000000000000000000 ) ) ;
#1852 = CIRCLE ( 'NONE', #4158, 2.150000000000000799 ) ;
#1853 = CARTESIAN_POINT ( 'NONE',  ( 0.000000000000000000, 1.925929944387235853E-31, -2.949999999999994849 ) ) ;
#1854 = CARTESIAN_POINT ( 'NONE',  ( -4.599999999999996980, 20.56666666666665577, -1.799999999999998934 ) ) ;
#1855 = ORIENTED_EDGE ( 'NONE', *, *, #1386, .T. ) ;
#1856 = CARTESIAN_POINT ( 'NONE',  ( -4.719999999999998863, 20.56666666666665577, -1.800000000000002931 ) ) ;
#1857 = VECTOR ( 'NONE', #3619, 1000.000000000000000 ) ;
#1858 = CARTESIAN_POINT ( 'NONE',  ( -17.91666666666665719, -18.41666666666666430, -1.800000000000000044 ) ) ;
#1859 = CARTESIAN_POINT ( 'NONE',  ( -6.920000000000001705, -20.16775113637870476, -2.565482168133644603 ) ) ;
#1860 = CARTESIAN_POINT ( 'NONE',  ( 17.91666666666666430, 20.56666666666664867, -1.199999999999999956 ) ) ;
#1861 = CARTESIAN_POINT ( 'NONE',  ( -10.61524347361992682, 12.28820668634124580, 0.000000000000000000 ) ) ;
#1862 = CARTESIAN_POINT ( 'NONE',  ( -13.22000000000004505, -16.62499999999996447, -6.049999999999994493 ) ) ;
#1863 = CARTESIAN_POINT ( 'NONE',  ( -4.719999999999998863, 18.41666666666665719, -1.800000000000000044 ) ) ;
#1864 = ORIENTED_EDGE ( 'NONE', *, *, #1128, .T. ) ;
#1865 = EDGE_CURVE ( 'NONE', #1798, #2940, #4069, .T. ) ;
#1866 = DIRECTION ( 'NONE',  ( -8.180276040875718629E-16, -1.000000000000000000, 0.000000000000000000 ) ) ;
#1867 = PLANE ( 'NONE',  #1234 ) ;
#1868 = ORIENTED_EDGE ( 'NONE', *, *, #736, .T. ) ;
#1869 = EDGE_CURVE ( 'NONE', #1010, #2878, #3810, .T. ) ;
#1870 = FACE_OUTER_BOUND ( 'NONE', #1345, .T. ) ;
#1871 = ADVANCED_FACE ( 'NONE', ( #1317 ), #1744, .F. ) ;
#1872 = LINE ( 'NONE', #2611, #426 ) ;
#1873 = ORIENTED_EDGE ( 'NONE', *, *, #2569, .F. ) ;
#1874 = FACE_OUTER_BOUND ( 'NONE', #2654, .T. ) ;
#1875 = VERTEX_POINT ( 'NONE', #291 ) ;
#1876 = CARTESIAN_POINT ( 'NONE',  ( -6.920000000000001705, -18.06666666666666288, -41.50206437473708831 ) ) ;
#1877 = ORIENTED_EDGE ( 'NONE', *, *, #2290, .F. ) ;
#1878 = CARTESIAN_POINT ( 'NONE',  ( -4.599999999999996980, 21.56666666666665932, -1.799999999999998934 ) ) ;
#1879 = CARTESIAN_POINT ( 'NONE',  ( -6.920000000000002593, -20.13056480950662319, -1.927451284419644084 ) ) ;
#1880 = CARTESIAN_POINT ( 'NONE',  ( 6.920000000000000817, -20.10411755067195472, -1.638425628429746039 ) ) ;
#1881 = ORIENTED_EDGE ( 'NONE', *, *, #3090, .F. ) ;
#1882 = CARTESIAN_POINT ( 'NONE',  ( 17.56666666666665577, -15.91666666666666252, -41.50206437473708831 ) ) ;
#1883 = DIRECTION ( 'NONE',  ( 1.802310104910968640E-16, -1.000000000000000000, -0.000000000000000000 ) ) ;
#1884 = VECTOR ( 'NONE', #3030, 1000.000000000000000 ) ;
#1885 = DIRECTION ( 'NONE',  ( 1.000000000000000000, 0.000000000000000000, 0.000000000000000000 ) ) ;
#1886 = ORIENTED_EDGE ( 'NONE', *, *, #3217, .T. ) ;
#1887 = PLANE ( 'NONE',  #258 ) ;
#1888 = VERTEX_POINT ( 'NONE', #3162 ) ;
#1889 = CARTESIAN_POINT ( 'NONE',  ( 4.609999999999997655, -20.00000000000000000, -1.199999999999999734 ) ) ;
#1890 = ADVANCED_FACE ( 'NONE', ( #2787 ), #1693, .T. ) ;
#1891 = ORIENTED_EDGE ( 'NONE', *, *, #1297, .F. ) ;
#1892 = PLANE ( 'NONE',  #120 ) ;
#1893 = EDGE_CURVE ( 'NONE', #1069, #379, #1915, .T. ) ;
#1894 = PLANE ( 'NONE',  #1251 ) ;
#1895 = CARTESIAN_POINT ( 'NONE',  ( 15.41666666666665719, -18.06666666666666288, -1.199999999999999956 ) ) ;
#1896 = LINE ( 'NONE', #845, #3924 ) ;
#1897 = ORIENTED_EDGE ( 'NONE', *, *, #330, .T. ) ;
#1898 = ADVANCED_FACE ( 'NONE', ( #1343 ), #2763, .T. ) ;
#1899 = CARTESIAN_POINT ( 'NONE',  ( -2.439184172310317589, -3.351423184354708873, -0.05000000000000000278 ) ) ;
#1900 = EDGE_CURVE ( 'NONE', #711, #2885, #590, .T. ) ;
#1901 = DIRECTION ( 'NONE',  ( 0.000000000000000000, -0.000000000000000000, 1.000000000000000000 ) ) ;
#1902 = LINE ( 'NONE', #4421, #4600 ) ;
#1903 = DIRECTION ( 'NONE',  ( 1.541976423090495633E-16, -1.000000000000000000, 0.000000000000000000 ) ) ;
#1904 = DIRECTION ( 'NONE',  ( 1.000000000000000000, 0.000000000000000000, 0.000000000000000000 ) ) ;
#1905 = LINE ( 'NONE', #128, #1479 ) ;
#1906 = FACE_OUTER_BOUND ( 'NONE', #2409, .T. ) ;
#1907 = CARTESIAN_POINT ( 'NONE',  ( -4.719999999999998863, 20.17137170829405335, -7.503297893780985994 ) ) ;
#1908 = ORIENTED_EDGE ( 'NONE', *, *, #2865, .F. ) ;
#1909 = VECTOR ( 'NONE', #3559, 1000.000000000000000 ) ;
#1910 = DIRECTION ( 'NONE',  ( -0.000000000000000000, -0.000000000000000000, 1.000000000000000000 ) ) ;
#1911 = ORIENTED_EDGE ( 'NONE', *, *, #699, .F. ) ;
#1912 = VECTOR ( 'NONE', #3726, 1000.000000000000000 ) ;
#1913 =( LENGTH_UNIT ( ) NAMED_UNIT ( * ) SI_UNIT ( .MILLI., .METRE. ) );
#1914 = CIRCLE ( 'NONE', #3850, 4.120213967093725671 ) ;
#1915 = CIRCLE ( 'NONE', #1172, 2.149999999999999023 ) ;
#1916 = ORIENTED_EDGE ( 'NONE', *, *, #1103, .F. ) ;
#1917 = EDGE_CURVE ( 'NONE', #28, #1718, #614, .T. ) ;
#1918 = CARTESIAN_POINT ( 'NONE',  ( 4.720000000000000639, 20.14503449320048034, -2.131167547519237537 ) ) ;
#1919 = CIRCLE ( 'NONE', #4527, 1.897373697553036642 ) ;
#1920 = LINE ( 'NONE', #3006, #1036 ) ;
#1921 = CARTESIAN_POINT ( 'NONE',  ( -10.52833333333333066, 20.19999999999999574, -6.049999999999995381 ) ) ;
#1922 = DIRECTION ( 'NONE',  ( 1.000000000000000000, 0.000000000000000000, 0.000000000000000000 ) ) ;
#1923 = VERTEX_POINT ( 'NONE', #4592 ) ;
#1924 = ADVANCED_FACE ( 'NONE', ( #4247 ), #1668, .T. ) ;
#1925 = DIRECTION ( 'NONE',  ( 0.000000000000000000, 0.000000000000000000, 1.000000000000000000 ) ) ;
#1926 = CIRCLE ( 'NONE', #2825, 2.149999999999999023 ) ;
#1927 = DIRECTION ( 'NONE',  ( 0.000000000000000000, 1.000000000000000000, 0.000000000000000000 ) ) ;
#1928 = DIRECTION ( 'NONE',  ( 0.000000000000000000, 0.1397268238372009475, 0.9901900901848935677 ) ) ;
#1929 = LINE ( 'NONE', #162, #4629 ) ;
#1930 = EDGE_CURVE ( 'NONE', #698, #3597, #1647, .T. ) ;
#1931 = PLANE ( 'NONE',  #489 ) ;
#1932 = CARTESIAN_POINT ( 'NONE',  ( 4.719999999999997975, -20.15088571523329719, -2.218467034249938408 ) ) ;
#1933 = LINE ( 'NONE', #4474, #151 ) ;
#1934 = DIRECTION ( 'NONE',  ( -0.1736481776669341615, -0.9848077530122073542, 0.000000000000000000 ) ) ;
#1935 = CARTESIAN_POINT ( 'NONE',  ( 5.416666666666672292, -20.00000000000000000, -1.199999999999999734 ) ) ;
#1936 = PLANE ( 'NONE',  #4231 ) ;
#1937 = CARTESIAN_POINT ( 'NONE',  ( -11.46169484682894257, 16.56179331365875385, -10.78483074862842273 ) ) ;
#1938 = CARTESIAN_POINT ( 'NONE',  ( -2.899999999999999911, 20.56666666666665222, -11.71134185562410224 ) ) ;
#1939 = CARTESIAN_POINT ( 'NONE',  ( 6.919999999999999041, -20.15088571523329364, -7.068467034249877656 ) ) ;
#1940 = ORIENTED_EDGE ( 'NONE', *, *, #2526, .T. ) ;
#1941 = LINE ( 'NONE', #4436, #940 ) ;
#1942 = ORIENTED_EDGE ( 'NONE', *, *, #3437, .T. ) ;
#1943 = CARTESIAN_POINT ( 'NONE',  ( -17.91666666666666430, 20.56666666666665577, -1.800000000000000044 ) ) ;
#1944 = CARTESIAN_POINT ( 'NONE',  ( 2.250000000000000000, 14.16955234963668886, -0.05000000000000000278 ) ) ;
#1945 = EDGE_CURVE ( 'NONE', #2647, #2480, #3111, .T. ) ;
#1946 = DIRECTION ( 'NONE',  ( 0.000000000000000000, 1.000000000000000000, 0.000000000000000000 ) ) ;
#1947 = LINE ( 'NONE', #3366, #115 ) ;
#1948 = CARTESIAN_POINT ( 'NONE',  ( 4.719999999999999751, -20.12627745244970612, -1.873313178872622276 ) ) ;
#1949 = EDGE_CURVE ( 'NONE', #4136, #2446, #2411, .T. ) ;
#1950 = CARTESIAN_POINT ( 'NONE',  ( 17.91666666666666430, -21.56666666666666288, -1.800000000000000044 ) ) ;
#1951 = VECTOR ( 'NONE', #4580, 1000.000000000000000 ) ;
#1952 = CARTESIAN_POINT ( 'NONE',  ( 6.919999999999999041, -18.06666666666666288, -1.199999999999999956 ) ) ;
#1953 = ORIENTED_EDGE ( 'NONE', *, *, #837, .F. ) ;
#1954 = CARTESIAN_POINT ( 'NONE',  ( 4.719999999999998863, 20.17660794891445519, -2.791147045577991204 ) ) ;
#1955 = CARTESIAN_POINT ( 'NONE',  ( -10.52833333333333066, 19.99999999999999645, -6.049999999999995381 ) ) ;
#1956 = CARTESIAN_POINT ( 'NONE',  ( 6.920000000000003482, -20.17249166989999054, -7.531592386979168552 ) ) ;
#1957 = ORIENTED_EDGE ( 'NONE', *, *, #432, .T. ) ;
#1958 = DIRECTION ( 'NONE',  ( -0.000000000000000000, 0.000000000000000000, 1.000000000000000000 ) ) ;
#1959 = ORIENTED_EDGE ( 'NONE', *, *, #816, .F. ) ;
#1960 = DIRECTION ( 'NONE',  ( -1.000000000000000000, 1.020425574104002027E-15, 0.000000000000000000 ) ) ;
#1961 = DIRECTION ( 'NONE',  ( -0.000000000000000000, -0.000000000000000000, 1.000000000000000000 ) ) ;
#1962 = DIRECTION ( 'NONE',  ( 1.000000000000000000, -1.020425574104002027E-15, -0.000000000000000000 ) ) ;
#1963 = FACE_OUTER_BOUND ( 'NONE', #2783, .T. ) ;
#1964 = VERTEX_POINT ( 'NONE', #1016 ) ;
#1965 = EDGE_LOOP ( 'NONE', ( #1664, #836, #500, #1570 ) ) ;
#1966 = EDGE_CURVE ( 'NONE', #2738, #3646, #2307, .T. ) ;
#1967 = LINE ( 'NONE', #2273, #186 ) ;
#1968 = DIRECTION ( 'NONE',  ( -1.000000000000000000, 0.000000000000000000, 0.000000000000000000 ) ) ;
#1969 = DIRECTION ( 'NONE',  ( 0.000000000000000000, 1.000000000000000000, -0.000000000000000000 ) ) ;
#1970 = EDGE_CURVE ( 'NONE', #2716, #1440, #267, .T. ) ;
#1971 = DIRECTION ( 'NONE',  ( 1.000000000000000000, 0.000000000000000000, -0.000000000000000000 ) ) ;
#1972 = EDGE_CURVE ( 'NONE', #412, #2403, #791, .T. ) ;
#1973 = VECTOR ( 'NONE', #3874, 1000.000000000000000 ) ;
#1974 = CARTESIAN_POINT ( 'NONE',  ( 2.250000000000000000, 14.16955234963668886, -0.05000000000000000278 ) ) ;
#1975 = EDGE_CURVE ( 'NONE', #2901, #3459, #370, .T. ) ;
#1976 = VECTOR ( 'NONE', #2635, 1000.000000000000000 ) ;
#1977 = EDGE_CURVE ( 'NONE', #2490, #223, #4332, .T. ) ;
#1978 = AXIS2_PLACEMENT_3D ( 'NONE', #3953, #2862, #1444 ) ;
#1979 = LINE ( 'NONE', #1895, #2401 ) ;
#1980 = CARTESIAN_POINT ( 'NONE',  ( -20.06666666666665577, -18.41666666666666430, -1.800000000000000044 ) ) ;
#1981 = AXIS2_PLACEMENT_3D ( 'NONE', #3106, #4107, #2406 ) ;
#1982 = ORIENTED_EDGE ( 'NONE', *, *, #1585, .F. ) ;
#1983 = AXIS2_PLACEMENT_3D ( 'NONE', #1332, #4500, #2722 ) ;
#1984 = CARTESIAN_POINT ( 'NONE',  ( -15.82124819948378303, 17.06179331365875385, -0.5000000000000004441 ) ) ;
#1985 = DIRECTION ( 'NONE',  ( 1.000000000000000000, 0.000000000000000000, 0.000000000000000000 ) ) ;
#1986 = CIRCLE ( 'NONE', #4311, 1.218749999999997558 ) ;
#1987 = CARTESIAN_POINT ( 'NONE',  ( -5.758948872912925232, 4.222033189064340775, 0.000000000000000000 ) ) ;
#1988 = VECTOR ( 'NONE', #2431, 1000.000000000000000 ) ;
#1989 = VECTOR ( 'NONE', #4019, 1000.000000000000000 ) ;
#1990 = DIRECTION ( 'NONE',  ( 1.000000000000000000, -0.000000000000000000, -0.000000000000000000 ) ) ;
#1991 = ORIENTED_EDGE ( 'NONE', *, *, #4409, .F. ) ;
#1992 = CARTESIAN_POINT ( 'NONE',  ( -12.52124819948378232, 8.211793313658755977, -0.5000000000000004441 ) ) ;
#1993 = ORIENTED_EDGE ( 'NONE', *, *, #812, .T. ) ;
#1994 = ORIENTED_EDGE ( 'NONE', *, *, #1074, .F. ) ;
#1995 = CARTESIAN_POINT ( 'NONE',  ( 13.21999999999999531, 19.99999999999999645, -1.199999999999999956 ) ) ;
#1996 = CARTESIAN_POINT ( 'NONE',  ( -17.56666666666665577, -15.91666666666666252, -41.50206437473708831 ) ) ;
#1997 = CARTESIAN_POINT ( 'NONE',  ( -9.019999999999999574, -20.00000000000000000, -6.049999999999994493 ) ) ;
#1998 = ORIENTED_EDGE ( 'NONE', *, *, #2996, .F. ) ;
#1999 = VECTOR ( 'NONE', #3132, 1000.000000000000000 ) ;
#2000 = PLANE ( 'NONE',  #1307 ) ;
#2001 = EDGE_CURVE ( 'NONE', #4299, #4472, #2488, .T. ) ;
#2002 = ORIENTED_EDGE ( 'NONE', *, *, #85, .T. ) ;
#2003 = CARTESIAN_POINT ( 'NONE',  ( -21.06666666666665932, -18.41666666666666430, 0.000000000000000000 ) ) ;
#2004 = DIRECTION ( 'NONE',  ( -0.000000000000000000, -0.000000000000000000, 1.000000000000000000 ) ) ;
#2005 = EDGE_CURVE ( 'NONE', #3490, #640, #1155, .T. ) ;
#2006 = CARTESIAN_POINT ( 'NONE',  ( -6.920000000000002593, -20.16719608564329747, -7.395411147780300176 ) ) ;
#2007 = ORIENTED_EDGE ( 'NONE', *, *, #1265, .T. ) ;
#2008 = DIRECTION ( 'NONE',  ( -1.802310104910968147E-16, 1.000000000000000000, 0.000000000000000000 ) ) ;
#2009 = CARTESIAN_POINT ( 'NONE',  ( -6.920000000000001705, -20.00000000000000355, -1.199999999999999956 ) ) ;
#2010 = ORIENTED_EDGE ( 'NONE', *, *, #543, .F. ) ;
#2011 = CARTESIAN_POINT ( 'NONE',  ( -2.439184172310317589, -3.351423184354708873, -0.05000000000000000278 ) ) ;
#2012 = VERTEX_POINT ( 'NONE', #3228 ) ;
#2013 = DIRECTION ( 'NONE',  ( -1.231756314303058296E-16, -1.000000000000000000, 0.000000000000000000 ) ) ;
#2014 = VERTEX_POINT ( 'NONE', #2570 ) ;
#2015 = ORIENTED_EDGE ( 'NONE', *, *, #607, .T. ) ;
#2016 = CARTESIAN_POINT ( 'NONE',  ( 13.21999999999999709, 20.11414987847894054, -1.734827785918947596 ) ) ;
#2017 = CARTESIAN_POINT ( 'NONE',  ( -4.719999999999997975, 20.50833333333332575, -18.30000000000000426 ) ) ;
#2018 = CARTESIAN_POINT ( 'NONE',  ( -4.719999999999998863, 20.19999999999999929, -9.049999999999995381 ) ) ;
#2019 = ORIENTED_EDGE ( 'NONE', *, *, #3580, .F. ) ;
#2020 = CARTESIAN_POINT ( 'NONE',  ( -9.778751800516216619, 6.938206686341246154, -0.5000000000000004441 ) ) ;
#2021 = AXIS2_PLACEMENT_3D ( 'NONE', #4318, #81, #835 ) ;
#2022 = EDGE_LOOP ( 'NONE', ( #2002, #2361, #1478, #2073 ) ) ;
#2023 = CARTESIAN_POINT ( 'NONE',  ( 20.06666666666665577, 17.25000000000000355, -10.25787089075391023 ) ) ;
#2024 = VECTOR ( 'NONE', #3196, 1000.000000000000000 ) ;
#2025 = LINE ( 'NONE', #928, #2814 ) ;
#2026 = ADVANCED_FACE ( 'NONE', ( #3211 ), #10, .F. ) ;
#2027 = LINE ( 'NONE', #2753, #127 ) ;
#2028 = DIRECTION ( 'NONE',  ( 1.000000000000000000, 0.000000000000000000, 0.000000000000000000 ) ) ;
#2029 = CARTESIAN_POINT ( 'NONE',  ( -6.920000000000003482, -20.13819138740779024, -6.880540058953504179 ) ) ;
#2030 = ORIENTED_EDGE ( 'NONE', *, *, #1785, .F. ) ;
#2031 = DIRECTION ( 'NONE',  ( 0.000000000000000000, 0.000000000000000000, -1.000000000000000000 ) ) ;
#2032 = EDGE_CURVE ( 'NONE', #2463, #966, #3621, .T. ) ;
#2033 = FACE_OUTER_BOUND ( 'NONE', #4447, .T. ) ;
#2034 = VERTEX_POINT ( 'NONE', #2111 ) ;
#2035 = EDGE_CURVE ( 'NONE', #256, #237, #1485, .T. ) ;
#2036 = DIRECTION ( 'NONE',  ( -0.000000000000000000, -1.000000000000000000, 0.000000000000000000 ) ) ;
#2037 = EDGE_LOOP ( 'NONE', ( #2342, #2688, #1228, #373, #707 ) ) ;
#2038 = CARTESIAN_POINT ( 'NONE',  ( -4.719999999999999751, -20.19659475323535602, -3.537965511010783271 ) ) ;
#2039 = ORIENTED_EDGE ( 'NONE', *, *, #819, .F. ) ;
#2040 = ORIENTED_EDGE ( 'NONE', *, *, #3067, .T. ) ;
#2041 = EDGE_CURVE ( 'NONE', #2773, #3946, #2533, .T. ) ;
#2042 = CARTESIAN_POINT ( 'NONE',  ( 13.22000000000000064, 20.09666961761370629, -1.572926392209208935 ) ) ;
#2043 = DIRECTION ( 'NONE',  ( 0.000000000000000000, 0.000000000000000000, -1.000000000000000000 ) ) ;
#2044 = CARTESIAN_POINT ( 'NONE',  ( 4.719999999999998863, 20.19999999999999929, 0.002000000000000048614 ) ) ;
#2045 = ORIENTED_EDGE ( 'NONE', *, *, #1846, .T. ) ;
#2046 = CARTESIAN_POINT ( 'NONE',  ( -10.61524347361992682, 12.28820668634124580, 0.000000000000000000 ) ) ;
#2047 = ORIENTED_EDGE ( 'NONE', *, *, #3776, .T. ) ;
#2048 = DIRECTION ( 'NONE',  ( -0.000000000000000000, 0.000000000000000000, 1.000000000000000000 ) ) ;
#2049 = PLANE ( 'NONE',  #2212 ) ;
#2050 = DIRECTION ( 'NONE',  ( -0.000000000000000000, -0.000000000000000000, 1.000000000000000000 ) ) ;
#2051 = CARTESIAN_POINT ( 'NONE',  ( -6.920000000000001705, -20.13465588649388138, -6.831643267166212397 ) ) ;
#2052 = ORIENTED_EDGE ( 'NONE', *, *, #677, .F. ) ;
#2053 = AXIS2_PLACEMENT_3D ( 'NONE', #1300, #1029, #4254 ) ;
#2054 = CARTESIAN_POINT ( 'NONE',  ( -9.778751800516216619, 6.938206686341246154, 11.78977391353786253 ) ) ;
#2055 = AXIS2_PLACEMENT_3D ( 'NONE', #2851, #394, #720 ) ;
#2056 = DIRECTION ( 'NONE',  ( 1.000000000000000000, -0.000000000000000000, -0.000000000000000000 ) ) ;
#2057 = VERTEX_POINT ( 'NONE', #1133 ) ;
#2058 = LINE ( 'NONE', #2434, #2451 ) ;
#2059 = VECTOR ( 'NONE', #1789, 1000.000000000000000 ) ;
#2060 = ORIENTED_EDGE ( 'NONE', *, *, #2343, .T. ) ;
#2061 = EDGE_CURVE ( 'NONE', #4294, #3910, #1813, .T. ) ;
#2062 = VERTEX_POINT ( 'NONE', #4627 ) ;
#2063 = DIRECTION ( 'NONE',  ( -4.081702296416016490E-16, 1.000000000000000000, 0.000000000000000000 ) ) ;
#2064 = ORIENTED_EDGE ( 'NONE', *, *, #4206, .F. ) ;
#2065 = VERTEX_POINT ( 'NONE', #1856 ) ;
#2066 = VECTOR ( 'NONE', #303, 1000.000000000000000 ) ;
#2067 = CARTESIAN_POINT ( 'NONE',  ( 13.21999999999999709, 20.10739701523294443, -1.668459906142532478 ) ) ;
#2068 = DIRECTION ( 'NONE',  ( -0.000000000000000000, -0.000000000000000000, 1.000000000000000000 ) ) ;
#2069 = ADVANCED_FACE ( 'NONE', ( #1505 ), #2845, .F. ) ;
#2070 = VECTOR ( 'NONE', #2767, 1000.000000000000000 ) ;
#2071 = CARTESIAN_POINT ( 'NONE',  ( -20.06666666666665577, -2.400000000000009681, -1.800000000000000044 ) ) ;
#2072 = ADVANCED_FACE ( 'NONE', ( #2922 ), #4349, .T. ) ;
#2073 = ORIENTED_EDGE ( 'NONE', *, *, #253, .F. ) ;
#2074 = CARTESIAN_POINT ( 'NONE',  ( 13.21999999999999709, -21.56666666666665932, -27.40916823960234794 ) ) ;
#2075 = B_SPLINE_CURVE_WITH_KNOTS ( 'NONE', 3,
 ( #3299, #3958, #4272, #2493 ),
 .UNSPECIFIED., .F., .F.,
 ( 4, 4 ),
 ( 0.000000000000000000, 1.000000000000000000 ),
 .UNSPECIFIED. ) ;
#2076 = VERTEX_POINT ( 'NONE', #3912 ) ;
#2077 = LINE ( 'NONE', #4255, #2066 ) ;
#2078 = LINE ( 'NONE', #904, #1176 ) ;
#2079 = CARTESIAN_POINT ( 'NONE',  ( -13.21999999999999709, -20.17137170829404980, -7.503297893780978001 ) ) ;
#2080 = LINE ( 'NONE', #2376, #3390 ) ;
#2081 = VERTEX_POINT ( 'NONE', #2308 ) ;
#2082 = CARTESIAN_POINT ( 'NONE',  ( -12.21524347361992646, 12.28820668634124580, 0.000000000000000000 ) ) ;
#2083 = CARTESIAN_POINT ( 'NONE',  ( -9.019999999999999574, -20.19999999999999929, -9.049999999999995381 ) ) ;
#2084 = CARTESIAN_POINT ( 'NONE',  ( 20.06666666666665577, 17.25000000000000355, -2.949999999999994404 ) ) ;
#2085 = ORIENTED_EDGE ( 'NONE', *, *, #3232, .F. ) ;
#2086 = CARTESIAN_POINT ( 'NONE',  ( -4.719999999999997975, 18.06666666666665932, -41.50206437473708831 ) ) ;
#2087 = ORIENTED_EDGE ( 'NONE', *, *, #2284, .F. ) ;
#2088 = VERTEX_POINT ( 'NONE', #1220 ) ;
#2089 = CARTESIAN_POINT ( 'NONE',  ( 17.91666666666666430, -18.41666666666666075, -1.800000000000000044 ) ) ;
#2090 = VERTEX_POINT ( 'NONE', #4462 ) ;
#2091 = VERTEX_POINT ( 'NONE', #117 ) ;
#2092 = EDGE_CURVE ( 'NONE', #997, #4445, #3728, .T. ) ;
#2093 = LINE ( 'NONE', #4515, #3024 ) ;
#2094 = PLANE ( 'NONE',  #3407 ) ;
#2095 = LINE ( 'NONE', #1374, #3764 ) ;
#2096 = ORIENTED_EDGE ( 'NONE', *, *, #1156, .F. ) ;
#2097 = EDGE_CURVE ( 'NONE', #589, #3044, #2989, .T. ) ;
#2098 = PLANE ( 'NONE',  #2275 ) ;
#2099 = VERTEX_POINT ( 'NONE', #3667 ) ;
#2100 = CYLINDRICAL_SURFACE ( 'NONE', #2147, 2.149999999999999023 ) ;
#2101 = CARTESIAN_POINT ( 'NONE',  ( 14.87500000000000178, 12.25000000000000533, -1.199999999999999956 ) ) ;
#2102 = FACE_OUTER_BOUND ( 'NONE', #70, .T. ) ;
#2103 = CARTESIAN_POINT ( 'NONE',  ( 2.900000000000000799, 20.56666666666664867, -1.199999999999999956 ) ) ;
#2104 = CARTESIAN_POINT ( 'NONE',  ( -21.06666666666665932, -18.41666666666666430, -1.199999999999999956 ) ) ;
#2105 = DIRECTION ( 'NONE',  ( -1.000000000000000000, -9.011550524554841969E-17, 0.000000000000000000 ) ) ;
#2106 = LINE ( 'NONE', #3560, #1988 ) ;
#2107 = ORIENTED_EDGE ( 'NONE', *, *, #4581, .T. ) ;
#2108 = CARTESIAN_POINT ( 'NONE',  ( -20.06666666666665577, -18.41666666666666430, -41.50206437473708831 ) ) ;
#2109 = ORIENTED_EDGE ( 'NONE', *, *, #3372, .F. ) ;
#2110 = ORIENTED_EDGE ( 'NONE', *, *, #1642, .T. ) ;
#2111 = CARTESIAN_POINT ( 'NONE',  ( 20.06666666666665577, 17.25000000000000355, -1.799999999999999600 ) ) ;
#2112 = ORIENTED_EDGE ( 'NONE', *, *, #1285, .F. ) ;
#2113 = ORIENTED_EDGE ( 'NONE', *, *, #1353, .F. ) ;
#2114 = CARTESIAN_POINT ( 'NONE',  ( 10.52833333333333066, 19.99999999999999645, -1.199999999999999734 ) ) ;
#2115 = LINE ( 'NONE', #2443, #2070 ) ;
#2116 = EDGE_CURVE ( 'NONE', #1120, #2593, #871, .T. ) ;
#2117 = DIRECTION ( 'NONE',  ( 1.000000000000000000, 0.000000000000000000, -0.000000000000000000 ) ) ;
#2118 = EDGE_CURVE ( 'NONE', #1457, #3459, #1263, .T. ) ;
#2119 = CARTESIAN_POINT ( 'NONE',  ( -13.21999999999999709, -21.56666666666665932, -27.40916823960234794 ) ) ;
#2120 = ORIENTED_EDGE ( 'NONE', *, *, #819, .T. ) ;
#2121 = PLANE ( 'NONE',  #566 ) ;
#2122 = EDGE_CURVE ( 'NONE', #3044, #3723, #445, .T. ) ;
#2123 = DIRECTION ( 'NONE',  ( 1.000000000000000000, 1.020425574104002027E-15, 0.000000000000000000 ) ) ;
#2124 = ORIENTED_EDGE ( 'NONE', *, *, #863, .T. ) ;
#2125 = EDGE_CURVE ( 'NONE', #3334, #2217, #3647, .T. ) ;
#2126 = CARTESIAN_POINT ( 'NONE',  ( 6.919999999999999929, -20.19999999999999929, -4.200000000000000178 ) ) ;
#2127 = ADVANCED_FACE ( 'NONE', ( #1550 ), #4395, .F. ) ;
#2128 = CARTESIAN_POINT ( 'NONE',  ( -17.91666666666666430, 20.56666666666665577, -1.800000000000000044 ) ) ;
#2129 = DIRECTION ( 'NONE',  ( 1.000000000000000000, 0.000000000000000000, 0.000000000000000000 ) ) ;
#2130 = ORIENTED_EDGE ( 'NONE', *, *, #4104, .F. ) ;
#2131 = DIRECTION ( 'NONE',  ( -0.000000000000000000, -1.000000000000000000, -0.000000000000000000 ) ) ;
#2132 = AXIS2_PLACEMENT_3D ( 'NONE', #975, #1654, #3169 ) ;
#2133 = ORIENTED_EDGE ( 'NONE', *, *, #2474, .T. ) ;
#2134 = VECTOR ( 'NONE', #2123, 1000.000000000000000 ) ;
#2135 = EDGE_LOOP ( 'NONE', ( #1051, #502, #1391, #2377 ) ) ;
#2136 = CARTESIAN_POINT ( 'NONE',  ( -4.719999999999998863, -20.11723486553269069, -1.765314424338749300 ) ) ;
#2137 = ORIENTED_EDGE ( 'NONE', *, *, #200, .T. ) ;
#2138 = ORIENTED_EDGE ( 'NONE', *, *, #2626, .T. ) ;
#2139 = VECTOR ( 'NONE', #670, 1000.000000000000000 ) ;
#2140 = CARTESIAN_POINT ( 'NONE',  ( 19.37500000000000355, 12.25000000000000533, -10.25787089075391023 ) ) ;
#2141 = VECTOR ( 'NONE', #2335, 1000.000000000000000 ) ;
#2142 = CARTESIAN_POINT ( 'NONE',  ( -22.00000000000000355, 22.50000000000000355, -17.80000000000000782 ) ) ;
#2143 = CARTESIAN_POINT ( 'NONE',  ( 6.920000000000000817, -20.13171490199418301, -1.942418714194133589 ) ) ;
#2144 = AXIS2_PLACEMENT_3D ( 'NONE', #910, #2329, #630 ) ;
#2145 = CIRCLE ( 'NONE', #2517, 2.149999999999999023 ) ;
#2146 = CARTESIAN_POINT ( 'NONE',  ( -4.719999999999998863, -20.56666666666665932, 0.002000000000000048614 ) ) ;
#2147 = AXIS2_PLACEMENT_3D ( 'NONE', #3449, #1354, #2497 ) ;
#2148 = AXIS2_PLACEMENT_3D ( 'NONE', #67, #2565, #1851 ) ;
#2149 = LINE ( 'NONE', #818, #3481 ) ;
#2150 = EDGE_CURVE ( 'NONE', #2905, #1403, #530, .T. ) ;
#2151 = AXIS2_PLACEMENT_3D ( 'NONE', #1118, #3253, #54 ) ;
#2152 = EDGE_LOOP ( 'NONE', ( #1849, #4369, #4636, #1050 ) ) ;
#2153 = CARTESIAN_POINT ( 'NONE',  ( 4.719999999999998863, 20.00000000000000000, -1.199999999999999956 ) ) ;
#2154 = EDGE_CURVE ( 'NONE', #1746, #2462, #1539, .T. ) ;
#2155 = LINE ( 'NONE', #3858, #4450 ) ;
#2156 = ORIENTED_EDGE ( 'NONE', *, *, #1638, .F. ) ;
#2157 = PLANE ( 'NONE',  #802 ) ;
#2158 = ORIENTED_EDGE ( 'NONE', *, *, #3183, .F. ) ;
#2159 = CARTESIAN_POINT ( 'NONE',  ( 14.87500000000000178, 12.25000000000000533, -1.199999999999999956 ) ) ;
#2160 = VERTEX_POINT ( 'NONE', #4372 ) ;
#2161 = ORIENTED_EDGE ( 'NONE', *, *, #464, .F. ) ;
#2162 = CARTESIAN_POINT ( 'NONE',  ( -13.22000000000000242, 20.13208440688161716, -6.797290515709211611 ) ) ;
#2163 = CARTESIAN_POINT ( 'NONE',  ( -6.920000000000001705, -20.11412391058415494, -1.734541418786497591 ) ) ;
#2164 = CARTESIAN_POINT ( 'NONE',  ( 6.919999999999999929, -20.06390265106980308, -1.314093092933936502 ) ) ;
#2165 = CARTESIAN_POINT ( 'NONE',  ( 4.719999999999997975, -20.09666961761371695, -1.572926392209215596 ) ) ;
#2166 = ORIENTED_EDGE ( 'NONE', *, *, #4632, .F. ) ;
#2167 = CARTESIAN_POINT ( 'NONE',  ( -4.599999999999996980, 20.56666666666665577, -1.799999999999998934 ) ) ;
#2168 = ORIENTED_EDGE ( 'NONE', *, *, #3831, .F. ) ;
#2169 = EDGE_CURVE ( 'NONE', #2842, #4574, #1941, .T. ) ;
#2170 = DIRECTION ( 'NONE',  ( -1.000000000000000000, 0.000000000000000000, 0.000000000000000000 ) ) ;
#2171 = CARTESIAN_POINT ( 'NONE',  ( -8.843997974534151041, -0.1256880636728811562, 0.000000000000000000 ) ) ;
#2172 = ORIENTED_EDGE ( 'NONE', *, *, #1348, .T. ) ;
#2173 = VECTOR ( 'NONE', #4073, 1000.000000000000000 ) ;
#2174 = CARTESIAN_POINT ( 'NONE',  ( 4.720000000000002416, -21.56666666666666288, -1.800000000000000044 ) ) ;
#2175 = ORIENTED_EDGE ( 'NONE', *, *, #2941, .F. ) ;
#2176 = ADVANCED_FACE ( 'NONE', ( #2679 ), #3341, .T. ) ;
#2177 = DIRECTION ( 'NONE',  ( 0.5993361687399259008, -0.8004974433689011626, -0.000000000000000000 ) ) ;
#2178 = ORIENTED_EDGE ( 'NONE', *, *, #3661, .F. ) ;
#2179 = EDGE_CURVE ( 'NONE', #1403, #3842, #3476, .T. ) ;
#2180 = CARTESIAN_POINT ( 'NONE',  ( 20.06666666666666288, -18.41666666666666430, -6.049999999999992717 ) ) ;
#2181 = CARTESIAN_POINT ( 'NONE',  ( -6.920000000000000817, -20.17030090107100193, -2.626708267274332265 ) ) ;
#2182 = VECTOR ( 'NONE', #865, 1000.000000000000000 ) ;
#2183 = ADVANCED_FACE ( 'NONE', ( #1243 ), #1183, .F. ) ;
#2184 = LINE ( 'NONE', #2576, #3181 ) ;
#2185 = LINE ( 'NONE', #4337, #2209 ) ;
#2186 = CARTESIAN_POINT ( 'NONE',  ( -4.719999999999998863, 20.10317326858652009, -6.479929317290717528 ) ) ;
#2187 = VERTEX_POINT ( 'NONE', #2289 ) ;
#2188 = DIRECTION ( 'NONE',  ( -0.6070287562503441370, 0.7946798657856887216, 0.000000000000000000 ) ) ;
#2189 = ORIENTED_EDGE ( 'NONE', *, *, #34, .F. ) ;
#2190 = CARTESIAN_POINT ( 'NONE',  ( -20.06666666666665577, -4.495000000000002771, -1.199999999999999956 ) ) ;
#2191 = DIRECTION ( 'NONE',  ( 0.000000000000000000, 0.000000000000000000, 1.000000000000000000 ) ) ;
#2192 = EDGE_LOOP ( 'NONE', ( #3212, #4416, #684, #2484, #3660, #3207, #941, #2337, #4511, #4505, #2316 ) ) ;
#2193 = PLANE ( 'NONE',  #1256 ) ;
#2194 = ORIENTED_EDGE ( 'NONE', *, *, #4177, .T. ) ;
#2195 = CARTESIAN_POINT ( 'NONE',  ( -4.719999999999998863, -20.00000000000000355, -1.199999999999999956 ) ) ;
#2196 = CARTESIAN_POINT ( 'NONE',  ( 4.294999999999999929, 20.00000000000000000, -1.199999999999999734 ) ) ;
#2197 = VECTOR ( 'NONE', #2561, 1000.000000000000000 ) ;
#2198 = ADVANCED_FACE ( 'NONE', ( #183 ), #4417, .F. ) ;
#2199 = CARTESIAN_POINT ( 'NONE',  ( -6.920000000000001705, -20.19999999999999929, -4.200000000000001954 ) ) ;
#2200 = VECTOR ( 'NONE', #1961, 1000.000000000000000 ) ;
#2201 = DIRECTION ( 'NONE',  ( -0.5943910610838107900, 0.8041761414663217700, -0.000000000000000000 ) ) ;
#2202 = ORIENTED_EDGE ( 'NONE', *, *, #3975, .T. ) ;
#2203 = CARTESIAN_POINT ( 'NONE',  ( 4.719999999999997975, 20.66874999999999574, -17.17500000000000426 ) ) ;
#2204 = VERTEX_POINT ( 'NONE', #3035 ) ;
#2205 = VECTOR ( 'NONE', #510, 1000.000000000000000 ) ;
#2206 = CARTESIAN_POINT ( 'NONE',  ( 2.899999999999999911, 14.00000000000000000, -11.71134185562410224 ) ) ;
#2207 = ADVANCED_FACE ( 'NONE', ( #2634 ), #4063, .F. ) ;
#2208 = CARTESIAN_POINT ( 'NONE',  ( 20.06666666666666288, 18.41666666666666430, -1.199999999999999956 ) ) ;
#2209 = VECTOR ( 'NONE', #3545, 1000.000000000000000 ) ;
#2210 = EDGE_LOOP ( 'NONE', ( #651, #587, #3836, #4078 ) ) ;
#2211 = PRODUCT_DEFINITION ( 'UNKNOWN', '', #297, #514 ) ;
#2212 = AXIS2_PLACEMENT_3D ( 'NONE', #1258, #1302, #3474 ) ;
#2213 = DIRECTION ( 'NONE',  ( -1.000000000000000000, 3.469446951953616161E-16, 0.000000000000000000 ) ) ;
#2214 = DIRECTION ( 'NONE',  ( -8.180276040875718629E-16, 1.000000000000000000, 0.000000000000000000 ) ) ;
#2215 = AXIS2_PLACEMENT_3D ( 'NONE', #1042, #2458, #2219 ) ;
#2216 = VECTOR ( 'NONE', #1595, 1000.000000000000000 ) ;
#2217 = VERTEX_POINT ( 'NONE', #658 ) ;
#2218 = CARTESIAN_POINT ( 'NONE',  ( 4.719999999999998863, 20.00000000000000000, -1.199999999999999956 ) ) ;
#2219 = DIRECTION ( 'NONE',  ( 1.231756314303058296E-16, 1.000000000000000000, 0.000000000000000000 ) ) ;
#2220 = VECTOR ( 'NONE', #939, 1000.000000000000000 ) ;
#2221 = VERTEX_POINT ( 'NONE', #2082 ) ;
#2222 = CARTESIAN_POINT ( 'NONE',  ( -13.22000000000000419, 20.50833333333332575, -17.23969135802470021 ) ) ;
#2223 = ORIENTED_EDGE ( 'NONE', *, *, #3678, .T. ) ;
#2224 = CARTESIAN_POINT ( 'NONE',  ( -17.91666666666665719, -18.41666666666666430, -1.199999999999999956 ) ) ;
#2225 = AXIS2_PLACEMENT_3D ( 'NONE', #2784, #4209, #1068 ) ;
#2226 = DIRECTION ( 'NONE',  ( -0.4235566057475236845, -0.9058696383738868985, 0.000000000000000000 ) ) ;
#2227 = CARTESIAN_POINT ( 'NONE',  ( 15.41666666666665719, -15.91666666666666252, -1.199999999999999956 ) ) ;
#2228 = CARTESIAN_POINT ( 'NONE',  ( 6.919999999999999041, -20.15782471770142692, -2.344054432763869933 ) ) ;
#2229 = EDGE_LOOP ( 'NONE', ( #2911, #3729, #2178, #2836 ) ) ;
#2230 = LINE ( 'NONE', #3878, #196 ) ;
#2231 = EDGE_CURVE ( 'NONE', #4307, #4493, #4504, .T. ) ;
#2232 = CYLINDRICAL_SURFACE ( 'NONE', #1239, 1.218749999999997558 ) ;
#2233 = CYLINDRICAL_SURFACE ( 'NONE', #16, 1.218749999999997558 ) ;
#2234 = VERTEX_POINT ( 'NONE', #553 ) ;
#2235 = CARTESIAN_POINT ( 'NONE',  ( -20.06666666666665577, -4.495000000000002771, -6.049999999999992717 ) ) ;
#2236 = EDGE_CURVE ( 'NONE', #512, #2204, #4204, .T. ) ;
#2237 = DIRECTION ( 'NONE',  ( 0.000000000000000000, 0.000000000000000000, 1.000000000000000000 ) ) ;
#2238 = VERTEX_POINT ( 'NONE', #3509 ) ;
#2239 = CARTESIAN_POINT ( 'NONE',  ( 4.719999999999998863, 20.13819138740778314, -2.030540058953487215 ) ) ;
#2240 = EDGE_CURVE ( 'NONE', #2099, #2562, #606, .T. ) ;
#2241 = DIRECTION ( 'NONE',  ( 1.000000000000000000, 0.000000000000000000, 0.000000000000000000 ) ) ;
#2242 = CARTESIAN_POINT ( 'NONE',  ( -13.22000000000002551, -20.50833333333332575, -18.30000000000000426 ) ) ;
#2243 = DIRECTION ( 'NONE',  ( 0.000000000000000000, 0.000000000000000000, -1.000000000000000000 ) ) ;
#2244 = EDGE_LOOP ( 'NONE', ( #4358, #1886, #2383, #1252 ) ) ;
#2245 = DIRECTION ( 'NONE',  ( -0.6032951845587734008, 0.7975179748997482942, 0.000000000000000000 ) ) ;
#2246 = VECTOR ( 'NONE', #1968, 1000.000000000000000 ) ;
#2247 = CARTESIAN_POINT ( 'NONE',  ( -17.91666666666666430, -20.56666666666666288, -1.800000000000000044 ) ) ;
#2248 = CARTESIAN_POINT ( 'NONE',  ( -13.21999999999999886, 20.19999999999999574, -9.049999999999995381 ) ) ;
#2249 = LINE ( 'NONE', #3233, #4537 ) ;
#2250 = CARTESIAN_POINT ( 'NONE',  ( -9.778751800516216619, 17.06179331365875385, -0.5000000000000004441 ) ) ;
#2251 = DIRECTION ( 'NONE',  ( -0.7975179748997502926, -0.6032951845587708473, 0.000000000000000000 ) ) ;
#2252 = DIRECTION ( 'NONE',  ( -1.000000000000000000, -1.020425574104002027E-15, 0.000000000000000000 ) ) ;
#2253 = CARTESIAN_POINT ( 'NONE',  ( -4.719999999999997975, 20.12972218026942528, -6.766598685423402593 ) ) ;
#2254 = ORIENTED_EDGE ( 'NONE', *, *, #1549, .T. ) ;
#2255 = EDGE_CURVE ( 'NONE', #4288, #4307, #3783, .T. ) ;
#2256 = CARTESIAN_POINT ( 'NONE',  ( 15.41666666666665719, -18.06666666666666288, -41.50206437473708831 ) ) ;
#2257 = ORIENTED_EDGE ( 'NONE', *, *, #2659, .T. ) ;
#2258 =( NAMED_UNIT ( * ) SI_UNIT ( $, .STERADIAN. ) SOLID_ANGLE_UNIT ( ) );
#2259 = EDGE_CURVE ( 'NONE', #3512, #2090, #2701, .T. ) ;
#2260 = ORIENTED_EDGE ( 'NONE', *, *, #271, .T. ) ;
#2261 = DIRECTION ( 'NONE',  ( 1.000000000000000000, 0.000000000000000000, 0.000000000000000000 ) ) ;
#2262 = CARTESIAN_POINT ( 'NONE',  ( 6.919999999999999929, -18.06666666666666288, -41.50206437473708831 ) ) ;
#2263 = LINE ( 'NONE', #2242, #1077 ) ;
#2264 = ADVANCED_FACE ( 'NONE', ( #1362 ), #1337, .F. ) ;
#2265 = LINE ( 'NONE', #1612, #2720 ) ;
#2266 = ORIENTED_EDGE ( 'NONE', *, *, #2284, .T. ) ;
#2267 = CARTESIAN_POINT ( 'NONE',  ( 2.900000000000004796, 10.96445338013734094, -2.849999999999997424 ) ) ;
#2268 = LINE ( 'NONE', #3342, #1401 ) ;
#2269 = CARTESIAN_POINT ( 'NONE',  ( 4.943248910074702351, 3.617468105679394696, -0.05000000000000000278 ) ) ;
#2270 = DIRECTION ( 'NONE',  ( -0.000000000000000000, -0.000000000000000000, 1.000000000000000000 ) ) ;
#2271 = DIRECTION ( 'NONE',  ( 1.000000000000000000, 0.000000000000000000, -0.000000000000000000 ) ) ;
#2272 = VECTOR ( 'NONE', #4120, 1000.000000000000000 ) ;
#2273 = CARTESIAN_POINT ( 'NONE',  ( 4.719999999999997087, -20.50833333333332575, -18.30000000000000426 ) ) ;
#2274 = FACE_OUTER_BOUND ( 'NONE', #2152, .T. ) ;
#2275 = AXIS2_PLACEMENT_3D ( 'NONE', #2890, #3982, #3574 ) ;
#2276 = DIRECTION ( 'NONE',  ( 0.000000000000000000, 0.000000000000000000, 1.000000000000000000 ) ) ;
#2277 = ORIENTED_EDGE ( 'NONE', *, *, #575, .T. ) ;
#2278 = VECTOR ( 'NONE', #3996, 1000.000000000000000 ) ;
#2279 = DIRECTION ( 'NONE',  ( 0.000000000000000000, 1.000000000000000000, 0.000000000000000000 ) ) ;
#2280 = VECTOR ( 'NONE', #351, 1000.000000000000000 ) ;
#2281 = VECTOR ( 'NONE', #2817, 1000.000000000000000 ) ;
#2282 = CARTESIAN_POINT ( 'NONE',  ( 4.719999999999997975, 20.12565451204275035, -1.863567653500661336 ) ) ;
#2283 = VECTOR ( 'NONE', #681, 1000.000000000000000 ) ;
#2284 = EDGE_CURVE ( 'NONE', #4245, #237, #309, .T. ) ;
#2285 = DIRECTION ( 'NONE',  ( 1.000000000000000000, -0.000000000000000000, -0.000000000000000000 ) ) ;
#2286 = CARTESIAN_POINT ( 'NONE',  ( -7.411666666666665293, 20.20000000000000284, -9.049999999999995381 ) ) ;
#2287 = CARTESIAN_POINT ( 'NONE',  ( 6.919999999999999929, -20.03166874728551861, -6.049999999999993605 ) ) ;
#2288 = EDGE_LOOP ( 'NONE', ( #312, #3410, #3083, #3134 ) ) ;
#2289 = CARTESIAN_POINT ( 'NONE',  ( -12.21524347361992646, 12.28820668634124580, -0.5000000000000004441 ) ) ;
#2290 = EDGE_CURVE ( 'NONE', #2448, #2081, #4584, .T. ) ;
#2291 = DIRECTION ( 'NONE',  ( -1.000000000000000000, 0.000000000000000000, 0.000000000000000000 ) ) ;
#2292 = LINE ( 'NONE', #849, #3694 ) ;
#2293 = CARTESIAN_POINT ( 'NONE',  ( 6.920000000000000817, -20.19999999999999929, -9.049999999999995381 ) ) ;
#2294 = CIRCLE ( 'NONE', #4387, 1.060308641975302280 ) ;
#2295 = CARTESIAN_POINT ( 'NONE',  ( 13.22000000000000419, 20.50833333333332575, -18.30000000000000426 ) ) ;
#2296 = CARTESIAN_POINT ( 'NONE',  ( 4.719999999999997975, -20.17137170829406045, -2.653297893780983685 ) ) ;
#2297 = CARTESIAN_POINT ( 'NONE',  ( 20.06666666666665577, 18.41666666666666430, -1.199999999999999956 ) ) ;
#2298 = DIRECTION ( 'NONE',  ( 0.000000000000000000, 0.1397268238372009475, -0.9901900901848935677 ) ) ;
#2299 = ORIENTED_EDGE ( 'NONE', *, *, #2061, .T. ) ;
#2300 = CARTESIAN_POINT ( 'NONE',  ( 7.030000000000002913, -20.19999999999999929, -1.199999999999999734 ) ) ;
#2301 = ORIENTED_EDGE ( 'NONE', *, *, #1812, .F. ) ;
#2302 = CARTESIAN_POINT ( 'NONE',  ( -13.21999999999999709, 21.56666666666665932, 0.002000000000000048614 ) ) ;
#2303 = CARTESIAN_POINT ( 'NONE',  ( 4.719999999999998863, 20.19999999999999929, -1.800000000000000044 ) ) ;
#2304 = CARTESIAN_POINT ( 'NONE',  ( 6.920000000000000817, -20.17137170829405335, -7.503297893780973560 ) ) ;
#2305 = ORIENTED_EDGE ( 'NONE', *, *, #2373, .F. ) ;
#2306 = EDGE_CURVE ( 'NONE', #2738, #758, #584, .T. ) ;
#2307 = B_SPLINE_CURVE_WITH_KNOTS ( 'NONE', 3,
 ( #3086, #2439, #2038, #238, #3864, #4164, #3418, #2464, #3889, #215, #3063, #2707, #4135, #968, #3462, #262, #4265, #715, #387, #2136, #757, #27, #1828, #3973, #3567, #1796, #1460, #2195 ),
 .UNSPECIFIED., .F., .F.,
 ( 4, 1, 1, 1, 1, 1, 2, 2, 1, 1, 1, 1, 2, 2, 1, 2, 2, 1, 1, 4 ),
 ( 0.000000000000000000, 0.2499999999999977240, 0.3749999999999967804, 0.4374999999999961697, 0.4687499999999958922, 0.4843749999999955591, 0.4921874999999953371, 0.4999999999999951705, 0.6249999999999934497, 0.6874999999999926725, 0.7187499999999923395, 0.7343749999999918954, 0.7421874999999913403, 0.7499999999999911182, 0.8124999999999920064, 0.8437499999999926725, 0.8515624999999930056, 0.8593749999999934497, 0.8749999999999944489, 1.000000000000000000 ),
 .UNSPECIFIED. ) ;
#2308 = CARTESIAN_POINT ( 'NONE',  ( 0.08549891007465955373, 10.18971810567936664, 0.000000000000000000 ) ) ;
#2309 = ORIENTED_EDGE ( 'NONE', *, *, #3393, .T. ) ;
#2310 = ORIENTED_EDGE ( 'NONE', *, *, #4119, .T. ) ;
#2311 = DIRECTION ( 'NONE',  ( -0.000000000000000000, -0.000000000000000000, 1.000000000000000000 ) ) ;
#2312 = CYLINDRICAL_SURFACE ( 'NONE', #109, 1.700000000000001288 ) ;
#2313 = FACE_OUTER_BOUND ( 'NONE', #691, .T. ) ;
#2314 = ADVANCED_FACE ( 'NONE', ( #3055 ), #3128, .T. ) ;
#2315 = FACE_OUTER_BOUND ( 'NONE', #2489, .T. ) ;
#2316 = ORIENTED_EDGE ( 'NONE', *, *, #1156, .T. ) ;
#2317 = ADVANCED_FACE ( 'NONE', ( #985, #4536 ), #3804, .F. ) ;
#2318 = CARTESIAN_POINT ( 'NONE',  ( 4.719999999999998863, -20.19999999999999929, -4.200000000000000178 ) ) ;
#2319 = CARTESIAN_POINT ( 'NONE',  ( 13.21999999999999709, -20.09579950607177423, -6.415293205231905382 ) ) ;
#2320 = EDGE_CURVE ( 'NONE', #223, #3202, #1662, .T. ) ;
#2321 = DIRECTION ( 'NONE',  ( -0.000000000000000000, -0.000000000000000000, 1.000000000000000000 ) ) ;
#2322 = VERTEX_POINT ( 'NONE', #208 ) ;
#2323 = DIRECTION ( 'NONE',  ( -3.037601300411745514E-16, 1.000000000000000000, 0.000000000000000000 ) ) ;
#2324 = DIRECTION ( 'NONE',  ( -1.000000000000000000, 3.243484218093128570E-16, -0.000000000000000000 ) ) ;
#2325 = CARTESIAN_POINT ( 'NONE',  ( -8.843997974534151041, -0.1256880636728811562, -0.05000000000000000278 ) ) ;
#2326 = CARTESIAN_POINT ( 'NONE',  ( -22.00000000000000000, 2.400000000000009681, 0.000000000000000000 ) ) ;
#2327 = CARTESIAN_POINT ( 'NONE',  ( 6.919999999999999929, -20.19999999999999929, -8.509509185997016445 ) ) ;
#2328 = ORIENTED_EDGE ( 'NONE', *, *, #380, .F. ) ;
#2329 = DIRECTION ( 'NONE',  ( 0.000000000000000000, 0.000000000000000000, 1.000000000000000000 ) ) ;
#2330 = ORIENTED_EDGE ( 'NONE', *, *, #2116, .T. ) ;
#2331 = CARTESIAN_POINT ( 'NONE',  ( 13.21999999999999531, 19.99999999999999645, -1.199999999999999956 ) ) ;
#2332 = DIRECTION ( 'NONE',  ( -1.000000000000000000, 0.000000000000000000, 0.000000000000000000 ) ) ;
#2333 = PLANE ( 'NONE',  #3411 ) ;
#2334 = ORIENTED_EDGE ( 'NONE', *, *, #3523, .F. ) ;
#2335 = DIRECTION ( 'NONE',  ( 1.000000000000000000, -1.936435508067133736E-16, 0.000000000000000000 ) ) ;
#2336 = EDGE_LOOP ( 'NONE', ( #3161, #3122, #11, #293 ) ) ;
#2337 = ORIENTED_EDGE ( 'NONE', *, *, #945, .F. ) ;
#2338 = EDGE_CURVE ( 'NONE', #2940, #3842, #3751, .T. ) ;
#2339 = DIRECTION ( 'NONE',  ( 0.000000000000000000, 0.000000000000000000, -1.000000000000000000 ) ) ;
#2340 = DIRECTION ( 'NONE',  ( 0.000000000000000000, 0.1397268238372009475, 0.9901900901848935677 ) ) ;
#2341 = CARTESIAN_POINT ( 'NONE',  ( -11.46169484682894257, 16.56179331365875385, 0.000000000000000000 ) ) ;
#2342 = ORIENTED_EDGE ( 'NONE', *, *, #4033, .F. ) ;
#2343 = EDGE_CURVE ( 'NONE', #3532, #1809, #1006, .T. ) ;
#2344 = CARTESIAN_POINT ( 'NONE',  ( -5.758948872912925232, 4.222033189064340775, -0.05000000000000000278 ) ) ;
#2345 = VECTOR ( 'NONE', #198, 1000.000000000000000 ) ;
#2346 = VECTOR ( 'NONE', #298, 1000.000000000000000 ) ;
#2347 = EDGE_LOOP ( 'NONE', ( #1603, #4339, #343, #2816 ) ) ;
#2348 = CARTESIAN_POINT ( 'NONE',  ( 17.56666666666665932, 12.25000000000000355, -6.049999999999992717 ) ) ;
#2349 = AXIS2_PLACEMENT_3D ( 'NONE', #2414, #217, #1372 ) ;
#2350 = VECTOR ( 'NONE', #2177, 1000.000000000000000 ) ;
#2351 = CARTESIAN_POINT ( 'NONE',  ( -13.21999999999999886, -20.20000000000000284, -8.509509185997030656 ) ) ;
#2352 = CARTESIAN_POINT ( 'NONE',  ( 2.840710077089037888, -7.146170579460782157, -0.05000000000000000278 ) ) ;
#2353 = ORIENTED_EDGE ( 'NONE', *, *, #147, .F. ) ;
#2354 = VECTOR ( 'NONE', #961, 1000.000000000000000 ) ;
#2355 = DIRECTION ( 'NONE',  ( -4.818676322157800333E-16, -6.195440985631452852E-17, -1.000000000000000000 ) ) ;
#2356 = CARTESIAN_POINT ( 'NONE',  ( -2.899999999999998579, 22.50000000000000711, -2.849999999999997424 ) ) ;
#2357 = AXIS2_PLACEMENT_3D ( 'NONE', #1204, #2251, #2622 ) ;
#2358 = EDGE_LOOP ( 'NONE', ( #4260, #425, #50, #1427, #4510, #164, #3685, #4221, #563 ) ) ;
#2359 = AXIS2_PLACEMENT_3D ( 'NONE', #3310, #2191, #4391 ) ;
#2360 = CARTESIAN_POINT ( 'NONE',  ( 13.21999999999999886, -20.19999999999999574, -9.050000000000009592 ) ) ;
#2361 = ORIENTED_EDGE ( 'NONE', *, *, #821, .F. ) ;
#2362 = CARTESIAN_POINT ( 'NONE',  ( 25.03170824512627490, 20.66874999999999574, -17.17500000000000426 ) ) ;
#2363 = ORIENTED_EDGE ( 'NONE', *, *, #3283, .T. ) ;
#2364 = CARTESIAN_POINT ( 'NONE',  ( 14.87500000000000178, 17.25000000000000355, -1.199999999999999956 ) ) ;
#2365 = CARTESIAN_POINT ( 'NONE',  ( 13.21999999999999886, -20.13819138740778669, -6.880540058953530824 ) ) ;
#2366 = EDGE_CURVE ( 'NONE', #3244, #3955, #3409, .T. ) ;
#2367 = DIRECTION ( 'NONE',  ( -0.000000000000000000, -0.000000000000000000, 1.000000000000000000 ) ) ;
#2368 = ORIENTED_EDGE ( 'NONE', *, *, #1583, .T. ) ;
#2369 = CARTESIAN_POINT ( 'NONE',  ( 13.21999999999999531, -21.56666666666666288, -1.800000000000000044 ) ) ;
#2370 = VERTEX_POINT ( 'NONE', #1639 ) ;
#2371 = EDGE_CURVE ( 'NONE', #3984, #4568, #4483, .T. ) ;
#2372 = DIRECTION ( 'NONE',  ( -1.541976423090495633E-16, 1.000000000000000000, 0.000000000000000000 ) ) ;
#2373 = EDGE_CURVE ( 'NONE', #4445, #960, #254, .T. ) ;
#2374 = FACE_OUTER_BOUND ( 'NONE', #1111, .T. ) ;
#2375 = LINE ( 'NONE', #3800, #4271 ) ;
#2376 = CARTESIAN_POINT ( 'NONE',  ( -20.06666666666665932, 18.41666666666665719, -1.800000000000000044 ) ) ;
#2377 = ORIENTED_EDGE ( 'NONE', *, *, #2470, .F. ) ;
#2378 = ADVANCED_FACE ( 'NONE', ( #1085 ), #1208, .T. ) ;
#2379 = CARTESIAN_POINT ( 'NONE',  ( -20.06666666666665577, -4.495000000000002771, -41.50206437473708831 ) ) ;
#2380 = CARTESIAN_POINT ( 'NONE',  ( 17.56666666666665932, 12.25000000000000533, -2.949999999999994404 ) ) ;
#2381 = VERTEX_POINT ( 'NONE', #4325 ) ;
#2382 = CARTESIAN_POINT ( 'NONE',  ( 21.06666666666666288, -18.41666666666666075, -1.199999999999999956 ) ) ;
#2383 = ORIENTED_EDGE ( 'NONE', *, *, #2799, .F. ) ;
#2384 = VERTEX_POINT ( 'NONE', #1807 ) ;
#2385 = DIRECTION ( 'NONE',  ( 3.154042683594196600E-16, -6.107600246471153871E-32, -1.000000000000000000 ) ) ;
#2386 = ORIENTED_EDGE ( 'NONE', *, *, #3661, .T. ) ;
#2387 = ORIENTED_EDGE ( 'NONE', *, *, #1525, .F. ) ;
#2388 = CARTESIAN_POINT ( 'NONE',  ( 13.22000000000000064, 20.17030480774294787, -2.626782287711612707 ) ) ;
#2389 = DIRECTION ( 'NONE',  ( -1.541976423090495633E-16, 1.000000000000000000, -6.195440985631452852E-17 ) ) ;
#2390 = DIRECTION ( 'NONE',  ( -1.320855438561024143E-16, -1.000000000000000000, 0.000000000000000000 ) ) ;
#2391 = VERTEX_POINT ( 'NONE', #44 ) ;
#2392 = LINE ( 'NONE', #4601, #3762 ) ;
#2393 = EDGE_CURVE ( 'NONE', #256, #1964, #419, .T. ) ;
#2394 = VECTOR ( 'NONE', #2050, 1000.000000000000000 ) ;
#2395 = ORIENTED_EDGE ( 'NONE', *, *, #3918, .T. ) ;
#2396 = FACE_OUTER_BOUND ( 'NONE', #3493, .T. ) ;
#2397 = CARTESIAN_POINT ( 'NONE',  ( 4.719999999999998863, 20.19999999999999929, -4.200000000000000178 ) ) ;
#2398 = EDGE_CURVE ( 'NONE', #1377, #1964, #1850, .T. ) ;
#2399 = DIRECTION ( 'NONE',  ( 1.000000000000000000, 0.000000000000000000, 0.000000000000000000 ) ) ;
#2400 = CARTESIAN_POINT ( 'NONE',  ( -13.21999999999999886, -20.11414987847893343, -6.584827785918911935 ) ) ;
#2401 = VECTOR ( 'NONE', #3748, 1000.000000000000000 ) ;
#2402 = CARTESIAN_POINT ( 'NONE',  ( 16.62500000000000000, -16.62500000000000000, -6.049999999999994493 ) ) ;
#2403 = VERTEX_POINT ( 'NONE', #1480 ) ;
#2404 = CARTESIAN_POINT ( 'NONE',  ( -5.758948872912925232, 9.866548189055240670, 0.000000000000000000 ) ) ;
#2405 = ADVANCED_FACE ( 'NONE', ( #3928 ), #2805, .T. ) ;
#2406 = DIRECTION ( 'NONE',  ( -0.000000000000000000, 0.000000000000000000, 1.000000000000000000 ) ) ;
#2407 = ORIENTED_EDGE ( 'NONE', *, *, #4114, .T. ) ;
#2408 = LINE ( 'NONE', #2813, #1330 ) ;
#2409 = EDGE_LOOP ( 'NONE', ( #1033, #768, #2759, #4539 ) ) ;
#2410 = ORIENTED_EDGE ( 'NONE', *, *, #3761, .T. ) ;
#2411 = LINE ( 'NONE', #1369, #3100 ) ;
#2412 = ORIENTED_EDGE ( 'NONE', *, *, #4324, .T. ) ;
#2413 = ORIENTED_EDGE ( 'NONE', *, *, #4328, .F. ) ;
#2414 = CARTESIAN_POINT ( 'NONE',  ( -2.899999999999983480, 22.50000000000000355, -4.550000000000010481 ) ) ;
#2415 = CARTESIAN_POINT ( 'NONE',  ( -5.453333333333333144, -20.00000000000000355, -1.199999999999999956 ) ) ;
#2416 = LINE ( 'NONE', #3167, #2822 ) ;
#2417 = ORIENTED_EDGE ( 'NONE', *, *, #1698, .F. ) ;
#2418 = CARTESIAN_POINT ( 'NONE',  ( 4.600000000000005862, 10.96445338013734094, -1.800000000000000044 ) ) ;
#2419 = ORIENTED_EDGE ( 'NONE', *, *, #1893, .F. ) ;
#2420 = PLANE ( 'NONE',  #279 ) ;
#2421 = LINE ( 'NONE', #3124, #4526 ) ;
#2422 = VECTOR ( 'NONE', #3781, 1000.000000000000000 ) ;
#2423 = CARTESIAN_POINT ( 'NONE',  ( -13.21999999999999886, -20.15088571523329364, -7.068467034249908743 ) ) ;
#2424 = LINE ( 'NONE', #4257, #3989 ) ;
#2425 = ORIENTED_EDGE ( 'NONE', *, *, #2240, .T. ) ;
#2426 = VECTOR ( 'NONE', #1604, 1000.000000000000000 ) ;
#2427 = ADVANCED_FACE ( 'NONE', ( #2527 ), #4239, .F. ) ;
#2428 = CARTESIAN_POINT ( 'NONE',  ( -2.899999999999981259, 10.96445338013734094, -4.550000000000010481 ) ) ;
#2429 = VECTOR ( 'NONE', #1528, 1000.000000000000000 ) ;
#2430 = DIRECTION ( 'NONE',  ( -0.000000000000000000, 0.000000000000000000, 1.000000000000000000 ) ) ;
#2431 = DIRECTION ( 'NONE',  ( 1.269309860470838865E-15, -1.000000000000000000, 0.000000000000000000 ) ) ;
#2432 = AXIS2_PLACEMENT_3D ( 'NONE', #3389, #2977, #1625 ) ;
#2433 = ORIENTED_EDGE ( 'NONE', *, *, #4111, .T. ) ;
#2434 = CARTESIAN_POINT ( 'NONE',  ( 2.250000000000000000, 14.16955234963668886, 0.000000000000000000 ) ) ;
#2435 = VECTOR ( 'NONE', #1308, 1000.000000000000000 ) ;
#2436 = EDGE_LOOP ( 'NONE', ( #4263, #1383, #2030, #3096 ) ) ;
#2437 = ORIENTED_EDGE ( 'NONE', *, *, #1081, .F. ) ;
#2438 = ADVANCED_FACE ( 'NONE', ( #3947 ), #3533, .T. ) ;
#2439 = CARTESIAN_POINT ( 'NONE',  ( -4.719999999999999751, -20.20000000000000639, -3.929662815466334003 ) ) ;
#2440 = ORIENTED_EDGE ( 'NONE', *, *, #1079, .T. ) ;
#2441 = ORIENTED_EDGE ( 'NONE', *, *, #3236, .F. ) ;
#2442 = CARTESIAN_POINT ( 'NONE',  ( 13.21999999999999886, 20.16775842883300385, -2.565620339616565548 ) ) ;
#2443 = CARTESIAN_POINT ( 'NONE',  ( -17.91666666666666430, 20.56666666666665577, -1.800000000000000044 ) ) ;
#2444 = AXIS2_PLACEMENT_3D ( 'NONE', #778, #3650, #4352 ) ;
#2445 = CARTESIAN_POINT ( 'NONE',  ( 17.91666666666666430, 20.56666666666664867, -1.800000000000000044 ) ) ;
#2446 = VERTEX_POINT ( 'NONE', #4301 ) ;
#2447 = CARTESIAN_POINT ( 'NONE',  ( 2.250000000000000000, 14.16955234963668886, -0.05000000000000000278 ) ) ;
#2448 = VERTEX_POINT ( 'NONE', #3598 ) ;
#2449 = DIRECTION ( 'NONE',  ( -0.000000000000000000, -0.000000000000000000, 1.000000000000000000 ) ) ;
#2450 = ORIENTED_EDGE ( 'NONE', *, *, #1700, .F. ) ;
#2451 = VECTOR ( 'NONE', #3537, 1000.000000000000000 ) ;
#2452 = LINE ( 'NONE', #79, #275 ) ;
#2453 = CARTESIAN_POINT ( 'NONE',  ( -13.22000000000000419, -20.10201340157417960, -6.469586866141222359 ) ) ;
#2454 = CARTESIAN_POINT ( 'NONE',  ( -17.91666666666666430, 20.56666666666665577, -41.50206437473708831 ) ) ;
#2455 = ORIENTED_EDGE ( 'NONE', *, *, #231, .F. ) ;
#2456 = CARTESIAN_POINT ( 'NONE',  ( -17.91666666666666430, 20.56666666666665577, -1.199999999999999956 ) ) ;
#2457 = DIRECTION ( 'NONE',  ( 0.000000000000000000, -1.000000000000000000, 0.000000000000000000 ) ) ;
#2458 = DIRECTION ( 'NONE',  ( 1.000000000000000000, -1.231756314303058296E-16, 0.000000000000000000 ) ) ;
#2459 = ORIENTED_EDGE ( 'NONE', *, *, #841, .F. ) ;
#2460 = EDGE_CURVE ( 'NONE', #1266, #678, #4281, .T. ) ;
#2461 = LINE ( 'NONE', #2108, #1629 ) ;
#2462 = VERTEX_POINT ( 'NONE', #2126 ) ;
#2463 = VERTEX_POINT ( 'NONE', #4616 ) ;
#2464 = CARTESIAN_POINT ( 'NONE',  ( -4.719999999999998863, -20.17388202335003555, -2.717678944963577425 ) ) ;
#2465 = ORIENTED_EDGE ( 'NONE', *, *, #806, .T. ) ;
#2466 = VERTEX_POINT ( 'NONE', #2876 ) ;
#2467 = CARTESIAN_POINT ( 'NONE',  ( -13.21999999999999531, 20.10452134380804878, -6.492243154551269768 ) ) ;
#2468 = ADVANCED_FACE ( 'NONE', ( #1417 ), #2500, .F. ) ;
#2469 = CARTESIAN_POINT ( 'NONE',  ( 13.21999999999999709, 21.56666666666665932, -1.199999999999999956 ) ) ;
#2470 = EDGE_CURVE ( 'NONE', #1771, #4187, #4277, .T. ) ;
#2471 = FACE_OUTER_BOUND ( 'NONE', #1284, .T. ) ;
#2472 = LINE ( 'NONE', #80, #2280 ) ;
#2473 = EDGE_CURVE ( 'NONE', #3946, #2786, #398, .T. ) ;
#2474 = EDGE_CURVE ( 'NONE', #2609, #1771, #647, .T. ) ;
#2475 = CARTESIAN_POINT ( 'NONE',  ( 4.600000000000004974, 20.56666666666664867, -4.549999999999998934 ) ) ;
#2476 = ORIENTED_EDGE ( 'NONE', *, *, #1425, .T. ) ;
#2477 = CARTESIAN_POINT ( 'NONE',  ( 2.900000000000004796, 10.96445338013734094, -2.849999999999997424 ) ) ;
#2478 = VECTOR ( 'NONE', #1122, 1000.000000000000000 ) ;
#2479 = CARTESIAN_POINT ( 'NONE',  ( -17.91666666666666430, 18.41666666666665719, -1.199999999999999956 ) ) ;
#2480 = VERTEX_POINT ( 'NONE', #4079 ) ;
#2481 = CARTESIAN_POINT ( 'NONE',  ( -11.22500000000000142, -20.19999999999999574, -6.049999999999995381 ) ) ;
#2482 = FACE_OUTER_BOUND ( 'NONE', #383, .T. ) ;
#2483 = DIRECTION ( 'NONE',  ( -0.000000000000000000, -0.000000000000000000, 1.000000000000000000 ) ) ;
#2484 = ORIENTED_EDGE ( 'NONE', *, *, #3926, .F. ) ;
#2485 = CARTESIAN_POINT ( 'NONE',  ( 17.91666666666666430, -18.41666666666666075, -41.50206437473708831 ) ) ;
#2486 = VERTEX_POINT ( 'NONE', #3642 ) ;
#2487 = ORIENTED_EDGE ( 'NONE', *, *, #4576, .F. ) ;
#2488 = LINE ( 'NONE', #1114, #273 ) ;
#2489 = EDGE_LOOP ( 'NONE', ( #2019, #4394, #2840, #984, #3131, #3881 ) ) ;
#2490 = VERTEX_POINT ( 'NONE', #526 ) ;
#2491 = CARTESIAN_POINT ( 'NONE',  ( -13.21999999999999531, 20.13311625438416641, -6.810991131934993170 ) ) ;
#2492 = CARTESIAN_POINT ( 'NONE',  ( -17.91666666666666430, 21.56666666666665932, -1.800000000000000044 ) ) ;
#2493 = CARTESIAN_POINT ( 'NONE',  ( 6.919999999999999929, -20.00000000000000000, -6.049999999999992717 ) ) ;
#2494 = ORIENTED_EDGE ( 'NONE', *, *, #3657, .F. ) ;
#2495 = ADVANCED_FACE ( 'NONE', ( #461 ), #504, .F. ) ;
#2496 = DIRECTION ( 'NONE',  ( -0.000000000000000000, -0.000000000000000000, -1.000000000000000000 ) ) ;
#2497 = DIRECTION ( 'NONE',  ( 1.000000000000000000, 0.000000000000000000, 0.000000000000000000 ) ) ;
#2498 = ADVANCED_FACE ( 'NONE', ( #3287 ), #1892, .F. ) ;
#2499 = VERTEX_POINT ( 'NONE', #4036 ) ;
#2500 = PLANE ( 'NONE',  #4306 ) ;
#2501 = LINE ( 'NONE', #3930, #2821 ) ;
#2502 = EDGE_LOOP ( 'NONE', ( #4115, #962, #368, #2310 ) ) ;
#2503 = CARTESIAN_POINT ( 'NONE',  ( 17.91666666666666430, -18.41666666666666075, -6.049999999999992717 ) ) ;
#2504 = AXIS2_PLACEMENT_3D ( 'NONE', #1008, #4, #2214 ) ;
#2505 = ORIENTED_EDGE ( 'NONE', *, *, #3640, .F. ) ;
#2506 = VECTOR ( 'NONE', #4533, 1000.000000000000000 ) ;
#2507 = DIRECTION ( 'NONE',  ( 0.000000000000000000, 0.000000000000000000, -1.000000000000000000 ) ) ;
#2508 = VERTEX_POINT ( 'NONE', #3374 ) ;
#2509 = ORIENTED_EDGE ( 'NONE', *, *, #812, .F. ) ;
#2510 = VECTOR ( 'NONE', #395, 1000.000000000000000 ) ;
#2511 = CARTESIAN_POINT ( 'NONE',  ( -13.22000000000000064, 20.17660794891444809, -7.641147045577991292 ) ) ;
#2512 = VECTOR ( 'NONE', #3218, 1000.000000000000000 ) ;
#2513 = CARTESIAN_POINT ( 'NONE',  ( -6.920000000000002593, -20.13941242246371743, -2.042562828825950305 ) ) ;
#2514 = CARTESIAN_POINT ( 'NONE',  ( 6.919999999999999929, -20.19659475323535602, -3.538152621153788591 ) ) ;
#2515 = ORIENTED_EDGE ( 'NONE', *, *, #2526, .F. ) ;
#2516 = AXIS2_PLACEMENT_3D ( 'NONE', #490, #1572, #2942 ) ;
#2517 = AXIS2_PLACEMENT_3D ( 'NONE', #4619, #2528, #311 ) ;
#2518 = PLANE ( 'NONE',  #4224 ) ;
#2519 = VECTOR ( 'NONE', #2399, 1000.000000000000000 ) ;
#2520 = ORIENTED_EDGE ( 'NONE', *, *, #66, .T. ) ;
#2521 = ADVANCED_FACE ( 'NONE', ( #1870 ), #1936, .T. ) ;
#2522 = DIRECTION ( 'NONE',  ( 0.5766306079752017144, 0.8170049828159857697, 0.000000000000000000 ) ) ;
#2523 = ADVANCED_FACE ( 'NONE', ( #107 ), #480, .F. ) ;
#2524 = AXIS2_PLACEMENT_3D ( 'NONE', #213, #4091, #559 ) ;
#2525 = VERTEX_POINT ( 'NONE', #2564 ) ;
#2526 = EDGE_CURVE ( 'NONE', #1446, #969, #2963, .T. ) ;
#2527 = FACE_OUTER_BOUND ( 'NONE', #1135, .T. ) ;
#2528 = DIRECTION ( 'NONE',  ( 0.000000000000000000, 0.000000000000000000, -1.000000000000000000 ) ) ;
#2529 = ORIENTED_EDGE ( 'NONE', *, *, #522, .F. ) ;
#2530 = EDGE_CURVE ( 'NONE', #3472, #1010, #3004, .T. ) ;
#2531 = LINE ( 'NONE', #1483, #1857 ) ;
#2532 = ORIENTED_EDGE ( 'NONE', *, *, #1081, .T. ) ;
#2533 = LINE ( 'NONE', #2159, #3620 ) ;
#2534 = VERTEX_POINT ( 'NONE', #4432 ) ;
#2535 = ORIENTED_EDGE ( 'NONE', *, *, #519, .T. ) ;
#2536 = AXIS2_PLACEMENT_3D ( 'NONE', #625, #3799, #1657 ) ;
#2537 = CARTESIAN_POINT ( 'NONE',  ( -13.21999999999999886, 20.17332481513340170, -7.553086493488708086 ) ) ;
#2538 = CARTESIAN_POINT ( 'NONE',  ( 13.22000000000002551, -20.50833333333332575, -18.30000000000000426 ) ) ;
#2539 = CARTESIAN_POINT ( 'NONE',  ( 6.920000000000000817, -20.10081746195023200, -1.608849121069072741 ) ) ;
#2540 = FACE_OUTER_BOUND ( 'NONE', #4280, .T. ) ;
#2541 = CARTESIAN_POINT ( 'NONE',  ( -4.719999999999999751, 20.17207755206234410, -7.521042373960566962 ) ) ;
#2542 = ORIENTED_EDGE ( 'NONE', *, *, #64, .F. ) ;
#2543 = LINE ( 'NONE', #787, #177 ) ;
#2544 = DIRECTION ( 'NONE',  ( 1.000000000000000000, -1.936435508067133736E-16, 0.000000000000000000 ) ) ;
#2545 = EDGE_CURVE ( 'NONE', #2091, #3152, #649, .T. ) ;
#2546 = CARTESIAN_POINT ( 'NONE',  ( -5.758948872912925232, 4.222033189064340775, -0.05000000000000000278 ) ) ;
#2547 = DIRECTION ( 'NONE',  ( 0.000000000000000000, 0.000000000000000000, 1.000000000000000000 ) ) ;
#2548 = CARTESIAN_POINT ( 'NONE',  ( -4.723784007440428034, -10.18971810567937020, 0.000000000000000000 ) ) ;
#2549 = VERTEX_POINT ( 'NONE', #1566 ) ;
#2550 = CARTESIAN_POINT ( 'NONE',  ( 19.37500000000000355, 12.25000000000000533, -2.949999999999994404 ) ) ;
#2551 = EDGE_CURVE ( 'NONE', #2940, #2905, #1779, .T. ) ;
#2552 = CARTESIAN_POINT ( 'NONE',  ( -13.22000000000000242, 20.13819138740778314, -6.880540058953507732 ) ) ;
#2553 = DIRECTION ( 'NONE',  ( -0.000000000000000000, -0.000000000000000000, 1.000000000000000000 ) ) ;
#2554 = FACE_OUTER_BOUND ( 'NONE', #1649, .T. ) ;
#2555 = ORIENTED_EDGE ( 'NONE', *, *, #4379, .T. ) ;
#2556 = DIRECTION ( 'NONE',  ( -0.000000000000000000, 0.000000000000000000, 1.000000000000000000 ) ) ;
#2557 = DIRECTION ( 'NONE',  ( 0.000000000000000000, 0.000000000000000000, -1.000000000000000000 ) ) ;
#2558 = DIRECTION ( 'NONE',  ( -0.000000000000000000, 1.000000000000000000, -0.000000000000000000 ) ) ;
#2559 = ORIENTED_EDGE ( 'NONE', *, *, #1893, .T. ) ;
#2560 = LINE ( 'NONE', #1821, #2649 ) ;
#2561 = DIRECTION ( 'NONE',  ( -9.419312991729270339E-17, -1.000000000000000000, 0.000000000000000000 ) ) ;
#2562 = VERTEX_POINT ( 'NONE', #2936 ) ;
#2563 = B_SPLINE_CURVE_WITH_KNOTS ( 'NONE', 3,
 ( #3840, #347, #3444, #4253 ),
 .UNSPECIFIED., .F., .F.,
 ( 4, 4 ),
 ( 0.000000000000000000, 1.000000000000000000 ),
 .UNSPECIFIED. ) ;
#2564 = CARTESIAN_POINT ( 'NONE',  ( 17.91666666666666430, 20.56666666666664867, -1.800000000000000044 ) ) ;
#2565 = DIRECTION ( 'NONE',  ( -0.000000000000000000, -0.000000000000000000, 1.000000000000000000 ) ) ;
#2566 = VERTEX_POINT ( 'NONE', #653 ) ;
#2567 = CARTESIAN_POINT ( 'NONE',  ( 10.38666666666666316, 20.19999999999999574, -4.200000000000000178 ) ) ;
#2568 = VERTEX_POINT ( 'NONE', #3821 ) ;
#2569 = EDGE_CURVE ( 'NONE', #4319, #990, #2421, .T. ) ;
#2570 = CARTESIAN_POINT ( 'NONE',  ( -9.778751800516216619, 17.06179331365875385, -1.199999999999999956 ) ) ;
#2571 = CARTESIAN_POINT ( 'NONE',  ( -11.46169484682894257, 16.56179331365875385, 0.000000000000000000 ) ) ;
#2572 = VECTOR ( 'NONE', #1969, 1000.000000000000000 ) ;
#2573 = CARTESIAN_POINT ( 'NONE',  ( -6.919999999999999929, -20.10143123699136325, -1.614433271603580300 ) ) ;
#2574 = VECTOR ( 'NONE', #1928, 1000.000000000000114 ) ;
#2575 = ADVANCED_FACE ( 'NONE', ( #4099 ), #2049, .F. ) ;
#2576 = CARTESIAN_POINT ( 'NONE',  ( -15.41666666666665897, 18.06666666666666288, -6.049999999999992717 ) ) ;
#2577 = VERTEX_POINT ( 'NONE', #3074 ) ;
#2578 = DIRECTION ( 'NONE',  ( 1.000000000000000000, 0.000000000000000000, 0.000000000000000000 ) ) ;
#2579 = AXIS2_PLACEMENT_3D ( 'NONE', #1770, #4308, #2507 ) ;
#2580 = DIRECTION ( 'NONE',  ( 0.000000000000000000, 0.000000000000000000, 1.000000000000000000 ) ) ;
#2581 = FACE_OUTER_BOUND ( 'NONE', #2436, .T. ) ;
#2582 = CIRCLE ( 'NONE', #3185, 1.060308641975302280 ) ;
#2583 = ORIENTED_EDGE ( 'NONE', *, *, #821, .T. ) ;
#2584 = VECTOR ( 'NONE', #3432, 1000.000000000000000 ) ;
#2585 = CARTESIAN_POINT ( 'NONE',  ( 17.91666666666666430, -20.56666666666665932, -41.50206437473708831 ) ) ;
#2586 = DIRECTION ( 'NONE',  ( 0.000000000000000000, 0.000000000000000000, -1.000000000000000000 ) ) ;
#2587 = AXIS2_PLACEMENT_3D ( 'NONE', #4207, #4506, #608 ) ;
#2588 = AXIS2_PLACEMENT_3D ( 'NONE', #1324, #1726, #270 ) ;
#2589 = CARTESIAN_POINT ( 'NONE',  ( 4.719999999999999751, 20.10079964595545121, -1.608705995147043710 ) ) ;
#2590 = CARTESIAN_POINT ( 'NONE',  ( -15.82124819948378303, 17.06179331365875385, 11.78977391353786253 ) ) ;
#2591 = PLANE ( 'NONE',  #4043 ) ;
#2592 = DIRECTION ( 'NONE',  ( -1.000000000000000000, 0.000000000000000000, -0.000000000000000000 ) ) ;
#2593 = VERTEX_POINT ( 'NONE', #202 ) ;
#2594 = DIRECTION ( 'NONE',  ( -1.000000000000000000, 0.000000000000000000, 0.000000000000000000 ) ) ;
#2595 = AXIS2_PLACEMENT_3D ( 'NONE', #25, #3245, #1458 ) ;
#2596 = EDGE_CURVE ( 'NONE', #2657, #960, #2078, .T. ) ;
#2597 = FACE_OUTER_BOUND ( 'NONE', #840, .T. ) ;
#2598 = DIRECTION ( 'NONE',  ( -0.000000000000000000, -0.000000000000000000, 1.000000000000000000 ) ) ;
#2599 = DIRECTION ( 'NONE',  ( 0.000000000000000000, 0.000000000000000000, 1.000000000000000000 ) ) ;
#2600 = CARTESIAN_POINT ( 'NONE',  ( -6.223333333333331829, -20.00000000000000000, -1.199999999999999734 ) ) ;
#2601 = EDGE_CURVE ( 'NONE', #2062, #385, #2025, .T. ) ;
#2602 = CARTESIAN_POINT ( 'NONE',  ( 4.719999999999998863, -20.16243789385026020, -2.446127641027028066 ) ) ;
#2603 = LINE ( 'NONE', #1863, #3813 ) ;
#2604 = ORIENTED_EDGE ( 'NONE', *, *, #4482, .T. ) ;
#2605 = CYLINDRICAL_SURFACE ( 'NONE', #3777, 1.897373697553036642 ) ;
#2606 = EDGE_CURVE ( 'NONE', #2878, #1718, #4199, .T. ) ;
#2607 = CARTESIAN_POINT ( 'NONE',  ( 7.030000000000002913, -20.00000000000000000, -1.199999999999999734 ) ) ;
#2608 = EDGE_CURVE ( 'NONE', #2680, #340, #979, .T. ) ;
#2609 = VERTEX_POINT ( 'NONE', #2397 ) ;
#2610 = DIRECTION ( 'NONE',  ( -4.081702296416016490E-16, -1.000000000000000000, 0.000000000000000000 ) ) ;
#2611 = CARTESIAN_POINT ( 'NONE',  ( -3.873628607401181423, -3.351423184354708873, -0.05000000000000000278 ) ) ;
#2612 = LINE ( 'NONE', #179, #3741 ) ;
#2613 = DIRECTION ( 'NONE',  ( 0.000000000000000000, 0.1397268238372009475, 0.9901900901848935677 ) ) ;
#2614 = EDGE_LOOP ( 'NONE', ( #1066, #3787, #1388, #209, #2708, #3227 ) ) ;
#2615 = DIRECTION ( 'NONE',  ( -1.802310104910968147E-16, 1.000000000000000000, 0.000000000000000000 ) ) ;
#2616 = VECTOR ( 'NONE', #148, 1000.000000000000000 ) ;
#2617 = FACE_OUTER_BOUND ( 'NONE', #2244, .T. ) ;
#2618 = DIRECTION ( 'NONE',  ( 1.000000000000000000, 0.000000000000000000, 0.000000000000000000 ) ) ;
#2619 = DIRECTION ( 'NONE',  ( 0.000000000000000000, -0.000000000000000000, 1.000000000000000000 ) ) ;
#2620 = VECTOR ( 'NONE', #3868, 1000.000000000000000 ) ;
#2621 = LINE ( 'NONE', #1555, #1399 ) ;
#2622 = DIRECTION ( 'NONE',  ( 0.6032951845587708473, -0.7975179748997502926, 0.000000000000000000 ) ) ;
#2623 = PLANE ( 'NONE',  #4368 ) ;
#2624 = VECTOR ( 'NONE', #1734, 1000.000000000000000 ) ;
#2625 = DIRECTION ( 'NONE',  ( 1.000000000000000000, -0.000000000000000000, -0.000000000000000000 ) ) ;
#2626 = EDGE_CURVE ( 'NONE', #2480, #2463, #493, .T. ) ;
#2627 = CARTESIAN_POINT ( 'NONE',  ( 4.719999999999997087, 20.50833333333332575, -18.30000000000000426 ) ) ;
#2628 = EDGE_CURVE ( 'NONE', #3873, #4173, #3746, .T. ) ;
#2629 = CARTESIAN_POINT ( 'NONE',  ( 4.719999999999998863, 20.11723391269381978, -1.765303106550561774 ) ) ;
#2630 = CARTESIAN_POINT ( 'NONE',  ( 6.920000000000000817, -20.19999999999999929, -9.049999999999995381 ) ) ;
#2631 = DIRECTION ( 'NONE',  ( 0.000000000000000000, 0.000000000000000000, -1.000000000000000000 ) ) ;
#2632 = DIRECTION ( 'NONE',  ( 0.000000000000000000, 0.000000000000000000, -1.000000000000000000 ) ) ;
#2633 = ORIENTED_EDGE ( 'NONE', *, *, #1869, .F. ) ;
#2634 = FACE_OUTER_BOUND ( 'NONE', #2926, .T. ) ;
#2635 = DIRECTION ( 'NONE',  ( 0.000000000000000000, 0.000000000000000000, 1.000000000000000000 ) ) ;
#2636 = CARTESIAN_POINT ( 'NONE',  ( 17.91666666666666430, -21.56666666666666288, 0.000000000000000000 ) ) ;
#2637 = CARTESIAN_POINT ( 'NONE',  ( -17.56666666666665577, 4.494999999999998330, -41.50206437473708831 ) ) ;
#2638 = DIRECTION ( 'NONE',  ( 1.000000000000000000, 9.011550524554843201E-17, -0.000000000000000000 ) ) ;
#2639 = CARTESIAN_POINT ( 'NONE',  ( 4.719999999999999751, -20.10051716226534779, -1.606406644123980598 ) ) ;
#2640 = CARTESIAN_POINT ( 'NONE',  ( 13.21999999999999531, -20.18666351598457354, -7.955179441011513752 ) ) ;
#2641 = DIRECTION ( 'NONE',  ( 0.1736481776669341337, 0.9848077530122073542, -0.000000000000000000 ) ) ;
#2642 = ORIENTED_EDGE ( 'NONE', *, *, #2596, .T. ) ;
#2643 = VECTOR ( 'NONE', #1249, 1000.000000000000000 ) ;
#2644 = VECTOR ( 'NONE', #723, 1000.000000000000000 ) ;
#2645 = EDGE_CURVE ( 'NONE', #1472, #3194, #728, .T. ) ;
#2646 = AXIS2_PLACEMENT_3D ( 'NONE', #3359, #4085, #803 ) ;
#2647 = VERTEX_POINT ( 'NONE', #2348 ) ;
#2648 = CARTESIAN_POINT ( 'NONE',  ( 4.719999999999999751, 20.16719608564329747, -2.545411147780268557 ) ) ;
#2649 = VECTOR ( 'NONE', #103, 1000.000000000000000 ) ;
#2650 = VECTOR ( 'NONE', #3599, 1000.000000000000000 ) ;
#2651 = ADVANCED_FACE ( 'NONE', ( #3027 ), #3775, .F. ) ;
#2652 = DIRECTION ( 'NONE',  ( 0.000000000000000000, -1.000000000000000000, 0.000000000000000000 ) ) ;
#2653 = DIRECTION ( 'NONE',  ( -0.000000000000000000, -0.000000000000000000, 1.000000000000000000 ) ) ;
#2654 = EDGE_LOOP ( 'NONE', ( #134, #2299, #1445, #3294 ) ) ;
#2655 = EDGE_CURVE ( 'NONE', #3539, #2846, #3450, .T. ) ;
#2656 = CARTESIAN_POINT ( 'NONE',  ( -15.82124819948378303, 17.06179331365875385, 11.78977391353786253 ) ) ;
#2657 = VERTEX_POINT ( 'NONE', #4554 ) ;
#2658 = EDGE_LOOP ( 'NONE', ( #2476, #417, #2700, #2811 ) ) ;
#2659 = EDGE_CURVE ( 'NONE', #1822, #698, #278, .T. ) ;
#2660 = LINE ( 'NONE', #74, #4607 ) ;
#2661 = DIRECTION ( 'NONE',  ( 1.000000000000000000, 0.000000000000000000, -0.000000000000000000 ) ) ;
#2662 = CARTESIAN_POINT ( 'NONE',  ( 2.250000000000000000, 14.16955234963668886, -0.05000000000000000278 ) ) ;
#2663 = ADVANCED_FACE ( 'NONE', ( #624, #3402, #1656, #4476, #1355 ), #248, .T. ) ;
#2664 = DIRECTION ( 'NONE',  ( -1.000000000000000000, 1.020425574104002027E-15, -0.000000000000000000 ) ) ;
#2665 = ORIENTED_EDGE ( 'NONE', *, *, #3892, .T. ) ;
#2666 = ORIENTED_EDGE ( 'NONE', *, *, #3067, .F. ) ;
#2667 = LINE ( 'NONE', #4007, #1773 ) ;
#2668 = PRODUCT_DEFINITION_SHAPE ( 'NONE', 'NONE',  #2211 ) ;
#2669 = CARTESIAN_POINT ( 'NONE',  ( 13.21999999999999886, -20.17388345774841341, -7.567716808320390065 ) ) ;
#2670 = CARTESIAN_POINT ( 'NONE',  ( -11.12000000000000099, -19.99999999999999645, -6.049999999999994493 ) ) ;
#2671 = CARTESIAN_POINT ( 'NONE',  ( -17.91666666666666430, 21.56666666666665932, -1.800000000000000044 ) ) ;
#2672 = DIRECTION ( 'NONE',  ( 1.000000000000000000, 0.000000000000000000, 0.000000000000000000 ) ) ;
#2673 = B_SPLINE_CURVE_WITH_KNOTS ( 'NONE', 3,
 ( #2018, #2768, #674, #4194 ),
 .UNSPECIFIED., .F., .F.,
 ( 4, 4 ),
 ( 0.000000000000000000, 1.000000000000000000 ),
 .UNSPECIFIED. ) ;
#2674 = CARTESIAN_POINT ( 'NONE',  ( 4.719999999999998863, 20.19999999999999929, 0.002000000000000048614 ) ) ;
#2675 = DIRECTION ( 'NONE',  ( -1.000000000000000000, 1.269309860470838865E-15, -0.000000000000000000 ) ) ;
#2676 = CARTESIAN_POINT ( 'NONE',  ( 6.919999999999999929, -20.19092508697731603, -8.005805175443732935 ) ) ;
#2677 = ORIENTED_EDGE ( 'NONE', *, *, #598, .T. ) ;
#2678 = ADVANCED_FACE ( 'NONE', ( #1678 ), #4176, .T. ) ;
#2679 = FACE_OUTER_BOUND ( 'NONE', #3636, .T. ) ;
#2680 = VERTEX_POINT ( 'NONE', #3098 ) ;
#2681 = ORIENTED_EDGE ( 'NONE', *, *, #2914, .F. ) ;
#2682 = FACE_OUTER_BOUND ( 'NONE', #3468, .T. ) ;
#2683 = CARTESIAN_POINT ( 'NONE',  ( 14.87500000000000178, 17.25000000000000355, -2.949999999999994404 ) ) ;
#2684 = CARTESIAN_POINT ( 'NONE',  ( -17.91666666666666430, 18.41666666666665719, -1.800000000000000044 ) ) ;
#2685 = ORIENTED_EDGE ( 'NONE', *, *, #390, .F. ) ;
#2686 = EDGE_CURVE ( 'NONE', #3043, #4503, #4530, .T. ) ;
#2687 = LINE ( 'NONE', #3322, #2141 ) ;
#2688 = ORIENTED_EDGE ( 'NONE', *, *, #1945, .T. ) ;
#2689 = ORIENTED_EDGE ( 'NONE', *, *, #4404, .F. ) ;
#2690 = CIRCLE ( 'NONE', #3286, 2.149999999999995470 ) ;
#2691 = CARTESIAN_POINT ( 'NONE',  ( 13.21999999999999886, 20.17249166989998344, -2.681592386979172904 ) ) ;
#2692 = CARTESIAN_POINT ( 'NONE',  ( 13.22000000000000242, -20.10079964595544766, -6.458705995147052903 ) ) ;
#2693 = LINE ( 'NONE', #2627, #4297 ) ;
#2694 = DIRECTION ( 'NONE',  ( 0.000000000000000000, -0.000000000000000000, -1.000000000000000000 ) ) ;
#2695 = ORIENTED_EDGE ( 'NONE', *, *, #677, .T. ) ;
#2696 = CIRCLE ( 'NONE', #700, 1.218749999999997558 ) ;
#2697 = DIRECTION ( 'NONE',  ( -0.5000000000000002220, 0.8660254037844384856, 0.000000000000000000 ) ) ;
#2698 = CARTESIAN_POINT ( 'NONE',  ( -13.21999999999999886, -20.17249166989998344, -7.531592386979177434 ) ) ;
#2699 = CARTESIAN_POINT ( 'NONE',  ( 6.919999999999999041, -20.06515672975467268, -6.168219924002478649 ) ) ;
#2700 = ORIENTED_EDGE ( 'NONE', *, *, #4169, .F. ) ;
#2701 = LINE ( 'NONE', #2054, #3933 ) ;
#2702 = PLANE ( 'NONE',  #2587 ) ;
#2703 = LINE ( 'NONE', #1944, #722 ) ;
#2704 = ADVANCED_FACE ( 'NONE', ( #3980 ), #2121, .T. ) ;
#2705 = LINE ( 'NONE', #535, #2965 ) ;
#2706 = ORIENTED_EDGE ( 'NONE', *, *, #1585, .T. ) ;
#2707 = CARTESIAN_POINT ( 'NONE',  ( -4.719999999999998863, -20.15780778780661819, -2.343733506800033339 ) ) ;
#2708 = ORIENTED_EDGE ( 'NONE', *, *, #4275, .F. ) ;
#2709 = ORIENTED_EDGE ( 'NONE', *, *, #3638, .F. ) ;
#2710 = CARTESIAN_POINT ( 'NONE',  ( 13.22000000000000064, 20.19999999999999929, -3.659509185996903113 ) ) ;
#2711 = ADVANCED_FACE ( 'NONE', ( #3148 ), #4551, .T. ) ;
#2712 = CARTESIAN_POINT ( 'NONE',  ( 13.22000000000000242, -20.14503449320047324, -6.981167547519312677 ) ) ;
#2713 = EDGE_CURVE ( 'NONE', #3789, #341, #2452, .T. ) ;
#2714 = LINE ( 'NONE', #3498, #1169 ) ;
#2715 = VECTOR ( 'NONE', #2213, 1000.000000000000000 ) ;
#2716 = VERTEX_POINT ( 'NONE', #4279 ) ;
#2717 = LINE ( 'NONE', #4148, #3388 ) ;
#2718 = ADVANCED_FACE ( 'NONE', ( #4380 ), #431, .F. ) ;
#2719 =( GEOMETRIC_REPRESENTATION_CONTEXT ( 3 ) GLOBAL_UNCERTAINTY_ASSIGNED_CONTEXT ( ( #2992 ) ) GLOBAL_UNIT_ASSIGNED_CONTEXT ( ( #1913, #4388, #2258 ) ) REPRESENTATION_CONTEXT ( 'NONE', 'WORKASPACE' ) );
#2720 = VECTOR ( 'NONE', #4415, 1000.000000000000114 ) ;
#2721 = ORIENTED_EDGE ( 'NONE', *, *, #1949, .F. ) ;
#2722 = DIRECTION ( 'NONE',  ( 1.000000000000000000, 0.000000000000000000, -0.000000000000000000 ) ) ;
#2723 = VECTOR ( 'NONE', #3690, 1000.000000000000000 ) ;
#2724 = CIRCLE ( 'NONE', #726, 1.218749999999997558 ) ;
#2725 = CARTESIAN_POINT ( 'NONE',  ( -13.21999999999999709, -20.16243789385025309, -7.296127641027003286 ) ) ;
#2726 = LINE ( 'NONE', #2802, #1098 ) ;
#2727 = EDGE_LOOP ( 'NONE', ( #1467, #846, #1062, #3395 ) ) ;
#2728 = VECTOR ( 'NONE', #1280, 1000.000000000000000 ) ;
#2729 = ORIENTED_EDGE ( 'NONE', *, *, #3232, .T. ) ;
#2730 = DIRECTION ( 'NONE',  ( -0.6070287562503441370, 0.7946798657856887216, 0.000000000000000000 ) ) ;
#2731 = DIRECTION ( 'NONE',  ( 1.000000000000000000, 0.000000000000000000, -0.000000000000000000 ) ) ;
#2732 = VECTOR ( 'NONE', #2522, 999.9999999999998863 ) ;
#2733 = VERTEX_POINT ( 'NONE', #4355 ) ;
#2734 = FACE_OUTER_BOUND ( 'NONE', #2502, .T. ) ;
#2735 = VERTEX_POINT ( 'NONE', #1784 ) ;
#2736 = ORIENTED_EDGE ( 'NONE', *, *, #3454, .F. ) ;
#2737 = DIRECTION ( 'NONE',  ( -1.000000000000000000, -3.154998743819595005E-16, 0.000000000000000000 ) ) ;
#2738 = VERTEX_POINT ( 'NONE', #4256 ) ;
#2739 = ORIENTED_EDGE ( 'NONE', *, *, #509, .F. ) ;
#2740 = EDGE_CURVE ( 'NONE', #3863, #2499, #4152, .T. ) ;
#2741 = CARTESIAN_POINT ( 'NONE',  ( -13.22000000000000064, 20.19999999999999574, -8.779670781528439605 ) ) ;
#2742 = DIRECTION ( 'NONE',  ( -1.000000000000000000, -0.000000000000000000, -0.000000000000000000 ) ) ;
#2743 = CIRCLE ( 'NONE', #4317, 3.150000000000001688 ) ;
#2744 = CARTESIAN_POINT ( 'NONE',  ( 13.53499999999999837, -19.99999999999999645, -6.049999999999995381 ) ) ;
#2745 = EDGE_LOOP ( 'NONE', ( #1395, #3033, #3652, #2257, #2277, #2729, #4208 ) ) ;
#2746 = EDGE_CURVE ( 'NONE', #2480, #1875, #1034, .T. ) ;
#2747 = PLANE ( 'NONE',  #3923 ) ;
#2748 = ORIENTED_EDGE ( 'NONE', *, *, #1348, .F. ) ;
#2749 = DIRECTION ( 'NONE',  ( -1.000000000000000000, -9.011550524554841969E-17, 0.000000000000000000 ) ) ;
#2750 = CARTESIAN_POINT ( 'NONE',  ( -20.06666666666665932, 18.41666666666665719, -41.50206437473708831 ) ) ;
#2751 = EDGE_CURVE ( 'NONE', #2014, #2090, #2230, .T. ) ;
#2752 = PRODUCT_RELATED_PRODUCT_CATEGORY ( 'part', '', ( #503 ) ) ;
#2753 = CARTESIAN_POINT ( 'NONE',  ( -17.56666666666665577, -4.495000000000003659, -6.049999999999992717 ) ) ;
#2754 = CARTESIAN_POINT ( 'NONE',  ( 13.21999999999999886, 20.19999999999999574, 0.002000000000000048614 ) ) ;
#2755 = CARTESIAN_POINT ( 'NONE',  ( -17.91666666666666430, 18.41666666666665719, -1.800000000000000044 ) ) ;
#2756 = ORIENTED_EDGE ( 'NONE', *, *, #3770, .T. ) ;
#2757 = DIRECTION ( 'NONE',  ( -1.000000000000000000, 9.682177540335671144E-17, 0.000000000000000000 ) ) ;
#2758 = CARTESIAN_POINT ( 'NONE',  ( -9.778751800516216619, 17.06179331365875385, 11.78977391353786253 ) ) ;
#2759 = ORIENTED_EDGE ( 'NONE', *, *, #364, .T. ) ;
#2760 = DIRECTION ( 'NONE',  ( 0.000000000000000000, 0.000000000000000000, 1.000000000000000000 ) ) ;
#2761 = ORIENTED_EDGE ( 'NONE', *, *, #3801, .F. ) ;
#2762 = VERTEX_POINT ( 'NONE', #1732 ) ;
#2763 = PLANE ( 'NONE',  #2953 ) ;
#2764 = EDGE_LOOP ( 'NONE', ( #403, #1532, #4463, #1482, #1116, #207 ) ) ;
#2765 = ORIENTED_EDGE ( 'NONE', *, *, #3433, .T. ) ;
#2766 = CARTESIAN_POINT ( 'NONE',  ( 13.22000000000000064, 20.16243789385025309, -2.446127641026986321 ) ) ;
#2767 = DIRECTION ( 'NONE',  ( 1.000000000000000000, -1.936435508067133736E-16, 0.000000000000000000 ) ) ;
#2768 = CARTESIAN_POINT ( 'NONE',  ( -7.553333333333330124, 20.19999999999999929, -9.049999999999995381 ) ) ;
#2769 = ORIENTED_EDGE ( 'NONE', *, *, #4328, .T. ) ;
#2770 = CARTESIAN_POINT ( 'NONE',  ( -20.06666666666665577, 4.494999999999998330, -6.049999999999992717 ) ) ;
#2771 = VECTOR ( 'NONE', #2742, 1000.000000000000000 ) ;
#2772 = ADVANCED_FACE ( 'NONE', ( #3301 ), #1411, .T. ) ;
#2773 = VERTEX_POINT ( 'NONE', #2101 ) ;
#2774 = LINE ( 'NONE', #4198, #4378 ) ;
#2775 = CARTESIAN_POINT ( 'NONE',  ( 15.41666666666665719, -15.91666666666666252, -6.049999999999992717 ) ) ;
#2776 = CARTESIAN_POINT ( 'NONE',  ( -4.719999999999998863, 20.10143214538321743, -6.464443289110546331 ) ) ;
#2777 = EDGE_CURVE ( 'NONE', #314, #2448, #3527, .T. ) ;
#2778 = CARTESIAN_POINT ( 'NONE',  ( -6.920000000000001705, -20.12565451204273970, -6.713567653500570387 ) ) ;
#2779 = ORIENTED_EDGE ( 'NONE', *, *, #3155, .T. ) ;
#2780 = CARTESIAN_POINT ( 'NONE',  ( 4.600000000000006750, 10.96445338013734094, -4.549999999999998934 ) ) ;
#2781 = CARTESIAN_POINT ( 'NONE',  ( -6.920000000000001705, -20.19999999999999929, -41.50206437473708831 ) ) ;
#2782 = DIRECTION ( 'NONE',  ( -0.000000000000000000, 0.000000000000000000, -1.000000000000000000 ) ) ;
#2783 = EDGE_LOOP ( 'NONE', ( #1461, #2761, #4273, #3666, #883, #2535, #688, #909, #1586 ) ) ;
#2784 = CARTESIAN_POINT ( 'NONE',  ( -15.32124819948378303, 8.211793313658755977, -10.78483074862842273 ) ) ;
#2785 = ORIENTED_EDGE ( 'NONE', *, *, #4456, .F. ) ;
#2786 = VERTEX_POINT ( 'NONE', #1435 ) ;
#2787 = FACE_OUTER_BOUND ( 'NONE', #2614, .T. ) ;
#2788 = EDGE_LOOP ( 'NONE', ( #2085, #479, #4565, #3727 ) ) ;
#2789 = ORIENTED_EDGE ( 'NONE', *, *, #2116, .F. ) ;
#2790 = ORIENTED_EDGE ( 'NONE', *, *, #3078, .T. ) ;
#2791 = CARTESIAN_POINT ( 'NONE',  ( 13.22000000000000064, 20.10051716226534424, -1.606406644123974381 ) ) ;
#2792 = DIRECTION ( 'NONE',  ( 1.000000000000000000, 1.541976423090495633E-16, -9.553223930492242290E-33 ) ) ;
#2793 = DIRECTION ( 'NONE',  ( -1.000000000000000000, -1.230601329064322048E-16, 0.000000000000000000 ) ) ;
#2794 = ORIENTED_EDGE ( 'NONE', *, *, #3454, .T. ) ;
#2795 = DIRECTION ( 'NONE',  ( 1.000000000000000000, 0.000000000000000000, 0.000000000000000000 ) ) ;
#2796 = ORIENTED_EDGE ( 'NONE', *, *, #1661, .T. ) ;
#2797 = LINE ( 'NONE', #1409, #2960 ) ;
#2798 = CARTESIAN_POINT ( 'NONE',  ( -5.416666666666670515, -20.00000000000000355, -1.199999999999999734 ) ) ;
#2799 = EDGE_CURVE ( 'NONE', #3597, #3431, #4639, .T. ) ;
#2800 = AXIS2_PLACEMENT_3D ( 'NONE', #1552, #913, #558 ) ;
#2801 = CARTESIAN_POINT ( 'NONE',  ( -13.21999999999999886, -20.10143214538320677, -6.464443289110552548 ) ) ;
#2802 = CARTESIAN_POINT ( 'NONE',  ( 4.600000000000006750, 22.50000000000000711, -1.799999999999999378 ) ) ;
#2803 = ORIENTED_EDGE ( 'NONE', *, *, #857, .F. ) ;
#2804 = AXIS2_PLACEMENT_3D ( 'NONE', #4167, #295, #1021 ) ;
#2805 = PLANE ( 'NONE',  #1028 ) ;
#2806 = VECTOR ( 'NONE', #2638, 1000.000000000000000 ) ;
#2807 = EDGE_CURVE ( 'NONE', #2221, #3597, #3276, .T. ) ;
#2808 = LINE ( 'NONE', #3282, #3845 ) ;
#2809 = FACE_OUTER_BOUND ( 'NONE', #2037, .T. ) ;
#2810 = VECTOR ( 'NONE', #1985, 1000.000000000000000 ) ;
#2811 = ORIENTED_EDGE ( 'NONE', *, *, #3556, .T. ) ;
#2812 = EDGE_CURVE ( 'NONE', #256, #2204, #4606, .T. ) ;
#2813 = CARTESIAN_POINT ( 'NONE',  ( -4.719999999999997975, 18.06666666666665932, -1.199999999999999956 ) ) ;
#2814 = VECTOR ( 'NONE', #1632, 1000.000000000000000 ) ;
#2815 = ORIENTED_EDGE ( 'NONE', *, *, #406, .T. ) ;
#2816 = ORIENTED_EDGE ( 'NONE', *, *, #957, .T. ) ;
#2817 = DIRECTION ( 'NONE',  ( 1.000000000000000000, 9.011550524554843201E-17, -0.000000000000000000 ) ) ;
#2818 = ORIENTED_EDGE ( 'NONE', *, *, #578, .T. ) ;
#2819 = VERTEX_POINT ( 'NONE', #2833 ) ;
#2820 = ADVANCED_FACE ( 'NONE', ( #704 ), #3549, .T. ) ;
#2821 = VECTOR ( 'NONE', #2483, 1000.000000000000000 ) ;
#2822 = VECTOR ( 'NONE', #646, 1000.000000000000000 ) ;
#2823 = CARTESIAN_POINT ( 'NONE',  ( -17.91666666666666430, 21.56666666666665932, -1.199999999999999956 ) ) ;
#2824 = DIRECTION ( 'NONE',  ( -1.000000000000000000, -1.230601329064322048E-16, 0.000000000000000000 ) ) ;
#2825 = AXIS2_PLACEMENT_3D ( 'NONE', #296, #3139, #3815 ) ;
#2826 = CARTESIAN_POINT ( 'NONE',  ( 11.22499999999999432, -20.19999999999999574, -6.049999999999995381 ) ) ;
#2827 = ORIENTED_EDGE ( 'NONE', *, *, #3026, .F. ) ;
#2828 = DIRECTION ( 'NONE',  ( -1.000000000000000000, 0.000000000000000000, -0.000000000000000000 ) ) ;
#2829 = CIRCLE ( 'NONE', #4012, 3.149999999999999911 ) ;
#2830 = DIRECTION ( 'NONE',  ( -1.000000000000000000, 0.000000000000000000, -0.000000000000000000 ) ) ;
#2831 = EDGE_LOOP ( 'NONE', ( #3133, #3891, #2433, #1301, #1694, #42, #1811, #1027, #4389 ) ) ;
#2832 = VECTOR ( 'NONE', #755, 1000.000000000000000 ) ;
#2833 = CARTESIAN_POINT ( 'NONE',  ( -4.719999999999997975, 20.50833333333331510, -18.30000000000000426 ) ) ;
#2834 = CARTESIAN_POINT ( 'NONE',  ( -4.719999999999998863, 20.19999999999999929, -9.049999999999995381 ) ) ;
#2835 = CARTESIAN_POINT ( 'NONE',  ( -6.920000000000002593, -20.10411853758554201, -6.488430067521370859 ) ) ;
#2836 = ORIENTED_EDGE ( 'NONE', *, *, #171, .F. ) ;
#2837 = CARTESIAN_POINT ( 'NONE',  ( -4.232501089925345461, 10.18971810567936487, -0.05000000000000000278 ) ) ;
#2838 = SURFACE_STYLE_FILL_AREA ( #1761 ) ;
#2839 = DIRECTION ( 'NONE',  ( 1.000000000000000000, 0.000000000000000000, 0.000000000000000000 ) ) ;
#2840 = ORIENTED_EDGE ( 'NONE', *, *, #2338, .T. ) ;
#2841 = PLANE ( 'NONE',  #3869 ) ;
#2842 = VERTEX_POINT ( 'NONE', #2976 ) ;
#2843 = ADVANCED_FACE ( 'NONE', ( #3672 ), #4403, .F. ) ;
#2844 = ORIENTED_EDGE ( 'NONE', *, *, #705, .F. ) ;
#2845 = PLANE ( 'NONE',  #3846 ) ;
#2846 = VERTEX_POINT ( 'NONE', #4048 ) ;
#2847 = ORIENTED_EDGE ( 'NONE', *, *, #2686, .T. ) ;
#2848 = CARTESIAN_POINT ( 'NONE',  ( -13.21999999999999886, 20.17471477116359324, -7.589689247964597207 ) ) ;
#2849 = CARTESIAN_POINT ( 'NONE',  ( 17.91666666666666430, -20.56666666666666288, -1.800000000000000044 ) ) ;
#2850 = EDGE_CURVE ( 'NONE', #1746, #3548, #1905, .T. ) ;
#2851 = CARTESIAN_POINT ( 'NONE',  ( -22.00000000000000355, 22.50000000000000355, -17.80000000000000782 ) ) ;
#2852 = CARTESIAN_POINT ( 'NONE',  ( 4.719999999999998863, -20.00000000000000000, -1.199999999999999956 ) ) ;
#2853 = DIRECTION ( 'NONE',  ( -1.000000000000000000, -1.269309860470839063E-15, 0.000000000000000000 ) ) ;
#2854 = DIRECTION ( 'NONE',  ( 0.000000000000000000, -1.000000000000000000, 0.000000000000000000 ) ) ;
#2855 = PLANE ( 'NONE',  #1834 ) ;
#2856 = ORIENTED_EDGE ( 'NONE', *, *, #3801, .T. ) ;
#2857 = CARTESIAN_POINT ( 'NONE',  ( 4.719999999999999751, 20.20000000000000284, -3.929670781528438184 ) ) ;
#2858 = LINE ( 'NONE', #2171, #122 ) ;
#2859 = ORIENTED_EDGE ( 'NONE', *, *, #1556, .F. ) ;
#2860 = CARTESIAN_POINT ( 'NONE',  ( -4.723784007440428034, -10.18971810567937020, -0.05000000000000000278 ) ) ;
#2861 = ORIENTED_EDGE ( 'NONE', *, *, #460, .T. ) ;
#2862 = DIRECTION ( 'NONE',  ( 0.000000000000000000, 0.000000000000000000, 1.000000000000000000 ) ) ;
#2863 = ORIENTED_EDGE ( 'NONE', *, *, #2807, .T. ) ;
#2864 = ORIENTED_EDGE ( 'NONE', *, *, #1475, .T. ) ;
#2865 = EDGE_CURVE ( 'NONE', #1462, #990, #4227, .T. ) ;
#2866 = DIRECTION ( 'NONE',  ( 0.000000000000000000, 1.000000000000000000, 0.000000000000000000 ) ) ;
#2867 = CARTESIAN_POINT ( 'NONE',  ( -6.186666666666667425, -20.00000000000000355, -1.199999999999999956 ) ) ;
#2868 = CARTESIAN_POINT ( 'NONE',  ( 0.08549891007465955373, 10.18971810567936664, -0.05000000000000000278 ) ) ;
#2869 = VERTEX_POINT ( 'NONE', #1706 ) ;
#2870 = EDGE_CURVE ( 'NONE', #3548, #1166, #1986, .T. ) ;
#2871 = CARTESIAN_POINT ( 'NONE',  ( -4.879342922605667709, -0.1256880636728806566, 0.000000000000000000 ) ) ;
#2872 = EDGE_CURVE ( 'NONE', #4133, #388, #2774, .T. ) ;
#2873 = LINE ( 'NONE', #2912, #3484 ) ;
#2874 = ADVANCED_FACE ( 'NONE', ( #2396 ), #2100, .T. ) ;
#2875 = VERTEX_POINT ( 'NONE', #4175 ) ;
#2876 = CARTESIAN_POINT ( 'NONE',  ( -13.22000000000000419, -20.50833333333332575, -18.30000000000000426 ) ) ;
#2877 = FACE_OUTER_BOUND ( 'NONE', #585, .T. ) ;
#2878 = VERTEX_POINT ( 'NONE', #3199 ) ;
#2879 = CARTESIAN_POINT ( 'NONE',  ( -17.91666666666666430, 18.41666666666665719, -1.800000000000000044 ) ) ;
#2880 = VECTOR ( 'NONE', #1563, 1000.000000000000000 ) ;
#2881 = ORIENTED_EDGE ( 'NONE', *, *, #3057, .F. ) ;
#2882 = AXIS2_PLACEMENT_3D ( 'NONE', #3671, #3042, #473 ) ;
#2883 = DIRECTION ( 'NONE',  ( 1.000000000000000000, 0.000000000000000000, -0.000000000000000000 ) ) ;
#2884 = ORIENTED_EDGE ( 'NONE', *, *, #2645, .T. ) ;
#2885 = VERTEX_POINT ( 'NONE', #3171 ) ;
#2886 = AXIS2_PLACEMENT_3D ( 'NONE', #135, #1232, #3987 ) ;
#2887 = CARTESIAN_POINT ( 'NONE',  ( -6.920000000000000817, -20.19999999999999574, -3.659298784415833339 ) ) ;
#2888 = FACE_OUTER_BOUND ( 'NONE', #3065, .T. ) ;
#2889 = AXIS2_PLACEMENT_3D ( 'NONE', #2758, #2731, #2782 ) ;
#2890 = CARTESIAN_POINT ( 'NONE',  ( -4.599999999999995204, 10.96445338013734094, -1.799999999999998934 ) ) ;
#2891 = VECTOR ( 'NONE', #353, 1000.000000000000000 ) ;
#2892 = ORIENTED_EDGE ( 'NONE', *, *, #1977, .F. ) ;
#2893 = EDGE_CURVE ( 'NONE', #1440, #3739, #3820, .T. ) ;
#2894 = DIRECTION ( 'NONE',  ( -1.000000000000000000, 0.000000000000000000, 0.000000000000000000 ) ) ;
#2895 = AXIS2_PLACEMENT_3D ( 'NONE', #2142, #2792, #2389 ) ;
#2896 = VECTOR ( 'NONE', #633, 1000.000000000000000 ) ;
#2897 = ORIENTED_EDGE ( 'NONE', *, *, #2150, .F. ) ;
#2898 = EDGE_CURVE ( 'NONE', #234, #711, #4638, .T. ) ;
#2899 = CARTESIAN_POINT ( 'NONE',  ( 13.21999999999999531, 19.99999999999999645, -1.199999999999999956 ) ) ;
#2900 = DIRECTION ( 'NONE',  ( -0.000000000000000000, -0.000000000000000000, -1.000000000000000000 ) ) ;
#2901 = VERTEX_POINT ( 'NONE', #1000 ) ;
#2902 = DIRECTION ( 'NONE',  ( 1.000000000000000000, -1.020425574104002027E-15, -0.000000000000000000 ) ) ;
#2903 = ORIENTED_EDGE ( 'NONE', *, *, #327, .F. ) ;
#2904 = DIRECTION ( 'NONE',  ( 0.000000000000000000, 1.000000000000000000, 0.000000000000000000 ) ) ;
#2905 = VERTEX_POINT ( 'NONE', #1434 ) ;
#2906 = CARTESIAN_POINT ( 'NONE',  ( -13.22000000000000064, 20.12565451204273970, -6.713567653500611243 ) ) ;
#2907 = CARTESIAN_POINT ( 'NONE',  ( -3.873628607401181423, -7.146170579460782157, 0.000000000000000000 ) ) ;
#2908 = LINE ( 'NONE', #3979, #1540 ) ;
#2909 = DIRECTION ( 'NONE',  ( 0.000000000000000000, 0.000000000000000000, 1.000000000000000000 ) ) ;
#2910 = CARTESIAN_POINT ( 'NONE',  ( -20.06666666666665577, 4.494999999999992113, -1.199999999999999956 ) ) ;
#2911 = ORIENTED_EDGE ( 'NONE', *, *, #2259, .T. ) ;
#2912 = CARTESIAN_POINT ( 'NONE',  ( -13.21999999999999886, -20.19999999999999574, -27.40916823960234794 ) ) ;
#2913 = DIRECTION ( 'NONE',  ( -1.936435508067133736E-16, -1.000000000000000000, 0.000000000000000000 ) ) ;
#2914 = EDGE_CURVE ( 'NONE', #969, #2773, #3899, .T. ) ;
#2915 = VERTEX_POINT ( 'NONE', #1754 ) ;
#2916 = CARTESIAN_POINT ( 'NONE',  ( -21.06666666666665577, -18.41666666666666430, -1.800000000000000044 ) ) ;
#2917 = EDGE_CURVE ( 'NONE', #2846, #3360, #4605, .T. ) ;
#2918 = LINE ( 'NONE', #2674, #4153 ) ;
#2919 = ORIENTED_EDGE ( 'NONE', *, *, #2097, .T. ) ;
#2920 = CARTESIAN_POINT ( 'NONE',  ( -22.00000000000000000, 2.400000000000009681, -2.199999999999999289 ) ) ;
#2921 = VERTEX_POINT ( 'NONE', #277 ) ;
#2922 = FACE_OUTER_BOUND ( 'NONE', #3358, .T. ) ;
#2923 = DIRECTION ( 'NONE',  ( 1.000000000000000000, -0.000000000000000000, 0.000000000000000000 ) ) ;
#2924 = CARTESIAN_POINT ( 'NONE',  ( -6.920000000000003482, -20.10201080357351699, -1.619558216071295131 ) ) ;
#2925 = DIRECTION ( 'NONE',  ( -0.000000000000000000, -0.000000000000000000, -1.000000000000000000 ) ) ;
#2926 = EDGE_LOOP ( 'NONE', ( #2542, #1047, #3517, #1646 ) ) ;
#2927 = CARTESIAN_POINT ( 'NONE',  ( -4.609999999999997655, -20.20000000000000284, -1.199999999999999734 ) ) ;
#2928 = CARTESIAN_POINT ( 'NONE',  ( -17.91666666666666430, 21.56666666666665932, 0.000000000000000000 ) ) ;
#2929 = DIRECTION ( 'NONE',  ( -1.000000000000000000, 0.000000000000000000, 0.000000000000000000 ) ) ;
#2930 = ORIENTED_EDGE ( 'NONE', *, *, #1386, .F. ) ;
#2931 = DIRECTION ( 'NONE',  ( -1.000000000000000000, 1.020425574104002027E-15, -0.000000000000000000 ) ) ;
#2932 = CARTESIAN_POINT ( 'NONE',  ( 17.91666666666666430, -21.56666666666666288, -1.199999999999999956 ) ) ;
#2933 = B_SPLINE_CURVE_WITH_KNOTS ( 'NONE', 3,
 ( #4179, #3824, #626, #3478, #3125, #4557, #2776, #1142, #2186, #784, #130, #1512, #3303, #3258, #2253, #1490, #4610, #3674, #2979, #3176, #1756, #1907, #2541, #3655, #476, #3327, #2834 ),
 .UNSPECIFIED., .F., .F.,
 ( 4, 1, 1, 2, 2, 1, 1, 1, 1, 1, 2, 2, 1, 1, 1, 1, 2, 2, 4 ),
 ( 0.000000000000000000, 0.1249999999999983624, 0.1406249999999979183, 0.1425781249999979738, 0.1445312499999980294, 0.1484374999999976963, 0.1562499999999980016, 0.1874999999999993616, 0.2187500000000007494, 0.2343750000000014155, 0.2421875000000013878, 0.2500000000000013323, 0.3749999999999957256, 0.4374999999999925615, 0.4687499999999910072, 0.4843749999999906741, 0.4921874999999908962, 0.4999999999999911182, 1.000000000000000000 ),
 .UNSPECIFIED. ) ;
#2934 = ORIENTED_EDGE ( 'NONE', *, *, #3031, .F. ) ;
#2935 = ADVANCED_FACE ( 'NONE', ( #623 ), #1058, .T. ) ;
#2936 = CARTESIAN_POINT ( 'NONE',  ( 13.21999999999999709, 21.56666666666665932, -1.800000000000000044 ) ) ;
#2937 = LINE ( 'NONE', #1195, #1320 ) ;
#2938 = LINE ( 'NONE', #1545, #4489 ) ;
#2939 = DIRECTION ( 'NONE',  ( 0.000000000000000000, 0.000000000000000000, 1.000000000000000000 ) ) ;
#2940 = VERTEX_POINT ( 'NONE', #2475 ) ;
#2941 = EDGE_CURVE ( 'NONE', #1213, #3794, #2797, .T. ) ;
#2942 = DIRECTION ( 'NONE',  ( 0.000000000000000000, 0.000000000000000000, -1.000000000000000000 ) ) ;
#2943 = ADVANCED_FACE ( 'NONE', ( #1082 ), #2420, .F. ) ;
#2944 = CARTESIAN_POINT ( 'NONE',  ( 13.21999999999999886, -20.19999999999999574, -16.05000000000000426 ) ) ;
#2945 = AXIS2_PLACEMENT_3D ( 'NONE', #542, #3351, #1562 ) ;
#2946 = CARTESIAN_POINT ( 'NONE',  ( -6.920000000000001705, -20.17136942010047918, -2.653254538953418340 ) ) ;
#2947 = AXIS2_PLACEMENT_3D ( 'NONE', #2044, #4635, #949 ) ;
#2948 = EDGE_CURVE ( 'NONE', #2819, #3440, #3848, .T. ) ;
#2949 = CARTESIAN_POINT ( 'NONE',  ( 4.600000000000006750, 10.96445338013734094, -4.549999999999998934 ) ) ;
#2950 = VECTOR ( 'NONE', #2496, 1000.000000000000000 ) ;
#2951 = CARTESIAN_POINT ( 'NONE',  ( -4.609999999999997655, -20.20000000000000284, -4.200000000000000178 ) ) ;
#2952 = EDGE_CURVE ( 'NONE', #3910, #4333, #2077, .T. ) ;
#2953 = AXIS2_PLACEMENT_3D ( 'NONE', #4213, #3491, #638 ) ;
#2954 = LINE ( 'NONE', #4381, #3475 ) ;
#2955 = LINE ( 'NONE', #4338, #1138 ) ;
#2956 = ORIENTED_EDGE ( 'NONE', *, *, #482, .F. ) ;
#2957 = VECTOR ( 'NONE', #3482, 1000.000000000000000 ) ;
#2958 = CARTESIAN_POINT ( 'NONE',  ( 2.854303231614408798, -20.50833333333332575, -18.30000000000000426 ) ) ;
#2959 = DIRECTION ( 'NONE',  ( 0.000000000000000000, -0.000000000000000000, 1.000000000000000000 ) ) ;
#2960 = VECTOR ( 'NONE', #4278, 1000.000000000000000 ) ;
#2961 = AXIS2_PLACEMENT_3D ( 'NONE', #2985, #3617, #4413 ) ;
#2962 = EDGE_LOOP ( 'NONE', ( #1832, #735, #1503, #2633 ) ) ;
#2963 = LINE ( 'NONE', #1498, #874 ) ;
#2964 = DIRECTION ( 'NONE',  ( -1.000000000000000000, 0.000000000000000000, 0.000000000000000000 ) ) ;
#2965 = VECTOR ( 'NONE', #1962, 1000.000000000000000 ) ;
#2966 = LINE ( 'NONE', #1217, #1282 ) ;
#2967 = DIRECTION ( 'NONE',  ( -1.000000000000000000, 0.000000000000000000, -0.000000000000000000 ) ) ;
#2968 = VERTEX_POINT ( 'NONE', #1677 ) ;
#2969 = CARTESIAN_POINT ( 'NONE',  ( -17.91666666666666430, 20.56666666666665577, -6.049999999999992717 ) ) ;
#2970 = ORIENTED_EDGE ( 'NONE', *, *, #1353, .T. ) ;
#2971 = LINE ( 'NONE', #119, #1171 ) ;
#2972 = CARTESIAN_POINT ( 'NONE',  ( -21.06666666666665577, -18.41666666666666430, -1.800000000000000044 ) ) ;
#2973 = ADVANCED_FACE ( 'NONE', ( #702 ), #3547, .T. ) ;
#2974 = DIRECTION ( 'NONE',  ( 4.081702296416016490E-16, 1.000000000000000000, 0.000000000000000000 ) ) ;
#2975 = CARTESIAN_POINT ( 'NONE',  ( -21.06666666666665932, 2.400000000000003020, 0.000000000000000000 ) ) ;
#2976 = CARTESIAN_POINT ( 'NONE',  ( 2.250000000000000000, 14.16955234963668886, 0.000000000000000000 ) ) ;
#2977 = DIRECTION ( 'NONE',  ( -0.000000000000000000, -0.000000000000000000, 1.000000000000000000 ) ) ;
#2978 = EDGE_CURVE ( 'NONE', #2217, #3043, #4004, .T. ) ;
#2979 = CARTESIAN_POINT ( 'NONE',  ( -4.719999999999999751, 20.16243789385027441, -7.296127641027062793 ) ) ;
#2980 = ORIENTED_EDGE ( 'NONE', *, *, #380, .T. ) ;
#2981 = CARTESIAN_POINT ( 'NONE',  ( -17.91666666666665719, -20.56666666666666288, -6.049999999999992717 ) ) ;
#2982 = CARTESIAN_POINT ( 'NONE',  ( 25.03170824512627490, 20.19999999999999574, -16.05000000000000426 ) ) ;
#2983 = ORIENTED_EDGE ( 'NONE', *, *, #1633, .T. ) ;
#2984 = CARTESIAN_POINT ( 'NONE',  ( 2.900000000000003908, 20.56666666666665222, -4.549999999999998934 ) ) ;
#2985 = CARTESIAN_POINT ( 'NONE',  ( 17.91666666666666430, -18.41666666666666075, -1.199999999999999956 ) ) ;
#2986 = CARTESIAN_POINT ( 'NONE',  ( -13.64499999999999780, 20.19999999999999574, -9.049999999999995381 ) ) ;
#2987 = CARTESIAN_POINT ( 'NONE',  ( 6.920000000000001705, -20.10201340157418315, -6.469586866141211701 ) ) ;
#2988 = VERTEX_POINT ( 'NONE', #4340 ) ;
#2989 = LINE ( 'NONE', #1899, #4225 ) ;
#2990 = VECTOR ( 'NONE', #4118, 1000.000000000000114 ) ;
#2991 = FACE_OUTER_BOUND ( 'NONE', #3954, .T. ) ;
#2992 = UNCERTAINTY_MEASURE_WITH_UNIT (LENGTH_MEASURE( 1.000000000000000082E-05 ), #1913, 'distance_accuracy_value', 'NONE');
#2993 = LINE ( 'NONE', #187, #2216 ) ;
#2994 = DIRECTION ( 'NONE',  ( -0.000000000000000000, -0.000000000000000000, 1.000000000000000000 ) ) ;
#2995 = DIRECTION ( 'NONE',  ( 3.154042683594196600E-16, 0.000000000000000000, -1.000000000000000000 ) ) ;
#2996 = EDGE_CURVE ( 'NONE', #3453, #442, #2873, .T. ) ;
#2997 = DIRECTION ( 'NONE',  ( 0.000000000000000000, 0.1397268238372009475, -0.9901900901848935677 ) ) ;
#2998 = CARTESIAN_POINT ( 'NONE',  ( 13.21999999999999886, -20.19999999999999574, -9.050000000000009592 ) ) ;
#2999 = FACE_OUTER_BOUND ( 'NONE', #3168, .T. ) ;
#3000 = EDGE_CURVE ( 'NONE', #2568, #3386, #2149, .T. ) ;
#3001 = CARTESIAN_POINT ( 'NONE',  ( 4.719999999999998863, 20.19999999999999929, -1.199999999999999956 ) ) ;
#3002 = EDGE_CURVE ( 'NONE', #1500, #4173, #397, .T. ) ;
#3003 = ORIENTED_EDGE ( 'NONE', *, *, #4482, .F. ) ;
#3004 = LINE ( 'NONE', #2916, #4071 ) ;
#3005 = ADVANCED_FACE ( 'NONE', ( #1104 ), #2605, .T. ) ;
#3006 = CARTESIAN_POINT ( 'NONE',  ( 4.719999999999998863, 20.56666666666665222, 0.002000000000000048614 ) ) ;
#3007 = CARTESIAN_POINT ( 'NONE',  ( 6.919999999999998153, -20.09666961761370629, -6.422926392209213020 ) ) ;
#3008 = ORIENTED_EDGE ( 'NONE', *, *, #4350, .T. ) ;
#3009 = DIRECTION ( 'NONE',  ( -0.000000000000000000, -0.000000000000000000, 1.000000000000000000 ) ) ;
#3010 = ORIENTED_EDGE ( 'NONE', *, *, #914, .F. ) ;
#3011 = ORIENTED_EDGE ( 'NONE', *, *, #4350, .F. ) ;
#3012 = DIRECTION ( 'NONE',  ( 0.000000000000000000, -1.000000000000000000, -0.000000000000000000 ) ) ;
#3013 = DIRECTION ( 'NONE',  ( 0.000000000000000000, 1.000000000000000000, -0.000000000000000000 ) ) ;
#3014 = PLANE ( 'NONE',  #2524 ) ;
#3015 = LINE ( 'NONE', #3718, #4443 ) ;
#3016 = ORIENTED_EDGE ( 'NONE', *, *, #872, .F. ) ;
#3017 = CARTESIAN_POINT ( 'NONE',  ( 4.719999999999999751, -20.19999999999999929, -3.659509185996784097 ) ) ;
#3018 = AXIS2_PLACEMENT_3D ( 'NONE', #2755, #4502, #3825 ) ;
#3019 = LINE ( 'NONE', #3349, #2990 ) ;
#3020 = AXIS2_PLACEMENT_3D ( 'NONE', #1211, #3048, #2694 ) ;
#3021 = PLANE ( 'NONE',  #1766 ) ;
#3022 = AXIS2_PLACEMENT_3D ( 'NONE', #77, #2925, #3573 ) ;
#3023 = PRESENTATION_STYLE_ASSIGNMENT (( #3639 ) ) ;
#3024 = VECTOR ( 'NONE', #947, 1000.000000000000000 ) ;
#3025 = VECTOR ( 'NONE', #3154, 1000.000000000000000 ) ;
#3026 = EDGE_CURVE ( 'NONE', #3525, #1059, #38, .T. ) ;
#3027 = FACE_OUTER_BOUND ( 'NONE', #3710, .T. ) ;
#3028 = VECTOR ( 'NONE', #2749, 1000.000000000000000 ) ;
#3029 = VECTOR ( 'NONE', #1544, 1000.000000000000000 ) ;
#3030 = DIRECTION ( 'NONE',  ( 0.000000000000000000, -1.000000000000000000, -0.000000000000000000 ) ) ;
#3031 = EDGE_CURVE ( 'NONE', #2566, #3955, #2560, .T. ) ;
#3032 = CARTESIAN_POINT ( 'NONE',  ( -15.41666666666665719, -18.06666666666666288, -1.199999999999999956 ) ) ;
#3033 = ORIENTED_EDGE ( 'NONE', *, *, #1380, .T. ) ;
#3034 = EDGE_CURVE ( 'NONE', #758, #1788, #3938, .T. ) ;
#3035 = CARTESIAN_POINT ( 'NONE',  ( -20.06666666666665577, -4.495000000000006324, -1.800000000000000044 ) ) ;
#3036 = ORIENTED_EDGE ( 'NONE', *, *, #3590, .T. ) ;
#3037 = ORIENTED_EDGE ( 'NONE', *, *, #3026, .T. ) ;
#3038 = DIRECTION ( 'NONE',  ( 1.000000000000000000, 0.000000000000000000, 0.000000000000000000 ) ) ;
#3039 = CARTESIAN_POINT ( 'NONE',  ( -15.82124819948378303, 17.06179331365875385, -0.5000000000000004441 ) ) ;
#3040 = CARTESIAN_POINT ( 'NONE',  ( -2.899999999999999911, 14.00000000000000000, -1.199999999999999956 ) ) ;
#3041 = VECTOR ( 'NONE', #3159, 1000.000000000000000 ) ;
#3042 = DIRECTION ( 'NONE',  ( -1.000000000000000000, 0.000000000000000000, 0.000000000000000000 ) ) ;
#3043 = VERTEX_POINT ( 'NONE', #3281 ) ;
#3044 = VERTEX_POINT ( 'NONE', #727 ) ;
#3045 = FACE_OUTER_BOUND ( 'NONE', #3081, .T. ) ;
#3046 = CARTESIAN_POINT ( 'NONE',  ( 13.22000000000000064, -20.19999999999999574, -8.779670781528412959 ) ) ;
#3047 = DIRECTION ( 'NONE',  ( 0.000000000000000000, 0.000000000000000000, 1.000000000000000000 ) ) ;
#3048 = DIRECTION ( 'NONE',  ( 0.000000000000000000, -1.000000000000000000, 0.000000000000000000 ) ) ;
#3049 = CARTESIAN_POINT ( 'NONE',  ( 17.91666666666666430, -18.41666666666666075, 0.000000000000000000 ) ) ;
#3050 = ADVANCED_FACE ( 'NONE', ( #3595 ), #4011, .F. ) ;
#3051 = DIRECTION ( 'NONE',  ( 0.000000000000000000, 0.000000000000000000, 1.000000000000000000 ) ) ;
#3052 = CARTESIAN_POINT ( 'NONE',  ( -12.29430323161440164, -20.50833333333332575, -18.30000000000000426 ) ) ;
#3053 = LINE ( 'NONE', #3684, #1536 ) ;
#3054 = ORIENTED_EDGE ( 'NONE', *, *, #2914, .T. ) ;
#3055 = FACE_OUTER_BOUND ( 'NONE', #4604, .T. ) ;
#3056 = ORIENTED_EDGE ( 'NONE', *, *, #1972, .T. ) ;
#3057 = EDGE_CURVE ( 'NONE', #4015, #4593, #2543, .T. ) ;
#3058 = CARTESIAN_POINT ( 'NONE',  ( 6.919999999999999929, -20.19999999999999929, 0.002000000000000048614 ) ) ;
#3059 = FACE_OUTER_BOUND ( 'NONE', #3648, .T. ) ;
#3060 = DIRECTION ( 'NONE',  ( -0.000000000000000000, -0.000000000000000000, 1.000000000000000000 ) ) ;
#3061 = VERTEX_POINT ( 'NONE', #62 ) ;
#3062 = ADVANCED_BREP_SHAPE_REPRESENTATION ( 'Top Cover', ( #3412, #4640 ), #1564 ) ;
#3063 = CARTESIAN_POINT ( 'NONE',  ( -4.719999999999997975, -20.16719462526290485, -2.545378473254682028 ) ) ;
#3064 = ORIENTED_EDGE ( 'NONE', *, *, #1154, .F. ) ;
#3065 = EDGE_LOOP ( 'NONE', ( #3077, #3629, #3806, #1793, #2736, #4106 ) ) ;
#3066 = VECTOR ( 'NONE', #1190, 1000.000000000000000 ) ;
#3067 = EDGE_CURVE ( 'NONE', #1377, #512, #3305, .T. ) ;
#3068 = CARTESIAN_POINT ( 'NONE',  ( 13.22000000000000064, 20.17207755206232989, -2.671042373960561545 ) ) ;
#3069 = CARTESIAN_POINT ( 'NONE',  ( 13.21999999999999709, -20.13311625438416641, -6.810991131935002052 ) ) ;
#3070 = CARTESIAN_POINT ( 'NONE',  ( -11.46169484682894257, 16.56179331365875385, -0.5000000000000004441 ) ) ;
#3071 = ORIENTED_EDGE ( 'NONE', *, *, #1704, .F. ) ;
#3072 = DIRECTION ( 'NONE',  ( -0.000000000000000000, -0.000000000000000000, 1.000000000000000000 ) ) ;
#3073 = ORIENTED_EDGE ( 'NONE', *, *, #2812, .T. ) ;
#3074 = CARTESIAN_POINT ( 'NONE',  ( 2.840710077089037888, -7.146170579460782157, 0.000000000000000000 ) ) ;
#3075 = LINE ( 'NONE', #2754, #4481 ) ;
#3076 = LINE ( 'NONE', #1305, #3843 ) ;
#3077 = ORIENTED_EDGE ( 'NONE', *, *, #2371, .F. ) ;
#3078 = EDGE_CURVE ( 'NONE', #2099, #3514, #1168, .T. ) ;
#3079 = CARTESIAN_POINT ( 'NONE',  ( -15.32124819948378303, 8.211793313658755977, 0.000000000000000000 ) ) ;
#3080 = DIRECTION ( 'NONE',  ( -1.636055208175143726E-15, -1.000000000000000000, 0.000000000000000000 ) ) ;
#3081 = EDGE_LOOP ( 'NONE', ( #1864, #3499, #454, #4156, #3819, #1428 ) ) ;
#3082 = CARTESIAN_POINT ( 'NONE',  ( -17.91666666666666430, 21.56666666666665932, -1.800000000000000044 ) ) ;
#3083 = ORIENTED_EDGE ( 'NONE', *, *, #3120, .T. ) ;
#3084 = ADVANCED_FACE ( 'NONE', ( #3220 ), #769, .T. ) ;
#3085 = ORIENTED_EDGE ( 'NONE', *, *, #1525, .T. ) ;
#3086 = CARTESIAN_POINT ( 'NONE',  ( -4.719999999999998863, -20.19999999999999929, -4.200000000000000178 ) ) ;
#3087 = ORIENTED_EDGE ( 'NONE', *, *, #4238, .T. ) ;
#3088 = DIRECTION ( 'NONE',  ( 0.000000000000000000, 0.000000000000000000, 1.000000000000000000 ) ) ;
#3089 = LINE ( 'NONE', #1996, #3596 ) ;
#3090 = EDGE_CURVE ( 'NONE', #989, #987, #4295, .T. ) ;
#3091 = CARTESIAN_POINT ( 'NONE',  ( 6.604999999999997762, -20.00000000000000000, -6.049999999999995381 ) ) ;
#3092 = ORIENTED_EDGE ( 'NONE', *, *, #3497, .F. ) ;
#3093 = DIRECTION ( 'NONE',  ( 0.000000000000000000, 0.000000000000000000, -1.000000000000000000 ) ) ;
#3094 = AXIS2_PLACEMENT_3D ( 'NONE', #2128, #2913, #1738 ) ;
#3095 = CIRCLE ( 'NONE', #483, 2.150000000000000799 ) ;
#3096 = ORIENTED_EDGE ( 'NONE', *, *, #1468, .F. ) ;
#3097 = CARTESIAN_POINT ( 'NONE',  ( -15.25002883514971863, -2.400000000000009237, -2.199999999999999289 ) ) ;
#3098 = CARTESIAN_POINT ( 'NONE',  ( -4.719999999999997087, 18.06666666666665932, -1.199999999999999956 ) ) ;
#3099 = VECTOR ( 'NONE', #2557, 1000.000000000000000 ) ;
#3100 = VECTOR ( 'NONE', #942, 1000.000000000000000 ) ;
#3101 = CARTESIAN_POINT ( 'NONE',  ( -4.719999999999998863, 20.19999999999999929, -9.049999999999995381 ) ) ;
#3102 = CARTESIAN_POINT ( 'NONE',  ( -6.920000000000002593, -20.17310723678405537, -7.547425145945825697 ) ) ;
#3103 = ORIENTED_EDGE ( 'NONE', *, *, #269, .F. ) ;
#3104 = AXIS2_PLACEMENT_3D ( 'NONE', #3427, #4455, #224 ) ;
#3105 = CARTESIAN_POINT ( 'NONE',  ( 21.06666666666666288, -18.41666666666666075, -1.199999999999999956 ) ) ;
#3106 = CARTESIAN_POINT ( 'NONE',  ( -8.843997974534151041, -0.1256880636728811562, -0.05000000000000000278 ) ) ;
#3107 = VERTEX_POINT ( 'NONE', #4359 ) ;
#3108 = DIRECTION ( 'NONE',  ( 1.000000000000000000, 0.000000000000000000, 0.000000000000000000 ) ) ;
#3109 = ORIENTED_EDGE ( 'NONE', *, *, #1425, .F. ) ;
#3110 = EDGE_LOOP ( 'NONE', ( #3423, #4492, #622, #3994, #3759, #714, #3782, #3991, #1994, #2709 ) ) ;
#3111 = LINE ( 'NONE', #1048, #643 ) ;
#3112 = ORIENTED_EDGE ( 'NONE', *, *, #3002, .F. ) ;
#3113 = AXIS2_PLACEMENT_3D ( 'NONE', #4270, #1076, #719 ) ;
#3114 = ORIENTED_EDGE ( 'NONE', *, *, #432, .F. ) ;
#3115 = ADVANCED_FACE ( 'NONE', ( #456 ), #4321, .F. ) ;
#3116 = CARTESIAN_POINT ( 'NONE',  ( 13.21999999999999886, 20.13942194730197244, -2.042743297701608007 ) ) ;
#3117 = DIRECTION ( 'NONE',  ( -1.000000000000000000, 0.000000000000000000, 0.000000000000000000 ) ) ;
#3118 = CARTESIAN_POINT ( 'NONE',  ( 6.604999999999999538, -20.19999999999999929, -6.049999999999995381 ) ) ;
#3119 = VERTEX_POINT ( 'NONE', #82 ) ;
#3120 = EDGE_CURVE ( 'NONE', #1371, #379, #748, .T. ) ;
#3121 = DIRECTION ( 'NONE',  ( 1.000000000000000000, 9.011550524554841969E-17, 0.000000000000000000 ) ) ;
#3122 = ORIENTED_EDGE ( 'NONE', *, *, #2751, .T. ) ;
#3123 = CARTESIAN_POINT ( 'NONE',  ( 4.719999999999997975, -20.66874999999999574, -17.17500000000000426 ) ) ;
#3124 = CARTESIAN_POINT ( 'NONE',  ( -22.00000000000000000, 2.400000000000010125, -2.199999999999999289 ) ) ;
#3125 = CARTESIAN_POINT ( 'NONE',  ( -4.719999999999998863, 20.10051716226535135, -6.456406644123969585 ) ) ;
#3126 = CARTESIAN_POINT ( 'NONE',  ( 6.920000000000000817, -20.19999999999999929, -9.049999999999995381 ) ) ;
#3127 = VERTEX_POINT ( 'NONE', #4385 ) ;
#3128 = PLANE ( 'NONE',  #3773 ) ;
#3129 = LINE ( 'NONE', #2932, #721 ) ;
#3130 = CARTESIAN_POINT ( 'NONE',  ( -2.477412760348212561, -3.351423184354708873, 0.000000000000000000 ) ) ;
#3131 = ORIENTED_EDGE ( 'NONE', *, *, #482, .T. ) ;
#3132 = DIRECTION ( 'NONE',  ( 1.000000000000000000, -0.000000000000000000, -0.000000000000000000 ) ) ;
#3133 = ORIENTED_EDGE ( 'NONE', *, *, #4409, .T. ) ;
#3134 = ORIENTED_EDGE ( 'NONE', *, *, #464, .T. ) ;
#3135 = CARTESIAN_POINT ( 'NONE',  ( -27.28015151297764973, 2.400000000000009237, 0.000000000000000000 ) ) ;
#3136 = ORIENTED_EDGE ( 'NONE', *, *, #1977, .T. ) ;
#3137 = EDGE_LOOP ( 'NONE', ( #2689, #3618, #3109, #4522, #3178, #68, #822, #1691, #1132, #3011, #692, #636, #916 ) ) ;
#3138 = DIRECTION ( 'NONE',  ( 0.000000000000000000, 0.000000000000000000, -1.000000000000000000 ) ) ;
#3139 = DIRECTION ( 'NONE',  ( 0.000000000000000000, 0.000000000000000000, 1.000000000000000000 ) ) ;
#3140 =( BOUNDED_SURFACE ( )  B_SPLINE_SURFACE ( 2, 3, ( 
 ( #2744, #4573, #3544, #3091 ),
 ( #1055, #2826, #619, #3118 ),
 ( #3896, #4521, #1026, #697 ) ),
 .UNSPECIFIED., .F., .F., .T. ) 
 B_SPLINE_SURFACE_WITH_KNOTS ( ( 3, 3 ),
 ( 4, 4 ),
 ( 0.000000000000000000, 1.000000000000000000 ),
 ( 0.003090000000000001600, 0.01002000000000000113 ),
 .UNSPECIFIED. ) 
 GEOMETRIC_REPRESENTATION_ITEM ( )  RATIONAL_B_SPLINE_SURFACE ( (
 ( 1.000000000000000000, 1.000000000000000000, 1.000000000000000000, 1.000000000000000000),
 ( 0.7071067811865475727, 0.7071067811865475727, 0.7071067811865475727, 0.7071067811865475727),
 ( 1.000000000000000000, 1.000000000000000000, 1.000000000000000000, 1.000000000000000000) ) ) 
 REPRESENTATION_ITEM ( '' )  SURFACE ( )  );
#3141 = ADVANCED_FACE ( 'NONE', ( #3658 ), #1887, .T. ) ;
#3142 = CARTESIAN_POINT ( 'NONE',  ( -4.719999999999998863, -21.56666666666665932, -27.40916823960234794 ) ) ;
#3143 = ORIENTED_EDGE ( 'NONE', *, *, #4174, .T. ) ;
#3144 = PLANE ( 'NONE',  #4138 ) ;
#3145 = ORIENTED_EDGE ( 'NONE', *, *, #1917, .T. ) ;
#3146 = EDGE_CURVE ( 'NONE', #1462, #3269, #1602, .T. ) ;
#3147 = CARTESIAN_POINT ( 'NONE',  ( -17.91666666666666430, 18.41666666666665719, -6.049999999999992717 ) ) ;
#3148 = FACE_OUTER_BOUND ( 'NONE', #1641, .T. ) ;
#3149 = ADVANCED_FACE ( 'NONE', ( #571 ), #3021, .F. ) ;
#3150 = CARTESIAN_POINT ( 'NONE',  ( -15.32124819948378303, 8.211793313658755977, 0.000000000000000000 ) ) ;
#3151 = CARTESIAN_POINT ( 'NONE',  ( -6.920000000000002593, -20.17388345774840985, -7.567716808320393618 ) ) ;
#3152 = VERTEX_POINT ( 'NONE', #838 ) ;
#3153 = ADVANCED_FACE ( 'NONE', ( #2999 ), #4451, .F. ) ;
#3154 = DIRECTION ( 'NONE',  ( -0.5943910610838107900, 0.8041761414663217700, -0.000000000000000000 ) ) ;
#3155 = EDGE_CURVE ( 'NONE', #4173, #2221, #3331, .T. ) ;
#3156 = CARTESIAN_POINT ( 'NONE',  ( 4.943248910074703240, -2.065781894320754208, -0.05000000000000000278 ) ) ;
#3157 = CARTESIAN_POINT ( 'NONE',  ( -22.00000000000000000, -2.400000000000009681, -2.199999999999999289 ) ) ;
#3158 = ORIENTED_EDGE ( 'NONE', *, *, #2122, .T. ) ;
#3159 = DIRECTION ( 'NONE',  ( 1.000000000000000000, 9.682177540335668679E-17, 0.000000000000000000 ) ) ;
#3160 = EDGE_LOOP ( 'NONE', ( #170, #868, #2112, #2555 ) ) ;
#3161 = ORIENTED_EDGE ( 'NONE', *, *, #1757, .T. ) ;
#3162 = CARTESIAN_POINT ( 'NONE',  ( 4.943248910074703240, -2.065781894320754208, -0.05000000000000000278 ) ) ;
#3163 = EDGE_LOOP ( 'NONE', ( #292, #2040, #3877, #4361, #4203 ) ) ;
#3164 = ORIENTED_EDGE ( 'NONE', *, *, #94, .T. ) ;
#3165 = LINE ( 'NONE', #4631, #724 ) ;
#3166 = DIRECTION ( 'NONE',  ( -1.000000000000000000, 0.000000000000000000, 0.000000000000000000 ) ) ;
#3167 = CARTESIAN_POINT ( 'NONE',  ( -21.06666666666665932, -18.41666666666666430, 0.000000000000000000 ) ) ;
#3168 = EDGE_LOOP ( 'NONE', ( #220, #1942, #1421, #1087 ) ) ;
#3169 = DIRECTION ( 'NONE',  ( 8.180276040875718629E-16, 1.000000000000000000, 0.000000000000000000 ) ) ;
#3170 = ORIENTED_EDGE ( 'NONE', *, *, #1764, .T. ) ;
#3171 = CARTESIAN_POINT ( 'NONE',  ( -2.899999999999999911, 20.56666666666665222, -1.199999999999999956 ) ) ;
#3172 = DIRECTION ( 'NONE',  ( -0.4235566057475237400, -0.9058696383738868985, 0.000000000000000000 ) ) ;
#3173 = VECTOR ( 'NONE', #1971, 1000.000000000000000 ) ;
#3174 = EDGE_CURVE ( 'NONE', #3284, #2566, #75, .T. ) ;
#3175 = VECTOR ( 'NONE', #2390, 1000.000000000000000 ) ;
#3176 = CARTESIAN_POINT ( 'NONE',  ( -4.719999999999997975, 20.16775842883301806, -7.415620339616609158 ) ) ;
#3177 = CARTESIAN_POINT ( 'NONE',  ( 6.919999999999999929, -20.00000000000000000, -1.199999999999999956 ) ) ;
#3178 = ORIENTED_EDGE ( 'NONE', *, *, #2255, .F. ) ;
#3179 = VECTOR ( 'NONE', #1433, 1000.000000000000000 ) ;
#3180 = DIRECTION ( 'NONE',  ( -1.936435508067133736E-16, -1.000000000000000000, 0.000000000000000000 ) ) ;
#3181 = VECTOR ( 'NONE', #17, 1000.000000000000000 ) ;
#3182 = FACE_OUTER_BOUND ( 'NONE', #4464, .T. ) ;
#3183 = EDGE_CURVE ( 'NONE', #2486, #4428, #1276, .T. ) ;
#3184 = CARTESIAN_POINT ( 'NONE',  ( 0.08549891007465955373, 10.18971810567936664, -0.05000000000000000278 ) ) ;
#3185 = AXIS2_PLACEMENT_3D ( 'NONE', #3805, #2056, #3483 ) ;
#3186 = VERTEX_POINT ( 'NONE', #1952 ) ;
#3187 = B_SPLINE_CURVE_WITH_KNOTS ( 'NONE', 3,
 ( #683, #1735, #581, #656, #1004, #627, #1659, #3151, #1681, #3102, #2006, #1335, #959, #2029, #2051, #3452, #983, #282, #2778, #3507, #3802, #1711, #2835, #1382, #4202, #4558, #3531, #1758 ),
 .UNSPECIFIED., .F., .F.,
 ( 4, 1, 1, 1, 1, 1, 2, 2, 1, 1, 1, 1, 2, 2, 1, 2, 2, 1, 1, 4 ),
 ( 0.000000000000000000, 0.2500000000000044409, 0.3750000000000066613, 0.4375000000000077161, 0.4687500000000077716, 0.4843750000000072720, 0.4921875000000069944, 0.5000000000000067724, 0.6250000000000116573, 0.6875000000000140998, 0.7187500000000148770, 0.7343750000000149880, 0.7421875000000150990, 0.7500000000000152101, 0.8125000000000140998, 0.8437500000000131006, 0.8515625000000126565, 0.8593750000000122125, 0.8750000000000111022, 1.000000000000000000 ),
 .UNSPECIFIED. ) ;
#3188 = CARTESIAN_POINT ( 'NONE',  ( 0.08549891007465955373, 10.18971810567936664, -0.05000000000000000278 ) ) ;
#3189 = AXIS2_PLACEMENT_3D ( 'NONE', #1615, #828, #140 ) ;
#3190 = ORIENTED_EDGE ( 'NONE', *, *, #1554, .F. ) ;
#3191 = VERTEX_POINT ( 'NONE', #3767 ) ;
#3192 = DIRECTION ( 'NONE',  ( 0.000000000000000000, 0.000000000000000000, -1.000000000000000000 ) ) ;
#3193 = EDGE_LOOP ( 'NONE', ( #574, #3037, #158, #3675, #459, #4552 ) ) ;
#3194 = VERTEX_POINT ( 'NONE', #1628 ) ;
#3195 = CARTESIAN_POINT ( 'NONE',  ( -13.22000000000000419, 20.06371770714295266, -6.162638590050094400 ) ) ;
#3196 = DIRECTION ( 'NONE',  ( 1.802310104910968640E-16, -1.000000000000000000, -0.000000000000000000 ) ) ;
#3197 = CARTESIAN_POINT ( 'NONE',  ( 2.900000000000000799, 20.56666666666664867, -1.199999999999999956 ) ) ;
#3198 = LINE ( 'NONE', #2146, #3099 ) ;
#3199 = CARTESIAN_POINT ( 'NONE',  ( -21.06666666666665932, 18.41666666666665719, 0.000000000000000000 ) ) ;
#3200 = DIRECTION ( 'NONE',  ( 1.000000000000000000, -0.000000000000000000, -0.000000000000000000 ) ) ;
#3201 = LINE ( 'NONE', #706, #2134 ) ;
#3202 = VERTEX_POINT ( 'NONE', #3422 ) ;
#3203 = EDGE_CURVE ( 'NONE', #3955, #1299, #169, .T. ) ;
#3204 = DIRECTION ( 'NONE',  ( 1.000000000000000000, -0.000000000000000000, 0.000000000000000000 ) ) ;
#3205 = CYLINDRICAL_SURFACE ( 'NONE', #2504, 1.060308641975302280 ) ;
#3206 = PLANE ( 'NONE',  #1030 ) ;
#3207 = ORIENTED_EDGE ( 'NONE', *, *, #1704, .T. ) ;
#3208 = CARTESIAN_POINT ( 'NONE',  ( 7.553333333333330124, 20.19999999999999929, -4.200000000000000178 ) ) ;
#3209 = ORIENTED_EDGE ( 'NONE', *, *, #1185, .F. ) ;
#3210 = EDGE_CURVE ( 'NONE', #2463, #289, #131, .T. ) ;
#3211 = FACE_OUTER_BOUND ( 'NONE', #899, .T. ) ;
#3212 = ORIENTED_EDGE ( 'NONE', *, *, #1785, .T. ) ;
#3213 = ORIENTED_EDGE ( 'NONE', *, *, #4549, .T. ) ;
#3214 = EDGE_CURVE ( 'NONE', #2819, #800, #1609, .T. ) ;
#3215 = CARTESIAN_POINT ( 'NONE',  ( -13.21999999999999886, 20.13171815875898574, -6.792456542485389548 ) ) ;
#3216 = FACE_OUTER_BOUND ( 'NONE', #2229, .T. ) ;
#3217 = EDGE_CURVE ( 'NONE', #1822, #3431, #4052, .T. ) ;
#3218 = DIRECTION ( 'NONE',  ( -0.000000000000000000, -0.000000000000000000, 1.000000000000000000 ) ) ;
#3219 = DIRECTION ( 'NONE',  ( 0.000000000000000000, 0.000000000000000000, 1.000000000000000000 ) ) ;
#3220 = FACE_OUTER_BOUND ( 'NONE', #738, .T. ) ;
#3221 = ORIENTED_EDGE ( 'NONE', *, *, #4111, .F. ) ;
#3222 = DIRECTION ( 'NONE',  ( -1.000000000000000000, -4.017423520094500180E-16, 0.000000000000000000 ) ) ;
#3223 = CARTESIAN_POINT ( 'NONE',  ( -20.06666666666665577, -4.495000000000002771, -41.50206437473708831 ) ) ;
#3224 = ORIENTED_EDGE ( 'NONE', *, *, #327, .T. ) ;
#3225 = EDGE_CURVE ( 'NONE', #4593, #3646, #219, .T. ) ;
#3226 = DIRECTION ( 'NONE',  ( 1.000000000000000000, 0.000000000000000000, 0.000000000000000000 ) ) ;
#3227 = ORIENTED_EDGE ( 'NONE', *, *, #253, .T. ) ;
#3228 = CARTESIAN_POINT ( 'NONE',  ( -2.249999999999998668, 14.16955234963668886, 0.000000000000000000 ) ) ;
#3229 = ORIENTED_EDGE ( 'NONE', *, *, #2473, .T. ) ;
#3230 = ORIENTED_EDGE ( 'NONE', *, *, #2306, .T. ) ;
#3231 = CARTESIAN_POINT ( 'NONE',  ( 8.699915402087103899, -9.061992185944493627, -0.05000000000000000278 ) ) ;
#3232 = EDGE_CURVE ( 'NONE', #2187, #3873, #1652, .T. ) ;
#3233 = CARTESIAN_POINT ( 'NONE',  ( -22.00000000000000000, 2.400000000000010125, 0.000000000000000000 ) ) ;
#3234 = PLANE ( 'NONE',  #2055 ) ;
#3235 = DIRECTION ( 'NONE',  ( 0.000000000000000000, -0.000000000000000000, 1.000000000000000000 ) ) ;
#3236 = EDGE_CURVE ( 'NONE', #2370, #2076, #3701, .T. ) ;
#3237 = ORIENTED_EDGE ( 'NONE', *, *, #2473, .F. ) ;
#3238 = ADVANCED_FACE ( 'NONE', ( #477 ), #499, .F. ) ;
#3239 = CARTESIAN_POINT ( 'NONE',  ( -3.147159328546667467, 20.50833333333331510, -17.23969135802470021 ) ) ;
#3240 = EDGE_LOOP ( 'NONE', ( #2677, #1881, #2494, #508 ) ) ;
#3241 = DIRECTION ( 'NONE',  ( -4.017423520094500180E-16, 1.000000000000000000, 0.000000000000000000 ) ) ;
#3242 = VECTOR ( 'NONE', #4170, 1000.000000000000000 ) ;
#3243 = FACE_OUTER_BOUND ( 'NONE', #3503, .T. ) ;
#3244 = VERTEX_POINT ( 'NONE', #2981 ) ;
#3245 = DIRECTION ( 'NONE',  ( 1.000000000000000000, 0.000000000000000000, 0.000000000000000000 ) ) ;
#3246 = VECTOR ( 'NONE', #1494, 1000.000000000000000 ) ;
#3247 = ORIENTED_EDGE ( 'NONE', *, *, #752, .T. ) ;
#3248 = AXIS2_PLACEMENT_3D ( 'NONE', #3540, #1090, #1426 ) ;
#3249 = CARTESIAN_POINT ( 'NONE',  ( 15.41666666666665719, -18.06666666666666288, -6.049999999999992717 ) ) ;
#3250 = VECTOR ( 'NONE', #492, 1000.000000000000000 ) ;
#3251 = CARTESIAN_POINT ( 'NONE',  ( -13.21999999999999709, 20.14503449320047679, -6.981167547519276262 ) ) ;
#3252 = AXIS2_PLACEMENT_3D ( 'NONE', #2656, #2594, #1925 ) ;
#3253 = DIRECTION ( 'NONE',  ( -0.8004974433689011626, -0.5993361687399259008, 0.000000000000000000 ) ) ;
#3254 = CARTESIAN_POINT ( 'NONE',  ( 6.919999999999999929, -20.00000000000000000, -1.199999999999999956 ) ) ;
#3255 = VECTOR ( 'NONE', #185, 1000.000000000000000 ) ;
#3256 = ADVANCED_FACE ( 'NONE', ( #4408 ), #4076, .F. ) ;
#3257 = CARTESIAN_POINT ( 'NONE',  ( -12.21524347361992646, 12.28820668634124580, -10.78483074862842273 ) ) ;
#3258 = CARTESIAN_POINT ( 'NONE',  ( -4.719999999999998863, 20.12834852173288169, -6.749196007461942592 ) ) ;
#3259 = VECTOR ( 'NONE', #1430, 1000.000000000000000 ) ;
#3260 = EDGE_LOOP ( 'NONE', ( #1341, #756, #4621, #4212, #3145, #893 ) ) ;
#3261 = DIRECTION ( 'NONE',  ( -1.000000000000000000, 9.682177540335671144E-17, 0.000000000000000000 ) ) ;
#3262 = EDGE_CURVE ( 'NONE', #4242, #2988, #2693, .T. ) ;
#3263 = VECTOR ( 'NONE', #2760, 1000.000000000000000 ) ;
#3264 = EDGE_LOOP ( 'NONE', ( #3738, #4110, #3859, #1250 ) ) ;
#3265 = DIRECTION ( 'NONE',  ( 0.000000000000000000, 0.000000000000000000, 1.000000000000000000 ) ) ;
#3266 = CARTESIAN_POINT ( 'NONE',  ( 0.000000000000000000, 18.06666666666666288, 0.000000000000000000 ) ) ;
#3267 = DIRECTION ( 'NONE',  ( 0.000000000000000000, -0.000000000000000000, 1.000000000000000000 ) ) ;
#3268 = CARTESIAN_POINT ( 'NONE',  ( 13.21999999999999886, 20.19999999999999574, -4.200000000000000178 ) ) ;
#3269 = VERTEX_POINT ( 'NONE', #4561 ) ;
#3270 = DIRECTION ( 'NONE',  ( 1.000000000000000000, 2.492120401259631284E-16, 0.000000000000000000 ) ) ;
#3271 = ORIENTED_EDGE ( 'NONE', *, *, #2777, .T. ) ;
#3272 = DIRECTION ( 'NONE',  ( 0.000000000000000000, 0.000000000000000000, -1.000000000000000000 ) ) ;
#3273 = DIRECTION ( 'NONE',  ( -0.000000000000000000, -0.000000000000000000, 1.000000000000000000 ) ) ;
#3274 = DIRECTION ( 'NONE',  ( 0.000000000000000000, -1.000000000000000000, 0.000000000000000000 ) ) ;
#3275 = ORIENTED_EDGE ( 'NONE', *, *, #4292, .F. ) ;
#3276 = LINE ( 'NONE', #1162, #569 ) ;
#3277 = LINE ( 'NONE', #1820, #557 ) ;
#3278 = LINE ( 'NONE', #1559, #3731 ) ;
#3279 = ORIENTED_EDGE ( 'NONE', *, *, #2125, .T. ) ;
#3280 = ADVANCED_FACE ( 'NONE', ( #3857 ), #3205, .T. ) ;
#3281 = CARTESIAN_POINT ( 'NONE',  ( -20.06666666666666288, 18.41666666666665719, -6.049999999999992717 ) ) ;
#3282 = CARTESIAN_POINT ( 'NONE',  ( 19.37500000000000355, 12.25000000000000533, -1.199999999999999956 ) ) ;
#3283 = EDGE_CURVE ( 'NONE', #78, #4029, #1516, .T. ) ;
#3284 = VERTEX_POINT ( 'NONE', #709 ) ;
#3285 = ADVANCED_FACE ( 'NONE', ( #3182 ), #1418, .T. ) ;
#3286 = AXIS2_PLACEMENT_3D ( 'NONE', #435, #331, #3983 ) ;
#3287 = FACE_OUTER_BOUND ( 'NONE', #1013, .T. ) ;
#3288 = CARTESIAN_POINT ( 'NONE',  ( -4.719999999999998863, -20.19999999999999929, -4.200000000000000178 ) ) ;
#3289 = ORIENTED_EDGE ( 'NONE', *, *, #4031, .T. ) ;
#3290 = EDGE_CURVE ( 'NONE', #2057, #2403, #3883, .T. ) ;
#3291 = B_SPLINE_CURVE_WITH_KNOTS ( 'NONE', 3,
 ( #3941, #763, #831, #3977, #76, #407, #2573, #2924, #1527, #1553, #2163, #808, #1833, #3591, #448, #1879, #2513, #744, #392, #1859, #2181, #2946, #1817, #1186, #1464, #2887, #2199 ),
 .UNSPECIFIED., .F., .F.,
 ( 4, 1, 1, 2, 2, 1, 1, 1, 1, 1, 2, 2, 1, 1, 1, 1, 2, 2, 4 ),
 ( 0.000000000000000000, 0.1249999999999996669, 0.1406249999999997224, 0.1425781249999997502, 0.1445312499999997780, 0.1484374999999996114, 0.1562499999999995004, 0.1874999999999995559, 0.2187499999999996114, 0.2343749999999996392, 0.2421874999999995837, 0.2499999999999995004, 0.3749999999999975575, 0.4374999999999968359, 0.4687499999999962808, 0.4843749999999958922, 0.4921874999999958922, 0.4999999999999959477, 1.000000000000000000 ),
 .UNSPECIFIED. ) ;
#3292 = FACE_OUTER_BOUND ( 'NONE', #276, .T. ) ;
#3293 = ORIENTED_EDGE ( 'NONE', *, *, #522, .T. ) ;
#3294 = ORIENTED_EDGE ( 'NONE', *, *, #39, .T. ) ;
#3295 = CARTESIAN_POINT ( 'NONE',  ( 6.186666666666666536, -20.19999999999999929, -4.200000000000000178 ) ) ;
#3296 = PLANE ( 'NONE',  #1471 ) ;
#3297 = CARTESIAN_POINT ( 'NONE',  ( -17.91666666666666430, 20.56666666666665577, -1.800000000000000044 ) ) ;
#3298 = AXIS2_PLACEMENT_3D ( 'NONE', #1853, #3267, #906 ) ;
#3299 = CARTESIAN_POINT ( 'NONE',  ( 13.21999999999999886, -19.99999999999999645, -6.049999999999994493 ) ) ;
#3300 = ORIENTED_EDGE ( 'NONE', *, *, #3822, .T. ) ;
#3301 = FACE_OUTER_BOUND ( 'NONE', #1565, .T. ) ;
#3302 = CARTESIAN_POINT ( 'NONE',  ( 4.719999999999997975, -20.11414987847894409, -1.734827785918950482 ) ) ;
#3303 = CARTESIAN_POINT ( 'NONE',  ( -4.719999999999997975, 20.12627745244969546, -6.723313178872528439 ) ) ;
#3304 = ORIENTED_EDGE ( 'NONE', *, *, #1361, .F. ) ;
#3305 = LINE ( 'NONE', #2235, #2715 ) ;
#3306 = CARTESIAN_POINT ( 'NONE',  ( -4.232501089925345461, 10.18971810567936487, 0.000000000000000000 ) ) ;
#3307 = ORIENTED_EDGE ( 'NONE', *, *, #1185, .T. ) ;
#3308 = DIRECTION ( 'NONE',  ( -1.000000000000000000, 1.269309860470838865E-15, 0.000000000000000000 ) ) ;
#3309 = EDGE_CURVE ( 'NONE', #2034, #1069, #285, .T. ) ;
#3310 = CARTESIAN_POINT ( 'NONE',  ( 16.62500000000000000, -16.62500000000000000, -6.049999999999994493 ) ) ;
#3311 = CARTESIAN_POINT ( 'NONE',  ( 13.21999999999999886, -20.66874999999999574, -17.17500000000000426 ) ) ;
#3312 = DIRECTION ( 'NONE',  ( 0.000000000000000000, 0.000000000000000000, -1.000000000000000000 ) ) ;
#3313 = ORIENTED_EDGE ( 'NONE', *, *, #897, .F. ) ;
#3314 = CARTESIAN_POINT ( 'NONE',  ( -4.879342922605667709, -0.1256880636728806566, -0.05000000000000000278 ) ) ;
#3315 = ORIENTED_EDGE ( 'NONE', *, *, #2545, .F. ) ;
#3316 = EDGE_CURVE ( 'NONE', #442, #78, #305, .T. ) ;
#3317 = CARTESIAN_POINT ( 'NONE',  ( 2.840710077089037888, -7.146170579460782157, -0.05000000000000000278 ) ) ;
#3318 = AXIS2_PLACEMENT_3D ( 'NONE', #882, #4475, #1209 ) ;
#3319 = CARTESIAN_POINT ( 'NONE',  ( 13.22000000000002551, 20.50833333333332575, -18.30000000000000426 ) ) ;
#3320 = CARTESIAN_POINT ( 'NONE',  ( 8.142252025465888110, -9.487972156611116148, -0.05000000000000000278 ) ) ;
#3321 = AXIS2_PLACEMENT_3D ( 'NONE', #830, #1222, #1247 ) ;
#3322 = CARTESIAN_POINT ( 'NONE',  ( -17.91666666666666430, 20.56666666666665577, -1.199999999999999956 ) ) ;
#3323 = AXIS2_PLACEMENT_3D ( 'NONE', #994, #3838, #3088 ) ;
#3324 = CARTESIAN_POINT ( 'NONE',  ( 17.91666666666666430, 18.41666666666666430, -1.199999999999999956 ) ) ;
#3325 = VECTOR ( 'NONE', #1904, 1000.000000000000000 ) ;
#3326 = CARTESIAN_POINT ( 'NONE',  ( 4.719999999999999751, -20.17030480774296564, -2.626782287711629138 ) ) ;
#3327 = CARTESIAN_POINT ( 'NONE',  ( -4.719999999999999751, 20.20000000000000639, -8.509509185996948943 ) ) ;
#3328 = ORIENTED_EDGE ( 'NONE', *, *, #2608, .F. ) ;
#3329 = VECTOR ( 'NONE', #2697, 1000.000000000000114 ) ;
#3330 = AXIS2_PLACEMENT_3D ( 'NONE', #1456, #1387, #4259 ) ;
#3331 = LINE ( 'NONE', #2341, #4363 ) ;
#3332 = FACE_OUTER_BOUND ( 'NONE', #4181, .T. ) ;
#3333 = AXIS2_PLACEMENT_3D ( 'NONE', #2477, #4579, #3901 ) ;
#3334 = VERTEX_POINT ( 'NONE', #1714 ) ;
#3335 = CARTESIAN_POINT ( 'NONE',  ( 4.719999999999997975, 20.13311625438417352, -1.960991131934988640 ) ) ;
#3336 = CARTESIAN_POINT ( 'NONE',  ( -6.920000000000001705, -18.06666666666666288, -1.199999999999999956 ) ) ;
#3337 = CARTESIAN_POINT ( 'NONE',  ( -7.411666666666664405, 20.20000000000000284, -6.049999999999995381 ) ) ;
#3338 = CARTESIAN_POINT ( 'NONE',  ( 6.919999999999999041, -20.13056421420422026, -6.777440005114907962 ) ) ;
#3339 = EDGE_LOOP ( 'NONE', ( #4383, #2706, #1743, #648, #3492, #3170 ) ) ;
#3340 = EDGE_CURVE ( 'NONE', #582, #1472, #3129, .T. ) ;
#3341 = CYLINDRICAL_SURFACE ( 'NONE', #4609, 3.150000000000001688 ) ;
#3342 = CARTESIAN_POINT ( 'NONE',  ( 6.919999999999999929, -18.06666666666666288, -41.50206437473708831 ) ) ;
#3343 = CARTESIAN_POINT ( 'NONE',  ( 2.900000000000005240, 10.96445338013734094, -4.549999999999998934 ) ) ;
#3344 = LINE ( 'NONE', #2662, #1787 ) ;
#3345 = ADVANCED_FACE ( 'NONE', ( #2482 ), #1867, .F. ) ;
#3346 = DIRECTION ( 'NONE',  ( -1.000000000000000000, -1.156482317317874486E-15, 0.000000000000000000 ) ) ;
#3347 = EDGE_CURVE ( 'NONE', #927, #2773, #2808, .T. ) ;
#3348 = CARTESIAN_POINT ( 'NONE',  ( 4.719999999999998863, -20.12834852173289235, -1.899196007462003344 ) ) ;
#3349 = CARTESIAN_POINT ( 'NONE',  ( -14.88475652638006785, 11.71179331365875420, -0.5000000000000004441 ) ) ;
#3350 = EDGE_CURVE ( 'NONE', #2088, #3334, #3986, .T. ) ;
#3351 = DIRECTION ( 'NONE',  ( 0.000000000000000000, -1.000000000000000000, 0.000000000000000000 ) ) ;
#3352 = CARTESIAN_POINT ( 'NONE',  ( 0.08549891007465955373, 10.18971810567936664, -0.05000000000000000278 ) ) ;
#3353 = ORIENTED_EDGE ( 'NONE', *, *, #85, .F. ) ;
#3354 = CARTESIAN_POINT ( 'NONE',  ( -13.21999999999999886, -20.19999999999999574, 0.002000000000000048614 ) ) ;
#3355 = LINE ( 'NONE', #462, #3029 ) ;
#3356 = DIRECTION ( 'NONE',  ( -0.000000000000000000, -0.000000000000000000, 1.000000000000000000 ) ) ;
#3357 = CARTESIAN_POINT ( 'NONE',  ( 6.919999999999999929, -20.12972218026942883, -6.766598685423421244 ) ) ;
#3358 = EDGE_LOOP ( 'NONE', ( #4591, #283, #3103, #1339, #4131, #4077, #214, #620, #2520 ) ) ;
#3359 = CARTESIAN_POINT ( 'NONE',  ( 17.91666666666666430, 18.41666666666666430, -1.800000000000000044 ) ) ;
#3360 = VERTEX_POINT ( 'NONE', #4240 ) ;
#3361 = ORIENTED_EDGE ( 'NONE', *, *, #2777, .F. ) ;
#3362 = VECTOR ( 'NONE', #375, 1000.000000000000000 ) ;
#3363 = DIRECTION ( 'NONE',  ( -0.9058696383738870095, 0.4235566057475237400, 0.000000000000000000 ) ) ;
#3364 = LINE ( 'NONE', #4090, #2200 ) ;
#3365 = CARTESIAN_POINT ( 'NONE',  ( -4.719999999999998863, 21.56666666666665932, -1.800000000000000044 ) ) ;
#3366 = CARTESIAN_POINT ( 'NONE',  ( -22.00000000000000000, -2.400000000000009681, -5.044246979040290158E-32 ) ) ;
#3367 = ADVANCED_FACE ( 'NONE', ( #4618 ), #1170, .T. ) ;
#3368 = CARTESIAN_POINT ( 'NONE',  ( 4.719999999999999751, -20.16775842883302161, -2.565620339616593526 ) ) ;
#3369 = CARTESIAN_POINT ( 'NONE',  ( 13.21999999999999709, -21.56666666666665932, -27.40916823960234794 ) ) ;
#3370 = CARTESIAN_POINT ( 'NONE',  ( -6.920000000000001705, -20.00000000000000000, -6.049999999999992717 ) ) ;
#3371 = ORIENTED_EDGE ( 'NONE', *, *, #2872, .T. ) ;
#3372 = EDGE_CURVE ( 'NONE', #1888, #640, #3510, .T. ) ;
#3373 = CARTESIAN_POINT ( 'NONE',  ( 6.223333333333330053, -20.19999999999999929, -1.199999999999999734 ) ) ;
#3374 = CARTESIAN_POINT ( 'NONE',  ( -13.22000000000000419, -19.79095546287930318, -18.02047519957776345 ) ) ;
#3375 =( NAMED_UNIT ( * ) PLANE_ANGLE_UNIT ( ) SI_UNIT ( $, .RADIAN. ) );
#3376 = CARTESIAN_POINT ( 'NONE',  ( 13.21999999999999886, 20.19999999999999574, -4.200000000000000178 ) ) ;
#3377 = CARTESIAN_POINT ( 'NONE',  ( 6.920000000000000817, -20.12137088710707999, -6.664468230633464607 ) ) ;
#3378 = VERTEX_POINT ( 'NONE', #363 ) ;
#3379 = CARTESIAN_POINT ( 'NONE',  ( 21.06666666666666288, 18.41666666666666430, -1.199999999999999956 ) ) ;
#3380 = VERTEX_POINT ( 'NONE', #1041 ) ;
#3381 = ORIENTED_EDGE ( 'NONE', *, *, #3372, .T. ) ;
#3382 = LINE ( 'NONE', #3434, #3255 ) ;
#3383 = CARTESIAN_POINT ( 'NONE',  ( 2.900000000000003020, 22.50000000000001066, -2.849999999999997424 ) ) ;
#3384 = CARTESIAN_POINT ( 'NONE',  ( -8.843997974534151041, -0.1256880636728811562, -0.05000000000000000278 ) ) ;
#3385 = CARTESIAN_POINT ( 'NONE',  ( -10.38666666666666316, 20.00000000000000000, -6.049999999999994493 ) ) ;
#3386 = VERTEX_POINT ( 'NONE', #4013 ) ;
#3387 = ORIENTED_EDGE ( 'NONE', *, *, #1554, .T. ) ;
#3388 = VECTOR ( 'NONE', #325, 1000.000000000000000 ) ;
#3389 = CARTESIAN_POINT ( 'NONE',  ( -15.41666666666665719, -15.91666666666666252, -41.50206437473708831 ) ) ;
#3390 = VECTOR ( 'NONE', #307, 1000.000000000000000 ) ;
#3391 = CARTESIAN_POINT ( 'NONE',  ( 13.21999999999999709, -20.10411853758553491, -6.488430067521384181 ) ) ;
#3392 = AXIS2_PLACEMENT_3D ( 'NONE', #2140, #2866, #1463 ) ;
#3393 = EDGE_CURVE ( 'NONE', #1120, #3971, #1385, .T. ) ;
#3394 = CARTESIAN_POINT ( 'NONE',  ( -4.719999999999998863, -20.19999999999999929, -1.199999999999999956 ) ) ;
#3395 = ORIENTED_EDGE ( 'NONE', *, *, #2343, .F. ) ;
#3396 = VECTOR ( 'NONE', #693, 1000.000000000000000 ) ;
#3397 = CARTESIAN_POINT ( 'NONE',  ( -21.06666666666665932, -2.400000000000009681, -1.800000000000000044 ) ) ;
#3398 = AXIS2_PLACEMENT_3D ( 'NONE', #556, #1960, #3080 ) ;
#3399 = B_SPLINE_CURVE_WITH_KNOTS ( 'NONE', 3,
 ( #3268, #2567, #3208, #1131 ),
 .UNSPECIFIED., .F., .F.,
 ( 4, 4 ),
 ( 0.000000000000000000, 1.000000000000000000 ),
 .UNSPECIFIED. ) ;
#3400 = VECTOR ( 'NONE', #1823, 1000.000000000000000 ) ;
#3401 = EDGE_CURVE ( 'NONE', #4133, #3472, #3906, .T. ) ;
#3402 = FACE_BOUND ( 'NONE', #3137, .T. ) ;
#3403 = VECTOR ( 'NONE', #710, 1000.000000000000000 ) ;
#3404 = AXIS2_PLACEMENT_3D ( 'NONE', #1980, #1569, #4459 ) ;
#3405 = LINE ( 'NONE', #549, #3446 ) ;
#3406 = CARTESIAN_POINT ( 'NONE',  ( -15.82124819948378303, 17.06179331365875385, -1.199999999999999956 ) ) ;
#3407 = AXIS2_PLACEMENT_3D ( 'NONE', #1748, #2043, #3117 ) ;
#3408 = ORIENTED_EDGE ( 'NONE', *, *, #3590, .F. ) ;
#3409 = LINE ( 'NONE', #4157, #1319 ) ;
#3410 = ORIENTED_EDGE ( 'NONE', *, *, #3638, .T. ) ;
#3411 = AXIS2_PLACEMENT_3D ( 'NONE', #876, #1946, #2619 ) ;
#3412 = MANIFOLD_SOLID_BREP ( 'Printed Logo', #1145 ) ;
#3413 = FACE_OUTER_BOUND ( 'NONE', #2347, .T. ) ;
#3414 = FACE_OUTER_BOUND ( 'NONE', #703, .T. ) ;
#3415 = LINE ( 'NONE', #4109, #1414 ) ;
#3416 = EDGE_LOOP ( 'NONE', ( #666, #1593, #24, #1290 ) ) ;
#3417 = AXIS2_PLACEMENT_3D ( 'NONE', #2485, #4540, #4243 ) ;
#3418 = CARTESIAN_POINT ( 'NONE',  ( -4.719999999999997975, -20.17471338242343748, -2.739651846945017066 ) ) ;
#3419 = ORIENTED_EDGE ( 'NONE', *, *, #294, .T. ) ;
#3420 = CARTESIAN_POINT ( 'NONE',  ( 13.21999999999999709, 20.19092508697730892, -3.155805175443620492 ) ) ;
#3421 = CARTESIAN_POINT ( 'NONE',  ( 13.22000000000000064, -20.17332481513340170, -7.553086493488717856 ) ) ;
#3422 = CARTESIAN_POINT ( 'NONE',  ( -13.38475652638007318, 11.71179331365875420, 0.000000000000000000 ) ) ;
#3423 = ORIENTED_EDGE ( 'NONE', *, *, #2601, .F. ) ;
#3424 = CYLINDRICAL_SURFACE ( 'NONE', #2132, 1.060308641975302280 ) ;
#3425 = ADVANCED_FACE ( 'NONE', ( #3332 ), #401, .T. ) ;
#3426 = ORIENTED_EDGE ( 'NONE', *, *, #231, .T. ) ;
#3427 = CARTESIAN_POINT ( 'NONE',  ( 4.943248910074702351, 3.617468105679394696, -0.05000000000000000278 ) ) ;
#3428 = EDGE_CURVE ( 'NONE', #2562, #4430, #172, .T. ) ;
#3429 = PLANE ( 'NONE',  #4035 ) ;
#3430 = PLANE ( 'NONE',  #3018 ) ;
#3431 = VERTEX_POINT ( 'NONE', #4452 ) ;
#3432 = DIRECTION ( 'NONE',  ( 1.000000000000000000, 0.000000000000000000, 0.000000000000000000 ) ) ;
#3433 = EDGE_CURVE ( 'NONE', #2091, #3863, #133, .T. ) ;
#3434 = CARTESIAN_POINT ( 'NONE',  ( 19.37500000000000355, 17.25000000000000355, -2.949999999999994404 ) ) ;
#3435 = VERTEX_POINT ( 'NONE', #1257 ) ;
#3436 = CARTESIAN_POINT ( 'NONE',  ( 9.019999999999997797, -20.19999999999999929, -9.049999999999995381 ) ) ;
#3437 = EDGE_CURVE ( 'NONE', #4162, #1213, #1278, .T. ) ;
#3438 = ORIENTED_EDGE ( 'NONE', *, *, #2898, .F. ) ;
#3439 = CARTESIAN_POINT ( 'NONE',  ( 13.21999999999999886, -20.19999999999999574, 0.002000000000000048614 ) ) ;
#3440 = VERTEX_POINT ( 'NONE', #3745 ) ;
#3441 = ORIENTED_EDGE ( 'NONE', *, *, #3965, .T. ) ;
#3442 = CARTESIAN_POINT ( 'NONE',  ( -13.21999999999999709, -20.56666666666666288, -6.049999999999992717 ) ) ;
#3443 = CARTESIAN_POINT ( 'NONE',  ( 13.21999999999999709, -20.18020809021116690, -7.744817727912356453 ) ) ;
#3444 = CARTESIAN_POINT ( 'NONE',  ( 5.453333333333333144, -19.99999999999999645, -1.199999999999999956 ) ) ;
#3445 = ORIENTED_EDGE ( 'NONE', *, *, #837, .T. ) ;
#3446 = VECTOR ( 'NONE', #4039, 1000.000000000000000 ) ;
#3447 = CARTESIAN_POINT ( 'NONE',  ( -15.82124819948378303, 17.06179331365875385, -0.5000000000000004441 ) ) ;
#3448 = ORIENTED_EDGE ( 'NONE', *, *, #4344, .F. ) ;
#3449 = CARTESIAN_POINT ( 'NONE',  ( -17.91666666666666430, 18.41666666666665719, -41.50206437473708831 ) ) ;
#3450 = LINE ( 'NONE', #1974, #3329 ) ;
#3451 = CARTESIAN_POINT ( 'NONE',  ( -13.21999999999999709, -20.10317326858651299, -6.479929317290745061 ) ) ;
#3452 = CARTESIAN_POINT ( 'NONE',  ( -6.920000000000001705, -20.13311625438416996, -6.810991131935000276 ) ) ;
#3453 = VERTEX_POINT ( 'NONE', #544 ) ;
#3454 = EDGE_CURVE ( 'NONE', #4266, #1403, #199, .T. ) ;
#3455 = DIRECTION ( 'NONE',  ( -1.802310104910968147E-16, 1.000000000000000000, 0.000000000000000000 ) ) ;
#3456 = CARTESIAN_POINT ( 'NONE',  ( 8.142252025465888110, -9.487972156611116148, -0.05000000000000000278 ) ) ;
#3457 = ORIENTED_EDGE ( 'NONE', *, *, #2320, .F. ) ;
#3458 = CARTESIAN_POINT ( 'NONE',  ( -12.29430323161440164, -20.50833333333332575, -18.30000000000000426 ) ) ;
#3459 = VERTEX_POINT ( 'NONE', #3397 ) ;
#3460 = ORIENTED_EDGE ( 'NONE', *, *, #3146, .T. ) ;
#3461 = ADVANCED_FACE ( 'NONE', ( #1630 ), #3702, .F. ) ;
#3462 = CARTESIAN_POINT ( 'NONE',  ( -4.719999999999998863, -20.13465509702638201, -1.981632498646815010 ) ) ;
#3463 = EDGE_LOOP ( 'NONE', ( #4226, #1191, #2980, #4484 ) ) ;
#3464 = ORIENTED_EDGE ( 'NONE', *, *, #458, .F. ) ;
#3465 = CARTESIAN_POINT ( 'NONE',  ( 13.22000000000000597, 20.12627745244969901, -1.873313178872618501 ) ) ;
#3466 = CARTESIAN_POINT ( 'NONE',  ( -6.920000000000001705, -20.00000000000000355, -1.199999999999999956 ) ) ;
#3467 = PLANE ( 'NONE',  #2947 ) ;
#3468 = EDGE_LOOP ( 'NONE', ( #3008, #4189, #1953, #4386 ) ) ;
#3469 = CARTESIAN_POINT ( 'NONE',  ( 13.21999999999999886, -20.56666666666666288, -1.800000000000000044 ) ) ;
#3470 = AXIS2_PLACEMENT_3D ( 'NONE', #3534, #2586, #4258 ) ;
#3471 = VECTOR ( 'NONE', #2883, 1000.000000000000000 ) ;
#3472 = VERTEX_POINT ( 'NONE', #4122 ) ;
#3473 = DIRECTION ( 'NONE',  ( 1.269309860470839063E-15, -1.000000000000000000, 0.000000000000000000 ) ) ;
#3474 = DIRECTION ( 'NONE',  ( -0.6032951845587708473, 0.7975179748997501816, 0.000000000000000000 ) ) ;
#3475 = VECTOR ( 'NONE', #4494, 1000.000000000000000 ) ;
#3476 = CIRCLE ( 'NONE', #2516, 1.700000000000001066 ) ;
#3477 = SHAPE_DEFINITION_REPRESENTATION ( #2668, #3062 ) ;
#3478 = CARTESIAN_POINT ( 'NONE',  ( -4.719999999999997087, 20.09666961761372050, -6.422926392209217461 ) ) ;
#3479 = FACE_OUTER_BOUND ( 'NONE', #524, .T. ) ;
#3480 = ORIENTED_EDGE ( 'NONE', *, *, #2393, .F. ) ;
#3481 = VECTOR ( 'NONE', #1192, 1000.000000000000000 ) ;
#3482 = DIRECTION ( 'NONE',  ( -1.000000000000000000, 0.000000000000000000, 0.000000000000000000 ) ) ;
#3483 = DIRECTION ( 'NONE',  ( 0.000000000000000000, 0.000000000000000000, 1.000000000000000000 ) ) ;
#3484 = VECTOR ( 'NONE', #3613, 1000.000000000000000 ) ;
#3485 = ORIENTED_EDGE ( 'NONE', *, *, #1601, .T. ) ;
#3486 = VECTOR ( 'NONE', #3823, 1000.000000000000000 ) ;
#3487 = EDGE_CURVE ( 'NONE', #4010, #1069, #3659, .T. ) ;
#3488 = LINE ( 'NONE', #2382, #2896 ) ;
#3489 = VERTEX_POINT ( 'NONE', #457 ) ;
#3490 = VERTEX_POINT ( 'NONE', #3306 ) ;
#3491 = DIRECTION ( 'NONE',  ( -1.156482317317874486E-15, 1.000000000000000000, 0.000000000000000000 ) ) ;
#3492 = ORIENTED_EDGE ( 'NONE', *, *, #1842, .F. ) ;
#3493 = EDGE_LOOP ( 'NONE', ( #252, #4123, #4150, #2847 ) ) ;
#3494 = CARTESIAN_POINT ( 'NONE',  ( 13.21999999999999886, 20.15088571523329009, -2.218467034249882897 ) ) ;
#3495 = ADVANCED_FACE ( 'NONE', ( #4053 ), #104, .T. ) ;
#3496 = DIRECTION ( 'NONE',  ( 0.000000000000000000, -1.000000000000000000, 0.000000000000000000 ) ) ;
#3497 = EDGE_CURVE ( 'NONE', #944, #2081, #501, .T. ) ;
#3498 = CARTESIAN_POINT ( 'NONE',  ( 20.06666666666665577, 12.25000000000000355, -41.50206437473708831 ) ) ;
#3499 = ORIENTED_EDGE ( 'NONE', *, *, #4525, .F. ) ;
#3500 = DIRECTION ( 'NONE',  ( -1.000000000000000000, 1.269309860470839063E-15, 0.000000000000000000 ) ) ;
#3501 = EDGE_CURVE ( 'NONE', #678, #1771, #1584, .T. ) ;
#3502 = EDGE_CURVE ( 'NONE', #3043, #970, #4196, .T. ) ;
#3503 = EDGE_LOOP ( 'NONE', ( #4137, #3092, #2156, #3271 ) ) ;
#3504 = CARTESIAN_POINT ( 'NONE',  ( 0.000000000000000000, 18.06666666666666288, -0.05000000000000000278 ) ) ;
#3505 = DIRECTION ( 'NONE',  ( -0.000000000000000000, -0.000000000000000000, 1.000000000000000000 ) ) ;
#3506 = CARTESIAN_POINT ( 'NONE',  ( -5.758948872912925232, 9.866548189055240670, -0.05000000000000000278 ) ) ;
#3507 = CARTESIAN_POINT ( 'NONE',  ( -6.920000000000001705, -20.11723391269380912, -6.615303106550417311 ) ) ;
#3508 = ORIENTED_EDGE ( 'NONE', *, *, #4320, .F. ) ;
#3509 = CARTESIAN_POINT ( 'NONE',  ( -21.06666666666665932, -2.400000000000016787, 0.000000000000000000 ) ) ;
#3510 = LINE ( 'NONE', #3156, #1909 ) ;
#3511 = CARTESIAN_POINT ( 'NONE',  ( 0.000000000000000000, 18.06666666666666288, -0.05000000000000000278 ) ) ;
#3512 = VERTEX_POINT ( 'NONE', #2020 ) ;
#3513 = FACE_OUTER_BOUND ( 'NONE', #2727, .T. ) ;
#3514 = VERTEX_POINT ( 'NONE', #3524 ) ;
#3515 = EDGE_LOOP ( 'NONE', ( #4165, #3071, #1742, #2827, #3760, #90 ) ) ;
#3516 = CARTESIAN_POINT ( 'NONE',  ( -4.719999999999997975, 20.00000000000000355, -6.049999999999992717 ) ) ;
#3517 = ORIENTED_EDGE ( 'NONE', *, *, #4104, .T. ) ;
#3518 = ORIENTED_EDGE ( 'NONE', *, *, #2169, .T. ) ;
#3519 = CARTESIAN_POINT ( 'NONE',  ( 13.21999999999999886, 20.10143214538320677, -1.614443289110542246 ) ) ;
#3520 = LINE ( 'NONE', #2492, #1035 ) ;
#3521 = DIRECTION ( 'NONE',  ( -0.000000000000000000, -0.000000000000000000, 1.000000000000000000 ) ) ;
#3522 = EDGE_LOOP ( 'NONE', ( #2175, #2194, #804, #3861 ) ) ;
#3523 = EDGE_CURVE ( 'NONE', #2593, #2921, #861, .T. ) ;
#3524 = CARTESIAN_POINT ( 'NONE',  ( 13.21999999999999886, 20.56666666666665577, -1.199999999999999956 ) ) ;
#3525 = VERTEX_POINT ( 'NONE', #274 ) ;
#3526 = CARTESIAN_POINT ( 'NONE',  ( 8.843997974534145712, -9.487972156611116148, -0.05000000000000000278 ) ) ;
#3527 = LINE ( 'NONE', #1755, #3570 ) ;
#3528 = ADVANCED_FACE ( 'NONE', ( #3771 ), #3144, .T. ) ;
#3529 = CARTESIAN_POINT ( 'NONE',  ( -15.82124819948378303, 17.06179331365875385, -1.199999999999999956 ) ) ;
#3530 = AXIS2_PLACEMENT_3D ( 'NONE', #1130, #2547, #3969 ) ;
#3531 = CARTESIAN_POINT ( 'NONE',  ( -6.920000000000002593, -20.03096976058487400, -6.049999999999993605 ) ) ;
#3532 = VERTEX_POINT ( 'NONE', #3447 ) ;
#3533 = PLANE ( 'NONE',  #1473 ) ;
#3534 = CARTESIAN_POINT ( 'NONE',  ( -17.91666666666666430, 18.41666666666665719, -1.800000000000000044 ) ) ;
#3535 = DIRECTION ( 'NONE',  ( -0.5943910610838107900, 0.8041761414663217700, 0.000000000000000000 ) ) ;
#3536 = ORIENTED_EDGE ( 'NONE', *, *, #2035, .T. ) ;
#3537 = DIRECTION ( 'NONE',  ( 1.000000000000000000, -0.000000000000000000, -0.000000000000000000 ) ) ;
#3538 = ORIENTED_EDGE ( 'NONE', *, *, #322, .F. ) ;
#3539 = VERTEX_POINT ( 'NONE', #2447 ) ;
#3540 = CARTESIAN_POINT ( 'NONE',  ( -17.91666666666665719, -18.41666666666666430, 0.000000000000000000 ) ) ;
#3541 = ORIENTED_EDGE ( 'NONE', *, *, #3031, .T. ) ;
#3542 = CARTESIAN_POINT ( 'NONE',  ( 7.411666666666665293, 20.19999999999999929, -4.200000000000000178 ) ) ;
#3543 = LINE ( 'NONE', #995, #4620 ) ;
#3544 = CARTESIAN_POINT ( 'NONE',  ( 8.914999999999999147, -20.00000000000000000, -6.049999999999995381 ) ) ;
#3545 = DIRECTION ( 'NONE',  ( -0.000000000000000000, -0.000000000000000000, 1.000000000000000000 ) ) ;
#3546 = ADVANCED_FACE ( 'NONE', ( #245 ), #2000, .F. ) ;
#3547 = PLANE ( 'NONE',  #878 ) ;
#3548 = VERTEX_POINT ( 'NONE', #3795 ) ;
#3549 = CYLINDRICAL_SURFACE ( 'NONE', #799, 3.149999999999999911 ) ;
#3550 = VECTOR ( 'NONE', #2105, 1000.000000000000000 ) ;
#3551 = AXIS2_PLACEMENT_3D ( 'NONE', #2222, #2902, #1152 ) ;
#3552 = EDGE_CURVE ( 'NONE', #1809, #3512, #2717, .T. ) ;
#3553 = LINE ( 'NONE', #1061, #1230 ) ;
#3554 = ORIENTED_EDGE ( 'NONE', *, *, #235, .F. ) ;
#3555 = VECTOR ( 'NONE', #4293, 1000.000000000000000 ) ;
#3556 = EDGE_CURVE ( 'NONE', #4472, #4493, #3818, .T. ) ;
#3557 = CARTESIAN_POINT ( 'NONE',  ( 7.553333333333330124, 20.00000000000000000, -1.199999999999999956 ) ) ;
#3558 = VECTOR ( 'NONE', #2201, 1000.000000000000000 ) ;
#3559 = DIRECTION ( 'NONE',  ( -0.000000000000000000, -0.000000000000000000, 1.000000000000000000 ) ) ;
#3560 = CARTESIAN_POINT ( 'NONE',  ( -13.21999999999999709, -21.56666666666665932, -1.800000000000000044 ) ) ;
#3561 = ORIENTED_EDGE ( 'NONE', *, *, #1869, .T. ) ;
#3562 = EDGE_CURVE ( 'NONE', #3194, #2593, #1327, .T. ) ;
#3563 = CARTESIAN_POINT ( 'NONE',  ( 17.56666666666665932, 12.25000000000000533, -1.199999999999999956 ) ) ;
#3564 = VECTOR ( 'NONE', #381, 1000.000000000000000 ) ;
#3565 = ORIENTED_EDGE ( 'NONE', *, *, #3580, .T. ) ;
#3566 = ORIENTED_EDGE ( 'NONE', *, *, #3262, .T. ) ;
#3567 = CARTESIAN_POINT ( 'NONE',  ( -4.719999999999998863, -20.09580205591374735, -1.565313981253206643 ) ) ;
#3568 = VERTEX_POINT ( 'NONE', #3469 ) ;
#3569 = ORIENTED_EDGE ( 'NONE', *, *, #3078, .F. ) ;
#3570 = VECTOR ( 'NONE', #1510, 1000.000000000000000 ) ;
#3571 = LINE ( 'NONE', #374, #113 ) ;
#3572 = DIRECTION ( 'NONE',  ( -1.000000000000000000, 0.000000000000000000, 0.000000000000000000 ) ) ;
#3573 = DIRECTION ( 'NONE',  ( 1.000000000000000000, 0.000000000000000000, 0.000000000000000000 ) ) ;
#3574 = DIRECTION ( 'NONE',  ( -3.154042683594195121E-16, 0.000000000000000000, 1.000000000000000000 ) ) ;
#3575 = VECTOR ( 'NONE', #2598, 1000.000000000000000 ) ;
#3576 = DIRECTION ( 'NONE',  ( -3.154042683594195121E-16, 6.107600246471151681E-32, 1.000000000000000000 ) ) ;
#3577 = ADVANCED_FACE ( 'NONE', ( #952 ), #2747, .T. ) ;
#3578 = ORIENTED_EDGE ( 'NONE', *, *, #4206, .T. ) ;
#3579 = CARTESIAN_POINT ( 'NONE',  ( 4.719999999999998863, 20.18666351598458775, -3.105179441011550967 ) ) ;
#3580 = EDGE_CURVE ( 'NONE', #1798, #3679, #4550, .T. ) ;
#3581 = PLANE ( 'NONE',  #1620 ) ;
#3582 = ORIENTED_EDGE ( 'NONE', *, *, #2799, .T. ) ;
#3583 = CARTESIAN_POINT ( 'NONE',  ( -12.29430323161440164, 20.50833333333332575, -18.30000000000000426 ) ) ;
#3584 = ORIENTED_EDGE ( 'NONE', *, *, #629, .F. ) ;
#3585 = DIRECTION ( 'NONE',  ( 0.000000000000000000, 1.000000000000000000, 0.000000000000000000 ) ) ;
#3586 = EDGE_LOOP ( 'NONE', ( #1056, #754, #2509, #2124 ) ) ;
#3587 = ORIENTED_EDGE ( 'NONE', *, *, #4608, .F. ) ;
#3588 = ADVANCED_FACE ( 'NONE', ( #4172 ), #3424, .T. ) ;
#3589 = CARTESIAN_POINT ( 'NONE',  ( 10.52833333333333243, 20.19999999999999574, -4.200000000000000178 ) ) ;
#3590 = EDGE_CURVE ( 'NONE', #4411, #1415, #2392, .T. ) ;
#3591 = CARTESIAN_POINT ( 'NONE',  ( -6.920000000000002593, -20.12834006763281636, -1.899102777863831859 ) ) ;
#3592 = LINE ( 'NONE', #4315, #2512 ) ;
#3593 = DIRECTION ( 'NONE',  ( 1.000000000000000000, -1.936435508067133736E-16, 0.000000000000000000 ) ) ;
#3594 = ORIENTED_EDGE ( 'NONE', *, *, #2893, .F. ) ;
#3595 = FACE_OUTER_BOUND ( 'NONE', #2192, .T. ) ;
#3596 = VECTOR ( 'NONE', #594, 1000.000000000000000 ) ;
#3597 = VERTEX_POINT ( 'NONE', #2046 ) ;
#3598 = CARTESIAN_POINT ( 'NONE',  ( 4.943248910074702351, 3.617468105679394696, 0.000000000000000000 ) ) ;
#3599 = DIRECTION ( 'NONE',  ( -0.000000000000000000, -0.000000000000000000, 1.000000000000000000 ) ) ;
#3600 = VERTEX_POINT ( 'NONE', #2369 ) ;
#3601 = CARTESIAN_POINT ( 'NONE',  ( -4.599999999999995204, 10.96445338013734094, -1.799999999999998934 ) ) ;
#3602 = EDGE_LOOP ( 'NONE', ( #3959, #1115, #3112, #1916 ) ) ;
#3603 = EDGE_CURVE ( 'NONE', #4333, #2034, #676, .T. ) ;
#3604 = CARTESIAN_POINT ( 'NONE',  ( -20.06666666666665577, -18.41666666666666430, -1.199999999999999956 ) ) ;
#3605 = ORIENTED_EDGE ( 'NONE', *, *, #3437, .F. ) ;
#3606 = FACE_OUTER_BOUND ( 'NONE', #2135, .T. ) ;
#3607 = FACE_OUTER_BOUND ( 'NONE', #662, .T. ) ;
#3608 = ADVANCED_FACE ( 'NONE', ( #221 ), #3844, .F. ) ;
#3609 = DIRECTION ( 'NONE',  ( -0.5000000000000002220, -0.8660254037844384856, 0.000000000000000000 ) ) ;
#3610 = LINE ( 'NONE', #3920, #3766 ) ;
#3611 = LINE ( 'NONE', #4028, #3895 ) ;
#3612 = ORIENTED_EDGE ( 'NONE', *, *, #957, .F. ) ;
#3613 = DIRECTION ( 'NONE',  ( -0.000000000000000000, -0.000000000000000000, 1.000000000000000000 ) ) ;
#3614 = CARTESIAN_POINT ( 'NONE',  ( -6.605000000000001315, -20.00000000000000000, -6.049999999999995381 ) ) ;
#3615 = MECHANICAL_DESIGN_GEOMETRIC_PRESENTATION_REPRESENTATION (  '', ( #1466 ), #2719 ) ;
#3616 = CIRCLE ( 'NONE', #4364, 2.149999999999999023 ) ;
#3617 = DIRECTION ( 'NONE',  ( 0.000000000000000000, 0.000000000000000000, 1.000000000000000000 ) ) ;
#3618 = ORIENTED_EDGE ( 'NONE', *, *, #30, .F. ) ;
#3619 = DIRECTION ( 'NONE',  ( 1.000000000000000000, -1.936435508067133736E-16, 0.000000000000000000 ) ) ;
#3620 = VECTOR ( 'NONE', #3585, 1000.000000000000000 ) ;
#3621 = LINE ( 'NONE', #3249, #2278 ) ;
#3622 = EDGE_LOOP ( 'NONE', ( #3003, #3300, #592, #3213 ) ) ;
#3623 = VECTOR ( 'NONE', #2339, 1000.000000000000000 ) ;
#3624 = EDGE_CURVE ( 'NONE', #970, #4162, #1729, .T. ) ;
#3625 = DIRECTION ( 'NONE',  ( -0.6070287562503441370, 0.7946798657856887216, 0.000000000000000000 ) ) ;
#3626 = VECTOR ( 'NONE', #3455, 1000.000000000000000 ) ;
#3627 = CARTESIAN_POINT ( 'NONE',  ( 4.719999999999998863, 20.56666666666665222, -1.199999999999999956 ) ) ;
#3628 = LINE ( 'NONE', #376, #1837 ) ;
#3629 = ORIENTED_EDGE ( 'NONE', *, *, #330, .F. ) ;
#3630 = VECTOR ( 'NONE', #505, 1000.000000000000000 ) ;
#3631 = CARTESIAN_POINT ( 'NONE',  ( -7.030000000000002913, -20.00000000000000000, -1.199999999999999734 ) ) ;
#3632 = ADVANCED_FACE ( 'NONE', ( #4223 ), #2098, .T. ) ;
#3633 = FACE_OUTER_BOUND ( 'NONE', #3110, .T. ) ;
#3634 = CARTESIAN_POINT ( 'NONE',  ( 25.03170824512632464, -20.19999999999999574, -16.05000000000000426 ) ) ;
#3635 = EDGE_CURVE ( 'NONE', #3334, #3489, #377, .T. ) ;
#3636 = EDGE_LOOP ( 'NONE', ( #555, #3313, #3221, #599 ) ) ;
#3637 = CARTESIAN_POINT ( 'NONE',  ( -4.723784007440428034, -10.18971810567937020, -0.05000000000000000278 ) ) ;
#3638 = EDGE_CURVE ( 'NONE', #385, #1371, #3277, .T. ) ;
#3639 = SURFACE_STYLE_USAGE ( .BOTH. , #1146 ) ;
#3640 = EDGE_CURVE ( 'NONE', #2081, #3490, #2472, .T. ) ;
#3641 = ORIENTED_EDGE ( 'NONE', *, *, #1638, .T. ) ;
#3642 = CARTESIAN_POINT ( 'NONE',  ( -4.719999999999997087, 18.06666666666665932, -6.049999999999992717 ) ) ;
#3643 = CARTESIAN_POINT ( 'NONE',  ( 13.22000000000000419, -19.79095546287927121, -18.02047519957773858 ) ) ;
#3644 = ORIENTED_EDGE ( 'NONE', *, *, #3711, .F. ) ;
#3645 = FACE_OUTER_BOUND ( 'NONE', #774, .T. ) ;
#3646 = VERTEX_POINT ( 'NONE', #3960 ) ;
#3647 = LINE ( 'NONE', #2969, #1775 ) ;
#3648 = EDGE_LOOP ( 'NONE', ( #2818, #3808, #3190, #3158 ) ) ;
#3649 = DIRECTION ( 'NONE',  ( -9.419312991729270339E-17, -1.000000000000000000, 0.000000000000000000 ) ) ;
#3650 = DIRECTION ( 'NONE',  ( 0.000000000000000000, 0.000000000000000000, 1.000000000000000000 ) ) ;
#3651 = CARTESIAN_POINT ( 'NONE',  ( 6.919999999999999929, -20.12567435361318857, -1.863789454088469189 ) ) ;
#3652 = ORIENTED_EDGE ( 'NONE', *, *, #1733, .T. ) ;
#3653 = CARTESIAN_POINT ( 'NONE',  ( -5.758948872912925232, 9.866548189055240670, -0.05000000000000000278 ) ) ;
#3654 = LINE ( 'NONE', #129, #1100 ) ;
#3655 = CARTESIAN_POINT ( 'NONE',  ( -4.719999999999998863, 20.17249166989999409, -7.531592386979167664 ) ) ;
#3656 = ORIENTED_EDGE ( 'NONE', *, *, #4054, .T. ) ;
#3657 = EDGE_CURVE ( 'NONE', #1923, #989, #1914, .T. ) ;
#3658 = FACE_OUTER_BOUND ( 'NONE', #3416, .T. ) ;
#3659 = LINE ( 'NONE', #839, #4220 ) ;
#3660 = ORIENTED_EDGE ( 'NONE', *, *, #322, .T. ) ;
#3661 = EDGE_CURVE ( 'NONE', #1365, #396, #4274, .T. ) ;
#3662 = CARTESIAN_POINT ( 'NONE',  ( 4.719999999999999751, 20.10452134380805234, -1.642243154551280782 ) ) ;
#3663 = FACE_OUTER_BOUND ( 'NONE', #4348, .T. ) ;
#3664 = FACE_OUTER_BOUND ( 'NONE', #4541, .T. ) ;
#3665 = CARTESIAN_POINT ( 'NONE',  ( 6.919999999999999929, -20.10051716226534069, -6.456406644123967808 ) ) ;
#3666 = ORIENTED_EDGE ( 'NONE', *, *, #2092, .T. ) ;
#3667 = CARTESIAN_POINT ( 'NONE',  ( 13.21999999999999886, 20.56666666666664867, -1.800000000000000044 ) ) ;
#3668 = CARTESIAN_POINT ( 'NONE',  ( -22.00000000000000000, -2.400000000000011013, 0.000000000000000000 ) ) ;
#3669 = DIRECTION ( 'NONE',  ( 1.000000000000000000, 0.000000000000000000, 0.000000000000000000 ) ) ;
#3670 = DIRECTION ( 'NONE',  ( 1.000000000000000000, 1.156482317317874486E-15, -0.000000000000000000 ) ) ;
#3671 = CARTESIAN_POINT ( 'NONE',  ( 4.719999999999998863, -20.19999999999999929, 0.002000000000000048614 ) ) ;
#3672 = FACE_OUTER_BOUND ( 'NONE', #2658, .T. ) ;
#3673 = CARTESIAN_POINT ( 'NONE',  ( 4.600000000000004086, 22.50000000000000355, -4.549999999999998934 ) ) ;
#3674 = CARTESIAN_POINT ( 'NONE',  ( -4.719999999999997975, 20.15088571523330430, -7.068467034249983350 ) ) ;
#3675 = ORIENTED_EDGE ( 'NONE', *, *, #1949, .T. ) ;
#3676 = DIRECTION ( 'NONE',  ( -0.000000000000000000, -0.000000000000000000, 1.000000000000000000 ) ) ;
#3677 = CARTESIAN_POINT ( 'NONE',  ( 4.609999999999997655, -20.19999999999999929, -4.200000000000000178 ) ) ;
#3678 = EDGE_CURVE ( 'NONE', #388, #237, #3610, .T. ) ;
#3679 = VERTEX_POINT ( 'NONE', #1804 ) ;
#3680 = CARTESIAN_POINT ( 'NONE',  ( 4.719999999999999751, 20.10411853758554557, -1.638430067521374767 ) ) ;
#3681 = EDGE_CURVE ( 'NONE', #2187, #2221, #701, .T. ) ;
#3682 = CARTESIAN_POINT ( 'NONE',  ( -6.920000000000001705, -18.06666666666666288, -41.50206437473708831 ) ) ;
#3683 = DIRECTION ( 'NONE',  ( 0.000000000000000000, -0.1397268238372009475, 0.9901900901848935677 ) ) ;
#3684 = CARTESIAN_POINT ( 'NONE',  ( 4.943248910074702351, 3.617468105679394696, 0.000000000000000000 ) ) ;
#3685 = ORIENTED_EDGE ( 'NONE', *, *, #2596, .F. ) ;
#3686 = EDGE_CURVE ( 'NONE', #2733, #3202, #2185, .T. ) ;
#3687 = VECTOR ( 'NONE', #1474, 1000.000000000000000 ) ;
#3688 = DIRECTION ( 'NONE',  ( -0.5000000000000002220, 0.8660254037844384856, 0.000000000000000000 ) ) ;
#3689 = ADVANCED_FACE ( 'NONE', ( #2540 ), #2518, .F. ) ;
#3690 = DIRECTION ( 'NONE',  ( -6.308085367188393199E-16, 0.000000000000000000, -1.000000000000000000 ) ) ;
#3691 = VECTOR ( 'NONE', #2795, 1000.000000000000000 ) ;
#3692 = DIRECTION ( 'NONE',  ( -1.526172063499548279E-16, 1.000000000000000000, -0.000000000000000000 ) ) ;
#3693 = DIRECTION ( 'NONE',  ( 0.000000000000000000, 0.000000000000000000, -1.000000000000000000 ) ) ;
#3694 = VECTOR ( 'NONE', #4066, 1000.000000000000000 ) ;
#3695 = CARTESIAN_POINT ( 'NONE',  ( -4.719999999999992646, -19.79095546287935292, -18.02047519957782029 ) ) ;
#3696 = AXIS2_PLACEMENT_3D ( 'NONE', #4399, #1927, #1901 ) ;
#3697 = VECTOR ( 'NONE', #4444, 1000.000000000000000 ) ;
#3698 = CARTESIAN_POINT ( 'NONE',  ( 20.06666666666665577, 18.41666666666666430, -1.800000000000000044 ) ) ;
#3699 = PLANE ( 'NONE',  #764 ) ;
#3700 = AXIS2_PLACEMENT_3D ( 'NONE', #3049, #1608, #2672 ) ;
#3701 = LINE ( 'NONE', #4496, #415 ) ;
#3702 = PLANE ( 'NONE',  #3020 ) ;
#3703 = CIRCLE ( 'NONE', #879, 2.150000000000000799 ) ;
#3704 = ORIENTED_EDGE ( 'NONE', *, *, #1074, .T. ) ;
#3705 = CARTESIAN_POINT ( 'NONE',  ( 4.719999999999999751, 20.17471477116360035, -2.739689247964600227 ) ) ;
#3706 = PLANE ( 'NONE',  #1407 ) ;
#3707 = VECTOR ( 'NONE', #4067, 1000.000000000000000 ) ;
#3708 = CARTESIAN_POINT ( 'NONE',  ( -4.294999999999999929, 20.20000000000000284, -9.049999999999995381 ) ) ;
#3709 = CARTESIAN_POINT ( 'NONE',  ( 6.919999999999999041, -20.10317326858651654, -6.479929317290743285 ) ) ;
#3710 = EDGE_LOOP ( 'NONE', ( #3307, #3361, #2113, #3381 ) ) ;
#3711 = EDGE_CURVE ( 'NONE', #3284, #3127, #1780, .T. ) ;
#3712 = CARTESIAN_POINT ( 'NONE',  ( -21.06666666666665577, -18.41666666666666430, -1.800000000000000044 ) ) ;
#3713 = EDGE_LOOP ( 'NONE', ( #2353, #1491, #1591, #1517 ) ) ;
#3714 = CARTESIAN_POINT ( 'NONE',  ( 4.600000000000006750, 21.56666666666665932, -1.800000000000000044 ) ) ;
#3715 = CARTESIAN_POINT ( 'NONE',  ( -15.82124819948378303, 6.938206686341246154, -0.5000000000000004441 ) ) ;
#3716 = CARTESIAN_POINT ( 'NONE',  ( 13.22000000000002551, -20.50833333333332575, -18.30000000000000426 ) ) ;
#3717 = EDGE_CURVE ( 'NONE', #4593, #960, #3198, .T. ) ;
#3718 = CARTESIAN_POINT ( 'NONE',  ( -8.970000000000000639, 19.79095546287929963, -18.02047519957776700 ) ) ;
#3719 = EDGE_CURVE ( 'NONE', #3514, #1695, #783, .T. ) ;
#3720 = CARTESIAN_POINT ( 'NONE',  ( 13.22000000000002551, 21.56666666666665577, -10.80000000000000426 ) ) ;
#3721 = CARTESIAN_POINT ( 'NONE',  ( 17.91666666666666430, -20.56666666666665932, -1.800000000000000044 ) ) ;
#3722 = DIRECTION ( 'NONE',  ( 0.000000000000000000, -0.000000000000000000, -1.000000000000000000 ) ) ;
#3723 = VERTEX_POINT ( 'NONE', #2871 ) ;
#3724 = DIRECTION ( 'NONE',  ( -1.000000000000000000, 1.320855438561024143E-16, 0.000000000000000000 ) ) ;
#3725 = DIRECTION ( 'NONE',  ( 1.000000000000000000, -0.000000000000000000, -0.000000000000000000 ) ) ;
#3726 = DIRECTION ( 'NONE',  ( 1.000000000000000000, -1.936435508067133736E-16, 0.000000000000000000 ) ) ;
#3727 = ORIENTED_EDGE ( 'NONE', *, *, #2628, .F. ) ;
#3728 = LINE ( 'NONE', #157, #1610 ) ;
#3729 = ORIENTED_EDGE ( 'NONE', *, *, #1441, .T. ) ;
#3730 =( BOUNDED_SURFACE ( )  B_SPLINE_SURFACE ( 2, 3, ( 
 ( #1429, #3589, #3542, #3956 ),
 ( #4251, #391, #1747, #4268 ),
 ( #1486, #2114, #3976, #2196 ) ),
 .UNSPECIFIED., .F., .F., .F. ) 
 B_SPLINE_SURFACE_WITH_KNOTS ( ( 3, 3 ),
 ( 4, 4 ),
 ( 0.000000000000000000, 1.000000000000000000 ),
 ( -0.03156166666666666148, -0.02221166666666666428 ),
 .UNSPECIFIED. ) 
 GEOMETRIC_REPRESENTATION_ITEM ( )  RATIONAL_B_SPLINE_SURFACE ( (
 ( 1.000000000000000000, 1.000000000000000000, 1.000000000000000000, 1.000000000000000000),
 ( 0.7071067811865475727, 0.7071067811865475727, 0.7071067811865475727, 0.7071067811865475727),
 ( 1.000000000000000000, 1.000000000000000000, 1.000000000000000000, 1.000000000000000000) ) ) 
 REPRESENTATION_ITEM ( '' )  SURFACE ( )  );
#3731 = VECTOR ( 'NONE', #453, 1000.000000000000000 ) ;
#3732 = B_SPLINE_CURVE_WITH_KNOTS ( 'NONE', 3,
 ( #321, #2415, #2867, #3466 ),
 .UNSPECIFIED., .F., .F.,
 ( 4, 4 ),
 ( 0.000000000000000000, 1.000000000000000000 ),
 .UNSPECIFIED. ) ;
#3733 = LINE ( 'NONE', #3058, #1477 ) ;
#3734 = DIRECTION ( 'NONE',  ( -1.802310104910968147E-16, 1.000000000000000000, 0.000000000000000000 ) ) ;
#3735 = ADVANCED_FACE ( 'NONE', ( #3633 ), #4316, .F. ) ;
#3736 = PLANE ( 'NONE',  #884 ) ;
#3737 = DIRECTION ( 'NONE',  ( 4.081702296416016490E-16, -1.000000000000000000, 0.000000000000000000 ) ) ;
#3738 = ORIENTED_EDGE ( 'NONE', *, *, #2231, .T. ) ;
#3739 = VERTEX_POINT ( 'NONE', #18 ) ;
#3740 = CARTESIAN_POINT ( 'NONE',  ( -17.56666666666665577, 15.91666666666666252, -1.199999999999999956 ) ) ;
#3741 = VECTOR ( 'NONE', #1260, 1000.000000000000000 ) ;
#3742 = EDGE_CURVE ( 'NONE', #2391, #2968, #4230, .T. ) ;
#3743 = CARTESIAN_POINT ( 'NONE',  ( -15.82124819948378303, 6.938206686341246154, -1.199999999999999956 ) ) ;
#3744 = DIRECTION ( 'NONE',  ( -1.000000000000000000, 0.000000000000000000, 0.000000000000000000 ) ) ;
#3745 = CARTESIAN_POINT ( 'NONE',  ( -13.22000000000002551, 20.50833333333332575, -18.30000000000000426 ) ) ;
#3746 = LINE ( 'NONE', #577, #2728 ) ;
#3747 = DIRECTION ( 'NONE',  ( 1.269309860470838865E-15, -1.000000000000000000, 0.000000000000000000 ) ) ;
#3748 = DIRECTION ( 'NONE',  ( 1.000000000000000000, -0.000000000000000000, -0.000000000000000000 ) ) ;
#3749 = FACE_OUTER_BOUND ( 'NONE', #60, .T. ) ;
#3750 = EDGE_LOOP ( 'NONE', ( #2334, #2789, #4248, #730 ) ) ;
#3751 = LINE ( 'NONE', #2780, #3626 ) ;
#3752 = ORIENTED_EDGE ( 'NONE', *, *, #2917, .F. ) ;
#3753 = ORIENTED_EDGE ( 'NONE', *, *, #61, .T. ) ;
#3754 = DIRECTION ( 'NONE',  ( 0.000000000000000000, -1.000000000000000000, 0.000000000000000000 ) ) ;
#3755 = LINE ( 'NONE', #3319, #2574 ) ;
#3756 = LINE ( 'NONE', #3716, #4249 ) ;
#3757 = ORIENTED_EDGE ( 'NONE', *, *, #3225, .T. ) ;
#3758 = CARTESIAN_POINT ( 'NONE',  ( -12.29430323161440164, -21.56666666666665577, -10.80000000000000426 ) ) ;
#3759 = ORIENTED_EDGE ( 'NONE', *, *, #2626, .F. ) ;
#3760 = ORIENTED_EDGE ( 'NONE', *, *, #1054, .F. ) ;
#3761 = EDGE_CURVE ( 'NONE', #2446, #3386, #1451, .T. ) ;
#3762 = VECTOR ( 'NONE', #650, 1000.000000000000000 ) ;
#3763 = CARTESIAN_POINT ( 'NONE',  ( 13.22000000000000064, 20.17137170829404624, -2.653297893780974359 ) ) ;
#3764 = VECTOR ( 'NONE', #2793, 1000.000000000000000 ) ;
#3765 = CARTESIAN_POINT ( 'NONE',  ( -20.06666666666665577, 4.494999999999992113, -1.800000000000000044 ) ) ;
#3766 = VECTOR ( 'NONE', #1121, 1000.000000000000000 ) ;
#3767 = CARTESIAN_POINT ( 'NONE',  ( -15.82124819948378303, 17.06179331365875385, -1.199999999999999956 ) ) ;
#3768 = VERTEX_POINT ( 'NONE', #35 ) ;
#3769 = VECTOR ( 'NONE', #3009, 1000.000000000000000 ) ;
#3770 = EDGE_CURVE ( 'NONE', #944, #4283, #1057, .T. ) ;
#3771 = FACE_OUTER_BOUND ( 'NONE', #3339, .T. ) ;
#3772 = EDGE_CURVE ( 'NONE', #2381, #1746, #1134, .T. ) ;
#3773 = AXIS2_PLACEMENT_3D ( 'NONE', #3105, #3855, #1384 ) ;
#3774 = ORIENTED_EDGE ( 'NONE', *, *, #9, .T. ) ;
#3775 = PLANE ( 'NONE',  #3104 ) ;
#3776 = EDGE_CURVE ( 'NONE', #4190, #1166, #790, .T. ) ;
#3777 = AXIS2_PLACEMENT_3D ( 'NONE', #1124, #1144, #413 ) ;
#3778 = AXIS2_PLACEMENT_3D ( 'NONE', #1824, #734, #4587 ) ;
#3779 = CARTESIAN_POINT ( 'NONE',  ( 13.21999999999999709, 21.56666666666665932, 0.002000000000000048614 ) ) ;
#3780 = LINE ( 'NONE', #4478, #689 ) ;
#3781 = DIRECTION ( 'NONE',  ( -1.000000000000000000, 0.000000000000000000, 0.000000000000000000 ) ) ;
#3782 = ORIENTED_EDGE ( 'NONE', *, *, #39, .F. ) ;
#3783 = LINE ( 'NONE', #284, #1696 ) ;
#3784 = PLANE ( 'NONE',  #801 ) ;
#3785 = ORIENTED_EDGE ( 'NONE', *, *, #176, .F. ) ;
#3786 = CARTESIAN_POINT ( 'NONE',  ( -13.21999999999999709, 21.56666666666665932, 0.002000000000000048614 ) ) ;
#3787 = ORIENTED_EDGE ( 'NONE', *, *, #2154, .T. ) ;
#3788 = DIRECTION ( 'NONE',  ( 0.000000000000000000, 0.000000000000000000, 1.000000000000000000 ) ) ;
#3789 = VERTEX_POINT ( 'NONE', #3698 ) ;
#3790 = ORIENTED_EDGE ( 'NONE', *, *, #2366, .F. ) ;
#3791 = CARTESIAN_POINT ( 'NONE',  ( 13.22000000000000419, 20.03166874728551505, -1.199999999999999512 ) ) ;
#3792 = CARTESIAN_POINT ( 'NONE',  ( 13.21999999999999886, -19.99999999999999645, -6.049999999999994493 ) ) ;
#3793 = FACE_OUTER_BOUND ( 'NONE', #1513, .T. ) ;
#3794 = VERTEX_POINT ( 'NONE', #3740 ) ;
#3795 = CARTESIAN_POINT ( 'NONE',  ( 4.719999999999998863, -20.19999999999999929, -16.05000000000000071 ) ) ;
#3796 = ADVANCED_FACE ( 'NONE', ( #1253 ), #2232, .T. ) ;
#3797 = EDGE_LOOP ( 'NONE', ( #3085, #2970, #3641, #2756 ) ) ;
#3798 = CARTESIAN_POINT ( 'NONE',  ( -10.61524347361992682, 12.28820668634124580, -0.5000000000000004441 ) ) ;
#3799 = DIRECTION ( 'NONE',  ( 0.000000000000000000, 0.000000000000000000, 1.000000000000000000 ) ) ;
#3800 = CARTESIAN_POINT ( 'NONE',  ( -15.82124819948378303, 6.938206686341246154, -0.5000000000000004441 ) ) ;
#3801 = EDGE_CURVE ( 'NONE', #1161, #4190, #1967, .T. ) ;
#3802 = CARTESIAN_POINT ( 'NONE',  ( -6.920000000000003482, -20.10830970775394988, -6.527419517144695149 ) ) ;
#3803 = ORIENTED_EDGE ( 'NONE', *, *, #1380, .F. ) ;
#3804 = PLANE ( 'NONE',  #2144 ) ;
#3805 = CARTESIAN_POINT ( 'NONE',  ( -4.719999999999997975, -20.50833333333331510, -17.23969135802470021 ) ) ;
#3806 = ORIENTED_EDGE ( 'NONE', *, *, #1259, .F. ) ;
#3807 = DIRECTION ( 'NONE',  ( -2.262682794752357144E-16, 1.000000000000000000, 0.000000000000000000 ) ) ;
#3808 = ORIENTED_EDGE ( 'NONE', *, *, #4623, .F. ) ;
#3809 = ORIENTED_EDGE ( 'NONE', *, *, #4490, .T. ) ;
#3810 = LINE ( 'NONE', #4188, #416 ) ;
#3811 = ORIENTED_EDGE ( 'NONE', *, *, #1549, .F. ) ;
#3812 = ORIENTED_EDGE ( 'NONE', *, *, #3742, .F. ) ;
#3813 = VECTOR ( 'NONE', #1531, 1000.000000000000000 ) ;
#3814 = CARTESIAN_POINT ( 'NONE',  ( 13.21999999999999709, 21.56666666666665932, -27.40916823960234794 ) ) ;
#3815 = DIRECTION ( 'NONE',  ( 1.000000000000000000, 0.000000000000000000, 0.000000000000000000 ) ) ;
#3816 = LINE ( 'NONE', #996, #4298 ) ;
#3817 = ORIENTED_EDGE ( 'NONE', *, *, #3892, .F. ) ;
#3818 = LINE ( 'NONE', #2344, #1167 ) ;
#3819 = ORIENTED_EDGE ( 'NONE', *, *, #2551, .F. ) ;
#3820 = LINE ( 'NONE', #3526, #2891 ) ;
#3821 = CARTESIAN_POINT ( 'NONE',  ( -17.91666666666666430, 21.56666666666665932, -1.800000000000000044 ) ) ;
#3822 = EDGE_CURVE ( 'NONE', #3127, #950, #3654, .T. ) ;
#3823 = DIRECTION ( 'NONE',  ( -0.000000000000000000, -0.000000000000000000, 1.000000000000000000 ) ) ;
#3824 = CARTESIAN_POINT ( 'NONE',  ( -4.719999999999998863, 20.03166874728552926, -6.049999999999999822 ) ) ;
#3825 = DIRECTION ( 'NONE',  ( -1.000000000000000000, 0.000000000000000000, -0.000000000000000000 ) ) ;
#3826 = ORIENTED_EDGE ( 'NONE', *, *, #3057, .T. ) ;
#3827 = CARTESIAN_POINT ( 'NONE',  ( 13.21999999999999709, 21.56666666666665932, -1.800000000000000044 ) ) ;
#3828 = ADVANCED_FACE ( 'NONE', ( #1906 ), #4072, .F. ) ;
#3829 = LINE ( 'NONE', #3130, #2810 ) ;
#3830 = ORIENTED_EDGE ( 'NONE', *, *, #1241, .F. ) ;
#3831 = EDGE_CURVE ( 'NONE', #3152, #2499, #1164, .T. ) ;
#3832 = CARTESIAN_POINT ( 'NONE',  ( -21.06666666666665932, 2.400000000000009681, -2.199999999999999289 ) ) ;
#3833 = ORIENTED_EDGE ( 'NONE', *, *, #4059, .F. ) ;
#3834 = VERTEX_POINT ( 'NONE', #3720 ) ;
#3835 = CARTESIAN_POINT ( 'NONE',  ( -2.899999999999999911, 14.00000000000000000, -1.199999999999999956 ) ) ;
#3836 = ORIENTED_EDGE ( 'NONE', *, *, #2118, .F. ) ;
#3837 = ORIENTED_EDGE ( 'NONE', *, *, #438, .F. ) ;
#3838 = DIRECTION ( 'NONE',  ( -1.000000000000000000, 0.000000000000000000, 0.000000000000000000 ) ) ;
#3839 = CARTESIAN_POINT ( 'NONE',  ( -2.899999999999996358, 20.56666666666665222, -2.849999999999997424 ) ) ;
#3840 = CARTESIAN_POINT ( 'NONE',  ( 6.919999999999999929, -20.00000000000000000, -1.199999999999999956 ) ) ;
#3841 = AXIS2_PLACEMENT_3D ( 'NONE', #3239, #2931, #1866 ) ;
#3842 = VERTEX_POINT ( 'NONE', #3673 ) ;
#3843 = VECTOR ( 'NONE', #4155, 1000.000000000000114 ) ;
#3844 = PLANE ( 'NONE',  #1097 ) ;
#3845 = VECTOR ( 'NONE', #4341, 1000.000000000000000 ) ;
#3846 = AXIS2_PLACEMENT_3D ( 'NONE', #776, #3270, #72 ) ;
#3847 = ORIENTED_EDGE ( 'NONE', *, *, #3921, .T. ) ;
#3848 = LINE ( 'NONE', #652, #126 ) ;
#3849 = DIRECTION ( 'NONE',  ( -0.000000000000000000, -1.000000000000000000, -0.000000000000000000 ) ) ;
#3850 = AXIS2_PLACEMENT_3D ( 'NONE', #766, #2909, #1080 ) ;
#3851 = VECTOR ( 'NONE', #4124, 1000.000000000000114 ) ;
#3852 = DIRECTION ( 'NONE',  ( -1.000000000000000000, 0.000000000000000000, 0.000000000000000000 ) ) ;
#3853 = DIRECTION ( 'NONE',  ( 0.000000000000000000, 0.000000000000000000, 1.000000000000000000 ) ) ;
#3854 = ORIENTED_EDGE ( 'NONE', *, *, #116, .T. ) ;
#3855 = DIRECTION ( 'NONE',  ( 1.000000000000000000, 0.000000000000000000, 0.000000000000000000 ) ) ;
#3856 = B_SPLINE_CURVE_WITH_KNOTS ( 'NONE', 3,
 ( #1322, #2741, #971, #1830, #1052, #2511, #2848, #4312, #2537, #777, #3939, #1816, #3251, #2552, #743, #2491, #2162, #3215, #2906, #1136, #1093, #2467, #1774, #1398, #695, #3195, #4334, #53 ),
 .UNSPECIFIED., .F., .F.,
 ( 4, 1, 1, 1, 1, 1, 2, 2, 1, 1, 1, 1, 2, 2, 1, 2, 2, 1, 1, 4 ),
 ( 0.000000000000000000, 0.2499999999999902300, 0.3749999999999853451, 0.4374999999999828471, 0.4687499999999820699, 0.4843749999999816258, 0.4921874999999818479, 0.4999999999999821254, 0.6249999999999922284, 0.6874999999999977796, 0.7187500000000001110, 0.7343750000000008882, 0.7421875000000009992, 0.7500000000000009992, 0.8125000000000021094, 0.8437500000000024425, 0.8515625000000019984, 0.8593750000000015543, 0.8750000000000015543, 1.000000000000000000 ),
 .UNSPECIFIED. ) ;
#3857 = FACE_OUTER_BOUND ( 'NONE', #4113, .T. ) ;
#3858 = CARTESIAN_POINT ( 'NONE',  ( 2.899999999999999911, 14.00000000000000000, -1.199999999999999956 ) ) ;
#3859 = ORIENTED_EDGE ( 'NONE', *, *, #2001, .F. ) ;
#3860 = CARTESIAN_POINT ( 'NONE',  ( -15.82124819948378303, 17.06179331365875385, 11.78977391353786253 ) ) ;
#3861 = ORIENTED_EDGE ( 'NONE', *, *, #545, .T. ) ;
#3862 = ADVANCED_FACE ( 'NONE', ( #166 ), #2623, .T. ) ;
#3863 = VERTEX_POINT ( 'NONE', #452 ) ;
#3864 = CARTESIAN_POINT ( 'NONE',  ( -4.719999999999998863, -20.18020700318046678, -2.894783674769983328 ) ) ;
#3865 = ORIENTED_EDGE ( 'NONE', *, *, #2569, .T. ) ;
#3866 = ORIENTED_EDGE ( 'NONE', *, *, #863, .F. ) ;
#3867 = CARTESIAN_POINT ( 'NONE',  ( 13.21999999999999709, 20.10137124364702998, -1.613898010835936203 ) ) ;
#3868 = DIRECTION ( 'NONE',  ( -1.000000000000000000, -0.000000000000000000, -0.000000000000000000 ) ) ;
#3869 = AXIS2_PLACEMENT_3D ( 'NONE', #3860, #1765, #988 ) ;
#3870 = EDGE_CURVE ( 'NONE', #1161, #997, #4424, .T. ) ;
#3871 = CARTESIAN_POINT ( 'NONE',  ( 17.56666666666665932, 12.25000000000000355, -41.50206437473708831 ) ) ;
#3872 = EDGE_CURVE ( 'NONE', #3984, #2446, #2667, .T. ) ;
#3873 = VERTEX_POINT ( 'NONE', #1530 ) ;
#3874 = DIRECTION ( 'NONE',  ( -1.802310104910968147E-16, 1.000000000000000000, 0.000000000000000000 ) ) ;
#3875 = ORIENTED_EDGE ( 'NONE', *, *, #1356, .F. ) ;
#3876 = DIRECTION ( 'NONE',  ( 0.000000000000000000, 0.000000000000000000, 1.000000000000000000 ) ) ;
#3877 = ORIENTED_EDGE ( 'NONE', *, *, #2236, .T. ) ;
#3878 = CARTESIAN_POINT ( 'NONE',  ( -9.778751800516216619, 17.06179331365875385, -1.199999999999999956 ) ) ;
#3879 = CARTESIAN_POINT ( 'NONE',  ( -13.21999999999999531, -20.12972218026943594, -6.766598685423437232 ) ) ;
#3880 = DIRECTION ( 'NONE',  ( -1.000000000000000000, -1.269309860470838865E-15, 0.000000000000000000 ) ) ;
#3881 = ORIENTED_EDGE ( 'NONE', *, *, #4059, .T. ) ;
#3882 = CARTESIAN_POINT ( 'NONE',  ( 14.87500000000000178, 12.25000000000000533, -10.25787089075391023 ) ) ;
#3883 = LINE ( 'NONE', #439, #641 ) ;
#3884 = LINE ( 'NONE', #1808, #51 ) ;
#3885 = ORIENTED_EDGE ( 'NONE', *, *, #3562, .F. ) ;
#3886 = CARTESIAN_POINT ( 'NONE',  ( -20.06666666666665577, -18.41666666666666430, -6.049999999999992717 ) ) ;
#3887 = ORIENTED_EDGE ( 'NONE', *, *, #3770, .F. ) ;
#3888 = ORIENTED_EDGE ( 'NONE', *, *, #1930, .T. ) ;
#3889 = CARTESIAN_POINT ( 'NONE',  ( -4.720000000000000639, -20.17332335005271204, -2.703048323424318333 ) ) ;
#3890 = ORIENTED_EDGE ( 'NONE', *, *, #1966, .F. ) ;
#3891 = ORIENTED_EDGE ( 'NONE', *, *, #36, .T. ) ;
#3892 = EDGE_CURVE ( 'NONE', #3568, #3600, #2954, .T. ) ;
#3893 = FACE_OUTER_BOUND ( 'NONE', #4418, .T. ) ;
#3894 = LINE ( 'NONE', #1699, #2024 ) ;
#3895 = VECTOR ( 'NONE', #2929, 1000.000000000000000 ) ;
#3896 = CARTESIAN_POINT ( 'NONE',  ( 13.53499999999999837, -20.19999999999999574, -9.049999999999995381 ) ) ;
#3897 = EDGE_CURVE ( 'NONE', #4187, #26, #3968, .T. ) ;
#3898 = CARTESIAN_POINT ( 'NONE',  ( -6.920000000000001705, -18.06666666666666288, -6.049999999999992717 ) ) ;
#3899 = LINE ( 'NONE', #3922, #1180 ) ;
#3900 = ORIENTED_EDGE ( 'NONE', *, *, #165, .F. ) ;
#3901 = DIRECTION ( 'NONE',  ( -1.000000000000000000, 0.000000000000000000, -0.000000000000000000 ) ) ;
#3902 = ADVANCED_FACE ( 'NONE', ( #3045 ), #4116, .T. ) ;
#3903 = DIRECTION ( 'NONE',  ( 0.000000000000000000, 0.000000000000000000, 1.000000000000000000 ) ) ;
#3904 = VERTEX_POINT ( 'NONE', #4140 ) ;
#3905 = CARTESIAN_POINT ( 'NONE',  ( -6.605000000000000426, -20.19999999999999929, -6.049999999999995381 ) ) ;
#3906 = LINE ( 'NONE', #686, #3550 ) ;
#3907 = DIRECTION ( 'NONE',  ( 1.000000000000000000, -3.469446951953616161E-16, 0.000000000000000000 ) ) ;
#3908 = EDGE_LOOP ( 'NONE', ( #1535, #4214, #1005, #3229, #2930 ) ) ;
#3909 = CARTESIAN_POINT ( 'NONE',  ( -20.06666666666665577, 4.494999999999998330, -6.049999999999992717 ) ) ;
#3910 = VERTEX_POINT ( 'NONE', #4192 ) ;
#3911 = ORIENTED_EDGE ( 'NONE', *, *, #3236, .T. ) ;
#3912 = CARTESIAN_POINT ( 'NONE',  ( -13.21999999999999709, -21.56666666666665932, -1.800000000000000044 ) ) ;
#3913 = ORIENTED_EDGE ( 'NONE', *, *, #1497, .F. ) ;
#3914 = ORIENTED_EDGE ( 'NONE', *, *, #2097, .F. ) ;
#3915 = B_SPLINE_CURVE_WITH_KNOTS ( 'NONE', 3,
 ( #2293, #3436, #1202, #2360 ),
 .UNSPECIFIED., .F., .F.,
 ( 4, 4 ),
 ( 0.000000000000000000, 1.000000000000000000 ),
 .UNSPECIFIED. ) ;
#3916 = CARTESIAN_POINT ( 'NONE',  ( 4.719999999999998863, -20.56666666666666288, -1.199999999999999956 ) ) ;
#3917 = DIRECTION ( 'NONE',  ( 0.000000000000000000, 0.000000000000000000, -1.000000000000000000 ) ) ;
#3918 = EDGE_CURVE ( 'NONE', #488, #234, #4545, .T. ) ;
#3919 = PLANE ( 'NONE',  #862 ) ;
#3920 = CARTESIAN_POINT ( 'NONE',  ( -20.06666666666665577, 4.494999999999998330, -41.50206437473708831 ) ) ;
#3921 = EDGE_CURVE ( 'NONE', #3834, #2562, #1274, .T. ) ;
#3922 = CARTESIAN_POINT ( 'NONE',  ( 14.87500000000000178, 12.25000000000000533, -10.25787089075391023 ) ) ;
#3923 = AXIS2_PLACEMENT_3D ( 'NONE', #301, #4575, #2828 ) ;
#3924 = VECTOR ( 'NONE', #3312, 1000.000000000000000 ) ;
#3925 = EDGE_LOOP ( 'NONE', ( #1655, #4342, #615, #4094, #3448, #675, #4513, #2441, #1151, #3485, #785, #1393 ) ) ;
#3926 = EDGE_CURVE ( 'NONE', #759, #264, #1346, .T. ) ;
#3927 = CIRCLE ( 'NONE', #4519, 2.149999999999992362 ) ;
#3928 = FACE_OUTER_BOUND ( 'NONE', #2210, .T. ) ;
#3929 = AXIS2_PLACEMENT_3D ( 'NONE', #190, #2599, #496 ) ;
#3930 = CARTESIAN_POINT ( 'NONE',  ( 14.87500000000000178, 17.25000000000000355, -10.25787089075391023 ) ) ;
#3931 = EDGE_LOOP ( 'NONE', ( #3803, #977, #3457, #2892 ) ) ;
#3932 = DIRECTION ( 'NONE',  ( -1.936435508067133736E-16, -1.000000000000000000, -0.000000000000000000 ) ) ;
#3933 = VECTOR ( 'NONE', #230, 1000.000000000000000 ) ;
#3934 = EDGE_LOOP ( 'NONE', ( #1423, #4612, #3279, #1719 ) ) ;
#3935 = DIRECTION ( 'NONE',  ( -0.000000000000000000, -0.000000000000000000, 1.000000000000000000 ) ) ;
#3936 = ORIENTED_EDGE ( 'NONE', *, *, #2807, .F. ) ;
#3937 = ORIENTED_EDGE ( 'NONE', *, *, #2035, .F. ) ;
#3938 = CIRCLE ( 'NONE', #1781, 1.218749999999997558 ) ;
#3939 = CARTESIAN_POINT ( 'NONE',  ( -13.22000000000000064, 20.16719608564330102, -7.395411147780297512 ) ) ;
#3940 = ORIENTED_EDGE ( 'NONE', *, *, #4608, .T. ) ;
#3941 = CARTESIAN_POINT ( 'NONE',  ( -6.920000000000001705, -20.00000000000000355, -1.199999999999999956 ) ) ;
#3942 = CARTESIAN_POINT ( 'NONE',  ( 6.919999999999999929, -20.18666278350512400, -3.105290481690227811 ) ) ;
#3943 = CARTESIAN_POINT ( 'NONE',  ( -17.91666666666666430, 20.56666666666665577, -1.199999999999999956 ) ) ;
#3944 = CARTESIAN_POINT ( 'NONE',  ( 13.21999999999999886, 20.56666666666664867, 0.002000000000000048614 ) ) ;
#3945 = EDGE_CURVE ( 'NONE', #4133, #1462, #920, .T. ) ;
#3946 = VERTEX_POINT ( 'NONE', #2364 ) ;
#3947 = FACE_OUTER_BOUND ( 'NONE', #3515, .T. ) ;
#3948 = EDGE_CURVE ( 'NONE', #987, #2875, #2093, .T. ) ;
#3949 = DIRECTION ( 'NONE',  ( 3.037601300411745514E-16, -1.000000000000000000, -0.000000000000000000 ) ) ;
#3950 = EDGE_LOOP ( 'NONE', ( #611, #2138, #1123, #2015 ) ) ;
#3951 = CARTESIAN_POINT ( 'NONE',  ( -6.920000000000001705, -18.06666666666666288, -41.50206437473708831 ) ) ;
#3952 = ORIENTED_EDGE ( 'NONE', *, *, #3678, .F. ) ;
#3953 = CARTESIAN_POINT ( 'NONE',  ( 8.142252025465888110, -9.487972156611116148, -0.05000000000000000278 ) ) ;
#3954 = EDGE_LOOP ( 'NONE', ( #3419, #308, #2, #4488, #657, #2721, #4171, #290 ) ) ;
#3955 = VERTEX_POINT ( 'NONE', #3442 ) ;
#3956 = CARTESIAN_POINT ( 'NONE',  ( 4.294999999999999929, 20.19999999999999929, -4.200000000000000178 ) ) ;
#3957 = CYLINDRICAL_SURFACE ( 'NONE', #654, 0.7017459490682563805 ) ;
#3958 = CARTESIAN_POINT ( 'NONE',  ( 11.11999999999999567, -19.99999999999999645, -6.049999999999994493 ) ) ;
#3959 = ORIENTED_EDGE ( 'NONE', *, *, #358, .F. ) ;
#3960 = CARTESIAN_POINT ( 'NONE',  ( -4.719999999999998863, -20.00000000000000355, -1.199999999999999956 ) ) ;
#3961 = CARTESIAN_POINT ( 'NONE',  ( -15.59170824512628251, 20.66874999999999574, -17.17500000000000426 ) ) ;
#3962 = ORIENTED_EDGE ( 'NONE', *, *, #1633, .F. ) ;
#3963 = DIRECTION ( 'NONE',  ( 0.7946798657856887216, 0.6070287562503441370, 0.000000000000000000 ) ) ;
#3964 = AXIS2_PLACEMENT_3D ( 'NONE', #346, #3496, #1724 ) ;
#3965 = EDGE_CURVE ( 'NONE', #4568, #4266, #1841, .T. ) ;
#3966 = CARTESIAN_POINT ( 'NONE',  ( -13.53500000000000014, -20.19999999999999574, -6.049999999999995381 ) ) ;
#3967 = FACE_OUTER_BOUND ( 'NONE', #1073, .T. ) ;
#3968 = B_SPLINE_CURVE_WITH_KNOTS ( 'NONE', 3,
 ( #1995, #3791, #642, #2042, #2791, #3867, #3519, #617, #1295, #2067, #2016, #1650, #3465, #593, #320, #266, #3116, #3494, #2766, #2442, #2388, #3763, #3068, #2691, #3420, #2710, #4216 ),
 .UNSPECIFIED., .F., .F.,
 ( 4, 1, 1, 2, 2, 1, 1, 1, 1, 1, 2, 2, 1, 1, 1, 1, 2, 2, 4 ),
 ( 0.000000000000000000, 0.1250000000000000278, 0.1406249999999997502, 0.1425781249999996392, 0.1445312499999995282, 0.1484374999999995282, 0.1562499999999995004, 0.1874999999999998890, 0.2187500000000003053, 0.2343750000000003886, 0.2421875000000003331, 0.2500000000000002776, 0.3750000000000032752, 0.4375000000000045519, 0.4687500000000048850, 0.4843750000000052736, 0.4921875000000052180, 0.5000000000000051070, 1.000000000000000000 ),
 .UNSPECIFIED. ) ;
#3969 = DIRECTION ( 'NONE',  ( 1.000000000000000000, 0.000000000000000000, 0.000000000000000000 ) ) ;
#3970 = DIRECTION ( 'NONE',  ( 1.000000000000000000, 0.000000000000000000, 0.000000000000000000 ) ) ;
#3971 = VERTEX_POINT ( 'NONE', #567 ) ;
#3972 = ADVANCED_FACE ( 'NONE', ( #241 ), #1671, .T. ) ;
#3973 = CARTESIAN_POINT ( 'NONE',  ( -4.719999999999997975, -20.10080230315190519, -1.608729240267238625 ) ) ;
#3974 = ORIENTED_EDGE ( 'NONE', *, *, #2005, .F. ) ;
#3975 = EDGE_CURVE ( 'NONE', #1410, #3489, #3856, .T. ) ;
#3976 = CARTESIAN_POINT ( 'NONE',  ( 7.411666666666665293, 20.00000000000000000, -1.199999999999999734 ) ) ;
#3977 = CARTESIAN_POINT ( 'NONE',  ( -6.920000000000006146, -20.09668897633001450, -1.573125889648153919 ) ) ;
#3978 = EDGE_CURVE ( 'NONE', #4145, #2370, #3165, .T. ) ;
#3979 = CARTESIAN_POINT ( 'NONE',  ( -6.920000000000001705, -18.06666666666666288, -1.199999999999999956 ) ) ;
#3980 = FACE_OUTER_BOUND ( 'NONE', #3925, .T. ) ;
#3981 = ADVANCED_FACE ( 'NONE', ( #3606 ), #3730, .T. ) ;
#3982 = DIRECTION ( 'NONE',  ( -1.000000000000000000, -1.802310104910968147E-16, -3.154042683594195121E-16 ) ) ;
#3983 = DIRECTION ( 'NONE',  ( -1.000000000000000000, 0.000000000000000000, 0.000000000000000000 ) ) ;
#3984 = VERTEX_POINT ( 'NONE', #1117 ) ;
#3985 = DIRECTION ( 'NONE',  ( 0.000000000000000000, 0.000000000000000000, 1.000000000000000000 ) ) ;
#3986 = LINE ( 'NONE', #659, #552 ) ;
#3987 = DIRECTION ( 'NONE',  ( -1.423362852083536858E-15, 1.000000000000000000, 0.000000000000000000 ) ) ;
#3988 = PRESENTATION_LAYER_ASSIGNMENT (  '', '', ( #1466 ) ) ;
#3989 = VECTOR ( 'NONE', #3853, 1000.000000000000000 ) ;
#3990 = DIRECTION ( 'NONE',  ( -0.000000000000000000, -0.000000000000000000, -1.000000000000000000 ) ) ;
#3991 = ORIENTED_EDGE ( 'NONE', *, *, #921, .F. ) ;
#3992 = CARTESIAN_POINT ( 'NONE',  ( 4.600000000000007638, 22.50000000000000711, 0.000000000000000000 ) ) ;
#3993 = VECTOR ( 'NONE', #2923, 1000.000000000000000 ) ;
#3994 = ORIENTED_EDGE ( 'NONE', *, *, #2032, .F. ) ;
#3995 = VECTOR ( 'NONE', #2904, 1000.000000000000000 ) ;
#3996 = DIRECTION ( 'NONE',  ( -1.000000000000000000, 0.000000000000000000, 0.000000000000000000 ) ) ;
#3997 = CIRCLE ( 'NONE', #793, 2.149999999999999023 ) ;
#3998 = CARTESIAN_POINT ( 'NONE',  ( -10.61524347361992682, 12.28820668634124580, -10.78483074862842273 ) ) ;
#3999 = VECTOR ( 'NONE', #2324, 1000.000000000000000 ) ;
#4000 = EDGE_CURVE ( 'NONE', #2322, #4299, #405, .T. ) ;
#4001 = CARTESIAN_POINT ( 'NONE',  ( -2.250000000000000000, 14.16955234963668886, -0.05000000000000000278 ) ) ;
#4002 = CARTESIAN_POINT ( 'NONE',  ( 6.919999999999999041, -20.17660666415326176, -2.791154593215976476 ) ) ;
#4003 = ORIENTED_EDGE ( 'NONE', *, *, #725, .T. ) ;
#4004 = CIRCLE ( 'NONE', #4613, 2.149999999999999023 ) ;
#4005 = CARTESIAN_POINT ( 'NONE',  ( -20.06666666666665577, -4.495000000000002771, -1.800000000000000044 ) ) ;
#4006 = VECTOR ( 'NONE', #112, 1000.000000000000000 ) ;
#4007 = CARTESIAN_POINT ( 'NONE',  ( -4.599999999999997868, 32.76364944841746052, 0.000000000000000000 ) ) ;
#4008 = ADVANCED_FACE ( 'NONE', ( #4595 ), #31, .T. ) ;
#4009 = DIRECTION ( 'NONE',  ( -9.419312991729270339E-17, -1.000000000000000000, 0.000000000000000000 ) ) ;
#4010 = VERTEX_POINT ( 'NONE', #2180 ) ;
#4011 = PLANE ( 'NONE',  #4596 ) ;
#4012 = AXIS2_PLACEMENT_3D ( 'NONE', #2684, #3693, #915 ) ;
#4013 = CARTESIAN_POINT ( 'NONE',  ( -17.91666666666666430, 21.56666666666665932, 0.000000000000000000 ) ) ;
#4014 = AXIS2_PLACEMENT_3D ( 'NONE', #826, #1088, #1502 ) ;
#4015 = VERTEX_POINT ( 'NONE', #3916 ) ;
#4016 = CARTESIAN_POINT ( 'NONE',  ( 4.719999999999998863, 20.17388345774841341, -2.717716808320385979 ) ) ;
#4017 = LINE ( 'NONE', #3682, #3630 ) ;
#4018 = DIRECTION ( 'NONE',  ( 0.000000000000000000, 1.000000000000000000, 0.000000000000000000 ) ) ;
#4019 = DIRECTION ( 'NONE',  ( -0.000000000000000000, -0.000000000000000000, 1.000000000000000000 ) ) ;
#4020 = ORIENTED_EDGE ( 'NONE', *, *, #2366, .T. ) ;
#4021 = DIRECTION ( 'NONE',  ( -1.000000000000000000, 0.000000000000000000, 0.000000000000000000 ) ) ;
#4022 = FACE_OUTER_BOUND ( 'NONE', #3160, .T. ) ;
#4023 = DIRECTION ( 'NONE',  ( -1.000000000000000000, 0.000000000000000000, 0.000000000000000000 ) ) ;
#4024 = CARTESIAN_POINT ( 'NONE',  ( 4.600000000000005862, 20.56666666666664867, -1.800000000000000044 ) ) ;
#4025 = DIRECTION ( 'NONE',  ( -1.000000000000000000, 0.000000000000000000, -0.000000000000000000 ) ) ;
#4026 = ADVANCED_FACE ( 'NONE', ( #3893 ), #718, .F. ) ;
#4027 = CARTESIAN_POINT ( 'NONE',  ( 4.719999999999998863, -20.10201340157417604, -1.619586866141220494 ) ) ;
#4028 = CARTESIAN_POINT ( 'NONE',  ( 4.600000000000003197, 22.50000000000000711, 0.000000000000000000 ) ) ;
#4029 = VERTEX_POINT ( 'NONE', #345 ) ;
#4030 = CARTESIAN_POINT ( 'NONE',  ( -4.723784007440428034, -10.18971810567937020, -0.05000000000000000278 ) ) ;
#4031 = EDGE_CURVE ( 'NONE', #969, #4294, #3571, .T. ) ;
#4032 = CARTESIAN_POINT ( 'NONE',  ( 2.900000000000001243, 22.50000000000000711, -2.849999999999997424 ) ) ;
#4033 = EDGE_CURVE ( 'NONE', #2647, #4294, #1447, .T. ) ;
#4034 = EDGE_LOOP ( 'NONE', ( #302, #943, #1716, #1873 ) ) ;
#4035 = AXIS2_PLACEMENT_3D ( 'NONE', #3052, #958, #250 ) ;
#4036 = CARTESIAN_POINT ( 'NONE',  ( 4.719999999999987317, 19.79095546287935292, -18.02047519957782029 ) ) ;
#4037 = EDGE_CURVE ( 'NONE', #1682, #1299, #1526, .T. ) ;
#4038 = DIRECTION ( 'NONE',  ( 0.000000000000000000, 0.000000000000000000, -1.000000000000000000 ) ) ;
#4039 = DIRECTION ( 'NONE',  ( -1.000000000000000000, 0.000000000000000000, 0.000000000000000000 ) ) ;
#4040 = CARTESIAN_POINT ( 'NONE',  ( -17.91666666666666430, 20.56666666666665577, -1.800000000000000044 ) ) ;
#4041 = VERTEX_POINT ( 'NONE', #2944 ) ;
#4042 = CARTESIAN_POINT ( 'NONE',  ( 6.919999999999999929, -20.19999999999999929, -4.200000000000000178 ) ) ;
#4043 = AXIS2_PLACEMENT_3D ( 'NONE', #844, #4018, #825 ) ;
#4044 = PLANE ( 'NONE',  #192 ) ;
#4045 = DIRECTION ( 'NONE',  ( 0.6032951845587708473, -0.7975179748997502926, 0.000000000000000000 ) ) ;
#4046 = DIRECTION ( 'NONE',  ( 0.000000000000000000, 0.000000000000000000, -1.000000000000000000 ) ) ;
#4047 = DIRECTION ( 'NONE',  ( -9.553223930492242290E-33, -8.608936012201724481E-49, -1.000000000000000000 ) ) ;
#4048 = CARTESIAN_POINT ( 'NONE',  ( 0.000000000000000000, 18.06666666666666288, -0.05000000000000000278 ) ) ;
#4049 = CARTESIAN_POINT ( 'NONE',  ( -3.873628607401183643, -5.248796881907741074, -0.05000000000000000278 ) ) ;
#4050 = LINE ( 'NONE', #2208, #1067 ) ;
#4051 = EDGE_CURVE ( 'NONE', #385, #3568, #428, .T. ) ;
#4052 = LINE ( 'NONE', #1227, #1836 ) ;
#4053 = FACE_OUTER_BOUND ( 'NONE', #4061, .T. ) ;
#4054 = EDGE_CURVE ( 'NONE', #102, #634, #2971, .T. ) ;
#4055 = ORIENTED_EDGE ( 'NONE', *, *, #4404, .T. ) ;
#4056 = DIRECTION ( 'NONE',  ( 0.000000000000000000, -1.000000000000000000, 0.000000000000000000 ) ) ;
#4057 = DIRECTION ( 'NONE',  ( -0.1736481776669341337, -0.9848077530122073542, 0.000000000000000000 ) ) ;
#4058 = CARTESIAN_POINT ( 'NONE',  ( -4.294999999999999929, 20.20000000000000284, -6.049999999999995381 ) ) ;
#4059 = EDGE_CURVE ( 'NONE', #4267, #3679, #1575, .T. ) ;
#4060 = LINE ( 'NONE', #4393, #934 ) ;
#4061 = EDGE_LOOP ( 'NONE', ( #4309, #3136, #3785, #628 ) ) ;
#4062 = ADVANCED_FACE ( 'NONE', ( #4022 ), #95, .F. ) ;
#4063 = CYLINDRICAL_SURFACE ( 'NONE', #2646, 2.149999999999992362 ) ;
#4064 = CARTESIAN_POINT ( 'NONE',  ( 20.06666666666666288, 18.41666666666666430, -1.800000000000000044 ) ) ;
#4065 = VECTOR ( 'NONE', #150, 1000.000000000000000 ) ;
#4066 = DIRECTION ( 'NONE',  ( -1.000000000000000000, -9.011550524554841969E-17, 0.000000000000000000 ) ) ;
#4067 = DIRECTION ( 'NONE',  ( -0.000000000000000000, -0.000000000000000000, 1.000000000000000000 ) ) ;
#4068 = AXIS2_PLACEMENT_3D ( 'NONE', #2362, #1394, #3788 ) ;
#4069 = LINE ( 'NONE', #1720, #1314 ) ;
#4070 = VECTOR ( 'NONE', #1221, 1000.000000000000000 ) ;
#4071 = VECTOR ( 'NONE', #842, 1000.000000000000000 ) ;
#4072 = CYLINDRICAL_SURFACE ( 'NONE', #2432, 2.150000000000000799 ) ;
#4073 = DIRECTION ( 'NONE',  ( -1.802310104910968147E-16, 1.000000000000000000, 0.000000000000000000 ) ) ;
#4074 = VECTOR ( 'NONE', #2449, 1000.000000000000000 ) ;
#4075 = AXIS2_PLACEMENT_3D ( 'NONE', #3456, #4184, #3038 ) ;
#4076 = PLANE ( 'NONE',  #3318 ) ;
#4077 = ORIENTED_EDGE ( 'NONE', *, *, #3401, .T. ) ;
#4078 = ORIENTED_EDGE ( 'NONE', *, *, #897, .T. ) ;
#4079 = CARTESIAN_POINT ( 'NONE',  ( 17.56666666666665577, -15.91666666666666252, -6.049999999999992717 ) ) ;
#4080 = ADVANCED_FACE ( 'NONE', ( #2597 ), #3296, .T. ) ;
#4081 = LINE ( 'NONE', #2325, #3486 ) ;
#4082 = CARTESIAN_POINT ( 'NONE',  ( -6.920000000000001705, -20.19999999999999929, -9.049999999999995381 ) ) ;
#4083 = CARTESIAN_POINT ( 'NONE',  ( 6.919999999999999929, -20.10137124364702998, -6.463898010835929853 ) ) ;
#4084 = VERTEX_POINT ( 'NONE', #1943 ) ;
#4085 = DIRECTION ( 'NONE',  ( -0.000000000000000000, -0.000000000000000000, 1.000000000000000000 ) ) ;
#4086 = VERTEX_POINT ( 'NONE', #3668 ) ;
#4087 = ADVANCED_FACE ( 'NONE', ( #2991 ), #894, .T. ) ;
#4088 = ORIENTED_EDGE ( 'NONE', *, *, #1002, .F. ) ;
#4089 = CARTESIAN_POINT ( 'NONE',  ( -15.59170824512633580, -20.19999999999999574, -16.05000000000000426 ) ) ;
#4090 = CARTESIAN_POINT ( 'NONE',  ( -4.232501089925345461, 10.18971810567936487, -0.05000000000000000278 ) ) ;
#4091 = DIRECTION ( 'NONE',  ( 3.243484218093128570E-16, 1.000000000000000000, 0.000000000000000000 ) ) ;
#4092 = CARTESIAN_POINT ( 'NONE',  ( -9.778751800516216619, 17.06179331365875385, 11.78977391353786253 ) ) ;
#4093 = EDGE_LOOP ( 'NONE', ( #2412, #3612, #1306, #3247 ) ) ;
#4094 = ORIENTED_EDGE ( 'NONE', *, *, #3340, .T. ) ;
#4095 = CARTESIAN_POINT ( 'NONE',  ( 4.719999999999999751, -20.12972218026943594, -1.916598685423443804 ) ) ;
#4096 = CARTESIAN_POINT ( 'NONE',  ( 13.21999999999999709, -20.15780912064544950, -7.193758144615547856 ) ) ;
#4097 = CARTESIAN_POINT ( 'NONE',  ( -20.06666666666665577, -2.400000000000009237, -2.199999999999999289 ) ) ;
#4098 = CARTESIAN_POINT ( 'NONE',  ( 5.416666666666668739, -20.19999999999999929, -1.199999999999999734 ) ) ;
#4099 = FACE_OUTER_BOUND ( 'NONE', #1750, .T. ) ;
#4100 = DIRECTION ( 'NONE',  ( 1.000000000000000000, 0.000000000000000000, 0.000000000000000000 ) ) ;
#4101 = LINE ( 'NONE', #463, #4117 ) ;
#4102 = CARTESIAN_POINT ( 'NONE',  ( 6.920000000000000817, -20.12627745244969901, -6.723313178872585283 ) ) ;
#4103 = ORIENTED_EDGE ( 'NONE', *, *, #3975, .F. ) ;
#4104 = EDGE_CURVE ( 'NONE', #2525, #3789, #3927, .T. ) ;
#4105 = CARTESIAN_POINT ( 'NONE',  ( -4.719999999999998863, -20.19999999999999929, 0.002000000000000048614 ) ) ;
#4106 = ORIENTED_EDGE ( 'NONE', *, *, #3965, .F. ) ;
#4107 = DIRECTION ( 'NONE',  ( -1.000000000000000000, 0.000000000000000000, -0.000000000000000000 ) ) ;
#4108 = PLANE ( 'NONE',  #2800 ) ;
#4109 = CARTESIAN_POINT ( 'NONE',  ( -2.899999999999994582, 10.96445338013734094, -2.849999999999997424 ) ) ;
#4110 = ORIENTED_EDGE ( 'NONE', *, *, #3556, .F. ) ;
#4111 = EDGE_CURVE ( 'NONE', #2057, #1457, #1687, .T. ) ;
#4112 = LINE ( 'NONE', #917, #189 ) ;
#4113 = EDGE_LOOP ( 'NONE', ( #299, #1959, #3224, #665 ) ) ;
#4114 = EDGE_CURVE ( 'NONE', #4015, #4445, #141, .T. ) ;
#4115 = ORIENTED_EDGE ( 'NONE', *, *, #3034, .T. ) ;
#4116 = PLANE ( 'NONE',  #2804 ) ;
#4117 = VECTOR ( 'NONE', #1521, 1000.000000000000000 ) ;
#4118 = DIRECTION ( 'NONE',  ( -0.5766306079752016034, -0.8170049828159858807, 0.000000000000000000 ) ) ;
#4119 = EDGE_CURVE ( 'NONE', #3453, #758, #4439, .T. ) ;
#4120 = DIRECTION ( 'NONE',  ( 0.000000000000000000, -1.000000000000000000, 0.000000000000000000 ) ) ;
#4121 = ADVANCED_FACE ( 'NONE', ( #2617 ), #4044, .T. ) ;
#4122 = CARTESIAN_POINT ( 'NONE',  ( -21.06666666666665932, 2.400000000000009681, -1.800000000000000044 ) ) ;
#4123 = ORIENTED_EDGE ( 'NONE', *, *, #1215, .F. ) ;
#4124 = DIRECTION ( 'NONE',  ( 0.4235566057475236845, 0.9058696383738868985, -0.000000000000000000 ) ) ;
#4125 = DIRECTION ( 'NONE',  ( 1.000000000000000000, 0.000000000000000000, 0.000000000000000000 ) ) ;
#4126 = CARTESIAN_POINT ( 'NONE',  ( -13.21999999999999886, 20.19999999999999574, 0.002000000000000048614 ) ) ;
#4127 = CARTESIAN_POINT ( 'NONE',  ( 21.06666666666666288, 18.41666666666666430, -1.800000000000000044 ) ) ;
#4128 = EDGE_LOOP ( 'NONE', ( #742, #908, #1092, #2060 ) ) ;
#4129 = CARTESIAN_POINT ( 'NONE',  ( 0.08549891007465955373, 10.18971810567936664, 0.000000000000000000 ) ) ;
#4130 = LINE ( 'NONE', #936, #946 ) ;
#4131 = ORIENTED_EDGE ( 'NONE', *, *, #2872, .F. ) ;
#4132 = LINE ( 'NONE', #3384, #954 ) ;
#4133 = VERTEX_POINT ( 'NONE', #848 ) ;
#4134 = APPLICATION_CONTEXT ( 'automotive_design' ) ;
#4135 = CARTESIAN_POINT ( 'NONE',  ( -4.719999999999999751, -20.14503343851966477, -2.131151125185811956 ) ) ;
#4136 = VERTEX_POINT ( 'NONE', #1878 ) ;
#4137 = ORIENTED_EDGE ( 'NONE', *, *, #2290, .T. ) ;
#4138 = AXIS2_PLACEMENT_3D ( 'NONE', #573, #621, #3121 ) ;
#4139 = EDGE_CURVE ( 'NONE', #966, #3186, #2268, .T. ) ;
#4140 = CARTESIAN_POINT ( 'NONE',  ( -3.873628607401181423, -3.351423184354708873, -0.05000000000000000278 ) ) ;
#4141 = AXIS2_PLACEMENT_3D ( 'NONE', #91, #3932, #423 ) ;
#4142 = CARTESIAN_POINT ( 'NONE',  ( 13.21999999999999709, -20.03096976058485978, -6.049999999999999822 ) ) ;
#4143 = AXIS2_PLACEMENT_3D ( 'NONE', #58, #1511, #1489 ) ;
#4144 = CARTESIAN_POINT ( 'NONE',  ( -14.88475652638006785, 11.71179331365875420, 0.000000000000000000 ) ) ;
#4145 = VERTEX_POINT ( 'NONE', #1157 ) ;
#4146 = CIRCLE ( 'NONE', #3022, 1.897373697553036642 ) ;
#4147 = ADVANCED_FACE ( 'NONE', ( #513 ), #160, .F. ) ;
#4148 = CARTESIAN_POINT ( 'NONE',  ( -9.778751800516216619, 17.06179331365875385, -0.5000000000000004441 ) ) ;
#4149 = AXIS2_PLACEMENT_3D ( 'NONE', #2775, #1001, #546 ) ;
#4150 = ORIENTED_EDGE ( 'NONE', *, *, #2978, .T. ) ;
#4151 = CARTESIAN_POINT ( 'NONE',  ( -15.25002883514971863, 2.400000000000010125, -2.199999999999999289 ) ) ;
#4152 = CIRCLE ( 'NONE', #731, 1.218749999999997558 ) ;
#4153 = VECTOR ( 'NONE', #1679, 1000.000000000000000 ) ;
#4154 = LINE ( 'NONE', #4126, #2624 ) ;
#4155 = DIRECTION ( 'NONE',  ( -0.6032951845587709583, 0.7975179748997501816, 0.000000000000000000 ) ) ;
#4156 = ORIENTED_EDGE ( 'NONE', *, *, #200, .F. ) ;
#4157 = CARTESIAN_POINT ( 'NONE',  ( -6.920000000000001705, -20.56666666666666288, -6.049999999999992717 ) ) ;
#4158 = AXIS2_PLACEMENT_3D ( 'NONE', #2227, #3273, #4023 ) ;
#4159 = DIRECTION ( 'NONE',  ( 1.000000000000000000, 0.000000000000000000, 0.000000000000000000 ) ) ;
#4160 = ORIENTED_EDGE ( 'NONE', *, *, #1579, .T. ) ;
#4161 = CYLINDRICAL_SURFACE ( 'NONE', #2595, 1.218749999999997558 ) ;
#4162 = VERTEX_POINT ( 'NONE', #1246 ) ;
#4163 = ORIENTED_EDGE ( 'NONE', *, *, #3262, .F. ) ;
#4164 = CARTESIAN_POINT ( 'NONE',  ( -4.719999999999997975, -20.17660666415325821, -2.791110739276217778 ) ) ;
#4165 = ORIENTED_EDGE ( 'NONE', *, *, #1752, .F. ) ;
#4166 = ORIENTED_EDGE ( 'NONE', *, *, #1326, .T. ) ;
#4167 = CARTESIAN_POINT ( 'NONE',  ( -17.91666666666666430, 20.56666666666665577, -1.800000000000000044 ) ) ;
#4168 = CARTESIAN_POINT ( 'NONE',  ( -13.21999999999999886, -20.19999999999999574, -9.050000000000009592 ) ) ;
#4169 = EDGE_CURVE ( 'NONE', #4472, #2762, #2660, .T. ) ;
#4170 = DIRECTION ( 'NONE',  ( 0.5993361687399259008, -0.8004974433689011626, -0.000000000000000000 ) ) ;
#4171 = ORIENTED_EDGE ( 'NONE', *, *, #926, .F. ) ;
#4172 = FACE_OUTER_BOUND ( 'NONE', #369, .T. ) ;
#4173 = VERTEX_POINT ( 'NONE', #2571 ) ;
#4174 = EDGE_CURVE ( 'NONE', #2384, #2160, #3829, .T. ) ;
#4175 = CARTESIAN_POINT ( 'NONE',  ( 8.142252025465888110, -10.18971810567937197, 0.000000000000000000 ) ) ;
#4176 = PLANE ( 'NONE',  #1105 ) ;
#4177 = EDGE_CURVE ( 'NONE', #1213, #3119, #3997, .T. ) ;
#4178 = CARTESIAN_POINT ( 'NONE',  ( -15.41666666666665719, -15.91666666666666252, -6.049999999999992717 ) ) ;
#4179 = CARTESIAN_POINT ( 'NONE',  ( -4.719999999999997975, 20.00000000000000355, -6.049999999999992717 ) ) ;
#4180 = CARTESIAN_POINT ( 'NONE',  ( -17.56666666666665577, 15.91666666666666252, -6.049999999999992717 ) ) ;
#4181 = EDGE_LOOP ( 'NONE', ( #1101, #3811, #694, #1270 ) ) ;
#4182 = ADVANCED_FACE ( 'NONE', ( #2682 ), #631, .F. ) ;
#4183 = DIRECTION ( 'NONE',  ( -1.269309860470838865E-15, 1.000000000000000000, 0.000000000000000000 ) ) ;
#4184 = DIRECTION ( 'NONE',  ( -0.000000000000000000, -0.000000000000000000, 1.000000000000000000 ) ) ;
#4185 = ORIENTED_EDGE ( 'NONE', *, *, #2373, .T. ) ;
#4186 = CARTESIAN_POINT ( 'NONE',  ( -21.06666666666665577, -18.41666666666666430, -1.199999999999999956 ) ) ;
#4187 = VERTEX_POINT ( 'NONE', #2331 ) ;
#4188 = CARTESIAN_POINT ( 'NONE',  ( -21.06666666666665932, 18.41666666666665719, -1.199999999999999956 ) ) ;
#4189 = ORIENTED_EDGE ( 'NONE', *, *, #225, .F. ) ;
#4190 = VERTEX_POINT ( 'NONE', #4562 ) ;
#4191 = VECTOR ( 'NONE', #2340, 1000.000000000000114 ) ;
#4192 = CARTESIAN_POINT ( 'NONE',  ( 20.06666666666665577, 12.25000000000000355, -2.949999999999994404 ) ) ;
#4193 = CARTESIAN_POINT ( 'NONE',  ( -12.21524347361992646, 12.28820668634124580, -0.5000000000000004441 ) ) ;
#4194 = CARTESIAN_POINT ( 'NONE',  ( -13.21999999999999886, 20.19999999999999574, -9.049999999999995381 ) ) ;
#4195 = ORIENTED_EDGE ( 'NONE', *, *, #3719, .T. ) ;
#4196 = LINE ( 'NONE', #2770, #265 ) ;
#4197 = ORIENTED_EDGE ( 'NONE', *, *, #1900, .F. ) ;
#4198 = CARTESIAN_POINT ( 'NONE',  ( -20.06666666666665577, -18.41666666666666430, -1.800000000000000044 ) ) ;
#4199 = LINE ( 'NONE', #2003, #1242 ) ;
#4200 = EDGE_CURVE ( 'NONE', #3107, #1788, #2582, .T. ) ;
#4201 = CARTESIAN_POINT ( 'NONE',  ( -13.22000000000000064, -20.10137124364702998, -6.463898010835944952 ) ) ;
#4202 = CARTESIAN_POINT ( 'NONE',  ( -6.920000000000002593, -20.09579950607178489, -6.415293205231910711 ) ) ;
#4203 = ORIENTED_EDGE ( 'NONE', *, *, #2393, .T. ) ;
#4204 = LINE ( 'NONE', #2379, #2435 ) ;
#4205 = DIRECTION ( 'NONE',  ( -1.000000000000000000, 0.000000000000000000, -0.000000000000000000 ) ) ;
#4206 = EDGE_CURVE ( 'NONE', #4548, #616, #1174, .T. ) ;
#4207 = CARTESIAN_POINT ( 'NONE',  ( -14.88475652638006785, 11.71179331365875420, -10.78483074862842273 ) ) ;
#4208 = ORIENTED_EDGE ( 'NONE', *, *, #358, .T. ) ;
#4209 = DIRECTION ( 'NONE',  ( 0.8749999999999997780, -0.4841229182759274607, 0.000000000000000000 ) ) ;
#4210 = ADVANCED_FACE ( 'NONE', ( #3413 ), #3784, .F. ) ;
#4211 = EDGE_LOOP ( 'NONE', ( #1106, #2844, #1294, #4594 ) ) ;
#4212 = ORIENTED_EDGE ( 'NONE', *, *, #1829, .T. ) ;
#4213 = CARTESIAN_POINT ( 'NONE',  ( -13.38475652638007318, 11.71179331365875420, -10.78483074862842273 ) ) ;
#4214 = ORIENTED_EDGE ( 'NONE', *, *, #4292, .T. ) ;
#4215 = ORIENTED_EDGE ( 'NONE', *, *, #4454, .F. ) ;
#4216 = CARTESIAN_POINT ( 'NONE',  ( 13.21999999999999886, 20.19999999999999574, -4.200000000000000178 ) ) ;
#4217 = AXIS2_PLACEMENT_3D ( 'NONE', #437, #3963, #2188 ) ;
#4218 = CARTESIAN_POINT ( 'NONE',  ( 2.854303231614408798, -20.50833333333332575, -18.30000000000000426 ) ) ;
#4219 = CARTESIAN_POINT ( 'NONE',  ( 17.56666666666665932, 12.25000000000000355, -1.199999999999999956 ) ) ;
#4220 = VECTOR ( 'NONE', #478, 1000.000000000000000 ) ;
#4221 = ORIENTED_EDGE ( 'NONE', *, *, #1601, .F. ) ;
#4222 = CIRCLE ( 'NONE', #3321, 1.060308641975302280 ) ;
#4223 = FACE_OUTER_BOUND ( 'NONE', #3193, .T. ) ;
#4224 = AXIS2_PLACEMENT_3D ( 'NONE', #2206, #433, #3235 ) ;
#4225 = VECTOR ( 'NONE', #2245, 1000.000000000000000 ) ;
#4226 = ORIENTED_EDGE ( 'NONE', *, *, #393, .T. ) ;
#4227 = LINE ( 'NONE', #1378, #3028 ) ;
#4228 = ORIENTED_EDGE ( 'NONE', *, *, #3350, .F. ) ;
#4229 = DIRECTION ( 'NONE',  ( 0.000000000000000000, 0.000000000000000000, 1.000000000000000000 ) ) ;
#4230 = CIRCLE ( 'NONE', #4143, 1.218749999999997558 ) ;
#4231 = AXIS2_PLACEMENT_3D ( 'NONE', #2302, #3308, #152 ) ;
#4232 = CARTESIAN_POINT ( 'NONE',  ( -13.22000000000000064, -20.12627745244969901, -6.723313178872597717 ) ) ;
#4233 = CARTESIAN_POINT ( 'NONE',  ( -8.843997974534154594, -6.069504138585642750, 0.000000000000000000 ) ) ;
#4234 = ORIENTED_EDGE ( 'NONE', *, *, #2179, .T. ) ;
#4235 = VECTOR ( 'NONE', #811, 1000.000000000000000 ) ;
#4236 = VECTOR ( 'NONE', #2839, 1000.000000000000000 ) ;
#4237 = AXIS2_PLACEMENT_3D ( 'NONE', #1288, #1576, #3669 ) ;
#4238 = EDGE_CURVE ( 'NONE', #1964, #3768, #912, .T. ) ;
#4239 = PLANE ( 'NONE',  #4374 ) ;
#4240 = CARTESIAN_POINT ( 'NONE',  ( -2.250000000000000000, 14.16955234963668886, -0.05000000000000000278 ) ) ;
#4241 = PLANE ( 'NONE',  #2215 ) ;
#4242 = VERTEX_POINT ( 'NONE', #286 ) ;
#4243 = DIRECTION ( 'NONE',  ( 1.000000000000000000, 0.000000000000000000, 0.000000000000000000 ) ) ;
#4244 = EDGE_LOOP ( 'NONE', ( #1908, #3460, #2864, #3865 ) ) ;
#4245 = VERTEX_POINT ( 'NONE', #1715 ) ;
#4246 = EDGE_CURVE ( 'NONE', #2462, #4480, #3733, .T. ) ;
#4247 = FACE_OUTER_BOUND ( 'NONE', #1049, .T. ) ;
#4248 = ORIENTED_EDGE ( 'NONE', *, *, #4517, .F. ) ;
#4249 = VECTOR ( 'NONE', #516, 1000.000000000000114 ) ;
#4250 = ORIENTED_EDGE ( 'NONE', *, *, #4031, .F. ) ;
#4251 = CARTESIAN_POINT ( 'NONE',  ( 13.64499999999999780, 20.19999999999999574, -1.199999999999999734 ) ) ;
#4252 = CARTESIAN_POINT ( 'NONE',  ( 17.91666666666666430, -21.56666666666666288, -1.800000000000000044 ) ) ;
#4253 = CARTESIAN_POINT ( 'NONE',  ( 4.719999999999998863, -20.00000000000000000, -1.199999999999999956 ) ) ;
#4254 = DIRECTION ( 'NONE',  ( 1.000000000000000000, 0.000000000000000000, 0.000000000000000000 ) ) ;
#4255 = CARTESIAN_POINT ( 'NONE',  ( 20.06666666666665577, 17.25000000000000355, -2.949999999999994404 ) ) ;
#4256 = CARTESIAN_POINT ( 'NONE',  ( -4.719999999999998863, -20.19999999999999929, -4.200000000000000178 ) ) ;
#4257 = CARTESIAN_POINT ( 'NONE',  ( 17.91666666666666430, 21.56666666666665932, -1.199999999999999956 ) ) ;
#4258 = DIRECTION ( 'NONE',  ( -1.000000000000000000, 0.000000000000000000, -0.000000000000000000 ) ) ;
#4259 = DIRECTION ( 'NONE',  ( 8.180276040875718629E-16, -1.000000000000000000, 0.000000000000000000 ) ) ;
#4260 = ORIENTED_EDGE ( 'NONE', *, *, #4200, .T. ) ;
#4261 = ADVANCED_FACE ( 'NONE', ( #1364 ), #4485, .F. ) ;
#4262 = CARTESIAN_POINT ( 'NONE',  ( 14.87500000000000178, 12.25000000000000533, -2.949999999999994404 ) ) ;
#4263 = ORIENTED_EDGE ( 'NONE', *, *, #3742, .T. ) ;
#4264 = ORIENTED_EDGE ( 'NONE', *, *, #1970, .F. ) ;
#4265 = CARTESIAN_POINT ( 'NONE',  ( -4.719999999999998863, -20.13208368768260570, -1.947281029429543064 ) ) ;
#4266 = VERTEX_POINT ( 'NONE', #2356 ) ;
#4267 = VERTEX_POINT ( 'NONE', #1686 ) ;
#4268 = CARTESIAN_POINT ( 'NONE',  ( 4.294999999999999929, 20.19999999999999929, -1.199999999999999734 ) ) ;
#4269 = ADVANCED_FACE ( 'NONE', ( #1287 ), #2702, .T. ) ;
#4270 = CARTESIAN_POINT ( 'NONE',  ( -17.91666666666665719, -18.41666666666666430, -41.50206437473708831 ) ) ;
#4271 = VECTOR ( 'NONE', #3852, 1000.000000000000000 ) ;
#4272 = CARTESIAN_POINT ( 'NONE',  ( 9.019999999999994245, -20.00000000000000000, -6.049999999999994493 ) ) ;
#4273 = ORIENTED_EDGE ( 'NONE', *, *, #3870, .T. ) ;
#4274 = LINE ( 'NONE', #1141, #2950 ) ;
#4275 = EDGE_CURVE ( 'NONE', #4041, #2735, #4130, .T. ) ;
#4276 = EDGE_CURVE ( 'NONE', #950, #1193, #1310, .T. ) ;
#4277 = B_SPLINE_CURVE_WITH_KNOTS ( 'NONE', 3,
 ( #2153, #3557, #22, #2899 ),
 .UNSPECIFIED., .F., .F.,
 ( 4, 4 ),
 ( 0.000000000000000000, 1.000000000000000000 ),
 .UNSPECIFIED. ) ;
#4278 = DIRECTION ( 'NONE',  ( -0.000000000000000000, -0.000000000000000000, 1.000000000000000000 ) ) ;
#4279 = CARTESIAN_POINT ( 'NONE',  ( 8.142252025465888110, -10.18971810567937197, -0.05000000000000000278 ) ) ;
#4280 = EDGE_LOOP ( 'NONE', ( #3438, #1957, #3036, #855 ) ) ;
#4281 = LINE ( 'NONE', #2456, #3400 ) ;
#4282 = DIRECTION ( 'NONE',  ( -3.469446951953616161E-16, -1.000000000000000000, 0.000000000000000000 ) ) ;
#4283 = VERTEX_POINT ( 'NONE', #986 ) ;
#4284 = DIRECTION ( 'NONE',  ( -1.802310104910968147E-16, 1.000000000000000000, 0.000000000000000000 ) ) ;
#4285 = VERTEX_POINT ( 'NONE', #2009 ) ;
#4286 = DIRECTION ( 'NONE',  ( -1.000000000000000000, -9.011550524554841969E-17, 0.000000000000000000 ) ) ;
#4287 = EDGE_LOOP ( 'NONE', ( #2166, #4507, #1803, #1344 ) ) ;
#4288 = VERTEX_POINT ( 'NONE', #1663 ) ;
#4289 = CARTESIAN_POINT ( 'NONE',  ( 17.56666666666665932, 12.25000000000000355, -41.50206437473708831 ) ) ;
#4290 = FACE_OUTER_BOUND ( 'NONE', #4287, .T. ) ;
#4291 = CARTESIAN_POINT ( 'NONE',  ( 6.920000000000000817, -20.10452734011224152, -1.642304993564700055 ) ) ;
#4292 = EDGE_CURVE ( 'NONE', #4333, #1446, #3382, .T. ) ;
#4293 = DIRECTION ( 'NONE',  ( -1.000000000000000000, -0.000000000000000000, -0.000000000000000000 ) ) ;
#4294 = VERTEX_POINT ( 'NONE', #2380 ) ;
#4295 = LINE ( 'NONE', #3637, #1831 ) ;
#4296 = ADVANCED_FACE ( 'NONE', ( #2033 ), #1617, .F. ) ;
#4297 = VECTOR ( 'NONE', #523, 1000.000000000000114 ) ;
#4298 = VECTOR ( 'NONE', #1673, 1000.000000000000000 ) ;
#4299 = VERTEX_POINT ( 'NONE', #4466 ) ;
#4300 = AXIS2_PLACEMENT_3D ( 'NONE', #1858, #1200, #1551 ) ;
#4301 = CARTESIAN_POINT ( 'NONE',  ( -4.599999999999996092, 21.56666666666665932, 0.000000000000000000 ) ) ;
#4302 = VECTOR ( 'NONE', #4286, 1000.000000000000000 ) ;
#4303 = LINE ( 'NONE', #1065, #3403 ) ;
#4304 = ORIENTED_EDGE ( 'NONE', *, *, #1441, .F. ) ;
#4305 = CARTESIAN_POINT ( 'NONE',  ( 20.06666666666665932, -18.41666666666666430, -1.800000000000000044 ) ) ;
#4306 = AXIS2_PLACEMENT_3D ( 'NONE', #2837, #3241, #3222 ) ;
#4307 = VERTEX_POINT ( 'NONE', #1267 ) ;
#4308 = DIRECTION ( 'NONE',  ( 1.000000000000000000, -0.000000000000000000, 0.000000000000000000 ) ) ;
#4309 = ORIENTED_EDGE ( 'NONE', *, *, #1733, .F. ) ;
#4310 = ORIENTED_EDGE ( 'NONE', *, *, #2169, .F. ) ;
#4311 = AXIS2_PLACEMENT_3D ( 'NONE', #3123, #978, #328 ) ;
#4312 = CARTESIAN_POINT ( 'NONE',  ( -13.22000000000000242, 20.17388345774841696, -7.567716808320384736 ) ) ;
#4313 = PLANE ( 'NONE',  #2151 ) ;
#4314 = CIRCLE ( 'NONE', #2444, 4.120213967093725671 ) ;
#4315 = CARTESIAN_POINT ( 'NONE',  ( 8.699915402087103899, -9.061992185944493627, -0.05000000000000000278 ) ) ;
#4316 = PLANE ( 'NONE',  #937 ) ;
#4317 = AXIS2_PLACEMENT_3D ( 'NONE', #1248, #4401, #1622 ) ;
#4318 = CARTESIAN_POINT ( 'NONE',  ( 13.22000000000000419, 20.50833333333332575, -17.23969135802470021 ) ) ;
#4319 = VERTEX_POINT ( 'NONE', #3157 ) ;
#4320 = EDGE_CURVE ( 'NONE', #3794, #4245, #3884, .T. ) ;
#4321 = PLANE ( 'NONE',  #4217 ) ;
#4322 = ADVANCED_FACE ( 'NONE', ( #46 ), #687, .T. ) ;
#4323 = ORIENTED_EDGE ( 'NONE', *, *, #460, .F. ) ;
#4324 = EDGE_CURVE ( 'NONE', #1682, #3380, #2145, .T. ) ;
#4325 = CARTESIAN_POINT ( 'NONE',  ( 4.719999999999998863, -20.00000000000000000, -1.199999999999999956 ) ) ;
#4326 = FACE_OUTER_BOUND ( 'NONE', #3163, .T. ) ;
#4327 = ORIENTED_EDGE ( 'NONE', *, *, #4632, .T. ) ;
#4328 = EDGE_CURVE ( 'NONE', #2716, #2875, #337, .T. ) ;
#4329 = CARTESIAN_POINT ( 'NONE',  ( 8.142252025465888110, -9.487972156611116148, 0.000000000000000000 ) ) ;
#4330 = ORIENTED_EDGE ( 'NONE', *, *, #3393, .F. ) ;
#4331 = ADVANCED_FACE ( 'NONE', ( #3243 ), #3581, .F. ) ;
#4332 = LINE ( 'NONE', #427, #1235 ) ;
#4333 = VERTEX_POINT ( 'NONE', #2084 ) ;
#4334 = CARTESIAN_POINT ( 'NONE',  ( -13.22000000000000242, 20.03096976058487044, -6.049999999999996270 ) ) ;
#4335 = LINE ( 'NONE', #1137, #55 ) ;
#4336 = CARTESIAN_POINT ( 'NONE',  ( 6.920000000000000817, -20.17388202335003911, -2.717692048938436855 ) ) ;
#4337 = CARTESIAN_POINT ( 'NONE',  ( -13.38475652638007318, 11.71179331365875420, -10.78483074862842273 ) ) ;
#4338 = CARTESIAN_POINT ( 'NONE',  ( 6.919999999999999929, -18.06666666666666288, -1.199999999999999956 ) ) ;
#4339 = ORIENTED_EDGE ( 'NONE', *, *, #2236, .F. ) ;
#4340 = CARTESIAN_POINT ( 'NONE',  ( 4.719999999999997087, 20.50833333333332575, -18.30000000000000426 ) ) ;
#4341 = DIRECTION ( 'NONE',  ( -1.000000000000000000, 0.000000000000000000, 0.000000000000000000 ) ) ;
#4342 = ORIENTED_EDGE ( 'NONE', *, *, #390, .T. ) ;
#4343 = CARTESIAN_POINT ( 'NONE',  ( -4.723784007440428034, -6.069504138585642750, -0.05000000000000000278 ) ) ;
#4344 = EDGE_CURVE ( 'NONE', #2403, #1472, #1792, .T. ) ;
#4345 = CARTESIAN_POINT ( 'NONE',  ( -6.186666666666667425, -20.19999999999999929, -4.200000000000000178 ) ) ;
#4346 = EDGE_LOOP ( 'NONE', ( #446, #3304, #3887, #4628 ) ) ;
#4347 = CARTESIAN_POINT ( 'NONE',  ( -21.06666666666666288, 18.41666666666665719, -1.800000000000000044 ) ) ;
#4348 = EDGE_LOOP ( 'NONE', ( #444, #2796, #272, #1783, #12, #1454 ) ) ;
#4349 = PLANE ( 'NONE',  #4603 ) ;
#4350 = EDGE_CURVE ( 'NONE', #2915, #1264, #2858, .T. ) ;
#4351 = CARTESIAN_POINT ( 'NONE',  ( 17.91666666666666430, 18.41666666666666430, -1.800000000000000044 ) ) ;
#4352 = DIRECTION ( 'NONE',  ( -1.000000000000000000, 0.000000000000000000, 0.000000000000000000 ) ) ;
#4353 = CARTESIAN_POINT ( 'NONE',  ( 6.919999999999999929, -20.19999999999999929, -4.200000000000000178 ) ) ;
#4354 = ORIENTED_EDGE ( 'NONE', *, *, #1007, .F. ) ;
#4355 = CARTESIAN_POINT ( 'NONE',  ( -13.38475652638007318, 11.71179331365875420, -0.5000000000000004441 ) ) ;
#4356 = DIRECTION ( 'NONE',  ( -1.000000000000000000, 0.000000000000000000, 0.000000000000000000 ) ) ;
#4357 = LINE ( 'NONE', #3529, #2478 ) ;
#4358 = ORIENTED_EDGE ( 'NONE', *, *, #2659, .F. ) ;
#4359 = CARTESIAN_POINT ( 'NONE',  ( -4.719999999999997975, -20.50833333333332575, -18.30000000000000426 ) ) ;
#4360 = CARTESIAN_POINT ( 'NONE',  ( -17.56666666666665577, -4.495000000000003659, -41.50206437473708831 ) ) ;
#4361 = ORIENTED_EDGE ( 'NONE', *, *, #2812, .F. ) ;
#4362 = CARTESIAN_POINT ( 'NONE',  ( 4.719999999999998863, 20.17310723678405893, -2.697425145945828717 ) ) ;
#4363 = VECTOR ( 'NONE', #1934, 1000.000000000000114 ) ;
#4364 = AXIS2_PLACEMENT_3D ( 'NONE', #2503, #1179, #3226 ) ;
#4365 = CARTESIAN_POINT ( 'NONE',  ( -6.920000000000001705, -20.19999999999999929, -4.200000000000001954 ) ) ;
#4366 = CARTESIAN_POINT ( 'NONE',  ( 20.06666666666665577, 12.25000000000000355, -6.049999999999992717 ) ) ;
#4367 = DIRECTION ( 'NONE',  ( 0.000000000000000000, 0.000000000000000000, -1.000000000000000000 ) ) ;
#4368 = AXIS2_PLACEMENT_3D ( 'NONE', #4049, #2580, #100 ) ;
#4369 = ORIENTED_EDGE ( 'NONE', *, *, #2032, .T. ) ;
#4370 = ADVANCED_FACE ( 'NONE', ( #4326 ), #1481, .F. ) ;
#4371 = AXIS2_PLACEMENT_3D ( 'NONE', #1876, #1199, #1958 ) ;
#4372 = CARTESIAN_POINT ( 'NONE',  ( -2.439184172310317589, -3.351423184354708873, 0.000000000000000000 ) ) ;
#4373 = DIRECTION ( 'NONE',  ( 0.000000000000000000, 1.000000000000000000, 0.000000000000000000 ) ) ;
#4374 = AXIS2_PLACEMENT_3D ( 'NONE', #3882, #3204, #335 ) ;
#4375 = LINE ( 'NONE', #32, #132 ) ;
#4376 = ADVANCED_FACE ( 'NONE', ( #2877 ), #23, .T. ) ;
#4377 = CARTESIAN_POINT ( 'NONE',  ( -13.21999999999999886, 20.19999999999999574, 0.002000000000000048614 ) ) ;
#4378 = VECTOR ( 'NONE', #1032, 1000.000000000000000 ) ;
#4379 = EDGE_CURVE ( 'NONE', #2762, #2577, #4303, .T. ) ;
#4380 = FACE_OUTER_BOUND ( 'NONE', #3264, .T. ) ;
#4381 = CARTESIAN_POINT ( 'NONE',  ( 13.21999999999999709, -21.56666666666665932, -1.800000000000000044 ) ) ;
#4382 = CARTESIAN_POINT ( 'NONE',  ( -4.719999999999997975, 21.56666666666665577, -10.80000000000000426 ) ) ;
#4383 = ORIENTED_EDGE ( 'NONE', *, *, #1475, .F. ) ;
#4384 = EDGE_CURVE ( 'NONE', #1446, #3946, #2501, .T. ) ;
#4385 = CARTESIAN_POINT ( 'NONE',  ( -6.920000000000001705, -18.06666666666666288, -6.049999999999992717 ) ) ;
#4386 = ORIENTED_EDGE ( 'NONE', *, *, #4623, .T. ) ;
#4387 = AXIS2_PLACEMENT_3D ( 'NONE', #896, #1645, #4046 ) ;
#4388 =( NAMED_UNIT ( * ) PLANE_ANGLE_UNIT ( ) SI_UNIT ( $, .RADIAN. ) );
#4389 = ORIENTED_EDGE ( 'NONE', *, *, #4037, .T. ) ;
#4390 = DIRECTION ( 'NONE',  ( -0.000000000000000000, -0.000000000000000000, 1.000000000000000000 ) ) ;
#4391 = DIRECTION ( 'NONE',  ( 1.000000000000000000, 0.000000000000000000, -0.000000000000000000 ) ) ;
#4392 = CARTESIAN_POINT ( 'NONE',  ( -4.294999999999999929, 20.00000000000000355, -6.049999999999995381 ) ) ;
#4393 = CARTESIAN_POINT ( 'NONE',  ( -15.41666666666665897, 18.06666666666666288, -41.50206437473708831 ) ) ;
#4394 = ORIENTED_EDGE ( 'NONE', *, *, #1865, .T. ) ;
#4395 = PLANE ( 'NONE',  #4371 ) ;
#4396 = ORIENTED_EDGE ( 'NONE', *, *, #3283, .F. ) ;
#4397 =( BOUNDED_SURFACE ( )  B_SPLINE_SURFACE ( 2, 3, ( 
 ( #485, #1955, #111, #4392 ),
 ( #1196, #1921, #3337, #4058 ),
 ( #2986, #4414, #2286, #3708 ) ),
 .UNSPECIFIED., .F., .F., .F. ) 
 B_SPLINE_SURFACE_WITH_KNOTS ( ( 3, 3 ),
 ( 4, 4 ),
 ( 0.000000000000000000, 1.000000000000000000 ),
 ( -0.03026999999999998442, -0.02091999999999998722 ),
 .UNSPECIFIED. ) 
 GEOMETRIC_REPRESENTATION_ITEM ( )  RATIONAL_B_SPLINE_SURFACE ( (
 ( 1.000000000000000000, 1.000000000000000000, 1.000000000000000000, 1.000000000000000000),
 ( 0.7071067811865475727, 0.7071067811865475727, 0.7071067811865475727, 0.7071067811865475727),
 ( 1.000000000000000000, 1.000000000000000000, 1.000000000000000000, 1.000000000000000000) ) ) 
 REPRESENTATION_ITEM ( '' )  SURFACE ( )  );
#4398 = EDGE_CURVE ( 'NONE', #1415, #711, #2155, .T. ) ;
#4399 = CARTESIAN_POINT ( 'NONE',  ( -17.91666666666666430, 21.56666666666665932, -1.199999999999999956 ) ) ;
#4400 = CARTESIAN_POINT ( 'NONE',  ( 2.899999999999999911, 14.00000000000000000, -1.199999999999999956 ) ) ;
#4401 = DIRECTION ( 'NONE',  ( 0.000000000000000000, 0.000000000000000000, -1.000000000000000000 ) ) ;
#4402 = PLANE ( 'NONE',  #2882 ) ;
#4403 = PLANE ( 'NONE',  #2357 ) ;
#4404 = EDGE_CURVE ( 'NONE', #634, #2384, #1919, .T. ) ;
#4405 = CARTESIAN_POINT ( 'NONE',  ( 4.719999999999998863, -20.10143214538321388, -1.614443289110549129 ) ) ;
#4406 = LINE ( 'NONE', #1165, #1279 ) ;
#4407 = ORIENTED_EDGE ( 'NONE', *, *, #3000, .F. ) ;
#4408 = FACE_OUTER_BOUND ( 'NONE', #3463, .T. ) ;
#4409 = EDGE_CURVE ( 'NONE', #1299, #2076, #2106, .T. ) ;
#4410 = CARTESIAN_POINT ( 'NONE',  ( 6.223333333333338047, -20.19999999999999929, -4.200000000000000178 ) ) ;
#4411 = VERTEX_POINT ( 'NONE', #365 ) ;
#4412 = CARTESIAN_POINT ( 'NONE',  ( 4.719999999999998863, 20.13465588649389559, -1.981643267166200539 ) ) ;
#4413 = DIRECTION ( 'NONE',  ( 1.000000000000000000, 0.000000000000000000, 0.000000000000000000 ) ) ;
#4414 = CARTESIAN_POINT ( 'NONE',  ( -10.52833333333333243, 20.19999999999999574, -9.049999999999995381 ) ) ;
#4415 = DIRECTION ( 'NONE',  ( 0.000000000000000000, 0.1397268238372009475, -0.9901900901848935677 ) ) ;
#4416 = ORIENTED_EDGE ( 'NONE', *, *, #3214, .F. ) ;
#4417 = PLANE ( 'NONE',  #3189 ) ;
#4418 = EDGE_LOOP ( 'NONE', ( #993, #261, #2681, #3289 ) ) ;
#4419 = CIRCLE ( 'NONE', #1515, 2.149999999999992362 ) ;
#4420 = DIRECTION ( 'NONE',  ( -0.000000000000000000, -0.000000000000000000, 1.000000000000000000 ) ) ;
#4421 = CARTESIAN_POINT ( 'NONE',  ( -15.59170824512628251, 20.19999999999999574, -16.05000000000000426 ) ) ;
#4422 = CARTESIAN_POINT ( 'NONE',  ( 13.21999999999999886, 20.19999999999999574, 0.002000000000000048614 ) ) ;
#4423 = CARTESIAN_POINT ( 'NONE',  ( -22.00000000000000000, 2.400000000000009681, -2.199999999999999289 ) ) ;
#4424 = LINE ( 'NONE', #1225, #4446 ) ;
#4425 = CARTESIAN_POINT ( 'NONE',  ( 13.22000000000000242, -20.17310723678405537, -7.547425145945829250 ) ) ;
#4426 = ADVANCED_FACE ( 'NONE', ( #661 ), #3206, .F. ) ;
#4427 = CARTESIAN_POINT ( 'NONE',  ( -4.719999999999997975, 18.06666666666665932, -6.049999999999992717 ) ) ;
#4428 = VERTEX_POINT ( 'NONE', #1439 ) ;
#4429 = CARTESIAN_POINT ( 'NONE',  ( 6.223333333333329165, -20.00000000000000000, -1.199999999999999734 ) ) ;
#4430 = VERTEX_POINT ( 'NONE', #1086 ) ;
#4431 = ADVANCED_FACE ( 'NONE', ( #2809 ), #4241, .F. ) ;
#4432 = CARTESIAN_POINT ( 'NONE',  ( 6.919999999999999929, -20.00000000000000000, -6.049999999999992717 ) ) ;
#4433 = CARTESIAN_POINT ( 'NONE',  ( -13.22000000000000242, -20.06515672975467268, -6.168219924002485754 ) ) ;
#4434 = CARTESIAN_POINT ( 'NONE',  ( 6.919999999999998153, -20.16775842883299674, -7.415620339616556755 ) ) ;
#4435 = ORIENTED_EDGE ( 'NONE', *, *, #752, .F. ) ;
#4436 = CARTESIAN_POINT ( 'NONE',  ( 2.250000000000000000, 14.16955234963668886, 0.000000000000000000 ) ) ;
#4437 = VECTOR ( 'NONE', #1644, 1000.000000000000114 ) ;
#4438 = ORIENTED_EDGE ( 'NONE', *, *, #2978, .F. ) ;
#4439 = LINE ( 'NONE', #4089, #3250 ) ;
#4440 = UNCERTAINTY_MEASURE_WITH_UNIT (LENGTH_MEASURE( 1.000000000000000082E-05 ), #4477, 'distance_accuracy_value', 'NONE');
#4441 = LINE ( 'NONE', #1987, #554 ) ;
#4442 = CARTESIAN_POINT ( 'NONE',  ( -4.719999999999992646, 19.79095546287935292, -18.02047519957782029 ) ) ;
#4443 = VECTOR ( 'NONE', #2664, 1000.000000000000000 ) ;
#4444 = DIRECTION ( 'NONE',  ( 1.000000000000000000, -0.000000000000000000, -0.000000000000000000 ) ) ;
#4445 = VERTEX_POINT ( 'NONE', #89 ) ;
#4446 = VECTOR ( 'NONE', #497, 1000.000000000000000 ) ;
#4447 = EDGE_LOOP ( 'NONE', ( #3594, #4264, #2769, #2440 ) ) ;
#4448 = CARTESIAN_POINT ( 'NONE',  ( 4.719999999999997087, -20.50833333333331510, -17.23969135802470021 ) ) ;
#4449 = CARTESIAN_POINT ( 'NONE',  ( 13.21999999999999886, -20.19659494025137292, -8.387984260931428793 ) ) ;
#4450 = VECTOR ( 'NONE', #753, 1000.000000000000000 ) ;
#4451 = PLANE ( 'NONE',  #40 ) ;
#4452 = CARTESIAN_POINT ( 'NONE',  ( -12.52124819948378232, 8.211793313658755977, 0.000000000000000000 ) ) ;
#4453 = CIRCLE ( 'NONE', #4622, 3.149999999999998135 ) ;
#4454 = EDGE_CURVE ( 'NONE', #3904, #2384, #1872, .T. ) ;
#4455 = DIRECTION ( 'NONE',  ( 1.000000000000000000, 1.526172063499548279E-16, 0.000000000000000000 ) ) ;
#4456 = EDGE_CURVE ( 'NONE', #3532, #3191, #864, .T. ) ;
#4457 = CIRCLE ( 'NONE', #4141, 1.700000000000013278 ) ;
#4458 = LINE ( 'NONE', #2303, #1884 ) ;
#4459 = DIRECTION ( 'NONE',  ( 0.000000000000000000, 0.000000000000000000, -1.000000000000000000 ) ) ;
#4460 = ORIENTED_EDGE ( 'NONE', *, *, #3428, .T. ) ;
#4461 = ADVANCED_FACE ( 'NONE', ( #771 ), #3706, .T. ) ;
#4462 = CARTESIAN_POINT ( 'NONE',  ( -9.778751800516216619, 6.938206686341246154, -1.199999999999999956 ) ) ;
#4463 = ORIENTED_EDGE ( 'NONE', *, *, #921, .T. ) ;
#4464 = EDGE_LOOP ( 'NONE', ( #4471, #3569, #817, #591 ) ) ;
#4465 = EDGE_CURVE ( 'NONE', #3380, #2204, #2937, .T. ) ;
#4466 = CARTESIAN_POINT ( 'NONE',  ( -5.758948872912925232, 9.866548189055240670, -0.05000000000000000278 ) ) ;
#4467 = LINE ( 'NONE', #2269, #1392 ) ;
#4468 = DIRECTION ( 'NONE',  ( -1.802310104910968147E-16, 1.000000000000000000, 0.000000000000000000 ) ) ;
#4469 = EDGE_CURVE ( 'NONE', #4029, #2738, #4585, .T. ) ;
#4470 = CARTESIAN_POINT ( 'NONE',  ( -7.553333333333330124, 20.00000000000000000, -6.049999999999994493 ) ) ;
#4471 = ORIENTED_EDGE ( 'NONE', *, *, #3719, .F. ) ;
#4472 = VERTEX_POINT ( 'NONE', #2546 ) ;
#4473 = CARTESIAN_POINT ( 'NONE',  ( -2.899999999999999911, 14.00000000000000000, -2.849999999999992983 ) ) ;
#4474 = CARTESIAN_POINT ( 'NONE',  ( 2.899999999999999911, 14.00000000000000000, -2.849999999999992983 ) ) ;
#4475 = DIRECTION ( 'NONE',  ( 0.000000000000000000, -0.9901900901848936787, 0.1397268238372009752 ) ) ;
#4476 = FACE_BOUND ( 'NONE', #1126, .T. ) ;
#4477 =( LENGTH_UNIT ( ) NAMED_UNIT ( * ) SI_UNIT ( .MILLI., .METRE. ) );
#4478 = CARTESIAN_POINT ( 'NONE',  ( 2.900000000000000799, 20.56666666666664867, -11.71134185562410224 ) ) ;
#4479 = DIRECTION ( 'NONE',  ( 0.000000000000000000, 0.9901900901848936787, -0.1397268238372009752 ) ) ;
#4480 = VERTEX_POINT ( 'NONE', #2630 ) ;
#4481 = VECTOR ( 'NONE', #1357, 1000.000000000000000 ) ;
#4482 = EDGE_CURVE ( 'NONE', #3127, #3061, #4017, .T. ) ;
#4483 = LINE ( 'NONE', #1286, #795 ) ;
#4484 = ORIENTED_EDGE ( 'NONE', *, *, #294, .F. ) ;
#4485 = PLANE ( 'NONE',  #2889 ) ;
#4486 = FACE_OUTER_BOUND ( 'NONE', #3950, .T. ) ;
#4487 = CARTESIAN_POINT ( 'NONE',  ( -21.06666666666665932, -2.400000000000009681, 0.000000000000000000 ) ) ;
#4488 = ORIENTED_EDGE ( 'NONE', *, *, #3000, .T. ) ;
#4489 = VECTOR ( 'NONE', #3725, 1000.000000000000000 ) ;
#4490 = EDGE_CURVE ( 'NONE', #997, #2657, #3355, .T. ) ;
#4491 = DIRECTION ( 'NONE',  ( 0.000000000000000000, 0.000000000000000000, -1.000000000000000000 ) ) ;
#4492 = ORIENTED_EDGE ( 'NONE', *, *, #1631, .T. ) ;
#4493 = VERTEX_POINT ( 'NONE', #1177 ) ;
#4494 = DIRECTION ( 'NONE',  ( -1.269309860470838865E-15, -1.000000000000000000, 0.000000000000000000 ) ) ;
#4495 = CARTESIAN_POINT ( 'NONE',  ( 13.22000000000000064, -20.06371770714295266, -6.162638590050094400 ) ) ;
#4496 = CARTESIAN_POINT ( 'NONE',  ( -13.21999999999999709, -21.56666666666665932, -27.40916823960234794 ) ) ;
#4497 = ORIENTED_EDGE ( 'NONE', *, *, #2001, .T. ) ;
#4498 = DIRECTION ( 'NONE',  ( -1.269309860470839063E-15, -1.000000000000000000, 0.000000000000000000 ) ) ;
#4499 = EDGE_LOOP ( 'NONE', ( #1759, #3817, #2161, #2419, #1676, #389, #2130, #2010, #2425, #4460, #139, #2309, #1993 ) ) ;
#4500 = DIRECTION ( 'NONE',  ( 0.000000000000000000, 0.000000000000000000, 1.000000000000000000 ) ) ;
#4501 = CARTESIAN_POINT ( 'NONE',  ( -2.899999999999999911, 14.00000000000000000, -2.849999999999992983 ) ) ;
#4502 = DIRECTION ( 'NONE',  ( 0.000000000000000000, 0.000000000000000000, -1.000000000000000000 ) ) ;
#4503 = VERTEX_POINT ( 'NONE', #824 ) ;
#4504 = LINE ( 'NONE', #2404, #2354 ) ;
#4505 = ORIENTED_EDGE ( 'NONE', *, *, #235, .T. ) ;
#4506 = DIRECTION ( 'NONE',  ( 0.8170049828159858807, -0.5766306079752016034, 0.000000000000000000 ) ) ;
#4507 = ORIENTED_EDGE ( 'NONE', *, *, #2893, .T. ) ;
#4508 = ADVANCED_FACE ( 'NONE', ( #3663 ), #1894, .F. ) ;
#4509 = LINE ( 'NONE', #712, #203 ) ;
#4510 = ORIENTED_EDGE ( 'NONE', *, *, #3225, .F. ) ;
#4511 = ORIENTED_EDGE ( 'NONE', *, *, #3183, .T. ) ;
#4512 = DIRECTION ( 'NONE',  ( -3.154998743819595005E-16, 1.000000000000000000, 0.000000000000000000 ) ) ;
#4513 = ORIENTED_EDGE ( 'NONE', *, *, #36, .F. ) ;
#4514 = ORIENTED_EDGE ( 'NONE', *, *, #575, .F. ) ;
#4515 = CARTESIAN_POINT ( 'NONE',  ( -4.723784007440428034, -10.18971810567937020, 0.000000000000000000 ) ) ;
#4516 = AXIS2_PLACEMENT_3D ( 'NONE', #2879, #69, #2592 ) ;
#4517 = EDGE_CURVE ( 'NONE', #4430, #1120, #4453, .T. ) ;
#4518 = LINE ( 'NONE', #195, #2173 ) ;
#4519 = AXIS2_PLACEMENT_3D ( 'NONE', #4351, #873, #2291 ) ;
#4520 = ADVANCED_FACE ( 'NONE', ( #3967 ), #1588, .F. ) ;
#4521 = CARTESIAN_POINT ( 'NONE',  ( 11.22500000000000675, -20.19999999999999574, -9.049999999999995381 ) ) ;
#4522 = ORIENTED_EDGE ( 'NONE', *, *, #2231, .F. ) ;
#4523 = VECTOR ( 'NONE', #4567, 1000.000000000000000 ) ;
#4524 = DIRECTION ( 'NONE',  ( -1.000000000000000000, 0.000000000000000000, -0.000000000000000000 ) ) ;
#4525 = EDGE_CURVE ( 'NONE', #678, #1153, #1920, .T. ) ;
#4526 = VECTOR ( 'NONE', #2372, 1000.000000000000000 ) ;
#4527 = AXIS2_PLACEMENT_3D ( 'NONE', #1109, #2900, #2129 ) ;
#4528 = ORIENTED_EDGE ( 'NONE', *, *, #2751, .F. ) ;
#4529 = DIRECTION ( 'NONE',  ( 0.000000000000000000, 0.000000000000000000, -1.000000000000000000 ) ) ;
#4530 = LINE ( 'NONE', #2750, #2283 ) ;
#4531 = APPLICATION_PROTOCOL_DEFINITION ( 'draft international standard', 'automotive_design', 1998, #859 ) ;
#4532 = CARTESIAN_POINT ( 'NONE',  ( -13.21999999999999886, -20.19999999999999574, -9.050000000000009592 ) ) ;
#4533 = DIRECTION ( 'NONE',  ( -0.000000000000000000, -0.000000000000000000, 1.000000000000000000 ) ) ;
#4534 = AXIS2_PLACEMENT_3D ( 'NONE', #618, #2068, #3572 ) ;
#4535 = VERTEX_POINT ( 'NONE', #796 ) ;
#4536 = FACE_OUTER_BOUND ( 'NONE', #4128, .T. ) ;
#4537 = VECTOR ( 'NONE', #1903, 1000.000000000000000 ) ;
#4538 = DIRECTION ( 'NONE',  ( 1.000000000000000000, -0.000000000000000000, 0.000000000000000000 ) ) ;
#4539 = ORIENTED_EDGE ( 'NONE', *, *, #1125, .T. ) ;
#4540 = DIRECTION ( 'NONE',  ( -0.000000000000000000, -0.000000000000000000, 1.000000000000000000 ) ) ;
#4541 = EDGE_LOOP ( 'NONE', ( #4103, #1043, #3554, #1825 ) ) ;
#4542 = EDGE_LOOP ( 'NONE', ( #1911, #2064, #3353, #604, #2815, #529, #1070, #2665, #2685 ) ) ;
#4543 = DIRECTION ( 'NONE',  ( -1.000000000000000000, 0.000000000000000000, 0.000000000000000000 ) ) ;
#4544 = ORIENTED_EDGE ( 'NONE', *, *, #4454, .T. ) ;
#4545 = LINE ( 'NONE', #4473, #2139 ) ;
#4546 = LINE ( 'NONE', #4193, #1110 ) ;
#4547 = DIRECTION ( 'NONE',  ( -0.000000000000000000, -0.000000000000000000, 1.000000000000000000 ) ) ;
#4548 = VERTEX_POINT ( 'NONE', #3643 ) ;
#4549 = EDGE_CURVE ( 'NONE', #1193, #3061, #1150, .T. ) ;
#4550 = LINE ( 'NONE', #2418, #1973 ) ;
#4551 =( BOUNDED_SURFACE ( )  B_SPLINE_SURFACE ( 2, 3, ( 
 ( #782, #355, #1529, #2951 ),
 ( #329, #833, #1379, #2927 ),
 ( #3631, #2600, #2798, #1140 ) ),
 .UNSPECIFIED., .F., .F., .T. ) 
 B_SPLINE_SURFACE_WITH_KNOTS ( ( 3, 3 ),
 ( 4, 4 ),
 ( 0.000000000000000000, 1.000000000000000000 ),
 ( 0.01088666666666667816, 0.01330666666666668364 ),
 .UNSPECIFIED. ) 
 GEOMETRIC_REPRESENTATION_ITEM ( )  RATIONAL_B_SPLINE_SURFACE ( (
 ( 1.000000000000000000, 1.000000000000000000, 1.000000000000000000, 1.000000000000000000),
 ( 0.7071067811865475727, 0.7071067811865475727, 0.7071067811865475727, 0.7071067811865475727),
 ( 1.000000000000000000, 1.000000000000000000, 1.000000000000000000, 1.000000000000000000) ) ) 
 REPRESENTATION_ITEM ( '' )  SURFACE ( )  );
#4552 = ORIENTED_EDGE ( 'NONE', *, *, #2371, .T. ) ;
#4553 = DIRECTION ( 'NONE',  ( -0.000000000000000000, -0.000000000000000000, 1.000000000000000000 ) ) ;
#4554 = CARTESIAN_POINT ( 'NONE',  ( -4.719999999999998863, -21.56666666666665932, -1.800000000000000044 ) ) ;
#4555 = ADVANCED_FACE ( 'NONE', ( #136 ), #1567, .T. ) ;
#4556 = ADVANCED_FACE ( 'NONE', ( #1129 ), #421, .F. ) ;
#4557 = CARTESIAN_POINT ( 'NONE',  ( -4.719999999999998863, 20.10137124364703354, -6.463898010835930741 ) ) ;
#4558 = CARTESIAN_POINT ( 'NONE',  ( -6.920000000000000817, -20.06371770714295977, -6.162638590050087295 ) ) ;
#4559 = ORIENTED_EDGE ( 'NONE', *, *, #4398, .F. ) ;
#4560 = DIRECTION ( 'NONE',  ( 0.4841229182759275163, 0.8749999999999997780, 0.000000000000000000 ) ) ;
#4561 = CARTESIAN_POINT ( 'NONE',  ( -20.06666666666665577, -2.400000000000009681, -2.199999999999999289 ) ) ;
#4562 = CARTESIAN_POINT ( 'NONE',  ( 4.719999999999997087, -20.50833333333331510, -18.30000000000000426 ) ) ;
#4563 = ORIENTED_EDGE ( 'NONE', *, *, #4119, .F. ) ;
#4564 = CARTESIAN_POINT ( 'NONE',  ( -15.41666666666665542, -18.06666666666666288, -6.049999999999992717 ) ) ;
#4565 = ORIENTED_EDGE ( 'NONE', *, *, #3155, .F. ) ;
#4566 = ORIENTED_EDGE ( 'NONE', *, *, #3686, .F. ) ;
#4567 = DIRECTION ( 'NONE',  ( -0.000000000000000000, -0.000000000000000000, 1.000000000000000000 ) ) ;
#4568 = VERTEX_POINT ( 'NONE', #441 ) ;
#4569 = ORIENTED_EDGE ( 'NONE', *, *, #3948, .T. ) ;
#4570 = AXIS2_PLACEMENT_3D ( 'NONE', #281, #1037, #2028 ) ;
#4571 = CARTESIAN_POINT ( 'NONE',  ( -20.06666666666665577, 2.400000000000009681, -2.199999999999999289 ) ) ;
#4572 = LINE ( 'NONE', #2469, #3362 ) ;
#4573 = CARTESIAN_POINT ( 'NONE',  ( 11.22499999999999964, -19.99999999999999645, -6.049999999999995381 ) ) ;
#4574 = VERTEX_POINT ( 'NONE', #3266 ) ;
#4575 = DIRECTION ( 'NONE',  ( 0.000000000000000000, 0.000000000000000000, -1.000000000000000000 ) ) ;
#4576 = EDGE_CURVE ( 'NONE', #2609, #3863, #2918, .T. ) ;
#4577 = ORIENTED_EDGE ( 'NONE', *, *, #1917, .F. ) ;
#4578 = CARTESIAN_POINT ( 'NONE',  ( -2.899999999999999911, 14.00000000000000000, -11.71134185562410224 ) ) ;
#4579 = DIRECTION ( 'NONE',  ( 0.000000000000000000, 0.000000000000000000, -1.000000000000000000 ) ) ;
#4580 = DIRECTION ( 'NONE',  ( -0.000000000000000000, -0.000000000000000000, 1.000000000000000000 ) ) ;
#4581 = EDGE_CURVE ( 'NONE', #2549, #1377, #2027, .T. ) ;
#4582 = PLANE ( 'NONE',  #1606 ) ;
#4583 = EDGE_LOOP ( 'NONE', ( #1017, #450, #2919, #3387, #3445, #191, #3940, #436, #4327, #8, #4497, #1328, #466 ) ) ;
#4584 = LINE ( 'NONE', #4129, #3025 ) ;
#4585 = B_SPLINE_CURVE_WITH_KNOTS ( 'NONE', 3,
 ( #4365, #4345, #110, #3288 ),
 .UNSPECIFIED., .F., .F.,
 ( 4, 4 ),
 ( 0.000000000000000000, 1.000000000000000000 ),
 .UNSPECIFIED. ) ;
#4586 = CARTESIAN_POINT ( 'NONE',  ( -13.21999999999999886, -20.19999999999999574, -9.050000000000009592 ) ) ;
#4587 = DIRECTION ( 'NONE',  ( -1.000000000000000000, 9.682177540335671144E-17, 0.000000000000000000 ) ) ;
#4588 = ORIENTED_EDGE ( 'NONE', *, *, #1293, .T. ) ;
#4589 = DIRECTION ( 'NONE',  ( 0.000000000000000000, -1.000000000000000000, 0.000000000000000000 ) ) ;
#4590 = ORIENTED_EDGE ( 'NONE', *, *, #2996, .T. ) ;
#4591 = ORIENTED_EDGE ( 'NONE', *, *, #976, .F. ) ;
#4592 = CARTESIAN_POINT ( 'NONE',  ( -8.843997974534154594, -6.069504138585642750, -0.05000000000000000278 ) ) ;
#4593 = VERTEX_POINT ( 'NONE', #980 ) ;
#4594 = ORIENTED_EDGE ( 'NONE', *, *, #1631, .F. ) ;
#4595 = FACE_OUTER_BOUND ( 'NONE', #1727, .T. ) ;
#4596 = AXIS2_PLACEMENT_3D ( 'NONE', #1805, #2894, #3985 ) ;
#4597 = LINE ( 'NONE', #2849, #1360 ) ;
#4598 = CARTESIAN_POINT ( 'NONE',  ( 4.943248910074703240, -2.065781894320754208, -0.05000000000000000278 ) ) ;
#4599 = ORIENTED_EDGE ( 'NONE', *, *, #1492, .F. ) ;
#4600 = VECTOR ( 'NONE', #2618, 1000.000000000000000 ) ;
#4601 = CARTESIAN_POINT ( 'NONE',  ( 2.899999999999999911, 14.00000000000000000, -11.71134185562410224 ) ) ;
#4602 = VECTOR ( 'NONE', #2311, 1000.000000000000000 ) ;
#4603 = AXIS2_PLACEMENT_3D ( 'NONE', #342, #3192, #1071 ) ;
#4604 = EDGE_LOOP ( 'NONE', ( #3885, #3866, #4330, #2330 ) ) ;
#4605 = LINE ( 'NONE', #3504, #424 ) ;
#4606 = LINE ( 'NONE', #4005, #4235 ) ;
#4607 = VECTOR ( 'NONE', #1506, 1000.000000000000000 ) ;
#4608 = EDGE_CURVE ( 'NONE', #989, #2716, #226, .T. ) ;
#4609 = AXIS2_PLACEMENT_3D ( 'NONE', #2224, #93, #847 ) ;
#4610 = CARTESIAN_POINT ( 'NONE',  ( -4.719999999999998863, 20.13942194730198665, -6.892743297701664495 ) ) ;
#4611 = DIRECTION ( 'NONE',  ( 6.308085367188394185E-16, 6.195440985631452852E-17, 1.000000000000000000 ) ) ;
#4612 = ORIENTED_EDGE ( 'NONE', *, *, #3350, .T. ) ;
#4613 = AXIS2_PLACEMENT_3D ( 'NONE', #3147, #3876, #679 ) ;
#4614 = VECTOR ( 'NONE', #3990, 1000.000000000000000 ) ;
#4615 = CIRCLE ( 'NONE', #635, 1.218749999999997558 ) ;
#4616 = CARTESIAN_POINT ( 'NONE',  ( 15.41666666666665719, -18.06666666666666288, -6.049999999999992717 ) ) ;
#4617 = EDGE_CURVE ( 'NONE', #950, #2549, #3703, .T. ) ;
#4618 = FACE_OUTER_BOUND ( 'NONE', #2831, .T. ) ;
#4619 = CARTESIAN_POINT ( 'NONE',  ( -17.91666666666665719, -18.41666666666666430, -1.800000000000000044 ) ) ;
#4620 = VECTOR ( 'NONE', #2824, 1000.000000000000000 ) ;
#4621 = ORIENTED_EDGE ( 'NONE', *, *, #2865, .T. ) ;
#4623 = EDGE_CURVE ( 'NONE', #1753, #2915, #4081, .T. ) ;
#4622 = AXIS2_PLACEMENT_3D ( 'NONE', #153, #4038, #2964 ) ;
#4624 = DIRECTION ( 'NONE',  ( -0.000000000000000000, -0.000000000000000000, 1.000000000000000000 ) ) ;
#4625 = EDGE_LOOP ( 'NONE', ( #3275, #713, #338, #4250, #2515 ) ) ;
#4626 = ORIENTED_EDGE ( 'NONE', *, *, #629, .T. ) ;
#4627 = CARTESIAN_POINT ( 'NONE',  ( 13.21999999999999886, -19.99999999999999645, -6.049999999999994493 ) ) ;
#4628 = ORIENTED_EDGE ( 'NONE', *, *, #3497, .T. ) ;
#4629 = VECTOR ( 'NONE', #3060, 1000.000000000000000 ) ;
#4630 = ADVANCED_FACE ( 'NONE', ( #2374 ), #280, .F. ) ;
#4631 = CARTESIAN_POINT ( 'NONE',  ( 2.854303231614408798, -21.56666666666665577, -10.80000000000000426 ) ) ;
#4632 = EDGE_CURVE ( 'NONE', #1440, #2322, #1331, .T. ) ;
#4633 = LINE ( 'NONE', #1449, #3259 ) ;
#4634 = VECTOR ( 'NONE', #4624, 1000.000000000000000 ) ;
#4635 = DIRECTION ( 'NONE',  ( 1.000000000000000000, 0.000000000000000000, 0.000000000000000000 ) ) ;
#4636 = ORIENTED_EDGE ( 'NONE', *, *, #4139, .T. ) ;
#4637 = CARTESIAN_POINT ( 'NONE',  ( -4.232501089925345461, 10.18971810567936487, -0.05000000000000000278 ) ) ;
#4638 = LINE ( 'NONE', #4578, #4074 ) ;
#4639 = LINE ( 'NONE', #1861, #1547 ) ;
#4640 = AXIS2_PLACEMENT_3D ( 'NONE', #249, #3051, #4125 ) ;
ENDSEC;
END-ISO-10303-21;
